frame_ms,scenario_ms,game_ms,render_ms,gpu_ms
1.6811,0.0005,0.8225,1.4784,0.3344
21.2968,0.0011,16.1432,1.8635,0.3338
1.7634,0.0004,4.0453,1.8635,0.3338
0.8977,0.0004,1.5920,1.9051,0.3338
1.2782,0.0004,0.8452,1.2003,0.4500
1.4833,0.0005,0.9487,1.5240,0.4500
1.6762,0.0005,1.0515,1.5182,0.4422
2.3319,0.0005,1.0150,2.4480,0.4322
1.7494,0.0005,1.0839,1.7991,0.4508
1.0455,0.0005,1.0564,0.9607,0.4515
2.3696,0.0006,0.8968,2.4444,0.4426
1.6040,0.0005,0.9522,1.6793,0.4426
1.5485,0.0006,1.0749,1.5670,0.4779
1.0602,0.0004,0.9151,0.9612,0.4779
1.6740,0.0005,0.7773,1.7308,0.4447
2.2437,0.0004,0.7870,2.2735,0.3569
1.3708,0.0005,0.8506,1.3033,0.3423
1.5621,0.0004,0.9855,1.6660,0.3423
1.4074,0.0003,0.7260,1.2755,0.3449
1.6974,0.0004,0.7333,1.7912,0.3635
1.2717,0.0004,0.7793,0.9846,0.3635
1.7316,0.0005,0.7480,1.9755,0.3458
1.3431,0.0007,0.8373,1.1527,0.3720
1.5869,0.0003,0.8550,1.7917,0.3622
1.7097,0.0004,0.8425,1.6277,0.3573
1.5052,0.0004,0.8881,1.3217,0.3573
2.1071,0.0006,0.8736,2.2892,0.3300
1.6594,0.0006,0.8752,1.7372,0.3371
1.4928,0.0004,0.7918,1.4748,0.3371
1.6599,0.0004,0.7092,1.6912,0.3438
1.4571,0.0004,0.7194,1.3854,0.3482
1.6903,0.0006,0.6938,1.6937,0.3299
1.8706,0.0006,0.8056,1.7686,0.3610
1.5507,0.0005,1.0803,1.5764,0.3417
1.7407,0.0007,0.9014,1.6074,0.3456
2.1478,0.0004,0.8926,2.3335,0.3560
1.8914,0.0004,0.8311,1.9386,0.3560
1.6009,0.0003,0.7645,1.5886,0.3362
1.9255,0.0004,0.7076,1.4916,0.3402
2.0295,0.0003,0.7773,2.4347,0.3382
1.6035,0.0004,0.7698,1.5706,0.3353
1.7999,0.0004,0.7510,1.7822,0.3645
2.0396,0.0004,0.9214,2.0071,0.3647
1.1757,0.0006,1.0574,1.2292,0.3572
1.7328,0.0004,0.8239,1.4056,0.3572
2.0593,0.0004,0.7791,2.3492,0.3387
1.7163,0.0003,0.8242,1.7426,0.3424
1.6798,0.0005,0.7562,1.6576,0.3424
2.3460,0.0006,0.7547,2.2642,0.3380
1.4956,0.0005,0.8921,1.4931,0.3493
1.3301,0.0008,0.9023,1.1801,0.3493
1.6568,0.0004,0.9303,1.8333,0.3515
1.2579,0.0005,0.9089,1.2170,0.3654
1.5603,0.0004,0.7779,1.6022,0.3495
2.0276,0.0003,0.7234,2.0129,0.3464
1.7041,0.0004,0.7704,1.5212,0.3464
2.0226,0.0005,0.7617,2.2140,0.3593
1.5125,0.0005,0.7701,1.5149,0.3394
1.5771,0.0004,0.7267,1.5518,0.3394
1.4962,0.0004,0.7720,1.5235,0.3569
1.7057,0.0004,0.6758,1.6440,0.3569
1.7344,0.0004,0.7958,1.7384,0.3473
1.3129,0.0004,0.8923,1.3283,0.3424
1.2479,0.0004,0.8550,1.1016,0.3385
1.4613,0.0004,0.8975,1.4300,0.3531
1.4404,0.0005,0.8146,1.5317,0.3531
1.3570,0.0003,0.8396,1.3815,0.3509
1.3856,0.0004,0.7619,1.1552,0.3461
1.4750,0.0005,0.7378,1.4291,0.3409
1.8896,0.0004,0.7506,2.0992,0.3294
1.4874,0.0004,0.8797,1.4512,0.3387
0.9046,0.0004,0.9234,0.7918,0.3700
2.0706,0.0011,0.8804,2.1879,0.3745
1.0073,0.0005,0.9827,1.0356,0.3745
1.8622,0.0005,0.9773,1.8777,0.3508
1.2521,0.0004,0.8444,1.2966,0.3454
1.4978,0.0003,0.7246,1.5479,0.3571
1.3043,0.0004,0.6652,1.3081,0.3571
1.5652,0.0003,0.6673,1.5453,0.3503
1.2467,0.0003,0.6317,1.2584,0.3516
1.1494,0.0004,0.6181,1.1304,0.3388
1.0744,0.0004,0.7624,1.0689,0.3325
1.5383,0.0005,0.9306,1.4971,0.3504
1.0028,0.0004,0.6891,1.0204,0.3504
1.6081,0.0005,0.7487,1.4869,0.3480
2.1296,0.0006,0.7954,2.2021,0.3904
1.2325,0.0005,0.8095,1.2545,0.3904
1.6464,0.0005,0.7744,1.6725,0.3349
1.6203,0.0006,0.6531,1.2851,0.3349
1.5500,0.0005,0.7595,1.8572,0.3419
1.2475,0.0007,0.6822,0.9894,0.3392
1.4562,0.0004,0.6479,1.6186,0.3445
1.5939,0.0005,0.6257,1.5473,0.3415
1.9891,0.0007,0.6840,2.0508,0.3385
1.5800,0.0008,0.8704,1.5150,0.3385
1.7847,0.0007,1.0079,1.7900,0.3706
1.4947,0.0003,1.0932,1.5615,0.3597
1.1648,0.0005,0.8837,0.9530,0.3597
1.6457,0.0004,0.7457,1.8641,0.3416
1.4571,0.0005,0.6964,1.4728,0.3457
1.5601,0.0003,0.6970,1.5504,0.3457
1.2028,0.0006,0.6544,1.0083,0.3493
1.4122,0.0004,0.7561,1.5910,0.3592
1.9933,0.0007,0.7491,1.9316,0.3493
1.7348,0.0004,0.8224,1.6020,0.3583
1.3747,0.0005,0.9549,1.5303,0.3583
1.5625,0.0004,0.7818,1.5495,0.3601
1.8385,0.0003,0.6910,1.8348,0.3566
1.5254,0.0005,0.6765,1.5544,0.3395
1.3900,0.0004,0.6482,1.3586,0.3404
1.3914,0.0004,0.6508,1.1990,0.3515
1.4667,0.0004,0.6968,1.6009,0.3476
1.5740,0.0004,0.6738,1.5231,0.3473
1.6657,0.0005,0.6602,1.7296,0.3442
1.8349,0.0004,0.7409,1.8297,0.3472
1.5916,0.0003,0.8127,1.5857,0.3590
1.4196,0.0006,0.8388,1.2740,0.3590
1.7053,0.0005,1.3417,1.5151,0.5448
1.9416,0.0005,0.9019,2.2051,0.3554
1.3224,0.0003,0.8148,1.4230,0.3472
1.7806,0.0004,0.6997,1.6463,0.3315
2.0511,0.0006,0.7630,1.7969,0.3459
1.8647,0.0005,0.9279,2.1362,0.3392
1.6726,0.0005,0.9857,1.4401,0.3392
1.5853,0.0005,0.8481,1.6325,0.3420
1.6168,0.0008,0.7364,1.6064,0.3535
2.2108,0.0005,0.7392,2.3704,0.3557
1.5083,0.0005,0.8844,1.5579,0.3602
1.9709,0.0007,0.8226,1.9663,0.3433
1.3971,0.0003,0.7708,1.4425,0.3433
1.6565,0.0003,0.7490,1.6317,0.3362
1.3539,0.0005,0.6674,1.3106,0.3362
1.9772,0.0003,0.7633,1.9764,0.3446
1.3098,0.0004,0.8452,1.2599,0.3446
1.9424,0.0003,0.6655,2.0171,0.3515
1.6104,0.0005,0.6378,1.0385,0.3582
1.4077,0.0004,1.0010,1.7257,0.3582
1.9904,0.0005,0.8595,2.2023,0.3511
1.3177,0.0005,0.8267,1.3174,0.3492
1.4800,0.0005,0.6988,1.2521,0.3374
1.3602,0.0004,0.7546,1.6055,0.3552
1.4550,0.0003,0.6356,1.4314,0.3552
1.9659,0.0003,0.7790,1.9753,0.3444
1.1607,0.0003,0.6448,1.0118,0.3444
1.1771,0.0002,0.6013,1.3303,0.3559
1.7920,0.0003,0.6125,1.7575,0.3496
1.7880,0.0003,0.6228,1.4531,0.3480
1.3822,0.0004,1.0104,1.6977,0.3480
1.6371,0.0003,0.7319,1.6286,0.3828
1.6212,0.0003,0.6338,1.6352,0.3406
1.3040,0.0003,0.6162,0.9064,0.3499
1.5554,0.0004,0.7342,1.9287,0.3475
1.3794,0.0003,0.6867,1.3868,0.3529
1.3018,0.0003,0.6715,1.1522,0.3529
2.3306,0.0004,0.6366,2.4425,0.3484
1.2290,0.0005,0.6649,1.0863,0.3484
1.9846,0.0008,0.7404,2.0833,0.3528
1.2473,0.0006,0.7019,1.1109,0.3528
2.2536,0.0005,0.7894,2.3636,0.3765
1.3705,0.0003,0.7758,1.4161,0.3568
1.6288,0.0003,0.6965,1.4924,0.3568
2.0231,0.0003,0.6386,2.1310,0.3382
1.5575,0.0003,0.6773,1.5619,0.3538
1.3045,0.0003,0.6789,1.3145,0.3447
1.4541,0.0003,0.6527,1.4368,0.3473
1.3790,0.0003,0.6298,1.3984,0.3473
1.8764,0.0004,0.6050,1.7822,0.3437
1.9223,0.0005,0.5572,1.7121,0.3426
1.4595,0.0005,1.1217,1.5649,0.9771
1.3341,0.0006,0.8523,1.3010,0.3672
1.5795,0.0006,0.7222,1.5363,0.3522
1.5281,0.0005,0.9880,1.5673,0.3652
1.7871,0.0008,0.7916,1.9408,0.3654
1.2746,0.0003,0.7137,1.3009,0.3654
1.1585,0.0003,0.7036,1.0117,0.3548
1.2050,0.0004,0.6553,1.3485,0.3529
1.1492,0.0005,0.5940,1.1375,0.3647
1.4917,0.0004,0.6459,1.4919,0.3548
1.5759,0.0004,0.6694,1.5220,0.3477
1.1286,0.0004,0.7414,1.1417,0.3477
1.3320,0.0004,0.8507,1.0516,0.3962
1.7653,0.0004,0.7474,1.7587,0.3643
1.3175,0.0004,0.6825,1.6146,0.3500
1.3433,0.0003,0.6762,1.1748,0.3525
1.2891,0.0003,0.7208,1.4681,0.3541
1.2033,0.0004,0.6046,1.1813,0.3541
1.2451,0.0003,0.5824,1.2762,0.3484
1.6806,0.0004,0.5733,1.6512,0.3548
0.7357,0.0003,0.5900,0.7377,0.3548
1.3102,0.0005,0.6053,1.1779,0.3562
1.7183,0.0003,0.5985,1.8412,0.3532
1.4403,0.0004,0.5926,1.3801,0.3665
1.5237,0.0003,0.7517,1.5357,0.5184
1.2471,0.0004,0.7521,0.9260,0.5184
1.6655,0.0003,0.7739,1.8219,0.3414
1.7266,0.0003,0.6860,1.8805,0.3677
1.2638,0.0003,0.6692,1.0241,0.3677
1.7992,0.0004,0.6512,2.0334,0.3500
1.3719,0.0003,0.6540,1.3625,0.3484
0.9554,0.0004,0.6604,0.9727,0.3484
1.6339,0.0004,0.6312,1.6108,0.3442
1.1297,0.0003,0.6580,1.1224,0.3391
1.4502,0.0003,0.6165,1.4568,0.3587
1.1128,0.0006,0.6590,0.9531,0.3587
1.8085,0.0005,0.7925,1.8188,0.3889
1.8076,0.0004,0.8096,1.9135,0.3446
1.3955,0.0004,0.7037,1.4181,0.3527
1.0480,0.0003,0.6495,1.0619,0.3527
1.5462,0.0004,0.6987,1.4991,0.3444
0.8219,0.0004,0.7302,0.7231,0.3444
1.5659,0.0003,0.6337,1.6210,0.3693
1.6755,0.0003,0.6115,1.7378,0.3671
1.1389,0.0003,0.6219,1.1433,0.3431
1.3930,0.0003,0.6190,1.1401,0.3487
1.4823,0.0003,0.7641,1.7028,0.3487
1.8791,0.0004,0.6580,1.7795,0.3828
1.2944,0.0006,0.8079,1.3659,0.3436
1.1186,0.0005,0.7322,1.0995,0.3436
2.2285,0.0005,0.6654,2.2003,0.3403
0.8786,0.0003,0.6877,0.9352,0.3403
1.6286,0.0003,0.6092,1.6070,0.3479
1.9133,0.0004,0.5870,1.8847,0.3500
1.2862,0.0003,0.6830,1.2646,0.3428
1.0577,0.0004,0.6891,1.0594,0.3428
1.5701,0.0003,0.6328,1.5729,0.3509
1.1438,0.0004,0.6273,1.1325,0.3509
1.5700,0.0009,0.6602,1.4717,0.3505
1.5174,0.0007,1.1250,1.3256,0.5755
1.9335,0.0005,1.1024,2.1681,0.3623
1.2200,0.0003,0.6975,1.2515,0.3381
0.9675,0.0003,0.6559,0.7585,0.3381
1.6326,0.0003,0.6263,1.7525,0.3450
1.8812,0.0003,0.5872,1.9231,0.3509
1.6251,0.0003,0.5679,1.6491,0.3470
1.0765,0.0003,0.5970,0.9310,0.3305
1.6403,0.0003,0.6054,1.7916,0.3426
1.2031,0.0003,0.5752,1.1896,0.3585
1.0568,0.0004,0.6160,1.0034,0.3585
1.9897,0.0004,0.9987,1.9365,0.3647
1.5162,0.0003,0.7842,1.5708,0.3657
1.3565,0.0004,0.7096,1.3752,0.3564
1.4545,0.0006,0.6637,1.3073,0.3610
0.8088,0.0003,0.7925,0.8364,0.3610
1.2682,0.0004,0.6201,1.2686,0.3437
1.5043,0.0004,0.6543,1.4214,0.3562
1.6808,0.0004,0.6651,1.8587,0.3479
1.9702,0.0003,0.6945,1.9493,0.3545
1.0701,0.0004,0.6313,1.0931,0.3462
1.7043,0.0003,0.6280,1.6833,0.3495
1.5675,0.0004,0.6490,1.5003,0.3661
1.5979,0.0003,0.8632,1.6098,0.3820
1.2153,0.0003,0.7723,1.2489,0.3520
1.4965,0.0003,0.7010,1.4956,0.3520
1.4782,0.0004,0.6206,1.2899,0.3380
1.6632,0.0004,0.6554,1.8250,0.3551
1.1390,0.0004,0.6714,1.1676,0.3551
1.4230,0.0003,0.6631,1.3919,0.3414
1.4774,0.0004,0.6287,1.4875,0.3456
1.7156,0.0003,0.6497,1.5488,0.3549
2.0184,0.0008,0.8929,1.8255,0.3538
1.5899,0.0016,1.3708,1.5540,0.3538
2.1018,0.0008,1.1371,2.3833,0.3715
1.2623,0.0004,0.9455,1.3344,0.3715
1.3878,0.0006,0.7264,1.3885,0.3571
1.3602,0.0003,0.6662,1.2399,0.3424
1.9140,0.0003,0.6723,1.9889,0.3348
1.7640,0.0003,0.6262,1.6122,0.3335
1.8172,0.0005,0.6919,1.9044,0.3312
1.5049,0.0003,0.9517,1.5598,0.3312
1.4039,0.0003,0.7080,1.4182,0.3391
1.3583,0.0004,0.6493,1.1617,0.3391
1.7248,0.0003,0.7301,1.8915,0.3575
1.5468,0.0003,0.7607,1.4328,0.3575
1.2699,0.0003,0.6989,1.3905,0.3404
1.4405,0.0003,0.6624,1.3893,0.3518
1.7073,0.0004,0.6214,1.7444,0.3532
1.3584,0.0003,0.6857,1.3827,0.3635
1.4312,0.0005,0.6245,1.4182,0.3635
1.5316,0.0004,0.6658,1.3225,0.3538
1.8730,0.0003,0.6697,2.0342,0.3372
1.4008,0.0003,0.6444,1.2800,0.3372
1.7412,0.0008,0.7561,1.5539,0.3360
1.2577,0.0003,0.9350,1.2978,0.3424
1.5063,0.0003,0.7527,1.7579,0.3775
1.8689,0.0004,0.6517,1.8612,0.3516
1.1220,0.0004,0.6818,1.1295,0.3516
1.6518,0.0004,0.6573,1.6528,0.3466
1.7766,0.0004,0.6281,1.4111,0.3402
2.0546,0.0004,0.8361,2.3637,0.3637
1.3489,0.0004,0.7834,1.1779,0.3637
1.8041,0.0003,0.6948,1.9911,0.3572
1.9299,0.0004,0.6442,1.8635,0.3460
1.1677,0.0005,0.7738,1.0005,0.3460
1.4285,0.0004,0.8265,1.5681,0.3669
1.7074,0.0003,0.7145,1.7808,0.3628
1.0616,0.0005,0.6637,1.0674,0.3683
1.2047,0.0004,0.6589,1.1984,0.3683
1.3010,0.0003,0.6300,1.3174,0.3437
1.2049,0.0005,0.6128,1.0101,0.3437
1.8895,0.0003,0.7788,2.0301,0.3480
1.4966,0.0005,0.6935,1.4785,0.3348
1.2462,0.0005,0.6791,1.2927,0.3406
1.2465,0.0005,0.6020,1.2253,0.3424
1.1728,0.0004,0.6307,1.1887,0.3424
1.3756,0.0003,0.6095,1.3266,0.3640
1.6170,0.0004,0.6746,1.6347,0.3769
1.1043,0.0004,0.7101,0.9378,0.3769
1.2761,0.0004,0.6401,1.2912,0.3528
1.6208,0.0004,0.6042,1.7841,0.3455
1.2430,0.0005,0.6778,1.1100,0.3622
1.5524,0.0003,0.9999,1.6642,0.3623
1.5461,0.0004,0.6493,1.2208,0.3505
0.9546,0.0003,0.7801,1.2803,0.3505
1.4384,0.0004,0.6329,1.2653,0.3548
1.7477,0.0003,0.6288,1.8990,0.3537
1.3273,0.0004,0.6461,1.2880,0.3581
1.9089,0.0004,0.7128,1.8704,0.3859
1.2089,0.0004,0.8218,1.2495,0.3573
1.2239,0.0003,0.7319,1.2478,0.3662
1.3416,0.0004,0.6217,1.3292,0.3559
1.1243,0.0004,0.6329,1.0838,0.3466
1.6384,0.0004,0.7246,1.6440,0.3466
2.2750,0.0004,0.8191,2.2420,0.3554
0.8093,0.0003,0.8171,0.8353,0.3554
1.6028,0.0005,0.6860,1.5930,0.3399
1.7960,0.0006,0.6415,1.7726,0.3767
1.4808,0.0005,0.7056,1.4214,0.3533
1.2008,0.0004,0.8025,0.9353,0.3533
1.5605,0.0003,0.7871,1.6467,0.3801
2.0135,0.0003,0.7029,2.2437,0.3508
0.9201,0.0003,0.6953,0.9141,0.3508
1.4602,0.0004,0.6076,1.2746,0.3590
1.2815,0.0003,0.7579,1.2688,0.3590
1.7307,0.0003,0.6661,1.9121,0.3340
1.1259,0.0003,0.6427,1.1535,0.3366
1.1300,0.0004,0.6053,1.1189,0.3475
1.3435,0.0003,0.5843,1.3327,0.3581
0.8792,0.0003,0.6013,0.8769,0.3581
1.4217,0.0004,0.5691,1.2366,0.3506
2.0442,0.0006,0.5891,2.1170,0.3700
1.4850,0.0003,0.8268,1.5169,0.3800
1.2414,0.0004,0.8579,1.2941,0.3519
1.1819,0.0003,0.6976,1.0439,0.3519
1.5243,0.0005,0.6400,1.6514,0.3466
1.8276,0.0004,0.6264,1.8063,0.3484
1.0730,0.0003,0.7891,0.8843,0.3484
1.7561,0.0003,0.8449,1.9448,0.3312
1.2429,0.0005,0.7167,1.0865,0.3405
1.4583,0.0004,0.8164,1.4427,0.3405
1.5664,0.0004,0.6306,1.4495,0.3521
1.4728,0.0004,0.7628,1.6496,0.3521
1.3943,0.0003,0.7224,1.2930,0.3630
1.4165,0.0004,0.7639,1.4029,0.3606
1.5947,0.0003,0.8393,1.7739,0.3707
1.5235,0.0005,0.7026,1.4141,0.3707
1.1348,0.0004,0.8777,1.1302,0.3480
1.4882,0.0003,0.7893,1.4553,0.3370
1.2274,0.0003,0.7936,1.2797,0.3370
1.6469,0.0003,0.6271,1.6997,0.3522
0.9830,0.0003,0.6926,0.8262,0.3522
1.1709,0.0003,0.7548,1.3618,0.3289
1.0880,0.0004,0.5960,1.0048,0.3289
1.3914,0.0003,0.6195,1.3560,0.3539
1.6682,0.0006,0.7067,1.6716,0.3581
1.5605,0.0004,0.8404,1.4911,0.3562
1.8654,0.0004,0.7717,1.9811,0.3502
0.9314,0.0003,1.0423,0.9664,0.3502
1.1883,0.0003,0.6688,1.0759,0.3561
1.4095,0.0003,0.6536,1.4732,0.3403
1.2570,0.0004,0.7389,1.1387,0.3546
0.9454,0.0003,0.8758,1.1236,0.3546
1.3645,0.0004,0.5754,1.3192,0.3379
1.1376,0.0003,0.8348,1.1047,0.3578
1.3213,0.0003,0.8650,1.3762,0.3493
1.0303,0.0003,0.5657,1.0265,0.3493
1.7191,0.0005,0.5764,1.0934,0.3476
1.0798,0.0004,1.1510,1.5311,0.3351
1.6247,0.0003,0.7025,1.6212,0.3587
1.2961,0.0004,0.8811,1.4239,0.3620
1.1665,0.0003,0.8064,1.1570,0.3620
1.2078,0.0004,0.6133,1.1502,0.3461
1.2106,0.0003,0.6678,1.2886,0.3648
1.1548,0.0003,0.6265,1.0254,0.3648
1.5828,0.0003,0.6155,1.4047,0.3460
1.1216,0.0003,0.8359,1.3470,0.3460
1.3839,0.0004,0.6545,1.2284,0.3438
1.3985,0.0005,0.6338,1.4046,0.3380
1.4430,0.0005,0.6853,1.5488,0.3350
1.1708,0.0006,0.6373,1.1286,0.3350
1.5491,0.0008,0.7975,1.5117,0.5253
2.1463,0.0005,0.8755,2.2312,0.3731
1.2883,0.0167,0.9284,1.1777,0.3353
1.1354,0.0004,1.0161,1.0759,0.3353
1.3642,0.0005,0.8836,1.5877,0.3623
1.7195,0.0004,0.6243,1.5429,0.3541
1.1529,0.0004,0.8376,1.1957,0.3512
1.0184,0.0004,1.1191,0.8036,0.3512
1.4671,0.0004,0.8968,1.5820,0.3401
1.1965,0.0004,0.9386,1.2772,0.3401
1.9007,0.0003,0.7171,1.9833,0.3427
1.3840,0.0004,0.6891,1.3712,0.3427
2.0389,0.0004,0.8379,2.0285,0.3413
1.4241,0.0004,0.7810,1.4567,0.3413
1.7397,0.0003,0.6623,1.2615,0.3418
1.7823,0.0003,0.7814,2.1773,0.3450
1.0578,0.0003,0.8042,0.9575,0.3508
1.1073,0.0003,0.7605,1.2411,0.3508
1.4217,0.0003,0.6128,1.4716,0.3594
1.8035,0.0003,0.5869,1.6847,0.3437
1.1428,0.0003,0.6952,1.2312,0.3437
1.1970,0.0003,0.5953,1.1064,0.3499
1.6900,0.0005,0.8064,1.6062,0.3641
1.8982,0.0003,0.9729,2.0199,0.3901
1.4999,0.0004,0.8603,1.2609,0.3901
1.2065,0.0003,0.7609,1.3177,0.3457
1.5369,0.0004,0.7227,1.6509,0.3447
1.7365,0.0003,0.6463,1.6706,0.3609
1.4133,0.0003,0.7297,1.5280,0.3609
1.3903,0.0004,0.6044,1.2192,0.3491
1.2466,0.0004,0.9151,1.1374,0.3524
1.4229,0.0004,0.7476,1.6741,0.3578
1.1668,0.0004,0.6259,1.0015,0.3578
2.0428,0.0004,0.6379,2.0947,0.3502
1.9471,0.0006,0.8117,1.8865,0.3468
1.1429,0.0004,0.9088,1.2136,0.3457
1.0451,0.0005,0.8458,1.0764,0.3457
1.4568,0.0005,0.7557,1.2974,0.3662
1.9372,0.0004,0.6467,2.0251,0.3380
1.2593,0.0005,0.7546,1.1723,0.3380
1.3992,0.0004,0.7838,1.5900,0.3491
1.7755,0.0004,0.6527,1.7275,0.3429
1.1498,0.0003,0.6565,1.1775,0.3501
1.1279,0.0003,0.6545,0.9326,0.3573
1.3886,0.0005,0.8414,1.3847,0.3573
2.3084,0.0005,1.1254,2.4036,0.3706
1.2718,0.0003,1.0355,0.8275,0.3541
0.8911,0.0003,1.1602,1.3795,0.3541
1.4512,0.0004,0.6278,1.4559,0.3541
1.1172,0.0004,0.7521,0.9852,0.3541
1.0597,0.0003,1.0398,1.0900,0.3467
1.1071,0.0003,0.9064,1.0599,0.3559
1.6579,0.0003,0.6097,1.8131,0.3649
1.0842,0.0003,0.6012,1.0729,0.3649
1.4315,0.0003,0.5750,1.1333,0.3375
0.9329,0.0003,0.7796,1.2500,0.3375
1.2965,0.0004,0.7105,1.1192,0.3400
1.3172,0.0005,0.6917,1.4284,0.3450
1.2404,0.0005,0.7088,1.2548,0.3704
1.3304,0.0005,1.0009,1.2166,0.5488
1.2841,0.0003,0.8993,1.4042,0.3598
1.2788,0.0004,0.6296,1.2807,0.3413
1.3891,0.0003,0.6499,1.0316,0.3543
1.2510,0.0003,0.7837,1.3501,0.3543
1.2027,0.0004,0.7391,1.3208,0.3494
1.1840,0.0004,0.7457,1.3153,0.3494
1.2748,0.0004,0.5956,1.1124,0.3565
1.2246,0.0004,0.6130,1.3626,0.3537
1.2663,0.0006,0.6501,1.2113,0.3537
1.8263,0.0003,0.7233,1.8227,0.3752
1.4243,0.0006,0.6902,1.0514,0.3752
1.8451,0.0004,0.8667,2.1610,0.3778
1.2919,0.0004,0.9893,0.9757,0.3571
0.9814,0.0004,1.1579,1.3717,0.3571
1.4498,0.0004,0.6294,1.4311,0.3497
1.2484,0.0003,0.6221,1.2435,0.3483
1.2551,0.0003,0.6437,1.2488,0.3483
1.2441,0.0003,0.7913,1.2536,0.3564
1.4425,0.0005,0.5942,1.2482,0.3456
1.5790,0.0005,0.6485,1.5142,0.3473
1.4579,0.0004,0.8238,1.4331,0.3488
1.1117,0.0003,0.7863,1.2930,0.3488
1.8900,0.0006,0.6624,1.6840,0.3553
1.3842,0.0007,0.7952,1.6149,0.3603
1.5931,0.0004,0.8062,1.2761,0.3430
1.5720,0.0004,0.8257,1.9023,0.3505
1.2220,0.0003,0.6782,1.2478,0.3628
1.3043,0.0003,0.6240,1.2567,0.3527
1.1638,0.0003,0.6065,1.2079,0.3534
1.2741,0.0005,0.5875,1.1523,0.3359
0.9950,0.0003,0.6904,0.9888,0.3359
1.4572,0.0006,0.5980,1.5574,0.3548
1.3308,0.0004,0.5918,1.1022,0.3554
0.8649,0.0004,0.7645,1.1014,0.3554
1.4681,0.0004,0.8142,1.4413,0.3585
1.1186,0.0005,0.7077,1.1022,0.3679
1.5980,0.0005,1.0031,1.4930,0.3634
1.3499,0.0005,0.8282,1.4195,0.3791
1.4341,0.0005,0.8999,1.4451,0.3650
1.2259,0.0004,0.8045,1.1017,0.3500
1.2665,0.0003,0.9296,1.4024,0.3587
1.4814,0.0004,0.6795,1.4857,0.3430
1.1286,0.0003,0.7289,1.1061,0.3430
1.4820,0.0003,0.6706,1.4577,0.3477
1.2736,0.0004,0.9668,1.1777,0.3335
1.5182,0.0003,0.6670,1.4907,0.3667
1.0970,0.0005,0.7894,1.1297,0.3667
1.1834,0.0004,0.8930,1.2231,0.3469
1.4553,0.0005,0.7548,1.3556,0.3640
1.4582,0.0004,0.7729,1.5480,0.3857
1.3380,0.0004,0.9862,1.2192,0.3478
1.0030,0.0003,0.9410,1.1697,0.3478
1.6792,0.0004,0.7458,1.6554,0.3645
1.0699,0.0003,0.8226,0.7721,0.3510
1.0944,0.0004,0.8253,1.3836,0.3510
1.2167,0.0003,1.0527,1.1547,0.3437
1.1948,0.0003,0.6471,1.2824,0.3615
1.2527,0.0004,0.6050,1.0900,0.3463
1.2913,0.0003,0.6484,1.4425,0.3391
1.6093,0.0003,0.6269,1.5530,0.3462
0.9760,0.0003,0.7243,0.9480,0.3462
1.4050,0.0004,0.7885,1.4024,0.3490
1.5692,0.0003,1.0801,1.3414,0.3688
1.1459,0.0003,0.9962,1.3865,0.3688
1.1326,0.0003,0.8226,1.0550,0.3412
1.3474,0.0003,0.6125,1.3465,0.3844
1.0287,0.0004,0.6702,1.1083,0.3734
1.4461,0.0005,0.6294,1.1404,0.3589
1.3892,0.0004,0.8988,1.4727,0.3427
1.5683,0.0005,0.9046,1.7735,0.3427
1.2509,0.0003,0.6150,1.1197,0.3517
1.8699,0.0003,0.6041,1.9955,0.3335
1.1280,0.0004,0.6039,0.9784,0.3335
2.0943,0.0004,0.6907,2.1882,0.3725
1.4567,0.0003,0.8018,1.4773,0.3725
1.3306,0.0004,0.8726,1.0930,0.3403
1.1403,0.0003,0.9616,1.2620,0.3676
1.3333,0.0004,1.0013,1.2057,0.3439
1.5319,0.0003,0.7881,1.6586,0.3439
1.2684,0.0004,0.8526,1.3432,0.3393
1.6496,0.0003,0.9690,1.6764,0.3393
1.3250,0.0004,0.6233,1.3278,0.3424
1.9560,0.0003,0.6419,1.7914,0.3542
0.9046,0.0168,0.9137,0.9967,0.3542
1.2649,0.0004,0.9198,1.1845,0.3505
2.0180,0.0004,0.7549,2.0796,0.4014
1.3112,0.0005,0.9303,1.3516,0.3527
1.2720,0.0006,0.9301,1.0729,0.3488
1.2642,0.0005,1.0125,1.4441,0.3488
1.2853,0.0004,0.7110,1.2592,0.5300
1.4656,0.0004,0.6947,1.4966,0.3540
1.1099,0.0003,0.7578,0.9172,0.3540
1.3739,0.0003,0.7934,1.5694,0.3411
1.2392,0.0004,0.6191,1.2523,0.3406
1.4600,0.0003,0.6181,1.2416,0.3313
1.0378,0.0003,0.8045,1.2385,0.3313
1.3554,0.0004,0.6024,1.1875,0.3519
1.5974,0.0003,0.7189,1.6185,0.3468
1.1674,0.0004,0.8039,1.2962,0.3752
1.6207,0.0004,0.6707,1.6293,0.3354
1.3169,0.0003,0.6607,1.2164,0.3581
1.0433,0.0003,0.9674,1.0341,0.3581
1.4843,0.0003,0.7885,1.5785,0.3483
1.1264,0.0003,0.6510,1.0808,0.3656
1.3062,0.0003,0.8111,1.2132,0.3617
1.2672,0.0003,0.6455,1.3157,0.3567
1.2136,0.0003,0.7635,1.2185,0.3512
1.4715,0.0003,0.5863,1.5234,0.3487
0.9600,0.0003,0.6580,0.9121,0.3487
1.3530,0.0003,0.6464,1.3818,0.3465
1.4105,0.0003,0.9932,1.3062,0.3506
1.9520,0.0004,0.8517,1.6924,0.3534
1.5242,0.0004,0.9210,1.7140,0.3534
1.8625,0.0004,0.7126,2.0082,0.3475
0.8293,0.0003,0.6876,0.7700,0.3475
1.2714,0.0003,0.7131,1.3515,0.3503
1.2237,0.0003,0.9035,1.2230,0.3609
1.2263,0.0003,0.7075,1.0465,0.3609
1.5818,0.0003,0.7787,1.6802,0.3403
1.2086,0.0003,0.8645,0.9950,0.3403
1.5392,0.0003,0.8917,1.5091,0.3336
1.4105,0.0004,0.8551,1.6712,0.3336
1.4500,0.0003,0.7745,1.3982,0.3869
1.2708,0.0004,1.1616,1.2419,0.3459
1.2334,0.0003,1.1074,1.3405,0.3418
1.2510,0.0003,0.6747,1.1239,0.3418
1.3352,0.0005,0.6222,1.4610,0.3531
1.4871,0.0003,0.6520,1.4916,0.3621
1.0492,0.0003,0.7362,0.9896,0.3621
1.7107,0.0003,1.0209,1.7483,0.3365
1.7334,0.0005,0.7229,1.6241,0.3609
1.6379,0.0007,0.7320,1.4785,0.3609
1.8378,0.0007,1.0677,1.6363,0.3480
2.3115,0.0286,1.0860,2.5823,0.3805
1.0895,0.0003,1.1027,1.0827,0.3683
1.3211,0.0004,0.9027,1.4956,0.3561
1.1968,0.0003,0.8221,0.9722,0.3561
1.4320,0.0003,0.7101,1.5212,0.3429
1.2549,0.0003,0.9307,1.3972,0.3429
1.3690,0.0004,0.5862,1.1332,0.3541
1.5689,0.0003,0.6114,1.4537,0.3424
1.1809,0.0004,0.9909,1.5086,0.3424
1.3903,0.0003,0.6529,1.1881,0.3498
1.4563,0.0003,0.5869,1.4554,0.3566
1.2090,0.0004,0.7172,1.2339,0.3566
1.8132,0.0004,0.6850,1.8766,0.3552
1.2344,0.0003,0.7936,1.2771,0.9672
1.3337,0.0004,0.7444,1.3471,0.3551
1.2776,0.0003,0.6970,1.1150,0.3556
1.6612,0.0004,0.7308,1.4601,0.3404
1.1409,0.0004,0.9248,1.2292,0.3383
1.2554,0.0004,1.0300,1.5293,0.3636
1.0743,0.0004,0.6041,0.9655,0.3636
1.2750,0.0003,0.6256,1.2443,0.3597
1.3022,0.0003,0.6239,1.4268,0.3368
1.5127,0.0004,0.6066,1.3496,0.3584
1.0282,0.0004,0.8538,1.1592,0.3584
1.9705,0.0007,0.9699,1.8376,0.5274
1.3564,0.0005,1.1965,1.4187,0.3793
1.2992,0.0003,0.8831,1.3378,0.3461
1.2837,0.0004,0.7190,1.3029,0.3619
1.0775,0.0003,0.6746,1.0952,0.3619
1.5507,0.0004,0.5945,1.3383,0.3506
1.1663,0.0004,0.7979,1.2465,0.3599
1.2450,0.0003,0.8867,1.1080,0.3599
1.6951,0.0003,0.6430,1.9081,0.3559
1.2230,0.0004,0.6494,1.2359,0.3533
1.0383,0.0003,0.7026,0.8399,0.3533
1.5426,0.0003,0.9909,1.6530,0.3473
1.4834,0.0004,0.6693,1.4937,0.3509
1.4666,0.0005,0.8080,1.5205,0.4019
1.3026,0.0004,1.4132,1.2767,0.3938
1.9325,0.0003,0.6580,1.9525,0.3506
0.9686,0.0003,0.6976,0.9795,0.3506
1.7470,0.0003,0.8602,1.6857,0.3416
1.5258,0.0004,0.5723,1.5398,0.3491
1.3787,0.0004,0.6644,1.3086,0.3532
0.9224,0.0003,0.8373,1.0300,0.3546
1.7130,0.0003,0.5826,1.6972,0.3606
1.4731,0.0004,0.6069,1.3173,0.3606
1.9576,0.0003,0.6566,1.9841,0.5458
1.5445,0.0003,0.7027,1.6168,0.3661
1.7005,0.0003,0.7680,1.6585,0.3533
1.6853,0.0004,0.7855,1.6841,0.3519
1.7876,0.0004,0.8441,1.7130,0.3574
1.0217,0.0003,0.8831,0.9031,0.3574
1.3684,0.0004,0.6702,1.5440,0.3507
1.3596,0.0004,0.6858,1.2902,0.3536
1.6444,0.0003,0.7206,1.7690,0.3376
1.4415,0.0004,0.6985,1.4196,0.3352
1.8023,0.0004,0.6787,1.7446,0.3399
1.3983,0.0003,0.7159,1.4257,0.3399
1.4359,0.0004,0.7529,1.3179,0.3503
1.4024,0.0003,0.8075,1.3293,0.3812
1.5147,0.0004,0.9123,1.7276,0.3632
1.2488,0.0003,0.7812,1.2473,0.3535
1.3228,0.0003,0.7022,1.1296,0.3535
1.3112,0.0005,0.6562,1.4552,0.3436
1.3135,0.0004,0.6478,1.3500,0.3431
1.1802,0.0005,0.6436,1.0366,0.3602
1.3011,0.0004,0.7954,1.4055,0.3602
1.3416,0.0004,0.7750,1.0474,0.3595
1.0087,0.0002,0.8880,1.2999,0.3595
1.2761,0.0004,0.8681,1.2919,0.3558
1.9744,0.0006,0.7664,1.8688,0.3549
1.5375,0.0005,0.8745,1.5923,0.3963
1.2647,0.0005,0.8198,1.2903,0.3443
1.1639,0.0003,0.8967,0.9976,0.3443
1.3116,0.0003,0.6446,1.3206,0.3392
2.1140,0.0003,0.6107,2.1553,0.3611
0.9487,0.0003,0.6954,1.0566,0.3611
1.1358,0.0003,0.6732,1.1329,0.3450
1.6789,0.0004,0.7332,1.3219,0.3522
1.2120,0.0003,1.3056,1.2254,0.3522
1.7214,0.0003,0.6894,2.0409,0.3527
1.2706,0.0004,0.5640,1.2590,0.3415
1.5324,0.0004,0.5851,1.4866,0.3551
1.6875,0.0003,0.7251,1.7116,0.3607
1.1507,0.0003,0.6334,1.0434,0.3465
1.5600,0.0004,0.6590,1.3598,0.3488
1.3898,0.0004,0.6521,1.6950,0.3550
1.1440,0.0003,0.6727,1.1031,0.3467
1.9132,0.0005,0.6557,1.7484,0.3676
0.8560,0.0005,0.8879,0.8611,0.3676
1.7393,0.0003,0.7027,1.8850,0.3418
1.1442,0.0003,0.6395,0.9947,0.3418
1.3764,0.0003,0.6801,1.4671,0.3431
1.2434,0.0004,0.8939,1.1362,0.3349
1.6819,0.0004,0.7614,1.7872,0.3344
1.4377,0.0006,0.7969,1.2696,0.3662
1.5922,0.0003,0.8420,1.8170,0.3615
1.1661,0.0004,0.6214,1.1595,0.3354
1.1303,0.0004,0.5975,1.0821,0.3478
1.4469,0.0005,0.6761,1.2707,0.3598
2.0623,0.0005,0.8029,2.2069,0.3433
1.3921,0.0004,0.8320,1.4252,0.3433
1.5836,0.0199,0.7729,1.4889,0.3661
1.7908,0.0004,0.8319,1.3662,0.3329
1.4124,0.0004,0.9100,1.8497,0.3329
2.0637,0.0004,1.0354,1.8369,0.3617
1.3636,0.0003,0.9958,1.5302,0.3776
1.3864,0.0003,0.8210,1.4054,0.3486
1.2896,0.0004,0.7831,1.0316,0.3410
1.6189,0.0003,0.7334,1.9608,0.3410
1.3578,0.0003,0.6551,1.3791,0.3702
1.1309,0.0003,0.6385,1.0266,0.3702
1.2999,0.0003,0.6051,1.3134,0.3419
1.1608,0.0004,0.7554,1.2328,0.3387
1.3535,0.0003,0.7242,1.2289,0.3488
1.0388,0.0003,0.6969,1.1467,0.3488
1.7086,0.0004,0.6346,1.3817,0.3512
1.6468,0.0004,0.7605,1.8825,0.3413
1.7086,0.0004,0.8833,1.6032,0.3590
1.4015,0.0003,0.9053,1.4298,0.3538
1.0717,0.0003,0.8017,1.2173,0.3538
1.6528,0.0004,0.6153,1.6050,0.3651
1.2834,0.0003,1.0038,1.2512,0.3651
1.6161,0.0004,0.9839,1.4129,0.3664
1.6561,0.0003,0.8540,1.8712,0.3424
1.5195,0.0007,0.8670,1.5049,0.3438
1.5721,0.0005,0.7795,1.4503,0.3444
1.3672,0.0008,0.8745,1.3691,0.3444
2.6183,0.0007,1.1411,2.6710,0.5397
1.5364,0.0004,0.9397,1.5711,0.3455
1.4785,0.0005,1.1751,0.9521,0.3616
1.2278,0.0003,1.5299,1.4146,0.3479
1.4366,0.0003,1.0901,1.4948,0.3479
2.1356,0.0003,0.8629,2.3587,0.3332
1.3370,0.0004,0.8089,1.3666,0.3332
2.0682,0.0003,0.8047,1.9559,0.3456
1.4801,0.0004,1.0119,1.5124,0.3394
1.2359,0.0003,0.8733,1.3111,0.3515
1.4795,0.0006,1.1956,1.4285,0.3515
1.6176,0.0003,0.8742,1.3273,0.3840
1.4077,0.0011,0.9729,1.7270,0.3466
1.3709,0.0003,0.9161,1.2746,0.3432
1.6111,0.0004,0.7279,1.6624,0.3565
1.9025,0.0003,0.7446,1.9645,0.3605
1.4937,0.0004,0.7512,1.5041,0.3493
1.5596,0.0004,0.7799,1.5240,0.3383
1.8078,0.0004,0.8679,1.7743,0.3465
1.1289,0.0006,0.8423,1.0028,0.3465
2.0125,0.0005,0.8624,1.6761,0.3696
1.7567,0.0006,1.1826,2.1892,0.3567
2.1306,0.0006,0.9377,2.0225,0.3357
1.4930,0.0007,0.9921,1.4042,0.3357
2.0926,0.0004,0.8891,2.2555,0.3461
1.5199,0.0004,0.9227,1.5146,0.3504
1.9819,0.0004,0.9109,1.8762,0.3459
1.5529,0.0005,0.9432,1.6774,0.3459
1.4343,0.0008,0.8424,1.3432,0.3419
1.5846,0.0011,0.7732,1.6029,0.3559
2.2874,0.0010,0.8241,2.2190,0.3534
1.5053,0.0006,1.0949,1.4888,0.3534
1.8781,0.0006,0.9835,1.9836,0.3514
1.4828,0.0007,0.8825,1.5180,0.3514
1.8533,0.0007,0.8074,1.8332,0.3426
1.2513,0.0008,0.7540,0.9717,0.3550
1.7162,0.0005,0.9972,2.0095,0.3471
1.2145,0.0005,0.7316,1.1837,0.3471
1.6059,0.0005,0.7577,1.5552,0.3512
1.7778,0.0006,0.8722,1.6055,0.3283
2.1566,0.0007,1.1546,1.9286,0.3283
1.4142,0.0005,1.4465,1.6822,0.5709
2.1340,0.0007,0.9975,2.1888,0.3464
1.7191,0.0005,1.0676,1.7171,0.3498
1.9735,0.0005,0.9916,1.9887,0.3509
1.4770,0.0006,0.9687,1.5761,0.3477
1.5962,0.0005,0.9763,1.4838,0.3508
1.6340,0.0004,0.8505,1.4748,0.3508
1.9720,0.0006,1.0419,2.1565,0.3410
1.0967,0.0005,1.0157,0.8920,0.3410
2.0531,0.0004,0.8902,1.9423,0.3544
1.7229,0.0003,1.1135,2.0386,0.3544
1.5347,0.0004,1.0379,1.4769,0.3574
1.6212,0.0004,0.9144,1.6814,0.3378
1.3462,0.0003,1.1682,1.1183,0.3532
1.5192,0.0003,0.9888,1.7492,0.3434
1.6988,0.0004,0.7077,1.4863,0.3428
1.4971,0.0004,1.0479,1.7089,0.3534
1.4158,0.0004,0.8831,1.3481,0.3534
2.1804,0.0004,0.7158,2.2050,0.3401
1.3130,0.0005,1.0491,1.1676,0.3546
1.8333,0.0005,1.0453,1.9822,0.3890
1.2893,0.0004,1.0630,1.0104,0.3890
1.2803,0.0005,0.8854,1.3649,0.3555
1.8948,0.0006,0.8563,1.9686,0.3454
1.6092,0.0007,1.2360,1.4575,0.3454
1.9030,0.0003,0.8806,2.1746,0.3424
1.0708,0.0004,0.8900,0.9984,0.3424
1.7732,0.0004,0.7377,1.5853,0.3633
1.6357,0.0005,0.7519,1.8792,0.3611
1.6930,0.0007,0.7638,1.1950,0.3611
1.8136,0.0004,1.1134,2.2484,0.3535
1.1278,0.0005,0.9239,1.1727,0.3535
1.5478,0.0004,0.7754,1.4143,0.3537
1.4725,0.0004,0.6598,1.5995,0.3359
1.5934,0.0006,0.7179,1.4823,0.3448
1.7630,0.0003,1.0239,1.8327,0.3490
1.8548,0.0003,0.9256,1.7843,0.3553
1.3201,0.0004,0.8131,1.3930,0.3553
1.7025,0.0004,1.0220,1.6201,0.3602
1.4706,0.0004,0.9445,1.3169,0.3432
1.5623,0.0008,0.8910,1.7273,0.3398
1.6743,0.0007,0.8205,1.6332,0.3850
1.3689,0.0006,0.8506,1.4553,0.3828
1.4409,0.0004,0.7670,1.2612,0.3534
1.1011,0.0004,1.0523,1.1269,0.3534
1.4727,0.0005,0.6883,1.4712,0.3360
1.1672,0.0005,0.8400,1.3026,0.3513
1.0132,0.0005,0.7570,0.8698,0.3513
1.5512,0.0004,0.7226,1.6409,0.3342
1.6366,0.0004,0.7754,1.5970,0.3420
1.4347,0.0004,0.7119,1.4510,0.3466
1.7895,0.0008,0.6908,1.6230,0.3519
2.0474,0.0011,0.9979,1.7988,0.3634
1.2970,0.0011,1.4259,0.9075,0.3689
0.8455,0.0003,1.2801,1.2041,0.3380
1.6768,0.0003,0.6953,1.9380,0.3681
1.2905,0.0004,0.7443,1.0815,0.3681
2.1956,0.0005,0.8522,2.2933,0.3558
1.2914,0.0009,1.2580,1.1827,0.3672
1.2440,0.0005,1.0931,1.3483,0.3672
2.1103,0.0006,0.8085,2.1412,0.3485
0.9583,0.0004,0.8166,0.9995,0.3485
1.4475,0.0004,0.7681,1.1612,0.3643
1.4822,0.0004,0.7572,1.7457,0.3419
1.7136,0.0004,0.7346,1.3625,0.3466
1.3877,0.0004,0.9107,1.7367,0.3466
1.5350,0.0004,0.7916,1.4309,0.3439
1.2567,0.0004,0.9234,1.1708,0.3523
1.5945,0.0005,0.9014,1.6361,0.3407
1.4955,0.0005,0.8374,1.4245,0.3407
1.5491,0.0005,1.0345,1.4399,0.3474
1.4033,0.0004,1.2907,1.5584,0.3474
1.7094,0.0005,0.7233,1.5143,0.3372
1.3657,0.0006,0.9740,1.4896,0.3612
1.2796,0.0005,0.9867,1.2762,0.3612
1.6359,0.0005,1.5143,1.6534,0.3593
1.2752,0.0004,1.2162,1.4625,0.3593
1.3117,0.0004,0.8307,1.1350,0.3524
1.2942,0.0003,1.0908,1.4559,0.3524
1.8980,0.0003,0.6594,1.8399,0.3493
1.4623,0.0006,0.8409,1.3598,0.3340
1.1912,0.0004,1.0369,1.2724,0.3340
1.0144,0.0003,1.2216,1.1029,0.3493
1.5309,0.0003,0.7195,1.4394,0.3499
1.2061,0.0004,0.7342,1.1789,0.3499
1.4810,0.0005,0.8338,1.5857,0.3485
2.0080,0.0006,0.8858,1.8719,0.5438
1.4745,0.0005,0.8969,1.5447,0.3579
1.1933,0.0006,0.8488,1.2257,0.3579
1.3638,0.0003,0.7177,1.2466,0.3458
1.3475,0.0004,0.7205,1.4384,0.3504
1.5184,0.0006,0.8812,1.3869,0.3482
1.8016,0.0006,1.1916,1.8337,0.3635
1.7122,0.0004,0.7782,1.8046,0.3572
1.5757,0.0003,0.7187,1.5642,0.3390
1.1536,0.0004,0.8769,0.9245,0.3390
1.2160,0.0005,1.0278,1.4370,0.3428
1.5417,0.0010,0.7187,1.2404,0.3471
1.6652,0.0006,0.8734,1.7613,0.5227
1.6809,0.0007,1.4663,1.8226,0.3799
1.4013,0.0008,0.8614,1.1314,0.3309
1.4020,0.0005,1.0606,1.6837,0.3309
1.4001,0.0005,0.7300,1.2847,0.3491
1.4452,0.0004,0.8632,1.5351,0.3341
1.7094,0.0006,0.8793,1.6989,0.3383
1.1501,0.0004,1.0878,1.2032,0.3426
1.3598,0.0007,0.7548,1.2838,0.3426
1.4510,0.0003,0.8856,1.3711,0.3515
1.4449,0.0004,0.7872,1.4676,0.3493
1.7695,0.0004,0.9896,1.4903,0.3711
1.6527,0.0003,0.8736,1.8090,0.5208
1.5962,0.0005,0.8443,1.6430,0.3436
1.2610,0.0005,1.1626,1.2717,0.3431
1.6443,0.0004,1.0655,1.4636,0.3451
1.5720,0.0004,0.8349,1.8877,0.3700
1.0840,0.0004,0.6938,0.8145,0.3635
1.6913,0.0005,0.7678,1.6501,0.3508
1.0471,0.0003,0.9420,1.3133,0.3508
1.3095,0.0008,0.9316,1.3421,0.3327
1.3917,0.0004,0.7400,1.1621,0.3327
1.8319,0.0004,0.7715,1.9626,0.3712
1.6336,0.0004,0.9525,1.6671,0.3871
1.5703,0.0004,0.8624,1.3389,0.3871
1.6281,0.0005,0.9532,1.8619,0.3476
1.3538,0.0004,0.8455,1.3155,0.3616
2.0288,0.0003,0.9512,1.9478,0.3529
1.2335,0.0003,0.9510,1.3478,0.3283
1.3956,0.0004,0.7355,1.2985,0.3443
1.1390,0.0003,0.9112,0.9563,0.3443
1.5236,0.0003,0.9587,1.8019,0.3469
1.5501,0.0004,0.6896,1.4854,0.3373
2.1194,0.0005,0.7983,2.0124,0.3501
1.6331,0.0005,1.0524,1.7287,0.3441
2.0123,0.0006,0.9465,1.8589,0.3463
1.0466,0.0006,1.0354,1.1661,0.3463
1.8293,0.0006,0.9104,1.7989,0.3467
1.6015,0.0004,1.0902,1.5622,0.3445
1.1066,0.0003,0.9064,1.0676,0.3445
1.7907,0.0003,0.7637,1.7580,0.3531
1.8613,0.0004,0.7184,1.9005,0.3428
1.4883,0.0003,0.8747,1.3153,0.3418
1.5486,0.0007,0.9901,1.5671,0.3418
2.1195,0.0008,1.2648,2.2205,0.3942
1.4955,0.0006,1.0702,1.6145,0.3649
1.0965,0.0007,0.8174,1.0237,0.3649
1.6652,0.0006,0.7838,1.5656,0.3611
1.1636,0.0006,0.9041,1.2140,0.3611
1.3477,0.0004,0.7434,1.5027,0.3430
1.3568,0.0006,0.7033,1.3568,0.3575
1.9372,0.0005,0.8637,1.9108,0.3471
1.0770,0.0003,0.8478,1.1052,0.3471
1.5975,0.0006,0.8381,1.0101,0.3425
1.6418,0.0004,1.0130,1.9728,0.3425
1.7727,0.0005,0.9153,1.7142,0.3746
1.7212,0.0004,1.0288,1.8826,0.3380
1.4769,0.0003,0.8977,1.5557,0.3551
0.9237,0.0003,0.7436,0.8827,0.3551
1.5650,0.0004,0.7161,1.4603,0.3567
1.5984,0.0005,0.9926,1.7275,0.3500
0.9036,0.0005,0.8833,0.8207,0.3500
1.5802,0.0004,0.7234,1.4174,0.3669
2.0925,0.0004,0.8153,2.1489,0.3502
1.2067,0.0004,0.9341,0.8757,0.3448
1.2782,0.0006,1.1504,1.5404,0.3448
2.0169,0.0008,1.2859,2.1869,0.3402
1.8328,0.0014,1.0200,1.6219,0.3475
1.3358,0.0009,1.0640,1.3915,0.3512
1.2546,0.0007,0.8936,1.3757,0.3512
1.4503,0.0004,0.7049,1.5286,0.3392
1.3575,0.0004,0.7837,1.1624,0.3515
1.1598,0.0003,1.3421,1.2224,0.3515
2.0674,0.0005,0.8739,2.1324,0.3600
1.2439,0.0005,0.8982,0.8746,0.3609
1.7669,0.0008,1.1289,2.0890,0.3333
0.9800,0.0006,0.8166,0.8021,0.3333
1.5837,0.0006,0.8202,1.7926,0.3631
1.2301,0.0006,0.8298,1.2552,0.3772
1.5232,0.0006,0.7875,1.5331,0.3683
1.0877,0.0006,0.7709,1.0572,0.3365
1.4488,0.0004,0.7202,1.4843,0.3388
1.2553,0.0004,0.7447,1.2318,0.3420
1.6237,0.0003,0.7010,1.3650,0.3400
1.5204,0.0005,0.6694,1.4811,0.3384
1.1665,0.0005,0.8265,1.4245,0.3422
1.8724,0.0007,1.0309,1.6249,0.3658
1.9201,0.0005,0.8868,2.1820,0.3422
1.3476,0.0006,0.7484,1.0756,0.3670
2.0722,0.0004,1.0528,2.2444,0.3817
1.3020,0.0003,1.2215,1.3951,0.3654
1.6066,0.0003,0.8035,1.1829,0.3428
1.6277,0.0003,1.0594,1.9149,0.3428
1.7326,0.0006,0.9953,1.6903,0.3469
1.3134,0.0004,0.9747,1.2967,0.3480
1.5193,0.0004,0.8461,1.6274,0.3378
1.6614,0.0007,0.8691,1.6458,0.3371
1.9457,0.0005,0.8286,1.9408,0.3477
1.7280,0.0004,0.9066,1.6549,0.5325
1.3525,0.0006,0.9442,1.2931,0.5325
2.4792,0.0006,0.8793,2.4701,0.3558
1.4379,0.0003,1.0744,1.5449,0.3625
1.1308,0.0003,0.8313,1.1688,0.3625
1.7314,0.0005,0.6955,1.3814,0.3446
1.3832,0.0003,0.8353,1.6698,0.3485
1.0737,0.0005,0.9043,1.0590,0.3485
1.7111,0.0004,0.9630,1.7464,0.3512
1.0762,0.0003,0.8167,0.8054,0.3512
2.0093,0.0007,0.8457,2.2370,0.3527
1.5737,0.0007,0.8244,1.5432,0.3527
1.5460,0.0006,1.0018,1.5801,0.3712
1.2904,0.0007,0.9307,0.9674,0.3401
1.7436,0.0005,0.7840,1.7596,0.3400
1.6179,0.0004,0.9262,1.8563,0.3400
1.8742,0.0003,0.9374,1.9815,0.3591
1.1977,0.0004,0.7702,0.9766,0.3591
1.8083,0.0007,0.7263,1.9059,0.3486
1.2961,0.0005,0.9029,1.4068,0.3624
1.4149,0.0003,0.8536,1.2317,0.3419
1.5761,0.0004,0.7137,1.5465,0.3420
1.5723,0.0005,1.1065,1.7259,0.3488
1.5036,0.0004,1.0537,1.3702,0.3615
1.6096,0.0004,0.7805,1.5482,0.3369
1.8987,0.0005,0.9736,2.0872,0.3525
0.9910,0.0004,0.7724,0.8179,0.3525
1.4043,0.0005,0.7972,1.6052,0.3536
1.6500,0.0006,0.7086,1.4662,0.3691
1.5810,0.0005,1.2142,1.4108,0.3572
1.3637,0.0005,0.9065,1.6820,0.3572
2.1679,0.0006,0.8717,1.9543,0.3445
1.4902,0.0004,0.9856,1.6698,0.3379
1.5617,0.0003,1.0152,1.5357,0.3700
1.4551,0.0005,0.9652,1.4643,0.3700
1.7811,0.0004,0.9358,1.7414,0.3426
1.7516,0.0006,0.8027,1.5846,0.3339
1.6168,0.0006,0.9325,1.4697,0.3481
1.7797,0.0003,0.8115,1.8117,0.3443
2.1877,0.0004,0.9701,2.4255,0.3445
1.5990,0.0005,1.0609,1.6102,0.3424
0.9601,0.0004,0.8076,1.0249,0.3424
1.9081,0.0004,0.7487,1.8608,0.3848
1.6517,0.0004,0.7959,1.6677,0.3601
1.0710,0.0004,0.8842,0.9708,0.3601
2.0497,0.0005,0.7860,2.1454,0.3561
1.4540,0.0006,0.7433,1.4692,0.3455
1.5526,0.0005,0.7225,1.2438,0.3455
2.1721,0.0004,0.8711,2.4498,0.3423
1.7199,0.0004,0.9204,1.7161,0.3532
1.3680,0.0003,0.6768,1.4051,0.3355
1.5044,0.0004,0.6462,1.4851,0.3355
1.3671,0.0004,0.6636,1.3530,0.3574
1.0848,0.0006,0.7103,1.0490,0.3430
2.0331,0.0006,0.7614,1.9934,0.3717
1.4551,0.0007,0.9073,1.4781,0.3717
1.5801,0.0003,0.7791,1.5961,0.3343
1.4391,0.0004,0.7448,1.3031,0.4233
1.9784,0.0004,0.8625,2.0796,0.3393
1.5064,0.0004,0.7467,1.4954,0.3446
1.4582,0.0004,0.7478,1.4698,0.3419
1.4856,0.0003,0.7246,1.3837,0.3439
1.6086,0.0003,0.9452,1.7001,0.3582
1.2269,0.0004,0.9185,0.8697,0.3582
2.2581,0.0005,0.7900,2.5599,0.3509
1.7399,0.0004,0.8653,1.6307,0.3435
1.3250,0.0004,0.9504,1.3711,0.3527
1.1367,0.0006,0.8524,1.0937,0.3527
1.6672,0.0005,0.9008,1.4774,0.3576
2.2793,0.0006,1.4512,2.4702,0.3437
0.8638,0.0005,1.0339,0.9109,0.3437
1.4346,0.0004,0.7728,1.4100,0.3547
1.4417,0.0004,1.0970,1.2011,0.3360
1.5430,0.0004,1.1266,1.8196,0.3360
1.4892,0.0007,0.9276,1.4418,0.3440
2.0875,0.0005,1.0136,1.6306,0.3594
1.9453,0.0006,0.9127,2.3533,0.3824
1.5804,0.0005,0.9367,1.5341,0.3365
2.0339,0.0005,0.7981,2.0792,0.3448
1.4113,0.0006,0.8424,1.5058,0.3448
1.8948,0.0005,0.7387,1.7302,0.3368
1.6991,0.0004,0.7857,1.8205,0.3329
1.5032,0.0003,0.9053,1.1458,0.3531
1.7341,0.0003,0.7109,1.8305,0.3373
1.8790,0.0005,0.6437,2.1247,0.3633
1.8306,0.0005,0.8199,1.5530,0.3581
1.3702,0.0004,1.1365,1.6494,0.3581
1.5886,0.0004,0.8259,1.3278,0.3402
1.7578,0.0004,0.9126,2.0230,0.3425
1.7308,0.0004,0.7658,1.7292,0.3455
1.2851,0.0005,0.7757,1.1589,0.3339
1.5275,0.0005,0.8889,1.6569,0.3402
1.3322,0.0004,0.6845,1.3377,0.3402
1.9293,0.0004,0.6297,1.9179,0.3614
1.7549,0.0005,0.6697,1.3130,0.3457
1.7876,0.0005,0.8952,2.1134,0.4001
1.4443,0.0004,1.1224,1.3195,0.3521
1.7041,0.0004,1.1198,1.7342,0.3596
1.4290,0.0004,0.9751,1.5250,0.3596
1.7865,0.0005,1.1397,1.6924,0.3512
1.7618,0.0003,1.0495,1.6126,0.3431
1.7315,0.0003,0.9093,2.0013,0.3348
1.3284,0.0004,0.8413,1.3289,0.3450
1.6770,0.0004,0.7962,1.6079,0.3479
1.9911,0.0007,0.9821,1.9720,0.3479
1.9085,0.0005,1.6351,1.9293,0.3672
1.5449,0.0005,0.9182,1.5917,0.3560
1.6457,0.0004,0.8986,1.6338,0.3463
1.8174,0.0004,0.7472,1.7972,0.3420
1.5459,0.0005,0.7775,1.4540,0.3420
1.6955,0.0003,0.7901,1.7699,0.3440
1.8326,0.0006,0.8224,1.6158,0.3552
1.5225,0.0006,1.1430,1.6034,0.3361
0.9572,0.0005,1.0581,1.1319,0.3361
2.0281,0.0007,0.7307,1.7651,0.3412
2.2534,0.0007,1.0919,2.2487,0.3664
1.7651,0.0006,1.3538,1.9181,0.3521
1.2633,0.0007,1.0095,1.0193,0.3521
1.7737,0.0006,0.9132,1.9984,0.3431
1.8570,0.0005,0.9195,1.8852,0.3393
2.1594,0.0006,0.9145,2.1173,0.3424
1.2697,0.0009,0.9262,1.3003,0.3644
2.2105,0.0006,0.8644,2.1031,0.3507
2.1654,0.0007,1.0505,2.1280,0.3677
1.6903,0.0008,1.2944,1.4451,0.3794
1.8093,0.0009,1.3179,2.1090,0.3794
1.9494,0.0006,1.0342,1.7417,0.3668
1.5307,0.0006,1.1371,1.5567,0.3355
1.9713,0.0008,1.1039,2.0761,0.3426
1.5130,0.0007,1.1110,1.5709,0.3426
1.7567,0.0007,1.0490,1.6382,0.3480
1.8800,0.0009,1.0994,1.8397,0.3411
2.7302,0.0008,1.2466,2.6265,0.3471
1.8180,0.0010,1.9729,1.9818,0.3758
1.5782,0.0010,1.4970,1.4709,0.3758
2.0288,0.0008,1.3019,1.7778,0.3392
1.8834,0.0009,1.2063,2.1437,0.3349
1.3591,0.0004,1.4179,1.1992,0.3349
2.3278,0.0006,1.3089,2.5916,0.3514
1.4349,0.0006,1.0822,1.4742,0.3514
1.6638,0.0008,1.2423,1.4945,0.3482
2.0980,0.0008,1.1776,2.2167,0.3482
1.6402,0.0008,1.2238,1.5958,0.3549
2.2989,0.0007,0.9945,1.9443,0.3594
1.4856,0.0005,1.2552,1.7568,0.3558
1.9942,0.0004,1.2342,2.0462,0.3355
1.7996,0.0005,0.9929,1.7882,0.3472
1.6558,0.0004,1.1370,1.6774,0.3518
1.6858,0.0004,1.0551,1.6708,0.3547
1.8112,0.0008,0.9059,1.8598,0.3539
1.6015,0.0009,1.0741,1.5772,0.3407
1.6570,0.0010,0.9409,1.6182,0.3407
1.6917,0.0008,1.1193,1.7324,0.3506
1.9617,0.0007,1.0073,1.8541,0.3407
1.6989,0.0004,0.9598,1.6969,0.3407
1.5195,0.0004,0.9761,1.6521,0.3372
1.5637,0.0003,1.0879,1.5702,0.3476
1.7704,0.0005,0.7885,1.4965,0.3476
1.6158,0.0005,0.8422,1.7093,0.3559
1.8755,0.0003,0.8020,1.6302,0.3456
1.8219,0.0004,0.8038,2.0076,0.3519
2.6040,0.0013,1.0025,2.5966,0.3956
1.2454,0.0003,1.7517,1.4459,0.3453
1.5418,0.0006,0.8433,1.4331,0.3393
1.3751,0.0004,0.9031,1.4032,0.3393
1.8530,0.0006,1.0108,1.8956,0.3413
2.0952,0.0006,1.2601,2.0425,0.3379
1.6402,0.0005,0.9907,1.3967,0.3379
1.7370,0.0006,1.1247,1.9448,0.3447
1.5508,0.0004,0.8924,1.6323,0.3447
1.7431,0.0004,0.7862,1.5573,0.3517
1.7547,0.0004,0.8664,1.8622,0.3812
1.9438,0.0004,0.9132,1.8791,0.3517
1.5283,0.0004,0.9080,1.0718,0.3256
1.5793,0.0003,1.0439,2.1590,0.3256
1.5857,0.0004,0.8554,1.3968,0.3445
1.7172,0.0003,0.7266,1.8967,0.3362
1.4883,0.0003,0.7883,1.3023,0.3447
1.7639,0.0007,0.8633,1.6228,0.3624
1.7351,0.0006,0.8721,1.6125,0.3455
1.7201,0.0004,1.2702,2.0979,0.3455
1.5105,0.0004,0.9209,1.3582,0.3756
1.9326,0.0005,0.7489,1.6135,0.3572
1.4370,0.0007,0.8725,1.8766,0.3424
1.7117,0.0004,1.0474,1.7469,0.3534
1.2089,0.0004,0.7438,1.1225,0.3534
1.6658,0.0004,0.7859,1.7279,0.3375
1.3181,0.0003,0.9247,1.1799,0.3264
1.3357,0.0004,0.9458,1.4859,0.3570
1.5617,0.0004,0.8341,1.5395,0.3384
1.6327,0.0006,0.7773,1.5203,0.3698
1.4062,0.0004,0.9289,1.4897,0.3643
1.7446,0.0003,0.8497,1.6076,0.3633
1.1900,0.0005,0.9987,1.1550,0.3633
1.4357,0.0005,1.0921,1.6036,0.3465
1.4851,0.0005,1.1246,1.4832,0.3591
1.9396,0.0003,1.2090,1.8398,0.3423
0.9851,0.0005,1.1010,0.9521,0.3423
1.5394,0.0003,0.8072,1.6912,0.3386
1.7715,0.0003,0.6472,1.4740,0.3386
1.2629,0.0003,0.6775,1.5485,0.3479
1.3515,0.0003,0.6391,1.2030,0.3325
1.7374,0.0005,0.6091,1.8240,0.3501
1.6265,0.0007,0.8354,1.4640,0.3797
1.7666,0.0006,0.9355,1.6475,0.3803
1.6641,0.0006,0.9536,1.6995,0.3346
1.7984,0.0004,0.7529,2.0476,0.3392
1.4684,0.0004,0.7751,1.1486,0.3392
1.6030,0.0004,1.0749,1.6404,0.3536
1.5530,0.0004,0.8486,1.5225,0.3589
1.6344,0.0004,1.0053,1.6505,0.3589
1.6972,0.0003,0.7854,1.6536,0.3639
2.3508,0.0160,1.1191,2.1752,0.3749
1.0064,0.0005,1.6852,1.1416,0.3987
1.4689,0.0004,0.8647,1.7330,0.3464
1.3498,0.0003,0.7254,1.0835,0.3464
2.0750,0.0004,0.7082,2.2704,0.3492
1.3170,0.0003,0.8957,1.2325,0.3492
1.8405,0.0003,0.8106,1.9402,0.3396
1.3450,0.0005,1.0318,1.4534,0.3553
1.4488,0.0004,0.8943,1.2615,0.3553
1.9124,0.0003,0.7011,1.5269,0.3284
2.1176,0.0006,0.8945,2.5460,0.3284
1.7163,0.0005,1.2240,1.7963,0.3667
1.4213,0.0005,1.1547,1.4075,0.3737
2.0350,0.0005,0.9136,2.0353,0.3353
1.6579,0.0003,0.8054,1.6264,0.3353
1.5729,0.0005,0.7881,1.6220,0.3379
1.2485,0.0003,0.7942,1.1143,0.3379
1.7225,0.0006,0.7576,1.8493,0.3381
1.6111,0.0004,0.6257,1.5017,0.3370
1.2960,0.0003,0.9439,1.3971,0.3370
1.6709,0.0006,0.6913,1.2463,0.3508
1.7638,0.0005,0.9595,2.1081,0.3489
1.4076,0.0005,0.9264,1.4327,0.3640
1.2554,0.0004,1.1898,1.1458,0.3640
1.5997,0.0004,0.7664,1.4130,0.3445
1.3477,0.0004,1.1389,1.4990,0.3445
1.7787,0.0004,0.9985,1.8446,0.3527
1.2956,0.0005,0.7729,1.3475,0.3431
1.2097,0.0004,0.7890,1.2012,0.3431
1.2244,0.0006,0.7326,1.0159,0.3329
1.1842,0.0004,0.9471,1.3969,0.3329
1.4615,0.0003,0.7826,1.3027,0.3402
1.9716,0.0006,0.7652,2.0391,0.3502
1.5422,0.0006,1.3317,1.2616,0.3811
1.4851,0.0005,1.2913,1.7873,0.3575
1.6318,0.0005,0.8726,1.6396,0.3485
1.2328,0.0005,0.8413,1.1165,0.3485
1.5375,0.0004,1.0051,1.5427,0.3378
2.3577,0.0004,0.7640,2.3944,0.3489
0.9210,0.0003,0.8431,1.0351,0.3342
1.2865,0.0003,0.7740,1.2338,0.3342
1.5955,0.0004,0.7731,1.3378,0.3408
1.3337,0.0004,1.0486,1.4841,0.3408
1.9062,0.0005,0.9894,1.9260,0.3348
1.2998,0.0005,1.1240,1.2206,0.4013
1.8103,0.0004,0.9854,1.8917,0.3938
1.8444,0.0004,1.3496,1.8885,0.3657
1.3003,0.0004,1.0275,1.1103,0.3364
1.3554,0.0003,0.9083,1.2480,0.3424
1.1669,0.0003,0.8926,1.3939,0.3424
1.5410,0.0003,0.8378,1.6282,0.3509
1.4909,0.0005,0.6682,1.3916,0.3580
1.9295,0.0004,0.6947,2.0193,0.3356
1.5050,0.0003,0.7332,1.1548,0.3403
1.9372,0.0011,0.7863,1.8859,0.3514
1.4968,0.0003,0.9039,1.6732,0.3703
1.6910,0.0003,0.9740,1.8722,0.3370
1.6220,0.0004,0.8767,1.5624,0.3370
1.5503,0.0003,1.0043,1.4652,0.3378
1.3487,0.0003,0.9111,1.4887,0.3378
1.6805,0.0003,0.7559,1.6772,0.3367
1.5199,0.0004,0.7054,1.5265,0.3488
1.2197,0.0004,0.7084,1.0250,0.3488
2.1476,0.0008,0.7480,2.2137,0.3539
1.8515,0.0006,1.1389,1.6770,0.3404
1.9365,0.0005,1.2916,2.0704,0.3830
2.1553,0.0003,0.9392,2.1230,0.3534
1.1157,0.0004,1.0921,0.8882,0.3459
1.5963,0.0005,0.9707,1.4409,0.3459
2.0435,0.0005,0.8323,2.5592,0.3316
1.1227,0.0003,0.7904,1.1602,0.3316
1.2549,0.0005,0.7425,0.9705,0.3624
1.7865,0.0005,0.8221,2.0099,0.3351
1.2491,0.0004,0.9711,1.2770,0.3351
1.6591,0.0004,0.9436,1.6240,0.3947
1.4574,0.0003,0.7962,1.2866,0.3947
1.2522,0.0004,1.0181,1.2720,0.3628
1.8046,0.0003,0.8104,1.6342,0.3567
1.7468,0.0004,0.8040,2.0763,0.3394
1.7310,0.0003,0.8049,1.7097,0.3441
1.6297,0.0003,0.8968,1.4823,0.3629
1.3304,0.0004,0.8694,1.4051,0.3548
1.1485,0.0002,0.7561,1.1708,0.3548
1.8404,0.0004,0.7215,1.6600,0.3476
2.2462,0.0005,0.8126,2.3034,0.3509
1.5045,0.0004,1.1335,0.8607,0.3856
1.4101,0.0004,1.3032,1.2887,0.3399
1.0672,0.0003,1.4544,1.3516,0.3399
1.0373,0.0004,0.9990,1.4381,0.3351
1.7401,0.0004,0.6524,1.3816,0.3372
1.7766,0.0004,0.6981,1.7882,0.3509
1.7327,0.0005,0.8796,1.9001,0.3391
1.4254,0.0004,1.0924,1.4314,0.3451
1.3566,0.0006,0.9385,1.3759,0.3451
1.5462,0.0006,1.2170,1.5452,0.3506
1.8710,0.0004,1.2576,1.9434,0.3614
1.4635,0.0004,0.8148,1.4210,0.3606
1.6384,0.0004,0.9291,1.2959,0.3606
1.3334,0.0003,1.3551,1.6007,0.3567
1.6112,0.0004,0.9406,1.4740,0.3443
1.3952,0.0004,0.8382,1.4295,0.3458
2.0483,0.0005,0.8305,2.2311,0.3350
1.1506,0.0006,0.9793,1.0604,0.3350
2.0841,0.0006,0.9697,2.1786,0.3491
1.3258,0.0007,0.7878,1.2858,0.3491
1.4654,0.0004,0.9453,1.3357,0.3595
1.4419,0.0004,1.0248,1.6050,0.3435
1.9092,0.0007,0.9924,1.8367,0.3533
1.7037,0.0011,0.8480,1.6435,0.3521
1.3278,0.0008,0.9270,1.4236,0.3521
1.9000,0.0009,0.7951,1.8390,0.3373
1.5404,0.0005,0.9119,1.3016,0.3373
1.4779,0.0004,1.0600,1.5476,0.3448
1.2477,0.0004,0.8890,1.3218,0.3408
1.7446,0.0005,0.7720,1.8870,0.3506
1.3387,0.0003,0.6960,1.3392,0.3433
0.9845,0.0003,0.7138,0.9182,0.3433
1.6041,0.0005,0.6554,1.5434,0.3583
1.4475,0.0004,0.8247,1.5134,0.3820
1.6898,0.0003,1.2230,1.6965,0.3781
2.1334,0.0004,0.7558,1.9956,0.3515
0.8664,0.0004,1.1808,0.8621,0.3515
1.5226,0.0004,0.8140,1.6778,0.3617
1.6257,0.0005,0.8095,1.4632,0.3637
1.5055,0.0004,0.8621,1.6065,0.3440
1.3234,0.0006,0.8249,1.1136,0.3515
1.7787,0.0007,0.8949,2.0219,0.3571
1.4956,0.0006,0.7384,1.2445,0.3483
1.6605,0.0006,0.8925,1.5034,0.3483
1.4903,0.0007,1.0320,1.8316,0.3707
1.7487,0.0006,1.2683,1.7288,0.3502
1.4616,0.0005,0.8588,1.4416,0.3551
1.3410,0.0005,0.8736,1.3057,0.3551
1.3308,0.0005,1.0274,1.4363,0.3567
1.3282,0.0004,0.9602,1.1663,0.3552
1.5201,0.0005,0.7448,1.3719,0.3485
1.1984,0.0005,1.1306,1.2317,0.3485
1.5530,0.0005,0.8921,1.7996,0.3434
1.4754,0.0005,0.7399,1.3149,0.3434
1.1896,0.0005,0.9259,1.3559,0.3621
1.9041,0.0008,0.8671,1.7959,0.3711
1.0734,0.0006,0.8476,1.1170,0.3711
1.4633,0.0006,0.8222,1.1564,0.3651
1.9802,0.0005,0.8641,2.2609,0.3620
0.8180,0.0004,0.9572,0.8874,0.3526
1.4842,0.0005,0.7006,1.3798,0.3526
1.1937,0.0005,0.7764,1.1359,0.3542
1.5634,0.0004,0.7547,1.6087,0.3400
1.6464,0.0007,0.7298,1.3796,0.3440
1.5056,0.0005,0.9851,1.8463,0.3485
1.3068,0.0004,0.7475,1.1356,0.3485
2.0038,0.0007,0.7275,1.7926,0.5275
1.7168,0.0006,1.0002,1.7824,0.5275
1.6178,0.0007,0.9739,1.8665,0.3383
1.4428,0.0006,1.0257,1.2407,0.3418
1.4710,0.0006,0.8800,1.6830,0.3467
1.4670,0.0007,0.9604,1.4520,0.3662
1.6914,0.0007,0.7843,1.6996,0.3455
1.4375,0.0005,0.8718,1.4278,0.3421
1.1886,0.0005,0.9366,1.0170,0.3587
1.3339,0.0006,0.8743,1.3841,0.3610
1.1093,0.0005,0.9673,1.2353,0.3610
1.5245,0.0005,0.7997,1.3999,0.3532
1.8417,0.0006,0.7697,1.4459,0.3558
1.2809,0.0004,1.2643,1.7909,0.3459
1.8229,0.0005,0.8181,1.6754,0.3483
1.3689,0.0005,0.9303,1.3063,0.3483
1.7532,0.0004,0.9913,1.9243,0.3610
1.6695,0.0004,0.7961,1.6704,0.3530
1.5778,0.0004,0.8408,1.5787,0.3489
1.0918,0.0004,0.8153,1.0668,0.3489
1.4295,0.0005,0.7357,1.3843,0.3453
1.4886,0.0005,0.7707,1.3874,0.3580
1.4205,0.0094,0.7258,1.5062,0.3494
1.9514,0.0006,0.8507,1.5790,0.3362
2.2997,0.0006,1.0306,2.6672,0.3347
1.3715,0.0006,1.0557,1.0884,0.3482
1.5274,0.0008,1.2103,1.8661,0.3482
2.0132,0.0005,0.7550,1.8328,0.3526
2.2883,0.0005,0.9673,2.3033,0.3522
1.2965,0.0005,0.9745,1.4780,0.3423
1.3365,0.0004,0.7431,1.3395,0.3377
1.2199,0.0004,0.7268,1.2281,0.3377
1.5215,0.0005,0.7609,1.4334,0.3493
1.9367,0.0007,1.2345,1.5270,0.3683
1.7623,0.0008,1.4306,2.0280,0.3677
1.5120,0.0009,1.1371,1.3903,0.3530
1.5411,0.0006,1.0053,1.5300,0.3519
2.3346,0.0006,0.8238,2.4986,0.3438
1.5287,0.0004,1.0148,1.6231,0.3578
1.0350,0.0003,0.8826,0.8221,0.3578
1.9218,0.0006,1.0319,2.0487,0.3629
0.7914,0.0005,0.9855,0.9110,0.3629
2.3124,0.0005,0.7092,2.2362,0.3527
1.1662,0.0005,0.8377,1.2008,0.3527
2.1374,0.0005,0.9916,2.0861,0.3711
1.3664,0.0004,0.8405,1.3807,0.3711
1.9738,0.0003,0.8149,1.8980,0.3429
1.2455,0.0003,0.8052,1.3406,0.3515
1.3985,0.0004,0.8909,1.0645,0.3515
1.2499,0.0003,0.9061,1.5370,0.3411
1.3497,0.0003,0.8405,1.3008,0.3368
1.9955,0.0005,0.6458,1.9566,0.3541
1.3577,0.0003,0.7983,1.4818,0.3613
1.2790,0.0004,0.6094,1.2368,0.3613
1.6562,0.0005,0.6587,1.6334,0.3706
1.7962,0.0004,0.8004,1.8471,0.3410
1.3025,0.0003,0.6841,1.2970,0.3410
1.4093,0.0004,0.7577,1.0997,0.3356
1.0903,0.0003,0.8796,1.2744,0.3446
1.3385,0.0003,0.8290,1.4350,0.3446
1.2861,0.0003,0.6037,1.2804,0.3476
1.6716,0.0003,0.6229,1.2951,0.3328
1.5096,0.0003,0.7951,1.8716,0.3467
1.4787,0.0004,0.8841,1.3832,0.3417
1.3031,0.0003,0.8303,1.4237,0.3358
1.6927,0.0004,0.6137,1.2134,0.3358
1.9478,0.0004,1.0003,2.3758,0.3381
1.4755,0.0004,0.8365,1.3452,0.3652
1.5786,0.0003,0.8761,1.3632,0.3652
1.9981,0.0003,0.6055,2.3493,0.3329
1.7368,0.0003,0.6531,1.6598,0.3329
1.5172,0.0004,0.7075,1.1719,0.3521
1.7212,0.0003,0.6477,2.0358,0.3356
1.5009,0.0003,0.8098,1.5763,0.3356
1.3751,0.0003,0.6849,1.3812,0.3557
1.3227,0.0004,0.6734,1.2689,0.3557
1.4876,0.0003,0.9077,1.4921,0.3446
1.7704,0.0003,0.7379,1.7041,0.3475
1.4364,0.0003,0.7571,1.1386,0.3475
1.9258,0.0004,0.7288,2.1941,0.3421
1.5397,0.0004,0.7494,1.5486,0.3429
1.5346,0.0004,0.7019,1.6455,0.3525
1.6046,0.0003,0.6348,1.6053,0.3367
1.4862,0.0004,0.5838,1.4735,0.3294
1.3723,0.0005,0.6162,1.2053,0.3374
1.4803,0.0004,0.6858,1.6070,0.3315
1.4146,0.0006,0.7640,1.0663,0.3315
2.0535,0.0005,0.9145,2.3412,0.3647
1.2584,0.0004,1.1588,1.1257,0.3647
2.0535,0.0005,0.9099,2.0560,0.3411
1.7788,0.0006,0.8285,1.9074,0.3411
1.5491,0.0003,0.8142,1.3432,0.3667
1.9303,0.0003,0.9675,1.9348,0.3406
1.4856,0.0004,0.8661,1.5484,0.3511
2.0856,0.0005,0.6669,2.1746,0.3493
1.4269,0.0005,0.8422,1.3765,0.3493
2.2677,0.0009,0.9281,1.7536,0.3555
1.8291,0.0005,1.2425,2.3635,0.3553
1.6582,0.0005,0.8927,1.6901,0.3455
1.7658,0.0004,0.7645,1.7328,0.3399
1.5335,0.0004,0.8035,1.5548,0.3399
1.8793,0.0006,0.8327,1.7531,0.3515
1.8723,0.0007,1.0109,1.8334,0.3390
1.8762,0.0005,0.9084,1.9887,0.3341
1.6593,0.0005,0.8918,1.6663,0.3666
1.4702,0.0004,0.9015,1.4460,0.3666
1.7751,0.0003,0.8482,1.4676,0.3448
1.6529,0.0002,0.9564,1.9825,0.3431
1.7013,0.0006,0.7372,1.4377,0.3431
2.1424,0.0005,0.8176,2.2925,0.3400
1.4676,0.0006,0.9441,1.1430,0.3595
1.6141,0.0003,1.0794,2.0556,0.3595
1.3545,0.0004,0.7950,1.2203,0.3494
1.4925,0.0003,0.8578,1.5156,0.3410
1.6466,0.0003,0.6959,1.7232,0.3478
1.5779,0.0004,0.7151,1.5031,0.3562
1.8039,0.0003,0.8347,1.8412,0.3622
1.3190,0.0005,0.7403,1.2724,0.3622
1.6933,0.0003,0.7782,1.6033,0.3473
1.6981,0.0003,0.7123,1.8273,0.3500
1.3682,0.0004,0.6968,1.1825,0.3403
1.9281,0.0003,0.7823,2.0160,0.3404
2.1623,0.0003,0.6475,2.2296,0.3546
1.6761,0.0003,0.6758,1.5657,0.3420
1.3000,0.0003,0.7563,1.3463,0.3420
1.7403,0.0007,0.6164,1.5091,0.3492
1.9414,0.0006,0.8408,2.1988,0.3704
1.2098,0.0005,0.8640,1.1778,0.3704
1.4938,0.0003,0.7549,1.5611,0.3517
1.6575,0.0004,0.6681,1.6414,0.3479
1.4495,0.0003,0.6122,1.4538,0.3505
1.6393,0.0006,0.7207,1.2469,0.3467
1.2727,0.0003,1.0526,1.6289,0.3467
1.9065,0.0004,1.0869,1.8388,0.3462
1.4473,0.0003,0.6576,1.5269,0.3503
1.4171,0.0004,0.7643,1.4254,0.3475
1.4002,0.0004,0.6344,1.2253,0.3454
1.7207,0.0004,0.8146,1.4679,0.3744
1.3188,0.0003,0.8906,1.4867,0.3744
1.7537,0.0003,0.7193,1.6916,0.3537
1.4946,0.0003,0.7886,1.7794,0.3338
1.2244,0.0003,0.6626,1.2034,0.3338
1.9479,0.0004,0.7544,1.9454,0.3409
1.3444,0.0004,0.8609,0.9441,0.3518
1.4453,0.0004,0.6864,1.8394,0.3402
1.6716,0.0005,0.7575,1.4950,0.3354
0.9542,0.0004,0.8186,0.9792,0.3354
1.5768,0.0003,1.0690,1.2548,0.5121
1.4225,0.0005,1.0582,1.7880,0.5121
1.4305,0.0005,0.7735,1.2671,0.3914
2.1320,0.0005,0.7349,2.1629,0.3487
0.8582,0.0004,0.7909,0.7642,0.3487
1.2733,0.0005,0.8617,1.3517,0.3550
2.0160,0.0004,0.6848,2.1322,0.3563
1.5470,0.0003,0.7551,1.4134,0.3484
0.9334,0.0003,0.7627,1.0995,0.3358
1.2375,0.0003,0.7115,1.2219,0.3358
1.6642,0.0003,0.8515,1.4301,0.3608
1.6300,0.0004,0.6324,1.6275,0.3264
1.1753,0.0004,0.7844,1.3683,0.3529
1.6772,0.0003,0.7358,1.6127,0.5502
1.2806,0.0004,0.6835,1.3387,0.3492
0.9987,0.0003,0.7094,0.9891,0.3492
1.6113,0.0004,0.6487,1.5890,0.3564
1.2047,0.0004,0.8368,0.9378,0.3468
1.2059,0.0004,1.0642,1.5136,0.3468
1.2481,0.0004,0.6156,1.2475,0.3558
1.0139,0.0003,0.6197,0.9770,0.3558
1.2194,0.0003,0.6298,1.2544,0.3495
1.1994,0.0003,0.6727,1.1902,0.3280
1.2683,0.0003,0.6980,1.1618,0.3562
1.4780,0.0006,0.7147,1.5397,0.3444
1.9216,0.0004,0.9484,1.8622,0.3664
1.1895,0.0003,0.9078,1.2170,0.3496
1.1402,0.0003,0.7538,1.1790,0.3496
1.3145,0.0004,0.6551,1.2104,0.3451
1.2090,0.0003,0.6148,1.3188,0.3542
1.7842,0.0003,0.6589,1.7603,0.3461
1.0955,0.0003,0.7585,0.8901,0.3461
1.3374,0.0003,0.8193,1.5362,0.3476
1.8327,0.0003,0.6920,1.3762,0.3378
1.8593,0.0003,0.8559,2.2445,0.3568
1.3664,0.0003,0.6711,1.3134,0.3568
1.1804,0.0003,0.7307,1.1995,0.3588
1.9402,0.0003,0.7031,1.9669,0.4002
1.3486,0.0004,0.7702,1.3910,0.3372
1.1276,0.0007,0.7003,1.0329,0.3372
1.4820,0.0004,0.6429,1.5398,0.3292
1.1982,0.0005,0.6620,1.0470,0.3457
1.8902,0.0004,0.6504,2.0726,0.3655
1.9538,0.0003,0.5890,1.8302,0.3380
1.2936,0.0003,0.7452,1.2620,0.3380
1.6246,0.0004,0.7205,1.7581,0.3452
1.3325,0.0003,0.6494,1.3254,0.3299
1.7858,0.0005,0.6351,1.7068,0.3633
1.8498,0.0003,0.8306,1.7721,0.3538
1.2806,0.0004,0.9410,1.2114,0.3538
1.2449,0.0006,0.8836,1.4536,0.3493
1.7009,0.0005,0.6166,1.4882,0.3478
1.4735,0.0005,0.7806,1.6531,0.3478
1.4622,0.0003,0.6906,1.3425,0.3635
1.9966,0.0003,0.6716,2.1090,0.3319
1.1883,0.0003,0.6347,0.8425,0.3272
1.4046,0.0004,0.7702,1.6308,0.3447
1.1731,0.0003,0.7730,1.3041,0.3466
1.7061,0.0005,0.6179,1.6137,0.3466
1.6663,0.0004,0.7605,1.6870,0.3778
1.5485,0.0005,0.8296,1.5708,0.3778
1.7966,0.0003,0.7458,1.7782,0.3341
1.4126,0.0003,0.6852,1.3718,0.3358
1.4821,0.0006,0.7171,1.5135,0.3358
1.5816,0.0004,0.6564,1.4439,0.3426
1.6595,0.0006,0.6298,1.7432,0.3419
1.8531,0.0003,0.6410,1.7066,0.3366
1.0771,0.0003,0.7929,1.1027,0.3366
1.4997,0.0003,0.8018,1.6538,0.3513
1.8768,0.0005,0.7740,1.7106,0.3555
1.3355,0.0005,1.2830,1.2996,0.3458
2.3682,0.0004,0.8936,2.4163,0.3482
1.2732,0.0003,0.8150,1.3817,0.3348
1.4230,0.0004,0.6623,1.4354,0.3348
1.8329,0.0172,0.5838,1.7332,0.3450
1.0743,0.0003,0.6837,1.1661,0.3450
1.2953,0.0004,0.8283,1.2631,0.3672
1.7986,0.0003,0.6116,1.7808,0.3490
1.5180,0.0003,0.6526,1.1669,0.3594
1.1041,0.0003,0.8326,1.3611,0.3594
1.7103,0.0007,1.0578,1.7642,0.3577
1.6505,0.0006,0.7555,1.2567,0.3365
1.3000,0.0005,0.8626,1.4901,0.3365
1.3462,0.0004,0.6950,1.5549,0.3457
1.6624,0.0005,0.6726,1.6976,0.3539
1.4329,0.0003,0.6458,1.3476,0.3466
1.8372,0.0003,0.7318,1.8608,0.3475
1.3991,0.0003,0.6601,1.3418,0.3447
1.7007,0.0003,0.7307,1.7812,0.3485
0.9871,0.0003,0.6055,0.9704,0.3485
1.6784,0.0006,0.6201,1.6452,0.3303
1.5228,0.0008,0.7591,1.3552,0.3381
1.6609,0.0004,0.9480,1.6664,0.3932
1.3118,0.0003,0.8128,1.3620,0.3390
1.4871,0.0003,0.6648,1.5053,0.3649
1.2408,0.0004,0.7655,1.2573,0.3649
1.2842,0.0003,0.7482,1.0863,0.3555
1.3688,0.0003,0.7747,1.4086,0.3555
1.1462,0.0005,0.7126,1.4052,0.3430
1.4516,0.0004,0.5767,1.0983,0.3517
1.1629,0.0003,0.7203,1.2827,0.3517
1.3524,0.0003,0.6454,1.4778,0.3678
1.3591,0.0005,0.5817,1.1968,0.3384
1.6535,0.0004,0.6737,1.6972,0.3588
1.3442,0.0003,1.3659,1.3840,0.3686
1.3241,0.0003,1.0436,1.4530,0.3696
1.2576,0.0003,0.6465,1.2649,0.3595
1.4991,0.0003,0.5988,1.1585,0.3497
1.1390,0.0004,0.9857,1.3411,0.3375
1.5619,0.0004,0.8134,1.4948,0.3563
1.4763,0.0003,0.8119,1.5162,0.3356
1.2849,0.0003,0.7713,1.3723,0.3356
1.5381,0.0003,0.6780,1.3001,0.3369
1.2905,0.0005,0.7705,1.3935,0.3614
1.2398,0.0004,0.8075,1.3484,0.3614
2.1799,0.0004,0.9576,2.0801,0.3705
1.5823,0.0006,1.1629,1.1845,0.3574
1.2807,0.0007,1.4384,1.6403,0.3537
1.2499,0.0005,0.9392,1.3224,0.3537
1.4069,0.0005,0.7121,1.4157,0.3511
1.6444,0.0003,0.7518,1.4304,0.3439
1.4649,0.0003,0.8347,1.6408,0.3396
1.3687,0.0004,1.0501,1.3440,0.3598
1.4183,0.0003,1.1554,1.4267,0.3351
1.1708,0.0182,0.8441,1.1173,0.3544
1.8562,0.0005,0.9716,1.6914,0.3499
1.3579,0.0004,1.2914,1.6243,0.3499
1.8442,0.0005,0.8939,1.5867,0.3702
1.6035,0.0004,0.8771,1.5698,0.3540
1.6195,0.0004,0.8620,1.9117,0.3455
1.2376,0.0003,0.9621,1.0956,0.3486
1.5706,0.0003,0.8998,1.6108,0.3437
1.2722,0.0003,0.7879,1.2512,0.3539
1.4457,0.0003,0.7530,1.5882,0.3539
1.7299,0.0004,0.6944,1.6862,0.3727
1.2796,0.0004,0.8926,1.2977,0.3596
1.3971,0.0003,0.7494,1.3424,0.3596
1.9284,0.0006,0.8763,1.9043,0.3609
1.5133,0.0005,0.9277,1.5407,0.3469
1.2645,0.0003,0.8677,1.2877,0.3640
1.4213,0.0003,0.7518,1.4192,0.3640
1.4108,0.0004,0.7147,1.2939,0.3340
1.4509,0.0004,0.8721,1.5447,0.3458
1.2878,0.0003,0.8780,1.1290,0.3458
1.5428,0.0004,0.8168,1.6891,0.3484
1.4132,0.0004,0.7264,1.3127,0.3307
1.6407,0.0005,0.7712,1.5628,0.3471
1.6868,0.0005,0.9113,1.6348,0.3532
1.5359,0.0011,0.8892,1.3837,0.3532
1.4950,0.0003,1.2575,1.8199,0.5311
1.4967,0.0004,0.8848,1.5383,0.3687
1.8607,0.0004,0.7224,1.3598,0.3428
1.3484,0.0004,0.9870,1.7189,0.3428
2.0118,0.0004,1.0917,2.0819,0.3431
1.3769,0.0005,0.7824,1.3962,0.3397
1.6314,0.0004,0.7234,1.1258,0.3435
1.9101,0.0004,0.9941,2.3746,0.3589
1.1665,0.0008,0.8123,0.9939,0.3589
2.0531,0.0007,0.7939,2.1749,0.3588
0.9428,0.0005,0.8903,0.8819,0.3588
1.9978,0.0005,0.8884,1.9569,0.3701
1.2153,0.0005,1.0139,1.2117,0.3701
1.4909,0.0004,1.0503,1.5690,0.3433
1.8652,0.0006,0.7204,1.5156,0.3425
1.4010,0.0007,0.8856,1.8164,0.3414
1.5922,0.0006,0.8025,1.4013,0.3475
1.6558,0.0003,0.7897,1.7375,0.3460
1.2918,0.0004,0.8225,1.3766,0.3793
1.2599,0.0004,0.7354,1.1612,0.3441
1.6052,0.0006,0.8419,1.6254,0.3441
2.2078,0.0007,0.8334,2.1873,0.3518
1.6615,0.0006,0.9826,1.5757,0.3520
1.9133,0.0006,1.1029,1.9257,0.3398
1.5834,0.0004,0.9802,1.6118,0.3515
1.6492,0.0003,0.9655,1.7631,0.3688
1.5294,0.0004,0.9207,1.2818,0.3688
1.6897,0.0006,0.9928,1.9249,0.3393
1.9688,0.0006,0.8103,1.7965,0.3329
1.5162,0.0003,1.0786,1.5706,0.3475
1.7757,0.0006,1.0246,1.6664,0.3475
2.2260,0.0006,1.1033,2.3616,0.3556
1.5681,0.0006,1.9087,1.5317,0.3628
1.3344,0.0004,1.3113,1.3591,0.3628
1.8148,0.0005,0.8248,1.8103,0.3404
1.2134,0.0006,0.9320,1.2179,0.3309
1.8326,0.0008,0.9989,1.8489,0.3364
1.5304,0.0004,1.0018,1.2386,0.3364
2.0651,0.0005,0.9310,2.3326,0.3433
1.7841,0.0008,0.8530,1.5124,0.3527
1.3707,0.0007,1.1946,1.4334,0.3527
2.2634,0.0008,0.9928,2.4035,0.3668
1.4963,0.0007,0.9550,1.5687,0.3333
1.8932,0.0006,0.8945,1.8714,0.3390
1.7123,0.0007,0.8417,1.5906,0.3579
1.5326,0.0007,1.1558,1.5125,0.3657
1.1913,0.0007,1.1465,1.3645,0.3462
1.7395,0.0005,0.7591,1.7111,0.3462
2.1115,0.0010,0.8089,2.0304,0.3482
1.6265,0.0009,0.9941,1.6204,0.3473
1.5790,0.0008,0.9664,1.4902,0.3784
2.1110,0.0007,1.1743,2.2055,0.3784
1.6700,0.0004,1.5420,1.7010,0.3402
1.4884,0.0007,1.0919,1.3742,0.3385
2.0502,0.0009,1.1352,2.0704,0.3438
1.7704,0.0009,1.6168,1.6770,0.3463
1.1880,0.0008,1.2272,1.2545,0.3463
2.0356,0.0007,0.9668,1.9307,0.3470
1.1115,0.0007,1.0852,1.3257,0.3470
1.8725,0.0012,0.8801,1.3663,0.3342
2.0054,0.0006,0.9926,2.4378,0.3575
1.9152,0.0005,0.9761,1.8728,0.3518
1.8842,0.0006,0.9426,1.6620,0.3416
1.5123,0.0004,1.1028,1.7516,0.3455
1.5044,0.0007,0.9289,1.4535,0.3455
1.7937,0.0005,0.8236,1.8843,0.3438
2.0625,0.0005,0.7633,2.0504,0.3313
1.2560,0.0004,0.7839,1.2699,0.3614
1.0152,0.0004,0.7895,0.7579,0.3614
1.7703,0.0004,0.8252,1.9358,0.3579
1.7401,0.0004,0.8285,1.7625,0.3518
1.8908,0.0004,1.0106,1.9018,0.3554
1.2094,0.0006,1.0376,1.0761,0.3554
1.8853,0.0004,0.9415,1.7965,0.3678
1.6282,0.0005,1.0254,1.8521,0.3499
1.7333,0.0004,0.8163,1.6088,0.3559
1.2785,0.0003,1.1034,1.4006,0.3559
1.5754,0.0004,0.7642,1.3896,0.3444
1.8521,0.0004,0.6973,1.9606,0.3340
1.4712,0.0004,0.8261,1.5372,0.3469
1.2804,0.0004,0.6639,1.1816,0.3634
1.8130,0.0004,0.8478,1.7143,0.3944
1.5736,0.0005,1.0427,1.6719,0.3657
1.8066,0.0005,0.9690,1.7968,0.3385
1.3261,0.0005,0.7840,1.3443,0.3385
1.6206,0.0004,0.8287,1.6113,0.3464
1.7098,0.0004,0.8054,1.6016,0.3447
1.3547,0.0004,0.8512,1.0715,0.3447
1.4335,0.0003,0.8423,1.7519,0.3461
1.3565,0.0004,0.9181,1.4358,0.3514
1.9864,0.0004,0.7037,1.6128,0.3318
1.7221,0.0180,1.2551,1.5637,0.3672
1.6017,0.0003,1.4042,2.0480,0.3672
1.6248,0.0003,0.8466,1.5574,0.3364
2.1649,0.0006,0.7688,2.0948,0.3341
1.9096,0.0005,0.9284,1.9432,0.3395
1.5657,0.0004,1.0641,1.7135,0.3395
1.4167,0.0004,0.7403,1.3257,0.3453
1.6747,0.0005,0.6655,1.3840,0.3504
1.4945,0.0004,0.7976,1.5695,0.3532
1.4695,0.0006,1.1554,1.5395,0.3532
2.0664,0.0005,1.0787,2.1688,0.7492
1.5666,0.0004,1.1470,1.5326,0.3612
1.6246,0.0003,0.9843,1.7564,0.3612
1.6171,0.0005,0.6718,1.3891,0.3544
1.9407,0.0005,0.6856,2.0141,0.3426
1.9001,0.0004,0.8694,1.7342,0.3630
1.4550,0.0003,1.0385,1.5779,0.3243
1.5898,0.0004,0.6588,1.3984,0.3344
1.7991,0.0004,0.8170,2.0788,0.3406
1.1116,0.0004,0.8091,0.8426,0.3406
2.0730,0.0005,0.8034,1.9315,0.3480
1.3357,0.0004,1.4202,1.6219,0.3480
2.0656,0.0004,0.9758,2.2252,0.3446
1.2968,0.0003,0.7481,1.3161,0.3446
1.8781,0.0004,0.7106,1.8154,0.3389
1.9255,0.0003,0.7478,1.8332,0.3426
1.5359,0.0003,0.8704,1.6619,0.3343
1.5393,0.0003,0.7349,1.5059,0.3343
1.9175,0.0005,0.8305,1.7959,0.3381
1.8959,0.0007,1.1381,1.9534,0.3504
1.8633,0.0007,1.1119,1.8756,0.3654
1.3806,0.0006,0.8874,1.4071,0.3896
1.7662,0.0005,0.7763,1.5860,0.3548
1.7234,0.0003,0.8651,1.7825,0.3400
1.7940,0.0004,0.9314,1.9053,0.3422
1.2781,0.0003,0.7633,1.2820,0.3422
1.8200,0.0005,0.9230,1.3977,0.3376
1.6198,0.0004,0.9163,1.8263,0.3761
1.5334,0.0005,0.9009,1.7669,0.3761
2.2196,0.0010,0.7962,2.0484,0.5545
1.6091,0.0005,0.9638,1.6494,0.3609
1.3533,0.0003,0.9858,1.3956,0.3349
1.1822,0.0003,0.8502,1.0456,0.3349
1.7702,0.0005,0.7795,1.9623,0.3469
1.8642,0.0003,0.6572,1.8064,0.3370
1.7810,0.0005,0.9222,1.8123,0.3334
1.5406,0.0004,0.9197,1.5312,0.3334
1.3015,0.0004,0.7696,1.0306,0.3348
1.3897,0.0003,0.9622,1.6757,0.3437
1.6808,0.0004,0.6234,1.6547,0.3603
1.7824,0.0004,0.7041,1.7655,0.3643
1.2165,0.0169,0.9137,0.9203,0.3507
1.7622,0.0003,0.9952,2.0338,0.3523
1.3001,0.0003,0.8112,1.2698,0.3489
1.3040,0.0004,0.8026,1.2093,0.3489
1.5085,0.0004,0.8243,1.5391,0.3571
1.4865,0.0005,0.8044,1.5192,0.3370
1.1781,0.0005,0.7992,1.1699,0.3370
1.5551,0.0004,0.8948,1.5981,0.3463
1.6284,0.0003,0.8325,1.6457,0.3528
2.1346,0.0008,0.8465,1.7064,0.3397
1.9560,0.0006,1.1780,2.2627,0.3629
1.6242,0.0004,1.3091,1.3973,0.3386
1.3925,0.0004,1.1314,1.5549,0.3386
1.8471,0.0004,0.8745,1.9895,0.3321
1.3097,0.0003,0.9439,1.1127,0.3321
1.9535,0.0006,0.7453,2.0690,0.3360
1.5341,0.0006,0.9905,1.5588,0.3596
1.4790,0.0006,0.9449,1.4916,0.3550
1.7817,0.0005,0.8211,1.7761,0.3422
1.4551,0.0006,0.7585,1.3896,0.3422
2.1759,0.0005,0.8582,2.0794,0.3571
2.1090,0.0004,1.0843,2.0735,0.3521
1.1180,0.0003,1.2514,1.2814,0.3521
1.7225,0.0004,0.8078,1.2967,0.3427
1.7590,0.0004,0.9272,1.7953,0.3476
1.4361,0.0005,0.9831,1.5613,0.3476
2.0860,0.0004,0.9389,2.2704,0.3439
1.4220,0.0004,0.9325,1.5194,0.3457
1.1995,0.0004,0.7626,0.8830,0.3457
1.9925,0.0007,0.7928,1.7097,0.3506
1.7443,0.0008,1.7325,2.2515,0.3579
1.6528,0.0006,1.0847,1.4958,0.3579
1.7463,0.0005,1.2152,1.8970,0.3533
1.5696,0.0005,1.2600,1.5203,0.3533
1.6769,0.0006,1.1229,1.4822,0.3545
1.9824,0.0005,0.9863,2.2072,0.3362
1.5197,0.0004,0.9539,1.5383,0.3475
0.9386,0.0004,0.7978,0.9316,0.3475
1.5360,0.0003,0.7063,1.4450,0.3461
2.1101,0.0006,0.8061,2.1637,0.3490
1.8137,0.0006,0.9461,1.7633,0.3543
1.2504,0.0006,1.0049,1.2613,0.3543
1.5632,0.0005,1.1798,1.4212,0.3469
2.0543,0.0007,0.8519,2.1632,0.3334
1.4789,0.0007,1.0598,1.4883,0.3334
1.5900,0.0004,0.8905,1.5966,0.3516
1.7427,0.0004,0.7672,1.4691,0.3559
1.7653,0.0004,1.0604,1.7455,0.3559
1.4921,0.0003,0.9218,1.7711,0.3555
2.0849,0.0003,0.7918,1.7736,0.3519
1.6039,0.0004,1.2547,1.5169,0.3519
1.9187,0.0004,1.5289,2.3346,0.3610
1.4484,0.0004,0.8317,1.3665,0.3382
1.3132,0.0004,0.8933,1.3400,0.3382
1.7466,0.0003,0.8541,1.7257,0.3538
1.5643,0.0004,0.8606,1.4618,0.3535
1.8153,0.0003,0.9410,1.9957,0.3353
1.4932,0.0003,0.7547,1.5046,0.3512
1.0181,0.0004,0.9365,0.8222,0.3512
1.5976,0.0003,0.8461,1.6935,0.3335
1.7899,0.0007,0.7123,1.7749,0.3549
1.7932,0.0007,0.9286,1.5050,0.3795
1.5368,0.0007,1.0574,1.8726,0.3863
1.6919,0.0006,0.8104,1.4824,0.3402
1.5703,0.0006,0.8233,1.6901,0.3532
1.8473,0.0004,1.0883,1.9100,0.3436
2.0390,0.0003,0.9561,2.0404,0.3479
1.3575,0.0003,0.7432,1.2823,0.3479
1.5845,0.0005,0.8531,1.3167,0.3504
1.7232,0.0004,0.8042,1.7648,0.3341
1.0998,0.0003,1.0847,1.0394,0.3341
1.6140,0.0005,0.9113,1.9198,0.3434
1.4010,0.0005,0.8600,1.4218,0.3690
1.6537,0.0004,0.8805,1.4565,0.3510
1.9752,0.0005,0.7508,2.1456,0.3458
1.6242,0.0004,0.7887,1.5913,0.3554
1.3740,0.0004,0.8406,1.4531,0.3554
1.8051,0.0005,0.7112,1.4511,0.3528
1.6402,0.0005,0.9289,1.6565,0.3528
1.5277,0.0004,0.8497,1.4205,0.3467
1.8619,0.0004,1.0687,2.2117,0.3467
1.8741,0.0006,0.8431,1.7067,0.3562
1.3391,0.0003,1.0878,1.4434,0.3562
1.8072,0.0004,1.0802,1.5128,0.3556
1.7454,0.0004,0.8697,2.0526,0.3462
1.5665,0.0004,0.8732,1.6475,0.3411
15.8432,0.0007,15.3442,1.6508,0.3408
1.1764,0.0008,1.4221,1.3790,0.3408
1.3456,0.0005,1.4376,1.1802,0.3705
1.1887,0.0003,0.9142,1.5249,0.3705
1.8039,0.0005,0.6576,1.6485,0.3344
1.8664,0.0005,0.9619,2.1021,0.3469
1.5506,0.0004,0.8089,1.3835,0.3469
2.3801,0.0006,1.1481,2.2780,0.3464
1.2776,0.0006,1.1964,1.5033,0.3464
1.9190,0.0006,0.7833,1.9308,0.3522
1.8388,0.0005,0.7166,1.8250,0.3287
1.7789,0.0004,0.7628,1.7839,0.3287
1.5486,0.0003,0.7035,1.4223,0.3487
2.0918,0.0003,0.7813,2.1141,0.3354
2.1465,0.0005,0.9271,1.5121,0.3424
2.1725,0.0006,1.0626,2.7816,0.3528
1.5782,0.0005,1.2282,1.6083,0.3501
1.5713,0.0005,1.2625,1.6115,0.3501
2.3869,0.0005,0.7496,2.1852,0.3487
1.3466,0.0005,1.0315,1.5316,0.3562
1.5384,0.0005,0.9542,1.5474,0.3549
1.4762,0.0004,0.6841,1.4018,0.3549
1.9812,0.0004,0.8533,2.0318,0.3394
1.7114,0.0005,0.9008,1.3222,0.3394
2.0634,0.0004,0.7936,2.2717,0.3371
1.4395,0.0004,1.1633,1.6008,0.4001
1.5874,0.0414,0.8200,1.4794,0.4001
1.5993,0.0007,0.8592,1.6917,0.3459
1.4944,0.0004,0.9273,1.5326,0.3459
2.2425,0.0004,0.7366,2.1772,0.3430
1.3111,0.0004,0.7287,1.3213,0.3430
1.5058,0.0007,0.8535,1.2808,0.3437
1.1814,0.0005,1.2470,1.2781,0.3437
1.6808,0.0005,0.9166,1.3321,0.3580
2.1559,0.0004,1.0228,2.5039,0.3610
1.5938,0.0007,0.8624,1.5710,0.3579
1.4527,0.0006,0.9542,1.1847,0.3579
1.5718,0.0005,1.0238,1.9132,0.3404
1.7212,0.0009,0.8929,1.7459,0.3705
1.7191,0.0005,0.8515,1.7212,0.3705
1.5842,0.0004,0.7283,1.5271,0.3501
1.4011,0.0004,0.8477,1.3255,0.3454
1.4536,0.0003,0.9253,1.4693,0.3435
1.7100,0.0004,0.9006,1.7615,0.3608
1.5222,0.0005,0.8033,1.3523,0.3510
2.1823,0.0006,0.8609,2.3071,0.3488
1.5810,0.0005,0.8669,1.6415,0.3766
1.4605,0.0005,0.9378,1.4871,0.3452
1.5312,0.0004,0.8690,1.4664,0.3452
1.9773,0.0003,0.7506,1.9265,0.3606
1.6961,0.0004,0.8852,1.7018,0.3564
1.6644,0.0003,0.9030,1.2444,0.3374
1.6353,0.0006,0.9941,1.8487,0.3419
1.9163,0.0007,0.9800,1.7206,0.3609
1.5462,0.0006,0.8843,2.0261,0.3326
2.1093,0.0005,0.7374,1.9912,0.3360
1.4832,0.0004,0.8437,1.2496,0.3506
1.3865,0.0005,1.1669,1.6566,0.3488
1.2013,0.0004,0.7852,1.0123,0.3488
1.8078,0.0006,0.7675,1.6763,0.3577
1.9965,0.0005,0.9543,2.2845,0.3386
1.6690,0.0003,0.8682,1.6833,0.3506
1.2475,0.0003,0.7921,1.2108,0.3762
1.9384,0.0004,0.7962,1.9666,0.3465
1.4170,0.0006,0.7587,1.4209,0.3353
1.5335,0.0004,0.8822,1.5163,0.3353
1.8860,0.0005,1.0336,1.8465,0.3434
1.4779,0.0006,0.8806,1.0891,0.3781
2.1068,0.0004,0.7984,2.5025,0.3530
1.4457,0.0005,0.7541,1.4388,0.3483
1.6236,0.0004,0.7777,1.5453,0.3483
1.6583,0.0007,0.8501,1.3897,0.3429
2.0764,0.0003,1.0543,2.3906,0.3465
1.2539,0.0003,0.9515,1.2891,0.3465
1.5879,0.0004,0.7312,1.0373,0.3377
2.0277,0.0007,0.7775,2.4895,0.3451
1.6754,0.0006,1.0048,1.4202,0.3510
2.2147,0.0005,1.0859,2.4763,0.3632
1.4258,0.0004,0.8268,1.4585,0.3395
1.6827,0.0005,0.7803,1.6705,0.3447
1.3910,0.0004,0.7602,1.3985,0.3579
2.0147,0.0005,0.7392,1.8569,0.3572
1.4767,0.0006,0.8540,1.4305,0.3507
1.0352,0.0003,0.9068,0.8476,0.3507
1.4584,0.0004,0.9034,1.8369,0.3432
1.5928,0.0008,0.7333,1.5884,0.3432
1.7126,0.0004,0.6657,1.6105,0.3704
1.9431,0.0006,0.8655,1.8801,0.3719
1.4843,0.0005,0.9611,1.5601,0.3559
1.5326,0.0005,0.8278,1.4046,0.3463
1.3066,0.0006,0.9013,1.2424,0.3463
1.6615,0.0004,0.9808,1.7493,0.3532
1.8005,0.0003,0.8384,1.7178,0.3583
2.1653,0.0003,0.9633,2.3316,0.3561
1.4842,0.0004,0.9010,1.5071,0.3609
1.3405,0.0003,0.7358,1.3429,0.3609
1.6400,0.0006,0.6946,1.3671,0.5241
1.5793,0.0007,1.0580,1.2619,0.3788
1.7147,0.0008,1.5180,2.1717,0.3575
1.3040,0.0006,1.0574,1.2945,0.3575
1.8355,0.0006,1.0649,1.8193,0.3707
1.7099,0.0005,0.9631,1.5949,0.3453
3.1151,0.0006,2.0065,3.0031,0.3453
1.8731,0.0008,1.2635,2.0486,0.3509
2.1491,0.0015,1.2514,2.1215,0.3706
1.5033,0.0010,1.1982,1.4356,0.3706
2.1834,0.0011,1.1787,2.2204,0.3768
2.4041,0.0009,1.0807,2.2994,0.3585
1.4170,0.0007,1.2880,1.6161,0.3585
1.8989,0.0008,1.1028,1.9286,0.3498
1.8240,0.0005,0.9982,1.7894,0.3422
1.6113,0.0004,1.1706,1.1606,0.3422
2.1954,0.0005,0.9679,2.6628,0.3493
1.5717,0.0007,0.8693,1.2437,0.3724
1.5642,0.0006,1.1235,1.8396,0.3724
1.6651,0.0008,1.0691,1.5544,0.3946
1.6190,0.0007,1.3120,1.6254,0.3946
2.1968,0.0008,1.5058,2.1874,0.3542
1.2180,0.0009,1.2152,1.3677,0.3542
1.5605,0.0009,0.8724,1.4318,0.3447
1.8011,0.0006,1.0205,1.9397,0.3289
1.6716,0.0008,0.8805,1.3091,0.3462
1.5744,0.0005,1.0132,1.7305,0.3434
2.2570,0.0005,0.9717,2.3150,0.3439
1.2013,0.0003,0.9344,1.1560,0.3774
1.7166,0.0005,0.9311,1.7092,0.3774
1.8303,0.0005,1.3892,1.5830,0.3429
2.3614,0.0006,1.2248,2.5370,0.3416
1.4129,0.0005,1.0768,1.2460,0.3444
2.2760,0.0005,1.3478,2.5678,0.3515
1.2558,0.0004,1.3082,1.2875,0.3596
1.3862,0.0004,1.0211,1.2553,0.3596
1.8061,0.0004,0.7582,1.9130,0.3470
1.8819,0.0007,0.8185,1.7860,0.3672
2.2879,0.0007,1.0092,2.2739,0.3697
1.4168,0.0008,1.2071,1.3446,0.3697
2.9107,0.0008,1.2706,2.9009,0.3322
1.7982,0.0010,1.1397,1.8701,0.3432
1.5769,0.0009,1.2303,1.5528,0.3432
1.9901,0.0011,1.1220,2.0379,0.3401
1.5145,0.0007,0.9017,1.3961,0.3401
2.3132,0.0006,0.8799,2.1622,0.3572
1.6125,0.0006,1.2729,1.8205,0.3572
1.7409,0.0007,1.3697,1.6935,0.5403
1.6774,0.0006,1.1986,1.7567,0.3590
1.6536,0.0006,0.9228,1.6441,0.3590
1.7015,0.0004,0.9512,1.7092,0.3526
1.3625,0.0004,1.0846,1.2231,0.3526
1.5319,0.0006,0.8848,1.6722,0.3562
1.9413,0.0007,0.8609,1.6750,0.3412
1.8448,0.0009,1.1613,1.9655,0.3557
1.6614,0.0009,1.0053,1.6772,0.3467
1.9980,0.0007,1.0347,2.0212,0.3716
1.7829,0.0008,1.2299,1.6773,0.3423
1.8284,0.0006,1.2778,1.9701,0.3505
1.5086,0.0006,0.9844,1.5183,0.3505
1.9362,0.0003,0.9412,1.7780,0.3577
1.2775,0.0003,1.0003,1.4808,0.3352
1.2206,0.0003,0.8323,1.2238,0.3352
1.8917,0.0003,0.9516,1.8622,0.3497
1.6606,0.0004,0.9158,1.3161,0.3431
2.0034,0.0006,0.9350,2.2747,0.3495
1.7323,0.0004,1.1522,1.3491,0.3612
1.1427,0.0004,1.4058,1.3407,0.3612
2.0068,0.0005,0.9145,2.2351,0.3457
1.5942,0.0004,0.7149,1.4553,0.3457
1.6285,0.0004,0.8405,1.4832,0.3465
1.6074,0.0004,0.7860,1.6793,0.3503
1.8104,0.0003,0.7176,2.0053,0.3401
1.4062,0.0003,0.7286,1.4124,0.3355
1.6336,0.0005,0.7358,1.2335,0.3551
2.3910,0.0005,1.1451,2.6277,0.3529
1.3790,0.0007,1.1400,1.3195,0.3529
2.3974,0.0006,1.0994,2.4524,0.3436
1.4148,0.0006,1.1168,1.3772,0.3436
1.8288,0.0006,0.8902,1.9549,0.3516
1.4313,0.0004,0.9899,1.1185,0.4055
1.9899,0.0004,0.8682,1.9772,0.3533
1.7142,0.0003,0.8764,1.8006,0.3616
1.5953,0.0004,0.7017,1.7627,0.3382
1.8697,0.0006,0.7201,1.9318,0.3363
1.8022,0.0004,0.8089,1.3231,0.3835
1.8555,0.0003,1.0328,2.2972,0.3660
1.2556,0.0003,0.8363,0.8463,0.3550
1.4772,0.0004,0.8715,1.7166,0.3550
2.3109,0.0004,0.9978,2.2960,0.3487
1.1275,0.0005,1.0083,1.3368,0.3372
1.3473,0.0006,0.7320,1.2637,0.3372
1.6931,0.0006,0.6693,1.4566,0.3333
1.8014,0.0004,0.8542,2.0337,0.3398
1.3820,0.0005,0.8201,1.0180,0.3398
1.6053,0.0005,0.9490,1.9468,0.3414
1.7417,0.0004,0.8580,1.7397,0.3712
1.1753,0.0004,1.0500,1.1456,0.3680
1.6901,0.0005,1.0431,1.7618,0.3354
2.1199,0.0005,0.6886,1.6788,0.3610
1.6927,0.0003,1.0470,2.1394,0.3523
1.4556,0.0004,0.9195,1.2521,0.3408
2.3198,0.0005,0.7837,2.4372,0.3524
1.6007,0.0004,1.0241,1.6249,0.3433
1.9024,0.0005,0.8651,1.5942,0.3352
1.6150,0.0006,1.2208,1.8401,0.3504
1.1392,0.0004,1.4174,1.1485,0.3504
1.9084,0.0004,0.8246,1.9256,0.3354
1.7925,0.0004,0.8165,1.8039,0.3354
1.3999,0.0004,0.8379,1.3355,0.3381
2.1153,0.0007,0.8599,2.1560,0.3367
1.4452,0.0003,0.9454,1.2550,0.3564
1.2115,0.0003,1.1982,1.2727,0.3564
1.9283,0.0003,0.6920,2.1053,0.3549
1.1196,0.0004,0.7189,1.1091,0.3549
1.6127,0.0004,0.7165,1.3511,0.3621
1.6631,0.0004,0.8614,1.8665,0.3527
1.5071,0.0003,1.1210,1.3355,0.3711
1.7410,0.0003,0.8393,1.8357,0.3691
1.3530,0.0004,0.8562,1.3048,0.3522
1.6642,0.0006,0.8150,1.5902,0.3456
1.8947,0.0005,1.1850,1.7813,0.3630
1.7135,0.0004,0.9039,2.0015,0.3374
1.4992,0.0004,0.8414,1.3493,0.3374
1.7177,0.0008,0.9217,1.5516,0.3568
1.7782,0.0004,1.1117,1.9289,0.3568
2.0482,0.0004,1.1221,2.1556,0.3614
1.3525,0.0004,0.8266,1.1456,0.3614
1.4593,0.0004,0.7721,1.6941,0.3585
1.7204,0.0003,0.7760,1.6226,0.3492
1.8622,0.0004,1.1345,1.7503,0.3285
1.7035,0.0004,1.3628,1.8663,0.3494
1.5013,0.0003,0.8413,1.4250,0.3441
1.4285,0.0003,0.8118,1.4984,0.3527
1.6026,0.0004,0.7106,1.4530,0.3640
1.9225,0.0005,0.7781,1.7570,0.3519
2.1905,0.0004,1.0221,2.4598,0.3571
1.8673,0.0005,0.9149,1.7691,0.3583
1.1004,0.0004,0.9307,1.0928,0.3583
1.8297,0.0005,0.8590,1.8692,0.3395
1.6203,0.0004,0.9383,1.6480,0.3614
1.2933,0.0004,0.9679,1.3614,0.3611
1.3183,0.0003,0.7384,1.2371,0.3448
1.2573,0.0003,0.6844,1.3728,0.3506
1.5077,0.0003,0.6884,1.5035,0.3525
1.7810,0.0004,0.8252,1.6315,0.3377
1.6968,0.0004,0.7423,1.4109,0.3428
2.3647,0.0003,0.8845,2.7161,0.3702
1.6120,0.0004,0.8476,1.5306,0.3520
1.4732,0.0006,0.9050,1.1292,0.3510
1.5843,0.0004,1.2853,1.9932,0.3574
1.3691,0.0003,0.9479,1.3738,0.3574
1.2626,0.0003,0.7977,1.1707,0.3509
1.3707,0.0004,0.6939,1.4450,0.3483
1.5678,0.0004,0.7658,1.2742,0.3483
1.3296,0.0003,0.9747,1.4165,0.3483
1.7706,0.0004,0.7233,1.7832,0.3572
1.3652,0.0004,0.9742,1.3821,0.3572
1.8120,0.0005,1.1279,1.8176,0.3727
1.7664,0.0006,0.9317,1.5839,0.3830
2.0900,0.0006,1.1456,2.0775,0.3422
1.7515,0.0005,1.2066,1.7453,0.3445
1.5814,0.0006,1.0073,1.6282,0.3445
1.5274,0.0004,0.8410,1.8100,0.3415
1.4636,0.0004,0.7240,1.2718,0.3570
1.6624,0.0004,0.8917,1.8335,0.3570
2.1707,0.0004,0.7559,2.0590,0.3600
1.4242,0.0007,0.9322,1.3435,0.3513
2.2012,0.0006,1.0854,2.1585,0.3619
0.9204,0.0003,1.1466,0.9676,0.3619
1.9044,0.0003,0.7629,1.9422,0.3407
1.4842,0.0003,0.9056,1.5635,0.3407
1.4781,0.0003,0.7347,1.4552,0.3525
1.5743,0.0003,0.6430,1.2749,0.3421
1.4851,0.0003,0.8578,1.3244,0.3525
1.0453,0.0003,0.9424,1.4870,0.3525
1.1897,0.0003,0.9178,1.1502,0.3590
1.6982,0.0004,1.0872,1.8012,0.3456
1.3280,0.0005,0.7073,1.2962,0.3937
1.4989,0.0004,0.7888,1.1948,0.3898
1.3378,0.0003,0.9660,1.6732,0.3898
1.0461,0.0003,0.7663,0.9391,0.3544
1.8864,0.0005,0.8441,1.8078,0.3383
1.8617,0.0006,1.0223,1.8212,0.3511
1.7596,0.0005,1.0875,1.7638,0.4176
1.6035,0.0007,1.0455,1.6682,0.3670
0.9774,0.0003,0.9462,1.1212,0.3670
1.6447,0.0004,0.7248,1.2188,0.3303
1.4254,0.0004,0.8078,1.3920,0.3525
1.3608,0.0004,0.9025,1.5373,0.3525
1.7803,0.0003,0.7667,1.6048,0.3735
1.2073,0.0004,0.9171,1.5500,0.3735
1.5660,0.0003,0.6785,1.3415,0.3520
1.4507,0.0004,0.7602,1.3913,0.3736
1.0270,0.0003,0.9321,1.3170,0.3736
1.2305,0.0004,0.6344,1.2934,0.3454
1.1579,0.0005,0.6054,1.0359,0.3547
1.5813,0.0004,0.6473,1.4589,0.3498
1.1133,0.0005,0.9279,1.2108,0.3498
1.8080,0.0003,0.8510,1.9085,0.3543
1.3699,0.0004,0.6678,1.3654,0.3472
1.9736,0.0006,0.6952,1.8725,0.4101
1.2887,0.0004,1.1112,1.3346,0.3866
1.2278,0.0003,0.9427,1.2040,0.3866
1.9036,0.0005,0.9920,1.7770,0.3651
0.8453,0.0003,1.0380,0.9192,0.3651
1.6684,0.0004,0.7191,1.5490,0.3604
1.1882,0.0003,0.8122,1.4440,0.3604
1.7446,0.0003,0.6922,1.2602,0.3355
1.2564,0.0003,0.8698,1.4867,0.3605
1.4206,0.0003,0.7165,1.4365,0.3605
1.8140,0.0003,0.5858,2.0368,0.3405
1.4669,0.0003,0.6215,1.2172,0.3411
1.4858,0.0004,0.9016,1.7200,0.3456
1.4230,0.0004,0.6780,1.3411,0.3456
1.4205,0.0004,0.7698,1.1468,0.3498
1.7184,0.0004,0.6708,1.8340,0.3556
1.1271,0.0003,0.9365,0.9907,0.3556
1.2189,0.0003,1.0267,1.4139,0.3515
1.4175,0.0004,0.7112,1.5370,0.3690
1.2434,0.0003,0.6026,1.2995,0.3435
1.6894,0.0004,0.6554,1.1702,0.3245
0.9847,0.0003,0.9820,1.4745,0.3245
1.5449,0.0004,0.9098,1.5112,0.3569
1.6077,0.0007,0.6980,1.3936,0.3560
1.7630,0.0005,0.8485,1.6703,0.3774
1.1432,0.0003,1.3401,1.4731,0.3774
1.2373,0.0003,0.6942,1.1883,0.3662
2.1152,0.0004,0.8072,1.9821,0.3539
1.0272,0.0004,0.9129,0.7925,0.3557
1.2656,0.0006,0.8969,1.3586,0.3574
1.2166,0.0003,0.7500,1.5207,0.3574
1.6544,0.0004,0.6497,1.4105,0.3505
1.8616,0.0005,0.7874,1.9927,0.3724
0.9740,0.0004,1.1364,1.0457,0.3724
1.3788,0.0003,0.7349,1.3261,0.3555
1.9564,0.0004,0.7333,1.5234,0.3749
1.3648,0.0004,0.9309,1.8402,0.3749
1.1449,0.0003,0.8775,0.8573,0.3657
1.0302,0.0005,1.0450,1.3385,0.3657
1.3361,0.0003,0.7697,1.3085,0.3435
1.3796,0.0003,0.6137,1.1694,0.3490
1.3161,0.0005,0.5735,1.5138,0.3445
1.1723,0.0003,0.5818,1.2012,0.3683
1.0967,0.0003,0.5891,1.0997,0.3507
1.2821,0.0004,0.6028,1.1610,0.3684
1.3107,0.0004,0.6877,1.4148,0.3630
1.5031,0.0003,0.6150,0.9775,0.3570
1.4859,0.0003,0.8813,1.5660,0.3570
1.8968,0.0004,0.7804,1.8902,0.3548
1.3140,0.0004,1.0559,1.5986,0.3582
1.3657,0.0003,1.0457,1.2216,0.3582
1.7372,0.0003,0.9507,1.9973,0.3535
1.2373,0.0004,0.6436,1.1479,0.3535
1.8631,0.0003,0.7966,1.5712,0.3339
2.0343,0.0004,0.9132,1.7660,0.3673
1.3698,0.0005,1.1854,1.7798,0.3673
1.4835,0.0004,0.7508,1.6281,0.3448
1.4094,0.0003,0.7069,1.3396,0.3448
1.7837,0.0004,0.6794,1.5953,0.3679
1.1720,0.0004,1.5070,1.0654,0.3795
1.0978,0.0004,1.0250,1.4601,0.3795
1.5026,0.0004,0.6127,1.2566,0.3468
1.0248,0.0004,0.7529,1.3555,0.3468
1.5994,0.0004,0.6303,1.2430,0.3407
1.8860,0.0003,0.8369,2.2020,0.3489
1.1712,0.0004,0.7020,0.9277,0.3489
1.5986,0.0004,0.6993,1.7385,0.3654
1.5321,0.0003,0.7838,1.6392,0.3485
0.9670,0.0003,0.8533,0.8838,0.3485
1.5686,0.0005,0.6956,1.6171,0.3447
1.8268,0.0004,0.7034,1.5300,0.3639
1.2379,0.0003,1.0998,1.3314,0.3493
1.2627,0.0003,0.8976,1.3178,0.3493
1.4055,0.0004,0.6983,1.5168,0.3503
1.2637,0.0003,0.6452,1.2487,0.3486
1.0873,0.0004,0.6488,1.1537,0.3458
1.4487,0.0003,0.5889,1.3432,0.3477
1.5102,0.0004,0.6832,1.2923,0.3447
1.1568,0.0006,0.7827,1.4482,0.3447
1.8744,0.0005,0.6394,1.7439,0.3479
1.5813,0.0005,0.8731,1.6600,0.3479
1.1686,0.0004,0.6697,1.0722,0.3458
1.5850,0.0004,0.6752,1.6652,0.3743
1.3669,0.0004,0.7704,1.2317,0.3609
1.5377,0.0004,0.6979,1.6873,0.3687
1.0409,0.0005,0.6567,1.0421,0.3687
1.9206,0.0004,0.6678,1.8209,0.3381
1.4800,0.0004,0.7851,1.5111,0.3539
0.8537,0.0004,0.8414,0.9320,0.3539
1.1845,0.0005,0.7019,1.1711,0.3538
1.3598,0.0004,0.7379,1.1315,0.3562
1.3112,0.0004,0.6677,1.5271,0.3540
1.2903,0.0004,0.6488,1.2866,0.3559
1.6883,0.0004,0.6258,1.3997,0.3613
1.1784,0.0004,1.0981,1.2628,0.3497
1.2993,0.0004,1.2555,1.3874,0.3771
1.2586,0.0004,0.7359,1.3457,0.3589
1.2590,0.0004,0.6702,1.1482,0.3565
0.9616,0.0004,0.7877,1.0599,0.3565
1.5918,0.0004,0.6604,1.2716,0.3515
1.4251,0.0004,1.1201,1.3913,0.3302
1.3247,0.0003,0.8637,1.5237,0.3302
1.3405,0.0004,0.6268,1.4640,0.3435
1.2181,0.0003,0.7589,1.2460,0.3480
1.0451,0.0003,0.6463,1.0547,0.3480
1.4703,0.0004,0.6073,1.2752,0.3469
1.2634,0.0004,0.8415,1.4088,0.3469
1.4637,0.0003,1.0184,1.4665,0.3494
1.4000,0.0004,0.7184,1.4115,0.4059
1.1339,0.0003,0.6655,1.1175,0.3549
1.2932,0.0004,0.6521,1.3276,0.3540
1.4595,0.0004,0.5751,1.2571,0.3534
1.1149,0.0003,1.0960,1.1878,0.3374
1.1989,0.0003,0.8823,1.0904,0.3374
1.8509,0.0007,0.7679,2.0576,0.3631
1.0398,0.0003,0.7028,0.9048,0.3631
1.6073,0.0003,0.5901,1.5781,0.3507
1.4704,0.0003,0.7752,1.6388,0.3461
1.0355,0.0003,0.6028,0.8675,0.3461
1.5487,0.0005,0.6047,1.4927,0.3467
1.1883,0.0005,0.8954,1.2822,0.3931
1.5202,0.0004,0.8757,1.6101,0.3577
1.3845,0.0006,0.6597,1.2145,0.3422
1.4254,0.0006,0.6660,1.5933,0.3610
1.2893,0.0004,0.7337,1.0558,0.3425
1.3127,0.0004,1.0053,1.3203,0.3550
1.2846,0.0003,0.8235,1.3985,0.3550
1.4899,0.0003,0.7495,1.5903,0.3557
1.5030,0.0003,0.6345,1.1632,0.3557
1.3759,0.0003,0.7611,1.5109,0.3416
1.3191,0.0003,0.6559,1.4494,0.3501
1.6220,0.0004,0.6866,1.3444,0.3473
1.7204,0.0003,0.8294,1.9201,0.3682
1.2846,0.0003,1.2247,1.0389,0.3456
1.1627,0.0003,1.0999,1.5229,0.3456
1.5436,0.0004,0.7756,1.2179,0.3597
1.3607,0.0003,0.7116,1.6429,0.3413
1.2228,0.0004,0.6995,1.2256,0.3397
1.6253,0.0003,0.8335,1.5078,0.3482
1.6822,0.0003,0.6600,1.8065,0.3520
1.2975,0.0004,0.6444,1.2884,0.3474
0.9243,0.0004,0.6387,0.9518,0.3428
1.1052,0.0004,0.6055,1.0158,0.3428
1.6298,0.0006,0.6080,1.6179,0.3316
1.4753,0.0005,1.1301,1.1448,0.3788
1.4550,0.0003,1.0899,1.4927,0.3596
1.3045,0.0003,0.8611,1.6048,0.3596
1.7290,0.0003,0.7978,1.7637,0.3383
0.9406,0.0004,0.7907,0.8812,0.3383
1.2726,0.0003,0.6103,1.2850,0.3643
1.1093,0.0004,0.5904,1.1175,0.3495
1.3690,0.0003,0.6578,1.3107,0.3427
1.3551,0.0005,0.6012,1.2516,0.3410
1.7943,0.0003,0.7541,1.9796,0.3440
1.2655,0.0003,0.6053,0.8903,0.3440
1.9575,0.0006,0.6119,1.8283,0.3468
2.1823,0.0006,0.8464,2.6084,0.3675
1.5685,0.0004,1.2658,1.5808,0.3640
1.2885,0.0003,0.7599,0.9997,0.3640
1.7125,0.0003,0.7256,1.9711,0.3548
1.2477,0.0003,0.7305,1.2933,0.3389
1.1117,0.0003,0.6213,1.0508,0.3389
1.6718,0.0003,0.6240,1.3939,0.3472
1.2823,0.0003,0.8579,1.4572,0.3347
1.1765,0.0004,0.7868,1.3296,0.3347
1.5738,0.0003,0.6097,1.1352,0.3378
1.4195,0.0004,0.8778,1.5358,0.3378
1.5673,0.0004,0.8440,1.6735,0.3940
1.3495,0.0003,0.9362,1.3756,0.3495
1.2544,0.0004,0.9893,1.1030,0.3428
0.9413,0.0004,1.1839,0.9404,0.3467
1.3096,0.0004,0.9296,1.3212,0.3527
1.3616,0.0003,0.8818,1.4698,0.3527
1.5129,0.0004,0.6356,1.4980,0.3434
1.4362,0.0003,0.6333,1.3477,0.3479
1.5232,0.0004,0.7057,1.5345,0.3449
1.4574,0.0004,0.8227,1.5508,0.3376
1.0167,0.0004,0.8796,1.1821,0.3376
1.7055,0.0006,0.8624,1.3721,0.3538
1.5345,0.0004,0.7517,1.4983,0.3554
1.4770,0.0004,0.7620,1.7102,0.3471
1.2571,0.0003,0.7824,1.1522,0.3471
1.2710,0.0004,0.6553,1.4957,0.3488
1.2972,0.0003,0.6008,1.2882,0.3537
1.1824,0.0004,0.6483,0.9785,0.3537
1.2804,0.0003,0.6892,1.4325,0.3490
1.7877,0.0003,0.6161,1.6659,0.3416
1.0442,0.0003,0.7379,1.2091,0.3416
1.5478,0.0003,0.5953,1.1694,0.3402
1.2087,0.0003,0.7219,1.4053,0.3402
1.7696,0.0006,0.7063,1.8647,0.3468
0.8350,0.0007,0.7423,0.8668,0.3468
1.6161,0.0007,0.7300,1.3167,0.3629
1.3658,0.0004,0.8841,1.6449,0.3577
1.3549,0.0005,0.9016,1.3565,0.3490
1.2474,0.0003,0.6489,1.2492,0.3613
1.0182,0.0003,0.7367,0.8882,0.3613
1.3326,0.0004,0.7694,1.4670,0.3471
1.2623,0.0004,0.6028,1.1617,0.3515
1.1781,0.0003,0.7240,1.1734,0.3515
1.4499,0.0003,0.8620,1.2457,0.3573
1.2276,0.0004,0.7718,1.5155,0.3514
1.4104,0.0004,0.6660,1.3592,0.3581
1.2714,0.0005,0.8385,1.0987,0.3581
1.7400,0.0004,0.8017,1.7167,0.3436
1.1368,0.0003,0.8848,1.3500,0.3572
1.6842,0.0003,0.6838,1.6333,0.3515
1.0673,0.0003,0.6906,1.1257,0.3340
1.2526,0.0005,0.6271,1.1597,0.3340
1.5636,0.0004,0.6142,1.6538,0.3534
1.3501,0.0004,0.6015,1.1587,0.3323
1.4512,0.0005,0.8313,1.4604,0.3577
0.9551,0.0004,1.0706,0.7619,0.3577
1.3543,0.0003,0.7262,1.6844,0.3435
1.4836,0.0004,0.6812,1.4909,0.3475
1.1809,0.0003,0.6986,0.9865,0.3475
1.8103,0.0004,0.6818,1.8188,0.3655
1.1312,0.0003,0.9553,1.2641,0.3655
1.4144,0.0004,1.0332,1.3243,0.3675
1.3831,0.0003,0.6529,1.4167,0.3556
1.3076,0.0003,0.6891,1.4041,0.3572
1.3294,0.0004,0.7528,1.1061,0.3552
1.0821,0.0003,0.7258,1.1909,0.3552
1.3681,0.0003,0.6147,1.4006,0.3586
1.1014,0.0003,0.6914,1.0167,0.3460
2.0076,0.0003,0.7602,2.1158,0.3629
1.5327,0.0003,0.7415,1.5539,0.3399
0.9990,0.0004,0.6914,0.9520,0.3399
2.4631,0.0004,0.6744,2.2583,0.3491
1.0242,0.0003,0.9909,0.9599,0.3491
1.5540,0.0003,0.8406,1.7858,0.3399
1.4848,0.0003,0.8756,1.2239,0.3397
1.6925,0.0004,0.8653,1.6541,0.3485
1.3379,0.0003,0.9171,1.5285,0.3485
1.4177,0.0003,0.9080,1.5614,0.3391
1.8105,0.0006,0.6772,1.5656,0.3515
1.1633,0.0007,0.9708,1.3660,0.3390
1.6835,0.0003,0.7768,1.6153,0.3394
1.3640,0.0004,0.7828,1.4084,0.3394
2.2168,0.0005,0.7517,2.1843,0.3715
1.2845,0.0004,0.8752,1.1609,0.3715
1.8351,0.0005,0.8100,1.9759,0.3643
1.2255,0.0003,0.8478,1.2505,0.3643
1.6694,0.0004,1.0049,1.3625,0.3645
1.6928,0.0004,0.7461,1.8155,0.3291
1.6269,0.0004,0.7884,1.7572,0.3489
1.7036,0.0003,0.8146,1.7333,0.3418
1.4080,0.0003,0.7707,1.3024,0.3418
1.5440,0.0004,0.6958,1.5922,0.3409
1.5612,0.0004,0.9554,1.5760,0.3491
1.4171,0.0005,1.1105,1.4416,0.3378
1.3431,0.0003,0.7015,0.9702,0.3378
1.7400,0.0005,0.7252,1.7147,0.3511
1.5986,0.0003,0.8364,1.9850,0.3577
1.2615,0.0003,0.6493,1.2204,0.3577
1.3630,0.0003,0.6925,1.0947,0.3518
1.2200,0.0007,0.9279,1.5121,0.3518
1.2584,0.0004,0.6648,1.1782,0.3623
1.2759,0.0004,0.7011,1.2024,0.3623
1.2907,0.0003,0.6221,1.4530,0.3491
1.3076,0.0005,0.5938,1.1343,0.3488
1.8691,0.0005,0.6227,1.9390,0.3341
1.7202,0.0004,0.8423,1.7808,0.3569
1.2056,0.0003,0.8707,1.2228,0.3630
1.2277,0.0004,0.9864,1.1743,0.3630
1.2854,0.0004,0.8284,1.0805,0.3548
1.5229,0.0004,0.9138,1.7053,0.3407
1.3824,0.0003,0.7412,1.4237,0.3407
1.6033,0.0004,0.7069,1.3241,0.3395
1.1517,0.0004,0.8149,1.4147,0.3395
1.3831,0.0005,0.6254,1.3048,0.3501
1.0606,0.0004,0.7355,1.1627,0.3503
1.6960,0.0003,0.8779,1.6723,0.3401
1.4514,0.0003,0.8265,1.3567,0.3669
1.5810,0.0003,0.7671,1.5998,0.3472
1.3912,0.0004,0.8354,1.1537,0.3693
1.1486,0.0003,0.9600,1.3630,0.3693
1.4474,0.0003,0.7448,1.2016,0.3588
1.5145,0.0003,0.7666,1.7244,0.3568
1.0306,0.0003,0.7483,1.0405,0.3568
1.9320,0.0003,0.6732,2.0032,0.3640
1.2324,0.0004,0.6421,1.2565,0.3587
1.2258,0.0003,0.6270,1.2240,0.3626
0.9645,0.0003,0.6284,0.9563,0.3626
1.3419,0.0009,0.6206,1.3403,0.3557
1.4539,0.0004,0.6064,1.3068,0.3674
1.9246,0.0003,0.8037,1.8330,0.3511
2.4593,0.0004,0.7799,2.3426,0.3629
1.0157,0.0003,1.0310,1.3381,0.3458
0.9592,0.0004,0.8404,0.7989,0.3458
1.8529,0.0003,0.6235,1.9976,0.3519
0.9960,0.0003,0.6582,0.7073,0.3519
0.9633,0.0003,0.7572,1.2537,0.3527
1.1016,0.0003,0.7694,1.1053,0.3458
1.3254,0.0004,0.5481,1.3149,0.3419
1.6125,0.0003,0.5996,1.6025,0.3660
1.2067,0.0005,0.6584,0.9373,0.3660
1.6587,0.0003,0.6708,1.8639,0.3543
1.4623,0.0003,0.6988,1.3469,0.3597
1.4674,0.0005,0.8266,1.5831,0.3434
1.2745,0.0006,0.7401,0.9540,0.3543
1.3369,0.0003,0.9462,1.3899,0.3543
1.5199,0.0003,0.8451,1.7692,0.3621
1.3986,0.0003,0.6436,1.3446,0.3584
0.9981,0.0003,0.7133,0.9669,0.3584
1.6192,0.0003,0.6634,1.6568,0.3473
1.1378,0.0003,0.7670,1.1350,0.3532
1.5038,0.0003,0.9008,1.2808,0.3407
1.1532,0.0003,0.7449,1.4339,0.3407
1.4172,0.0004,0.8002,1.3553,0.3742
1.5643,0.0004,1.0063,1.5008,0.3644
1.2799,0.0003,0.8184,1.0617,0.3512
1.5197,0.0003,0.8480,1.4748,0.3534
1.3208,0.0003,0.8238,1.6692,0.3534
1.1383,0.0003,0.7832,0.9668,0.3433
0.9313,0.0003,1.0130,1.1150,0.3433
1.4323,0.0003,0.6484,1.2646,0.3519
1.3047,0.0004,0.6608,1.3466,0.3479
1.6470,0.0003,0.6616,1.4273,0.3595
1.0661,0.0003,1.0470,1.3789,0.3595
1.2404,0.0004,0.7701,1.2448,0.3590
1.4507,0.0004,0.6232,1.3803,0.3428
1.5435,0.0004,0.7994,1.4171,0.3798
1.5429,0.0003,0.8743,1.5767,0.3817
1.7201,0.0005,0.7091,1.8176,0.3437
1.7410,0.0003,0.7462,1.7788,0.3386
1.2390,0.0003,0.6293,1.1680,0.3386
1.1424,0.0004,0.6143,1.0957,0.3381
1.3750,0.0003,0.6190,1.4903,0.3669
1.3198,0.0003,0.5927,0.8739,0.3363
1.2800,0.0002,0.7108,1.5931,0.3528
1.2705,0.0003,0.7351,1.2379,0.3315
0.9710,0.0003,0.7439,1.0396,0.3315
2.0502,0.0004,0.6208,2.0486,0.5243
1.5541,0.0005,0.7120,1.5691,0.3409
1.1717,0.0005,0.7997,1.0438,0.3493
1.3523,0.0004,0.8457,1.3448,0.3493
1.6472,0.0003,0.7121,1.7994,0.3488
1.1349,0.0003,0.8772,1.0283,0.3416
1.4521,0.0004,1.0264,1.1925,0.3454
1.6289,0.0003,0.7714,1.6382,0.3467
1.1413,0.0003,0.8072,1.4737,0.3467
1.3556,0.0003,0.6615,1.3498,0.3376
1.1473,0.0004,0.6723,1.1673,0.3423
1.6217,0.0004,0.7554,1.6027,0.3420
1.6724,0.0004,0.7104,1.6129,0.3420
1.4578,0.0004,0.8148,1.4711,0.3846
1.2893,0.0003,0.7120,1.3205,0.3371
1.2980,0.0004,0.6436,1.2893,0.3378
1.0390,0.0003,0.6540,1.0516,0.3378
2.0928,0.0003,0.5946,1.9155,0.3598
1.2433,0.0004,0.7687,1.3922,0.3571
0.9924,0.0004,0.6417,0.8534,0.3571
1.2790,0.0004,0.6485,1.4050,0.3293
1.3328,0.0003,0.6220,1.1199,0.3472
1.5520,0.0004,0.6247,1.7358,0.3431
1.4994,0.0004,0.6559,1.1312,0.3425
1.1101,0.0005,0.9502,1.3961,0.3425
2.2403,0.0005,1.1054,2.0928,0.5908
1.3293,0.0003,1.6541,1.4787,0.3624
1.4750,0.0004,0.8758,1.5402,0.3584
1.3105,0.0004,0.7854,1.3137,0.3584
1.2931,0.0004,0.5853,1.0494,0.3424
1.5337,0.0003,0.5936,1.7263,0.3464
1.4591,0.0003,0.5681,1.1389,0.3420
1.1537,0.0003,0.8179,1.2822,0.3487
1.6876,0.0003,0.9507,1.8176,0.3346
1.2930,0.0003,0.7351,1.0830,0.3519
1.2811,0.0004,0.8036,1.4322,0.3519
1.3468,0.0005,0.9581,1.4525,0.3700
1.5030,0.0004,0.7448,1.3095,0.3648
1.4511,0.0003,0.8475,1.2211,0.3648
1.2050,0.0004,0.7722,1.6374,0.3411
1.3864,0.0004,0.8223,1.3714,0.3550
1.0945,0.0003,0.6519,1.1087,0.3598
1.5180,0.0003,0.8995,1.1422,0.3439
1.2541,0.0003,0.8201,1.6269,0.3430
1.1904,0.0004,0.6959,1.0795,0.3430
1.4109,0.0003,0.6883,1.5035,0.3545
1.4967,0.0006,0.6193,1.3019,0.3387
1.5832,0.0006,0.8427,1.5146,0.3453
1.4807,0.0006,1.0285,1.6430,0.3498
1.7987,0.0006,0.9653,1.5665,0.3627
1.3466,0.0005,1.0075,1.4883,0.3627
1.4256,0.0004,0.7093,1.4341,0.3484
1.5546,0.0004,0.6866,1.4357,0.3477
1.8013,0.0004,0.7355,2.0248,0.3610
0.9633,0.0003,0.7657,1.0051,0.3610
1.5739,0.0003,0.8324,1.5608,0.3599
1.2801,0.0003,0.6426,0.9133,0.3438
1.3529,0.0004,0.9624,1.4472,0.3444
1.2100,0.0003,0.9707,1.4579,0.3444
1.7792,0.0003,0.7178,1.7084,0.3543
1.4777,0.0003,0.7906,1.2862,0.3590
1.4584,0.0004,0.8252,1.5281,0.3529
1.4337,0.0004,0.8224,1.5134,0.3529
1.5889,0.0004,0.6592,1.7051,0.3459
1.6566,0.0005,0.6075,1.4300,0.3497
1.6197,0.0003,0.7736,1.8300,0.3607
1.5263,0.0005,0.8440,1.5254,0.3470
1.4665,0.0005,0.5990,1.4350,0.3489
0.9181,0.0004,0.6744,0.9296,0.3489
1.9314,0.0003,0.6117,1.9128,0.3566
1.1542,0.0004,0.7430,1.0454,0.3566
1.4370,0.0004,0.8354,1.4912,0.3695
1.1497,0.0004,0.7485,1.0571,0.3800
1.3236,0.0003,0.7749,1.4391,0.3625
1.3090,0.0004,0.6698,1.3028,0.3634
1.0618,0.0004,0.6631,0.9310,0.3634
1.4211,0.0005,0.6681,1.5235,0.3529
1.3475,0.0003,0.6336,1.3634,0.3550
1.2376,0.0003,0.6515,1.1417,0.3430
1.4348,0.0003,0.6818,1.3195,0.3745
1.6526,0.0004,0.7359,1.6599,0.3549
1.2053,0.0003,1.0726,1.0254,0.3481
1.6511,0.0005,0.9236,1.9264,0.3481
1.4647,0.0005,1.1276,1.2015,0.3497
1.4885,0.0003,1.1621,1.5488,0.3836
1.4698,0.0004,0.8175,1.4358,0.3480
1.3725,0.0004,0.9503,1.2820,0.3514
1.1285,0.0004,0.7537,1.3678,0.3514
1.8125,0.0003,0.7427,1.7918,0.3461
1.2974,0.0004,0.8931,1.0578,0.3390
1.0575,0.0003,0.8268,1.4156,0.3390
1.5472,0.0007,0.9164,1.2206,0.3383
1.4123,0.0005,0.7783,1.7464,0.3532
1.6167,0.0006,0.8139,1.6208,0.3418
1.5398,0.0003,0.7711,1.5101,0.3418
1.6329,0.0004,0.7100,1.2015,0.4092
1.2433,0.0004,1.0028,1.7011,0.4092
1.7081,0.0004,0.7054,1.5229,0.3357
1.5616,0.0006,0.8115,1.5475,0.3429
1.5325,0.0003,0.8693,1.6520,0.3537
1.5148,0.0003,0.7479,1.5571,0.3430
1.0589,0.0003,0.6810,0.9773,0.3430
1.4807,0.0003,0.9022,1.4198,0.3416
1.3278,0.0003,0.6028,1.4032,0.3587
1.4111,0.0004,0.6189,1.2904,0.3500
1.2315,0.0003,0.7563,1.2117,0.3500
1.5568,0.0004,0.7116,1.5161,0.3742
1.9298,0.0003,0.7412,2.1137,0.3888
1.1260,0.0003,0.7339,1.1639,0.3500
1.1681,0.0003,0.7088,0.9871,0.3500
1.5485,0.0004,0.8265,1.6873,0.3506
1.3968,0.0003,0.6911,1.4167,0.3513
1.1551,0.0003,0.8913,0.9857,0.3574
1.5054,0.0004,1.1302,1.3295,0.3562
0.9213,0.0002,0.9504,1.2715,0.3562
1.4043,0.0003,0.8251,1.2226,0.3559
1.2595,0.0003,0.6755,1.4333,0.3503
1.4000,0.0004,0.7878,1.2339,0.3503
2.2011,0.0004,0.8199,2.1996,0.3725
1.2926,0.0005,1.0482,1.4291,0.3754
1.2496,0.0004,0.8294,0.9830,0.3754
1.3282,0.0005,0.8765,1.5512,0.3541
1.1375,0.0003,0.6367,1.1965,0.3439
1.4577,0.0004,0.6234,1.3990,0.3413
1.3251,0.0005,0.6822,1.3148,0.3643
1.8777,0.0003,1.1968,1.8689,0.3438
1.7210,0.0003,0.7788,1.7472,0.3481
1.3000,0.0003,0.7439,1.0623,0.3481
1.5209,0.0005,0.6820,1.4399,0.3336
1.7737,0.0006,0.8105,1.9881,0.3395
2.0807,0.0007,0.9380,2.0953,0.3673
1.1588,0.0005,1.0877,1.0889,0.3411
1.7198,0.0004,1.0065,1.7312,0.3459
1.5066,0.0006,0.9333,1.5830,0.3459
1.3873,0.0005,0.8320,1.2690,0.3482
1.3729,0.0004,1.2182,1.5142,0.3642
1.4624,0.0004,0.6900,1.2698,0.3469
1.1964,0.0003,1.2467,1.0210,0.3469
2.0320,0.0003,0.8394,2.3465,0.3489
1.7790,0.0004,0.7765,1.7989,0.3570
1.0803,0.0005,0.7518,0.8966,0.3570
1.9084,0.0005,0.8643,1.9605,0.3800
1.7470,0.0005,1.0281,1.6283,0.3557
2.0820,0.0005,0.9681,2.2289,0.3608
1.2214,0.0007,0.9424,1.1269,0.3665
1.2425,0.0006,1.2030,1.4256,0.3665
1.6771,0.0005,0.8440,1.6402,0.3493
1.5756,0.0003,0.7304,1.6279,0.3485
1.6279,0.0004,0.6924,1.4154,0.3461
1.7285,0.0004,0.8429,1.8880,0.3460
1.6085,0.0004,0.9979,1.5707,0.3460
2.0935,0.0004,0.9861,2.0721,0.3818
1.3161,0.0004,1.2875,1.3444,0.3457
1.5965,0.0004,0.7793,1.5645,0.3529
1.2047,0.0007,0.8459,1.1102,0.3529
2.3589,0.0006,0.9518,2.4038,0.3392
1.5615,0.0005,0.9800,1.5273,0.3393
1.7049,0.0008,1.0274,1.6312,0.3324
1.7282,0.0006,1.1354,1.8500,0.3460
1.4826,0.0006,1.1747,1.4824,0.3460
1.7554,0.0007,0.8971,1.6121,0.3488
1.9558,0.0011,1.0345,2.0320,0.3730
1.5798,0.0008,1.6869,1.6255,0.3730
1.8503,0.0007,0.9104,1.8125,0.3316
1.8967,0.0005,0.9104,1.8399,0.3316
1.5969,0.0007,0.9301,1.7093,0.3433
1.5093,0.0004,0.7921,1.3267,0.3374
1.6182,0.0004,0.7673,1.4851,0.3523
1.5445,0.0004,0.8087,1.7897,0.3421
1.6742,0.0004,0.9392,1.6487,0.3527
1.8685,0.0007,0.7425,1.7916,0.3844
1.7358,0.0006,1.0128,1.7798,0.3806
1.8269,0.0004,1.4623,1.8063,0.3806
1.7654,0.0003,1.1523,1.7867,0.3432
1.4650,0.0004,0.9967,1.5437,0.3582
1.6848,0.0005,0.8342,1.6533,0.3556
1.2663,0.0004,0.8934,1.2937,0.3502
1.6222,0.0003,0.8043,1.6366,0.3502
1.8898,0.0004,0.6628,1.8299,0.3628
1.2716,0.0004,0.8069,1.3020,0.3628
1.7712,0.0005,0.7969,1.6113,0.3467
2.1456,0.0008,0.8185,2.1824,0.3440
1.7248,0.0006,0.9998,1.4908,0.3682
1.6769,0.0008,1.5298,1.6002,0.3557
2.0182,0.0006,1.3624,2.3568,0.3445
1.4427,0.0005,0.9169,1.4460,0.3445
1.6901,0.0004,0.8463,1.7054,0.3496
1.6198,0.0003,0.7611,1.2709,0.3434
1.4896,0.0011,0.9392,1.5864,0.3355
1.7184,0.0007,0.9422,1.9515,0.3578
1.7976,0.0005,0.7553,1.7838,0.3604
2.2035,0.0004,1.0887,2.0733,0.3585
1.4153,0.0004,1.0614,1.5520,0.3507
1.2981,0.0004,0.7606,1.2412,0.3507
1.8432,0.0003,0.7179,1.4966,0.3679
1.5753,0.0005,0.8581,1.8027,0.3291
2.0845,0.0005,0.9617,2.1867,0.3628
1.1663,0.0004,0.8131,1.2029,0.3628
1.6916,0.0003,0.7969,1.5599,0.3539
1.6222,0.0004,0.9211,1.5062,0.3400
1.9089,0.0007,0.7399,2.0450,0.3515
1.7698,0.0005,1.2414,1.7437,0.3546
1.6815,0.0003,0.9765,1.6735,0.3500
1.5262,0.0004,0.9277,1.4507,0.3220
1.7696,0.0004,0.9988,1.8427,0.3486
1.5377,0.0004,0.7956,1.6440,0.3486
1.7924,0.0004,0.8163,1.7024,0.3357
1.1060,0.0003,0.9070,1.0687,0.3357
2.0421,0.0004,0.6657,2.1485,0.3331
1.8683,0.0006,0.7574,1.8300,0.3331
1.3474,0.0005,0.7837,1.3181,0.3702
1.8488,0.0004,0.9012,1.8590,0.3742
1.5581,0.0003,0.8522,1.6097,0.3755
1.8253,0.0003,0.6650,1.7867,0.3452
1.5114,0.0003,0.6797,1.4697,0.3452
1.6155,0.0004,0.6802,1.4852,0.3464
1.5613,0.0004,0.8505,1.7188,0.3351
1.5929,0.0003,0.8809,1.5522,0.3413
1.7509,0.0004,0.8653,1.4115,0.3442
1.5193,0.0005,0.8282,1.7720,0.3423
1.9355,0.0009,0.8463,1.6779,0.3539
1.7670,0.0006,1.4560,1.8891,0.3955
1.3677,0.0006,1.1610,1.5535,0.3626
1.9091,0.0006,0.7716,1.9004,0.3311
1.4312,0.0005,0.8417,1.0478,0.3311
1.7530,0.0003,0.9160,2.1545,0.3392
1.5637,0.0003,0.7776,1.5832,0.3490
1.3588,0.0003,0.9324,1.2511,0.3490
1.3418,0.0006,0.7676,1.4421,0.3557
1.5655,0.0004,0.8488,1.5636,0.3494
1.8039,0.0005,0.7367,1.7494,0.3381
1.6291,0.0144,0.9721,1.5403,0.3527
1.9218,0.0005,1.3654,1.9992,0.3404
1.2465,0.0005,0.9171,1.2497,0.3404
1.5547,0.0004,0.7069,1.5831,0.3443
1.5700,0.0005,0.6514,1.4154,0.3485
1.4714,0.0005,0.7342,1.5981,0.3366
1.5143,0.0007,0.7332,1.2609,0.3434
1.2867,0.0005,0.8161,1.5650,0.3499
1.7508,0.0004,0.6488,1.5836,0.3500
1.9294,0.0006,0.6663,2.0106,0.3273
1.5208,0.0006,0.7383,1.3651,0.3701
1.8611,0.0007,0.9164,1.9293,0.3651
1.6880,0.0004,0.9584,1.7918,0.3740
1.3674,0.0005,0.9077,0.9919,0.3277
1.4741,0.0004,0.7926,1.8341,0.3439
1.3271,0.0003,0.7077,1.2660,0.3469
1.4623,0.0004,0.7712,1.3343,0.3558
1.3070,0.0004,0.7105,1.4864,0.3455
1.6443,0.0003,0.6844,1.6339,0.3490
1.6265,0.0005,0.7094,1.4273,0.3415
1.5850,0.0004,1.0881,1.6710,0.3495
2.3653,0.0007,0.9764,1.9847,0.3560
1.6537,0.0007,1.5416,2.0415,0.3560
1.8619,0.0006,1.2546,1.8108,0.3423
1.3996,0.0006,1.0471,1.4091,0.3423
1.1204,0.0006,0.9769,1.2152,0.3744
2.0936,0.0005,0.7975,1.9458,0.3479
1.3120,0.0007,0.9176,1.2053,0.3469
1.5271,0.0005,1.0270,1.5987,0.3438
1.5611,0.0005,0.9416,1.4135,0.3646
1.7379,0.0008,0.8104,1.8196,0.3412
2.4335,0.0009,1.0594,2.4716,0.3632
1.5399,0.0011,1.2466,1.5805,0.3429
1.3637,0.0008,1.0745,1.2865,0.3429
1.7811,0.0008,0.9425,1.7201,0.3440
1.8123,0.0007,0.8777,1.8946,0.3444
1.6576,0.0007,1.1177,1.7457,0.3538
1.5991,0.0007,1.1700,1.4344,0.3538
1.8190,0.0005,0.9068,1.9947,0.3570
1.5468,0.0004,1.1901,1.4111,0.3654
2.2683,0.0007,0.8329,2.1602,0.3262
1.0626,0.0008,1.0622,1.3158,0.3262
2.1334,0.0006,0.8638,2.0658,0.3441
1.7336,0.0005,0.8848,1.6400,0.3441
1.7723,0.0004,0.9810,1.8653,0.3590
1.5860,0.0005,1.0447,1.6056,0.3459
1.6710,0.0005,1.0140,1.6657,0.3417
1.8017,0.0010,0.9607,1.6971,0.3380
1.8540,0.0005,0.9592,1.8778,0.3448
2.1804,0.0007,0.9509,2.1330,0.3341
2.6660,0.0009,1.1169,2.4538,0.3449
1.9023,0.0011,1.4029,2.0955,0.3735
1.7741,0.0009,1.0666,1.8041,0.3721
1.0758,0.0006,0.9560,0.8781,0.3721
2.3902,0.0008,0.9537,2.3970,0.3391
1.4836,0.0007,1.1208,1.6872,0.3559
1.6506,0.0007,0.9545,1.6467,0.3466
1.3919,0.0007,0.9736,1.4184,0.3466
1.7161,0.0008,0.8902,1.3552,0.3445
1.7186,0.0006,1.0518,1.9112,0.3430
2.4250,0.0007,1.1808,2.4698,0.3595
1.3362,0.0006,1.0951,1.1065,0.3533
1.8240,0.0006,1.2536,2.0909,0.3533
2.2579,0.0007,0.8739,2.1866,0.3462
1.9258,0.0010,1.0283,1.9411,0.3495
1.6042,0.0006,1.0190,1.5724,0.3392
1.2797,0.0005,0.9501,1.3792,0.3392
1.9436,0.0005,0.7576,1.9205,0.3514
1.9846,0.0008,0.7988,1.8652,0.3679
1.9019,0.0009,1.1179,1.9627,0.3679
1.5545,0.0009,1.2498,1.2791,0.3878
1.7992,0.0010,0.9884,2.0340,0.3328
1.7800,0.0009,1.0444,1.4488,0.3520
1.7886,0.0008,1.3040,2.1296,0.3412
1.9556,0.0009,1.0133,1.8611,0.3310
1.7324,0.0010,1.0062,1.8395,0.3528
1.6334,0.0008,0.8806,1.3601,0.3528
1.9141,0.0007,0.8816,2.1165,0.3381
2.0978,0.0010,1.2045,2.0071,0.3876
1.4979,0.0008,1.7114,1.3480,0.3876
2.9111,0.0007,1.0686,2.9966,0.3479
1.1553,0.0006,1.0400,1.3385,0.3479
1.8816,0.0006,0.9323,1.7578,0.3451
1.9904,0.0006,1.0105,2.0910,0.3383
1.6381,0.0177,1.0467,1.1968,0.3485
1.4702,0.0007,1.2052,1.8969,0.3485
2.2209,0.0007,0.8195,2.1065,0.3473
1.5966,0.0009,1.0739,1.6290,0.3473
1.9194,0.0006,1.1469,1.9783,0.3504
1.6449,0.0009,0.9164,1.6275,0.3601
2.1200,0.0010,1.3415,2.0774,0.3516
1.6750,0.0007,1.0167,1.7160,0.3516
1.8253,0.0009,0.9102,1.6034,0.3361
2.0893,0.0006,0.9239,2.2752,0.3418
1.5763,0.0007,0.9187,1.5968,0.3611
1.4122,0.0007,0.7750,1.0888,0.3611
2.5718,0.0010,0.8083,2.7959,0.3616
1.6216,0.0008,0.9858,1.6274,0.3634
1.7912,0.0007,0.9597,1.8132,0.3485
1.8730,0.0007,0.8598,1.8336,0.3482
1.8353,0.0007,0.9355,1.8414,0.3286
1.1515,0.0007,1.0555,1.1897,0.3286
1.8016,0.0006,0.8308,1.5094,0.3347
2.1470,0.0007,0.8321,2.4092,0.3497
2.0241,0.0009,0.8668,1.9313,0.3522
1.4508,0.0007,1.0085,1.3870,0.3522
1.9552,0.0005,1.2628,2.0507,0.3591
1.8556,0.0007,0.9862,1.6039,0.3591
2.2870,0.0006,0.9096,2.5308,0.3442
1.2823,0.0007,0.9651,1.3267,0.3411
1.4670,0.0007,0.8844,1.3939,0.3411
1.6550,0.0006,0.8034,1.6631,0.3568
1.5598,0.0004,0.8562,1.5667,0.3442
1.9259,0.0009,1.0859,1.9472,0.3438
1.2862,0.0006,0.9901,1.2344,0.3438
2.2448,0.0008,0.8748,2.1102,0.3545
2.2119,0.0006,1.5824,2.2622,0.3500
1.5781,0.0007,1.0676,1.5659,0.3326
1.3284,0.0008,1.1029,1.2489,0.3326
2.6299,0.0010,1.0542,2.5315,0.3543
1.1545,0.0005,1.4423,0.9522,0.3484
1.8445,0.0004,1.0323,2.2456,0.3426
1.5783,0.0004,0.8483,1.5179,0.3426
2.0773,0.0010,0.9229,2.0836,0.3451
1.5574,0.0009,1.2138,1.5408,0.3451
2.1647,0.0006,1.3526,1.9151,0.3531
1.8230,0.0006,1.1895,2.1790,0.3472
1.7444,0.0005,0.8302,1.7268,0.3482
2.0888,0.0004,0.8532,2.0696,0.3518
1.5104,0.0007,0.8506,1.5480,0.3388
1.6325,0.0005,0.8729,1.5991,0.3519
1.0348,0.0005,1.2249,0.8906,0.3519
2.2298,0.0004,0.8479,2.3161,0.3615
1.2002,0.0004,0.9104,0.9333,0.3615
2.2095,0.0007,0.9187,2.3591,0.3396
1.7421,0.0008,0.9540,1.7566,0.3691
1.6111,0.0005,0.9620,1.5835,0.3484
2.1315,0.0005,0.9889,2.1743,0.3477
1.7589,0.0005,0.8897,1.8807,0.3513
1.6980,0.0006,0.8270,1.6852,0.3360
1.2509,0.0005,0.9220,1.2669,0.3338
1.2020,0.0005,0.9480,1.1026,0.3338
2.0220,0.0005,0.7104,2.0609,0.3488
2.2102,0.0008,0.8113,2.1585,0.3840
1.2511,0.0007,1.0072,1.3277,0.3451
1.8984,0.0007,0.8504,1.8920,0.3486
1.5968,0.0006,1.0129,1.4636,0.3471
1.3183,0.0004,0.9995,1.4565,0.3471
1.9671,0.0004,0.7402,1.5108,0.3340
2.2516,0.0005,0.8777,2.6292,0.3448
1.4780,0.0005,0.8645,1.3656,0.3448
2.4034,0.0007,0.7690,2.3580,0.3362
2.2145,0.0009,1.0976,2.2681,0.5060
1.6368,0.0006,1.1742,1.7507,0.3658
1.6424,0.0005,0.9236,1.6607,0.3548
1.7836,0.0006,0.7567,1.6885,0.3548
1.8285,0.0006,0.8507,1.9123,0.3513
1.8274,0.0006,0.7839,1.8140,0.3402
1.8694,0.0004,0.9178,1.6964,0.3267
1.8083,0.0005,0.9872,1.8759,0.3379
1.1461,0.0006,1.0497,0.9148,0.3379
1.6658,0.0006,1.0368,1.9263,0.3451
1.8000,0.0006,0.7980,1.4245,0.3639
1.4648,0.0005,1.3192,1.5235,0.3639
1.5343,0.0004,0.8575,1.6207,0.3451
1.9615,0.0003,0.7537,2.2148,0.3506
1.6231,0.0004,0.7901,1.6227,0.3494
1.4606,0.0003,0.7661,1.3718,0.3494
1.3518,0.0004,0.7643,1.4358,0.3401
1.4598,0.0003,1.0355,1.4531,0.3521
2.0812,0.0003,0.7804,2.0468,0.3368
1.4001,0.0003,0.7769,1.2612,0.3368
2.3698,0.0005,0.9656,1.8882,0.9725
1.4240,0.0005,1.7752,1.2056,0.3923
0.7559,0.0004,1.1373,1.0234,0.3598
1.5767,0.0004,0.6912,1.4381,0.3481
1.7398,0.0006,0.8104,1.8407,0.3481
1.9234,0.0004,0.9246,2.2189,0.3425
1.2023,0.0005,0.6947,1.2267,0.3425
1.9245,0.0005,0.6961,1.7854,0.3547
1.3672,0.0006,0.8501,1.4754,0.3478
1.2842,0.0004,0.6824,1.2642,0.3478
1.7752,0.0005,0.7052,1.7213,0.3370
1.4785,0.0005,0.8798,1.5095,0.3433
1.5913,0.0004,0.8993,1.5133,0.3585
1.7383,0.0179,0.9069,1.4257,0.3424
1.8056,0.0008,0.8872,2.0800,0.3424
2.0416,0.0004,0.9349,2.1234,0.3394
1.4815,0.0005,0.9092,1.4908,0.3394
1.7864,0.0004,0.9673,1.7474,0.3473
1.6847,0.0005,1.0272,1.5622,0.3406
1.6782,0.0005,1.0087,1.5832,0.3457
1.4565,0.0005,0.9010,1.6491,0.3495
1.8848,0.0006,0.8394,1.6696,0.3490
1.3218,0.0004,1.1430,1.5758,0.3442
1.5077,0.0003,1.0840,1.1681,0.3363
1.7539,0.0003,1.0467,1.7976,0.3363
2.0853,0.0005,0.8049,1.7872,0.3378
2.0808,0.0004,0.9967,2.3965,0.3790
1.0850,0.0004,1.0792,1.3562,0.3498
1.5975,0.0003,0.7574,1.3153,0.3498
2.0415,0.0004,0.7000,1.5281,0.3446
1.5379,0.0005,0.7347,2.2919,0.3352
1.5635,0.0004,0.7802,1.1863,0.3977
1.6723,0.0004,0.9932,2.0331,0.3477
1.1586,0.0005,0.8881,1.1756,0.3477
1.2653,0.0004,0.7695,1.2625,0.3547
1.6675,0.0004,0.8212,1.6097,0.3518
1.1494,0.0004,1.1349,1.1445,0.3706
1.2781,0.0004,0.9896,1.1699,0.3706
1.2816,0.0003,1.0141,1.3396,0.3438
1.3213,0.0003,1.0131,1.1872,0.3438
1.5410,0.0004,0.7402,1.7268,0.3442
1.3963,0.0004,0.6866,1.4538,0.3425
1.6216,0.0004,0.7906,1.5665,0.3561
1.1497,0.0004,0.7950,1.1731,0.3613
1.5931,0.0004,1.1577,1.3710,0.3665
1.0746,0.0004,1.1874,1.3040,0.3665
1.2841,0.0004,0.8737,1.0739,0.3574
1.7116,0.0003,0.6409,1.5149,0.3517
1.7282,0.0004,0.8013,1.8110,0.3423
1.1902,0.0004,1.0910,1.3300,0.3555
1.3735,0.0003,1.0443,1.2945,0.3555
1.6842,0.0004,0.7245,1.6683,0.3395
1.1641,0.0003,0.8193,1.3434,0.3395
1.7630,0.0005,0.6803,1.5384,0.3354
1.0709,0.0006,1.0049,1.1650,0.3354
2.4892,0.0007,1.0425,2.4065,0.3731
0.8811,0.0006,1.0976,0.9294,0.3731
1.5248,0.0005,0.7918,1.6996,0.3525
1.3480,0.0005,0.6991,0.9958,0.3383
1.4797,0.0004,1.0274,1.6727,0.3383
1.6011,0.0007,0.7884,1.5307,0.3552
1.5717,0.0005,0.9429,1.4572,0.3552
1.4796,0.0004,0.8617,1.8078,0.3383
1.3962,0.0003,0.9140,1.1573,0.3706
1.5810,0.0004,0.8927,1.6021,0.3441
1.4436,0.0004,1.0087,1.6384,0.3441
1.4224,0.0004,1.2120,1.1643,0.3861
1.3578,0.0005,0.9839,1.4804,0.3861
1.6070,0.0004,0.7026,1.6776,0.3533
1.5334,0.0005,0.7671,1.5189,0.3533
1.7042,0.0003,0.8827,1.7198,0.3624
1.3848,0.0003,0.9521,1.2353,0.3429
1.5367,0.0004,0.8062,1.6226,0.3365
1.1256,0.0003,0.7646,1.2205,0.3365
1.6154,0.0004,0.6197,1.6405,0.3432
1.5815,0.0003,0.6192,1.5771,0.3432
1.6620,0.0004,0.6110,1.6003,0.3516
1.2607,0.0004,0.8459,0.9939,0.3516
1.9970,0.0004,0.9002,2.2008,0.3471
1.3660,0.0003,0.8489,1.1880,0.3471
1.8240,0.0004,1.0706,1.9740,0.3449
1.3953,0.0003,0.8634,1.4433,0.3434
1.2013,0.0004,0.8043,0.9961,0.3434
1.6743,0.0003,0.8109,1.8890,0.3589
1.5108,0.0003,0.7592,1.5190,0.3559
1.3738,0.0003,0.7174,1.1845,0.3559
1.4119,0.0005,0.7320,1.4668,0.3662
2.1979,0.0005,0.7220,1.9451,0.3887
1.0196,0.0004,1.2287,1.3064,0.3887
1.5440,0.0004,0.9298,1.4662,0.4087
1.6783,0.0003,0.7793,1.5476,0.3381
1.5105,0.0003,1.3401,1.7883,0.3488
1.2128,0.0003,1.1492,0.9518,0.3488
1.8419,0.0003,0.8060,2.0784,0.3485
1.3624,0.0003,0.9552,1.2906,0.3485
1.7984,0.0004,0.6852,1.4948,0.3435
1.2564,0.0003,0.8846,1.5637,0.3435
1.8204,0.0004,0.6571,1.5700,0.3482
1.3654,0.0006,1.0069,1.5504,0.3482
1.3355,0.0004,1.4432,1.4146,0.3892
1.0485,0.0003,0.8191,1.0315,0.3743
1.3020,0.0004,0.6968,1.1322,0.3500
1.3548,0.0004,0.7967,1.3664,0.3539
1.4596,0.0004,0.6506,1.5561,0.3538
1.1174,0.0003,0.7238,1.0784,0.3441
1.5859,0.0003,0.6420,1.3526,0.3360
1.2017,0.0003,0.7154,1.3088,0.3513
1.2184,0.0003,0.7479,1.2831,0.3513
1.4302,0.0004,0.7247,1.6320,0.3569
1.3326,0.0003,0.5980,1.3349,0.3414
1.6824,0.0006,0.5615,1.5979,0.3598
2.0534,0.0005,0.7587,1.8589,0.3370
1.7108,0.0004,0.8992,1.6673,0.3434
1.4054,0.0004,0.8666,1.3405,0.3534
1.3460,0.0004,0.8950,1.6318,0.3534
1.5179,0.0004,0.7031,1.4433,0.3581
1.3850,0.0003,0.7243,1.3849,0.3661
1.3293,0.0003,0.7561,1.3999,0.3661
1.4878,0.0003,0.7094,1.2025,0.3641
1.2906,0.0004,0.6400,1.5218,0.3433
1.3244,0.0006,0.6306,1.2489,0.3617
1.9105,0.0005,0.9029,1.8123,0.3750
1.1513,0.0004,1.4166,1.0878,0.3750
1.5563,0.0003,1.0144,1.4633,0.3487
1.2970,0.0003,0.6964,1.6795,0.3342
1.4454,0.0003,0.6321,1.1915,0.3328
1.4092,0.0004,0.7883,1.3070,0.3535
1.3644,0.0003,0.8121,1.3613,0.3535
1.7926,0.0004,0.8742,2.0447,0.3378
1.1703,0.0004,0.7201,1.2501,0.3378
1.6104,0.0004,0.6201,1.2423,0.3524
1.7776,0.0004,0.7850,1.8959,0.3524
1.4349,0.0005,0.6770,1.6075,0.3410
1.7036,0.0005,0.7940,1.3582,0.3771
1.3530,0.0005,1.3442,1.0988,0.3817
0.8682,0.0003,1.1796,1.4291,0.3817
1.5049,0.0004,0.6786,1.5900,0.3630
1.1346,0.0003,0.6056,1.0258,0.3373
1.1166,0.0004,0.7376,1.1096,0.3373
1.2254,0.0003,0.6183,1.3463,0.3589
1.8597,0.0003,0.5800,1.7823,0.3595
1.0928,0.0003,0.7210,0.9882,0.3365
0.8745,0.0006,0.9923,0.8732,0.3365
1.5021,0.0003,0.8045,1.5726,0.3617
1.5359,0.0004,0.8971,1.6094,0.3409
1.0004,0.0004,0.8551,0.8195,0.3409
2.1128,0.0006,0.6843,2.0139,0.3609
0.8480,0.0005,1.0512,0.9057,0.3882
1.3303,0.0003,0.7676,1.4994,0.3675
1.0883,0.0003,0.6751,1.1297,0.3675
1.1798,0.0003,0.6385,1.1566,0.3578
1.5519,0.0004,0.6175,1.2017,0.3509
1.2551,0.0003,0.8442,1.5167,0.3513
1.3569,0.0004,0.7660,1.4089,0.3489
1.4280,0.0005,0.6835,1.2685,0.3687
1.5195,0.0004,0.6875,1.5363,0.3678
1.4329,0.0004,0.9203,1.5217,0.3456
1.4352,0.0004,0.8984,1.3137,0.3682
1.5818,0.0004,1.1381,1.3918,0.3638
0.9555,0.0003,1.2940,1.2473,0.3638
1.3930,0.0005,0.6808,1.2842,0.3560
1.3894,0.0004,0.7421,1.5702,0.3395
1.5600,0.0003,0.8017,1.4734,0.3532
1.2836,0.0003,0.7154,1.3547,0.3443
1.1768,0.0003,0.8897,1.0265,0.3443
1.4530,0.0004,0.8099,1.6121,0.3433
1.5615,0.0004,0.6321,1.4619,0.3467
1.1548,0.0004,0.7692,1.2174,0.3467
1.1251,0.0004,0.8350,1.1049,0.3432
1.2637,0.0004,0.9178,1.1895,0.3520
1.5900,0.0008,0.6690,1.5366,0.3500
2.2189,0.0004,0.8395,2.2710,0.3543
1.2630,0.0004,0.9950,1.2995,0.3532
1.2258,0.0003,0.7874,1.2513,0.3596
1.1970,0.0004,0.6491,1.2044,0.3480
1.2187,0.0004,0.6226,1.1384,0.3446
1.2642,0.0003,0.6798,1.0869,0.3446
1.7692,0.0007,0.6034,1.9082,0.3545
1.0572,0.0003,0.7900,0.9113,0.3545
1.5892,0.0003,0.7864,1.8380,0.3431
1.1053,0.0004,0.6681,0.8419,0.3431
1.3978,0.0006,0.7171,1.6566,0.3495
1.8885,0.0004,0.5867,1.6641,0.3495
1.6369,0.0003,0.8542,1.6653,0.3871
1.2816,0.0003,0.9745,1.1723,0.3871
1.4421,0.0005,0.8726,1.4010,0.3638
1.9793,0.0004,1.0540,2.2224,0.3398
1.3814,0.0004,0.9414,1.2081,0.3398
1.8210,0.0005,1.0566,1.8523,0.3760
1.4249,0.0004,1.0299,1.2842,0.3760
1.2163,0.0004,1.0095,1.4938,0.3485
1.6795,0.0003,0.9392,1.7007,0.3502
1.6003,0.0004,1.2662,1.2054,0.3502
1.4044,0.0005,0.8231,1.6652,0.3582
2.2369,0.0007,0.8879,2.2070,0.3559
1.4053,0.0007,1.0653,1.3683,0.3561
1.3382,0.0008,1.2420,1.3999,0.3561
1.9111,0.0005,0.8292,1.5727,0.3383
1.8439,0.0005,1.0038,2.1211,0.3446
1.3272,0.0003,1.1371,1.3212,0.3485
1.6435,0.0004,1.0425,1.7914,0.3453
1.4182,0.0004,0.8633,1.4248,0.3419
1.3887,0.0005,0.7289,1.2382,0.3419
1.8617,0.0006,0.7312,1.9628,0.3459
1.2951,0.0006,0.8529,0.8854,0.8904
1.6731,0.0006,1.0540,2.0756,0.3899
1.6836,0.0004,0.8251,1.7127,0.3466
1.1744,0.0004,0.8614,1.2018,0.3466
1.6542,0.0004,0.6268,1.6221,0.3461
2.5915,0.0004,0.6652,2.5527,0.3669
1.2409,0.0004,0.7128,1.0756,0.3669
1.4507,0.0004,0.6520,1.3067,0.3527
1.1905,0.0003,0.7453,1.4953,0.3550
1.5460,0.0004,0.6367,1.3546,0.3410
1.5220,0.0004,0.7372,1.6848,0.3438
1.6833,0.0004,1.2479,1.2592,0.3554
1.9070,0.0005,1.2358,2.1840,0.3554
1.8847,0.0006,1.1998,1.7269,0.3461
1.8839,0.0004,1.0636,2.0997,0.3556
1.5171,0.0004,0.7687,1.6189,0.3575
1.6407,0.0003,0.6675,1.2441,0.3366
1.5806,0.0004,0.8358,1.9060,0.3471
1.3461,0.0004,0.7289,1.3281,0.3456
1.4859,0.0003,0.7025,1.5652,0.3456
1.6546,0.0004,0.6211,1.5946,0.3576
1.1692,0.0003,0.8244,1.1998,0.3797
1.5105,0.0003,0.7629,1.5230,0.3580
1.2595,0.0004,0.6642,1.1822,0.3580
1.6728,0.0004,0.6943,1.3410,0.3488
1.8960,0.0005,0.9428,2.2140,0.3640
1.6512,0.0004,0.9896,1.6726,0.3524
1.4028,0.0004,0.8079,1.4263,0.3527
1.8351,0.0004,0.8062,1.6850,0.3554
1.4138,0.0004,1.1121,1.4811,0.3554
2.1450,0.0005,0.8760,1.3810,0.3524
2.1061,0.0007,0.9006,2.4103,0.3503
1.4997,0.0006,1.1863,1.9737,0.3503
2.1037,0.0005,1.0907,2.0068,0.3408
1.8166,0.0005,1.0104,1.8549,0.3584
1.7633,0.0007,1.0604,1.8053,0.3501
1.5104,0.0003,0.8224,1.5508,0.3352
1.3048,0.0003,0.6898,1.1083,0.3352
1.5506,0.0004,0.6717,1.6588,0.3402
1.4690,0.0004,0.6847,1.4024,0.3421
1.9197,0.0005,0.6686,1.9741,0.3514
2.0531,0.0005,0.8311,2.0521,0.3860
1.4744,0.0005,1.2009,1.5092,0.3573
1.8468,0.0005,0.7915,1.8359,0.3541
1.2046,0.0004,0.8131,1.2330,0.3541
1.6983,0.0008,1.0014,1.3096,0.3508
1.8522,0.0005,0.8958,2.1441,0.3567
1.5649,0.0006,0.8528,1.4058,0.3350
1.8820,0.0004,0.8241,2.0550,0.3423
1.9068,0.0006,0.8577,1.7448,0.3553
1.6424,0.0006,1.0933,1.4267,0.3605
1.9906,0.0010,1.2880,2.2768,0.3727
1.4704,0.0008,1.1254,1.5137,0.3727
1.7479,0.0005,0.9118,1.4917,0.3599
1.6984,0.0003,0.8100,1.8267,0.3381
1.6521,0.0004,0.8972,1.7683,0.3381
2.1493,0.0003,0.8481,2.1625,0.3358
1.9965,0.0008,0.8344,1.8567,0.3509
1.5737,0.0005,1.1700,1.5906,0.3509
1.5261,0.0005,1.1037,1.1161,0.3398
1.5965,0.0004,1.2633,1.7704,0.3599
1.6879,0.0004,1.0064,2.0270,0.3489
1.8243,0.0004,0.7557,1.4191,0.3390
1.8264,0.0003,1.1602,2.1459,0.3390
1.2449,0.0004,0.9150,1.1281,0.3445
1.5440,0.0005,0.7143,1.7614,0.3561
1.6323,0.0004,0.7361,1.5852,0.3561
1.5907,0.0004,1.0287,1.6029,0.3360
1.3709,0.0004,0.8602,1.2250,0.3572
1.2751,0.0003,1.0958,1.3985,0.3572
2.0240,0.0009,0.8071,1.8361,0.3910
1.7593,0.0006,1.4304,1.8930,0.3845
1.4666,0.0004,1.1379,1.2315,0.3845
1.6145,0.0003,0.9366,1.8784,0.3496
1.6444,0.0004,0.8867,1.5398,0.3456
1.4216,0.0004,0.8487,1.4474,0.3456
1.8048,0.0005,0.9743,1.7264,0.3577
1.8014,0.0007,0.8754,1.7154,0.3488
1.4307,0.0012,1.0970,1.3117,0.3488
1.8255,0.0007,1.0102,2.1131,0.3396
1.9363,0.0008,0.9385,1.9211,0.3719
1.2073,0.0007,1.0788,1.1049,0.3719
2.1798,0.0004,0.9125,2.2317,0.3661
1.4289,0.0004,0.8557,1.5100,0.3506
1.6928,0.0003,0.9942,1.6987,0.3506
1.6575,0.0004,0.7414,1.6416,0.3460
1.2497,0.0003,0.9338,1.2799,0.3493
1.3817,0.0003,0.6819,1.3652,0.3639
1.2271,0.0004,0.6855,0.9937,0.3679
1.6160,0.0004,0.8581,1.3155,0.3542
1.7617,0.0006,1.0087,2.1783,0.3542
2.0456,0.0004,0.9186,1.9793,0.3482
1.4949,0.0004,1.0596,1.2683,0.3620
1.4325,0.0004,1.0489,1.5869,0.3348
1.7435,0.0004,0.9207,1.5750,0.3395
1.7129,0.0004,0.8764,2.0753,0.3395
1.3868,0.0004,0.7839,1.3100,0.3575
1.4523,0.0004,0.8222,1.1859,0.3401
1.3519,0.0004,0.9172,1.5010,0.3401
2.3583,0.0005,0.6469,2.3321,0.3690
1.1704,0.0004,0.9886,1.3537,0.3690
1.8286,0.0003,1.1135,1.8048,0.3546
1.6202,0.0004,0.8249,1.4078,0.3718
1.6546,0.0004,0.8423,1.5219,0.3451
1.9565,0.0005,1.0291,2.1635,0.3620
1.0926,0.0003,1.0543,1.2281,0.3620
1.4985,0.0004,0.9110,1.4530,0.3525
1.3288,0.0003,1.0071,1.1679,0.3422
1.8323,0.0004,1.0754,1.7311,0.3560
2.1552,0.0005,0.7632,2.4094,0.3368
1.5202,0.0004,0.7839,1.4761,0.3581
1.6363,0.0006,0.8923,1.4880,0.3581
2.2679,0.0004,1.3152,2.3071,0.3633
1.3260,0.0003,1.0123,1.4351,0.3633
1.5060,0.0003,0.8903,1.5075,0.3445
1.4134,0.0005,0.9688,1.3037,0.3416
2.3259,0.0008,0.9588,2.3785,0.3327
1.5265,0.0007,1.1986,1.3594,0.3327
1.7818,0.0007,1.0004,1.8879,0.3438
1.4667,0.0007,0.9565,1.3138,0.3517
1.5144,0.0008,0.8525,1.7798,0.3424
2.1355,0.0005,0.8001,2.0769,0.3774
1.2968,0.0005,0.9701,0.9755,0.3510
1.5148,0.0005,0.9701,1.7879,0.3510
1.3101,0.0004,1.0649,1.1305,0.3370
1.5161,0.0004,0.9541,1.8176,0.3370
1.6147,0.0004,0.7813,1.5792,0.3422
1.4539,0.0006,0.6935,1.4153,0.3475
1.6809,0.0003,1.0120,1.6397,0.3559
1.4766,0.0003,0.8047,1.5488,0.3573
1.4823,0.0005,0.6564,1.4594,0.3573
1.7305,0.0004,0.5955,1.3836,0.3556
1.8439,0.0004,1.0421,1.4556,0.5207
1.1720,0.0004,1.3436,1.8160,0.5207
1.7388,0.0004,0.8465,1.4163,0.3443
1.6675,0.0003,1.0762,2.0561,0.3516
1.4566,0.0004,0.7644,1.4343,0.3568
1.4952,0.0004,0.7581,1.3010,0.3568
1.5015,0.0003,0.8702,1.6274,0.3534
1.8796,0.0003,0.7180,1.9351,0.3345
1.5912,0.0003,0.7230,1.6036,0.3618
1.3317,0.0010,0.8245,1.0625,0.3618
2.0905,0.0005,0.8335,2.0947,0.3536
1.3526,0.0004,1.2124,1.5347,0.3909
1.7026,0.0004,0.9628,1.4214,0.3387
1.4824,0.0003,1.0660,1.4414,0.3387
1.5865,0.0003,1.0434,1.9014,0.3599
2.0521,0.0008,0.8485,2.0561,0.3566
1.4935,0.0004,0.9521,1.3773,0.3537
1.6461,0.0004,0.9019,1.6510,0.3415
1.2992,0.0004,0.8359,1.3982,0.3415
1.5877,0.0004,0.7191,1.5738,0.3327
1.7223,0.0005,0.8204,1.6415,0.3396
1.9218,0.0005,1.3567,1.9854,0.3634
1.7305,0.0004,0.9980,1.7541,0.3606
1.1436,0.0003,0.8819,0.7832,0.3606
1.5526,0.0004,0.7682,1.6543,0.3613
1.6692,0.0004,1.0942,1.9195,0.3690
1.3679,0.0005,1.0307,1.2810,0.3690
2.0842,0.0003,0.7477,2.0896,0.3428
1.2017,0.0003,0.8325,1.2473,0.3428
1.6305,0.0003,0.7200,1.6644,0.3452
1.6456,0.0005,0.8034,1.5477,0.3459
1.8358,0.0007,0.8320,1.8472,0.3549
1.7270,0.0008,0.8011,1.6387,0.3605
1.5933,0.0004,0.9251,1.4569,0.3469
1.7169,0.0005,0.7687,1.9027,0.3373
1.4364,0.0004,0.8574,1.3757,0.3445
1.8104,0.0004,0.8047,1.8850,0.3533
1.7914,0.0004,0.7304,1.7825,0.3372
1.5630,0.0004,0.7206,1.5494,0.3404
1.5256,0.0004,0.7640,1.5453,0.3332
1.6568,0.0003,0.6906,1.6150,0.3401
2.1298,0.0008,0.7800,1.7822,0.3581
1.4089,0.0008,1.3686,1.4133,0.3708
1.1720,0.0005,1.1637,1.5289,0.3708
1.4823,0.0006,0.8627,1.4578,0.3412
1.8613,0.0004,0.8619,1.6229,0.3400
1.7811,0.0003,1.0439,2.0272,0.3406
1.7571,0.0004,0.7148,1.7213,0.3675
1.6680,0.0004,0.8220,1.6848,0.3422
1.6798,0.0003,0.8840,1.5307,0.3482
1.1286,0.0004,0.9761,1.1502,0.3482
2.2531,0.0004,0.8009,2.0507,0.5297
1.3149,0.0004,1.2725,1.2931,0.5297
1.6394,0.0004,0.9596,1.6929,0.3543
1.8344,0.0005,0.9499,2.0682,0.3631
1.3371,0.0004,0.7939,1.2596,0.3631
1.9268,0.0003,0.7728,2.0073,0.3441
1.4118,0.0004,0.7516,1.4278,0.3569
1.0781,0.0005,0.8066,0.9589,0.3569
2.0356,0.0004,0.8386,2.1275,0.3535
0.8465,0.0003,0.7013,0.8889,0.3535
1.5743,0.0003,0.6996,1.5066,0.3353
2.1144,0.0005,0.8077,2.0483,0.3679
1.5228,0.0006,0.9302,1.3759,0.3506
2.0774,0.0009,1.0132,1.7670,0.3518
1.3993,0.0004,1.0681,1.9195,0.3518
2.1601,0.0005,0.7458,2.0526,0.3546
1.7192,0.0004,0.8865,1.7568,0.3412
2.0700,0.0004,0.8372,2.0194,0.3373
1.6411,0.0004,0.9463,1.6676,0.3533
1.6182,0.0003,0.8676,1.5925,0.3577
1.5318,0.0004,0.8534,1.5838,0.3577
1.3495,0.0003,0.8393,1.3723,0.3781
2.2559,0.0004,0.8754,2.1272,0.3577
1.3728,0.0004,0.9740,1.4578,0.3500
1.6139,0.0005,0.8756,1.6233,0.3642
1.2919,0.0003,0.7669,1.3173,0.3501
1.4256,0.0005,0.6973,0.9521,0.3501
1.7353,0.0007,0.8233,1.6792,0.3400
1.6287,0.0005,0.8462,1.9716,0.3346
1.4111,0.0005,1.1439,1.5511,0.3346
1.8660,0.0005,0.8065,1.5547,0.3339
2.0126,0.0007,1.0520,1.9000,0.5377
1.2591,0.0004,1.4148,1.0204,0.3847
1.4469,0.0004,1.0918,2.0221,0.3847
1.7005,0.0005,0.8256,1.6313,0.3484
1.6591,0.0006,1.0095,1.3406,0.3327
1.6747,0.0006,0.9733,1.8867,0.3551
1.3917,0.0005,1.1613,1.4065,0.3521
1.2386,0.0005,0.8683,1.3876,0.3521
1.6571,0.0004,0.6460,1.5405,0.3515
1.3088,0.0004,0.8889,1.2479,0.3515
2.0704,0.0006,1.0440,2.0786,0.3700
1.7203,0.0005,1.0755,1.7650,0.3737
1.4971,0.0003,0.9546,1.4943,0.3737
1.4291,0.0003,0.8389,1.5339,0.3597
1.9218,0.0007,0.7142,1.1888,0.3421
1.7631,0.0006,0.7764,2.1873,0.3486
1.6624,0.0004,0.9708,1.6200,0.3554
2.1151,0.0004,0.9798,2.2096,0.3533
1.5410,0.0004,0.7661,1.5556,0.3351
2.1866,0.0006,0.7969,2.3046,0.3371
1.5122,0.0007,0.9411,1.5300,0.3851
1.7738,0.0003,0.9939,1.6635,0.3588
1.4034,0.0005,0.9552,1.5143,0.3497
1.2152,0.0004,0.7852,1.1082,0.3497
2.1098,0.0003,0.7249,2.1611,0.3528
1.2648,0.0003,0.8712,1.3422,0.3528
1.6836,0.0007,0.7188,1.6914,0.3447
1.6962,0.0003,0.7235,1.6829,0.3424
1.2348,0.0003,0.7257,1.1277,0.3424
1.8038,0.0005,0.7290,1.5096,0.3478
1.9801,0.0006,1.0014,1.9676,0.3478
1.5959,0.0004,1.3912,1.9361,1.0692
1.9497,0.0005,1.0164,1.6810,0.3433
1.6916,0.0006,0.8795,1.9397,0.3388
2.0467,0.0007,1.0003,1.9146,0.3311
1.5567,0.0005,1.0419,1.7204,0.3756
1.2013,0.0004,0.7904,0.9867,0.3756
2.0053,0.0005,0.6603,2.1064,0.3562
1.0595,0.0005,0.8518,0.9396,0.3562
1.7977,0.0005,0.8140,1.7685,0.3539
1.4673,0.0005,0.9418,1.5654,0.3597
1.8227,0.0003,1.1195,1.8910,0.3641
2.0185,0.0005,0.8871,1.8688,0.3494
1.1463,0.0003,0.9846,1.3334,0.3342
1.8777,0.0004,0.7365,1.8752,0.3535
1.1790,0.0005,0.7282,0.9512,0.3535
1.5618,0.0005,0.7699,1.5083,0.3558
1.9794,0.0005,0.7365,2.2381,0.3329
1.6208,0.0006,0.7486,1.6062,0.3498
2.0071,0.0004,0.8732,1.8473,0.3421
1.2654,0.0003,1.1487,1.0979,0.3421
2.1079,0.0004,0.8948,2.3990,0.3427
1.7145,0.0003,0.8567,1.6401,0.3439
1.5056,0.0004,1.1398,1.5697,0.3439
1.5691,0.0005,0.7485,1.3876,0.3523
2.0976,0.0003,0.8524,2.2481,0.3411
1.7023,0.0004,0.9858,1.5527,0.3446
1.3152,0.0005,0.9285,1.4897,0.3381
1.0871,0.0004,0.7362,0.8806,0.3381
1.5048,0.0004,0.8707,1.6275,0.3440
1.8746,0.0005,0.9879,1.8450,0.3506
1.8219,0.0010,1.0882,1.7855,0.3817
1.5962,0.0003,1.0299,1.4704,0.3817
1.6765,0.0004,0.8704,1.8258,0.3417
1.6121,0.0004,0.8212,1.6627,0.3463
1.6012,0.0006,0.8058,1.2663,0.3369
1.9168,0.0003,1.0100,2.1283,0.3420
1.3143,0.0003,0.9561,1.3954,0.3420
1.7984,0.0004,0.8263,1.3805,0.3568
1.8330,0.0005,0.7451,2.0219,0.3447
1.8917,0.0006,1.0318,1.8626,0.3654
1.8802,0.0004,1.2007,2.1290,0.3693
1.3475,0.0005,0.8438,1.0978,0.3693
1.5797,0.0005,0.8113,1.7274,0.3586
2.0317,0.0005,0.7602,1.7823,0.3414
1.9436,0.0006,0.9768,2.2830,0.3343
1.2412,0.0006,1.0176,1.0898,0.3666
1.7296,0.0004,0.9507,1.5521,0.3666
1.4915,0.0003,0.8272,1.6671,0.3375
2.2056,0.0004,0.7767,2.2624,0.3418
1.0697,0.0003,0.9318,0.9163,0.3418
2.0747,0.0004,0.9349,2.1373,0.3868
1.3672,0.0005,1.0139,1.4429,0.3625
1.3687,0.0003,0.9443,1.3533,0.3497
1.6021,0.0004,0.8755,1.4907,0.3545
1.3289,0.0004,0.9689,1.3734,0.3545
1.6966,0.0006,0.9545,1.7533,0.3392
1.8154,0.0005,0.8848,1.7257,0.3402
2.0751,0.0004,1.1348,2.2320,0.3625
1.2423,0.0005,0.8195,1.2908,0.3625
2.2036,0.0005,0.7674,2.1020,0.3760
1.4944,0.0006,0.8953,1.5716,0.3719
1.2930,0.0005,0.8626,0.9638,0.3719
1.9145,0.0006,0.7729,2.2151,0.3428
1.4338,0.0005,0.8447,1.4332,0.3428
1.4194,0.0005,0.8879,1.3054,0.3619
1.7559,0.0005,0.9516,1.5784,0.3559
1.8959,0.0004,0.9178,2.1742,0.3479
1.6119,0.0004,0.9304,1.6264,0.3479
1.6544,0.0004,0.7348,1.6211,0.3445
2.1525,0.0006,0.7669,2.0856,0.5215
1.6101,0.0007,0.9367,1.1891,0.3552
1.6141,0.0006,1.5830,1.9279,0.3480
1.4378,0.0004,0.9938,1.3896,0.3480
1.9391,0.0006,0.8743,1.9700,0.3367
1.9931,0.0006,1.2031,1.9424,0.3384
1.3435,0.0004,1.1013,1.5309,0.3430
1.4634,0.0003,1.0180,1.4800,0.3428
1.2214,0.0003,0.9327,1.0907,0.3428
2.1994,0.0003,0.7719,2.3043,0.3366
1.6157,0.0003,0.7472,1.5699,0.3725
1.7299,0.0005,1.0040,1.7565,0.5426
1.2671,0.0003,0.8544,1.2887,0.5426
1.7606,0.0004,0.7620,1.6525,0.3622
1.8784,0.0003,0.8462,1.7956,0.3518
1.4944,0.0003,0.9653,1.5731,0.3518
1.5516,0.0003,0.7965,1.4977,0.3444
2.1204,0.0004,0.6972,2.1928,0.3589
1.2940,0.0004,0.7766,1.3602,0.3500
1.6115,0.0003,0.6841,1.5863,0.3615
1.2701,0.0007,0.8521,1.2569,0.3615
1.9926,0.0004,1.0697,1.9275,0.3661
1.8510,0.0005,0.8697,1.8695,0.3505
1.4693,0.0004,0.8747,1.5013,0.3707
1.5648,0.0005,0.7906,1.5557,0.3707
1.6862,0.0004,0.8205,1.4620,0.3502
1.6334,0.0004,0.9025,1.7402,0.3502
1.4239,0.0004,0.8920,1.0780,0.3386
1.5946,0.0003,0.7722,1.8471,0.3572
2.1627,0.0004,0.6365,2.3499,0.3478
1.5020,0.0004,0.6310,1.4758,0.3649
1.3125,0.0004,0.7053,1.3344,0.3649
1.7379,0.0004,0.7572,1.5648,0.3432
1.6507,0.0003,0.8886,1.7326,0.3432
2.2174,0.0004,0.9269,2.2221,0.3490
1.1717,0.0003,0.9139,1.2015,0.3654
1.4251,0.0004,0.9291,1.3986,0.3654
1.4828,0.0003,0.7563,1.2959,0.3371
2.1493,0.0004,0.8399,2.2734,0.3419
1.4374,0.0004,0.8277,1.4399,0.3560
0.9506,0.0003,0.8106,0.9778,0.3560
2.1039,0.0006,0.8598,2.0700,0.3586
1.1894,0.0006,0.8419,1.0274,0.3586
2.0231,0.0005,0.9107,2.2172,0.3592
1.7033,0.0005,0.7987,1.3196,0.3589
1.6622,0.0005,0.9288,1.9026,0.3553
1.9493,0.0004,0.8186,1.9693,0.3537
2.0122,0.0003,0.8331,2.0872,0.3562
1.5248,0.0005,0.7328,1.5196,0.3541
1.3315,0.0005,0.9066,1.3622,0.3541
2.1821,0.0005,0.7656,1.7059,0.3621
1.7972,0.0005,1.0909,2.1412,0.3348
1.5647,0.0004,0.9960,1.5632,0.3348
1.9472,0.0005,0.9554,2.0315,0.3530
1.7114,0.0003,0.8239,1.7037,0.3700
1.6425,0.0003,0.9128,1.5785,0.3652
1.6473,0.0003,0.8376,1.5628,0.3351
1.5331,0.0004,0.9414,1.3865,0.3548
1.4969,0.0003,0.9589,1.5384,0.3548
1.4949,0.0004,0.6584,1.5387,0.3503
1.4353,0.0006,0.6440,1.6429,0.3658
1.9293,0.0008,0.6952,1.8036,0.3487
1.5375,0.0008,1.0632,1.2047,0.3453
1.7147,0.0007,1.3171,2.1234,0.3601
1.7125,0.0007,0.9190,1.6152,0.3566
1.8268,0.0006,0.9916,1.8584,0.3526
1.5189,0.0006,0.8401,1.5070,0.3526
1.7679,0.0003,0.8848,1.4421,0.3398
1.8298,0.0008,1.1414,1.8763,0.3479
1.8466,0.0008,0.9497,1.7471,0.3473
2.0529,0.0007,1.0239,2.3119,0.3473
2.1970,0.0007,1.0341,1.8726,0.3870
1.7588,0.0007,1.1015,2.2295,0.3440
1.2587,0.0004,0.7841,1.2847,0.3536
1.3737,0.0004,0.6546,1.3447,0.3536
1.5818,0.0006,0.6339,1.5908,0.3526
1.4311,0.0004,0.6808,1.0655,0.3483
1.1663,0.0003,0.8279,1.5439,0.3483
1.6110,0.0004,0.6578,1.4674,0.3342
1.2109,0.0003,0.9523,1.3466,0.3342
1.7062,0.0004,0.8464,1.6717,0.3493
1.2703,0.0006,0.7886,1.2419,0.3493
1.4083,0.0004,1.0191,1.1984,0.3722
1.2219,0.0004,0.9986,1.3239,0.3570
1.2290,0.0004,1.0827,1.3539,0.3448
0.9962,0.0004,0.8900,0.8924,0.3448
1.3206,0.0003,0.7937,1.4184,0.3594
1.2371,0.0004,0.6089,1.1229,0.3552
1.5442,0.0009,0.6240,1.4251,0.3591
1.4080,0.0005,0.8802,1.6222,0.3454
1.0502,0.0005,0.7777,1.0656,0.3454
1.0545,0.0004,0.8621,1.0388,0.3523
1.3542,0.0004,0.6024,1.2854,0.3358
1.3005,0.0005,0.6703,1.3145,0.3484
1.9767,0.0006,0.6634,1.9556,0.5282
0.9547,0.0004,0.7891,1.0140,0.5282
1.3897,0.0003,0.7475,1.2237,0.3654
1.3954,0.0004,0.6684,1.5319,0.3436
1.4749,0.0004,0.6890,1.4920,0.3404
1.5976,0.0002,0.7523,1.5218,0.3460
1.3567,0.0003,0.8586,1.0513,0.3460
1.1585,0.0003,0.7479,1.5268,0.3575
1.3408,0.0004,0.6233,1.1446,0.3453
1.2477,0.0006,0.8051,1.2875,0.3494
1.2923,0.0003,0.8523,1.3735,0.3594
1.5132,0.0005,0.8428,1.4312,0.3589
2.4994,0.0006,0.6986,2.1877,0.3961
0.8992,0.0005,1.2548,0.9501,0.3531
1.1202,0.0006,0.8736,1.3985,0.3531
1.3981,0.0005,0.9187,1.2839,0.3488
1.4038,0.0005,0.8446,1.5669,0.3633
1.2055,0.0003,0.6218,1.1815,0.3592
1.1758,0.0004,0.6509,1.2040,0.3690
1.2479,0.0005,0.6247,1.0133,0.3709
1.1890,0.0003,0.7738,1.4172,0.3709
1.3488,0.0004,0.6428,1.1543,0.3423
1.1347,0.0004,0.8158,1.1569,0.3423
1.3293,0.0003,0.6742,1.4792,0.3503
1.0967,0.0003,0.6189,1.0328,0.3590
1.5952,0.0005,0.6937,1.4580,0.3625
1.2885,0.0004,1.0656,1.4676,0.3675
1.3807,0.0003,0.7290,1.2773,0.3534
1.4186,0.0004,0.6590,1.3876,0.3428
1.1012,0.0004,0.7599,1.2417,0.3571
1.4187,0.0004,0.6260,1.2267,0.3457
1.2344,0.0004,0.7361,1.1230,0.3604
1.2087,0.0005,0.8435,1.3481,0.3604
1.4270,0.0003,0.6773,1.4813,0.3530
1.6292,0.0004,0.6334,1.4911,0.3462
1.5395,0.0004,1.0575,1.6540,0.3426
1.3050,0.0003,0.6446,1.3419,0.3497
2.0328,0.0007,0.6400,1.9962,0.3452
1.0972,0.0005,0.8556,0.8297,0.3828
1.1325,0.0003,1.0504,1.3894,0.3828
1.9910,0.0003,0.8671,1.9746,0.3562
1.1033,0.0003,0.7877,1.1994,0.3562
1.3368,0.0003,0.7380,1.0668,0.3628
1.4659,0.0003,0.9518,1.7258,0.3628
1.3948,0.0004,0.7354,1.3486,0.3426
1.5971,0.0003,0.9458,1.3889,0.3428
1.4013,0.0004,0.6784,1.6417,0.3469
1.2961,0.0003,0.6367,1.1972,0.3533
1.3201,0.0004,0.7664,1.2468,0.3545
2.1129,0.0004,1.2191,2.2191,0.3641
1.0696,0.0003,0.8983,1.0812,0.3612
1.0959,0.0003,0.6939,1.0792,0.3612
1.2376,0.0003,0.6603,1.2636,0.3547
1.2886,0.0003,0.6921,1.2967,0.3493
1.3442,0.0004,0.9228,1.3350,0.3759
1.3151,0.0003,0.7611,1.3162,0.3608
1.6030,0.0004,0.6425,1.5383,0.3513
0.9670,0.0003,0.7773,0.8795,0.3513
1.8278,0.0004,0.8199,1.9228,0.3494
1.1263,0.0003,0.6472,1.1698,0.3440
1.4876,0.0004,0.6312,1.3842,0.3440
1.3484,0.0003,0.7749,1.2108,0.3444
1.7573,0.0004,0.7747,1.8011,0.3676
1.3157,0.0004,0.9319,1.1780,0.3405
1.1233,0.0003,0.8061,1.3108,0.3405
1.2476,0.0003,0.6188,1.3021,0.3470
1.1761,0.0003,0.6014,1.2416,0.3592
1.6758,0.0003,0.6167,1.6470,0.3384
1.3504,0.0003,0.6131,1.3637,0.3371
1.1967,0.0002,0.5908,1.2052,0.3371
1.0514,0.0003,0.5792,1.0278,0.3465
1.2972,0.0005,0.7900,1.2147,0.3680
1.4880,0.0004,0.8321,1.2913,0.3621
1.3734,0.0005,0.7047,1.5920,0.3467
1.5526,0.0005,0.6787,1.5375,0.3593
1.4082,0.0006,0.7244,1.4424,0.3489
1.2492,0.0003,0.7056,1.1209,0.3555
0.9655,0.0004,0.7777,0.9601,0.3555
1.5432,0.0004,0.6526,1.5526,0.3586
1.4855,0.0004,0.8815,1.5740,0.3490
1.3508,0.0003,0.7625,1.1546,0.3642
1.4677,0.0004,0.7200,1.5078,0.3408
1.4728,0.0003,0.6485,1.4589,0.3365
1.7171,0.0004,0.6423,1.9035,0.3510
1.2560,0.0004,0.6552,0.8115,0.3424
1.4486,0.0006,0.9121,1.7813,0.3424
1.4032,0.0005,1.4617,1.3749,0.3926
1.2866,0.0005,0.9560,1.3981,0.3654
1.3708,0.0004,0.6614,1.2601,0.3516
1.5000,0.0004,0.6580,1.6089,0.3524
1.4074,0.0003,0.7759,1.3911,0.3388
1.2413,0.0004,0.6568,1.2416,0.3388
1.3110,0.0004,0.6719,1.1399,0.3505
1.6851,0.0004,0.6659,1.8453,0.3578
1.0559,0.0003,0.6397,1.0775,0.3578
1.1083,0.0003,0.6236,1.0852,0.3625
1.2828,0.0004,0.6598,1.2913,0.3372
1.2569,0.0004,0.6055,1.0228,0.3372
1.8380,0.0004,0.7160,1.7011,0.3630
1.1321,0.0003,1.0175,1.3389,0.3540
1.2532,0.0004,0.9719,1.0967,0.3540
1.3614,0.0004,0.6427,1.6416,0.3456
1.3524,0.0005,0.6302,1.2070,0.3447
0.9471,0.0003,0.7437,1.0773,0.3447
1.3416,0.0004,0.6048,1.1291,0.3480
1.3730,0.0004,0.7393,1.5014,0.3495
1.2241,0.0004,0.7594,1.0065,0.3543
1.1504,0.0003,0.7972,1.2563,0.3411
1.2491,0.0003,0.8960,1.4524,0.3411
1.1451,0.0003,0.5904,1.1404,0.3519
1.3318,0.0004,0.6071,1.1322,0.3460
2.3860,0.0006,0.6344,2.1893,0.3626
1.3675,0.0006,1.1358,1.0380,0.3594
0.9725,0.0006,1.2378,1.5468,0.3594
1.7831,0.0005,0.7485,1.7990,0.3591
1.1386,0.0005,0.9628,1.0347,0.3591
1.5057,0.0007,0.9067,1.5141,0.3577
1.2647,0.0005,0.9865,1.4023,0.3595
1.7255,0.0004,1.0162,1.4790,0.3496
1.2126,0.0003,0.9754,1.1625,0.3496
1.9727,0.0003,0.8724,2.2560,0.3445
1.2948,0.0004,0.9019,1.3050,0.3445
1.5810,0.0005,0.7073,1.3311,0.3601
2.1577,0.0006,1.3411,2.1262,0.3457
1.6372,0.0005,1.4499,1.8202,0.3457
1.8882,0.0006,0.8936,1.9197,0.3403
1.4004,0.0004,0.8241,1.1642,0.3338
1.3490,0.0003,0.9407,1.3270,0.3338
1.6375,0.0004,0.7289,1.7889,0.3343
1.4381,0.0004,0.8697,1.5713,0.3412
1.7582,0.0003,0.9328,1.6837,0.3516
1.7543,0.0006,0.9768,1.4659,0.3431
2.0420,0.0006,1.3115,2.2940,0.3726
1.6609,0.0005,1.1025,1.3177,0.3501
1.7161,0.0005,0.9917,2.0149,0.3584
1.3359,0.0004,0.8178,1.2441,0.3584
1.4453,0.0003,0.7287,1.5838,0.3520
1.4164,0.0004,0.7585,1.4489,0.3301
2.0938,0.0004,0.7576,1.6741,0.3439
1.7670,0.0004,0.9720,2.1555,0.3348
1.6526,0.0003,1.3184,1.5647,0.3469
1.7927,0.0008,0.8932,1.6471,0.3469
2.0411,0.0008,1.1791,2.0049,0.3745
2.2389,0.0010,1.0595,2.4264,0.3481
1.7251,0.0010,1.0388,1.7463,0.3387
1.5453,0.0007,0.9369,1.4042,0.3387
1.4039,0.0008,0.8821,1.5726,0.3562
1.5275,0.0007,0.8081,1.4897,0.3622
1.8036,0.0006,0.8965,1.7891,0.3603
1.5013,0.0005,0.9800,1.5273,0.3589
1.4485,0.0004,0.9099,1.3164,0.3589
2.1546,0.0008,1.0331,2.1446,0.3561
1.7871,0.0005,1.5951,1.4271,0.3882
1.0190,0.0004,1.3734,1.4071,0.3882
1.3101,0.0004,1.0261,1.3892,0.3508
1.3716,0.0005,0.7566,1.4061,0.3393
1.8428,0.0006,0.7622,1.7396,0.3658
1.1926,0.0007,1.0815,1.2614,0.3658
1.2663,0.0006,0.8723,1.2461,0.3529
1.3598,0.0004,0.9527,1.3200,0.3323
1.6086,0.0004,0.7268,1.4542,0.3354
1.4327,0.0004,0.9359,1.5305,0.3354
1.5505,0.0004,1.0942,1.6013,0.3377
1.4596,0.0004,0.9400,1.4833,0.3724
1.3563,0.0004,0.9843,1.2958,0.3724
1.5545,0.0004,1.0290,1.4553,0.3684
1.4561,0.0004,0.8921,1.5348,0.3684
1.6772,0.0003,0.8328,1.7491,0.3487
1.2595,0.0005,0.7619,1.0560,0.3487
1.6741,0.0004,0.7688,1.7973,0.3574
1.3356,0.0003,0.8134,1.1005,0.3574
1.9776,0.0004,0.8784,2.2161,0.3411
1.4590,0.0004,0.8403,1.4743,0.3464
2.0764,0.0005,0.8199,2.0199,0.3456
1.6434,0.0005,0.9427,1.3561,0.3634
1.4419,0.0003,1.3336,1.4254,0.3634
1.9459,0.0004,1.0374,2.1998,0.3589
0.9252,0.0005,0.9011,0.9595,0.3589
1.7664,0.0005,0.7790,1.8114,0.3419
1.8800,0.0004,0.8543,1.8263,0.3470
1.4429,0.0005,0.8019,1.3917,0.3470
1.1878,0.0004,0.8964,1.2874,0.3449
1.7485,0.0005,0.7935,1.5079,0.3315
1.8907,0.0005,0.7672,2.0617,0.3475
1.7758,0.0005,0.8659,1.3875,0.3438
1.8682,0.0178,0.8740,2.1984,0.3589
1.4566,0.0004,0.9116,1.5732,0.3525
1.3088,0.0003,0.8194,1.1477,0.3439
1.3061,0.0004,0.9213,1.1441,0.3389
20.0800,0.0008,19.6586,1.5392,0.3597
0.9484,0.0006,1.4590,1.4953,0.3597
1.2729,0.0006,1.0600,1.4553,0.3597
1.8367,0.0008,0.7851,1.4745,0.3515
1.3183,0.0009,1.0203,1.7426,0.3515
1.7487,0.0005,0.8567,1.5486,0.3693
1.8831,0.0007,0.9803,2.0934,0.3694
1.3654,0.0005,1.2191,1.3061,0.3694
1.5754,0.0007,0.9888,1.6176,0.3488
1.6044,0.0007,0.9343,1.5928,0.3473
1.7530,0.0009,0.9889,1.7191,0.3528
1.5095,0.0007,1.1573,1.4065,0.3354
1.5899,0.0007,1.1958,1.7173,0.3644
1.7904,0.0008,0.9622,1.8048,0.3392
1.4193,0.0006,0.9346,1.4292,0.3659
1.4641,0.0008,0.8625,1.2446,0.3659
2.0704,0.0009,1.0136,2.2128,0.3541
1.2279,0.0008,1.2682,1.2637,0.3670
1.4229,0.0006,0.8680,1.4145,0.3567
1.7039,0.0006,0.8668,1.5060,0.3433
1.1735,0.0004,1.1135,1.4272,0.3433
1.2726,0.0004,0.7195,1.2533,0.3510
1.4942,0.0004,0.7660,1.4013,0.3592
1.3076,0.0003,0.8284,1.3495,0.3401
1.4637,0.0003,0.7735,1.4416,0.3532
1.2044,0.0004,0.7725,1.2408,0.3461
1.1339,0.0005,0.6745,1.1361,0.3461
1.7722,0.0005,0.7464,1.5772,0.3672
1.7190,0.0004,1.1510,1.7341,0.3554
1.4280,0.0006,1.2627,1.4720,0.3554
1.3860,0.0004,1.0901,1.4548,0.3662
1.7137,0.0006,0.8621,1.6110,0.3654
0.9904,0.0003,0.9158,1.0160,0.3654
1.3767,0.0005,0.7960,1.4270,0.3339
1.6515,0.0004,0.6920,1.7384,0.3418
1.5759,0.0005,0.6570,1.4592,0.3441
1.1763,0.0003,0.7396,1.0833,0.3441
1.5390,0.0004,0.5880,1.4522,0.3634
1.3189,0.0004,0.7628,1.2895,0.3634
1.8839,0.0005,0.8407,2.0781,0.3424
0.9808,0.0004,0.8620,0.9311,0.3424
1.7923,0.0005,0.6669,1.8837,0.3640
1.1708,0.0004,0.6978,1.1902,0.3640
1.3170,0.0004,0.7668,1.3125,0.3418
1.3701,0.0004,0.9700,1.3485,0.3442
1.5259,0.0004,0.8824,1.3683,0.3449
1.6501,0.0005,0.8607,1.4782,0.3393
1.6403,0.0004,0.9723,1.9362,0.3434
1.2608,0.0005,0.6876,0.9790,0.3434
1.6727,0.0006,0.7646,1.6651,0.3375
1.6637,0.0004,0.7538,1.8891,0.3550
1.8387,0.0004,0.8686,1.7491,0.3434
1.3498,0.0003,1.1447,1.2549,0.3553
1.2960,0.0003,0.9986,1.4200,0.3553
0.9873,0.0003,0.9580,1.1033,0.3441
1.4641,0.0004,0.7741,1.4489,0.3501
1.7098,0.0004,0.6662,1.7439,0.3531
0.9762,0.0004,0.6433,0.8310,0.3531
1.3031,0.0004,0.6258,1.3796,0.3280
1.3482,0.0004,0.6386,1.3132,0.3506
1.2966,0.0004,0.7702,1.3642,0.3520
1.2936,0.0005,0.9185,1.0238,0.3484
1.7336,0.0004,0.7570,1.9157,0.3690
1.8173,0.0005,0.8255,1.4777,0.3689
1.5397,0.0004,1.1165,1.9107,0.3689
1.4372,0.0004,0.9140,1.3448,0.3406
1.7092,0.0003,0.6802,1.6655,0.3669
2.1789,0.0004,0.7311,2.1264,0.3622
0.8369,0.0005,0.9389,0.8339,0.3622
1.6162,0.0003,0.7478,1.7985,0.3474
1.5230,0.0004,0.7024,1.2656,0.3450
1.1696,0.0005,1.0097,1.4144,0.3450
1.6498,0.0005,0.8891,1.3479,0.3482
2.0432,0.0009,0.8197,2.2750,0.3646
1.3729,0.0008,0.9624,1.2433,0.3706
1.6044,0.0006,0.8277,1.7598,0.3473
1.4469,0.0004,0.7336,1.2579,0.3396
1.7323,0.0003,0.8062,1.9274,0.3434
1.4041,0.0003,0.7542,1.2264,0.3536
1.5915,0.0006,0.7404,1.6317,0.3626
1.3946,0.0004,0.7660,1.5344,0.3453
1.3325,0.0004,0.7452,1.3184,0.3481
1.5931,0.0004,0.7481,1.5769,0.3426
1.7068,0.0007,0.7951,1.3461,0.3426
2.1109,0.0009,1.1882,2.3976,0.4015
1.1868,0.0006,1.0292,1.2566,0.3662
1.3637,0.0003,0.7851,1.3469,0.3564
1.1234,0.0004,0.7884,1.1454,0.3564
1.3620,0.0004,0.8629,1.3364,0.3464
1.6814,0.0005,0.7172,1.6816,0.3494
1.1121,0.0004,0.7320,0.9654,0.3494
1.2144,0.0005,0.8251,1.2235,0.3432
1.5448,0.0004,0.6903,1.6587,0.3426
1.3360,0.0004,0.7079,1.1563,0.3426
1.8959,0.0005,0.7603,2.0166,0.3432
1.4729,0.0005,0.7903,1.4890,0.3624
1.4488,0.0007,0.8128,1.4657,0.3596
1.4734,0.0004,0.7841,1.4383,0.3596
2.2428,0.0004,0.8071,2.2532,0.3501
1.0967,0.0004,0.8498,1.1308,0.3501
1.8620,0.0005,0.7292,1.8316,0.3551
1.4188,0.0005,0.7481,1.3211,0.3389
1.1493,0.0006,0.9201,1.2579,0.3389
1.5205,0.0004,0.6564,1.2258,0.3381
1.4840,0.0005,0.9370,1.7210,0.3381
2.0914,0.0011,0.7670,1.9657,0.3621
1.8446,0.0010,1.2626,1.5833,0.6995
1.0835,0.0007,1.5340,1.4024,0.6995
1.3462,0.0005,0.8009,1.3296,0.3456
1.4349,0.0006,0.9096,1.2114,0.3308
1.7361,0.0008,1.0106,1.8755,0.3374
1.6311,0.0004,1.0361,1.7853,0.3458
1.3221,0.0005,0.8853,1.1481,0.3458
1.8059,0.0004,0.7347,1.7290,0.3453
1.9462,0.0005,0.9118,2.1184,0.3374
1.8402,0.0006,0.8687,1.8495,0.3688
1.3934,0.0005,0.8509,1.4133,0.3688
2.0133,0.0004,0.8248,1.9954,0.3535
1.2898,0.0009,0.8532,1.1362,0.3535
1.6813,0.0004,0.9621,1.8597,0.3475
1.3109,0.0003,0.8692,1.3143,0.3475
1.7996,0.0005,0.7053,1.6511,0.3414
1.2535,0.0004,0.8782,1.1195,0.3414
1.9065,0.0006,0.7588,1.7883,0.3608
1.1749,0.0005,1.1090,1.5330,0.3495
1.4517,0.0004,0.7333,1.4743,0.3523
1.9996,0.0005,0.6650,1.9146,0.3489
1.5584,0.0006,0.8233,1.6006,0.3477
1.3652,0.0005,0.9274,1.0830,0.3477
1.9114,0.0004,0.8059,2.1266,0.3448
1.3347,0.0005,0.7978,1.1659,0.3448
1.6141,0.0005,0.7339,1.6465,0.3382
1.5902,0.0003,0.8921,1.7639,0.3454
1.3403,0.0004,0.9304,1.2105,0.3472
2.0410,0.0005,1.1064,2.0727,0.3365
1.0011,0.0003,0.7958,1.0664,0.3365
1.8754,0.0004,0.7443,1.6196,0.3533
1.9919,0.0004,0.8701,2.1727,0.3515
1.3200,0.0003,0.9617,1.0787,0.3437
1.3805,0.0004,0.9604,1.4692,0.3437
1.6684,0.0003,0.7313,1.6395,0.3641
1.8196,0.0004,0.9204,1.9036,0.3493
1.6298,0.0005,0.8841,1.7379,0.3340
1.1532,0.0005,0.7918,1.0733,0.3527
1.9716,0.0004,0.9262,2.0445,0.3326
1.4739,0.0004,0.7694,1.4962,0.3528
1.1668,0.0008,0.7335,1.1758,0.3525
1.9807,0.0009,0.7646,1.8782,0.3502
1.6496,0.0006,1.4224,1.5248,0.3623
1.3317,0.0007,1.3315,1.4714,0.3362
1.0507,0.0004,0.7695,1.1086,0.3362
1.7528,0.0004,0.7007,1.6486,0.3511
1.5604,0.0004,0.6959,1.4466,0.3415
1.9222,0.0005,0.7510,2.0240,0.3436
1.4130,0.0005,0.8793,1.3093,0.3436
1.4387,0.0004,0.9117,1.6057,0.3513
1.4207,0.0004,0.7757,1.4166,0.3486
1.1362,0.0003,0.8742,1.1147,0.3486
1.6340,0.0006,0.9073,1.4523,0.3591
1.7470,0.0005,0.8090,1.7019,0.3671
1.6700,0.0006,1.1376,1.8865,0.3530
1.3807,0.0006,0.8222,1.3921,0.3530
1.8445,0.0005,0.7699,1.1943,0.3573
2.1311,0.0010,0.8623,2.2354,0.3388
1.5118,0.0007,1.3288,1.8649,0.3388
1.8554,0.0006,0.8944,1.7052,0.3437
1.4647,0.0006,0.8292,1.7671,0.3497
1.5974,0.0006,0.7995,1.5882,0.3489
1.6930,0.0005,1.0387,1.6584,0.3635
1.5607,0.0005,0.8642,1.5031,0.3672
1.4802,0.0004,0.9748,1.5810,0.3672
1.5588,0.0004,0.7680,1.3660,0.3387
1.5834,0.0004,0.7870,1.6931,0.3688
2.2133,0.0003,0.9001,2.1650,0.3406
1.6105,0.0003,0.9884,1.7170,0.3406
2.0575,0.0003,0.7472,2.0258,0.3553
1.1710,0.0004,0.7933,0.8113,0.3553
1.8265,0.0004,0.8759,1.9103,0.3350
1.7344,0.0004,0.8583,1.9410,0.3480
1.9539,0.0004,1.1227,1.9654,0.3669
1.4628,0.0005,0.8896,1.4204,0.3695
0.9925,0.0003,0.8482,1.0348,0.3695
1.4979,0.0007,0.7624,1.1936,0.3741
1.5252,0.0004,0.8363,1.8096,0.3580
1.5527,0.0005,0.8239,1.5639,0.3349
1.5451,0.0004,0.8069,1.0986,0.3573
1.5383,0.0004,0.9023,1.8560,0.3457
1.4211,0.0004,0.8227,1.3915,0.3488
1.8555,0.0004,0.7811,1.3615,0.3421
1.9629,0.0005,0.8951,2.5429,0.3949
1.2779,0.0011,0.9426,0.9630,0.3949
1.1940,0.0003,0.9556,1.5756,0.3801
1.3562,0.0004,0.7715,1.3060,0.3534
1.3589,0.0005,0.7373,1.2713,0.3262
1.5080,0.0004,0.7719,1.5199,0.3580
1.9319,0.0005,0.7708,2.0070,0.3400
1.0992,0.0004,0.8163,0.8142,0.3444
1.8856,0.0004,1.1001,2.0958,0.3368
1.6161,0.0004,0.9932,1.5636,0.3551
1.0357,0.0003,0.8551,1.0108,0.3617
1.6200,0.0006,0.8602,1.4711,0.3617
1.8557,0.0003,0.8277,2.0631,0.3476
1.5574,0.0004,0.9084,1.5935,0.3573
1.4024,0.0003,0.7924,1.3824,0.3361
1.6110,0.0006,0.8621,1.6215,0.3559
1.1398,0.0003,1.0466,1.1753,0.3559
1.5246,0.0005,0.9522,1.4785,0.3501
1.8564,0.0005,0.8810,1.6312,0.3382
1.5270,0.0007,0.9373,1.6001,0.3659
1.1857,0.0005,0.9764,1.3444,0.3698
1.0178,0.0003,0.7908,0.7974,0.3698
1.7245,0.0006,0.6772,1.6546,0.3302
2.0088,0.0010,0.9107,2.0642,0.3970
1.5672,0.0006,1.3516,0.9325,0.3559
0.8499,0.0005,1.3855,1.1871,0.3687
1.6652,0.0006,0.7732,1.6328,0.3640
1.3579,0.0008,1.1169,1.7044,0.3640
1.6267,0.0003,0.8798,1.6027,0.3406
1.6577,0.0003,0.8292,1.6708,0.3535
0.8778,0.0004,0.7466,0.8004,0.3535
1.6103,0.0003,0.7469,1.4313,0.3374
2.0007,0.0004,0.7482,2.0561,0.3396
1.4659,0.0005,0.8303,1.5002,0.3396
1.6319,0.0007,0.7602,1.6713,0.5239
1.9828,0.0006,0.8358,2.0181,0.3505
1.7795,0.0005,0.8810,1.7983,0.3460
1.2451,0.0004,0.8361,0.9766,0.3460
1.4813,0.0005,0.8225,1.5996,0.3535
1.5249,0.0004,0.9051,1.6335,0.3577
1.6385,0.0005,0.7481,1.5711,0.3425
1.8679,0.0004,0.7682,1.9778,0.3673
1.0195,0.0004,0.7471,0.9914,0.3634
1.7909,0.0154,0.7517,1.4256,0.3496
1.0181,0.0005,1.0316,1.3542,0.3496
2.0380,0.0009,0.8195,1.7883,0.3778
0.8491,0.0008,1.1076,0.8471,0.3666
1.2398,0.0004,0.7624,1.5181,0.3666
1.4223,0.0004,0.6634,1.1222,0.3424
1.4002,0.0005,0.9107,1.4732,0.3424
2.0336,0.0004,0.8686,2.1976,0.3529
1.7790,0.0004,0.8704,1.7906,0.3342
1.5011,0.0003,0.9430,1.3950,0.3419
1.6805,0.0003,0.9147,1.7955,0.3623
1.5302,0.0003,0.7980,1.3282,0.3623
1.8481,0.0004,0.8921,1.9811,0.3362
1.7305,0.0003,1.1839,1.6150,0.3800
2.1620,0.0005,1.1457,2.2389,0.3352
1.1773,0.0003,0.9870,1.2515,0.3352
1.5313,0.0005,0.7161,1.2314,0.3570
1.3465,0.0005,0.8510,1.6652,0.3570
1.4940,0.0003,0.6652,1.2558,0.3472
1.7827,0.0004,0.7320,1.8704,0.3604
1.6474,0.0004,0.8318,1.4743,0.3484
1.3619,0.0003,0.7970,1.6870,0.3484
1.9854,0.0011,0.6184,1.5433,0.3848
2.0747,0.0007,1.0847,2.3009,0.3572
1.5064,0.0005,1.0145,1.4934,0.3480
1.1085,0.0006,0.9615,1.0467,0.3480
1.7526,0.0003,0.8615,1.6347,0.3554
1.6551,0.0004,0.7679,1.6371,0.3485
1.4116,0.0004,0.8765,1.5072,0.3519
1.5197,0.0003,1.0052,1.7226,0.3519
1.5120,0.0005,0.6800,1.3290,0.3455
1.8648,0.0004,0.7646,2.0828,0.3536
1.7078,0.0006,0.8830,1.3761,0.3536
2.4599,0.0005,1.0037,2.7242,0.3675
1.1592,0.0006,0.9149,1.2144,0.3422
1.6196,0.0008,0.7971,1.4385,0.3551
1.7447,0.0003,0.9082,1.6537,0.3551
1.6074,0.0005,0.7645,1.8749,0.3476
1.8652,0.0005,0.6931,1.8162,0.3397
1.3123,0.0006,0.7217,1.3210,0.3397
1.4791,0.0004,0.7389,1.1916,0.3421
1.8868,0.0005,0.9621,1.7699,0.3391
1.6036,0.0006,1.0219,1.9136,0.3358
1.5979,0.0008,1.1582,1.6177,0.3581
1.9627,0.0004,0.9330,1.8525,0.3497
1.6135,0.0006,1.0137,1.6876,0.3497
1.6858,0.0004,1.0250,1.7537,0.3454
1.5301,0.0004,0.7801,1.3541,0.3416
1.4844,0.0003,0.7160,1.5908,0.3491
1.3539,0.0005,0.6528,1.2298,0.3585
1.5817,0.0006,0.6777,1.6640,0.3641
1.5055,0.0004,0.8022,1.4367,0.3378
2.1176,0.0005,0.7799,2.0590,0.3372
1.1748,0.0005,1.0603,1.2572,0.3628
2.0270,0.0004,0.8427,1.8174,0.3438
1.3969,0.0003,0.8811,1.7095,0.3438
2.2441,0.0005,1.3914,1.5411,0.3606
1.8606,0.0004,1.0248,2.5195,0.3378
1.7171,0.0004,1.0077,1.7536,0.3589
1.3522,0.0003,0.8265,1.3820,0.3581
1.4957,0.0003,0.6847,1.3805,0.3581
1.3866,0.0003,0.7665,1.3387,0.3391
1.3514,0.0003,0.8070,1.0872,0.3420
1.4161,0.0004,1.1065,1.6109,0.3723
1.2211,0.0003,0.8543,1.4062,0.3723
1.7399,0.0004,0.7667,1.7401,0.3507
1.3393,0.0003,0.7087,1.2379,0.3507
1.3824,0.0003,0.7809,1.0887,0.3484
1.7811,0.0004,0.6990,1.8392,0.3440
1.1973,0.0004,0.8961,1.3902,0.3440
1.5156,0.0004,0.6895,1.5553,0.3608
2.3598,0.0003,0.7589,2.3907,0.3595
1.4061,0.0004,0.7393,1.4470,0.3579
1.3029,0.0004,0.6929,1.0853,0.3648
1.3201,0.0004,0.8527,1.2985,0.3648
1.7671,0.0005,0.7547,1.9663,0.9371
1.3455,0.0004,0.7001,1.0490,0.3361
1.3311,0.0003,0.7890,1.3833,0.3535
1.5447,0.0003,0.7693,1.8105,0.3483
1.0717,0.0004,0.6006,0.9051,0.3364
1.5350,0.0004,0.6608,1.4191,0.3724
1.9987,0.0005,0.8220,2.2148,0.3288
1.3472,0.0005,0.8096,1.3642,0.3533
1.6273,0.0004,0.7446,1.6335,0.3485
1.2436,0.0004,0.8278,1.2726,0.3485
1.2412,0.0005,0.5997,1.0537,0.3593
1.6965,0.0005,0.7746,1.5971,0.3570
2.0118,0.0003,0.9803,2.1999,0.3458
1.0000,0.0003,0.7784,1.0687,0.3458
1.2699,0.0004,0.6484,1.2046,0.3476
1.5101,0.0004,0.6584,1.4368,0.3413
1.7931,0.0005,0.6716,1.5344,0.3683
1.8338,0.0004,1.0020,2.1834,0.3384
1.3846,0.0004,0.9964,1.1114,0.3483
1.3983,0.0006,0.9199,1.3431,0.3456
1.1272,0.0004,0.7985,1.3495,0.3456
1.6181,0.0004,0.6663,1.4924,0.3579
1.7861,0.0004,0.7182,1.7463,0.3586
1.6370,0.0003,0.7555,1.9046,0.3344
1.4329,0.0004,0.6738,1.1474,0.3344
1.9996,0.0004,0.8536,1.9979,0.3380
1.3557,0.0004,0.8370,1.6433,0.3380
1.6981,0.0003,0.6456,1.3240,0.3538
1.2203,0.0003,0.8536,1.4745,0.3538
1.2753,0.0006,0.6660,1.3777,0.3607
1.2856,0.0004,0.6311,1.2454,0.3696
1.3404,0.0004,0.6231,1.1434,0.3529
1.1732,0.0003,0.9822,1.2214,0.3529
1.9913,0.0003,1.0439,2.0920,0.3613
1.1676,0.0004,0.9259,1.2144,0.3613
1.3716,0.0003,1.0122,1.2206,0.3653
1.2810,0.0004,0.6685,1.4069,0.3315
1.3631,0.0004,0.6500,1.3959,0.3472
1.1278,0.0003,0.6784,1.1330,0.3472
1.3071,0.0003,0.6380,1.0911,0.3411
1.1579,0.0003,0.7590,1.2490,0.3553
1.1416,0.0003,0.7325,1.2620,0.3553
1.2707,0.0004,0.5810,1.0888,0.3469
1.3811,0.0004,0.6568,1.2739,0.3465
1.1731,0.0004,0.9623,1.2218,0.3479
1.1017,0.0003,0.9072,1.1188,0.3479
1.5103,0.0005,0.8441,1.6694,0.3681
1.6608,0.0003,0.7164,1.4108,0.3511
1.0442,0.0004,0.8464,1.2943,0.3511
1.1346,0.0004,0.7167,1.0974,0.3424
1.4075,0.0004,0.6539,1.1903,0.3454
1.3978,0.0003,0.6864,1.6553,0.3542
1.3299,0.0004,0.6572,1.2127,0.3526
1.0295,0.0004,0.8122,1.0257,0.3526
1.4058,0.0003,0.8660,1.3944,0.3573
1.3676,0.0004,0.6947,1.3828,0.3516
1.2753,0.0003,0.8083,1.2719,0.3562
1.0800,0.0003,0.8526,1.0573,0.3531
1.4066,0.0004,0.9819,1.1147,0.3685
1.5548,0.0004,1.3332,1.8926,0.3529
1.1521,0.0004,0.7884,1.1899,0.3529
1.1596,0.0004,0.7064,1.1653,0.3612
1.3963,0.0004,0.6768,1.1951,0.3574
1.1455,0.0003,0.9380,1.0585,0.3574
1.2470,0.0003,0.7706,1.5211,0.3761
1.1896,0.0003,0.7967,1.1893,0.3633
1.3879,0.0003,0.6288,1.3233,0.3475
1.4850,0.0003,0.7065,1.2538,0.3462
1.2617,0.0004,0.9290,1.5501,0.3462
1.1467,0.0004,0.6398,1.1303,0.3521
1.3119,0.0004,0.6740,1.3210,0.3410
1.5870,0.0004,0.9500,1.2689,0.3360
1.9348,0.0004,0.8801,1.9779,0.3736
1.1055,0.0003,0.9932,1.2222,0.3736
1.3499,0.0005,0.7537,1.2437,0.3589
1.1183,0.0004,0.8204,1.3188,0.3589
1.0084,0.0004,0.7957,1.0541,0.3513
1.2735,0.0003,0.8093,1.1565,0.3544
1.0877,0.0004,0.5769,1.1975,0.3560
1.3709,0.0003,0.5731,1.3571,0.3484
1.0792,0.0005,0.6409,0.8828,0.3484
1.5154,0.0003,0.7189,1.4590,0.3516
0.9317,0.0003,0.7930,1.1666,0.3516
1.3963,0.0004,0.8131,1.4111,0.3492
1.4745,0.0004,0.5786,1.3205,0.3566
1.7009,0.0004,0.7960,1.5767,0.5343
1.6279,0.0003,0.9560,1.8608,0.3524
1.2818,0.0004,0.7839,1.1554,0.3558
1.3395,0.0003,1.0992,1.1691,0.3558
1.4580,0.0003,0.8734,1.6227,0.3451
1.3848,0.0004,0.8875,1.4983,0.3418
1.3789,0.0004,0.6890,1.2166,0.3460
1.3784,0.0003,0.7865,1.3732,0.3460
1.8142,0.0004,0.6479,1.7527,0.3269
0.6584,0.0003,0.8624,0.7904,0.3269
1.2172,0.0003,0.6339,1.1596,0.3516
1.7626,0.0004,0.7837,1.6967,0.3474
1.7030,0.0005,0.8926,1.7605,0.4024
1.1933,0.0003,0.7558,1.1316,0.4024
1.0445,0.0004,0.8246,1.1693,0.3500
1.1992,0.0003,0.6317,1.2362,0.3385
1.2595,0.0004,0.6090,1.2601,0.3453
1.2881,0.0003,0.6942,1.1784,0.3411
1.3713,0.0005,0.6770,1.3515,0.3755
1.1844,0.0003,0.7868,1.0690,0.3541
1.0970,0.0004,0.8044,1.2225,0.3541
1.3108,0.0003,0.7194,1.3695,0.3306
1.4790,0.0004,0.8334,1.2924,0.3621
1.5596,0.0004,1.0189,1.5767,0.3621
2.0646,0.0006,0.6866,2.0777,0.3603
1.6153,0.0008,1.1415,1.4629,0.3567
1.2002,0.0003,1.1483,1.5334,0.3567
1.4390,0.0004,0.6153,1.2961,0.3375
1.3352,0.0003,0.7683,1.2655,0.3375
1.7539,0.0003,0.6063,1.9697,0.3463
1.3712,0.0004,0.5778,1.2851,0.3409
1.2355,0.0005,0.5882,1.2552,0.3368
1.4376,0.0004,0.6162,1.3549,0.3577
1.5596,0.0003,0.5974,1.5004,0.3512
1.2966,0.0004,0.6855,1.4762,0.3471
1.5308,0.0003,0.7812,1.2951,0.3555
1.5965,0.0003,0.8382,1.7108,0.5466
1.2217,0.0004,0.8419,1.1732,0.3646
1.3510,0.0004,0.6999,1.4227,0.3310
1.6478,0.0003,0.7544,1.7059,0.3477
1.5340,0.0003,0.8898,1.5592,0.3327
1.3653,0.0005,0.6349,1.3000,0.3327
1.2743,0.0004,0.8678,1.3083,0.3443
1.5828,0.0004,0.8481,1.5836,0.3443
1.4558,0.0003,0.8256,1.4571,0.3363
1.4387,0.0005,0.6161,1.4316,0.3363
1.6188,0.0010,0.6870,1.4621,0.3484
1.6590,0.0006,0.9857,1.5290,0.3661
1.3787,0.0004,1.0153,1.6187,0.3766
1.4851,0.0005,1.0051,1.2378,0.3381
1.5437,0.0005,0.8366,1.5749,0.3351
0.9981,0.0003,0.8768,1.0786,0.3459
1.5445,0.0004,0.7973,1.5514,0.3390
1.1358,0.0004,0.7706,1.2711,0.3390
1.4097,0.0003,0.6371,1.3845,0.3380
2.0411,0.0004,0.6872,1.9777,0.3446
1.7472,0.0004,0.8630,1.0967,0.3446
2.1199,0.0006,0.8959,2.7115,0.3534
1.6940,0.0009,0.8692,1.7387,0.3667
1.4659,0.0003,0.9462,1.3969,0.3667
1.5393,0.0006,0.8857,1.5816,0.3539
1.5259,0.0005,0.7231,1.3205,0.3608
1.7069,0.0004,0.7176,1.9972,0.3580
1.4662,0.0003,0.6329,1.4259,0.3315
1.3847,0.0004,0.7996,1.1529,0.3420
1.2495,0.0003,1.0403,1.4670,0.3556
1.2402,0.0003,0.7689,1.1103,0.3594
1.3005,0.0004,0.6469,1.2927,0.3433
1.5976,0.0004,0.7318,1.7022,0.3403
1.2648,0.0004,0.6755,1.0774,0.3576
1.4361,0.0004,0.7602,1.4154,0.3631
1.4446,0.0006,0.7239,1.5396,0.3505
1.4918,0.0004,0.7263,1.6040,0.3458
1.5458,0.0004,0.6469,1.1588,0.3337
1.1069,0.0005,0.9260,1.3695,0.3337
1.7230,0.0004,0.8824,1.6507,0.3440
1.2542,0.0005,0.8802,1.3564,0.3440
1.7821,0.0005,0.7511,1.5776,0.3377
1.6081,0.0008,0.9241,1.5994,0.3504
1.1952,0.0004,1.0292,1.3573,0.3504
1.4482,0.0003,0.7956,1.4267,0.3620
1.4916,0.0004,0.9889,1.5925,0.3768
1.3672,0.0003,0.7547,1.2767,0.3810
1.2911,0.0003,0.8352,1.1411,0.3810
1.1951,0.0004,0.8441,1.4572,0.3465
1.3990,0.0003,0.6435,1.1528,0.3562
1.5693,0.0004,0.7489,1.6506,0.3345
1.2720,0.0003,0.8515,1.2839,0.3345
1.5321,0.0005,0.9282,1.6461,0.3421
1.4353,0.0004,0.9728,1.3053,0.3444
1.6535,0.0004,0.8922,1.4080,0.3564
1.6147,0.0005,1.0645,1.9416,0.3564
1.6387,0.0004,0.7758,1.2585,0.3609
1.2922,0.0004,0.9741,1.7104,0.3609
1.4380,0.0003,0.6781,1.3250,0.3462
1.1127,0.0006,0.7449,1.1473,0.3462
1.7121,0.0003,0.6188,1.6586,0.3469
1.3782,0.0003,0.7275,1.4390,0.3553
1.7257,0.0003,0.6597,1.7573,0.3398
1.0142,0.0004,0.6178,0.9047,0.3398
1.2728,0.0003,0.6428,1.4022,0.3428
1.7772,0.0003,0.6542,1.7650,0.3518
1.0385,0.0003,0.6956,1.0368,0.3518
1.5554,0.0004,0.6410,1.4945,0.3541
1.3119,0.0003,0.8841,1.0889,0.3718
1.4079,0.0004,1.1832,1.4557,0.3737
1.1444,0.0003,1.0241,1.3606,0.3737
1.1762,0.0003,0.6538,1.1474,0.3572
1.6689,0.0003,0.7858,1.6589,0.3625
1.2549,0.0003,0.6727,1.2621,0.3437
1.3202,0.0003,0.6775,1.3071,0.3468
1.1205,0.0003,0.7122,0.7648,0.3738
1.4496,0.0003,0.7628,1.8097,0.3578
1.2768,0.0003,0.6305,1.2616,0.3417
1.2600,0.0004,0.6551,1.2754,0.3505
0.8576,0.0004,0.6771,0.8625,0.3463
1.3525,0.0005,0.6333,1.2831,0.3632
1.4993,0.0006,0.7606,1.5096,0.3429
1.2578,0.0007,0.8258,1.2733,0.3629
1.3835,0.0004,0.7190,1.3875,0.3582
1.1011,0.0004,0.6791,1.1137,0.3554
1.2800,0.0004,0.6927,0.9290,0.3554
1.6188,0.0004,0.7348,1.6805,0.3603
1.4078,0.0003,1.3212,1.5029,0.3586
1.3839,0.0003,1.0030,1.2258,0.3548
1.2784,0.0003,0.8458,1.3118,0.3496
1.1902,0.0004,0.7749,1.4798,0.3496
1.6286,0.0003,0.6626,1.6252,0.3454
1.4974,0.0005,0.6806,1.4179,0.3626
1.6944,0.0003,0.7490,1.7588,0.3417
1.6537,0.0004,0.7485,1.6302,0.3593
1.1912,0.0003,0.7304,1.2123,0.3496
1.1583,0.0003,0.6499,0.9665,0.3496
1.3782,0.0003,0.6509,1.5677,0.3578
1.4809,0.0003,0.6180,1.2326,0.3584
1.0029,0.0003,0.8568,1.2443,0.3584
1.3740,0.0003,0.7840,1.3816,0.3468
1.0766,0.0003,0.5939,1.0506,0.3468
1.1146,0.0003,0.6927,1.0918,0.3609
1.0935,0.0004,1.0803,1.1300,0.3589
1.0112,0.0004,0.6384,0.9523,0.3722
1.2548,0.0004,0.5581,1.1288,0.3488
2.0038,0.0004,0.6642,1.7650,0.3582
1.1478,0.0004,1.1955,1.1462,0.3649
1.0966,0.0004,1.1003,1.4203,0.3649
1.3889,0.0004,0.7335,1.2547,0.3460
1.3120,0.0004,0.8973,1.3803,0.3491
1.2778,0.0004,1.0758,1.1616,0.3891
1.6204,0.0003,0.8069,1.6225,0.3495
1.3875,0.0003,0.6959,1.6193,0.3468
1.2417,0.0004,0.6127,0.9729,0.3468
1.3082,0.0004,0.7977,1.4559,0.3639
1.4497,0.0003,0.6656,1.4015,0.3570
1.5561,0.0004,0.6083,1.6582,0.3444
2.0214,0.0003,0.7405,2.0138,0.5305
1.1070,0.0003,0.8842,0.8494,0.5305
1.0774,0.0003,1.0270,1.3749,0.3552
1.6066,0.0004,0.6324,1.2671,0.3388
1.6083,0.0003,0.8579,1.6590,0.3461
1.2081,0.0003,0.7900,1.2707,0.3461
1.4638,0.0003,0.6837,1.5292,0.3525
1.6360,0.0004,0.6397,1.5899,0.3519
1.0435,0.0003,0.8707,1.1624,0.3519
1.4410,0.0003,0.9331,1.4988,0.3621
1.6979,0.0004,0.7181,1.3180,0.3348
1.4167,0.0005,0.9543,1.7089,0.3348
1.7271,0.0005,0.8780,1.7657,0.3777
1.2494,0.0004,0.8509,1.0844,0.3453
1.7107,0.0003,0.9072,1.8448,0.3453
1.4581,0.0003,0.8204,1.5253,0.3544
1.2762,0.0003,0.6124,1.1079,0.3352
1.4924,0.0004,0.6281,1.4353,0.3605
1.8959,0.0003,0.7764,2.1064,0.3597
1.0203,0.0002,0.6135,1.0217,0.3597
1.6101,0.0003,0.6069,1.5700,0.3418
1.4322,0.0003,0.6928,1.4127,0.3418
1.0674,0.0003,0.8100,1.1036,0.3571
2.0333,0.0003,0.6739,1.1725,0.3811
0.9983,0.0003,1.4118,1.8359,0.3811
1.5572,0.0004,0.7437,1.1431,0.3297
1.0410,0.0004,0.8207,1.4289,0.3297
1.6341,0.0003,0.8440,1.6475,0.3459
1.0136,0.0004,0.6512,0.9530,0.3459
1.4635,0.0003,0.6459,1.2864,0.3537
1.5937,0.0004,0.6905,1.5012,0.3445
1.3603,0.0003,0.8318,1.6852,0.3387
1.1294,0.0004,0.7752,0.9884,0.3642
1.4939,0.0004,0.7914,1.6223,0.3545
1.5278,0.0004,0.6302,1.4902,0.3357
1.4498,0.0004,0.8438,1.2935,0.3454
1.7297,0.0004,1.2052,1.6188,0.3485
1.0214,0.0003,0.9721,1.2900,0.3485
1.2403,0.0004,0.7860,1.1780,0.3490
1.2604,0.0004,0.6443,1.3276,0.3501
1.3901,0.0004,0.7180,1.1227,0.3514
1.0518,0.0003,0.8527,1.2990,0.3514
1.4457,0.0003,0.6632,1.4552,0.3431
1.1539,0.0003,0.6500,0.9381,0.3445
1.1856,0.0003,0.8966,1.2249,0.3445
1.5116,0.0003,0.7589,1.6908,0.3438
1.2603,0.0003,0.6257,1.2663,0.3570
2.0265,0.0005,0.7640,1.9016,0.9591
1.0336,0.0003,0.8636,1.0586,0.9591
1.4797,0.0004,0.7264,1.3760,0.3416
1.0198,0.0003,0.7812,1.1807,0.3416
1.1182,0.0002,0.6367,1.1149,0.3603
1.2836,0.0004,0.5806,1.0107,0.3500
1.6489,0.0003,0.5883,1.9216,0.3492
1.2305,0.0003,0.5812,0.9694,0.3495
0.9546,0.0003,0.7079,1.2127,0.3495
1.3765,0.0003,0.5573,1.2153,0.3430
1.3938,0.0004,0.7402,1.4440,0.3557
1.4505,0.0004,0.6943,1.2318,0.3370
1.7218,0.0005,0.6134,1.8899,0.3453
1.7101,0.0003,1.2061,1.7322,0.3514
1.3305,0.0003,0.9307,1.1140,0.3775
1.2631,0.0004,0.9262,1.2983,0.3559
1.6606,0.0003,0.7809,1.9005,0.3386
1.0097,0.0003,0.6765,0.9171,0.3386
1.2663,0.0004,0.6545,1.3651,0.3371
1.0794,0.0002,0.6526,0.9660,0.3388
1.4843,0.0005,0.6547,1.3585,0.3448
1.0669,0.0004,0.7757,1.1999,0.3448
1.3407,0.0006,0.6667,1.3509,0.3535
1.3548,0.0006,0.6646,1.3648,0.3525
1.3523,0.0008,0.8080,1.0455,0.3618
1.6587,0.0003,1.0481,1.9699,0.3754
1.5041,0.0003,0.9008,1.2751,0.3499
1.1893,0.0003,0.9394,1.3921,0.3499
1.2095,0.0003,0.6926,1.2831,0.3511
1.3743,0.0004,0.7033,1.2930,0.3371
1.3642,0.0003,0.9104,1.0323,0.3506
1.0370,0.0003,0.7807,1.3733,0.3506
1.1400,0.0004,0.6504,1.1884,0.3534
1.3979,0.0004,0.6225,1.4093,0.3609
1.4177,0.0005,0.7612,1.2787,0.3482
1.0771,0.0004,1.0426,1.1812,0.3482
1.2040,0.0003,0.6544,1.2243,0.3425
1.7526,0.0004,0.6218,1.2606,0.3781
1.3135,0.0008,0.9810,1.7433,0.3781
1.4476,0.0004,0.8283,1.4696,0.3726
1.3405,0.0004,0.8169,1.2304,0.3636
1.3039,0.0003,0.8550,1.4271,0.3577
1.5226,0.0004,0.6438,1.5175,0.3534
1.1852,0.0003,0.6219,1.1860,0.3526
1.1139,0.0004,0.5816,1.0503,0.3526
1.5048,0.0005,0.6814,1.3205,0.3474
1.3349,0.0004,1.0032,1.4099,0.3699
1.3154,0.0004,1.0317,1.2807,0.3577
1.0709,0.0004,1.0492,1.1515,0.3571
1.5743,0.0004,0.9429,1.6169,0.3571
1.3546,0.0004,0.6650,1.0544,0.3874
1.0119,0.0003,1.0099,1.2881,0.3874
1.8987,0.0003,0.9510,1.5535,0.3703
0.9290,0.0003,0.9162,1.2495,0.3703
1.6146,0.0004,0.7049,1.6507,0.3523
1.2322,0.0003,0.7539,0.8894,0.3503
1.2717,0.0004,0.9349,1.4796,0.3503
1.3499,0.0003,0.7400,1.4570,0.3507
1.5881,0.0003,0.6753,1.3019,0.3507
1.1926,0.0003,0.8949,1.5081,0.3507
1.4404,0.0004,0.6898,1.0855,0.3537
1.4520,0.0004,0.7988,1.5829,0.3601
1.0463,0.0005,0.8776,1.0799,0.3601
1.5959,0.0005,0.7386,1.5304,0.3746
1.2914,0.0003,1.0587,1.2091,0.3309
0.9709,0.0003,1.2356,1.0477,0.3526
1.0277,0.0003,0.9134,1.2279,0.3526
1.2603,0.0006,0.6000,1.2645,0.3462
1.6600,0.0004,0.6197,1.2848,0.3470
1.1887,0.0005,0.8027,1.3298,0.3470
1.3904,0.0003,0.7263,1.6260,0.3386
1.1630,0.0003,0.7094,0.9882,0.3627
1.3724,0.0004,0.9838,1.2537,0.3465
1.1082,0.0004,0.8228,1.2843,0.3465
1.3432,0.0004,1.1296,1.1871,0.3415
1.5686,0.0003,0.9471,1.7707,0.3415
1.1336,0.0003,0.7804,1.0604,0.3625
1.3399,0.0003,0.7319,1.3374,0.3747
1.3682,0.0004,0.6573,1.3584,0.3545
1.3048,0.0003,0.7493,1.4408,0.3537
1.1660,0.0004,0.6099,0.9965,0.3537
1.3715,0.0004,0.5972,1.3847,0.3488
1.6868,0.0003,0.7509,1.7073,0.3637
1.1652,0.0003,0.8030,1.2892,0.3355
0.9381,0.0003,0.6171,0.7410,0.3355
1.2353,0.0003,0.6791,1.4198,0.3503
1.2629,0.0003,0.8462,1.1253,0.3544
1.1780,0.0004,0.7990,1.1165,0.3405
2.0332,0.0007,0.7004,2.1078,0.3621
1.7497,0.0007,1.1019,1.3659,0.3622
0.7336,0.0005,1.4056,1.1265,0.3622
1.3482,0.0005,0.7299,1.3570,0.3450
1.2220,0.0004,0.7766,1.0728,0.3509
1.4134,0.0006,0.6245,1.4250,0.3424
1.4760,0.0004,0.6982,1.5281,0.3459
1.4012,0.0003,0.7945,1.5310,0.3614
1.1212,0.0003,0.6551,1.1158,0.3614
1.2780,0.0004,0.6564,1.2921,0.3455
1.2807,0.0005,0.6322,1.2585,0.3406
1.1705,0.0004,0.7877,1.1167,0.3406
1.7898,0.0004,0.6294,1.7802,0.3397
1.3788,0.0004,0.7738,1.0323,0.3406
1.0353,0.0004,0.8880,1.4249,0.3629
1.7286,0.0003,0.6718,1.7274,0.3625
1.0909,0.0005,0.6681,0.9455,0.3625
1.5644,0.0004,0.8985,1.2641,0.3515
1.4592,0.0004,0.8559,1.8950,0.3515
1.2890,0.0004,0.6369,1.1185,0.3426
1.4547,0.0003,0.6441,1.5943,0.3483
1.4688,0.0006,0.6465,1.1433,0.3394
1.1246,0.0003,0.8454,1.3158,0.3418
1.0590,0.0004,1.0384,1.1961,0.3418
1.2104,0.0005,0.7868,1.1115,0.3657
1.6565,0.0004,0.6614,1.6426,0.3569
1.6357,0.0004,0.9052,1.6162,0.3595
1.3316,0.0003,0.8794,1.4587,0.3657
1.9557,0.0004,0.6764,1.4208,0.3541
1.0555,0.0004,1.2426,1.5078,0.3541
1.2432,0.0005,0.9446,1.1346,0.3514
1.4464,0.0003,0.6105,1.3796,0.3460
1.2098,0.0003,0.7627,1.1834,0.3558
1.1629,0.0003,0.9158,1.1934,0.3273
0.8879,0.0002,0.8952,1.0921,0.3273
1.3446,0.0003,0.8304,1.2812,0.3490
1.4820,0.0005,0.5924,1.5705,0.3566
1.2795,0.0005,0.6721,1.1202,0.3566
1.3664,0.0004,0.6699,1.4133,0.3729
1.7418,0.0004,0.7423,1.5496,0.3465
1.0630,0.0004,1.0311,1.0812,0.3465
1.5215,0.0004,0.9446,1.6278,0.3574
1.1337,0.0004,0.9053,1.1411,0.3365
0.9545,0.0003,1.0557,1.0594,0.3365
1.2697,0.0004,0.9176,1.1976,0.3488
1.2912,0.0004,0.6770,1.3742,0.3400
1.4511,0.0004,0.7664,1.1279,0.3351
1.5310,0.0004,0.7735,1.7903,0.3520
1.1821,0.0005,0.6811,1.2173,0.3632
1.3799,0.0004,0.6626,1.3806,0.3436
1.0921,0.0006,0.6464,1.0696,0.3436
1.5665,0.0003,1.0420,1.5439,0.3568
1.0389,0.0003,0.9339,1.0561,0.3568
1.2816,0.0005,0.6871,1.2060,0.3694
1.2446,0.0003,0.8647,1.2933,0.3682
1.4259,0.0004,0.6351,1.2935,0.3533
1.2261,0.0004,0.6708,1.4005,0.3458
1.2944,0.0004,0.6214,1.1431,0.3454
1.3524,0.0005,0.6537,1.3762,0.3631
1.3814,0.0004,0.7350,1.3434,0.3533
1.4287,0.0003,1.0219,1.2311,0.3348
1.0329,0.0003,0.7624,1.3773,0.3348
1.3195,0.0005,0.6301,1.1820,0.3502
1.6252,0.0004,0.6918,1.4774,0.3661
1.9121,0.0004,0.8936,1.9576,0.3596
1.2804,0.0004,1.0773,0.7812,0.3423
0.7390,0.0003,1.2416,0.9707,0.3601
0.8690,0.0003,0.6274,0.8665,0.3573
1.0500,0.0003,0.8721,1.0793,0.3573
1.7585,0.0004,0.5547,1.9399,0.3484
1.3143,0.0005,0.5828,1.1761,0.3359
1.0967,0.0003,0.7442,1.0582,0.3359
1.7759,0.0004,0.7448,1.9263,0.3406
1.4033,0.0003,0.6366,1.0885,0.3543
1.0865,0.0003,0.7202,1.3959,0.3543
1.9146,0.0006,0.5934,1.6136,0.3573
1.4997,0.0004,0.8287,1.6222,0.3483
1.4025,0.0003,0.7886,1.4791,0.3936
1.3258,0.0003,0.7408,1.4151,0.3441
1.1324,0.0004,0.6553,1.0576,0.3441
1.4450,0.0003,0.6599,1.2326,0.3423
1.5666,0.0003,0.8016,1.6886,0.3558
0.8315,0.0003,1.1250,0.8658,0.3558
1.6318,0.0003,0.6324,1.7219,0.3282
1.1870,0.0004,0.6247,1.1999,0.3282
1.2498,0.0003,0.6428,1.0764,0.3624
1.6477,0.0004,0.9065,1.7862,0.3291
1.6000,0.0004,0.7371,1.5617,0.3691
1.4801,0.0004,1.2890,1.4345,0.5313
1.5160,0.0003,1.1497,1.6023,0.3853
1.4173,0.0005,0.6483,1.1202,0.3327
1.3355,0.0005,0.7020,1.5932,0.3371
1.5908,0.0004,0.7615,1.2437,0.3374
1.1127,0.0004,0.9830,1.3715,0.3374
1.5939,0.0004,0.6392,1.5341,0.3474
1.6558,0.0004,0.5951,1.5910,0.3584
1.3574,0.0005,0.8233,1.3639,0.3584
1.5411,0.0003,0.6780,1.4888,0.3500
1.4703,0.0004,1.0621,1.5716,0.3513
1.4612,0.0003,0.7661,1.4261,0.5215
1.5764,0.0003,0.8798,1.4427,0.3569
1.1680,0.0005,1.0766,1.4784,0.3569
1.5345,0.0004,0.7816,1.4579,0.3412
1.3189,0.0004,0.7155,1.1634,0.3530
1.2612,0.0004,0.8034,1.3524,0.3514
1.1332,0.0003,0.9774,1.0827,0.3355
0.9925,0.0003,0.9100,1.0170,0.3355
1.2888,0.0003,0.5732,1.4550,0.3591
1.2369,0.0004,0.7146,1.2216,0.3626
1.3564,0.0003,0.7366,1.3260,0.3471
1.4628,0.0003,0.7048,1.4886,0.3600
1.4742,0.0004,0.6328,1.0923,0.3925
1.0721,0.0003,0.8079,1.3673,0.3925
1.2592,0.0004,1.0391,1.2567,0.3739
1.2719,0.0004,0.6918,1.3300,0.3414
1.2905,0.0003,0.6693,1.2056,0.3438
1.4474,0.0003,0.6720,1.3962,0.3556
1.3076,0.0003,0.6487,1.3281,0.3463
1.2079,0.0004,0.7305,1.0077,0.3463
1.2564,0.0003,0.7865,1.4610,0.3534
1.6041,0.0004,0.7282,1.5947,0.3507
1.0414,0.0003,0.7823,1.1021,0.3507
1.3581,0.0003,0.6985,1.2533,0.3496
1.1842,0.0004,0.7538,1.2402,0.3496
1.5817,0.0008,0.7695,1.5717,0.3483
1.7837,0.0005,0.8814,1.6884,0.3673
1.3809,0.0004,1.0393,1.3980,0.3704
1.6451,0.0004,0.7976,1.4106,0.3433
1.5324,0.0003,0.7766,1.6844,0.3422
1.5649,0.0004,0.8763,1.4609,0.3410
1.5663,0.0004,0.9078,1.4796,0.3552
1.3962,0.0003,0.9733,1.4348,0.3450
1.4033,0.0004,0.8115,1.7439,0.3528
2.0926,0.0004,0.6389,2.0138,0.3458
1.2406,0.0004,0.7729,1.0700,0.3458
1.8280,0.0004,1.2154,2.0289,0.3724
1.2797,0.0004,0.7719,1.2333,0.3724
1.1732,0.0007,0.7886,1.2638,0.3582
1.3707,0.0003,0.7540,1.3000,0.3360
1.1488,0.0003,0.6678,1.1916,0.3365
1.4273,0.0003,0.7919,1.1598,0.3465
1.5869,0.0003,0.6059,1.6484,0.3556
1.9002,0.0003,0.5872,2.0245,0.3466
1.4758,0.0004,0.7144,1.3784,0.3450
1.7112,0.0004,0.6677,1.8749,0.3530
1.5883,0.0004,0.6127,1.1264,0.3469
1.5958,0.0003,0.9505,2.0199,0.3469
1.4150,0.0003,0.7393,1.1668,0.3719
1.7164,0.0004,0.7560,1.9349,0.3503
1.0944,0.0005,0.6999,0.9450,0.3503
1.3464,0.0004,0.6559,1.5420,0.3509
1.5560,0.0003,0.6521,1.5360,0.3501
1.1356,0.0003,0.6466,1.1431,0.3501
1.6528,0.0003,0.6606,1.2317,0.3451
1.4677,0.0006,0.8291,1.5723,0.3415
1.4716,0.0003,0.8053,1.4706,0.3415
1.8749,0.0003,0.7099,2.1586,0.3570
1.8071,0.0004,0.6790,1.3380,0.3682
1.2018,0.0005,1.4213,1.4463,0.3682
1.1729,0.0003,0.8089,1.4007,0.3644
1.7180,0.0003,0.6389,1.7146,0.3640
1.5629,0.0005,0.6172,1.5432,0.3597
1.7542,0.0004,0.6323,1.7200,0.3608
1.2710,0.0003,0.7264,1.2078,0.3608
1.6992,0.0003,0.6920,1.8131,0.3360
1.5232,0.0004,0.6937,1.3535,0.3431
1.3260,0.0003,0.8063,1.2682,0.3621
1.1496,0.0003,0.7497,1.3374,0.3621
1.5726,0.0004,0.6376,1.5194,0.3655
1.6358,0.0004,0.7552,1.6291,0.3528
1.3463,0.0003,0.8087,1.3668,0.3450
0.8476,0.0004,0.7336,0.8803,0.3450
1.3063,0.0004,0.6564,1.1688,0.3614
1.3536,0.0005,0.7120,1.3729,0.3616
1.1228,0.0005,1.3202,1.1591,0.3463
0.8926,0.0003,0.9937,0.9038,0.3463
1.2651,0.0004,0.7673,1.2993,0.3440
2.2467,0.0003,0.6104,2.0105,0.3613
0.8814,0.0003,0.9391,1.0826,0.3613
1.3022,0.0004,0.7217,1.3443,0.3424
1.8375,0.0164,0.5997,1.6004,0.3487
1.2109,0.0002,0.9085,1.3950,0.3944
1.3802,0.0003,0.8093,1.3578,0.3944
1.4811,0.0003,1.0249,1.4349,0.3846
1.2213,0.0005,0.6688,1.2418,0.3602
1.5013,0.0006,0.8129,1.5504,0.3608
1.5491,0.0003,0.6770,1.3482,0.3357
1.0143,0.0003,0.8570,1.0787,0.3357
1.5058,0.0003,0.6827,1.5389,0.3423
1.6465,0.0004,0.7354,1.4154,0.3319
1.0290,0.0003,0.9289,1.3191,0.3319
1.2949,0.0004,0.6370,1.3259,0.3670
1.3482,0.0004,0.6066,1.0940,0.3428
1.4454,0.0006,0.7119,1.5849,0.3368
1.2550,0.0004,1.2198,1.3313,0.3952
1.8826,0.0005,0.9615,1.6985,0.3501
1.1541,0.0004,0.9201,1.1503,0.3501
1.5010,0.0005,1.1313,1.6587,0.3406
2.0725,0.0004,0.8181,2.0115,0.3542
0.9878,0.0003,0.9235,0.9692,0.3542
1.4849,0.0004,0.7502,1.5991,0.3494
1.4116,0.0004,0.7319,1.0904,0.3494
1.5738,0.0004,0.7525,1.6074,0.3448
1.4008,0.0004,0.8023,1.5901,0.3556
1.6473,0.0004,0.7180,1.5492,0.3473
1.8691,0.0004,1.2216,1.2172,0.3482
1.6892,0.0005,1.0741,2.4819,0.3639
1.4051,0.0004,0.6874,1.1509,0.3639
1.5188,0.0004,0.7292,1.4966,0.3622
1.9246,0.0003,0.8622,2.0806,0.3416
1.4311,0.0003,0.8045,1.4381,0.3416
1.3745,0.0003,0.8543,1.4796,0.3447
1.1891,0.0004,0.6845,0.9530,0.3549
0.9526,0.0003,0.8159,1.1956,0.3549
1.2892,0.0003,0.8134,1.0334,0.3598
1.4496,0.0004,0.7093,1.5214,0.3445
1.7508,0.0004,0.8044,1.8773,0.3491
1.1411,0.0004,0.9823,1.1295,0.3459
1.2221,0.0003,0.7173,1.2452,0.3606
1.5969,0.0004,0.7180,1.2249,0.3552
1.5129,0.0003,0.8483,1.8840,0.3534
1.1850,0.0005,0.6967,0.9530,0.3367
1.2788,0.0003,0.7765,1.3157,0.3512
1.2935,0.0003,0.8058,1.4820,0.3512
1.3030,0.0003,0.6484,1.2801,0.3394
1.7545,0.0003,0.6043,1.2288,0.3412
1.4285,0.0003,0.7874,1.9619,0.3765
1.3629,0.0003,0.6598,1.0935,0.3765
1.6101,0.0004,0.7592,1.5649,0.3440
1.7792,0.0005,0.8527,1.9886,0.3612
1.2922,0.0004,0.7615,1.1118,0.3323
1.3474,0.0004,0.7949,1.4328,0.3605
1.5189,0.0004,0.7695,1.4029,0.3451
1.6504,0.0004,0.9022,1.9315,0.3454
1.3273,0.0003,0.6249,1.2372,0.3454
1.0713,0.0003,0.7373,1.1080,0.3554
1.5197,0.0003,0.6147,1.2313,0.3534
1.2989,0.0004,0.8069,1.4925,0.3703
1.4685,0.0003,0.9394,1.5304,0.3454
1.5981,0.0006,0.8923,1.4359,0.3454
1.7129,0.0005,1.0949,1.8732,0.3440
1.2920,0.0003,0.9008,1.3413,0.3593
1.1137,0.0004,0.7250,1.1153,0.3619
1.1905,0.0004,0.7551,1.0530,0.3619
1.4029,0.0004,0.9614,1.4244,0.3596
1.1013,0.0003,0.5895,1.2354,0.3503
1.3494,0.0004,0.5645,1.1677,0.3646
1.3226,0.0003,0.5937,1.4479,0.3553
1.3297,0.0003,0.5645,1.2165,0.3601
1.4829,0.0004,0.6057,1.4373,0.3512
1.2262,0.0003,0.6536,1.4125,0.3561
1.6157,0.0003,0.6375,1.1880,0.3401
1.6455,0.0004,0.7349,1.6396,0.3727
1.0054,0.0003,1.1216,1.2280,0.3727
1.1382,0.0004,0.8157,1.3060,0.3605
1.2359,0.0003,0.8558,1.2337,0.3569
1.3227,0.0004,0.6527,1.2248,0.3569
1.5908,0.0004,0.6500,1.5179,0.3604
1.0400,0.0185,0.8769,1.0341,0.3466
0.9705,0.0003,0.9698,1.0478,0.3466
1.1293,0.0006,0.6177,1.2046,0.3441
1.2442,0.0004,0.6469,1.1319,0.3529
1.2899,0.0004,0.8220,1.3875,0.3521
1.5279,0.0004,0.6466,1.3523,0.3390
1.4688,0.0004,0.9066,1.5766,0.3930
1.3754,0.0003,0.8604,1.1448,0.3733
1.6276,0.0003,0.7737,1.9170,0.3620
1.2580,0.0006,0.7961,0.8996,0.3375
1.2645,0.0003,0.9963,1.5953,0.3551
1.4347,0.0003,0.8589,1.3691,0.3551
1.0799,0.0003,0.8314,1.1800,0.3572
1.2809,0.0003,0.8538,1.1103,0.3555
1.4154,0.0004,0.6128,1.3647,0.3431
1.0764,0.0003,0.7732,1.2683,0.3431
1.3771,0.0006,0.7109,1.1960,0.3411
1.1769,0.0009,0.8415,1.3388,0.3411
1.4478,0.0006,0.9192,1.3900,0.3579
1.8354,0.0006,0.8926,1.4164,0.3837
0.7587,0.0003,1.5934,0.8540,0.3781
0.9541,0.0004,0.6690,0.9604,0.3781
1.2301,0.0003,0.7178,1.3591,0.3447
1.3371,0.0004,0.7798,1.4111,0.3449
0.9813,0.0003,0.8610,1.0608,0.3523
1.1057,0.0004,0.6278,1.0750,0.3378
1.5723,0.0003,0.6034,1.4023,0.3449
1.3991,0.0004,0.8598,1.2776,0.3490
1.0516,0.0003,0.8571,1.3260,0.3490
1.4769,0.0004,0.6598,1.4671,0.3369
1.5679,0.0003,0.6517,1.3149,0.3575
1.1023,0.0003,0.8790,1.3675,0.3575
2.1210,0.0004,0.6777,1.8840,0.3798
1.5270,0.0005,0.8570,1.5391,0.3878
0.6876,0.0003,0.9678,0.9081,0.3878
1.1358,0.0004,0.6112,1.1251,0.3535
1.3667,0.0003,0.6370,1.1792,0.3458
1.7773,0.0004,0.6518,1.9202,0.3548
1.2611,0.0003,0.6649,1.2743,0.3484
1.3148,0.0004,0.6436,1.2415,0.3534
1.0854,0.0006,0.7819,0.8135,0.3504
1.5067,0.0004,0.9413,1.6547,0.3504
1.7826,0.0007,0.7883,1.8677,0.3401
1.5592,0.0008,0.9500,1.5227,0.3684
2.8259,0.0007,1.1601,2.6950,0.5383
1.0918,0.0005,1.1858,1.1608,0.5383
1.7177,0.0005,0.9279,1.4591,0.3297
1.7203,0.0004,1.0867,2.0462,0.3297
1.8887,0.0003,0.9294,1.9200,0.3393
1.4899,0.0004,0.9029,1.2871,0.3393
2.0872,0.0004,1.2086,2.1766,0.3458
1.8060,0.0003,1.1202,1.9162,0.3495
1.5502,0.0003,0.7057,1.3818,0.3328
1.6026,0.0005,0.8786,1.2629,0.3328
1.5529,0.0005,0.9568,1.9184,0.3723
1.4106,0.0004,1.0582,1.4116,0.3657
1.9938,0.0003,1.1978,2.1043,0.3576
2.0604,0.0004,0.8862,1.9351,0.3427
1.3286,0.0004,1.0024,1.3432,0.3333
1.7016,0.0003,0.9332,1.7444,0.3308
1.6073,0.0003,0.8442,1.6280,0.3430
1.5788,0.0005,0.8725,1.2487,0.3523
1.5340,0.0004,0.9201,1.8732,0.3587
1.8264,0.0006,0.8301,1.7342,0.3587
1.5801,0.0004,0.9234,1.4474,0.3795
1.8251,0.0004,0.8278,1.6578,0.3591
1.6854,0.0006,0.9159,1.6806,0.3334
1.9327,0.0004,1.1483,2.2860,0.3420
1.6499,0.0008,0.8001,1.5865,0.3402
1.8725,0.0009,0.9322,1.8886,0.3495
1.9151,0.0008,0.9566,1.7732,0.3533
2.0238,0.0005,1.0094,2.1465,0.3431
1.9984,0.0006,0.9368,1.9258,0.3424
1.6050,0.0005,1.0742,1.5484,0.3424
1.6960,0.0005,1.1021,1.4767,0.3811
1.7090,0.0005,1.0322,1.9243,0.3578
2.0097,0.0004,0.9637,2.1014,0.3411
1.7838,0.0005,0.9332,1.6914,0.3532
1.2660,0.0005,1.0384,1.3530,0.3532
1.8071,0.0004,0.8520,1.6984,0.3585
2.0165,0.0004,0.7741,2.0262,0.3423
1.0563,0.0003,0.8255,1.0227,0.3423
1.9566,0.0005,0.7115,2.0493,0.3428
1.7295,0.0005,0.8735,1.5299,0.3603
1.5813,0.0004,1.5098,1.7281,0.3713
1.7517,0.0005,0.7902,1.5364,0.3491
1.6689,0.0005,0.9713,1.9613,0.3535
1.6017,0.0003,0.8112,1.6198,0.3620
1.5156,0.0004,0.7640,1.5093,0.3764
1.3642,0.0004,0.7909,1.2851,0.3764
1.5673,0.0005,1.0837,1.6180,0.3689
1.4055,0.0004,0.9162,1.2986,0.3642
2.0862,0.0005,0.9582,1.7754,0.3375
1.0157,0.0006,1.4840,1.2024,0.3375
1.9340,0.0005,0.8993,2.1354,0.3359
1.6601,0.0004,0.7850,1.2904,0.3505
1.3985,0.0005,0.9078,1.7586,0.3505
1.6597,0.0005,0.9838,1.4493,0.3670
1.5177,0.0006,0.9383,1.5968,0.3612
2.0942,0.0005,0.8525,2.1497,0.3563
1.5705,0.0006,0.9732,1.5892,0.3563
1.4609,0.0005,0.8940,1.3033,0.3391
1.7753,0.0005,0.8145,1.7918,0.3334
1.7397,0.0007,0.9831,1.6688,0.3662
1.6651,0.0006,1.1785,1.8936,0.3553
1.4248,0.0004,0.7453,1.4403,0.3553
1.9060,0.0004,0.7373,1.7543,0.3484
1.3323,0.0004,0.9583,1.4345,0.3484
1.7714,0.0003,0.8000,1.7986,0.3403
1.4054,0.0004,0.8798,1.0732,0.3403
1.4591,0.0003,0.8160,1.4935,0.3543
1.8972,0.0004,0.9869,2.0190,0.3446
1.7478,0.0004,1.0898,1.8936,0.3446
1.3035,0.0005,0.8553,1.2844,0.3923
1.9287,0.0003,0.8011,1.9003,0.3723
1.2129,0.0004,0.8531,1.2351,0.3486
1.4222,0.0003,0.8514,1.3734,0.3486
1.4399,0.0004,0.9912,1.2059,0.3513
1.8248,0.0005,0.7161,2.0960,0.3375
1.5035,0.0004,0.7681,1.4824,0.3541
1.2897,0.0004,0.8927,1.3083,0.3415
1.4956,0.0003,0.9245,1.5133,0.3415
1.5676,0.0003,0.6426,1.2240,0.3435
1.4911,0.0004,0.7415,1.7629,0.3437
1.8084,0.0003,0.8049,1.7011,0.3644
1.2317,0.0004,1.1110,1.0891,0.3993
1.3137,0.0005,0.9456,1.5614,0.3727
1.7905,0.0004,0.7019,1.7882,0.3768
1.6827,0.0005,0.7836,1.3851,0.3768
1.5316,0.0004,0.9316,1.5107,0.3391
1.7008,0.0005,0.8738,1.7095,0.3438
1.6843,0.0005,1.1412,1.9998,0.3438
1.7659,0.0004,0.7806,1.7401,0.3532
1.1069,0.0005,0.7883,0.9583,0.3532
1.4753,0.0006,0.7667,1.5588,0.3463
1.8722,0.0005,0.9252,1.7273,0.3539
1.6929,0.0004,0.9508,1.7606,0.3681
1.5168,0.0005,0.9731,1.3585,0.3587
1.4693,0.0004,0.7695,1.5930,0.3459
1.7900,0.0004,0.8024,1.5531,0.3420
1.6101,0.0004,0.9059,1.8079,0.3460
1.6692,0.0003,1.0600,1.8367,0.3360
1.2665,0.0004,0.8910,1.2684,0.3371
1.5760,0.0004,0.9625,1.3185,0.3476
1.7760,0.0004,0.8293,1.7875,0.3638
1.3741,0.0005,0.9993,1.5415,0.3638
1.8977,0.0005,1.0019,1.8727,0.3598
1.7039,0.0003,1.3384,1.7465,0.3939
1.7702,0.0004,0.8870,1.7818,0.3514
1.3810,0.0003,0.7139,1.2391,0.3514
1.6189,0.0003,0.6907,1.4015,0.3412
2.0095,0.0007,0.7742,1.7583,0.3436
1.7925,0.0007,0.8382,1.9969,0.3400
1.6977,0.0004,0.8434,2.0723,0.3351
1.7506,0.0003,0.7710,1.7089,0.3524
1.7751,0.0008,0.8125,1.6859,0.3524
1.5572,0.0007,1.0295,1.6435,0.3769
1.5754,0.0004,0.8701,1.6108,0.3769
1.4881,0.0003,0.8804,1.4756,0.3513
1.6541,0.0004,0.7095,1.3214,0.3468
1.7034,0.0004,0.7675,2.0032,0.3502
1.6320,0.0005,0.7859,1.3445,0.3471
1.2071,0.0003,0.9891,1.5120,0.3471
1.7102,0.0003,0.8083,1.7165,0.3567
1.4500,0.0003,0.8079,1.4505,0.3567
2.2552,0.0006,0.7391,1.6549,0.9476
1.2667,0.0005,1.3147,1.6804,0.9476
1.4520,0.0005,1.1177,1.2492,0.3343
1.4105,0.0004,0.9051,1.7397,0.3343
1.3666,0.0005,0.8408,1.1943,0.3444
1.8701,0.0004,0.8284,1.7062,0.3360
1.3729,0.0004,0.9983,1.7152,0.3360
1.3708,0.0003,0.9281,1.3613,0.3579
1.2256,0.0003,0.8484,1.0475,0.3420
1.7136,0.0003,0.7928,1.9111,0.3551
1.5123,0.0003,0.7346,1.3688,0.3470
2.2167,0.0005,0.8943,2.2447,0.3834
1.3558,0.0004,0.8905,1.4181,0.3861
1.6112,0.0004,0.8601,1.6288,0.3861
1.5547,0.0005,0.7472,1.5348,0.3461
1.7093,0.0004,0.8345,1.6204,0.3430
1.5144,0.0003,0.9379,1.3194,0.3430
1.3112,0.0005,0.6907,1.5825,0.3542
1.4900,0.0004,0.7249,1.3251,0.3401
1.3036,0.0005,0.9272,1.3337,0.3522
1.5726,0.0006,0.9711,1.4954,0.3522
2.0494,0.0005,0.8063,2.1736,0.3476
1.8215,0.0006,0.9344,1.4301,0.3584
1.1762,0.0005,1.3090,1.1462,0.3505
1.3910,0.0004,1.0633,1.5735,0.3585
1.4165,0.0003,0.9902,1.5397,0.3474
1.2222,0.0003,0.8463,1.2965,0.3474
1.4589,0.0003,1.0737,1.5350,0.3402
1.7427,0.0005,0.7072,1.6930,0.3516
1.3188,0.0004,0.7108,1.3444,0.3490
1.3238,0.0003,0.8686,1.3418,0.3490
1.4798,0.0007,0.8353,1.3273,0.3514
2.0543,0.0008,0.9020,2.1419,0.3400
1.3573,0.0009,0.8511,1.0985,0.3400
1.8392,0.0006,1.1163,1.5806,0.3857
1.5559,0.0003,1.2568,1.8134,0.3695
1.6555,0.0004,1.2375,1.8960,0.3325
1.0568,0.0005,0.7637,1.0507,0.3325
1.5665,0.0004,0.7475,1.3452,0.3409
1.2631,0.0004,0.9408,1.3068,0.3533
1.4772,0.0005,1.0103,1.6769,0.3533
1.6007,0.0005,0.6415,1.2811,0.3576
1.7126,0.0005,0.7941,1.7724,0.3442
1.8734,0.0007,0.8145,1.8497,0.3505
1.8263,0.0007,1.1847,2.0181,0.3681
1.3891,0.0004,0.9598,1.2840,0.3477
1.6739,0.0004,0.8922,1.6046,0.3754
1.8652,0.0006,0.9787,2.0481,0.3524
1.4939,0.0003,0.9180,1.5046,0.3590
1.2845,0.0003,0.7273,1.2814,0.3396
1.3202,0.0004,0.6808,1.2531,0.3396
1.8819,0.0004,0.7993,1.8816,0.3448
1.4350,0.0003,0.9132,1.2916,0.3448
1.6323,0.0004,1.0319,1.6863,0.3554
2.3571,0.0007,0.8690,2.3807,0.3488
1.4036,0.0008,0.9936,1.1362,0.3691
1.5609,0.0005,1.0683,1.9084,0.3691
1.5629,0.0008,0.8495,1.2941,0.3461
1.3920,0.0004,1.3000,1.5455,0.3461
1.9705,0.0005,0.8831,2.0347,0.3417
1.7824,0.0006,0.8488,1.1486,0.3499
1.8201,0.0007,1.2046,2.4182,0.3496
1.4164,0.0005,1.0702,1.4413,0.3503
1.7362,0.0004,0.8548,1.7360,0.3501
1.5316,0.0007,0.9570,1.2578,0.3501
2.0003,0.0005,1.2076,2.2112,0.3366
1.1020,0.0006,0.8739,1.2083,0.3366
1.5250,0.0006,0.7775,1.2688,0.3422
1.3411,0.0005,0.8368,1.5611,0.3460
1.8066,0.0005,0.7601,1.3436,0.3429
1.6436,0.0005,0.9346,2.0760,0.3409
1.0612,0.0004,0.7932,1.0664,0.3409
1.4077,0.0004,0.7915,1.3611,0.3423
1.3609,0.0004,0.9295,1.1312,0.3604
1.5504,0.0005,0.6926,1.7988,0.3418
1.9228,0.0009,0.7897,1.7302,0.3711
1.4489,0.0005,1.1226,1.5740,0.3711
1.8840,0.0004,1.0195,1.9368,0.3560
1.7535,0.0005,0.8354,1.6243,0.3517
1.1018,0.0003,0.9503,1.2692,0.3517
1.6561,0.0004,0.7596,1.5968,0.3537
1.3630,0.0004,1.0561,1.2616,0.3514
1.7804,0.0006,1.1018,1.7668,0.3606
1.7989,0.0008,0.8986,1.8277,0.3491
1.5793,0.0008,0.8353,1.5015,0.3366
1.2110,0.0007,0.9413,1.3114,0.3366
1.5589,0.0006,0.9630,1.5745,0.3514
1.6107,0.0006,0.8629,1.5115,0.3661
1.7464,0.0006,0.9755,1.4074,0.3799
1.2899,0.0004,1.0219,1.6359,0.3379
1.6987,0.0006,0.8989,1.6014,0.3532
1.3042,0.0005,0.8599,1.4846,0.3430
1.6935,0.0004,0.7523,1.3558,0.3676
1.9438,0.0003,0.9370,2.2503,0.3669
1.3175,0.0003,0.7952,1.3516,0.3311
1.7621,0.0003,0.7069,1.7199,0.3571
1.4739,0.0005,0.7216,1.1788,0.3571
1.7422,0.0004,1.0859,1.8565,0.3879
1.4145,0.0003,1.0286,1.5320,0.3616
1.8034,0.0003,0.9245,1.5495,0.3381
1.6537,0.0006,0.8996,1.8337,0.3381
1.6462,0.0004,0.9436,1.5865,0.3613
1.8498,0.0006,0.8584,1.4983,0.3431
1.4895,0.0003,0.8607,2.0191,0.3421
1.8759,0.0005,0.7120,1.8703,0.3517
1.3567,0.0004,0.7303,1.3649,0.3440
1.6015,0.0005,0.7158,1.5565,0.3348
1.8451,0.0007,0.7623,1.6179,0.3632
1.8122,0.0005,0.8593,1.8941,0.3613
1.4989,0.0005,0.9783,1.3094,0.3617
1.8897,0.0004,0.9407,2.1898,0.3556
1.2560,0.0003,0.8333,1.0314,0.3556
1.5123,0.0003,0.8377,1.6457,0.3489
2.1173,0.0003,0.8879,2.1345,0.3512
1.3681,0.0005,0.8461,0.9843,0.3512
2.0606,0.0004,0.8881,2.4430,0.3423
1.6742,0.0005,0.8843,1.6681,0.3694
1.5385,0.0005,1.2952,1.0770,0.3931
1.1328,0.0004,1.2714,1.5520,0.3422
1.3219,0.0006,1.0216,1.2997,0.3726
1.6617,0.0006,0.9350,1.5968,0.3316
1.0340,0.0004,0.9562,1.0989,0.3316
1.3805,0.0004,0.7440,1.5044,0.3506
1.2752,0.0004,0.7431,1.1328,0.3506
1.4062,0.0007,1.0334,1.5049,0.3446
1.4031,0.0004,0.7352,1.4309,0.3500
1.4343,0.0003,0.7726,1.3695,0.3517
1.3471,0.0004,0.7628,1.4048,0.3489
1.4254,0.0004,0.7115,1.2303,0.3678
1.9438,0.0005,0.8284,2.0675,0.3985
1.1306,0.0005,0.9045,1.0765,0.3985
1.8252,0.0004,0.7563,1.3832,0.3431
1.6941,0.0004,0.8279,2.2063,0.3470
1.1702,0.0004,0.7758,0.9973,0.3470
1.3170,0.0003,0.8254,1.3564,0.3387
1.6450,0.0006,0.6638,1.6376,0.3485
1.6336,0.0005,0.7732,1.4663,0.3484
1.1065,0.0003,0.8807,1.3940,0.3487
1.3447,0.0006,0.9547,1.3925,0.3455
1.7979,0.0005,0.6918,1.4100,0.3449
1.4231,0.0006,1.3591,1.7102,0.3449
1.6763,0.0008,0.9651,1.5270,0.3562
1.1863,0.0006,1.0047,1.3554,0.3562
1.4531,0.0004,0.8886,1.3290,0.3424
1.2520,0.0004,0.8740,1.4065,0.3560
1.6908,0.0004,0.7568,1.5187,0.3560
1.9326,0.0005,0.7663,1.5728,0.3544
1.5321,0.0004,0.9173,1.7887,0.3547
1.1840,0.0004,1.1117,1.4205,0.3547
1.3539,0.0003,0.9200,1.3702,0.3635
1.3566,0.0004,0.7623,1.1226,0.3341
2.4127,0.0006,1.0626,2.4099,0.3584
0.9966,0.0003,1.1778,0.9919,0.3508
1.2960,0.0005,0.8866,1.1437,0.3449
1.3902,0.0005,0.8948,1.7337,0.3449
1.8350,0.0004,0.7335,1.8204,0.3589
1.0735,0.0003,1.0251,1.0455,0.3589
1.8062,0.0004,0.8152,1.3793,0.3332
1.4186,0.0004,1.0252,1.7843,0.3332
1.4271,0.0005,0.7433,1.4186,0.3473
1.7376,0.0004,1.0031,1.7716,0.3712
1.5122,0.0005,0.8234,1.4781,0.3575
2.2493,0.0003,1.1523,2.1313,0.3782
0.8447,0.0004,1.0528,1.0538,0.3782
1.7081,0.0004,0.7465,1.6264,0.3595
1.6894,0.0004,0.7997,1.6585,0.3346
1.6549,0.0003,0.9193,1.6364,0.3337
1.6739,0.0004,0.7497,1.7112,0.3507
1.9365,0.0006,0.7189,1.9101,0.3290
1.7648,0.0004,0.7635,1.7481,0.3441
1.7762,0.0007,0.6939,1.7358,0.3343
2.1424,0.0007,0.8376,2.0558,0.3622
1.4909,0.0005,1.2601,1.4315,0.3871
1.2676,0.0004,1.3902,1.4598,0.3644
1.6712,0.0003,0.7965,1.6082,0.3392
1.3217,0.0003,0.7902,1.4074,0.3513
1.2408,0.0005,0.6966,1.2437,0.3513
1.6364,0.0005,0.7706,1.6252,0.3557
1.8425,0.0005,0.9565,1.7096,0.3484
1.6788,0.0005,0.8404,1.6703,0.3338
1.4986,0.0005,0.8646,1.5368,0.3338
1.8454,0.0004,0.8664,1.7493,0.3618
1.8675,0.0008,0.8482,1.9065,0.3367
1.6863,0.0007,0.9643,1.7312,0.3600
1.5771,0.0007,0.9752,1.3607,0.3394
1.6951,0.0006,1.0319,1.8829,0.3394
1.7584,0.0008,0.8303,1.8400,0.3576
1.5305,0.0005,0.9097,1.4558,0.3425
1.3615,0.0006,0.8191,1.0660,0.3425
1.7100,0.0006,0.8152,2.0580,0.3423
2.1705,0.0007,0.8616,2.0351,0.3440
1.0673,0.0006,1.0650,0.8878,0.3440
2.0718,0.0007,1.0962,2.2712,0.3756
1.3127,0.0006,1.0094,1.3730,0.3756
1.6078,0.0004,0.9261,1.5195,0.3949
1.2950,0.0008,0.8807,1.3616,0.3536
1.5541,0.0007,0.7592,1.4326,0.3423
1.6130,0.0004,0.8123,1.5271,0.3583
1.5212,0.0006,0.8603,1.7718,0.3438
1.1096,0.0005,0.8791,0.9846,0.3420
1.4768,0.0005,0.7640,1.5483,0.3866
1.7191,0.0004,0.6871,1.3725,0.3517
1.4265,0.0004,0.9191,1.7681,0.3517
2.1688,0.0004,1.2030,1.8160,0.3894
0.8594,0.0003,1.5122,1.2206,0.3894
1.6338,0.0004,0.7853,1.4584,0.3760
1.9798,0.0004,0.8109,2.0737,0.3400
1.0681,0.0004,0.8894,0.9851,0.3522
1.2119,0.0003,0.9992,1.3894,0.3495
1.1912,0.0004,0.6537,1.1547,0.3495
1.4910,0.0004,0.6838,1.3322,0.3510
1.3320,0.0004,0.7955,1.3983,0.3354
1.6739,0.0005,0.8544,1.6405,0.3475
1.3899,0.0003,0.7859,1.4610,0.3604
1.3260,0.0004,0.9359,1.2309,0.3560
1.9211,0.0004,0.8972,1.9949,0.3936
1.3371,0.0004,0.8931,1.3949,0.3936
1.7262,0.0003,0.8401,1.4168,0.3439
1.6190,0.0003,0.9855,1.7802,0.3439
1.9781,0.0004,0.8096,2.0174,0.3481
1.1572,0.0004,0.8122,1.1304,0.3481
1.5488,0.0004,0.7157,1.5027,0.3550
1.2185,0.0003,0.8106,1.3847,0.3550
2.1943,0.0003,0.6974,2.1572,0.3463
1.2280,0.0004,0.6846,1.2459,0.3463
1.5340,0.0004,0.6542,1.1918,0.3549
2.1144,0.0003,0.8357,2.3939,0.3655
1.3270,0.0003,0.8178,1.3716,0.3655
1.5091,0.0003,0.7094,1.4467,0.3483
1.5682,0.0004,0.7321,1.4634,0.3382
1.9016,0.0008,0.6886,2.0041,0.3564
1.6606,0.0006,0.7782,1.6685,0.3597
1.3927,0.0004,0.7957,1.4260,0.3597
1.2518,0.0006,0.6715,0.9541,0.3312
1.7881,0.0005,0.7929,1.6759,0.3525
1.8618,0.0004,0.9653,2.1161,0.3396
1.4967,0.0004,1.0050,1.5643,0.3679
1.8130,0.0004,1.4267,1.7952,0.3480
1.2611,0.0004,0.8044,1.2373,0.3480
1.4788,0.0003,0.7204,1.3843,0.3449
1.5519,0.0003,0.8808,1.7106,0.3577
1.4160,0.0004,0.7572,1.3020,0.3457
1.5627,0.0006,1.0144,1.3207,0.3457
1.6357,0.0004,0.7728,1.8275,0.3479
1.3463,0.0003,0.9668,1.0908,0.3479
1.4240,0.0005,0.7778,1.6917,0.3419
1.5851,0.0008,0.7877,1.3700,0.3419
1.7876,0.0004,1.4697,1.3263,0.4050
1.4034,0.0006,1.4311,1.8428,0.3592
1.8265,0.0003,0.9398,2.0327,0.3592
1.7914,0.0004,0.9226,1.7767,0.3492
1.3900,0.0004,1.2227,1.1526,0.3581
1.5052,0.0006,1.1172,1.8582,0.3581
1.3603,0.0003,0.7657,1.0868,0.3490
1.8032,0.0004,0.6318,2.0712,0.3362
1.3585,0.0004,0.7910,0.9467,0.3362
1.7352,0.0005,0.7914,1.8785,0.3349
2.1104,0.0005,0.7488,2.2910,0.3451
1.4808,0.0003,1.1117,1.3645,0.3541
1.8875,0.0004,1.1612,1.7607,0.3551
1.6200,0.0006,1.0452,1.7564,0.3551
1.6107,0.0006,0.9491,1.7281,0.3351
1.5497,0.0006,0.7594,1.5577,0.3351
1.2988,0.0003,0.7174,1.0047,0.3546
1.9000,0.0004,0.6558,2.1667,0.3424
1.5761,0.0003,0.6608,1.5355,0.3424
1.5828,0.0003,0.6843,1.6110,0.3459
1.4201,0.0003,0.6917,1.2143,0.3599
2.1174,0.0004,0.7094,2.2652,0.3633
1.7255,0.0003,0.7812,1.6457,0.3492
1.9916,0.0006,0.9733,2.0338,0.3472
1.8950,0.0006,0.8451,1.8910,0.3362
1.6370,0.0005,0.8335,1.6477,0.3539
1.5054,0.0003,0.7989,1.5162,0.3539
1.7537,0.0004,0.7409,1.7097,0.3505
1.8602,0.0005,0.7334,1.8730,0.3414
1.6445,0.0005,0.7948,1.4204,0.3414
1.6918,0.0011,1.1413,1.8356,0.3759
1.8396,0.0006,1.2806,1.8718,0.3593
1.4939,0.0005,0.8833,1.5202,0.3593
1.8474,0.0003,0.8002,1.8584,0.3465
1.1635,0.0004,0.7408,1.1836,0.3465
2.0178,0.0004,0.6935,1.9636,0.3563
1.6350,0.0004,0.7937,1.4133,0.3563
1.6712,0.0005,0.8846,1.7342,0.3524
1.8826,0.0006,0.7673,1.9900,0.3462
1.8978,0.0009,0.8149,1.7411,0.3472
1.9823,0.0005,1.0227,2.1108,0.3945
1.1475,0.0005,0.9764,0.9485,0.3945
1.5124,0.0006,0.8428,1.6819,0.3456
1.8751,0.0005,0.7377,1.7718,0.3678
1.8834,0.0006,0.9415,2.0416,0.3673
1.3481,0.0005,1.1281,1.3620,0.3380
1.1698,0.0005,0.7016,1.0315,0.3380
1.9593,0.0004,0.6692,2.0315,0.3533
1.2068,0.0003,0.7636,1.2575,0.3712
1.8365,0.0006,0.6976,1.3114,0.3712
2.7904,0.0007,1.1437,3.1031,0.3713
1.2410,0.0003,1.2943,0.9001,0.3504
1.2503,0.0004,1.0093,1.5734,0.3504
1.7001,0.0004,0.7265,1.7624,0.3492
1.4056,0.0003,0.7878,1.5194,0.3465
1.2122,0.0003,0.6806,1.1587,0.3465
1.4859,0.0003,0.7337,1.4194,0.3400
1.3145,0.0003,0.7684,1.4124,0.3596
1.2484,0.0004,0.6638,1.2441,0.3596
1.6470,0.0004,0.6493,1.3995,0.3501
1.4674,0.0005,0.9970,1.6577,0.3501
1.1554,0.0003,1.0214,1.1358,0.3721
1.4777,0.0003,0.8501,1.5047,0.3563
1.1517,0.0004,0.7186,1.1576,0.3563
1.6047,0.0006,0.7768,1.5779,0.3445
1.6339,0.0005,0.8206,1.6361,0.3476
1.2810,0.0007,0.8689,1.2983,0.3476
1.3119,0.0007,0.9091,1.3111,0.3466
1.1455,0.0003,0.7734,1.0706,0.3466
1.8566,0.0003,0.8400,1.4678,0.3653
1.3768,0.0004,0.9641,1.5767,0.3653
1.6158,0.0004,0.8699,1.6659,0.3647
1.8730,0.0008,0.8619,1.9701,0.3650
1.5592,0.0008,0.9917,1.5426,0.3704
1.9609,0.0006,1.0036,1.9736,0.3374
1.8459,0.0007,0.9795,1.8568,0.3588
1.2839,0.0006,0.9319,1.3275,0.3588
1.4273,0.0007,0.8212,1.2737,0.3562
2.1229,0.0006,0.9247,2.1799,0.3625
1.3284,0.0006,1.0262,1.4088,0.3625
1.7842,0.0011,1.1041,1.7525,0.3519
1.6295,0.0006,0.8513,1.4364,0.3426
1.8675,0.0005,0.9348,2.0179,0.3501
1.2663,0.0005,1.0123,1.0827,0.3650
1.4640,0.0003,0.8570,1.5809,0.3442
1.6692,0.0004,0.7600,1.4924,0.3429
1.4689,0.0003,0.9886,1.7511,0.3429
1.8371,0.0004,0.9724,1.8221,0.3432
1.0952,0.0004,0.7491,1.1111,0.3432
1.7868,0.0005,0.7282,1.7633,0.3576
1.7028,0.0005,0.8251,1.6850,0.3526
1.8204,0.0005,0.9621,1.8137,0.3526
1.9748,0.0006,1.2362,1.8994,0.3426
1.3570,0.0005,0.9992,1.3195,0.3624
1.8279,0.0004,0.9910,1.8532,0.3551
1.7791,0.0005,0.9979,1.6232,0.3451
1.5478,0.0006,0.8819,1.7763,0.3604
1.8477,0.0005,0.7925,1.7054,0.3354
1.4676,0.0003,0.9703,1.5936,0.3474
1.7109,0.0004,0.7744,1.3114,0.3474
1.6825,0.0004,0.8760,1.8615,0.3582
1.6874,0.0006,0.8807,1.7330,0.3360
2.1992,0.0006,0.8482,2.2072,0.3359
1.8931,0.0007,1.3693,1.9349,0.3847
1.8431,0.0006,1.2142,1.8770,0.3374
1.7225,0.0006,1.0061,1.7513,0.3572
1.8540,0.0006,0.8442,1.6629,0.3430
1.8826,0.0007,1.0595,2.0412,0.3431
1.4893,0.0005,0.9435,1.4905,0.3431
1.7390,0.0004,0.8733,1.7570,0.3425
1.4277,0.0008,0.7836,1.4395,0.3501
1.6213,0.0006,0.7804,1.5624,0.3736
1.4995,0.0006,0.9483,1.4395,0.3736
1.5856,0.0005,1.0444,1.6642,0.3474
1.5447,0.0006,0.8281,1.5537,0.3497
1.4825,0.0005,0.8017,1.4233,0.3497
1.6728,0.0006,0.8008,1.5603,0.3512
1.4894,0.0004,0.9102,1.4239,0.3512
1.8591,0.0005,0.8713,1.9836,0.3437
1.7787,0.0005,1.0218,1.8512,0.3414
1.7347,0.0004,0.8322,1.7727,0.3414
1.5643,0.0004,0.7376,1.4644,0.3338
1.8552,0.0003,1.2241,1.6455,0.3518
1.5428,0.0003,1.1567,1.8143,0.3553
1.5808,0.0003,0.8833,1.5588,0.3432
1.3822,0.0004,0.8013,0.9594,0.3432
1.7183,0.0004,0.8800,1.7699,0.3477
1.8992,0.0004,0.9244,2.2534,0.3493
1.9650,0.0003,0.9032,1.9442,0.3489
1.2190,0.0005,0.7753,1.1731,0.3489
1.8998,0.0003,0.7560,1.9245,0.3515
1.4148,0.0004,0.7535,1.4177,0.3515
1.6968,0.0007,0.7769,1.6523,0.3567
1.8644,0.0006,0.9672,1.8900,0.3459
1.2462,0.0004,1.2465,1.2625,0.3735
1.4964,0.0006,1.0916,1.4019,0.3581
1.6703,0.0005,0.8148,1.6093,0.3560
1.2847,0.0005,0.9395,1.4338,0.3560
1.4498,0.0005,0.8318,1.4070,0.3463
1.3235,0.0006,1.0128,1.2262,0.3504
1.7405,0.0003,0.6967,1.8190,0.3476
1.6040,0.0004,0.7997,1.4044,0.3479
1.5740,0.0006,0.7932,1.7652,0.3523
1.5652,0.0004,0.7446,1.3975,0.3581
2.1623,0.0004,1.2005,2.3195,0.3588
1.4912,0.0003,0.8277,1.5026,0.3449
1.5438,0.0006,0.9225,1.1195,0.3449
2.0560,0.0003,0.9639,2.4425,0.3489
1.2709,0.0004,0.8045,1.2871,0.3489
1.8365,0.0004,0.7891,1.8439,0.3521
1.2640,0.0005,0.7665,1.0441,0.3508
2.0467,0.0005,0.8612,1.6989,0.3375
1.3860,0.0007,1.1470,1.9112,0.3375
2.4666,0.0006,0.8909,2.3845,0.3689
1.3902,0.0009,0.9579,1.4098,0.3387
1.4289,0.0005,0.9944,1.1043,0.3387
1.4075,0.0003,0.9635,1.8108,0.3530
1.4182,0.0003,0.6527,1.4165,0.3559
1.3908,0.0003,0.6905,1.2959,0.3559
1.8606,0.0004,0.7037,1.9591,0.3427
1.8197,0.0003,0.6504,1.7614,0.3653
1.2591,0.0003,0.6927,1.2995,0.3653
1.6785,0.0004,0.6811,1.6654,0.3501
1.5077,0.0003,0.6339,1.4230,0.3696
1.5548,0.0004,0.8104,1.4678,0.5076
1.4766,0.0004,0.9834,1.1354,0.3758
1.3969,0.0003,1.5103,1.5093,0.3758
1.5962,0.0005,0.9075,1.8657,0.3452
1.6664,0.0004,0.8973,1.6479,0.3551
1.7759,0.0006,0.8557,1.6992,0.3442
1.4389,0.0006,1.0376,1.4020,0.3499
1.2967,0.0005,0.9396,1.4331,0.3569
1.7254,0.0006,0.9620,1.4244,0.3468
1.5327,0.0005,0.9397,1.7865,0.3468
2.3231,0.0008,0.8154,2.0243,0.3540
1.4665,0.0007,1.2501,1.7897,0.3540
1.7970,0.0005,0.9597,1.6961,0.3412
1.6390,0.0003,1.0843,1.7486,0.3412
1.4555,0.0003,0.8257,1.3991,0.3318
1.7048,0.0003,0.8889,1.4594,0.3249
2.1549,0.0005,0.7850,2.3335,0.3381
1.1898,0.0006,0.8760,1.2308,0.3381
1.7400,0.0004,1.0333,1.3981,0.3340
1.8406,0.0005,0.9846,2.2143,0.3538
1.3857,0.0006,0.7901,1.3235,0.3538
2.0536,0.0008,0.8647,2.0863,0.3569
1.5370,0.0005,0.8775,1.3327,0.3464
1.6414,0.0005,0.8395,1.7071,0.3378
1.6145,0.0003,0.9917,1.7645,0.3409
1.8147,0.0003,0.7492,1.8493,0.3409
1.3281,0.0004,0.6392,1.2444,0.3507
1.6254,0.0004,0.6997,1.4494,0.3302
1.7970,0.0003,0.8985,2.0283,0.3392
1.6079,0.0004,0.7054,1.5085,0.3542
2.2358,0.0007,0.7607,1.7480,0.3519
1.3742,0.0007,1.4099,1.7694,0.3637
1.6551,0.0005,0.9000,1.5180,0.3453
1.7583,0.0004,0.8738,1.9823,0.3538
1.6046,0.0003,0.7681,1.6079,0.3379
1.9121,0.0005,0.7974,1.7884,0.3406
1.5891,0.0005,0.9272,1.7191,0.3406
1.6040,0.0003,0.7890,1.6191,0.3425
1.6342,0.0004,0.7463,1.6337,0.3511
2.1933,0.0007,0.8327,1.9148,0.3464
1.3990,0.0005,1.3362,1.4839,0.3698
1.6807,0.0003,1.0414,1.4666,0.3698
1.7204,0.0006,0.7182,1.7538,0.3402
1.8883,0.0004,0.8942,2.1966,0.3440
1.9150,0.0005,0.7231,1.8226,0.3447
1.2046,0.0003,0.8271,1.2614,0.3447
1.7607,0.0003,0.7690,1.7791,0.3374
1.5282,0.0005,0.7347,1.1706,0.3570
1.9353,0.0004,0.8358,2.2618,0.3471
1.3125,0.0004,0.8164,1.2966,0.3464
1.6815,0.0004,1.0225,1.5904,0.3855
1.7990,0.0006,1.3057,1.7932,0.3855
1.9931,0.0003,0.8405,2.0373,0.3536
1.3356,0.0004,0.8404,1.1208,0.3536
1.5086,0.0004,0.9956,1.7102,0.3558
1.4596,0.0004,0.8299,1.4664,0.3443
1.6000,0.0003,0.9105,1.6688,0.3424
1.2770,0.0003,0.8058,1.1052,0.3374
1.9395,0.0005,0.6620,2.0943,0.3556
1.6160,0.0004,0.8198,1.5903,0.3556
2.1120,0.0004,0.7182,1.7870,0.3501
1.3432,0.0004,1.1686,1.5897,0.3374
1.6441,0.0005,0.8746,1.7069,0.3471
1.6383,0.0004,0.7871,1.6314,0.3471
1.7293,0.0004,0.8384,1.4098,0.3398
1.5974,0.0004,0.9103,1.5950,0.3416
1.4405,0.0005,1.0219,1.7271,0.3416
1.6417,0.0005,0.9033,1.3706,0.3545
1.3789,0.0005,0.9424,1.4020,0.3545
1.7988,0.0007,0.8576,1.9973,0.3497
1.9589,0.0004,0.8116,1.9185,0.3536
1.8539,0.0005,0.9246,1.8558,0.3498
1.8685,0.0004,0.9324,1.6322,0.3438
1.6737,0.0004,0.9692,1.6851,0.3472
1.3187,0.0003,0.8887,1.6141,0.3472
1.4802,0.0005,0.6978,1.4601,0.3452
1.4450,0.0006,0.7716,1.4156,0.3423
1.3582,0.0005,1.0253,1.1960,0.3423
1.5769,0.0007,0.8875,1.7167,0.3564
1.7888,0.0003,0.9282,1.7926,0.3493
1.5036,0.0004,0.9908,1.4712,0.3710
1.3325,0.0003,1.0878,1.2813,0.3782
1.5472,0.0003,1.0801,1.6212,0.3398
1.2375,0.0004,0.6821,1.1227,0.3398
1.4287,0.0004,0.7076,1.4527,0.3431
1.2768,0.0004,0.8736,1.1860,0.3621
1.8252,0.0005,1.2206,1.8663,0.3612
1.0618,0.0006,1.0158,0.9426,0.3452
1.4854,0.0175,1.0044,1.4311,0.3452
1.2475,0.0005,0.7512,1.5415,0.3356
1.4609,0.0004,1.1282,1.4624,0.3523
1.0377,0.0006,0.8159,1.0246,0.3523
1.8205,0.0007,0.6656,1.7254,0.3730
1.4320,0.0007,0.8805,1.3718,0.3730
1.4744,0.0002,1.2310,1.5976,0.3832
1.6317,0.0003,0.8376,1.1974,0.3484
1.3677,0.0003,1.0514,1.7360,0.3484
1.9433,0.0004,1.0505,1.8853,0.3319
2.0106,0.0005,0.9017,1.8810,0.3580
1.5222,0.0003,1.3843,1.7299,0.3551
1.2609,0.0003,0.9078,1.0273,0.3567
1.5884,0.0004,1.0761,1.6470,0.3495
1.5696,0.0006,0.8814,1.5364,0.3495
1.5676,0.0003,1.0467,1.7259,0.3703
2.2314,0.0004,0.8821,2.1380,0.3444
1.0652,0.0006,0.9399,1.2148,0.3444
1.6303,0.0005,0.7734,1.4925,0.3616
2.0802,0.0006,0.8028,1.6281,0.3602
2.0595,0.0006,1.4372,2.4206,0.3646
1.4877,0.0004,1.1106,1.6801,0.3491
1.3894,0.0003,0.8171,1.3297,0.3491
1.5398,0.0005,0.9380,1.1704,0.3494
2.3661,0.0006,0.8122,2.7038,0.3560
1.4573,0.0005,0.8878,1.5088,0.3651
1.5939,0.0005,0.8857,1.4859,0.3532
1.7059,0.0003,0.9010,1.6570,0.3532
1.9500,0.0005,0.8603,1.9973,0.3499
0.8114,0.0004,0.8940,0.8389,0.3499
2.0277,0.0004,0.8411,2.0180,0.3499
1.0280,0.0002,0.8964,1.1012,0.3499
1.9592,0.0003,0.7030,1.9748,0.3489
2.1263,0.0004,0.7735,2.0269,0.3506
1.3639,0.0004,0.8703,1.3845,0.3506
1.7290,0.0004,0.9480,1.4942,0.3652
1.2067,0.0005,1.3074,1.2305,0.3652
1.6423,0.0004,0.7867,1.7126,0.3465
1.6316,0.0006,0.7135,1.5949,0.3441
2.2470,0.0004,0.8955,2.4333,0.3512
1.2056,0.0005,0.8358,0.9894,0.3512
2.0408,0.0005,0.9069,2.1245,0.3623
1.2841,0.0004,0.8834,1.4208,0.3513
0.9721,0.0004,0.7695,0.8796,0.3513
1.8144,0.0004,0.7683,1.4187,0.3532
1.8744,0.0005,0.8821,2.2912,0.3268
2.0389,0.0005,1.1833,1.9925,0.3791
1.2960,0.0004,1.1914,1.1913,0.3791
2.1485,0.0006,0.7971,2.0350,0.3529
1.7392,0.0004,0.9713,2.0281,0.3502
1.7763,0.0006,0.9517,1.7463,0.3608
1.4801,0.0005,0.7720,1.3318,0.3608
1.5966,0.0004,0.8334,1.7204,0.3367
2.2495,0.0005,0.9192,2.2043,0.3488
0.9482,0.0004,0.8717,0.9670,0.3488
2.2177,0.0007,1.0501,2.1215,0.3574
1.4834,0.0009,1.2156,1.3337,0.3532
1.8736,0.0009,0.9684,1.8891,0.3525
1.4081,0.0006,1.3023,1.6483,0.3525
1.8798,0.0008,1.1263,1.8108,0.3565
1.2747,0.0006,0.9606,1.2407,0.3565
2.1456,0.0004,1.0664,2.2453,0.3463
1.7005,0.0004,0.8454,1.7371,0.3463
1.8675,0.0004,0.7578,1.8545,0.3356
1.5673,0.0004,0.9671,1.5013,0.3332
2.0484,0.0006,1.0835,1.9901,0.3461
1.2695,0.0005,0.9128,1.2421,0.3461
1.8596,0.0006,0.9381,1.7356,0.3517
1.4358,0.0006,1.1171,1.4512,0.3493
1.3808,0.0005,0.9289,1.5116,0.3493
1.4778,0.0007,0.7206,1.4324,0.3548
1.8760,0.0005,0.8032,1.9267,0.3360
1.5729,0.0005,0.8301,1.5937,0.3463
1.3126,0.0004,0.7459,1.3082,0.3463
1.6576,0.0005,0.8512,1.5279,0.3395
2.2465,0.0006,1.1922,2.2173,0.3689
1.4586,0.0005,1.0557,1.3062,0.3689
1.5015,0.0005,1.1618,1.7151,0.3502
1.7657,0.0004,0.8382,1.7482,0.3577
1.1251,0.0004,0.9932,1.1418,0.3427
1.5079,0.0005,0.8312,1.4086,0.3646
1.3760,0.0004,0.9656,1.3383,0.3646
1.5336,0.0004,0.9628,1.5554,0.3455
2.1306,0.0004,0.7617,2.1059,0.3687
1.2338,0.0003,1.0132,1.4210,0.3687
1.9458,0.0006,0.8876,1.8116,0.3481
1.7224,0.0004,1.1865,1.7888,0.3687
1.4799,0.0005,0.9096,1.4853,0.3841
1.3378,0.0004,0.7834,1.2330,0.3617
1.3631,0.0004,0.8448,1.4847,0.3617
2.3139,0.0005,0.7242,2.2748,0.3652
1.0151,0.0004,0.8273,1.0598,0.3652
2.2269,0.0007,0.7199,2.1896,0.3327
1.1111,0.0004,0.7053,1.1254,0.3425
1.4143,0.0003,0.7921,1.3121,0.3425
2.1125,0.0007,0.7895,1.8438,0.3477
1.0895,0.0005,1.1297,1.3930,0.3477
1.4129,0.0003,0.9055,1.2872,0.3613
1.8178,0.0005,0.7723,1.6480,0.3733
1.5391,0.0004,0.9270,1.5067,0.3446
1.8267,0.0004,0.8407,2.1570,0.3579
2.0016,0.0007,0.7402,1.9665,0.3478
1.3159,0.0004,0.8012,1.3250,0.3478
2.0431,0.0005,0.7632,2.0238,0.3328
1.2636,0.0003,0.7885,1.2307,0.3365
2.4526,0.0009,0.7687,2.3001,0.3499
1.7024,0.0006,1.0431,1.6222,0.3499
2.1282,0.0004,1.0038,2.3481,0.3592
1.3586,0.0003,0.8229,1.4015,0.3592
1.7741,0.0005,0.8272,1.6872,0.3408
1.9246,0.0004,0.8762,1.7788,0.3362
1.8118,0.0004,0.8979,2.0057,0.3493
1.5070,0.0005,0.7598,1.5047,0.3355
1.4058,0.0005,0.7447,1.3433,0.3450
2.1916,0.0004,0.8580,1.9047,0.3591
1.2509,0.0003,1.4011,1.4987,0.3756
1.4745,0.0003,1.1844,1.4828,0.5173
1.1436,0.0004,1.0062,0.9677,0.3552
1.6204,0.0004,0.9223,1.6269,0.3372
1.8721,0.0004,1.0350,1.9137,0.3487
1.0995,0.0003,0.9653,1.0193,0.3466
1.5924,0.0003,1.0772,1.5678,0.3466
1.5241,0.0004,0.8778,1.5643,0.3356
1.7888,0.0007,0.7592,1.4707,0.3425
2.1007,0.0005,0.8835,2.6198,0.3575
1.5110,0.0005,0.8284,1.4844,0.3525
2.0335,0.0007,0.8762,1.6362,0.3844
1.1602,0.0003,1.2652,1.2360,0.3844
1.5429,0.0004,0.9130,1.9125,0.3763
1.5669,0.0004,0.9053,1.1805,0.3391
1.6514,0.0004,0.8994,1.7029,0.3513
1.6588,0.0004,0.8329,1.7956,0.3485
1.4756,0.0006,0.7285,1.5753,0.3569
2.0149,0.0008,0.7763,2.0006,0.3532
1.2668,0.0004,0.8988,1.3294,0.3435
1.3917,0.0004,0.7434,1.1524,0.3435
1.6781,0.0005,0.9234,1.7699,0.3549
1.7562,0.0171,0.8245,1.6072,0.3694
1.4944,0.0005,0.9814,1.6398,0.3403
1.5727,0.0004,0.9023,1.6922,0.3403
1.5988,0.0003,0.8032,1.6017,0.3541
1.3384,0.0006,0.7291,1.0468,0.3453
2.0537,0.0005,0.9909,2.3054,0.3337
0.9343,0.0004,0.7092,0.9690,0.3337
1.3746,0.0004,0.7255,1.3324,0.3557
1.7708,0.0003,0.6736,1.7893,0.3631
1.7062,0.0004,0.7130,1.6960,0.3493
1.1398,0.0006,0.7818,0.7740,0.3493
2.3357,0.0006,1.0409,2.4832,0.3423
1.5614,0.0006,1.2708,1.7509,0.3525
0.8139,0.0004,0.8402,0.7941,0.3525
1.4568,0.0007,0.7311,1.4790,0.3572
1.3556,0.0005,0.7328,1.0922,0.3411
1.5651,0.0006,0.8344,1.8001,0.3616
1.9193,0.0003,0.6853,1.9212,0.3362
1.1137,0.0004,0.7512,0.9008,0.3362
1.5967,0.0004,0.8314,1.6327,0.3445
1.2871,0.0003,0.9538,1.2978,0.3686
1.5155,0.0006,1.0224,1.6086,0.3686
1.4886,0.0003,0.8014,1.5075,0.3614
1.6270,0.0004,0.8601,1.4536,0.3437
1.5623,0.0005,0.9125,1.4178,0.3437
1.7057,0.0005,0.7811,1.8468,0.3530
1.9278,0.0005,0.7538,1.7104,0.3529
1.8490,0.0005,0.8897,2.0511,0.3408
1.9757,0.0005,0.8566,2.0302,0.3417
1.7138,0.0005,0.8487,1.7837,0.3417
1.5002,0.0003,0.8007,1.5410,0.3453
1.6634,0.0006,0.8037,1.4212,0.3756
1.7125,0.0004,1.2931,1.3369,0.3838
1.0912,0.0003,1.4897,1.7117,0.3838
1.7256,0.0004,0.9083,1.7057,0.3543
1.1716,0.0004,0.7433,1.0056,0.3543
1.5035,0.0005,0.8627,1.6086,0.3327
2.0189,0.0003,0.7253,2.0397,0.3343
1.4433,0.0003,0.7672,1.3343,0.3523
1.1700,0.0004,0.8653,1.2813,0.3523
1.7177,0.0004,0.8012,1.7148,0.3470
1.3191,0.0004,0.9080,1.3167,0.3470
1.8884,0.0006,0.8279,1.8039,0.3488
1.6011,0.0004,0.8736,1.6583,0.5577
1.1955,0.0004,0.8837,1.1594,0.3658
1.9580,0.0007,0.8697,1.9470,0.3477
1.5689,0.0008,0.7898,1.5522,0.3497
1.2930,0.0005,0.8380,1.3132,0.3497
2.2077,0.0006,1.1718,2.0439,0.3452
1.3989,0.0004,1.3823,1.4638,0.3479
1.1515,0.0003,0.8948,1.1674,0.3479
1.4099,0.0004,0.7424,1.4353,0.3613
1.2573,0.0003,0.7097,1.3321,0.3613
1.8044,0.0004,0.6264,1.7587,0.3656
1.5149,0.0003,0.7324,1.0266,0.3726
1.5981,0.0003,0.9796,2.1217,0.3703
0.9382,0.0003,0.6478,0.7628,0.3703
2.2412,0.0004,0.7034,2.3570,0.3534
1.3009,0.0005,0.7864,1.3214,0.3442
1.3524,0.0005,0.6925,1.3615,0.3584
0.9686,0.0003,0.6857,0.8686,0.3584
1.5265,0.0005,0.6303,1.2976,0.3522
0.9780,0.0003,0.7649,1.3212,0.3522
1.4487,0.0003,0.6229,1.2233,0.3497
1.5086,0.0004,0.6346,1.5167,0.3733
1.7699,0.0004,0.7346,1.5467,0.3568
1.5214,0.0004,0.8468,1.8808,0.3555
1.3419,0.0003,0.7768,1.3011,0.3504
1.6239,0.0003,0.8050,1.6805,0.3551
1.5999,0.0003,0.6950,1.6175,0.3453
1.2469,0.0003,0.6696,0.9168,0.3453
1.7674,0.0004,0.8272,2.0762,0.3427
1.3704,0.0004,0.7383,1.2160,0.3612
1.1309,0.0003,0.8175,1.0382,0.3612
1.2595,0.0003,0.9872,1.4024,0.3429
1.1595,0.0003,0.6179,1.2205,0.3450
1.7450,0.0005,0.6218,1.7033,0.3495
1.2509,0.0005,0.8267,1.0208,0.3495
1.4691,0.0003,0.8808,1.6098,0.3518
1.2241,0.0007,0.8530,1.3020,0.3518
1.2779,0.0005,0.7588,1.3562,0.3515
1.1928,0.0003,0.8346,1.1881,0.3515
1.3293,0.0003,0.8263,1.3309,0.3570
1.3099,0.0003,0.6035,1.2102,0.3570
1.0620,0.0003,0.7406,1.1322,0.3645
1.4486,0.0003,0.6011,1.3832,0.3624
1.4868,0.0003,0.5633,1.2550,0.3378
1.1570,0.0003,0.7196,1.4618,0.3378
1.1814,0.0004,0.5734,1.0672,0.3744
1.7179,0.0003,0.6028,1.7732,0.3699
1.5612,0.0004,0.7540,1.5072,0.3699
1.3888,0.0003,0.7484,1.4659,0.3760
1.4830,0.0003,0.6931,1.1552,0.3361
0.9695,0.0004,0.8189,1.3151,0.3361
17.2673,0.0008,16.6436,1.2689,0.3632
1.1304,0.0006,1.4007,1.5810,0.3632
1.0152,0.0005,1.2398,1.0331,0.3632
1.6800,0.0007,0.7136,1.8884,0.3444
1.7061,0.0005,0.7674,1.6010,0.3447
1.1934,0.0006,0.9613,1.3017,0.3547
1.3072,0.0005,0.8395,1.4027,0.3547
1.5326,0.0003,0.6277,1.3074,0.3580
1.9006,0.0003,0.8081,1.9172,0.3929
1.4660,0.0004,1.0488,1.2732,0.3438
1.6772,0.0005,0.9053,1.7238,0.3448
1.4148,0.0004,0.9965,1.7031,0.3448
1.8045,0.0004,0.7600,1.8660,0.3561
1.5285,0.0003,0.6156,1.2316,0.3408
1.9684,0.0003,0.6709,2.2092,0.3455
1.2374,0.0003,0.7407,1.1161,0.3455
1.5836,0.0003,0.8110,1.6443,0.3548
2.1043,0.0004,0.6393,2.1059,0.3576
1.4195,0.0004,0.7721,1.4404,0.3576
1.6080,0.0004,1.2940,1.3783,0.3713
1.3578,0.0003,1.1402,1.5654,0.5360
2.0280,0.0003,0.6415,2.0466,0.3393
1.2142,0.0004,0.6368,0.9473,0.3393
1.7885,0.0004,0.8245,1.6928,0.3437
1.2086,0.0003,0.8862,1.5869,0.3483
1.3028,0.0003,0.7643,1.0945,0.3516
1.4327,0.0003,0.6401,1.5526,0.3504
1.7567,0.0003,0.6631,1.6934,0.3357
0.9736,0.0004,0.8194,1.0699,0.3357
2.0389,0.0004,0.6427,1.3198,0.3614
1.3216,0.0005,1.3311,1.4420,0.3516
0.6746,0.0003,1.2058,1.2463,0.3516
1.3044,0.0006,0.6183,1.3054,0.3554
1.2803,0.0004,0.6070,1.3003,0.3522
1.3564,0.0004,0.6022,1.1401,0.3488
1.3111,0.0005,0.8129,1.4192,0.3497
1.1755,0.0003,0.8430,1.2634,0.3564
1.2611,0.0003,0.7246,0.9879,0.3422
1.3167,0.0003,0.8555,1.4265,0.3519
1.3326,0.0003,0.9239,1.2974,0.3611
1.3105,0.0003,0.7605,1.5113,0.3571
1.4024,0.0004,0.6348,1.2184,0.3571
1.6037,0.0005,0.7942,1.5190,0.3671
1.3261,0.0003,0.9666,1.5426,0.3830
1.1224,0.0004,1.0564,1.1347,0.3478
1.1486,0.0003,0.6611,1.1340,0.3592
1.2334,0.0003,0.6289,1.1333,0.3356
1.1896,0.0004,0.6228,1.3132,0.3477
1.0738,0.0003,0.6108,1.0546,0.3517
1.2729,0.0003,0.5892,1.2052,0.3454
1.0788,0.0003,0.6072,1.1674,0.3636
1.0857,0.0003,0.5710,0.9962,0.3577
1.1046,0.0004,0.5593,1.1598,0.3606
1.2889,0.0004,0.5894,1.2675,0.3455
1.2054,0.0004,0.5982,1.1881,0.3607
2.0954,0.0004,0.6088,2.0598,0.3675
1.3990,0.0003,0.7929,1.4357,0.3736
1.2337,0.0003,0.7581,1.2521,0.3391
1.1112,0.0004,0.8113,1.0047,0.3391
1.2682,0.0003,0.9448,1.1488,0.3437
1.3281,0.0004,0.7311,1.3634,0.3413
1.3490,0.0004,0.7867,1.4768,0.3581
1.2076,0.0003,0.6422,1.2404,0.3478
1.6544,0.0004,0.6474,1.3793,0.3379
1.2946,0.0004,0.8187,1.3454,0.3379
1.4029,0.0004,0.6130,1.5571,0.3498
1.6123,0.0004,0.6525,1.2780,0.3381
1.9407,0.0005,0.9774,2.2474,0.3723
0.9773,0.0004,0.8503,0.9615,0.3723
1.4313,0.0005,0.8291,1.5035,0.3657
1.3866,0.0004,0.9507,1.0726,0.3548
1.2861,0.0003,0.8386,1.4799,0.3462
1.1736,0.0004,0.7590,1.0859,0.3558
1.1788,0.0005,0.7289,1.3539,0.3558
1.3046,0.0005,0.6443,1.1650,0.3430
1.1986,0.0004,0.7113,1.3469,0.3428
1.2149,0.0004,0.8118,1.2352,0.3676
1.1937,0.0004,0.6824,1.1883,0.3540
1.2655,0.0004,0.7348,1.0031,0.3533
1.2750,0.0003,0.9142,1.5239,0.3650
1.2769,0.0004,0.6302,1.0098,0.3650
1.5078,0.0004,0.8615,1.3083,0.3978
0.7878,0.0004,1.5122,1.2491,0.3978
1.2737,0.0003,0.6521,1.2749,0.3475
1.2149,0.0004,0.6305,1.0035,0.3622
0.9619,0.0003,0.7688,1.1766,0.3622
1.4333,0.0003,0.8814,1.4276,0.3573
1.1438,0.0003,0.5768,1.1271,0.3453
1.3108,0.0004,0.6202,1.3140,0.3446
1.0703,0.0003,0.5601,0.9339,0.3446
1.3832,0.0004,0.5751,1.5055,0.3547
1.1547,0.0003,0.5998,1.1666,0.3499
1.2171,0.0003,0.5965,1.1986,0.3688
1.3901,0.0004,0.6053,1.1668,0.3480
2.1022,0.0005,0.6756,2.2589,0.3793
1.2547,0.0004,0.8647,1.1647,0.3530
1.4139,0.0003,0.8926,1.4214,0.3597
0.7549,0.0003,0.7624,0.8736,0.3597
1.5891,0.0006,0.6701,1.0509,0.3422
1.9290,0.0003,0.8378,2.3964,0.3541
1.3814,0.0003,0.7192,1.3770,0.3568
0.8421,0.0003,0.7597,0.9040,0.3568
1.3111,0.0003,0.7227,1.1085,0.3574
1.1916,0.0003,0.6340,1.2815,0.3358
1.4362,0.0003,0.6277,1.5312,0.3530
2.0672,0.0006,0.6298,1.5510,0.3542
1.0402,0.0004,1.0173,0.8944,0.3892
1.1568,0.0003,0.8157,1.5305,0.3892
1.4024,0.0005,0.6733,1.3241,0.3484
1.3325,0.0003,0.7871,1.3990,0.3417
1.3367,0.0004,0.6609,1.1899,0.3430
1.5735,0.0006,0.6546,1.4471,0.3451
2.1572,0.0004,0.6425,1.7263,0.3474
1.5090,0.0004,0.8834,2.1178,0.3474
1.7516,0.0158,0.8119,1.4394,0.3637
1.2278,0.0004,0.8970,1.4691,0.3367
2.0862,0.0005,1.0547,2.1440,0.3438
2.1891,0.0003,0.8307,2.1062,0.3605
1.3223,0.0004,0.9941,1.4466,0.3422
1.3826,0.0003,0.7727,1.4061,0.3422
1.6034,0.0004,0.6826,1.4480,0.3416
2.0802,0.0004,0.7792,2.1580,0.3409
1.4182,0.0003,0.9207,1.3508,0.3552
1.1275,0.0003,0.8911,1.2497,0.3552
1.3721,0.0003,0.7708,1.3789,0.3645
1.3428,0.0003,0.6236,1.3395,0.3498
1.4230,0.0004,0.6477,1.2612,0.3420
1.6708,0.0005,0.6160,1.5163,0.3351
1.9544,0.0006,0.8066,2.0914,0.3465
1.5883,0.0005,0.9024,1.6342,0.3465
1.6252,0.0004,0.7478,1.7206,0.3411
1.4088,0.0004,0.6293,1.2656,0.3406
1.4549,0.0003,0.8132,1.6025,0.3542
1.5508,0.0003,0.6425,1.5503,0.3462
1.4571,0.0003,0.6419,1.1356,0.3412
1.2661,0.0004,0.8258,1.3179,0.3554
0.8952,0.0003,0.8677,1.1179,0.3554
1.6158,0.0003,0.8103,1.6171,0.3506
2.1349,0.0006,0.5917,2.0694,0.3661
1.4170,0.0005,0.8301,1.0541,0.3448
1.1440,0.0004,0.9794,1.3976,0.3448
1.4299,0.0003,0.7060,1.4269,0.3482
1.2237,0.0004,0.7738,1.1677,0.3482
1.3973,0.0004,0.7199,1.4435,0.3526
1.4599,0.0005,0.8884,1.2326,0.3540
1.3632,0.0004,0.9848,1.5914,0.3440
1.2763,0.0004,1.0400,1.2445,0.3440
1.9112,0.0004,1.0224,2.0277,0.3480
1.1030,0.0003,0.8013,0.8337,0.3480
1.3632,0.0003,0.8276,1.6105,0.3380
2.1417,0.0007,0.8397,1.7648,0.4031
1.1873,0.0005,1.3127,1.2540,0.3635
1.3531,0.0005,1.0171,1.6495,0.3635
1.7188,0.0006,0.8671,1.7076,0.3597
1.3656,0.0006,1.0398,1.4053,0.3485
1.3312,0.0003,0.8448,1.3569,0.3729
1.3467,0.0004,0.7481,1.3474,0.3574
1.6914,0.0004,0.7025,1.5137,0.3394
1.2359,0.0004,0.9839,1.2444,0.3394
1.4091,0.0005,0.9954,1.5575,0.3352
1.5311,0.0004,0.6772,1.4597,0.3509
1.5018,0.0006,0.9184,1.3088,0.3496
1.7784,0.0005,1.2625,1.8383,0.3982
1.3753,0.0007,1.4333,1.3116,0.3982
1.8053,0.0006,0.9930,1.8341,0.3674
1.3275,0.0004,1.0469,1.2521,0.3674
1.3731,0.0003,0.9607,1.3578,0.3460
1.4508,0.0003,0.8124,1.7573,0.3353
1.2392,0.0003,0.7399,1.1080,0.3379
1.2700,0.0004,0.9545,1.4018,0.3422
1.4557,0.0003,0.6580,1.4556,0.3422
1.5414,0.0003,0.8057,1.3442,0.3395
1.6436,0.0006,0.6545,1.5563,0.3501
1.9906,0.0012,0.8957,1.6985,0.3411
1.3033,0.0006,1.5704,1.5784,0.3570
1.9445,0.0008,1.0950,1.9211,0.3613
1.6303,0.0006,1.3293,1.8020,0.3417
1.4295,0.0006,1.0774,1.3409,0.3621
1.8194,0.0004,1.1110,1.9424,0.3500
1.7429,0.0006,1.0875,1.7202,0.3460
1.8592,0.0006,1.0987,1.8537,0.3593
1.3334,0.0007,1.0084,1.2403,0.3460
1.7671,0.0007,0.9266,1.8473,0.3460
1.4438,0.0007,0.8577,1.3796,0.3566
2.4483,0.0008,1.0790,2.4357,0.3752
1.3189,0.0006,1.1522,1.3715,0.3752
1.5870,0.0006,1.2408,1.6004,0.3433
1.3757,0.0005,0.9583,1.0459,0.3433
1.8876,0.0006,0.8958,2.1989,0.3401
1.3509,0.0006,0.8287,1.3004,0.3562
1.4200,0.0003,0.9485,1.4834,0.3553
1.2804,0.0002,0.9722,1.2992,0.3432
1.5711,0.0003,0.8430,1.0258,0.3432
1.7743,0.0005,1.1237,2.1641,0.3427
1.9129,0.0007,1.0147,1.9514,0.3416
1.7149,0.0007,0.9230,1.7402,0.3500
1.2073,0.0004,0.8847,1.2585,0.3500
1.6842,0.0004,0.9770,1.5575,0.3369
1.6949,0.0004,0.8480,1.6568,0.3369
1.4333,0.0004,0.8798,1.5118,0.3497
1.7452,0.0004,0.7101,1.5449,0.3525
1.2303,0.0004,0.8380,1.5210,0.3525
1.2350,0.0003,0.6471,1.2381,0.3636
2.1437,0.0008,0.6195,1.8635,0.3517
1.6346,0.0006,1.0826,1.0943,0.3822
1.2240,0.0004,1.5255,1.7366,0.3464
1.4048,0.0005,0.9689,1.6321,0.3464
2.1721,0.0006,0.9296,2.0316,0.3448
1.6379,0.0005,0.9849,1.7686,0.3448
1.3819,0.0003,0.7832,1.2984,0.3434
1.7964,0.0003,0.7429,1.8859,0.3371
1.7465,0.0007,0.7886,1.6601,0.3398
1.3412,0.0005,0.9968,1.4158,0.3537
1.7041,0.0006,0.7397,1.6755,0.3537
1.8802,0.0004,0.7810,1.8548,0.3603
1.3776,0.0004,0.8691,1.2969,0.3603
1.5052,0.0003,0.8082,1.4477,0.3476
1.7288,0.0003,0.6871,1.8592,0.3743
1.7755,0.0004,0.7288,1.8067,0.3497
1.8234,0.0003,0.7841,1.8072,0.3369
1.1310,0.0008,0.7812,1.1441,0.3369
1.5194,0.0004,0.7711,1.3141,0.3540
2.1456,0.0005,0.6909,2.1105,0.3527
1.3090,0.0005,1.0611,1.3455,0.3462
1.3554,0.0005,1.1724,1.4837,0.3462
2.1898,0.0003,0.8606,2.1750,0.3424
1.0402,0.0004,0.7836,1.0099,0.3424
1.5443,0.0004,0.8132,1.5217,0.3454
1.6208,0.0004,0.8905,1.4205,0.3310
1.9958,0.0005,0.8518,2.1527,0.3438
1.3941,0.0005,0.8259,1.5216,0.3438
1.0835,0.0004,0.7556,1.0959,0.3395
1.5400,0.0003,0.8209,1.2834,0.3414
2.1281,0.0004,0.6404,2.2982,0.3439
1.7565,0.0004,0.7553,1.4001,0.3678
1.6028,0.0004,1.1833,1.9517,0.3716
1.3494,0.0004,0.8377,1.4014,0.3716
1.7039,0.0003,0.7202,1.2425,0.3414
1.4450,0.0005,0.9241,1.7358,0.3396
1.5224,0.0003,0.9280,1.6536,0.3519
1.3713,0.0004,0.8833,1.3587,0.3497
1.3375,0.0004,0.7991,1.0458,0.3498
1.1962,0.0004,1.0223,1.4957,0.3498
1.6613,0.0004,0.7138,1.6109,0.3649
1.6043,0.0004,0.8014,1.3084,0.3649
2.1505,0.0005,0.8142,2.3705,0.3519
1.5288,0.0005,0.8947,1.5885,0.3611
1.3503,0.0004,0.9131,1.3514,0.3398
1.4878,0.0006,0.8012,0.9922,0.3487
1.6918,0.0003,0.9599,2.1778,0.3552
1.6432,0.0006,1.0008,1.5066,0.3449
1.1150,0.0004,1.1027,1.2742,0.3322
1.3135,0.0003,0.7623,1.2834,0.3322
1.4636,0.0004,0.8272,1.4715,0.3503
1.2628,0.0004,0.9266,1.2379,0.3570
1.5443,0.0004,0.7815,1.3568,0.3429
1.7360,0.0008,0.9743,1.4685,0.3429
1.4367,0.0004,1.1274,1.7822,0.3448
1.7608,0.0003,0.8818,1.5491,0.3432
1.4054,0.0006,0.8863,1.6797,0.3593
1.7903,0.0005,0.8904,1.8101,0.3554
1.1377,0.0006,0.9516,1.0511,0.3438
1.2370,0.0006,0.8239,1.3505,0.3438
1.5609,0.0004,0.7098,1.3522,0.3553
1.3166,0.0007,0.9176,1.5144,0.3375
1.6918,0.0004,0.8338,1.3069,0.3398
1.1908,0.0004,0.8581,1.5870,0.3398
1.4667,0.0004,0.7053,1.3145,0.3512
1.3456,0.0004,0.7674,1.2924,0.3512
2.1645,0.0004,0.9114,2.2915,0.3774
1.4044,0.0003,0.8605,1.3742,0.3741
1.6078,0.0005,0.7070,1.4420,0.3525
1.1452,0.0005,0.9807,1.3762,0.3309
1.3865,0.0006,0.7405,1.3542,0.3309
1.7712,0.0004,0.7740,1.7645,0.3448
1.3407,0.0005,0.7346,1.3421,0.3403
1.2542,0.0005,0.8032,1.2430,0.3403
1.1404,0.0004,0.8555,1.1337,0.3412
1.3929,0.0003,0.6502,1.2193,0.3322
1.7759,0.0006,0.6818,1.8841,0.3422
1.4953,0.0005,0.8089,1.4022,0.4034
1.3951,0.0005,0.9721,1.2298,0.4034
1.6810,0.0005,0.9038,1.9504,0.3413
1.1535,0.0005,0.8432,1.1019,0.3413
1.5624,0.0004,0.7298,1.5109,0.3414
1.8295,0.0005,0.8073,1.7295,0.3463
1.1850,0.0006,1.0547,1.1640,0.3424
0.9398,0.0005,1.1931,1.0476,0.3424
1.6774,0.0003,0.8382,1.5158,0.3549
1.4603,0.0003,0.6533,1.7305,0.3498
1.2836,0.0004,0.6770,1.2580,0.3481
1.4228,0.0004,0.7252,1.3401,0.3479
1.5126,0.0004,0.8672,1.5794,0.3763
1.3765,0.0005,0.8504,1.1816,0.3483
1.2123,0.0003,0.9861,1.2432,0.3483
1.5871,0.0004,0.8869,1.7359,0.3552
1.4496,0.0003,0.7766,1.4418,0.3348
1.4313,0.0004,0.7844,1.3027,0.3417
1.4486,0.0003,0.8468,1.4148,0.3417
1.6910,0.0004,0.6681,1.8562,0.3504
1.1370,0.0003,0.7362,1.1442,0.3415
1.3339,0.0004,0.8239,1.3221,0.3412
1.8820,0.0006,0.6703,1.5429,0.3618
1.0799,0.0003,1.3564,1.3843,0.3618
1.5374,0.0005,0.9154,1.2342,0.3713
1.3772,0.0004,0.9013,1.5043,0.3713
1.8895,0.0005,0.7603,1.9450,0.3446
2.1106,0.0004,0.9149,2.0249,0.3522
1.2564,0.0012,0.9829,1.3584,0.3477
1.1176,0.0004,0.8561,1.1071,0.3477
0.8852,0.0003,0.9487,0.9933,0.3371
1.6180,0.0005,0.7382,1.5302,0.3484
2.0916,0.0004,1.0647,2.0619,0.3370
1.1028,0.0005,1.1501,1.1581,0.3370
1.5182,0.0006,0.9063,1.4669,0.3798
1.7711,0.0005,1.2020,1.7665,0.3439
1.2760,0.0006,0.9694,1.2706,0.3439
1.3578,0.0005,0.8144,1.2464,0.3594
1.6289,0.0007,0.7988,1.5959,0.3555
1.4667,0.0007,0.7719,1.5450,0.3353
1.7092,0.0008,0.8506,1.7929,0.3446
1.5721,0.0006,0.7438,1.2553,0.3509
1.6517,0.0006,0.8762,1.9895,0.3509
1.4867,0.0005,0.7281,1.4779,0.3558
1.3545,0.0005,0.8046,1.1481,0.3558
1.5654,0.0006,1.1064,1.5966,0.3741
2.4374,0.0010,0.9628,2.3943,0.3574
1.3165,0.0004,1.1788,1.4959,0.3574
1.5835,0.0004,0.8607,1.3030,0.3494
1.7319,0.0004,0.7974,1.6864,0.3608
1.5663,0.0004,0.9428,1.8545,0.3608
1.7443,0.0005,0.9921,1.4835,0.3556
1.7480,0.0005,0.9109,1.9590,0.3358
1.7558,0.0002,0.8563,1.5038,0.3598
1.6730,0.0004,0.6689,1.7014,0.3402
2.2755,0.0009,0.7855,2.4740,0.3428
1.8183,0.0007,0.9895,1.8685,0.3524
1.4182,0.0004,0.9875,1.3663,0.3524
1.6176,0.0004,0.9560,1.4737,0.3532
1.6713,0.0004,0.8242,1.4948,0.3449
1.6952,0.0003,0.8437,2.0689,0.3461
1.5313,0.0004,0.7702,1.5474,0.3609
1.5959,0.0005,0.7088,1.2591,0.3609
1.4640,0.0005,0.7852,1.7000,0.3558
1.6144,0.0004,1.0724,1.5316,0.3434
1.9103,0.0005,0.8145,1.9295,0.3628
1.4452,0.0003,1.0089,1.6161,0.3489
1.4119,0.0003,0.9490,1.3861,0.3489
1.5996,0.0003,0.8313,1.2904,0.3475
2.1681,0.0004,0.7904,2.4313,0.3448
1.1303,0.0004,0.9739,1.1565,0.3339
1.3979,0.0005,0.7945,1.3279,0.3729
1.1420,0.0004,0.9081,1.1841,0.3382
2.0646,0.0005,0.9102,2.0215,0.3472
1.5634,0.0003,0.8020,1.4090,0.3364
1.3201,0.0007,0.9725,1.3342,0.3364
1.8310,0.0004,1.5334,1.8716,0.3816
1.5528,0.0005,0.9902,1.3490,0.3420
1.5059,0.0006,0.9262,1.7297,0.3420
1.6713,0.0005,0.9942,1.1566,0.3543
1.3062,0.0004,1.0295,1.8299,0.3543
1.9785,0.0003,0.7631,2.0333,0.3284
1.1942,0.0004,0.7496,1.2208,0.3442
1.5054,0.0003,0.7300,1.3274,0.3442
1.6010,0.0004,0.7232,1.5490,0.3342
1.6404,0.0010,0.6949,1.7441,0.3376
2.4053,0.0006,0.8241,2.2941,0.3641
1.8620,0.0005,1.0639,1.8373,0.3721
1.5336,0.0006,1.0935,1.6371,0.3429
1.2487,0.0006,0.9449,0.9656,0.3339
1.8086,0.0004,1.1298,2.0923,0.3485
1.6234,0.0004,0.8936,1.2987,0.3485
1.8719,0.0161,1.0164,2.1527,0.3356
1.4346,0.0007,0.8862,1.5552,0.3388
1.6328,0.0006,0.7591,1.3635,0.3388
2.2971,0.0008,0.7915,2.4005,0.5132
1.4831,0.0006,0.9780,1.5763,0.3828
1.2031,0.0007,0.9904,1.0470,0.3828
1.9639,0.0006,1.0006,2.1200,0.3331
1.6107,0.0007,0.7140,1.4809,0.3401
0.8464,0.0006,0.9333,1.0003,0.3401
1.5115,0.0003,0.7011,1.3126,0.3456
1.8746,0.0004,0.7173,1.7049,0.3648
1.9736,0.0005,0.8667,2.2858,0.3431
1.3667,0.0006,0.9459,1.3876,0.3362
1.8456,0.0004,0.7275,1.8057,0.3362
1.3094,0.0004,0.8265,1.2696,0.3652
1.8400,0.0005,0.8326,1.6112,0.3858
1.6305,0.0004,0.7608,1.8422,0.3592
1.7002,0.0005,0.7732,1.6497,0.3522
1.5640,0.0004,0.7566,1.6872,0.3480
1.4315,0.0007,0.7834,1.0643,0.3556
1.4098,0.0004,0.9942,1.6055,0.3529
1.4248,0.0003,0.8919,1.3690,0.3529
1.6275,0.0005,0.7810,1.7795,0.3463
1.6006,0.0005,1.1706,1.3206,0.3629
2.1613,0.0006,0.9192,2.3849,0.3527
1.3381,0.0006,0.9304,1.3781,0.3723
1.2556,0.0004,1.0917,1.0221,0.3723
2.2523,0.0003,0.9257,2.4954,0.3442
1.5059,0.0006,0.7370,1.5138,0.3508
1.1783,0.0004,0.8407,0.8064,0.3428
1.7371,0.0003,1.0385,1.7885,0.3428
2.0181,0.0003,0.8024,2.2774,0.3541
1.3408,0.0003,0.8717,1.3596,0.3541
1.8125,0.0004,0.7266,1.7163,0.3461
1.1989,0.0006,0.8676,1.2353,0.3461
2.4431,0.0005,1.0765,2.4609,0.3462
1.3903,0.0004,0.8338,1.4274,0.3546
1.2105,0.0005,0.7934,1.1092,0.3546
1.5537,0.0005,0.7354,1.6057,0.3355
1.4909,0.0005,0.7233,1.4793,0.3629
1.6894,0.0005,0.7537,1.7318,0.3376
1.6770,0.0003,0.7367,1.6107,0.3494
1.3081,0.0004,0.8550,1.3147,0.3335
1.8769,0.0003,0.9364,1.6354,0.3452
1.6723,0.0005,0.8981,1.6497,0.3452
2.6782,0.0008,1.0043,2.8513,0.3568
1.2863,0.0005,1.0901,1.3896,0.3600
1.2190,0.0007,0.8956,1.1839,0.3600
1.4259,0.0005,0.8532,1.3565,0.3552
1.7943,0.0004,0.7010,1.6471,0.3543
1.4586,0.0007,0.8902,1.5486,0.3543
2.0471,0.0005,0.8440,1.7818,0.3464
2.1269,0.0004,0.8161,2.4509,0.3429
1.6426,0.0005,0.8821,1.6664,0.3461
2.1176,0.0004,0.9484,1.9213,0.3657
0.9066,0.0006,1.3399,0.9068,0.3913
1.8607,0.0004,0.8039,1.9528,0.3418
0.8553,0.0003,0.9008,0.9058,0.3418
1.4816,0.0004,0.7284,1.4644,0.3428
2.2330,0.0004,0.7819,2.1426,0.3320
1.2007,0.0003,0.9363,1.3872,0.3557
1.5739,0.0004,0.7736,1.4776,0.3557
2.1376,0.0004,1.3001,2.1806,0.3393
1.2984,0.0004,0.8472,1.1570,0.3455
1.7408,0.0005,1.0761,1.5198,0.3455
2.2273,0.0008,0.8716,2.5270,0.3787
0.9825,0.0006,1.0208,1.0378,0.3787
1.8681,0.0005,0.8456,1.8515,0.3376
1.6568,0.0005,0.7835,1.5330,0.3493
1.4168,0.0003,0.9246,1.5561,0.3493
1.5354,0.0004,0.7333,1.3901,0.3488
2.0997,0.0003,0.8581,2.2107,0.3492
1.6757,0.0004,0.9073,1.6099,0.3330
1.3942,0.0003,0.8451,1.4868,0.3330
1.9686,0.0004,0.7634,1.7104,0.3460
1.4063,0.0003,1.0166,1.4243,0.3460
1.6192,0.0004,1.2307,1.8094,0.3751
1.6910,0.0004,0.8148,1.7042,0.3751
1.8164,0.0004,0.7588,1.7881,0.3496
1.2198,0.0004,0.7625,1.1542,0.3496
2.0829,0.0005,0.7915,1.9467,0.3644
2.2118,0.0004,1.1877,2.3517,0.3337
1.6443,0.0004,0.8640,1.5123,0.3551
1.2208,0.0004,1.0468,1.2708,0.3551
1.5599,0.0003,0.9550,1.3715,0.3443
1.6570,0.0006,1.0273,1.8898,0.3657
1.2769,0.0007,0.8909,1.2878,0.4022
1.3953,0.0006,0.9472,1.4325,0.4022
2.1825,0.0005,0.8432,2.0859,0.3597
1.5673,0.0005,1.0340,1.5725,0.3640
1.9408,0.0005,0.9080,1.7665,0.3560
1.0553,0.0004,1.1053,1.2044,0.3500
1.2353,0.0004,0.9704,1.3631,0.3500
1.4474,0.0004,0.7168,1.3418,0.3551
1.7182,0.0003,0.6964,1.5044,0.3428
1.7030,0.0003,0.7781,1.8983,0.3558
1.7556,0.0006,0.9867,1.5610,0.3500
1.9889,0.0006,0.8845,2.2265,0.3411
1.7377,0.0006,0.8337,1.6377,0.3411
2.1534,0.0006,0.8117,2.1630,0.3364
1.9092,0.0007,0.9319,1.9524,0.3657
1.9855,0.0007,0.9216,1.9865,0.3509
1.3920,0.0005,0.8449,1.3220,0.3422
0.9663,0.0004,0.8465,0.8261,0.3422
1.8787,0.0003,0.9326,1.9931,0.3306
1.5645,0.0005,0.8350,1.1671,0.3306
2.1396,0.0008,1.0669,2.5523,0.3822
1.2831,0.0004,1.0019,1.0985,0.3822
1.8371,0.0004,0.9587,1.9526,0.3665
1.5716,0.0004,1.0095,1.3342,0.3665
2.1337,0.0003,0.7319,2.4707,0.3569
1.1762,0.0003,0.7379,1.1566,0.3412
1.5864,0.0003,0.8026,1.6096,0.3454
1.3541,0.0004,0.8295,1.3434,0.3454
1.6289,0.0004,0.6582,1.3285,0.3615
1.5673,0.0005,0.7667,1.8193,0.3349
2.2314,0.0004,0.8225,2.2637,0.3589
1.3269,0.0003,0.9430,1.1765,0.3589
1.8440,0.0003,0.8384,1.9807,0.3683
1.1314,0.0003,0.9071,1.0366,0.3683
1.4705,0.0004,0.8316,1.2413,0.3552
1.2369,0.0003,0.7809,1.5675,0.3447
1.5842,0.0004,0.6951,1.5287,0.3434
1.5218,0.0004,0.7081,1.4093,0.3434
1.3235,0.0003,0.8059,1.3575,0.3672
1.6663,0.0003,0.6515,1.5832,0.3452
1.8347,0.0006,0.7669,1.7416,0.3532
2.0490,0.0007,0.9399,2.0873,0.3612
1.4151,0.0006,1.0065,1.5269,0.3612
1.1803,0.0004,0.9271,1.3100,0.3475
1.6986,0.0004,0.8714,1.3526,0.3376
1.3785,0.0004,0.8711,1.6043,0.3376
1.4679,0.0004,0.7618,1.4288,0.3531
2.0444,0.0006,0.8339,2.0407,0.3400
1.4407,0.0003,1.0147,1.5677,0.3544
1.6651,0.0004,0.7198,1.6272,0.3484
1.3462,0.0007,0.7771,1.2759,0.3484
2.0156,0.0006,0.8166,2.0282,0.3653
1.7492,0.0005,0.9144,1.7808,0.3633
1.4337,0.0003,0.9745,1.4758,0.3633
1.5197,0.0003,0.8864,1.1020,0.3486
1.5821,0.0003,0.8144,1.9794,0.3505
1.3697,0.0004,0.6661,1.2056,0.3334
1.6231,0.0005,0.7243,1.7030,0.3410
1.4603,0.0003,0.7539,1.4020,0.3461
2.0608,0.0004,0.7566,2.1713,0.3556
1.3740,0.0004,0.7486,1.4103,0.3557
1.8280,0.0007,0.6742,1.5722,0.3557
2.0889,0.0006,1.0568,2.2307,0.3495
1.6382,0.0005,1.0722,1.6887,0.3497
1.7438,0.0004,0.8483,1.7588,0.3588
1.4968,0.0004,0.9003,1.4854,0.3588
1.6086,0.0003,0.8682,1.4338,0.3477
1.7082,0.0004,0.7280,1.5436,0.3583
1.3250,0.0004,0.8904,1.6470,0.3545
1.3913,0.0003,0.8353,1.3725,0.3545
1.2603,0.0004,0.7018,1.2496,0.3415
1.7583,0.0006,0.7096,1.5843,0.3613
2.0344,0.0005,0.8568,2.1714,0.3692
1.4717,0.0004,1.0852,1.1670,0.3548
1.4075,0.0003,0.8695,1.6046,0.3330
1.4373,0.0004,0.7073,1.4245,0.3598
1.6596,0.0003,0.8102,1.6549,0.3489
1.6507,0.0003,0.9609,1.7896,0.3682
1.7487,0.0003,0.7072,1.6624,0.3612
1.2838,0.0004,0.8051,1.3615,0.3612
1.7018,0.0004,0.7520,1.6803,0.3558
1.6009,0.0005,0.8811,1.6007,0.3668
1.3515,0.0003,0.9118,1.3360,0.3680
1.4133,0.0003,0.9704,1.1368,0.3632
1.0429,0.0003,1.0563,1.2934,0.3632
1.4898,0.0004,0.9736,1.5314,0.3516
1.1987,0.0002,0.7802,1.1711,0.3516
1.3737,0.0003,0.6616,1.1858,0.3539
1.3858,0.0003,0.8311,1.5053,0.3598
1.1407,0.0003,0.7190,1.1903,0.3355
1.5030,0.0004,0.7989,1.1772,0.3413
1.6342,0.0003,0.8840,1.9826,0.3505
0.9374,0.0004,0.7325,0.7567,0.3505
1.6414,0.0003,0.7502,1.8130,0.3502
1.5935,0.0004,0.8333,1.5393,0.3502
1.1779,0.0003,0.8062,1.2081,0.3745
1.1222,0.0004,0.8336,1.1509,0.5334
1.5198,0.0004,0.7867,1.3356,0.3482
0.9323,0.0004,0.7778,1.0954,0.3536
1.2845,0.0004,0.6776,1.2743,0.3716
1.3267,0.0003,0.8080,1.2000,0.3353
1.2151,0.0005,0.7737,1.2549,0.3567
1.3832,0.0003,0.7306,1.4031,0.3517
1.3694,0.0005,0.6298,1.2679,0.3489
1.5369,0.0003,0.7309,1.6997,0.3537
1.0130,0.0003,0.7230,0.8796,0.3537
1.4960,0.0003,0.7446,1.4580,0.3496
1.6709,0.0006,0.5892,1.6420,0.3621
1.6025,0.0003,0.8938,1.7455,0.3832
1.2583,0.0003,1.2521,1.0827,0.3832
1.3007,0.0004,0.6298,1.4981,0.3391
1.4901,0.0005,0.6612,1.4581,0.3527
1.1122,0.0003,0.8312,1.1273,0.3527
1.1788,0.0002,0.6572,1.1920,0.3435
1.5139,0.0003,0.6849,1.2481,0.3530
1.1621,0.0003,0.8050,1.3063,0.3530
2.0583,0.0004,0.6652,2.0337,0.3516
1.2819,0.0003,0.8032,1.3490,0.3442
1.2002,0.0003,0.6429,1.1826,0.3442
1.9462,0.0004,0.6136,1.9034,0.3567
1.0745,0.0004,0.7897,0.9872,0.3602
1.2624,0.0003,0.7290,1.4021,0.3495
1.5532,0.0003,0.6273,1.2811,0.3571
1.9344,0.0004,0.7280,2.1898,0.3557
1.2621,0.0004,0.7289,1.1858,0.3557
1.0591,0.0003,0.7211,1.0725,0.3296
1.5752,0.0004,0.6622,1.5064,0.3555
1.8795,0.0003,0.7727,1.8942,0.3454
1.7583,0.0005,1.0527,1.7893,0.3522
1.6721,0.0006,0.8415,1.6398,0.3575
1.4165,0.0005,0.8613,1.4079,0.3679
1.1221,0.0005,0.8508,1.1131,0.3679
1.2198,0.0005,0.9252,1.1301,0.3746
1.3405,0.0006,0.7258,1.4322,0.3586
1.1427,0.0004,0.7450,1.2097,0.3530
1.3051,0.0003,1.0103,1.2038,0.3440
0.9614,0.0003,0.8030,0.9894,0.3440
1.4773,0.0003,0.8323,1.5314,0.3522
1.5213,0.0003,0.6821,1.2260,0.3551
1.2157,0.0003,0.7634,1.2342,0.3551
1.5455,0.0004,0.7127,1.6524,0.3571
0.8208,0.0003,0.7757,0.8462,0.3478
0.9724,0.0003,0.7688,1.0665,0.3478
1.8726,0.0006,0.5968,1.8480,0.3945
1.5624,0.0004,1.0236,0.8191,0.3744
0.9462,0.0003,1.3540,1.3338,0.3382
1.3472,0.0003,0.8382,1.3258,0.3382
1.6088,0.0004,0.6893,1.6260,0.3400
1.2652,0.0004,0.6987,1.5609,0.3554
1.4707,0.0003,0.6447,1.4243,0.3561
1.9739,0.0003,0.9423,1.9604,0.3447
1.1981,0.0004,0.8189,0.9292,0.3417
0.9623,0.0003,0.8656,1.2865,0.3417
1.6504,0.0003,0.7945,1.6246,0.3470
1.4443,0.0004,0.7557,1.2203,0.3470
1.3076,0.0005,0.9561,1.3572,0.3467
1.7665,0.0005,0.8286,1.5440,0.3540
1.0783,0.0004,0.9910,1.4295,0.3540
1.2396,0.0003,0.9660,1.0678,0.3549
1.2697,0.0004,0.7778,1.4861,0.3469
1.3223,0.0003,0.7273,1.0062,0.3396
1.4738,0.0003,0.7310,1.7546,0.3451
1.4600,0.0004,0.7836,1.4590,0.3634
1.1820,0.0003,0.7935,1.1912,0.3436
1.3172,0.0004,0.7315,0.9998,0.3580
1.6616,0.0003,1.0197,1.8711,0.3580
1.1316,0.0003,0.7501,1.0824,0.3455
1.5912,0.0005,0.7106,1.5629,0.3651
1.5097,0.0004,0.8551,1.6457,0.3773
1.2999,0.0004,0.7503,1.3242,0.3605
1.4922,0.0003,0.6397,1.4962,0.3605
1.4148,0.0003,0.6207,1.4083,0.3523
1.2886,0.0005,0.6710,1.1044,0.3522
1.4542,0.0004,0.7044,1.5316,0.3661
1.6529,0.0004,0.7910,1.5723,0.3498
1.4375,0.0005,0.6918,1.6033,0.3405
1.0895,0.0003,0.7327,1.0489,0.3405
1.2701,0.0004,0.9550,1.1874,0.3620
1.0746,0.0005,1.0570,1.0931,0.3639
1.7606,0.0006,0.7803,1.7312,0.3675
1.5034,0.0005,1.1924,1.2274,0.3924
1.0517,0.0003,1.2111,1.1863,0.3606
0.8900,0.0003,0.9884,1.0338,0.3377
1.0631,0.0004,0.7657,1.0398,0.3377
1.7643,0.0006,0.8735,1.4816,0.3681
1.3106,0.0004,1.6621,1.1722,0.3599
1.2838,0.0003,1.0371,1.8132,0.3544
1.0686,0.0003,0.6679,0.7364,0.3558
0.9407,0.0004,1.0506,1.1435,0.3401
1.4946,0.0003,0.7801,1.4720,0.3401
1.1860,0.0003,0.7646,1.3213,0.3406
1.4078,0.0003,0.9213,1.1723,0.3460
1.4716,0.0004,0.9836,1.6302,0.3460
1.4897,0.0004,1.0832,1.1117,0.3651
1.0252,0.0004,1.1998,1.4772,0.3651
1.2840,0.0004,0.6884,1.2556,0.3440
1.1644,0.0003,0.7481,1.1676,0.3468
1.1840,0.0003,0.6415,1.2040,0.3389
1.2594,0.0003,0.6569,1.1129,0.3642
1.6117,0.0003,0.9734,1.7174,0.3452
0.9533,0.0003,0.5988,0.9792,0.3452
1.1647,0.0004,0.6306,1.1031,0.3378
1.3257,0.0003,0.7648,1.3769,0.3495
1.2469,0.0003,0.5995,1.2272,0.3434
1.3190,0.0003,0.6191,1.3251,0.3394
1.4754,0.0005,0.6233,1.4123,0.3476
1.6560,0.0003,0.8382,1.6672,0.3872
1.4483,0.0005,0.8156,1.4756,0.3377
1.0499,0.0003,0.8140,0.9602,0.3377
1.2527,0.0004,0.9255,1.1861,0.3680
2.0194,0.0004,0.6683,2.1339,0.3499
1.3783,0.0003,0.6829,1.3814,0.3460
1.1923,0.0004,0.6938,1.2076,0.3460
1.1209,0.0004,0.6718,1.1207,0.3429
1.3177,0.0003,0.7346,1.0553,0.3429
1.2321,0.0004,0.8269,1.4820,0.3391
1.1514,0.0003,0.6938,1.1550,0.3400
1.5612,0.0004,0.7462,1.4699,0.3556
1.3543,0.0004,0.7708,1.3047,0.3797
1.2887,0.0003,1.3208,1.2321,0.3538
0.9487,0.0006,0.8364,1.1142,0.3538
1.1900,0.0003,0.6634,1.1723,0.3392
1.2340,0.0004,0.6837,1.2444,0.3631
1.5262,0.0003,0.8179,1.2337,0.3477
1.2593,0.0003,0.8885,1.5078,0.3477
1.2938,0.0004,0.6701,1.3284,0.3440
1.1416,0.0003,0.6557,1.1484,0.3405
1.1888,0.0003,0.6151,1.0609,0.3463
1.2250,0.0003,0.8116,1.3389,0.3463
1.1441,0.0004,0.7660,1.0833,0.3503
1.3334,0.0005,0.6698,1.2080,0.3405
1.7215,0.0006,1.0952,1.8063,0.3592
1.6728,0.0006,0.9144,1.5957,0.3539
1.2901,0.0003,0.9907,1.3159,0.3539
1.5322,0.0004,0.7155,1.3303,0.3549
1.4375,0.0005,0.7070,1.5138,0.3421
1.3675,0.0004,0.6967,1.3845,0.3417
1.6056,0.0004,0.6720,1.5934,0.3508
0.9490,0.0004,0.7874,1.2004,0.3508
1.6234,0.0004,0.6103,1.3497,0.3402
1.4949,0.0008,0.6439,1.4462,0.3451
1.1153,0.0005,0.8053,1.2476,0.3504
1.0862,0.0004,0.8526,1.2118,0.3504
1.3453,0.0003,0.6948,1.1610,0.3787
1.4523,0.0004,0.8625,1.4568,0.3727
1.1152,0.0004,0.8865,1.2121,0.3727
1.3063,0.0004,0.7007,1.4121,0.3663
1.3107,0.0004,0.7886,1.2698,0.3535
1.1638,0.0003,0.6484,1.1516,0.3494
1.2541,0.0003,0.6493,1.2138,0.3612
1.2305,0.0003,0.6561,1.2895,0.3411
1.2234,0.0003,0.8254,1.0853,0.3490
1.3337,0.0003,0.6403,1.4292,0.3421
1.6096,0.0004,0.6321,1.5311,0.3576
1.1653,0.0007,0.7491,1.0760,0.3583
1.7518,0.0005,0.8819,1.3625,0.3582
1.3341,0.0005,1.2249,1.7443,0.3582
1.7426,0.0003,0.8060,1.8901,0.3727
1.2703,0.0004,0.6906,1.2902,0.3536
1.1745,0.0004,0.6641,1.0291,0.3536
1.3198,0.0003,0.5963,1.4579,0.3541
1.4226,0.0003,0.6380,1.4193,0.3604
1.1293,0.0002,0.6236,1.1185,0.3647
1.3615,0.0004,0.6317,1.3595,0.3701
1.1097,0.0003,0.6336,1.1093,0.3701
1.1347,0.0004,0.6978,1.0458,0.3315
1.3447,0.0005,0.6557,1.4121,0.3465
1.2467,0.0006,1.0117,1.1702,0.3517
1.9489,0.0004,1.0823,1.9384,0.3641
1.0372,0.0006,0.7399,0.9321,0.3641
1.1604,0.0004,0.9105,1.0539,0.3643
1.1102,0.0003,0.8374,1.2868,0.3643
1.3298,0.0004,0.6118,1.4203,0.3581
1.3275,0.0004,0.5699,1.1498,0.3626
1.2724,0.0003,0.6011,1.4313,0.3504
1.2615,0.0003,0.5657,1.1965,0.3473
1.2883,0.0003,0.6361,1.1378,0.3620
1.3253,0.0004,0.6103,1.3963,0.3450
1.1790,0.0003,0.6532,1.2090,0.3428
1.1945,0.0003,0.8403,1.1603,0.3403
1.3494,0.0003,0.8631,1.4600,0.3403
1.9187,0.0006,0.6267,1.5229,0.3609
1.0220,0.0003,1.1861,1.1259,0.3609
1.4961,0.0005,0.7403,1.6534,0.3665
1.2002,0.0003,0.7511,1.0839,0.3643
1.4034,0.0003,0.7743,1.3663,0.3559
1.5138,0.0003,0.7378,1.4512,0.3482
1.1618,0.0004,0.7894,1.3379,0.3482
1.5368,0.0007,0.6845,1.4482,0.3511
1.0981,0.0003,0.8657,1.2105,0.3511
1.5881,0.0003,0.6734,1.6893,0.3395
1.1035,0.0004,0.7174,1.1265,0.3395
1.4070,0.0005,0.7518,1.1828,0.3443
1.2393,0.0003,0.6937,1.3899,0.3652
1.4865,0.0003,1.1910,1.3641,0.3793
1.0237,0.0004,0.8768,1.1900,0.3378
1.2591,0.0004,0.8378,1.1272,0.3553
0.9797,0.0004,0.9456,1.0644,0.3553
1.2118,0.0004,0.8082,1.2259,0.3565
1.3393,0.0004,0.7741,1.3461,0.3405
1.3158,0.0004,0.6407,1.3255,0.3310
1.1898,0.0003,0.6190,1.0624,0.3381
1.5429,0.0162,0.6889,1.5450,0.3668
1.1310,0.0004,0.8514,0.9314,0.3520
1.4330,0.0004,0.9407,1.6110,0.3627
1.3674,0.0005,0.7698,1.1116,0.3540
1.5166,0.0004,0.9784,1.7742,0.3540
1.4414,0.0172,1.2022,1.3197,0.3905
1.1963,0.0004,1.1717,1.2507,0.3720
1.1945,0.0004,1.1701,1.1060,0.3440
0.9370,0.0003,0.9931,1.1948,0.3440
1.3533,0.0004,0.6045,1.2420,0.3605
0.8973,0.0003,0.8691,1.0099,0.3589
1.6518,0.0003,0.8171,1.6273,0.3412
1.2385,0.0003,0.7840,1.2489,0.3573
1.1667,0.0003,0.6356,1.1428,0.3670
1.4346,0.0003,0.6128,1.3408,0.3565
1.4591,0.0003,0.7041,1.5481,0.3381
1.2938,0.0003,0.5811,1.2814,0.3710
1.1199,0.0003,0.6610,1.1123,0.3710
1.2354,0.0003,0.6626,0.8457,0.3931
1.8261,0.0003,0.7002,2.0881,0.3865
1.1483,0.0004,0.7861,1.0148,0.3586
1.0000,0.0003,1.0441,1.2396,0.3586
1.3611,0.0003,0.7980,1.2366,0.3437
1.3487,0.0003,0.7303,1.1254,0.3437
1.5386,0.0005,0.7620,1.8579,0.3429
1.3688,0.0004,0.8324,1.2934,0.3630
1.3966,0.0003,0.9155,1.3383,0.3422
1.4430,0.0003,0.8995,1.5694,0.3462
1.6125,0.0005,0.8098,1.2489,0.3473
1.6834,0.0005,0.9027,1.7938,0.3473
1.5621,0.0004,0.8495,1.6165,0.3542
1.1339,0.0004,1.0271,1.1869,0.3625
1.1786,0.0003,0.9577,1.1568,0.3625
1.4178,0.0004,0.6625,1.4658,0.3500
1.5194,0.0003,0.6464,1.5235,0.3511
1.4736,0.0003,0.6689,1.2592,0.3474
1.6569,0.0003,0.7142,1.9605,0.3438
1.3806,0.0004,0.6563,1.3100,0.3438
1.0029,0.0003,0.7337,1.0781,0.3417
1.3015,0.0003,0.7136,1.2909,0.3575
1.3062,0.0003,0.7995,1.1173,0.3371
1.6889,0.0005,0.6833,1.6713,0.3559
1.3498,0.0004,0.8930,1.4044,0.3992
1.5161,0.0004,0.8991,1.6114,0.3638
1.2620,0.0003,0.6834,1.2996,0.3638
1.6868,0.0005,0.5968,1.3440,0.3462
1.2204,0.0004,0.8613,1.5466,0.3462
1.4379,0.0003,0.7280,1.2971,0.3514
1.4651,0.0003,0.6594,1.5614,0.3489
1.2003,0.0005,0.7234,1.1736,0.3409
1.5424,0.0004,0.6607,1.3995,0.3499
1.3750,0.0003,0.6672,1.3948,0.3572
1.1573,0.0003,0.7628,1.2949,0.3572
1.4782,0.0005,0.6637,1.0876,0.3765
2.1625,0.0004,0.8002,2.4463,0.3685
1.1595,0.0005,0.9623,1.2163,0.3685
1.5855,0.0004,0.7784,1.4022,0.3537
1.3346,0.0003,0.9119,1.5134,0.3537
1.4248,0.0003,0.6972,1.3720,0.3504
1.1369,0.0004,0.7758,1.1573,0.3688
1.3237,0.0003,0.7621,1.3876,0.3418
1.2632,0.0004,0.6236,1.0605,0.3455
1.1789,0.0004,0.7888,1.3337,0.3455
1.4210,0.0003,0.7812,1.2298,0.3579
1.5423,0.0005,0.6607,1.5485,0.3419
2.1632,0.0004,1.0916,2.2477,0.3695
1.2685,0.0004,1.1617,1.1970,0.3659
0.7425,0.0003,1.0502,0.8386,0.3659
1.7872,0.0003,0.8210,1.8530,0.3470
1.4506,0.0003,0.7075,1.3846,0.3320
0.9255,0.0006,0.7624,1.0042,0.3320
1.2015,0.0002,0.7415,1.1035,0.3406
1.3922,0.0004,0.6711,1.3407,0.3635
1.1945,0.0003,0.7801,1.3228,0.3475
1.4069,0.0004,0.6497,1.1406,0.3475
1.3818,0.0003,0.7040,1.6531,0.3552
1.3414,0.0003,0.6820,1.0206,0.3378
1.9879,0.0004,0.6550,1.8971,0.3654
1.3962,0.0004,1.1495,1.7293,0.3551
1.4894,0.0003,0.9206,1.1418,0.3463
1.3808,0.0004,0.8957,1.6026,0.3463
1.5739,0.0003,0.6420,1.4518,0.3343
1.2379,0.0004,0.7541,1.4114,0.3546
1.3259,0.0003,0.7454,1.3962,0.3461
1.5112,0.0003,0.6324,1.5092,0.3544
1.6261,0.0003,0.6230,1.4615,0.3544
1.3318,0.0004,0.8283,1.4889,0.3482
1.9450,0.0003,0.6281,1.9234,0.3482
1.2679,0.0004,0.6665,1.2342,0.3482
2.0467,0.0004,0.7993,1.9715,0.3476
1.1466,0.0005,0.8581,1.1675,0.3476
1.7420,0.0004,0.8574,1.7838,0.3607
1.5571,0.0003,0.7961,1.5851,0.3441
1.1374,0.0004,0.7060,1.0932,0.3441
1.3096,0.0003,0.7981,1.3582,0.3632
1.3856,0.0003,0.6076,0.9937,0.3414
1.0284,0.0003,0.8587,1.2730,0.3634
1.0186,0.0003,0.9468,1.1331,0.3634
1.8433,0.0004,0.6061,1.6964,0.3549
1.2321,0.0004,0.6900,1.3722,0.3442
1.7239,0.0004,0.6339,1.6846,0.3466
1.3856,0.0004,0.7569,1.2707,0.3667
1.9453,0.0005,0.8143,1.9650,0.3485
1.3594,0.0003,0.9478,1.4566,0.3485
1.7094,0.0003,0.8245,1.7404,0.3428
1.6253,0.0003,0.6082,1.2800,0.3426
1.4635,0.0004,0.6369,1.7791,0.3560
1.2233,0.0003,0.7053,1.0786,0.3438
1.9074,0.0003,0.7866,1.9607,0.3415
1.0347,0.0004,0.7190,1.1284,0.3415
1.5405,0.0005,0.6250,1.4739,0.3434
1.5208,0.0003,0.8126,1.5145,0.3666
1.2502,0.0003,0.9257,0.9911,0.3649
1.3889,0.0003,0.9640,1.4538,0.3487
1.1344,0.0004,0.8686,1.2082,0.3521
1.7290,0.0004,0.9484,1.8188,0.3698
1.2359,0.0003,0.6627,1.2794,0.3385
1.2331,0.0003,0.6391,1.2448,0.3442
1.2584,0.0003,0.6127,1.2193,0.3495
1.0907,0.0003,0.6819,1.1151,0.3495
1.4722,0.0004,0.7971,1.4239,0.3757
1.5003,0.0005,0.7265,1.5401,0.3422
1.5873,0.0005,0.7865,1.4688,0.3349
1.8583,0.0006,1.0504,1.8333,0.3728
1.3420,0.0005,1.1133,1.1398,0.3452
1.5747,0.0004,1.1715,1.6838,0.3679
1.1368,0.0005,0.9532,1.3134,0.3679
2.2922,0.0004,0.7375,2.2181,0.3496
0.9708,0.0003,0.8236,0.9784,0.3496
1.5252,0.0003,0.6602,1.4226,0.3481
2.0448,0.0004,0.6307,2.2109,0.3581
1.5164,0.0003,0.6390,1.4978,0.3384
0.9765,0.0004,0.6667,0.9946,0.3384
1.3895,0.0006,0.6463,1.3295,0.3448
1.2848,0.0004,0.6968,1.2105,0.3638
1.4963,0.0004,0.7322,1.4364,0.3713
1.4515,0.0004,0.8271,1.6119,0.3773
1.3200,0.0004,0.8918,1.0810,0.3566
1.5577,0.0004,0.9707,1.6997,0.3632
1.5303,0.0004,0.7593,1.3604,0.3525
1.3895,0.0004,0.9265,1.4102,0.3400
1.7463,0.0005,0.9855,1.7414,0.3462
1.5439,0.0005,0.8907,1.3830,0.3415
1.7941,0.0008,0.9487,1.8375,0.3534
1.6357,0.0006,0.8791,1.5295,0.3685
1.0578,0.0006,1.0728,1.3356,0.3685
1.6697,0.0006,0.9091,1.5414,0.3631
1.4780,0.0006,0.9983,1.7068,0.3597
1.3582,0.0004,0.8231,1.4038,0.3460
1.3051,0.0004,0.6601,1.3024,0.3471
1.4099,0.0003,0.6465,1.4024,0.3683
1.1901,0.0003,0.6510,1.0007,0.3403
1.2293,0.0003,0.8999,1.1955,0.3555
1.1718,0.0004,0.9350,1.3921,0.3555
1.4954,0.0004,0.6350,1.4374,0.3577
1.5401,0.0004,0.8000,1.3668,0.5493
1.3240,0.0004,0.9367,1.5316,0.3486
1.4335,0.0004,0.6379,1.2764,0.3486
1.4134,0.0003,0.7778,1.4199,0.8748
1.4198,0.0003,0.7007,1.3940,0.3351
1.2131,0.0004,0.8714,1.0586,0.3441
0.9589,0.0003,1.2584,1.2387,0.3441
1.3236,0.0003,0.7933,1.3475,0.3546
1.1359,0.0003,0.6105,1.0001,0.3546
1.3476,0.0004,0.6003,1.4308,0.3416
1.2966,0.0004,0.7487,1.3418,0.3536
1.3708,0.0004,0.7268,1.2532,0.3456
1.3682,0.0003,0.6673,1.2698,0.3437
1.2850,0.0003,0.6259,1.5020,0.3483
1.0182,0.0006,0.5925,1.0104,0.3510
2.1640,0.0004,0.6041,2.0703,0.3854
1.2293,0.0004,0.9332,0.8461,0.3692
1.3955,0.0003,1.0442,1.8050,0.3692
1.2882,0.0003,0.6445,1.1473,0.3441
1.1780,0.0004,0.7458,1.3410,0.3441
1.1440,0.0003,0.6396,1.1378,0.3631
1.3149,0.0004,0.7452,1.0395,0.3442
1.2391,0.0003,0.9959,1.4280,0.3442
1.3425,0.0005,0.7915,1.2303,0.3521
1.2655,0.0003,0.7503,1.2698,0.3335
1.4562,0.0003,0.7546,1.3226,0.3314
1.2027,0.0003,0.8168,1.3755,0.3314
1.3651,0.0004,0.6401,1.4075,0.3566
1.6206,0.0003,0.7691,1.6456,0.3507
1.2614,0.0004,0.8211,1.2976,0.3811
1.3521,0.0003,0.7395,1.3344,0.3564
1.4776,0.0005,0.9056,1.2255,0.3373
1.3762,0.0005,0.9167,1.5318,0.3635
1.4447,0.0005,0.8471,1.2301,0.3530
1.2123,0.0003,0.9296,1.4797,0.3337
1.2305,0.0003,0.9084,1.2253,0.3638
1.4241,0.0004,0.8139,1.3339,0.3536
1.5532,0.0003,0.6332,1.5711,0.3567
1.6495,0.0003,0.6680,1.7632,0.3582
1.5859,0.0004,0.8080,1.5290,0.3802
1.6347,0.0004,0.8513,1.6216,0.3878
1.4546,0.0004,0.8184,1.3266,0.3650
0.9762,0.0003,0.9411,0.7906,0.3650
1.2041,0.0003,0.8729,1.3976,0.3330
1.2952,0.0003,0.7391,1.3655,0.3583
1.0918,0.0003,0.7341,1.1668,0.3447
1.4413,0.0004,0.6132,1.1546,0.3541
1.0523,0.0004,0.9332,1.3231,0.3541
1.0789,0.0003,0.5929,1.0946,0.3508
1.2188,0.0004,0.5712,1.0459,0.3483
1.0375,0.0004,0.7557,0.9801,0.3670
1.0932,0.0003,0.7293,1.1330,0.3593
1.1854,0.0003,0.7414,1.1563,0.3593
1.3987,0.0003,1.0915,1.3611,0.3736
1.7173,0.0003,0.9861,1.6423,0.3460
1.0772,0.0003,0.8524,1.3623,0.3460
1.3009,0.0003,0.8814,1.2761,0.3564
1.4312,0.0003,0.6118,1.3869,0.3524
1.2680,0.0004,0.6689,1.1818,0.3641
1.1306,0.0003,0.6969,1.2732,0.3383
1.3403,0.0003,0.8242,1.3014,0.3479
1.1443,0.0004,0.8635,1.1537,0.3477
1.4265,0.0003,0.6525,1.3013,0.3432
1.1956,0.0004,0.6626,1.3252,0.3526
1.2849,0.0003,0.7151,1.2801,0.3415
1.2468,0.0004,0.6102,1.1014,0.3415
1.4214,0.0009,0.7451,1.4896,0.3593
1.2340,0.0004,0.8285,1.2670,0.3590
1.1241,0.0004,0.7626,1.1471,0.3644
1.2357,0.0003,0.7701,1.0731,0.3403
1.6135,0.0003,0.8686,1.5105,0.3753
1.3552,0.0003,0.8832,1.4292,0.3753
1.4112,0.0004,0.6686,1.5807,0.3398
1.1884,0.0004,0.7903,1.0134,0.3398
1.4221,0.0004,1.0763,1.5781,0.3386
1.1564,0.0003,0.8443,0.9770,0.3386
1.3739,0.0004,0.6672,1.5655,0.3348
1.3212,0.0004,0.6246,1.2998,0.3456
1.4133,0.0003,0.6463,1.3636,0.3456
1.4191,0.0005,1.0963,1.2033,0.9187
1.0956,0.0004,1.0768,1.2975,0.3744
1.3558,0.0004,0.6812,1.2689,0.3474
1.3857,0.0004,0.7890,1.5010,0.3497
1.6256,0.0003,0.6694,1.3495,0.3353
1.0802,0.0003,0.7569,1.2716,0.3506
1.3224,0.0003,0.6936,1.0171,0.3534
1.1511,0.0004,0.7444,1.5565,0.3534
1.0822,0.0004,0.6544,0.9622,0.3393
1.1948,0.0004,1.0042,1.3100,0.3579
2.0254,0.0008,0.6707,1.8698,0.3388
0.9785,0.0004,0.8124,1.0047,0.3388
1.8366,0.0005,0.7953,1.8311,0.3721
1.3930,0.0005,1.1068,1.2212,0.3504
1.6701,0.0003,1.1580,1.9062,0.3532
0.9697,0.0003,0.7058,0.9907,0.3532
1.3523,0.0004,0.7104,1.3642,0.3423
1.2483,0.0003,0.9039,1.1119,0.3495
1.1532,0.0003,0.7778,1.2771,0.3334
1.1770,0.0003,0.6003,1.1705,0.3496
1.3598,0.0004,0.6161,1.2115,0.3663
1.6242,0.0004,0.5927,1.4553,0.3487
1.1953,0.0003,0.7854,1.4722,0.3552
1.3457,0.0003,0.6550,1.3560,0.3552
1.3834,0.0004,0.6761,1.3583,0.3430
1.6710,0.0004,0.8741,1.2352,0.3699
1.8130,0.0005,0.9792,2.2490,0.3447
1.0456,0.0005,0.7812,1.0626,0.3447
1.2974,0.0004,0.7959,1.2980,0.3370
1.1812,0.0004,0.6067,1.1791,0.3417
1.3599,0.0003,0.6116,1.2402,0.3525
1.1673,0.0004,0.7820,1.0939,0.3504
1.2679,0.0003,0.6943,1.3228,0.3473
1.1577,0.0004,0.7835,0.9796,0.3609
1.2553,0.0004,0.8959,1.5463,0.3456
1.3656,0.0004,0.7118,1.2927,0.3557
1.6805,0.0006,0.7844,1.3677,0.3467
1.9877,0.0004,1.0462,2.3108,0.3845
1.2861,0.0005,0.8149,1.2065,0.3539
1.0916,0.0004,0.8144,1.1506,0.3539
1.1990,0.0004,0.7426,1.0935,0.3448
1.3764,0.0003,0.7847,1.5004,0.3529
1.1923,0.0003,0.7009,1.2331,0.3556
1.2482,0.0003,0.7141,0.9676,0.3556
1.2703,0.0003,0.7251,1.5384,0.3463
1.6333,0.0003,0.7419,1.6531,0.3607
1.3627,0.0003,0.5712,1.1898,0.3382
1.4670,0.0003,0.6118,1.3658,0.3460
