frame_ms,scenario_ms,game_ms,render_ms,gpu_ms
1.8462,0.0004,0.8815,2.2627,0.3330
23.3804,0.0010,18.8548,1.5562,0.3509
1.8925,0.0005,3.8857,1.5562,0.3509
0.9779,0.0006,1.7616,1.5459,0.3509
0.8004,0.0003,0.9216,1.0606,0.3509
1.9660,0.0008,0.8143,2.1290,0.4406
1.3847,0.0005,0.9497,1.3719,0.4319
1.7340,0.0005,1.0086,1.7682,0.4361
1.1749,0.0005,0.9012,1.1697,0.4361
1.6570,0.0006,0.8604,1.5394,0.4468
1.7897,0.0005,0.8548,1.8518,0.4304
1.6278,0.0006,0.9843,1.6417,0.4349
1.3664,0.0006,0.9250,1.3693,0.4304
1.3936,0.0007,0.8519,1.3882,0.4433
1.2632,0.0006,0.8156,1.2679,0.3545
1.2327,0.0007,0.8203,1.2287,0.3644
1.7868,0.0008,0.8266,1.6973,0.3644
1.0495,0.0005,1.0108,1.1505,0.5324
1.6239,0.0005,0.8928,1.6036,0.3464
1.5353,0.0043,0.8195,1.5265,0.3754
1.4660,0.0006,0.8045,1.4436,0.3678
1.4941,0.0006,0.8146,1.3756,0.3678
1.5854,0.0006,0.8537,1.6916,0.3549
1.3408,0.0003,0.8015,1.3849,0.3488
1.3694,0.0003,0.7047,1.3383,0.3662
1.5364,0.0023,0.6799,1.4256,0.3616
1.3404,0.0006,0.7588,1.3964,0.3495
1.5252,0.0004,0.9618,1.5503,0.3365
1.6242,0.0005,1.0606,1.5989,0.3826
1.2656,0.0004,0.8183,1.1995,0.3779
1.6373,0.0005,0.8061,1.7308,0.3402
1.6169,0.0006,0.7020,1.5971,0.3402
1.4364,0.0005,0.7172,1.3959,0.3575
1.4562,0.0006,0.8254,1.5133,0.3550
1.6571,0.0006,0.6891,1.2739,0.3291
2.0312,0.0009,0.9288,2.2514,0.3436
1.3787,0.0009,1.0170,1.3665,0.3436
1.9676,0.0007,0.9519,1.9124,0.3488
2.4864,0.0010,0.9291,2.4891,0.3792
1.4443,0.0005,1.1767,1.5522,0.3441
1.8303,0.0008,1.0315,1.7401,0.3562
1.9995,0.0006,1.0417,2.0613,0.3371
2.0465,0.0007,0.9789,2.0275,0.3489
1.5689,0.0006,0.9533,1.5980,0.3489
2.0064,0.0006,0.8337,1.9468,0.3444
1.6782,0.0007,1.3237,1.6880,0.3551
1.4473,0.0010,1.1756,1.2330,0.3551
2.3819,0.0011,0.9530,2.5212,0.3824
1.4240,0.0006,0.9933,1.5169,0.3824
1.4327,0.0004,0.9224,1.1585,0.3710
2.0187,0.0006,0.7795,1.8477,0.3383
1.9719,0.0005,1.0539,2.2947,0.3495
1.3343,0.0006,1.0444,1.4508,0.3495
1.6152,0.0007,0.8845,1.5432,0.3406
1.8529,0.0012,0.8694,1.8235,0.3524
1.6928,0.0007,1.0430,1.7325,0.3524
1.9024,0.0009,0.8880,1.8322,0.3483
1.4602,0.0009,1.0803,1.3171,0.3483
1.9082,0.0008,1.0903,2.1085,0.3522
1.5398,0.0005,0.8674,1.5822,0.3448
1.8728,0.0006,0.7605,1.7331,0.3448
1.2112,0.0005,0.9426,1.1396,0.3550
1.8772,0.0007,0.9989,1.9031,0.3391
1.8541,0.0008,0.8201,1.9645,0.3522
1.5767,0.0004,0.8590,1.5869,0.3457
2.0877,0.0008,1.1856,2.0758,0.3503
1.4189,0.0006,0.8268,1.3967,0.3451
1.8280,0.0005,0.9507,1.4350,0.3451
1.8537,0.0005,0.8581,2.2649,0.3398
1.9190,0.0004,0.7974,1.9330,0.3579
1.2583,0.0004,0.7264,1.1288,0.3579
1.9290,0.0011,0.7516,1.6848,0.3626
1.4455,0.0008,1.2649,1.7336,0.3626
1.4370,0.0007,1.0179,1.1104,0.3506
2.0164,0.0005,0.8227,2.3603,0.3492
1.4541,0.0005,0.7776,1.4925,0.3612
1.3219,0.0007,0.7067,1.2763,0.3612
1.9971,0.0008,0.7627,1.9767,0.3655
1.4265,0.0006,0.9210,1.2691,0.3655
1.8220,0.0007,0.8932,1.9746,0.3480
1.2759,0.0005,0.7436,1.3014,0.3588
1.4254,0.0006,0.8215,1.1764,0.3472
1.4755,0.0005,0.9406,1.6932,0.3472
2.0114,0.0006,0.7737,2.0044,0.3583
1.6808,0.0006,0.7612,1.6785,0.3383
1.5029,0.0006,0.7673,1.4867,0.3383
1.7800,0.0005,0.7473,1.7636,0.3534
1.9298,0.0008,0.8341,1.9169,0.3604
1.1154,0.0003,0.8964,0.9708,0.3604
1.9193,0.0004,0.7233,2.0971,0.3566
1.6505,0.0005,0.6923,1.6127,0.3402
1.4508,0.0005,0.7607,1.3802,0.3441
1.9420,0.0004,0.9091,2.0213,0.3445
1.3669,0.0004,0.7414,1.0959,0.3445
1.6075,0.0003,0.7605,1.6310,0.3483
1.5187,0.0003,0.6777,1.7482,0.3523
1.6797,0.0004,0.7047,1.6343,0.3499
1.7290,0.0008,0.8312,1.6940,0.3660
1.3237,0.0008,1.3316,1.3510,0.3808
1.5604,0.0006,0.9123,1.2775,0.3808
1.8754,0.0008,0.7944,1.9744,0.3493
1.8699,0.0005,0.8903,2.0594,0.3392
1.2304,0.0004,0.8230,1.1721,0.3414
1.4415,0.0006,0.8030,1.4806,0.3537
1.5542,0.0003,0.7405,1.3865,0.3471
2.0137,0.0005,0.7452,2.1727,0.3466
1.4281,0.0004,0.7487,1.4350,0.3654
1.6971,0.0008,0.7254,1.6192,0.3399
1.6089,0.0008,0.8897,1.6485,0.3795
1.1353,0.0005,0.9111,1.1731,0.3795
1.7262,0.0011,0.7437,1.4764,0.3457
2.0205,0.0006,0.9245,2.2242,0.3501
1.6493,0.0007,0.8108,1.6555,0.3440
1.6125,0.0005,0.7797,1.5934,0.3671
1.4526,0.0006,0.6966,1.4572,0.3417
1.5062,0.0005,0.7605,1.3607,0.3417
2.0229,0.0007,0.8019,2.1504,0.3470
1.5227,0.0005,0.8032,1.4772,0.3670
1.6890,0.0006,0.9273,1.6923,0.3616
1.7610,0.0007,0.9188,1.7832,0.3582
1.4857,0.0007,0.8705,1.2177,0.3582
2.0588,0.0007,0.7389,2.3146,0.3366
1.4876,0.0007,0.7380,1.4573,0.3366
1.3464,0.0006,0.8755,1.2566,0.3377
1.7510,0.0004,0.8277,1.6321,0.3551
1.9791,0.0005,0.7357,2.2200,0.3421
1.2876,0.0005,0.7282,1.0902,0.3421
2.2445,0.0006,0.6990,2.2946,0.3690
1.5976,0.0006,0.8713,1.6764,0.3840
1.3572,0.0004,0.9672,1.3826,0.3477
1.6171,0.0006,0.8116,1.5815,0.3393
1.4464,0.0005,0.8175,1.5003,0.3612
1.6072,0.0010,0.7669,1.6186,0.3587
1.6012,0.0007,0.7248,1.5707,0.3648
1.1251,0.0007,0.7445,1.0703,0.3648
1.3804,0.0010,0.7287,1.2774,0.3381
1.6025,0.0008,0.8248,1.6004,0.3425
1.8915,0.0008,0.9521,2.0118,0.3612
2.4896,0.0007,0.7993,1.8821,0.3505
1.0297,0.0008,1.6014,1.6236,0.3839
1.6602,0.0006,0.9277,1.6489,0.3494
2.1137,0.0006,0.7810,2.1026,0.3467
1.4308,0.0003,0.7920,1.4650,0.3527
1.2839,0.0004,0.7556,1.2762,0.3416
1.1798,0.0005,0.7482,1.1811,0.3548
1.1187,0.0004,0.7521,1.0543,0.3548
1.5928,0.0005,0.7151,1.6020,0.3592
1.7770,0.0006,0.7788,1.6451,0.3623
1.9614,0.0006,0.7634,1.9809,0.3468
2.0983,0.0008,0.9678,2.1702,0.3704
1.6755,0.0007,0.9398,1.6908,0.3602
1.5499,0.0008,0.7927,1.5743,0.3608
1.5173,0.0005,0.7616,1.5157,0.3412
1.7510,0.0005,0.7042,1.7411,0.3410
1.3608,0.0005,0.7328,1.3815,0.3563
1.8236,0.0005,0.7020,1.7985,0.3583
1.4418,0.0004,0.6926,1.4522,0.3440
1.6819,0.0006,0.7121,1.6575,0.3497
1.5401,0.0005,0.7291,1.2868,0.3560
1.6006,0.0007,1.0675,1.6431,0.3560
1.8707,0.0008,0.9122,1.7000,0.3598
1.5885,0.0005,0.8406,1.6354,0.3404
1.3739,0.0005,0.7953,1.6749,0.3482
1.7350,0.0008,0.7200,1.7211,0.3660
1.8078,0.0007,0.7700,1.7957,0.3444
1.8557,0.0008,0.7464,1.7329,0.3684
1.5085,0.0005,0.9580,1.6245,0.3382
1.1938,0.0006,0.7444,1.1665,0.3481
2.3833,0.0007,0.9525,2.1197,0.3492
1.1154,0.0008,1.2135,1.1450,0.3492
2.2192,0.0007,0.9472,2.2526,0.3799
2.0287,0.0005,1.0134,2.0860,0.3470
2.1753,0.0007,1.2280,2.2417,0.3620
1.4615,0.0006,0.9333,1.5041,0.3558
1.3886,0.0007,0.8011,0.9866,0.3558
2.2353,0.0011,0.8347,2.5300,0.3431
2.0596,0.0006,0.9757,2.1113,0.3540
1.5519,0.0011,1.0157,1.0605,0.3540
2.0031,0.0010,1.5448,2.4108,0.3742
2.0905,0.0007,1.2845,2.1329,0.3668
2.0237,0.0011,0.9924,2.0265,0.3474
1.4262,0.0006,0.9261,1.4734,0.3505
1.2743,0.0004,0.7598,1.3019,0.3505
1.8214,0.0005,0.6560,1.2507,0.3376
1.9112,0.0006,0.7952,2.4279,0.3390
2.1734,0.0006,0.7817,2.1878,0.3421
1.8153,0.0007,0.7510,1.7747,0.3421
1.3447,0.0006,0.7644,1.3522,0.3714
1.8358,0.0006,0.7517,1.8122,0.3747
1.7648,0.0007,0.7926,1.7634,0.3439
1.5650,0.0008,0.7885,1.5543,0.3458
1.6110,0.0006,0.7426,1.6370,0.3458
1.8525,0.0004,0.7060,1.7924,0.3423
1.3042,0.0006,0.7694,1.3354,0.3644
1.4418,0.0006,0.7769,1.1677,0.3644
1.7600,0.0005,0.8645,1.7897,0.3552
1.7722,0.0005,0.8095,2.0037,0.3418
1.7389,0.0009,0.8270,1.6541,0.5310
1.7070,0.0008,1.0003,1.7306,0.3887
1.6855,0.0009,0.9104,1.6928,0.3545
1.5636,0.0007,0.8172,1.5849,0.3713
1.6369,0.0008,0.7519,1.5119,0.3385
1.3625,0.0005,0.8470,1.4926,0.3349
1.3585,0.0004,0.6541,1.1715,0.3349
1.8604,0.0005,0.8432,1.9911,0.3520
1.5920,0.0007,0.7690,1.5789,0.3429
1.4313,0.0003,0.7687,1.4807,0.3414
1.9841,0.0006,0.6683,1.9017,0.3414
1.5724,0.0012,0.8232,1.5791,0.4000
1.5924,0.0006,0.8724,1.6033,0.3721
1.3235,0.0006,0.8062,1.3488,0.3721
2.2092,0.0004,0.7578,2.1495,0.3525
1.4432,0.0004,0.8968,1.4550,0.3639
1.4891,0.0003,0.8013,1.5085,0.3534
1.5722,0.0003,0.7583,1.5031,0.3534
1.7901,0.0005,0.7111,1.5994,0.3313
1.8229,0.0006,0.7555,1.9458,0.3411
1.5979,0.0005,0.9604,1.6698,0.3411
2.1783,0.0008,0.7788,2.1310,0.3506
1.3799,0.0004,0.9125,1.3369,0.3506
1.8356,0.0005,0.8006,1.8889,0.3361
1.6136,0.0005,0.7751,1.6316,0.3361
1.5418,0.0006,0.7890,1.2064,0.3542
2.0131,0.0006,0.7834,2.3055,0.3392
1.5102,0.0005,0.8623,1.5307,0.3395
1.5070,0.0008,0.7816,1.4817,0.3717
1.4968,0.0008,0.8209,1.4938,0.3511
1.3842,0.0005,0.7450,1.2514,0.3511
1.8154,0.0006,0.7900,1.8784,0.3743
1.4479,0.0006,0.8681,1.3330,0.3450
1.6894,0.0004,0.8122,1.6433,0.3479
1.7410,0.0006,0.7491,1.7886,0.3535
1.1753,0.0006,0.9787,1.3058,0.3535
1.8890,0.0008,0.8478,1.8214,0.3487
2.0243,0.0009,0.9044,2.0230,0.3516
1.5051,0.0011,0.8954,1.5558,0.3560
1.5592,0.0006,0.7972,1.5469,0.3620
1.0015,0.0006,0.7418,1.0341,0.3620
1.7615,0.0009,0.6953,1.6533,0.3426
1.8024,0.0007,0.8519,1.8262,0.3553
1.6722,0.0006,0.9549,1.6852,0.3401
1.6159,0.0007,0.8180,1.5224,0.3433
1.7801,0.0006,0.8807,1.8386,0.3400
1.9455,0.0005,0.9365,1.9907,0.3422
2.2164,0.0004,0.7720,2.1855,0.3569
1.0060,0.0004,0.7608,1.0497,0.3569
1.6363,0.0005,0.6902,1.4431,0.3363
1.8840,0.0008,0.6617,1.9826,0.3358
2.3332,0.0010,0.8356,2.3102,0.3774
1.3522,0.0006,1.0614,1.4080,0.3774
1.8555,0.0008,0.8284,1.5372,0.3415
1.8264,0.0007,0.9933,1.9781,0.3373
2.0293,0.0007,0.8029,2.1912,0.3594
1.5886,0.0004,0.7220,1.5960,0.3418
1.1791,0.0003,0.7253,0.9792,0.3418
1.7973,0.0006,0.7676,1.7951,0.3402
2.1090,0.0008,0.6976,2.2620,0.3428
1.5256,0.0008,0.8404,1.4958,0.3601
1.5510,0.0009,1.2612,1.5758,0.3841
1.4610,0.0008,0.8387,1.4597,0.3841
1.7983,0.0005,0.7730,1.6547,0.3341
2.0527,0.0005,0.7890,2.2012,0.3443
1.3105,0.0004,0.7069,1.0835,0.3443
1.5804,0.0005,0.7268,1.7833,0.3356
1.6567,0.0006,0.7507,1.2558,0.3579
1.7008,0.0005,0.6970,1.8913,0.3396
2.0654,0.0004,0.7199,2.2606,0.3430
1.4094,0.0004,0.7550,1.0687,0.3552
2.3205,0.0008,0.8865,2.6305,0.3502
1.7675,0.0007,0.8605,1.7534,0.3513
1.3522,0.0004,0.9345,1.3819,0.3473
1.4928,0.0003,0.6916,1.4942,0.3473
1.5397,0.0006,0.6310,1.4864,0.3522
1.5735,0.0007,0.7355,1.5667,0.3590
1.1190,0.0004,0.6807,0.9507,0.3590
2.1473,0.0004,0.6437,2.2737,0.3306
1.0889,0.0004,0.6755,1.1463,0.3306
1.8604,0.0008,0.6396,1.7597,0.3510
1.6103,0.0006,0.7924,1.5963,0.3471
1.8713,0.0006,0.9314,1.8857,0.3549
1.4797,0.0007,0.8496,1.4834,0.3549
1.7233,0.0003,0.7657,1.7827,0.3328
1.4441,0.0004,0.7610,1.3703,0.3360
1.7027,0.0003,0.6430,1.6114,0.3351
1.4781,0.0006,0.6759,1.4460,0.3533
1.9263,0.0004,0.6915,2.0171,0.3654
1.5964,0.0004,0.7763,1.5817,0.3434
1.2003,0.0003,0.9693,1.2585,0.3434
2.0438,0.0007,0.7050,1.9958,0.3559
1.5845,0.0007,0.7914,1.5852,0.3559
1.5079,0.0006,0.7601,1.4459,0.3551
1.6089,0.0009,0.7215,1.6572,0.3588
1.5874,0.0006,0.6870,1.6077,0.3462
1.8452,0.0006,0.6878,1.8222,0.3596
1.6184,0.0007,0.7637,1.6074,0.3596
1.4417,0.0007,0.8605,1.3309,0.3489
1.9982,0.0006,0.7694,2.0618,0.3491
1.4211,0.0007,0.8682,1.1190,0.3491
1.6210,0.0008,1.0017,1.8830,0.3534
2.0042,0.0007,1.0069,2.0206,0.3551
1.5223,0.0005,1.1713,1.5528,0.3518
1.2283,0.0004,0.8131,1.2354,0.3518
1.7983,0.0005,1.2505,1.5435,0.3492
1.6815,0.0006,0.8026,1.9468,0.3416
1.4738,0.0005,0.6974,1.4765,0.3552
1.1663,0.0005,0.6733,0.9736,0.3552
1.7383,0.0006,0.6531,1.7703,0.3461
1.2040,0.0007,0.8135,1.1331,0.3461
2.2546,0.0009,0.7687,2.3624,0.3619
1.5170,0.0005,0.8617,1.5595,0.3619
1.9190,0.0006,0.9044,1.6954,0.5026
1.7449,0.0006,0.8138,1.9066,0.3559
2.1943,0.0004,0.7262,2.1780,0.3452
1.6622,0.0005,0.8611,1.6645,0.3452
1.8008,0.0006,0.9688,1.7476,0.3469
1.8491,0.0008,1.0442,1.8233,0.3360
1.9858,0.0011,1.0497,2.0071,0.3495
1.9345,0.0010,0.9433,1.8779,0.3653
1.7205,0.0009,1.0304,1.7591,0.3575
1.3903,0.0007,1.1201,1.4469,0.3575
1.4632,0.0007,1.1022,1.2728,0.3457
1.9968,0.0007,0.9321,1.8493,0.3451
1.9778,0.0008,0.9585,2.2383,0.3575
2.0255,0.0011,0.9783,1.9725,0.3397
1.5864,0.0008,1.1985,1.5929,0.3535
2.1739,0.0010,1.1314,2.2108,0.3418
1.8527,0.0008,0.9513,1.6725,0.3418
2.0948,0.0007,1.0911,2.1130,0.3712
1.7893,0.0007,1.0255,1.6333,0.3492
1.2880,0.0006,1.1903,1.6482,0.3492
1.4298,0.0008,0.7654,1.4455,0.3505
1.7251,0.0005,0.7384,1.6541,0.3533
1.8824,0.0006,0.6952,1.7004,0.3343
1.9754,0.0007,0.8736,2.0690,0.3427
1.4706,0.0007,0.9016,1.5294,0.3593
1.6341,0.0004,0.7483,1.7058,0.3616
1.4643,0.0007,0.7127,1.4234,0.3616
1.8674,0.0011,0.8298,1.8383,0.3549
1.1730,0.0010,0.9540,0.9461,0.3549
1.7158,0.0006,0.8293,1.9711,0.3401
1.8535,0.0008,0.7720,1.7909,0.3417
1.6022,0.0008,0.8812,1.6353,0.3622
1.3686,0.0007,0.8557,1.1059,0.3622
1.9573,0.0006,0.8879,2.2012,0.3478
1.4738,0.0005,0.8243,1.4682,0.3580
1.3523,0.0007,0.7654,1.3957,0.3580
1.2464,0.0004,0.6775,1.1154,0.3498
2.7571,0.0009,0.7049,2.7728,0.3725
1.1876,0.0007,0.9985,1.2118,0.3599
1.8150,0.0005,0.8562,1.8474,0.3552
1.6589,0.0006,0.8344,1.6392,0.3625
1.5861,0.0006,0.9584,1.5969,0.3625
1.5879,0.0007,0.8113,1.4151,0.3403
2.5040,0.0008,0.8412,2.6057,0.3482
1.3587,0.0005,0.9014,1.3888,0.3392
1.0426,0.0004,0.8437,0.9827,0.3392
1.7898,0.0005,0.7454,1.7255,0.3567
1.8015,0.0007,0.8134,1.4862,0.3524
1.7673,0.0008,0.9288,2.1850,0.3413
1.1918,0.0009,0.9004,1.0955,0.3413
1.7689,0.0007,1.0205,1.6277,0.3557
1.5399,0.0007,0.9129,1.6010,0.3625
1.9005,0.0006,1.2593,2.0736,0.3470
1.2327,0.0006,0.7780,1.2225,0.3479
1.3293,0.0005,0.7508,1.3299,0.3479
1.7466,0.0003,0.7442,1.3938,0.3497
1.6019,0.0004,0.7005,1.9101,0.3452
2.2118,0.0008,0.6817,2.1979,0.3772
1.4781,0.0005,0.8557,1.4989,0.3638
1.6517,0.0006,0.8616,1.6842,0.3390
1.6669,0.0007,0.7196,1.5877,0.3514
1.3573,0.0009,0.8421,1.3975,0.3514
1.7887,0.0006,0.8379,1.3911,0.3472
1.5097,0.0007,0.9702,1.7002,0.3472
1.5478,0.0007,0.7495,1.7002,0.3621
1.5588,0.0006,0.8429,1.5722,0.3565
1.5558,0.0008,0.8272,1.5435,0.3461
1.4801,0.0008,0.8215,1.4118,0.3461
2.3663,0.0008,0.8798,2.3852,0.3683
1.4067,0.0006,1.0402,1.4855,0.3683
1.5479,0.0005,0.8436,1.2023,0.3492
2.4280,0.0005,0.8969,2.6862,0.3614
1.5704,0.0006,0.8497,1.6163,0.3365
1.7028,0.0004,0.7468,1.6891,0.3422
1.7842,0.0006,0.7447,1.7765,0.3430
1.1101,0.0005,0.7858,1.0949,0.3430
1.6216,0.0005,0.7044,1.4888,0.3576
2.2876,0.0007,0.7504,2.0075,0.8687
1.0579,0.0005,1.4030,1.2257,0.8687
1.7092,0.0007,0.8452,1.8407,0.3529
1.4237,0.0006,0.9530,1.5114,0.3393
2.0877,0.0007,0.7450,2.0611,0.3601
2.0252,0.0005,0.8008,2.0626,0.3398
0.9891,0.0005,0.7734,0.9720,0.3398
1.6518,0.0006,0.7529,1.2797,0.3641
1.6706,0.0004,0.7590,1.8717,0.3417
1.6388,0.0004,0.7493,1.5836,0.3328
1.6688,0.0007,0.6921,1.7917,0.3531
1.7576,0.0011,0.8423,1.7415,0.3671
1.8210,0.0009,1.0973,1.7630,0.3652
1.6044,0.0008,1.0228,1.6821,0.3398
1.8493,0.0007,0.7860,1.5096,0.3610
2.0336,0.0006,1.0398,2.4073,0.3551
1.3199,0.0008,0.7367,1.3201,0.3478
1.4070,0.0006,0.7574,1.3828,0.3530
1.4347,0.0006,0.8637,1.4381,0.3744
1.2152,0.0005,0.7306,1.2332,0.3456
1.5579,0.0005,0.7007,1.2406,0.3456
2.0970,0.0007,0.9384,2.3114,0.3634
1.1533,0.0008,0.8823,1.2040,0.3634
1.8406,0.0006,0.7953,1.7849,0.3506
2.2065,0.0007,0.7741,2.1657,0.3351
1.3182,0.0005,0.8774,1.3814,0.3351
1.4137,0.0005,0.7946,1.4256,0.3309
1.5004,0.0007,0.6965,1.1948,0.3226
1.6750,0.0008,0.7535,1.8026,0.3472
1.6809,0.0009,0.7699,1.7012,0.3352
1.7286,0.0006,0.7350,1.5605,0.3484
2.2753,0.0008,0.8444,2.4718,0.3505
1.3824,0.0007,0.9619,1.4133,0.3505
2.0655,0.0006,0.8693,2.0623,0.3309
1.1005,0.0004,0.8605,0.8156,0.3309
1.9060,0.0006,0.8478,2.2136,0.3573
1.5374,0.0004,0.7541,1.5637,0.3573
1.6677,0.0004,0.7185,1.6348,0.3381
1.5056,0.0005,0.7478,1.5183,0.3381
1.7553,0.0004,0.7106,1.7701,0.3412
1.3353,0.0006,0.6521,1.3289,0.3412
1.6359,0.0005,0.6277,1.5917,0.3481
2.0386,0.0008,0.7678,1.9365,0.3531
1.3846,0.0004,0.8613,1.4619,0.3395
1.7296,0.0003,0.7166,1.4991,0.3395
1.8895,0.0004,0.7395,2.1384,0.3614
1.2284,0.0005,0.7678,0.9945,0.3614
1.2509,0.0004,0.7672,1.4429,0.3706
1.4808,0.0005,0.6525,1.4086,0.3442
1.4097,0.0005,0.6959,1.4713,0.3549
1.7403,0.0006,0.6642,1.7573,0.3480
1.6693,0.0008,0.6805,1.5630,0.3506
1.2877,0.0006,0.9543,1.1234,0.3449
1.8321,0.0007,1.0929,2.0734,0.3570
1.2868,0.0004,0.7518,1.0053,0.3570
1.6635,0.0004,0.6787,1.9827,0.3383
1.7798,0.0005,0.6017,1.7639,0.3462
0.9794,0.0003,0.6179,0.9902,0.3462
1.4163,0.0005,0.6279,1.3816,0.3625
1.8637,0.0003,0.6383,1.8475,0.3746
1.2911,0.0003,0.6590,1.3061,0.3373
2.0974,0.0009,0.7859,1.9831,0.3526
1.6179,0.0008,1.0574,1.3141,0.3526
1.9156,0.0008,1.5076,2.2640,0.9948
1.4441,0.0008,0.7811,1.4689,0.3303
1.3561,0.0005,0.7297,1.1435,0.3303
1.4508,0.0005,0.6669,1.5929,0.3523
1.6913,0.0005,0.7147,1.7717,0.3400
1.8032,0.0005,0.6278,1.7833,0.3342
1.3482,0.0003,0.6043,1.2261,0.3342
1.6447,0.0005,0.6208,1.6949,0.3602
1.4288,0.0004,0.6485,1.5058,0.3380
1.4787,0.0003,0.7568,1.4224,0.3437
1.9333,0.0006,0.6549,1.8933,0.3801
1.8062,0.0007,0.7831,1.8752,0.3366
1.9111,0.0003,0.7040,1.6030,0.3382
1.3742,0.0003,0.7271,1.4622,0.3382
1.8016,0.0004,0.6574,1.9961,0.3491
1.4394,0.0004,0.6655,1.1481,0.3425
1.7149,0.0006,0.6701,1.9805,0.3461
1.3296,0.0005,0.7013,1.3464,0.3483
1.7620,0.0004,0.6877,1.6655,0.3443
1.0531,0.0003,0.7542,0.8701,0.3443
1.5851,0.0004,0.6147,1.7538,0.3474
2.0071,0.0006,0.7605,2.0197,0.3703
1.4315,0.0003,0.7665,1.4898,0.3448
1.4951,0.0003,0.6566,1.5152,0.3481
1.5699,0.0004,0.5999,1.5578,0.3580
1.2179,0.0004,0.5968,1.0151,0.3580
1.8386,0.0003,0.6169,2.0172,0.3572
1.8078,0.0004,0.6378,1.7785,0.3661
1.7025,0.0003,0.6661,1.6807,0.3476
1.1901,0.0003,0.6442,1.1650,0.3476
1.5356,0.0005,0.6078,1.5537,0.3514
1.9027,0.0006,0.7357,1.6135,0.3463
1.2990,0.0005,0.8808,1.6112,0.3686
1.7406,0.0004,1.0000,1.7212,0.3501
1.5507,0.0004,0.6367,1.5441,0.3493
1.5886,0.0003,0.6611,1.4605,0.3493
1.4740,0.0004,0.7054,1.5330,0.3436
1.8632,0.0003,0.8175,1.8970,0.3524
1.5149,0.0004,0.6602,1.5074,0.3377
1.7721,0.0004,0.6419,1.7056,0.3466
1.1888,0.0005,0.6850,1.1905,0.3466
1.9943,0.0005,0.6570,2.0128,0.5428
1.4131,0.0007,0.7743,1.4453,0.3660
1.1003,0.0008,0.7659,1.0359,0.3660
1.6286,0.0004,0.6571,1.6746,0.3615
1.1944,0.0003,0.6629,1.1964,0.3636
1.4329,0.0003,0.6572,1.4403,0.3308
1.3111,0.0006,0.6236,1.2807,0.3308
1.5532,0.0006,0.6739,1.5189,0.3641
1.6056,0.0004,0.6455,1.6421,0.3336
1.2696,0.0004,0.6534,1.0653,0.3336
1.3981,0.0006,0.6905,1.4390,0.3396
1.9111,0.0006,0.6343,1.8737,0.3395
1.3065,0.0005,1.0395,1.1430,0.3395
1.4598,0.0003,0.9570,1.7585,0.3650
1.5291,0.0004,0.8802,1.5428,0.3578
1.2929,0.0005,0.6952,1.3064,0.3467
1.0000,0.0003,0.6707,0.8627,0.3467
1.5339,0.0004,0.6632,1.6627,0.3611
1.4352,0.0004,0.6507,1.3331,0.3658
1.4478,0.0003,0.7285,1.5469,0.3401
1.5405,0.0003,0.6889,1.1503,0.3268
1.6065,0.0005,0.7922,1.9577,0.3504
1.2950,0.0004,0.6804,1.3159,0.3632
1.6313,0.0005,0.7453,1.5805,0.3649
1.5167,0.0006,0.9342,1.5388,0.3720
1.1543,0.0004,0.7260,1.1780,0.3398
1.1336,0.0005,0.6279,0.9935,0.3460
1.1068,0.0005,0.7187,1.2469,0.3460
1.2869,0.0005,0.6051,1.1118,0.3375
1.4579,0.0007,0.6816,1.3964,0.3499
1.7111,0.0006,0.7022,1.9092,0.3495
1.1219,0.0006,0.6492,1.1333,0.3525
1.6363,0.0004,0.6761,1.6319,0.3547
1.2676,0.0003,0.6192,1.2496,0.3719
1.2710,0.0003,0.6214,1.1049,0.3424
1.3286,0.0004,0.7990,1.0685,0.3598
1.1578,0.0006,0.9755,1.5536,0.3598
1.4434,0.0006,0.7532,1.3725,0.3834
1.2301,0.0006,0.7467,1.2947,0.3739
1.2009,0.0004,0.6341,1.0801,0.3539
1.4103,0.0005,0.7092,1.5058,0.3487
1.7519,0.0004,0.6910,1.7468,0.3361
1.1318,0.0004,0.6785,1.1365,0.3361
1.2473,0.0004,0.6419,1.1170,0.3522
1.8542,0.0005,0.6584,1.9347,0.3522
1.2942,0.0004,0.7307,1.2904,0.3447
1.2381,0.0005,0.8132,1.2629,0.3447
1.9080,0.0005,0.7512,1.4755,0.3673
1.5049,0.0006,1.1275,1.9139,0.3414
2.0803,0.0006,0.8113,1.9467,0.3523
1.3951,0.0005,0.8310,1.4927,0.3519
1.3274,0.0006,0.7737,1.3582,0.3631
1.2106,0.0004,0.7697,1.0338,0.3631
1.5510,0.0003,0.6689,1.3719,0.3447
1.7242,0.0005,0.6690,1.8110,0.3581
1.2779,0.0005,0.7385,1.5336,0.3661
1.5906,0.0004,0.7049,1.5558,0.3573
1.1358,0.0005,0.7020,1.1615,0.3573
1.5327,0.0004,0.7156,1.4846,0.3517
1.1145,0.0005,0.7345,0.9638,0.3517
1.5527,0.0004,0.8968,1.7171,0.3910
1.4023,0.0009,0.7749,1.4125,0.3591
1.3274,0.0006,0.6888,1.2451,0.3591
1.4682,0.0004,0.6957,1.5331,0.3511
1.4575,0.0004,0.6807,1.2942,0.3511
1.5759,0.0004,0.6449,1.6079,0.3391
2.0452,0.0006,0.6310,2.1584,0.3408
1.6666,0.0004,0.6562,1.6598,0.3555
1.4287,0.0005,0.7134,1.4313,0.3420
1.4232,0.0006,0.7336,1.3739,0.3420
1.5383,0.0005,0.6185,1.4804,0.3546
1.7980,0.0007,0.7713,1.8538,0.3609
1.3762,0.0004,0.7671,1.3991,0.3609
1.6322,0.0004,0.7271,1.4256,0.3512
1.9789,0.0004,0.6865,2.1827,0.3593
1.4194,0.0003,0.6489,1.3045,0.3413
1.2454,0.0003,0.7326,1.2160,0.3413
1.7142,0.0004,0.6219,1.8307,0.3561
1.4799,0.0004,0.6584,1.4771,0.3443
1.3459,0.0004,0.6547,1.3201,0.3371
1.3710,0.0006,0.6215,0.9808,0.3653
1.4617,0.0005,0.9788,1.7585,0.3653
1.7586,0.0004,0.8703,1.7708,0.3673
1.2790,0.0004,1.1615,1.2887,0.3710
1.4268,0.0003,0.6964,1.4674,0.3552
1.7624,0.0004,0.6478,1.7514,0.3552
1.2457,0.0003,0.5991,1.1869,0.3418
1.7029,0.0005,0.6189,1.7389,0.3364
1.0966,0.0004,0.7325,0.8040,0.3364
1.8049,0.0003,0.7858,2.0477,0.3382
1.2391,0.0004,0.6709,1.0924,0.3382
1.4440,0.0003,0.7189,1.4178,0.3419
1.9053,0.0005,0.8280,1.7790,0.3585
1.7847,0.0003,0.8076,2.0966,0.3617
1.1580,0.0003,0.7648,1.0698,0.3617
2.0257,0.0003,0.6617,2.1513,0.3519
1.0740,0.0003,0.5948,0.9557,0.3519
1.3301,0.0003,0.6202,1.2751,0.3525
1.4029,0.0005,0.6034,1.4187,0.3569
1.8334,0.0004,0.5754,1.9700,0.3355
1.5376,0.0004,0.5983,1.4759,0.3400
1.6104,0.0004,0.6543,1.6502,0.3562
1.4656,0.0007,0.5901,1.4225,0.3642
1.3219,0.0008,0.8991,1.3178,0.3642
1.7234,0.0005,0.8205,1.5283,0.3530
1.9000,0.0003,0.7070,2.0106,0.3424
1.5146,0.0005,0.6806,1.3737,0.3363
1.2135,0.0003,0.6449,1.4621,0.3362
1.3131,0.0004,0.6147,1.2893,0.3527
2.0568,0.0006,0.6448,1.5526,0.3450
1.5009,0.0005,0.7300,1.7303,0.3714
1.3969,0.0006,0.8687,1.5869,0.3694
1.6269,0.0005,0.7751,1.3638,0.3627
2.1043,0.0010,0.9401,2.1044,0.3641
1.1383,0.0007,1.1529,1.4017,0.5379
1.1816,0.0006,0.8596,1.0279,0.5379
1.6522,0.0007,0.8021,1.8210,0.3506
1.5685,0.0007,0.8092,1.5471,0.3346
1.3460,0.0008,1.0664,1.3463,0.3346
1.4824,0.0006,0.7905,1.4569,0.3373
1.2283,0.0006,0.8140,1.2548,0.3625
1.4952,0.0006,0.7437,1.4284,0.3452
1.6935,0.0006,0.7274,1.4790,0.3453
1.4046,0.0006,0.8024,1.6529,0.3503
2.4285,0.0011,0.8310,2.1132,0.3479
1.6818,0.0009,1.3846,1.0414,0.3900
1.4089,0.0006,1.4447,1.9959,0.3436
1.7522,0.0006,0.9133,1.8421,0.3348
1.5526,0.0006,0.7109,1.5730,0.3348
1.7425,0.0005,0.7201,1.4807,0.3595
1.9169,0.0004,0.7418,2.1566,0.3402
1.3337,0.0005,0.8244,1.0597,0.3402
1.9426,0.0004,0.9597,2.1892,0.3441
1.4095,0.0006,0.7376,1.4160,0.3511
1.6859,0.0006,0.8086,1.6626,0.5202
1.6770,0.0010,0.8817,1.6640,0.5202
1.6322,0.0006,0.9378,1.6528,0.3325
1.0442,0.0006,0.9833,1.0514,0.3325
1.5168,0.0007,0.7605,1.3284,0.3599
2.0342,0.0007,0.7310,2.1864,0.3348
1.4002,0.0006,0.8535,1.3037,0.3348
1.8231,0.0006,1.2450,1.8323,0.3568
2.2828,0.0007,0.8661,2.2906,0.3483
1.6513,0.0006,1.0183,1.6728,0.3547
2.3611,0.0008,0.9410,1.9738,0.3733
1.1844,0.0008,1.4171,1.5643,0.3879
1.5592,0.0008,0.9466,1.5747,0.3879
1.4822,0.0009,0.7946,1.3170,0.3406
2.1137,0.0006,0.8565,2.2244,0.3439
1.8053,0.0006,1.0978,1.6532,0.3439
1.8127,0.0009,0.9489,1.9287,0.3408
2.1023,0.0007,0.9158,2.1405,0.3397
1.2796,0.0005,1.0305,1.1032,0.3397
1.8175,0.0007,0.8058,1.9760,0.3674
1.4799,0.0005,0.8498,1.4484,0.3618
1.8322,0.0005,0.8967,1.8524,0.3521
1.7888,0.0005,0.8080,1.7943,0.3601
1.3133,0.0005,0.8664,1.3316,0.3601
1.7030,0.0005,0.8067,1.6852,0.3478
1.7549,0.0007,0.7020,1.6817,0.3326
1.7932,0.0005,0.7865,1.7878,0.3426
1.3818,0.0005,0.8136,1.2775,0.3404
1.5222,0.0005,0.7770,1.6677,0.3607
1.7614,0.0005,0.7093,1.7449,0.3433
1.7626,0.0008,0.8735,1.7284,0.3616
1.6332,0.0005,1.0754,1.6404,0.3700
1.6971,0.0006,0.7987,1.6937,0.3551
1.2723,0.0007,0.7362,0.9534,0.3551
1.7750,0.0005,0.7284,2.0991,0.3395
1.4831,0.0006,0.7386,1.3090,0.3415
2.2089,0.0010,0.9235,2.1609,0.3331
1.4580,0.0006,1.0926,1.5991,0.3331
1.8808,0.0006,0.8753,1.9282,0.3490
1.3926,0.0006,0.7556,0.9871,0.3409
2.2475,0.0006,0.9898,2.5575,0.3934
1.7342,0.0008,1.1414,1.8054,0.3934
1.5230,0.0008,0.8134,1.4003,0.3410
1.5528,0.0006,0.8425,1.6640,0.3453
1.5305,0.0004,0.7317,1.4005,0.3453
2.4294,0.0005,0.8117,2.5001,0.3389
1.3881,0.0006,0.8049,1.4217,0.3380
1.3856,0.0005,0.7785,1.2038,0.3380
2.2221,0.0006,0.9228,2.3431,0.3410
1.6616,0.0008,0.8182,1.6502,0.3451
1.6524,0.0007,1.2068,1.6503,0.3702
1.6246,0.0007,1.1314,1.6562,0.3389
1.2727,0.0005,0.8576,1.1495,0.3563
1.3375,0.0005,0.9591,1.3536,0.3563
1.7401,0.0005,0.9496,1.6197,0.3595
1.7581,0.0006,0.7848,1.8410,0.3448
1.7006,0.0006,0.8034,1.5882,0.3364
1.6897,0.0007,0.7448,1.7892,0.3470
1.9784,0.0005,0.7421,2.1101,0.3606
1.5447,0.0006,0.7231,1.5325,0.3397
1.6392,0.0007,0.8312,1.6752,0.3610
2.0443,0.0006,0.7489,1.9891,0.3429
1.6096,0.0007,0.7701,1.6056,0.3429
2.1485,0.0005,0.7917,2.1375,0.3565
1.6154,0.0006,0.8204,1.6043,0.3394
1.7948,0.0008,0.8580,1.6658,0.3394
2.0904,0.0007,0.8472,2.2117,0.3359
1.3807,0.0007,0.8799,1.2207,0.3359
1.6782,0.0007,0.7792,1.5813,0.3530
2.3930,0.0008,0.7372,2.2799,0.3782
1.1065,0.0007,1.3172,1.1645,0.3617
1.4670,0.0008,0.9558,1.6833,0.3617
1.8762,0.0008,0.8282,1.7045,0.3644
2.1078,0.0008,0.8440,2.3086,0.3447
1.7338,0.0008,0.9187,1.7634,0.3299
1.7730,0.0007,0.8441,1.7417,0.3498
1.5753,0.0005,1.1056,1.6091,0.3498
1.5563,0.0007,0.7637,1.5535,0.3354
1.5583,0.0006,0.7041,1.5217,0.3346
2.0510,0.0005,0.8261,1.8485,0.3714
1.5927,0.0005,0.9188,1.6104,0.3797
1.5124,0.0004,1.0628,1.5569,0.3446
1.4281,0.0005,0.7107,1.6016,0.3598
1.6206,0.0006,0.6836,1.5624,0.3476
1.9557,0.0008,0.7576,1.9971,0.3482
1.5819,0.0176,0.7033,1.4936,0.3482
1.5744,0.0004,0.8009,1.6651,0.3389
1.6219,0.0004,0.6549,1.6146,0.3388
1.9269,0.0005,0.6174,1.8727,0.3382
1.6173,0.0007,0.7531,1.5663,0.3526
1.6904,0.0009,1.0039,1.5817,0.3576
1.7274,0.0005,0.8270,1.6224,0.3673
1.5145,0.0007,0.7000,1.7852,0.3473
1.8570,0.0005,0.6900,1.8354,0.3384
1.9312,0.0005,0.7044,1.9564,0.3459
1.7999,0.0005,0.6744,1.7603,0.3567
1.2141,0.0005,0.7430,1.2006,0.3504
1.2520,0.0003,0.7609,1.0088,0.3504
1.9107,0.0006,0.6888,2.1177,0.3601
1.7414,0.0003,0.8076,1.7519,0.3430
1.4506,0.0004,0.8904,1.3157,0.3430
1.6849,0.0006,0.7798,1.8384,0.3431
1.6642,0.0005,0.7517,1.6267,0.3355
1.0332,0.0005,0.7719,0.9810,0.3355
1.8465,0.0004,0.7583,1.8962,0.3356
1.4289,0.0005,0.6765,1.3810,0.3356
1.4794,0.0004,0.7260,1.5285,0.3569
1.6982,0.0003,0.6458,1.6890,0.3440
1.5071,0.0005,0.6777,1.4806,0.3386
1.8587,0.0005,0.7733,1.6849,0.3395
1.7010,0.0007,0.9651,1.6594,0.3614
1.8903,0.0004,0.9284,2.0951,0.3622
1.6354,0.0006,0.7997,1.5468,0.3620
2.1280,0.0005,0.7781,2.1915,0.3432
1.5907,0.0006,0.8106,1.2316,0.3542
1.5569,0.0005,0.7581,1.7451,0.3400
1.7008,0.0004,0.7226,1.8399,0.3389
1.6234,0.0005,0.7195,1.6620,0.3476
1.6439,0.0005,0.7364,1.3389,0.3600
1.4956,0.0006,1.0232,1.5754,0.3733
1.8371,0.0005,1.0430,1.7146,0.3965
1.6828,0.0005,0.8613,2.0019,0.3577
1.6720,0.0005,0.8552,1.6671,0.3480
1.4551,0.0004,0.8297,1.4714,0.3480
1.5526,0.0005,0.7084,1.5476,0.3444
1.6492,0.0005,0.7250,1.6385,0.3360
1.6873,0.0004,0.7337,1.6618,0.3341
1.3802,0.0004,0.7570,1.1746,0.3348
1.6570,0.0003,0.9196,1.6890,0.3352
1.6611,0.0007,0.7970,1.5191,0.3370
1.5998,0.0005,1.1553,1.4604,0.3735
1.7605,0.0006,0.9569,1.9178,0.3774
1.8422,0.0007,0.8013,2.1168,0.3540
1.3451,0.0005,0.7907,1.3124,0.3540
1.4750,0.0005,0.6985,1.5137,0.3374
1.2982,0.0007,0.7017,1.0153,0.3374
1.7288,0.0007,0.7295,1.9973,0.3589
1.7811,0.0008,0.6722,1.6983,0.3458
1.6857,0.0006,0.7667,1.7058,0.3458
1.9907,0.0007,0.7913,1.8994,0.3533
1.7954,0.0006,0.9534,1.8599,0.3839
1.2606,0.0005,1.6231,1.2962,0.3839
1.8399,0.0005,0.7101,1.8067,0.3549
1.7067,0.0005,0.7847,1.6770,0.3415
1.4532,0.0004,0.8716,1.4689,0.3573
1.3202,0.0003,0.8315,1.2281,0.3573
1.9346,0.0006,0.8492,2.0037,0.3490
1.7113,0.0006,0.7788,1.5535,0.3490
1.6199,0.0005,1.4562,1.7918,0.3653
1.6012,0.0006,0.7185,1.1447,0.3461
2.6326,0.0007,0.8212,2.9819,0.3562
1.4799,0.0006,0.9925,1.5399,0.3453
1.5375,0.0007,0.8960,1.5697,0.3391
1.3922,0.0004,0.7304,1.3182,0.3391
1.8813,0.0006,0.7332,1.7547,0.3667
2.2154,0.0008,0.8418,2.3181,0.3462
1.7557,0.0006,0.9409,1.7952,0.3462
1.7092,0.0007,0.8631,1.6697,0.3388
1.7714,0.0010,0.8630,1.5174,0.3261
2.4738,0.0007,0.8251,2.6160,0.3587
1.2434,0.0009,1.0181,1.3927,0.3425
1.6870,0.0006,0.8175,1.6680,0.3425
2.1678,0.0008,0.7080,2.1375,0.3703
1.4009,0.0005,0.7392,1.3971,0.3458
1.4834,0.0007,0.7457,1.3356,0.3458
2.3269,0.0007,0.8300,2.3322,0.3517
1.4898,0.0007,0.9036,1.5664,0.3675
1.4273,0.0007,0.8171,1.4833,0.3357
1.7599,0.0009,0.7493,1.6964,0.3572
1.3695,0.0004,0.8492,1.4221,0.3572
1.7432,0.0006,0.8418,1.4151,0.3676
2.0429,0.0006,0.7698,2.3385,0.3438
1.4261,0.0005,0.7878,1.4424,0.3524
1.6255,0.0007,0.7546,1.6198,0.3519
1.9895,0.0012,0.7590,1.8776,0.3594
1.6409,0.0008,0.9910,1.6942,0.3393
1.8613,0.0006,0.8889,1.8901,0.3434
1.1364,0.0007,0.7223,1.1468,0.3434
1.7025,0.0008,0.7107,1.6383,0.3516
2.1811,0.0010,0.9599,2.1188,0.3472
1.6224,0.0009,0.9371,1.6510,0.3553
1.6525,0.0005,0.8181,1.6131,0.3434
1.4887,0.0006,0.8630,1.3935,0.3434
2.3617,0.0005,0.8766,2.3502,0.3437
1.4861,0.0004,1.0301,1.5438,0.3378
1.6963,0.0006,0.8278,1.6802,0.3360
1.1643,0.0004,0.8388,1.2738,0.3360
1.4969,0.0004,0.7098,1.4737,0.3367
1.9492,0.0005,0.7270,1.4771,0.3620
1.9930,0.0006,0.9610,2.3874,0.3631
1.4816,0.0005,0.9758,1.4705,0.3631
1.8195,0.0007,0.8961,1.8686,0.3505
1.0804,0.0006,0.8512,1.0978,0.3505
1.9087,0.0006,0.7439,1.8799,0.3500
1.3819,0.0007,0.7108,1.3959,0.3317
2.0353,0.0004,0.7245,1.9736,0.3489
1.4889,0.0003,0.7893,1.3703,0.3471
1.9109,0.0004,0.7695,1.8993,0.3353
2.2064,0.0007,0.7583,2.2755,0.3436
1.2016,0.0010,0.9031,1.2779,0.3783
1.7111,0.0011,0.8226,1.6989,0.3470
2.0156,0.0007,0.8141,1.6563,0.3345
1.8345,0.0005,1.0112,2.1344,0.3482
1.7085,0.0005,0.8607,1.7576,0.3442
1.8845,0.0005,0.7260,1.7424,0.3441
1.5833,0.0005,0.7348,1.5685,0.3283
1.5145,0.0004,0.7298,1.6625,0.3310
1.8354,0.0005,0.7189,1.7789,0.3613
1.2965,0.0005,0.8003,1.0049,0.3613
2.0695,0.0003,0.8683,2.2018,0.3589
1.8181,0.0007,0.8402,1.8815,0.3543
1.7894,0.0008,0.9496,1.7719,0.3353
1.8505,0.0005,0.9833,1.8566,0.3489
1.8538,0.0004,0.9644,1.8409,0.3390
1.4777,0.0005,0.9098,1.3367,0.3467
1.6968,0.0004,0.8901,1.8139,0.3467
1.5963,0.0007,0.8520,1.6827,0.3529
2.0681,0.0007,0.7770,2.0425,0.3471
1.6741,0.0006,0.9511,1.6209,0.3717
2.0155,0.0010,0.8246,2.0724,0.3514
1.6568,0.0007,0.8809,1.6043,0.3303
1.6724,0.0009,0.7973,1.4563,0.3592
1.8483,0.0008,0.7537,2.0721,0.3511
1.8478,0.0006,0.9197,1.8894,0.3526
1.5508,0.0004,0.8742,1.5712,0.3526
1.4571,0.0007,0.7673,1.4251,0.3519
1.5466,0.0007,0.7540,1.3191,0.3404
2.1211,0.0008,0.8028,2.2763,0.3890
1.2036,0.0009,0.9799,1.2597,0.3890
1.8168,0.0007,1.0209,1.8036,0.3645
1.7640,0.0007,0.7710,1.7781,0.3524
1.7288,0.0005,0.9246,1.7259,0.3524
1.6383,0.0007,0.7319,1.5938,0.3463
1.6941,0.0008,0.7427,1.5626,0.3364
1.6879,0.0006,0.7702,1.6201,0.3508
1.8870,0.0006,0.7633,2.1199,0.3383
1.9110,0.0010,0.7068,1.8380,0.3416
1.6468,0.0008,0.8841,1.5430,0.3369
1.5109,0.0006,1.1372,1.6077,0.3847
1.8610,0.0006,0.8331,1.4040,0.3575
1.6647,0.0007,0.7748,1.9377,0.3536
1.6754,0.0005,0.8273,1.7402,0.3366
1.9820,0.0005,0.8931,2.0928,0.3487
1.3421,0.0004,0.8038,1.2246,0.3487
2.2043,0.0005,0.7499,2.3308,0.3508
1.8269,0.0005,0.7718,1.7712,0.3652
2.3580,0.0011,0.8459,2.0761,0.3673
1.0107,0.0005,1.2619,1.0439,0.3673
1.6309,0.0005,0.8837,1.6922,0.3619
1.6051,0.0008,0.7158,1.8226,0.3393
2.3426,0.0007,0.6999,2.3249,0.3516
1.6698,0.0008,0.7387,1.6743,0.3482
1.4286,0.0005,0.7554,1.4250,0.3482
1.8057,0.0006,0.7256,1.7548,0.3572
1.4348,0.0005,0.7634,1.4377,0.3572
2.2929,0.0008,0.6934,2.1825,0.3433
1.4097,0.0006,0.9345,1.5273,0.3677
2.0318,0.0005,0.8933,2.0228,0.3448
1.2842,0.0006,0.8623,1.1052,0.3448
1.9524,0.0006,1.0264,2.1163,0.3455
1.7600,0.0006,0.7644,1.7702,0.3503
1.6166,0.0007,0.7630,1.5884,0.3611
1.2490,0.0005,0.7512,1.2783,0.3507
1.9388,0.0006,0.7558,1.7998,0.3451
1.0966,0.0005,0.8416,1.2313,0.3484
1.6983,0.0007,0.7257,1.3103,0.3484
1.4741,0.0007,0.9015,1.8007,0.3447
1.9236,0.0008,0.8327,1.4195,0.3860
2.1224,0.0007,0.8379,2.6097,0.3505
1.5034,0.0007,0.8179,1.2440,0.3494
2.0100,0.0008,0.7598,2.2645,0.3378
1.6240,0.0005,0.7901,1.6459,0.3378
1.7704,0.0005,0.7535,1.7637,0.3487
1.7993,0.0006,0.6991,1.7787,0.3499
1.2358,0.0005,0.7462,1.2337,0.3499
1.9178,0.0006,0.6934,1.6058,0.3403
1.6502,0.0006,1.0425,1.9129,0.3396
1.4695,0.0005,1.0885,1.4695,0.3676
1.7400,0.0004,0.8950,1.7339,0.3295
1.5369,0.0003,0.9466,1.5444,0.3352
1.4652,0.0006,0.7525,1.3143,0.3352
1.9203,0.0005,0.7530,2.0512,0.3517
1.5812,0.0004,0.8334,1.5966,0.3413
1.6309,0.0005,0.7459,1.5887,0.3391
1.5630,0.0005,0.7329,1.5684,0.3350
1.5245,0.0008,0.7358,1.4520,0.3643
2.0859,0.0008,0.7467,2.0391,0.3699
1.2518,0.0007,1.0337,1.3431,0.3699
1.6360,0.0006,0.7937,1.6370,0.3387
1.3506,0.0005,0.7057,1.3710,0.3387
2.1899,0.0005,0.6771,2.0250,0.3533
0.8261,0.0003,0.8499,0.8667,0.3533
2.0918,0.0005,0.8090,2.1664,0.3452
1.0828,0.0004,0.8073,0.8571,0.3452
1.6879,0.0004,0.7242,1.7882,0.3413
2.0161,0.0004,0.6624,2.1743,0.3458
1.9074,0.0004,0.6513,1.8317,0.5431
1.4622,0.0005,0.8368,1.4553,0.4099
1.6474,0.0003,0.7739,1.6376,0.4099
1.4337,0.0005,0.7122,1.4435,0.3510
1.6851,0.0004,0.6771,1.6834,0.3494
1.9123,0.0004,0.6762,1.8615,0.3391
1.5288,0.0010,0.7504,1.3203,0.3391
1.6158,0.0005,0.9254,1.8374,0.3509
1.7197,0.0004,0.8867,1.7073,0.3417
1.7078,0.0004,0.7175,1.7123,0.3556
1.5865,0.0008,0.7053,1.4190,0.3556
1.6761,0.0006,1.2200,1.7586,0.3917
1.5036,0.0006,0.9529,1.5236,0.3489
1.5159,0.0006,0.8196,1.5058,0.3489
1.5485,0.0004,0.7293,1.5870,0.3503
1.9793,0.0009,0.6733,1.9456,0.3531
1.3967,0.0005,0.7162,1.4138,0.3531
1.5238,0.0004,0.7180,1.3416,0.3662
1.8777,0.0005,0.7336,2.0451,0.3491
1.6243,0.0004,0.7424,1.3924,0.3367
1.6885,0.0005,0.8756,1.8723,0.3296
1.8937,0.0008,0.9428,1.8876,0.3439
1.1439,0.0005,0.8117,1.2003,0.3439
1.4832,0.0006,0.6959,1.2163,0.3480
1.7131,0.0003,0.6751,1.9707,0.3522
1.4004,0.0005,0.6374,1.3433,0.3522
1.9298,0.0004,0.6834,1.9320,0.3533
1.5692,0.0004,0.8004,1.5923,0.3419
1.7828,0.0004,0.9010,1.7642,0.3387
1.8245,0.0005,0.6560,1.8208,0.3506
1.5292,0.0008,0.7006,1.4924,0.3403
1.5777,0.0008,0.7905,1.2635,0.3400
1.7867,0.0007,0.9289,2.0848,0.3759
1.6989,0.0006,0.8980,1.7048,0.3362
1.8035,0.0005,0.8082,1.7631,0.3668
2.0736,0.0006,0.7979,2.0885,0.3656
1.5832,0.0005,0.8249,1.5960,0.3482
1.4731,0.0004,0.7837,1.4836,0.3482
1.9375,0.0006,0.7121,1.8235,0.3493
2.0063,0.0007,0.7272,1.9988,0.3406
1.8564,0.0006,0.8087,1.4733,0.3470
1.9748,0.0004,0.8517,2.4338,0.3724
1.7085,0.0005,0.7591,1.5358,0.3402
1.9877,0.0007,0.7061,2.0629,0.3393
1.5997,0.0005,0.7352,1.7001,0.3513
1.3290,0.0006,0.7101,1.3179,0.3482
1.4737,0.0006,0.6336,1.4797,0.3440
1.7110,0.0004,0.6935,1.6134,0.3338
1.8380,0.0004,0.7460,1.9241,0.3320
1.7923,0.0006,0.7900,1.7028,0.3509
1.4168,0.0006,0.8136,1.4688,0.3797
1.3235,0.0005,0.8663,1.0893,0.3797
1.6882,0.0006,0.7563,1.7665,0.3537
2.2886,0.0007,0.7119,2.3908,0.3490
1.4025,0.0006,0.9653,1.4131,0.3501
1.5311,0.0005,0.8365,1.4283,0.3405
1.5005,0.0004,0.8572,1.4882,0.3405
2.0330,0.0003,0.6978,2.1724,0.3542
1.5634,0.0004,0.6300,1.5661,0.3340
1.4142,0.0003,0.5837,1.3823,0.3415
1.4000,0.0005,0.6048,1.3906,0.3518
1.8437,0.0004,0.7275,1.8203,0.3896
1.4401,0.0004,0.7281,1.4498,0.3399
1.5429,0.0003,0.6983,1.5474,0.3399
1.4828,0.0003,0.6697,1.4840,0.3482
1.5736,0.0005,0.6470,1.3260,0.3433
1.7793,0.0007,0.6105,2.0050,0.3651
1.1829,0.0003,0.6712,1.0236,0.3651
1.8085,0.0006,0.6325,1.9491,0.3657
1.0759,0.0003,0.6654,1.1185,0.3657
1.9615,0.0003,0.6210,1.6502,0.3411
1.7199,0.0009,0.9781,1.8999,0.3706
1.5881,0.0005,0.8623,1.6550,0.3706
1.8363,0.0004,0.7262,1.7140,0.3514
1.4908,0.0006,0.7890,1.5919,0.3634
1.3480,0.0003,0.7079,1.3871,0.3441
1.8156,0.0004,0.6180,1.7796,0.3502
1.4071,0.0005,0.6061,1.2781,0.3502
1.2870,0.0005,0.6401,1.3935,0.3520
1.5224,0.0003,0.6220,1.3455,0.3397
2.0877,0.0005,0.6814,2.2695,0.3402
1.4652,0.0005,0.6740,1.4343,0.3402
1.3610,0.0006,0.7997,1.2761,0.3887
1.9118,0.0004,0.7071,1.9839,0.4441
1.4224,0.0004,0.6887,1.4406,0.3478
1.5504,0.0004,0.6577,1.5494,0.3478
1.7658,0.0004,0.6148,1.7786,0.3442
1.7513,0.0004,0.6100,1.7386,0.3315
1.5230,0.0003,0.6162,1.1769,0.3532
1.7452,0.0004,0.5890,2.0835,0.3415
1.6064,0.0004,0.5779,1.4856,0.3448
1.7024,0.0006,0.5844,1.5961,0.3490
1.8129,0.0010,0.8252,1.9160,0.3706
1.8058,0.0005,1.0189,1.8519,0.3412
1.3286,0.0005,0.7469,1.3498,0.3412
1.7126,0.0003,0.6756,1.7007,0.3366
1.3425,0.0003,0.6309,1.3576,0.3366
1.2696,0.0005,0.6306,1.1988,0.3395
1.8074,0.0004,0.6706,1.7783,0.3534
2.0184,0.0005,0.7078,2.0802,0.3421
1.5121,0.0005,0.6507,1.5217,0.3522
1.6031,0.0005,0.6244,1.5670,0.3522
1.7174,0.0006,0.6891,1.6887,0.3474
1.3549,0.0005,0.8900,1.3847,0.3657
1.2865,0.0004,0.6854,1.2744,0.3345
1.7149,0.0003,0.6783,1.7136,0.3405
1.4465,0.0003,0.6368,1.4525,0.3449
1.4436,0.0004,0.6353,1.4242,0.3563
1.4264,0.0004,0.6335,1.4263,0.3563
1.7341,0.0004,0.5946,1.6731,0.3562
1.4820,0.0005,0.6687,1.2726,0.3518
1.8514,0.0006,0.7302,2.1088,0.3516
1.5260,0.0008,0.6785,1.4581,0.3516
1.4977,0.0006,0.8118,1.4001,0.3662
2.1120,0.0006,0.8759,2.2244,0.3681
1.5380,0.0005,0.7053,1.5678,0.3524
1.3576,0.0004,0.6532,1.3579,0.3524
1.6377,0.0005,0.6405,1.6054,0.3516
1.3567,0.0005,0.6605,1.3538,0.3516
1.7502,0.0004,0.6229,1.7658,0.3496
1.3527,0.0003,0.6049,1.3186,0.3496
1.0255,0.0003,0.6266,0.9559,0.3578
1.3204,0.0004,0.5811,1.3649,0.3608
1.7614,0.0005,0.7301,1.5790,0.3638
2.1264,0.0005,0.7458,2.2777,0.3583
1.0983,0.0006,0.7550,1.1152,0.3583
1.3794,0.0004,0.6996,1.2208,0.3551
1.6931,0.0005,0.7949,1.8521,0.3551
1.4656,0.0006,0.6496,1.2045,0.3503
1.4299,0.0004,0.6365,1.4021,0.3375
1.9089,0.0005,0.6532,2.1720,0.3458
1.6847,0.0004,0.6329,1.4325,0.3458
2.2777,0.0004,0.6585,2.4963,0.3540
1.6995,0.0005,0.6848,1.4915,0.3672
1.4574,0.0003,1.1084,1.0432,0.3517
1.4309,0.0003,1.2719,2.0524,0.3344
1.5998,0.0004,0.6522,1.5923,0.3552
1.1094,0.0005,0.6621,1.1146,0.3552
1.8826,0.0003,0.6632,1.8926,0.3556
1.6226,0.0003,0.6094,1.5446,0.3437
1.4999,0.0005,0.6466,1.5614,0.3377
1.7423,0.0006,0.6131,1.6430,0.3489
1.2877,0.0005,0.7709,1.1523,0.3489
1.2946,0.0004,0.7846,1.5068,0.3393
1.3632,0.0005,0.6729,1.3037,0.3571
1.7923,0.0003,0.8495,1.7420,0.3290
1.9225,0.0004,0.7633,2.0019,0.3724
1.6306,0.0007,0.6648,1.6365,0.3416
1.3103,0.0003,0.6398,1.3097,0.3404
1.3201,0.0004,0.6097,1.3141,0.3357
1.7628,0.0003,0.6179,1.6620,0.3481
1.8434,0.0004,0.6305,1.9098,0.3489
1.5153,0.0004,0.6205,1.5238,0.3430
1.2368,0.0004,0.6560,1.0177,0.3545
1.1173,0.0004,0.6510,1.3423,0.3318
1.3986,0.0004,0.7534,1.3654,0.3593
1.3278,0.0006,0.7013,1.3218,0.3773
1.5067,0.0005,0.7437,1.2476,0.3678
1.9062,0.0005,0.6674,2.1553,0.3521
0.9739,0.0003,0.6457,0.8626,0.3521
1.3585,0.0003,0.6521,1.3101,0.3492
1.4115,0.0004,0.6300,1.5108,0.3532
1.5536,0.0004,0.6652,1.3062,0.3454
1.8062,0.0007,0.6910,1.9874,0.3395
1.4216,0.0004,1.1406,1.5317,0.3524
1.5623,0.0003,0.7366,1.4311,0.3491
1.7839,0.0007,0.8120,1.8463,0.3561
1.4030,0.0008,0.7977,1.4116,0.4410
1.3497,0.0004,0.8022,1.1991,0.4230
2.0033,0.0004,0.7011,2.1506,0.3628
1.0509,0.0004,0.7404,1.1007,0.3628
1.5195,0.0003,0.6825,1.5060,0.3643
1.1660,0.0004,0.6729,1.1697,0.3643
1.7673,0.0003,0.6958,1.7125,0.3480
1.1439,0.0004,0.6460,1.0502,0.3480
1.3516,0.0003,0.6209,1.3416,0.3525
1.3491,0.0003,0.6281,1.4496,0.3576
1.5373,0.0005,0.6352,1.5417,0.3547
1.2693,0.0005,0.6838,1.1819,0.3547
1.9573,0.0007,0.8163,2.0035,0.3640
1.1578,0.0006,0.8587,0.8097,0.3640
1.6866,0.0004,0.6972,2.0540,0.3482
1.2587,0.0004,0.6466,1.2652,0.3602
1.1023,0.0005,0.7057,0.8868,0.3602
1.6176,0.0005,0.6944,1.6221,0.3575
1.5589,0.0003,0.6348,1.6740,0.3357
1.5729,0.0003,0.6261,1.4113,0.3446
1.2745,0.0003,0.6100,1.5263,0.3667
1.6131,0.0004,0.6322,1.5900,0.3428
1.3051,0.0004,0.5869,1.2771,0.3428
1.5388,0.0004,0.6823,1.5328,0.3633
1.4525,0.0005,0.6725,1.4323,0.3351
1.0417,0.0005,0.6938,1.0760,0.3351
1.6258,0.0005,0.6272,1.5976,0.3705
1.1201,0.0004,0.6833,1.1407,0.3525
1.4211,0.0004,0.6843,1.3191,0.3525
1.7539,0.0005,0.6621,1.8399,0.3518
1.5111,0.0005,0.6541,1.4963,0.3682
0.9438,0.0003,0.6487,0.9707,0.3682
1.4816,0.0004,0.5971,1.4214,0.3439
1.3941,0.0003,0.6692,1.4295,0.3567
1.1586,0.0004,0.6394,1.1486,0.3567
1.9292,0.0007,0.7165,1.7272,0.3453
1.8100,0.0005,0.9515,1.9604,0.3769
1.9982,0.0007,0.8336,1.9782,0.3351
1.0823,0.0005,0.7862,1.1312,0.3351
1.3844,0.0005,0.7130,1.2328,0.3418
1.4297,0.0003,0.6618,1.4086,0.3481
1.4812,0.0004,0.6567,1.4149,0.3460
1.6567,0.0003,0.6284,1.8447,0.3506
1.4677,0.0004,0.5982,1.4884,0.3432
1.4043,0.0004,0.6598,1.4061,0.3427
1.3588,0.0005,0.6233,1.2106,0.3367
2.0582,0.0005,0.7505,2.1545,0.3676
1.3680,0.0004,0.7969,1.4031,0.3580
1.2490,0.0005,0.6745,0.9505,0.3580
1.8998,0.0003,0.7143,2.1799,0.3476
1.7901,0.0005,0.6427,1.7851,0.3473
1.5678,0.0003,0.5868,1.5922,0.3473
1.2847,0.0003,0.5893,1.1781,0.3398
1.9170,0.0003,0.5879,1.9827,0.3444
1.4376,0.0004,0.5616,1.2139,0.3457
1.3577,0.0005,0.5869,1.3033,0.3577
1.4765,0.0009,0.6723,1.6407,0.3704
1.6843,0.0006,0.7801,1.7356,0.3752
1.1662,0.0006,0.7941,1.1733,0.4055
1.6078,0.0005,0.7117,1.4542,0.3543
1.6353,0.0005,0.6659,1.7956,0.3508
1.6182,0.0004,0.6544,1.6141,0.3638
1.4129,0.0004,0.6132,1.3883,0.3638
1.6104,0.0004,0.6153,1.6268,0.3404
1.4001,0.0004,0.6211,1.3803,0.3320
1.5930,0.0004,0.6424,1.5961,0.3520
1.3506,0.0003,0.6364,1.3623,0.3520
1.6419,0.0006,0.6106,1.3535,0.3441
1.2105,0.0004,0.7521,1.4336,0.8973
1.3244,0.0006,0.7375,1.2456,0.3604
1.3279,0.0005,0.7438,1.3884,0.3570
1.1697,0.0006,0.8338,1.2274,0.3521
1.5720,0.0006,0.6284,1.5422,0.3610
1.3591,0.0006,0.6734,1.3618,0.3431
1.1114,0.0003,0.6951,1.0812,0.3452
1.1134,0.0003,0.6265,1.1543,0.3452
1.7747,0.0004,0.6564,1.7337,0.3608
1.0080,0.0005,0.6648,1.0264,0.3497
1.5393,0.0004,0.6690,1.5252,0.3551
1.4937,0.0006,0.6794,1.4514,0.3318
1.6453,0.0007,0.8104,1.6022,0.3872
1.3464,0.0005,0.8947,1.3906,0.3396
1.2910,0.0005,0.8365,1.2993,0.3633
1.2086,0.0004,0.7198,1.2245,0.3539
1.3632,0.0003,0.6455,1.3720,0.3591
1.1611,0.0003,0.6136,1.1728,0.3457
1.3492,0.0003,0.6077,1.3385,0.3496
1.2385,0.0004,0.6103,1.2342,0.3436
1.2745,0.0003,0.6043,1.2611,0.3610
1.2180,0.0004,0.6201,1.2162,0.3400
1.0982,0.0003,0.6066,0.8857,0.3400
1.5957,0.0004,0.6574,1.6947,0.3371
1.9196,0.0005,0.6542,1.8156,0.3564
1.8477,0.0006,1.1927,1.9799,0.3979
1.2908,0.0006,0.8613,1.3257,0.3567
1.0701,0.0005,0.7306,1.0753,0.3567
1.2691,0.0004,0.6748,1.2725,0.3706
1.6717,0.0005,0.6408,1.5443,0.3590
0.8817,0.0003,0.7695,0.7554,0.3590
1.4136,0.0004,0.7634,1.5775,0.3515
1.2761,0.0004,0.6123,1.3597,0.3637
1.4068,0.0004,0.6464,1.2632,0.3492
1.6443,0.0007,0.6567,1.7726,0.3370
1.5135,0.0007,0.6492,1.4547,0.3370
2.0588,0.0007,0.7547,2.0284,0.3592
1.7125,0.0005,0.9034,1.7498,0.3604
1.0748,0.0004,0.7665,1.1186,0.3604
1.4036,0.0004,0.6429,1.1969,0.3443
1.2742,0.0004,0.6364,1.4660,0.3487
1.4169,0.0004,0.6458,1.4179,0.3431
1.6835,0.0006,0.6183,1.6492,0.3431
1.5754,0.0003,0.6344,1.5542,0.3447
1.7431,0.0003,0.7066,1.5701,0.3447
1.4646,0.0004,0.7025,1.6330,0.3445
1.2880,0.0005,0.6930,1.2473,0.3496
2.3322,0.0006,0.7694,2.3161,0.3854
1.2332,0.0006,0.8235,1.2548,0.3534
1.2339,0.0003,0.7420,1.1755,0.3534
1.2531,0.0003,0.6543,1.2304,0.3479
2.1095,0.0005,0.6371,2.1931,0.3673
1.5218,0.0003,0.6172,1.5063,0.3472
1.1401,0.0003,0.6580,1.1623,0.3472
1.4999,0.0004,0.6642,1.3143,0.3629
1.5878,0.0005,0.6344,1.7582,0.3680
1.1310,0.0003,0.6410,1.0928,0.3680
1.7734,0.0005,0.6487,1.4098,0.3460
1.1743,0.0006,0.9929,1.4587,0.3460
1.5430,0.0007,1.0198,1.3710,0.3836
1.5255,0.0006,0.7891,1.5921,0.3494
1.5838,0.0003,0.8166,1.3976,0.3429
1.8459,0.0003,0.6778,2.1855,0.3335
1.6762,0.0004,0.6631,1.6760,0.3610
1.2017,0.0004,0.6470,1.2024,0.3500
1.0583,0.0004,0.7056,0.9378,0.3500
1.3160,0.0004,0.6788,1.3278,0.3533
1.6179,0.0004,0.6816,1.6700,0.3286
1.4486,0.0005,0.6594,1.4129,0.3286
1.4729,0.0005,0.6384,1.2868,0.3602
1.6917,0.0005,0.7536,1.8783,0.3570
1.7003,0.0006,0.7520,1.7349,0.3406
2.0084,0.0006,0.6683,1.9868,0.3625
1.2695,0.0004,0.6203,1.2835,0.3625
1.6372,0.0004,0.6271,1.6186,0.3383
1.5021,0.0005,0.6000,1.2819,0.3383
1.9823,0.0007,0.6401,2.1263,0.3845
1.2465,0.0006,0.7427,1.2726,0.3530
1.2827,0.0006,0.7774,0.9822,0.3530
1.4152,0.0007,0.6802,1.6435,0.3296
2.1413,0.0007,0.7846,2.1106,0.3699
1.1991,0.0005,0.9878,1.2410,0.3699
1.5081,0.0005,0.8068,1.4771,0.3713
1.9285,0.0005,0.6666,1.9412,0.3549
1.6574,0.0004,0.6746,1.6367,0.3615
1.6023,0.0003,0.6839,1.6388,0.3495
1.3496,0.0004,0.5940,1.2124,0.3495
1.6638,0.0003,0.6550,1.5521,0.3415
1.7045,0.0003,0.6396,1.9358,0.3691
1.5017,0.0005,0.6027,1.3429,0.3266
1.7696,0.0006,0.6536,1.6662,0.3422
1.6954,0.0006,0.7683,1.7769,0.3611
1.8467,0.0004,0.7843,1.9810,0.3421
1.3536,0.0003,0.7145,1.2709,0.3509
1.9202,0.0004,0.6753,1.8221,0.3526
1.3272,0.0004,0.8845,1.4977,0.3530
1.2869,0.0005,0.7121,1.1259,0.3530
1.8618,0.0005,1.1086,1.9799,0.3541
1.1518,0.0005,0.6939,1.1851,0.3543
1.2255,0.0004,0.6817,1.1742,0.3543
1.7267,0.0005,0.6818,1.7389,0.3576
0.9548,0.0004,0.7256,0.9708,0.3576
1.6357,0.0005,0.7958,1.6172,0.3624
1.2474,0.0004,0.7189,1.0970,0.3624
1.9964,0.0005,0.6766,2.1521,0.3509
1.4721,0.0005,0.6743,1.4775,0.3498
1.5390,0.0006,0.6935,1.4958,0.3419
1.5559,0.0006,0.7029,1.5714,0.3530
1.5557,0.0004,0.7195,1.5620,0.3530
1.9256,0.0004,0.6458,1.9082,0.3426
1.5897,0.0004,0.6083,1.4316,0.3426
1.6788,0.0006,0.6124,1.5780,0.3501
2.0687,0.0004,0.7358,2.2856,0.3603
1.0840,0.0002,0.7625,1.0981,0.3634
1.5346,0.0004,0.6800,1.2725,0.3634
1.7999,0.0005,0.6766,2.0707,0.3518
1.4789,0.0003,0.6519,1.1312,0.3518
1.7681,0.0005,0.7861,2.0238,0.3558
1.2013,0.0004,0.7085,1.1916,0.3556
1.2680,0.0003,0.7376,1.3488,0.3556
1.8573,0.0003,0.6050,1.8419,0.3321
1.4524,0.0005,0.5882,1.4566,0.3505
1.2643,0.0008,0.6072,0.9746,0.3505
1.6791,0.0008,0.7094,1.8482,0.3820
1.5846,0.0004,0.8593,1.4838,0.3643
1.5486,0.0004,0.7539,1.7119,0.3545
1.9651,0.0004,0.6363,1.9564,0.3535
1.3776,0.0003,0.7560,1.3972,0.3556
1.5573,0.0003,0.6244,1.5363,0.3462
1.4089,0.0003,0.6086,1.4265,0.3426
1.5396,0.0003,0.5812,1.5236,0.3426
1.5288,0.0003,0.6093,1.5514,0.3454
1.3564,0.0003,0.5844,1.2254,0.3384
1.6753,0.0005,0.6366,1.6144,0.3660
1.7724,0.0004,0.9446,1.8692,0.3543
1.4762,0.0004,0.7892,1.4835,0.3549
1.4981,0.0004,0.6460,1.2920,0.3239
1.9944,0.0006,0.7323,2.1849,0.3444
1.6234,0.0003,0.7129,1.6449,0.3444
1.6617,0.0006,0.6587,1.6622,0.3395
1.3527,0.0003,0.6079,1.3288,0.3395
1.6219,0.0004,0.6164,1.2756,0.3352
1.7210,0.0004,0.6089,2.0542,0.3271
2.0144,0.0007,0.6360,1.9305,0.3875
1.4314,0.0007,0.8474,1.4663,0.3833
1.2059,0.0005,0.7859,1.2384,0.3833
1.9153,0.0005,0.7760,1.9003,0.3540
1.7079,0.0004,0.7183,1.7110,0.3579
1.9573,0.0004,0.7372,1.9357,0.3508
0.9229,0.0003,0.6823,0.9528,0.3619
1.2997,0.0004,0.6446,1.0585,0.3619
1.2514,0.0003,0.7639,1.4903,0.3448
1.4141,0.0003,0.6108,1.1386,0.3572
1.5596,0.0003,0.6009,1.6462,0.3419
1.4425,0.0004,0.6101,1.5575,0.3449
1.2836,0.0004,0.7386,1.3115,0.5283
1.3447,0.0005,0.7251,1.3339,0.3738
1.8600,0.0006,0.7278,1.8248,0.3597
1.2927,0.0005,0.6864,1.3169,0.3369
1.5227,0.0004,0.6638,1.5184,0.3655
1.0699,0.0004,0.6251,1.0770,0.3655
1.5633,0.0007,0.7687,1.5115,0.3374
1.3655,0.0008,0.7622,1.1345,0.3503
1.2444,0.0004,0.7326,1.5105,0.3448
1.4060,0.0005,0.6571,1.2714,0.3571
1.7126,0.0007,0.6264,1.8124,0.3484
1.3435,0.0010,0.7052,1.3223,0.3484
1.5910,0.0006,0.7962,1.5827,0.3567
1.2697,0.0007,0.7889,1.1938,0.3567
1.6488,0.0007,0.7886,1.4783,0.3597
2.0654,0.0006,0.7423,2.3142,0.3399
1.4707,0.0006,0.7070,1.4703,0.3509
2.0166,0.0006,0.6882,1.9880,0.3473
1.4187,0.0003,0.7012,1.4257,0.3233
1.3761,0.0004,0.7198,1.3203,0.3233
1.5468,0.0003,0.7851,1.4672,0.3508
1.7471,0.0007,0.7129,1.7388,0.3412
1.7958,0.0009,0.8523,1.1965,0.3792
2.0724,0.0006,0.9916,2.7887,0.3502
1.4811,0.0005,0.7305,1.5007,0.3502
1.7134,0.0005,0.6471,1.6873,0.3398
1.3220,0.0006,0.6340,1.3426,0.3398
1.5203,0.0003,0.5959,1.3504,0.3326
1.8730,0.0003,0.6671,2.0286,0.3629
1.4180,0.0003,0.6244,1.3802,0.3361
1.2280,0.0008,0.5822,1.2547,0.3560
1.2071,0.0003,0.6030,1.1835,0.3560
2.0507,0.0008,0.5968,1.9284,0.3461
1.3985,0.0004,0.8784,1.4737,0.3692
1.3645,0.0003,0.8264,1.3965,0.3692
1.3620,0.0004,0.6595,1.2023,0.3496
1.7450,0.0005,0.6575,1.8668,0.3453
1.5216,0.0004,0.6279,1.5286,0.3357
1.2279,0.0004,0.5853,1.1653,0.3357
1.7150,0.0006,0.5971,1.7345,0.3432
1.5372,0.0004,0.6952,1.5163,0.3475
1.3284,0.0003,0.6941,1.3583,0.3475
1.5879,0.0004,0.6282,1.5397,0.3481
1.6545,0.0005,0.6694,1.6402,0.3416
1.1281,0.0004,0.7788,0.9720,0.3738
1.3974,0.0005,0.7084,1.4153,0.3538
1.5343,0.0006,0.7491,1.5230,0.3482
1.3377,0.0006,0.8347,1.4329,0.3583
1.8935,0.0003,0.7087,1.9325,0.3597
0.7574,0.0005,0.6715,0.7553,0.3597
1.8325,0.0005,0.6449,1.8228,0.3719
1.0335,0.0004,0.6326,0.9561,0.3719
1.2326,0.0004,0.7472,1.2112,0.3382
1.2168,0.0003,0.6605,1.3399,0.3337
1.7762,0.0007,0.6191,1.6655,0.3523
1.3372,0.0006,0.8776,1.3722,0.3952
1.4869,0.0005,0.8542,1.5013,0.3532
1.2859,0.0003,0.7896,1.3051,0.3646
1.2332,0.0003,0.7215,1.2415,0.3472
1.1606,0.0004,0.6391,1.1491,0.3522
1.4434,0.0005,0.6330,1.4276,0.3370
1.0592,0.0004,0.6424,0.8664,0.3370
1.4058,0.0005,0.6912,1.5161,0.3357
1.3201,0.0004,0.6651,1.2468,0.3516
1.4102,0.0005,0.6418,1.3805,0.3462
1.6614,0.0007,0.6046,1.8513,0.3552
1.2666,0.0005,0.6037,1.2622,0.3553
1.0917,0.0005,0.6337,1.0751,0.3553
1.4410,0.0005,0.6800,1.2331,0.5268
1.4370,0.0004,0.7221,1.6351,0.3493
1.5787,0.0005,0.6790,1.5733,0.3462
1.2661,0.0004,0.6668,1.2745,0.3638
1.1969,0.0004,0.6621,1.1626,0.3557
1.1351,0.0004,0.6650,1.1079,0.3557
1.1475,0.0003,0.6347,1.0210,0.3404
1.3672,0.0005,0.6442,1.4754,0.3361
1.5358,0.0005,0.6365,1.4287,0.3651
1.6976,0.0004,0.6860,1.8211,0.3452
1.2500,0.0005,0.6971,1.2601,0.3518
1.4643,0.0006,0.6483,1.2833,0.3484
1.3119,0.0005,0.8975,1.1660,0.3484
1.9870,0.0006,0.9131,2.2805,0.3602
1.2267,0.0004,0.7159,1.2255,0.3528
1.3036,0.0005,0.6852,1.2589,0.3482
1.2633,0.0005,0.6986,1.2883,0.3548
1.2233,0.0003,0.6576,1.2114,0.3443
1.2358,0.0003,0.6450,1.2456,0.3522
1.2338,0.0003,0.6395,1.2250,0.3518
0.9883,0.0004,0.6347,0.9846,0.3518
1.6685,0.0004,0.6851,1.5079,0.3504
1.3572,0.0005,0.6798,1.5164,0.3488
1.6883,0.0004,0.6340,1.6423,0.3698
1.2687,0.0005,0.7656,1.2028,0.3668
2.1092,0.0005,0.8373,2.1543,0.3386
1.2854,0.0005,0.7301,1.1860,0.3386
1.7174,0.0004,0.6933,1.8214,0.3507
1.1487,0.0006,0.6513,1.1493,0.3536
1.5826,0.0004,0.6677,1.5823,0.3601
1.5865,0.0005,0.6409,1.4684,0.3601
1.3307,0.0005,0.8162,1.0510,0.3422
1.6001,0.0007,0.7698,1.7442,0.3457
1.3411,0.0007,0.7734,1.4980,0.3437
1.7736,0.0007,0.8090,1.7505,0.3490
1.6142,0.0007,0.8684,1.4770,0.3588
1.3145,0.0008,1.1433,1.4731,0.3588
1.8674,0.0007,0.8850,1.8150,0.3498
1.3979,0.0008,0.9142,1.2884,0.3498
1.8024,0.0007,0.8884,1.9483,0.3478
1.9390,0.0007,0.8231,1.8847,0.3377
1.2557,0.0007,0.8228,1.2948,0.3377
1.7094,0.0004,0.8047,1.4755,0.3385
1.9000,0.0003,0.6996,2.1850,0.3385
1.1473,0.0003,0.6556,0.8904,0.3349
1.3151,0.0007,0.6774,1.5230,0.3393
1.9099,0.0005,0.7605,1.8768,0.3669
1.5053,0.0006,0.8393,1.5375,0.3669
2.0363,0.0005,0.7731,2.0223,0.3377
1.9765,0.0006,0.7460,1.9676,0.3608
1.3764,0.0005,0.8013,0.9495,0.3608
1.8772,0.0006,0.7831,2.0184,0.3535
2.1068,0.0005,0.8535,2.3692,0.3539
1.7155,0.0007,0.7473,1.7067,0.3392
1.5768,0.0006,0.7601,1.5705,0.3518
2.2107,0.0007,0.8016,2.1506,0.3574
1.5751,0.0007,1.2672,1.6099,0.3373
1.0338,0.0003,0.7507,0.9347,0.3373
1.6307,0.0004,0.6489,1.7399,0.3460
1.4342,0.0005,0.6577,1.2774,0.3516
1.6080,0.0004,0.6743,1.5331,0.3485
1.3726,0.0004,0.6427,1.6018,0.3537
1.4786,0.0005,0.6394,1.4432,0.3464
1.6245,0.0006,0.6655,1.6262,0.3408
1.5688,0.0004,0.7246,1.5175,0.3408
2.0339,0.0007,0.8136,2.0157,0.3424
1.3313,0.0004,0.8149,1.3911,0.4088
1.6542,0.0004,0.7682,1.6642,0.3419
1.7084,0.0004,0.6705,1.7149,0.3548
1.2753,0.0007,0.6429,1.2396,0.3548
1.3466,0.0005,0.8623,1.2771,0.3629
1.4087,0.0005,0.6418,1.2829,0.3409
1.9045,0.0004,0.6404,2.1153,0.3475
1.1876,0.0004,0.5666,0.9408,0.3475
1.7872,0.0005,0.5819,2.0055,0.3407
1.2335,0.0006,0.6037,1.2357,0.3621
1.6347,0.0006,0.6195,1.5196,0.3672
1.4675,0.0008,0.8576,1.5097,0.3673
1.2824,0.0005,0.8234,1.2954,0.3752
1.2351,0.0005,0.7301,1.2492,0.3513
1.3707,0.0006,0.7128,1.3400,0.3523
1.1114,0.0006,0.7386,1.1447,0.3586
1.0415,0.0006,0.7094,0.8813,0.3586
1.5413,0.0003,0.6822,1.4675,0.3487
1.6928,0.0004,0.7869,1.8900,0.3613
0.8298,0.0003,0.6798,0.7912,0.3613
1.7111,0.0003,0.6410,1.7228,0.3509
1.4665,0.0003,0.6522,1.4981,0.3540
1.1439,0.0005,0.6625,1.0883,0.3540
1.4720,0.0005,0.7502,1.4952,0.3782
1.2267,0.0003,0.8022,1.1871,0.3859
1.5112,0.0004,0.7274,1.5186,0.3567
1.4333,0.0004,0.7058,1.3197,0.3495
1.3008,0.0004,0.6891,1.4116,0.3486
1.3638,0.0004,0.6550,1.1695,0.3664
1.5065,0.0004,0.7896,1.7219,0.3471
1.0894,0.0003,0.6420,1.0879,0.3640
1.3597,0.0003,0.6473,1.3693,0.3640
1.0386,0.0004,0.6446,1.0352,0.3515
1.2578,0.0004,0.6327,1.1706,0.3559
1.8265,0.0006,0.6388,1.8680,0.3662
1.3136,0.0005,0.7190,1.2353,0.3662
1.1859,0.0005,0.8640,1.2056,0.3698
1.9525,0.0006,0.7935,1.9882,0.3593
1.2906,0.0006,0.7191,1.3171,0.3554
1.2327,0.0004,0.6476,1.2391,0.3591
1.1819,0.0003,0.6431,0.9290,0.3591
1.5690,0.0003,0.6090,1.7823,0.3321
1.1813,0.0003,0.5902,1.2179,0.3419
1.2827,0.0003,0.5826,1.2650,0.3506
1.1735,0.0003,0.6384,1.1758,0.3420
1.0689,0.0003,0.5921,1.0316,0.3420
1.2093,0.0003,0.5977,1.1411,0.3560
1.6217,0.0007,0.6604,1.6743,0.3625
0.9735,0.0006,0.8043,0.9818,0.3574
1.4425,0.0006,0.7691,1.4104,0.3723
1.6156,0.0007,0.7194,1.6187,0.3370
0.9955,0.0006,0.6847,1.0322,0.3370
1.5833,0.0006,0.6498,1.5284,0.3530
1.1606,0.0006,0.7722,1.0418,0.3436
2.0682,0.0009,0.7806,2.0657,0.3534
1.3198,0.0007,1.0011,1.3849,0.3534
1.6778,0.0007,0.9648,1.7017,0.3497
1.2293,0.0007,0.8155,1.2444,0.3507
1.1256,0.0005,0.7319,1.0077,0.3454
2.0134,0.0008,0.6787,2.0590,0.3693
1.2977,0.0006,0.8375,1.3438,0.3738
1.1217,0.0003,0.8568,1.1514,0.3770
1.3250,0.0003,0.6670,1.3220,0.3770
1.2282,0.0004,0.6688,1.1749,0.3483
1.1974,0.0004,0.8680,1.1748,0.3458
1.4139,0.0005,0.7195,1.2014,0.3560
1.6011,0.0004,0.6993,1.5375,0.3465
1.4872,0.0004,0.6627,1.6433,0.3592
1.4368,0.0005,0.6557,1.4015,0.3370
1.2930,0.0003,0.6700,1.5108,0.3383
1.6374,0.0005,0.6214,1.3735,0.3521
1.8145,0.0006,0.6714,1.8273,0.3279
1.3676,0.0004,1.1297,1.1999,1.0823
1.9279,0.0005,0.8400,2.2871,0.3333
1.2180,0.0004,0.6592,1.0065,0.3333
1.8421,0.0003,0.6563,2.0516,0.3371
1.5845,0.0004,0.6384,1.4181,0.3414
1.8881,0.0004,0.6457,2.0417,0.3474
1.8242,0.0004,0.6045,1.8218,0.3463
1.2608,0.0004,0.6062,1.2770,0.3411
1.5256,0.0008,0.5864,1.5067,0.3411
1.4282,0.0008,0.6091,1.2066,0.3396
2.0704,0.0007,0.7865,2.2216,0.3401
1.2009,0.0006,0.8613,0.9506,0.3401
1.7276,0.0005,0.7879,2.0253,0.3537
1.5433,0.0005,0.6391,1.5122,0.3607
1.1491,0.0004,0.6657,1.1133,0.3607
1.3893,0.0004,0.7080,1.2241,0.3423
1.8080,0.0004,0.8342,2.0105,0.3424
1.4685,0.0004,0.6363,1.1793,0.3424
1.9097,0.0005,0.6130,2.1827,0.3488
1.1877,0.0004,0.6378,1.1638,0.3451
1.4039,0.0007,0.6592,1.3669,0.3562
1.1002,0.0003,0.7863,0.9064,0.3562
2.0287,0.0003,0.7128,2.2456,0.3488
1.0772,0.0005,0.6728,1.0761,0.3488
1.6092,0.0005,0.6657,1.5870,0.3534
0.9493,0.0006,0.6982,0.9413,0.3534
1.7740,0.0003,0.6467,1.7720,0.3463
1.8140,0.0005,0.6409,1.8151,0.3475
1.1779,0.0004,0.6215,0.8646,0.3475
1.8764,0.0004,0.6379,2.1508,0.3328
1.6587,0.0003,0.6968,1.4671,0.3437
1.6606,0.0005,0.7858,1.7886,0.3433
1.5527,0.0005,0.7760,1.4071,0.5434
1.8991,0.0004,0.8007,2.0683,0.3398
1.2112,0.0005,0.7373,1.2216,0.3398
1.4705,0.0005,0.6569,1.5007,0.3642
1.9903,0.0004,0.6275,1.9570,0.3477
1.5906,0.0003,0.6467,1.5968,0.3507
1.1663,0.0003,0.6241,1.1636,0.3498
1.4852,0.0003,0.5835,1.4691,0.3498
2.0953,0.0004,0.6274,2.0409,0.3608
1.2699,0.0005,0.9051,1.0988,0.3608
1.5626,0.0006,1.1519,1.6213,0.3661
1.5549,0.0006,0.8299,1.6437,0.3814
1.4680,0.0004,0.8974,1.4013,0.3913
1.4969,0.0006,0.9231,1.4473,0.3464
1.9115,0.0006,1.0451,2.0387,0.3477
1.2873,0.0005,0.7935,1.3066,0.3477
1.6380,0.0005,0.7346,1.4551,0.3636
1.4627,0.0004,0.7615,1.6080,0.3532
1.2165,0.0004,0.7898,1.2363,0.3472
1.4515,0.0004,0.7936,1.4127,0.3621
1.7462,0.0004,0.7342,1.7516,0.3544
1.8544,0.0008,0.8405,1.3177,0.3620
1.0461,0.0005,1.3666,1.4733,0.3769
1.9966,0.0005,0.8520,2.0349,0.3433
0.9797,0.0005,0.8044,1.0618,0.3433
1.4339,0.0004,0.7361,1.2077,0.3431
1.6692,0.0004,0.8333,1.8544,0.3483
1.3069,0.0005,0.7644,1.3223,0.3547
1.0029,0.0004,0.7337,0.9276,0.3547
1.5983,0.0003,0.7443,1.6125,0.3439
2.0936,0.0004,0.7746,2.0942,0.3415
1.2489,0.0007,0.7889,1.2508,0.3415
1.5539,0.0006,0.7893,1.4760,0.3360
2.3830,0.0007,0.8304,2.4010,0.3501
0.9799,0.0004,0.8979,1.0573,0.3562
1.2388,0.0006,0.8172,1.2492,0.3562
1.5465,0.0006,0.6670,1.4989,0.3735
1.4806,0.0006,0.7847,1.3567,0.3638
1.8830,0.0005,0.7979,1.7139,0.3473
2.3752,0.0010,0.7842,2.5534,0.3817
1.5959,0.0005,1.0166,1.6502,0.3467
1.4074,0.0005,0.9373,1.4325,0.3467
2.1217,0.0010,0.9890,2.0415,0.3627
1.4311,0.0007,1.0630,1.3738,0.3627
1.8211,0.0008,1.0266,1.9008,0.3490
1.6613,0.0006,0.9084,1.6831,0.3490
1.9574,0.0005,0.8618,1.9494,0.3439
1.6136,0.0007,0.8504,1.4327,0.3439
1.6211,0.0009,1.0144,1.7984,0.3572
1.8440,0.0006,0.8443,1.8337,0.3501
1.7662,0.0006,0.7964,1.3190,0.3501
2.1356,0.0005,0.8609,2.4900,0.3531
1.4549,0.0004,1.0785,1.4038,0.3531
1.4866,0.0005,0.8961,1.6013,0.3722
1.5085,0.0004,0.8334,1.5343,0.3437
1.5448,0.0006,0.7044,1.3809,0.3412
1.9057,0.0008,0.6717,1.9877,0.3418
1.3999,0.0005,0.8298,1.4514,0.3418
1.8916,0.0006,0.8044,1.8178,0.3519
1.6239,0.0008,0.8360,1.4716,0.3381
2.0796,0.0006,0.8945,2.2361,0.3336
1.9020,0.0005,0.8432,1.8742,0.3502
1.6557,0.0007,0.9444,1.6522,0.3715
1.8705,0.0006,1.0110,1.8830,0.3678
1.6569,0.0006,0.8463,1.6716,0.3486
1.5555,0.0009,0.7832,1.4981,0.3486
1.9067,0.0008,1.1674,1.9089,0.3571
1.3583,0.0008,0.9165,1.3921,0.3571
1.8062,0.0005,0.8296,1.8063,0.3383
1.3456,0.0007,0.7906,1.1596,0.3383
1.9819,0.0006,0.7335,2.1600,0.3630
1.5522,0.0006,0.7631,0.9971,0.3577
1.9568,0.0006,1.2746,2.4189,0.3572
1.3894,0.0009,1.0019,1.0218,0.3572
1.9802,0.0007,0.8685,2.1583,0.3351
1.9129,0.0008,0.8789,2.1220,0.3529
1.8730,0.0005,0.8890,1.8746,0.3491
1.7791,0.0007,0.7920,1.7616,0.3578
1.3462,0.0006,0.9652,1.3795,0.3578
1.3632,0.0006,0.7959,1.3751,0.3492
1.8088,0.0005,0.7261,1.7947,0.3347
1.8689,0.0007,0.7324,1.7455,0.3739
1.3826,0.0007,0.9229,1.3752,0.3739
1.7410,0.0009,0.9569,1.8141,0.3607
1.4659,0.0007,1.2278,1.5131,0.3399
1.6251,0.0005,0.7249,1.4110,0.3370
1.7853,0.0004,0.7946,1.9039,0.3547
1.3636,0.0005,0.7263,1.4059,0.3547
1.5885,0.0004,0.7131,1.3653,0.3573
1.7207,0.0003,0.7616,1.7621,0.3503
1.7366,0.0004,0.7174,1.5875,0.3408
1.9662,0.0009,0.6988,1.8844,0.3383
1.7264,0.0007,1.0626,2.0915,0.3716
1.9910,0.0006,1.2239,1.9866,0.3508
1.1550,0.0005,0.7867,1.2129,0.3508
1.6024,0.0005,0.7340,1.5738,0.3482
1.5625,0.0006,0.7108,1.5777,0.3444
1.6136,0.0005,0.6590,1.5975,0.3359
1.5927,0.0005,0.7097,1.5988,0.3618
1.4900,0.0005,0.6997,1.4783,0.3438
1.4982,0.0004,0.6597,1.5064,0.3661
1.8445,0.0008,0.6305,1.7829,0.3477
1.1113,0.0007,0.7929,1.0801,0.3477
1.8571,0.0006,0.8716,1.8697,0.3737
1.2483,0.0007,0.9603,1.1783,0.3667
1.7900,0.0004,1.0613,1.8250,0.3478
1.4232,0.0008,0.7728,1.4561,0.3486
1.3904,0.0007,0.8052,1.3471,0.3755
1.0776,0.0007,0.8099,1.0996,0.3755
1.7582,0.0005,0.7556,1.7548,0.3678
1.3917,0.0004,0.7271,1.4010,0.3523
1.9541,0.0005,0.7185,1.9020,0.3530
1.3285,0.0003,0.8129,1.3509,0.3530
1.3875,0.0004,0.8180,1.2673,0.3536
2.2728,0.0005,0.8350,2.4011,0.3624
0.9407,0.0003,0.7290,0.9189,0.3624
1.7167,0.0004,0.7170,1.6955,0.3480
1.1064,0.0004,0.7562,1.1335,0.3480
1.6913,0.0005,0.7437,1.7127,0.3515
1.4052,0.0005,0.7024,1.3002,0.3515
2.1160,0.0006,0.6911,2.1482,0.3579
1.3210,0.0005,0.7453,1.3530,0.3446
1.3064,0.0009,0.7632,1.0810,0.3446
1.8271,0.0007,0.8533,1.5819,0.3456
1.3505,0.0005,1.1898,1.5637,0.3544
1.6685,0.0006,0.9955,1.8546,0.3759
1.3362,0.0006,0.8376,1.3872,0.3410
1.5612,0.0005,0.7017,1.5462,0.3291
1.6006,0.0005,0.7079,1.3269,0.3387
1.6847,0.0005,0.6800,1.9644,0.3534
1.6862,0.0004,0.6449,1.6355,0.3370
1.7645,0.0005,0.6587,1.7327,0.3340
1.3237,0.0004,0.7678,1.3842,0.3413
1.5115,0.0004,0.6794,1.4963,0.3413
1.5280,0.0007,0.6261,1.2153,0.3538
1.8433,0.0006,0.8016,1.8062,0.3815
2.2000,0.0006,0.8813,2.3889,0.3439
1.6190,0.0005,0.9151,1.7302,0.3474
1.4012,0.0004,0.7769,1.4148,0.3474
1.8827,0.0004,0.6731,1.8657,0.3434
1.4176,0.0003,0.6968,1.4275,0.3524
1.4033,0.0005,0.6852,1.3501,0.3407
1.2920,0.0004,0.6970,1.3198,0.3695
1.8103,0.0003,0.7609,1.7355,0.3631
1.3022,0.0005,0.8032,1.3447,0.3631
1.8440,0.0008,0.8257,1.7712,0.3662
1.5501,0.0004,0.8882,1.6209,0.3662
1.6912,0.0004,0.7673,1.6915,0.3474
1.3735,0.0005,0.7062,1.3827,0.3474
1.3122,0.0004,0.7255,1.2844,0.3510
1.2151,0.0005,0.7792,1.2366,0.3505
1.8445,0.0007,0.9891,1.7797,0.3593
1.7157,0.0010,0.7699,1.6877,0.3759
1.4007,0.0010,0.8770,1.4459,0.3506
1.9531,0.0004,0.7578,1.9429,0.3506
1.6403,0.0005,0.7108,1.3874,0.3483
1.6061,0.0005,0.7904,1.7357,0.8659
2.1141,0.0006,0.7823,2.1675,0.3400
1.5784,0.0005,0.8394,1.5920,0.3400
1.8200,0.0007,0.7814,1.7270,0.3352
1.1975,0.0003,0.8530,1.1117,0.3352
1.4599,0.0005,0.7064,1.5858,0.3604
1.5688,0.0004,0.7375,1.4567,0.3534
1.6467,0.0004,0.7489,1.8001,0.3381
1.6951,0.0004,0.7327,1.6255,0.3469
1.5331,0.0006,0.7498,1.5317,0.3469
1.6404,0.0006,0.9700,1.3722,0.3610
1.8050,0.0006,0.9793,1.8693,0.3478
1.9203,0.0005,0.7843,2.1178,0.3492
1.2413,0.0003,0.7708,1.2608,0.3407
1.4661,0.0004,0.7927,1.4672,0.3537
1.2045,0.0003,0.8615,1.1534,0.3537
1.4842,0.0004,0.6951,1.3400,0.3493
1.5492,0.0008,0.7278,1.5349,0.3523
2.0716,0.0006,0.7127,2.2102,0.3432
1.7825,0.0006,0.8142,1.7859,0.3432
1.2153,0.0010,0.9635,1.0736,0.3564
2.2547,0.0005,1.0629,2.3881,0.3364
1.6223,0.0005,0.7698,1.6348,0.3442
1.3183,0.0003,0.8031,1.3402,0.3442
1.9322,0.0007,0.7173,1.8656,0.3278
1.4237,0.0005,0.7877,1.4610,0.3605
1.4652,0.0005,0.7910,1.4778,0.3489
1.5035,0.0005,0.7255,1.4918,0.3388
1.7516,0.0004,0.7513,1.7469,0.3602
1.4279,0.0004,0.7313,1.4215,0.3602
1.8630,0.0007,0.7273,1.7898,0.3481
1.3668,0.0007,1.0784,1.1975,0.3783
1.9030,0.0007,1.1544,1.6824,0.3505
2.0284,0.0008,0.7560,2.4078,0.3500
1.0915,0.0005,0.8635,1.0732,0.3500
1.7992,0.0005,0.7778,1.8776,0.3427
2.0946,0.0005,0.7206,1.9570,0.3544
1.2720,0.0004,0.8505,1.3748,0.3353
1.3461,0.0007,0.7806,1.3644,0.3353
1.4663,0.0007,0.7027,1.4551,0.3476
1.9183,0.0007,0.6710,1.8497,0.3884
1.4917,0.0004,0.7859,1.4822,0.3884
1.2225,0.0004,0.8597,1.1076,0.3583
1.7345,0.0005,0.7312,1.4922,0.3728
2.0241,0.0006,0.7740,2.3623,0.3313
1.6630,0.0006,0.7735,1.6134,0.3505
1.1325,0.0004,0.7888,1.2179,0.3505
1.7641,0.0010,0.6786,1.3721,0.3395
1.5955,0.0008,0.7561,1.7202,0.3414
2.3128,0.0006,0.7538,2.4854,0.3611
1.6390,0.0007,0.8016,1.6161,0.3425
1.0032,0.0005,0.9708,1.0610,0.3425
1.7810,0.0006,0.8422,1.5634,0.3725
1.7279,0.0007,0.7349,1.8548,0.3391
1.6702,0.0010,0.9452,1.7116,0.3574
2.1266,0.0007,0.8978,2.1171,0.3655
1.2431,0.0162,0.8683,1.2660,0.3471
1.8060,0.0008,0.8228,1.6797,0.3471
1.7582,0.0006,0.8541,1.8671,0.3589
1.5364,0.0009,0.8558,1.2520,0.3484
2.0713,0.0009,0.7627,2.2639,0.3538
1.5991,0.0006,0.8340,1.3970,0.9384
1.8628,0.0006,0.9166,1.9312,0.3988
2.3535,0.0005,1.0300,2.5185,0.3587
1.1353,0.0004,0.7848,1.1631,0.3587
1.1853,0.0004,0.7764,1.1167,0.3397
2.2343,0.0005,0.7302,2.2586,0.3393
0.9200,0.0003,0.7258,0.9489,0.3522
1.6333,0.0005,0.6860,1.6000,0.3407
1.1896,0.0004,0.6798,1.1875,0.3407
2.1186,0.0007,0.6751,2.0013,0.3636
1.3511,0.0006,0.8867,1.2558,0.3636
1.7159,0.0006,0.9475,1.8114,0.3782
1.6744,0.0006,0.8485,1.7127,0.3563
1.9716,0.0006,0.8185,1.9740,0.3468
1.5281,0.0007,0.7681,1.5032,0.3629
1.5518,0.0007,0.7718,1.5765,0.3278
1.4388,0.0005,0.7875,1.4786,0.3447
1.5502,0.0005,0.7136,1.4817,0.3490
1.3278,0.0004,0.7445,1.3694,0.3570
1.6016,0.0004,0.7311,1.5595,0.3745
1.6315,0.0008,0.8117,1.5965,0.3614
1.2144,0.0003,0.9267,0.8562,0.3614
1.6883,0.0006,0.8166,1.9026,0.3552
1.4927,0.0005,0.7202,1.5719,0.3324
2.1970,0.0007,0.7202,2.2691,0.3447
1.1249,0.0006,0.7985,0.8408,0.3447
1.5731,0.0009,0.7708,1.8507,0.3503
1.6148,0.0009,0.7718,1.5629,0.3469
1.3527,0.0008,0.8509,1.4134,0.3570
1.2383,0.0007,0.7525,1.2318,0.3386
1.3208,0.0005,0.7037,1.3176,0.3386
2.0273,0.0010,0.7579,1.9252,0.3531
1.9034,0.0008,0.9698,1.9062,0.3808
1.2536,0.0006,1.0094,1.3133,0.3347
1.6217,0.0009,0.8517,1.6038,0.3347
1.6470,0.0007,0.7788,1.5008,0.3426
1.7619,0.0006,0.7558,1.7573,0.3366
2.0926,0.0006,0.7639,2.2658,0.3420
1.3034,0.0005,0.7421,0.9779,0.3420
2.1726,0.0008,0.7093,2.4830,0.3441
1.5405,0.1830,0.6894,1.5176,0.3441
1.6022,0.0007,1.0307,1.3155,0.3577
2.2024,0.0007,0.8588,2.3434,0.3589
1.4400,0.0006,0.9256,1.5833,0.3532
1.8211,0.0006,0.7490,1.7563,0.3553
1.1151,0.0006,0.7614,1.1717,0.3553
1.6856,0.0005,0.7129,1.6720,0.3563
1.3625,0.0006,0.7536,1.0991,0.3533
1.8317,0.0007,0.7186,2.0494,0.3430
1.9790,0.0006,0.7679,1.9955,0.3368
1.6588,0.0006,0.7723,1.6220,0.3615
1.5888,0.0008,0.8395,1.5747,0.5308
1.4843,0.0007,0.9762,1.5273,0.5308
1.8690,0.0004,0.8668,1.8591,0.3655
1.5807,0.0004,0.7805,1.5936,0.3387
1.1773,0.0005,0.7428,0.9301,0.3433
1.5087,0.0003,0.7179,1.7454,0.3413
1.7306,0.0004,0.7085,1.7088,0.3355
2.3068,0.0009,0.7208,2.2750,0.3630
1.2093,0.0009,0.8058,1.1576,0.3630
2.3999,0.0007,0.7770,2.1323,0.3410
1.7543,0.0006,1.2878,2.0350,0.3410
1.6302,0.0006,1.0187,1.6551,0.3533
1.6510,0.0010,0.8296,1.4728,0.3533
1.9591,0.0006,0.8463,2.1389,0.3586
1.8847,0.0008,0.7504,1.8662,0.3397
1.6271,0.0007,0.7559,1.6444,0.3417
1.8841,0.0005,0.7315,1.8720,0.3599
1.2186,0.0005,0.7074,1.2394,0.3599
19.8301,0.0010,19.0863,1.3556,0.3412
1.0493,0.0007,1.4761,1.5571,0.3412
1.5906,0.0007,1.1634,1.8762,0.3412
1.4863,0.0005,0.7601,1.4762,0.3561
1.6725,0.0005,0.8370,1.5747,0.3546
1.8487,0.0009,0.8062,1.9996,0.3552
1.6558,0.0006,0.7729,1.6164,0.3484
1.4708,0.0006,0.7425,1.5462,0.3407
1.8051,0.0007,0.7671,1.7751,0.3459
1.2373,0.0006,0.8508,1.1876,0.3459
1.8937,0.0006,0.7739,1.9136,0.3568
2.1564,0.0009,0.8221,1.7496,0.5433
1.2511,0.0006,1.4333,1.4691,0.5433
2.0391,0.0005,0.9195,2.2129,0.3378
1.2482,0.0006,0.7697,1.2725,0.3428
1.8119,0.0005,0.7434,1.7973,0.3366
1.3121,0.0005,0.7369,1.3239,0.3325
1.7424,0.0005,0.7233,1.6522,0.3502
1.5688,0.0007,0.7366,1.5266,0.3445
1.8675,0.0003,0.9139,1.8831,0.3542
1.1621,0.0005,0.9254,1.0598,0.3542
1.5638,0.0005,0.7671,1.6681,0.3559
1.6244,0.0007,0.8429,1.6549,0.3547
1.4567,0.0006,0.8065,1.4910,0.3580
1.6542,0.0005,0.7242,1.6604,0.3522
1.6347,0.0006,0.6929,1.6230,0.3400
1.5452,0.0006,0.7370,1.3279,0.3400
1.8530,0.0007,0.7595,1.7628,0.3450
2.3149,0.0005,0.8605,2.5662,0.3710
1.4075,0.0006,0.8402,1.4468,0.3556
1.7711,0.0003,0.7361,1.7574,0.3522
1.3991,0.0004,0.6849,1.0621,0.3522
2.2152,0.0008,0.8462,2.4550,0.3685
1.3412,0.0006,0.9514,1.3818,0.3685
2.0075,0.0006,0.8110,2.0186,0.3637
1.3245,0.0004,0.7174,1.2986,0.3473
1.5710,0.0003,0.7105,1.5706,0.3476
1.3118,0.0005,0.7146,1.2935,0.3363
1.9132,0.0004,0.8008,1.8209,0.3428
1.7029,0.0005,0.8627,1.7990,0.3458
1.5880,0.0005,0.7360,1.6052,0.3458
1.8572,0.0007,0.6737,1.7795,0.3703
1.7191,0.0005,0.8382,1.5766,0.3703
1.7277,0.0006,0.8656,1.7532,0.3672
2.0391,0.0004,0.7577,2.1799,0.3378
1.2967,0.0006,0.7547,1.3278,0.3378
1.9482,0.0008,0.7223,1.8967,0.3383
1.5248,0.0007,0.7697,1.5633,0.3286
1.7005,0.0007,0.7191,1.5884,0.3551
1.2491,0.0004,0.8040,1.3805,0.3709
1.3737,0.0004,0.6528,1.3495,0.3709
1.9421,0.0005,0.6152,1.8922,0.3385
1.8142,0.0008,0.7264,1.8003,0.3648
1.7804,0.0005,0.8687,1.6615,0.3409
0.9727,0.0016,0.9242,1.0057,0.3409
1.8684,0.0006,0.9810,1.9529,0.3504
1.7729,0.0010,1.0690,1.7571,0.3565
1.7281,0.0005,0.8869,1.7638,0.3565
1.6978,0.0005,0.7237,1.6997,0.3377
1.5129,0.0004,0.6152,1.2098,0.3361
1.7099,0.0005,0.6697,1.9868,0.3547
1.5407,0.0005,0.7127,1.5141,0.3547
1.7399,0.0004,0.7781,1.7413,0.3467
1.5686,0.0003,0.7715,1.5716,0.3467
1.5150,0.0005,0.7568,1.5155,0.3450
1.5682,0.0006,0.6963,1.5083,0.3450
1.6338,0.0004,0.7793,1.6720,0.3639
1.6112,0.0004,0.7512,1.5877,0.3493
1.7302,0.0003,0.7567,1.7231,0.3520
1.6158,0.0004,0.6886,1.5600,0.3576
1.5237,0.0004,0.7887,1.5952,0.3576
1.4496,0.0007,0.6974,1.3874,0.3391
2.6387,0.0008,0.7635,2.5387,0.3857
1.2026,0.0005,0.9479,1.3142,0.3458
1.6837,0.0004,0.9379,1.6683,0.3617
1.4375,0.0003,0.8234,1.4502,0.3617
1.8962,0.0004,0.7932,1.8697,0.3401
1.8769,0.0004,0.7795,1.8957,0.3590
1.3776,0.0005,0.7838,1.3921,0.3590
1.2645,0.0006,0.6693,1.0207,0.3392
1.7649,0.0003,0.6501,2.0063,0.3509
1.2694,0.0004,0.6272,1.2284,0.3509
1.7231,0.0006,0.5977,1.6744,0.3581
1.4237,0.0005,0.7750,1.4483,0.3888
1.8968,0.0004,0.8012,1.9194,0.3521
1.0617,0.0005,0.7086,1.0614,0.3521
1.7850,0.0003,0.6961,1.7758,0.3414
1.7945,0.0005,0.6211,1.7844,0.3502
1.1718,0.0005,0.6764,1.1878,0.3412
1.4705,0.0004,0.6739,1.4736,0.3586
1.3873,0.0003,0.6194,1.2722,0.3586
1.5942,0.0005,0.6189,1.4545,0.3493
1.8130,0.0006,0.6304,2.0336,0.3484
1.4846,0.0004,0.6441,1.3877,0.3602
1.4892,0.0007,0.9149,1.5546,0.3734
1.2586,0.0005,0.7760,1.2087,0.3608
1.1756,0.0003,0.8045,1.2286,0.3608
1.3847,0.0003,0.6825,1.3990,0.3435
1.7479,0.0003,0.6286,1.7416,0.3306
1.6693,0.0004,0.6085,1.6377,0.3558
1.0995,0.0003,0.6809,1.1173,0.3558
1.6644,0.0003,0.6599,1.6110,0.3505
1.5819,0.0004,0.6932,1.4955,0.3398
1.1622,0.0003,0.9479,1.1643,0.3398
1.8188,0.0006,0.7680,1.8998,0.3525
1.5835,0.0006,0.7541,1.5587,0.3525
1.7758,0.0005,0.8215,1.7924,0.3455
1.5492,0.0005,0.7472,1.5913,0.3455
1.7022,0.0004,0.6112,1.6738,0.3486
1.5689,0.0004,0.6508,1.5714,0.3422
1.6314,0.0006,0.6066,1.5565,0.3436
2.0263,0.0005,0.7051,2.0548,0.3518
1.4086,0.0003,0.7706,1.4367,0.3518
1.5732,0.0003,0.6529,1.5393,0.3438
1.3523,0.0006,0.6044,1.3149,0.3438
1.5294,0.0005,0.6571,1.2408,0.3576
2.0639,0.0005,0.9328,2.2827,0.3574
1.4235,0.0004,0.8846,1.2709,0.3574
1.6037,0.0005,0.8270,1.7142,0.3361
2.1080,0.0006,0.7230,2.1231,0.3462
1.3400,0.0006,0.8679,1.1728,0.3462
1.8323,0.0006,0.8049,1.8735,0.3539
1.6868,0.0004,0.8054,1.7952,0.3488
2.0166,0.0005,0.7702,1.9793,0.3443
1.7588,0.0007,0.8501,1.7718,0.3421
2.2851,0.0008,1.0756,2.2130,0.3741
1.4366,0.0007,1.0544,1.5150,0.3741
1.3803,0.0007,0.9393,1.2125,0.3462
1.7867,0.0006,0.8371,1.9391,0.3397
1.5677,0.0005,0.8752,1.4986,0.3368
1.7201,0.0007,0.8837,1.6529,0.3529
1.8964,0.0006,0.9442,2.0274,0.3328
1.8533,0.0007,1.0053,1.8073,0.3514
1.2945,0.0010,1.0432,1.3168,0.3630
2.1968,0.0008,0.9177,1.7007,0.3630
1.9588,0.0007,1.5691,2.3873,0.3811
1.3336,0.0008,1.2993,1.1804,0.3811
1.9717,0.0003,0.8763,2.1583,0.3315
1.6416,0.0005,0.8761,1.6656,0.3315
1.6486,0.0004,0.7938,1.6462,0.3410
1.3808,0.0003,0.7600,1.2472,0.3410
1.7531,0.0005,0.7811,1.7589,0.3422
2.2726,0.0004,0.8195,2.3639,0.3471
4.1695,0.0009,1.0631,1.4342,0.3418
2.1742,0.0007,4.2443,3.9737,0.3524
2.2235,0.0006,2.1565,1.6016,0.3514
2.4601,0.0009,2.1962,1.5266,0.3539
1.7270,0.0010,2.4921,1.5266,0.3403
1.7557,0.0008,1.6722,1.5899,0.3457
1.4748,0.0006,1.7693,1.8423,0.3460
1.7563,0.0010,1.4156,1.8191,0.3385
1.3738,0.0009,1.7862,2.1112,0.3385
1.7796,0.0007,1.2261,1.7775,0.3902
1.8581,0.0006,1.0897,1.7689,0.3514
2.0297,0.0008,0.9290,2.1347,0.3687
1.9666,0.0008,0.8839,1.8624,0.3556
1.4810,0.0009,1.0807,1.3653,0.3556
2.0608,0.0008,0.9368,2.0806,0.3507
2.0345,0.0008,0.9202,2.1989,0.3393
2.1571,0.0007,0.8898,2.0792,0.3519
1.3590,0.0008,0.9890,1.4045,0.3638
2.0519,0.0005,0.9540,2.0432,0.3759
2.0182,0.0005,0.9966,2.0302,0.3496
1.5284,0.0005,0.8740,1.2636,0.3409
1.9796,0.0005,0.8052,2.2505,0.3348
1.7739,0.0007,0.7702,1.6062,0.3411
1.8682,0.0005,0.9011,1.8238,0.3501
2.0401,0.0007,0.8218,2.2018,0.3341
1.8298,0.0005,0.8068,1.8345,0.3565
1.2027,0.0006,0.8464,1.1430,0.3565
1.8277,0.0008,0.8969,1.6285,0.4010
1.2817,0.0006,1.0307,1.4990,0.4010
1.5620,0.0005,0.8681,1.6160,0.3631
1.5205,0.0005,0.7058,1.4705,0.3596
1.4840,0.0006,0.7546,1.4677,0.3430
1.5423,0.0008,0.8466,1.4784,0.3530
1.5570,0.0004,0.8280,1.6745,0.3418
1.3976,0.0004,0.7117,1.3997,0.3447
1.3413,0.0005,0.6804,1.3213,0.3457
1.4576,0.0006,0.7570,1.3204,0.3451
2.0611,0.0006,0.9547,2.0706,0.3686
1.4705,0.0006,1.0703,1.5644,0.3785
1.4646,0.0006,0.9138,1.4561,0.3781
1.0809,0.0004,0.7654,1.1080,0.3781
1.4658,0.0003,0.7195,1.4624,0.3504
1.7112,0.0006,0.7261,1.6307,0.3738
1.5371,0.0005,1.0343,1.5878,0.3497
1.0180,0.0004,0.7710,1.0464,0.3497
1.2981,0.0003,0.8733,1.1805,0.3492
1.9920,0.0003,0.9521,2.0467,0.3441
1.7510,0.0003,0.7216,1.5306,0.3547
1.3187,0.0006,1.0557,1.3433,0.3547
1.5276,0.0008,1.1151,1.6266,0.3735
2.0733,0.0007,0.9144,2.1126,0.3339
1.7823,0.0008,0.9566,1.7919,0.3604
1.3526,0.0006,0.9058,1.3812,0.3604
1.5340,0.0006,0.8687,1.5489,0.3454
1.5606,0.0005,0.7274,1.5422,0.3454
1.8410,0.0006,0.7667,1.8351,0.3367
1.5345,0.0004,0.8530,1.5411,0.3367
1.6149,0.0005,0.7204,1.3211,0.3430
1.5975,0.0005,0.6788,1.8285,0.3430
1.8219,0.0005,0.8072,1.8367,0.3739
1.6945,0.0004,0.8093,1.7147,0.3739
1.6182,0.0005,0.6779,1.5802,0.3478
1.4639,0.0005,0.7976,1.4783,0.3528
1.8606,0.0007,0.8105,1.8527,0.3380
1.3152,0.0005,0.7368,1.1206,0.3263
1.7538,0.0005,0.7158,1.7145,0.3535
2.0241,0.0006,0.7065,2.2606,0.3528
1.4050,0.0005,0.6818,1.3617,0.3313
1.3194,0.0005,0.7137,1.1115,0.3313
1.9380,0.0004,0.7621,2.1423,0.3518
1.6009,0.0008,0.7967,1.5852,0.3442
1.7678,0.0005,0.8546,1.7814,0.3668
1.2689,0.0004,0.7933,1.0949,0.3668
1.3648,0.0006,0.7339,1.4674,0.3499
1.8436,0.0004,0.7238,1.9284,0.3504
1.8035,0.0004,0.6740,1.7923,0.3519
1.4545,0.0003,0.6940,1.3502,0.3410
1.7146,0.0004,0.6861,1.7978,0.3524
1.9262,0.0005,0.7249,1.8488,0.3443
1.9790,0.0005,0.8668,1.9793,0.3569
1.4507,0.0006,0.9653,1.3595,0.3443
1.8330,0.0005,0.9266,1.9571,0.3651
1.4624,0.0005,0.8145,1.4817,0.3408
1.5491,0.0004,0.7908,1.5757,0.3408
1.5861,0.0004,0.6990,1.5441,0.3485
1.6732,0.0004,0.7001,1.4756,0.3487
1.8838,0.0003,0.7357,2.0997,0.3611
1.6016,0.0004,0.6562,1.5855,0.3541
1.1488,0.0003,0.6698,1.1481,0.3541
2.2959,0.0006,0.7248,2.1520,0.3573
1.8051,0.0006,0.9967,1.8648,0.3505
1.6862,0.0007,1.1576,1.6889,0.3505
1.5546,0.0007,0.8915,1.4995,0.3575
1.6101,0.0006,0.8651,1.6543,0.3575
1.6119,0.0007,0.7741,1.6454,0.3507
1.5185,0.0004,0.7033,1.4899,0.3378
2.0179,0.0005,0.7001,2.0032,0.3428
1.4596,0.0004,0.7414,1.2966,0.3428
1.5687,0.0007,0.6785,1.6193,0.3436
1.9892,0.0008,0.7392,1.9843,0.3810
1.8792,0.0007,1.2081,1.9886,0.3546
1.7862,0.0004,0.8417,1.7985,0.3476
1.5313,0.0004,0.7106,1.4693,0.3476
1.8839,0.0005,0.7475,1.9311,0.3435
1.5720,0.0005,0.6871,1.5613,0.3520
1.7375,0.0005,0.7027,1.6546,0.3581
2.0086,0.0006,0.6883,1.9186,0.3382
1.7491,0.0006,0.9316,1.3858,0.3668
1.8865,0.0009,1.0838,2.3023,0.3603
1.3868,0.0008,1.0471,1.4417,0.3603
1.4068,0.0007,0.8927,1.4461,0.3665
1.8868,0.0006,0.7020,1.8511,0.3367
1.6906,0.0006,0.6986,1.7056,0.3367
1.6220,0.0006,0.6920,1.6026,0.3566
1.2614,0.0008,0.7024,1.2680,0.3566
1.3792,0.0005,0.7217,1.1084,0.3461
1.6015,0.0006,0.6929,1.8260,0.3350
1.7740,0.0005,0.7913,1.7453,0.3376
1.9712,0.0008,0.8634,1.3591,0.3643
1.2914,0.0007,1.3719,1.8701,0.3490
1.4483,0.0005,0.9205,1.2598,0.3490
1.9595,0.0006,0.9171,2.1705,0.3541
1.4547,0.0005,0.8136,1.4713,0.3541
1.5014,0.0005,0.7359,1.4857,0.3528
1.6711,0.0005,0.6960,1.6416,0.3402
1.8463,0.0008,0.7601,1.7512,0.3502
1.9848,0.0006,0.9176,2.0501,0.3419
1.2133,0.0007,0.8964,1.1309,0.3528
1.4561,0.0010,0.8099,1.5134,0.3680
1.9186,0.0009,0.8053,1.7659,0.3577
1.9569,0.0007,0.9011,2.1550,0.3630
1.7680,0.0008,0.8443,1.7569,0.3525
1.7332,0.0005,0.7865,1.6984,0.3620
1.2538,0.0005,0.7583,1.1105,0.3620
1.8755,0.0005,0.7569,2.0242,0.3491
1.1378,0.0004,0.7442,1.1632,0.3491
1.5080,0.0004,0.6998,1.4920,0.3466
1.8310,0.0004,0.6845,1.7933,0.3537
1.2684,0.0007,0.7503,1.1349,0.3537
1.4934,0.0006,0.7893,1.5189,0.3495
2.1099,0.0009,0.8859,2.1113,0.3659
1.6822,0.0006,0.9594,1.7604,0.3423
1.1334,0.0007,0.9466,0.9804,0.3423
1.9378,0.0005,0.8972,2.0972,0.3448
1.5187,0.0004,0.7094,1.5119,0.3448
1.9175,0.0005,0.6858,1.8796,0.3429
1.4235,0.0005,0.7911,1.4192,0.3449
1.7527,0.0004,0.8691,1.7546,0.3386
1.1944,0.0004,0.7967,1.2104,0.3436
1.7404,0.0009,0.7707,1.6475,0.3648
1.4915,0.0008,0.9344,1.5150,0.3540
1.2963,0.0008,1.0002,1.3310,0.3540
1.2822,0.0007,0.9716,1.1703,0.3463
1.7588,0.0006,1.0663,1.8294,0.3475
1.2683,0.0007,0.7400,1.3022,0.3475
1.8510,0.0007,0.7400,1.8484,0.3643
2.0261,0.0009,0.7211,1.8321,0.3579
1.1387,0.0008,0.9850,1.0695,0.3579
1.6789,0.0006,0.8216,1.8390,0.3470
1.8075,0.0008,0.7122,1.6357,0.3452
2.2023,0.0006,0.7861,2.3709,0.3808
1.3552,0.0005,0.8590,1.1336,0.3808
1.3515,0.0005,0.8003,1.5723,0.3524
1.8988,0.0005,0.7887,1.9322,0.3609
1.5277,0.0005,0.7470,1.2708,0.3340
1.7867,0.0004,0.7532,1.8786,0.3582
1.8473,0.0006,0.7955,1.9561,0.3428
1.7470,0.0005,0.7990,1.7490,0.3315
1.7663,0.0002,0.7586,1.7665,0.3616
1.3381,0.0004,0.7406,1.3217,0.3616
2.0270,0.0007,0.8077,1.8085,0.3389
1.5620,0.0008,1.0020,1.7673,0.3552
1.6742,0.0006,0.8664,1.6899,0.3727
1.6534,0.0006,0.7844,1.6633,0.3321
1.6057,0.0006,0.7684,1.5719,0.3351
1.8158,0.0005,0.8261,1.8130,0.3562
1.0219,0.0005,0.8439,0.8854,0.3562
1.5845,0.0005,0.7173,1.7119,0.3424
1.8208,0.0005,0.6742,1.7652,0.3396
1.8758,0.0005,0.7311,1.9092,0.3427
1.7701,0.0006,0.7452,1.7405,0.3694
1.3651,0.0006,0.9156,1.3930,0.3747
1.5307,0.0004,0.8418,1.5399,0.3747
1.6134,0.0005,0.7129,1.4014,0.3664
2.0204,0.0008,0.7439,2.1477,0.3705
1.3258,0.0007,0.9146,1.1605,0.3705
1.7599,0.0006,0.8394,1.7498,0.3647
2.1455,0.0005,0.7638,2.3460,0.3477
1.0002,0.0005,0.8404,1.0518,0.3477
1.9087,0.0008,0.7225,1.8577,0.3362
2.1228,0.0006,0.7365,2.0386,0.3444
1.2033,0.0007,1.0072,1.2425,0.3444
2.0140,0.0004,0.9803,2.0135,0.3417
1.1676,0.0004,0.7946,1.0663,0.3417
2.0373,0.0005,0.7677,2.1523,0.3401
1.5020,0.0004,0.8102,1.3995,0.3401
1.5617,0.0004,0.7988,1.6906,0.3546
1.2780,0.0003,0.7169,1.2862,0.3632
2.0146,0.0004,0.6927,1.9540,0.3469
1.6061,0.0009,0.7760,1.6063,0.3445
1.7846,0.0007,0.8202,1.7307,0.3445
1.6878,0.0006,0.9251,1.7064,0.3695
1.1626,0.0007,0.8388,1.1829,0.3695
1.6395,0.0006,0.7451,1.4528,0.3690
1.7221,0.0006,0.9676,1.5574,0.3515
1.6869,0.0006,0.8560,2.0130,0.3337
1.8469,0.0006,0.7599,1.8530,0.3419
1.3450,0.0005,0.7557,1.3082,0.3449
1.7852,0.0006,0.6945,1.8074,0.3447
1.3626,0.0006,0.7273,1.1528,0.3389
2.0974,0.0008,0.6868,2.2292,0.3399
1.5985,0.0007,0.8488,1.5995,0.3469
1.2438,0.0007,0.9657,1.1269,0.3469
1.8946,0.0005,0.8282,1.6841,0.3537
2.0580,0.0005,0.7907,2.4051,0.3373
1.4413,0.0005,0.7855,1.4646,0.3460
1.1401,0.0007,0.7388,0.9493,0.3460
2.3214,0.0008,0.7386,2.4535,0.3614
1.4252,0.0004,0.7741,1.4358,0.3395
1.8498,0.0005,0.7359,1.8361,0.3581
1.0111,0.0005,0.7498,1.0143,0.3581
2.0753,0.0006,0.8737,2.0354,0.3767
1.9835,0.0005,0.8710,1.9789,0.3529
1.3307,0.0004,0.8535,1.1444,0.3529
1.8254,0.0006,0.7480,1.8937,0.3430
1.6606,0.0008,0.7290,1.6182,0.3435
1.5199,0.0005,0.7508,1.6563,0.3473
1.5701,0.0005,0.8632,1.3999,0.3510
1.6106,0.0005,0.7416,1.6938,0.3493
2.1230,0.0007,0.7477,2.2194,0.3529
1.3523,0.0007,0.7551,1.3237,0.3529
1.6420,0.0006,0.8828,1.6162,0.3469
1.7715,0.0009,1.0119,1.8007,0.3434
1.6619,0.0005,0.9015,1.6809,0.3501
1.4684,0.0004,0.7489,1.4842,0.3515
1.4209,0.0003,0.7050,1.3990,0.3417
1.2681,0.0005,0.7424,1.2954,0.3417
1.6338,0.0005,0.6859,1.6086,0.3422
1.5508,0.0006,0.6768,1.5374,0.3452
1.4624,0.0004,0.7160,1.4282,0.3344
1.5826,0.0004,0.7288,1.5415,0.3344
1.7450,0.0008,0.7288,1.6499,0.3430
1.8673,0.0006,0.9745,1.9311,0.3796
1.3077,0.0007,0.9346,1.1329,0.3796
1.9644,0.0008,0.8109,2.1614,0.3426
1.2727,0.0006,0.7564,1.0571,0.3426
1.8137,0.0008,0.7235,1.7378,0.3665
1.6102,0.0005,0.7365,1.7673,0.3492
1.7877,0.0008,0.7331,1.8873,0.3389
1.3805,0.0006,0.8129,1.2187,0.3553
1.6839,0.0008,0.7801,1.7813,0.3467
1.6587,0.0008,0.8223,1.5777,0.3543
1.7658,0.0007,0.9501,1.4950,0.3797
2.0658,0.0009,1.0307,2.4281,0.3469
1.1238,0.0006,0.8955,1.1828,0.3469
1.5760,0.0007,0.7923,1.3099,0.3474
1.4412,0.0006,0.7597,1.6318,0.3352
1.8964,0.0006,0.7619,1.9398,0.3536
1.6344,0.0006,0.7950,1.6374,0.3536
1.2124,0.0005,0.7640,1.0896,0.3430
1.7230,0.0004,0.7762,1.8141,0.3556
1.4893,0.0006,0.7861,1.4444,0.3457
2.2357,0.0005,0.7953,2.2298,0.3607
2.0254,0.0005,0.9116,2.0447,0.3410
1.7996,0.0005,0.8721,1.8043,0.3413
1.5016,0.0004,0.8000,1.5319,0.3413
1.4495,0.0005,0.7172,1.4180,0.3551
1.3664,0.0005,0.7687,1.3918,0.3551
1.8572,0.0005,0.6637,1.8517,0.3524
1.4035,0.0007,0.6696,1.3731,0.3524
2.4746,0.0005,0.8274,2.4775,0.3574
1.4226,0.0004,0.7558,1.3914,0.3583
1.7024,0.0006,0.9282,1.6837,0.3583
1.5003,0.0005,0.8564,1.5285,0.3545
1.6366,0.0005,0.7330,1.6269,0.3490
1.7013,0.0006,0.7498,1.6792,0.3398
1.5877,0.0005,0.7608,1.5909,0.3508
2.2651,0.0008,0.6993,2.1823,0.3435
1.0590,0.0005,0.8435,0.9852,0.3435
1.7496,0.0005,0.7583,1.7521,0.3499
1.9702,0.0008,0.6853,2.0663,0.3583
1.2756,0.0005,0.7790,1.2545,0.3583
2.1265,0.0007,0.7663,2.1057,0.3896
1.1700,0.0008,0.8153,1.2016,0.3429
1.4314,0.0004,0.7812,1.2157,0.3429
2.2095,0.0007,0.7317,2.3590,0.3538
1.2056,0.0005,0.8032,1.2578,0.3538
1.5575,0.0005,0.7927,1.3719,0.3455
1.5522,0.0003,0.8073,1.7360,0.3631
1.4319,0.0003,0.7307,1.3471,0.3404
1.6238,0.0004,0.8098,1.6671,0.3445
1.2872,0.0004,0.6930,1.2881,0.3526
1.7700,0.0007,0.7832,1.6723,0.3526
1.3560,0.0005,1.1065,1.0254,0.3946
1.8491,0.0005,0.9004,2.2020,0.3458
1.7679,0.0006,0.7356,1.7955,0.3574
1.4564,0.0007,0.7227,1.4411,0.3574
1.8103,0.0004,0.7017,1.8084,0.3469
1.2853,0.0005,0.7556,1.3128,0.3469
1.0930,0.0006,0.7103,1.0500,0.3656
1.7933,0.0005,0.6869,1.8122,0.3531
1.5318,0.0004,0.6591,1.2294,0.3531
1.3967,0.0004,0.6271,1.6149,0.3606
1.6940,0.0006,0.7289,1.7487,0.3670
1.1907,0.0006,1.0991,1.2078,0.3577
1.9233,0.0007,0.7363,1.8855,0.3442
1.2105,0.0005,0.7782,1.2321,0.3485
1.5504,0.0006,0.7196,1.3805,0.3558
1.5991,0.0005,0.7106,1.7451,0.3527
1.4869,0.0005,0.7249,1.4822,0.3527
1.6457,0.0007,0.6971,1.5130,0.3589
1.3467,0.0006,0.6959,1.4517,0.3389
1.8802,0.0005,0.6838,1.8535,0.3365
1.1057,0.0007,0.7328,0.8601,0.3365
1.9676,0.0008,0.7996,2.1199,0.3395
1.5541,0.0006,0.9234,1.6145,0.3544
1.3798,0.0006,0.8995,1.3631,0.3544
1.7676,0.0007,0.7894,1.8036,0.3509
1.3298,0.0006,0.7158,1.3390,0.3509
2.1167,0.0006,0.7420,2.0721,0.3365
1.5457,0.0008,0.8649,1.5244,0.3539
1.1435,0.0004,0.8446,1.1213,0.3539
1.4303,0.0003,0.7350,1.5006,0.3534
1.8392,0.0005,0.6750,1.8132,0.3664
1.4588,0.0007,0.7207,1.4219,0.3553
1.4034,0.0007,0.8319,1.3728,0.3553
1.5291,0.0004,0.8053,1.4397,0.3607
1.6771,0.0003,0.8048,1.8206,0.3528
1.6036,0.0006,0.6859,1.5833,0.3544
1.5344,0.0006,0.7487,1.5425,0.3694
1.1409,0.0005,0.7622,1.1592,0.3694
1.7492,0.0005,0.6439,1.7440,0.3414
1.6145,0.0007,0.6041,1.5849,0.3414
1.6583,0.0005,0.6423,1.6574,0.3545
1.3778,0.0008,0.6859,1.1254,0.3545
2.1599,0.0009,0.7263,1.9717,0.3610
2.3596,0.0009,1.2731,2.7165,0.3389
1.2929,0.0007,1.0873,1.3469,0.3389
1.8143,0.0007,0.7647,1.7610,0.3358
1.5210,0.0006,0.8551,1.5274,0.3578
1.8454,0.0006,0.8018,1.8719,0.3465
1.3895,0.0005,0.7422,1.3811,0.3520
1.2355,0.0006,0.6992,1.1487,0.3520
1.7634,0.0007,0.6273,1.8260,0.3609
1.1010,0.0007,0.7380,0.9353,0.3609
1.6155,0.0008,0.7189,1.7381,0.3437
1.7714,0.0006,0.8199,1.7973,0.3820
0.9785,0.0005,0.8009,0.9882,0.3820
1.6868,0.0003,0.6720,1.6651,0.3547
1.2865,0.0004,0.6301,1.3043,0.3547
1.1804,0.0003,0.6260,1.1811,0.3379
1.4514,0.0005,0.6265,1.2772,0.3437
1.5357,0.0004,0.6550,1.4041,0.3332
1.8839,0.0003,0.7213,2.0357,0.3407
1.5450,0.0003,0.8079,1.6411,0.3457
1.0108,0.0004,0.6233,1.0316,0.3457
1.8279,0.0004,0.6107,1.7421,0.3446
1.5165,0.0006,0.7454,1.5238,0.3625
1.3866,0.0005,0.8687,1.4044,0.3625
1.3437,0.0005,0.7725,1.3211,0.3685
1.5527,0.0004,0.9069,1.5825,0.3581
1.5633,0.0004,0.6597,1.5605,0.3618
1.1608,0.0003,0.6413,1.1769,0.3597
0.9999,0.0004,0.6129,0.8046,0.3597
1.6119,0.0004,0.5784,1.8042,0.3574
1.5497,0.0003,0.6069,1.5242,0.3500
1.3095,0.0003,0.5887,1.3127,0.3500
1.5524,0.0004,0.5772,1.5230,0.3486
1.6329,0.0005,0.5899,1.4734,0.3390
1.9029,0.0006,0.7227,2.0284,0.3847
1.1977,0.0005,0.7758,1.2217,0.3443
1.4266,0.0003,0.6788,1.4272,0.3638
1.6378,0.0003,0.6709,1.5806,0.3730
1.1913,0.0003,0.6966,1.2363,0.3694
1.0271,0.0003,0.6589,1.0204,0.3694
1.4926,0.0004,0.6418,1.3703,0.3650
1.2907,0.0004,0.6245,1.4017,0.3598
1.3276,0.0003,0.6918,1.2422,0.3366
1.6008,0.0003,0.6318,1.6718,0.3535
1.4131,0.0003,0.6404,1.4141,0.3658
1.1525,0.0006,0.6887,1.0005,0.3658
1.6089,0.0006,0.9181,1.5579,0.3670
1.2284,0.0004,0.9706,1.3783,0.3670
1.9856,0.0004,0.7406,1.9791,0.3590
0.7622,0.0004,0.7182,0.7760,0.3590
1.4109,0.0005,0.6655,1.2673,0.3526
1.4918,0.0006,0.6355,1.4700,0.3503
1.3345,0.0003,0.7076,1.4317,0.3527
1.3321,0.0005,0.6842,1.3615,0.3657
1.2810,0.0004,0.6623,1.3428,0.3631
1.1109,0.0004,0.6283,1.1081,0.3578
1.3271,0.0005,0.6144,1.1229,0.3469
1.6747,0.0004,0.6562,1.6923,0.3438
1.5212,0.0006,0.7860,1.4611,0.9778
1.9371,0.0006,1.1830,2.1157,0.3538
1.1366,0.0006,0.7619,0.8910,0.3538
1.1892,0.0004,0.6714,1.4709,0.3414
1.6347,0.0005,0.6093,1.6072,0.3697
0.7390,0.0005,0.6293,0.7676,0.3697
1.1032,0.0004,0.6089,1.0448,0.3673
1.1976,0.0004,0.5938,1.2490,0.3608
1.5107,0.0004,0.5915,1.1090,0.3531
1.2114,0.0004,0.7094,1.4275,0.3531
1.0146,0.0004,0.6324,1.1819,0.3591
1.2509,0.0003,0.5870,1.0905,0.3696
1.8825,0.0011,0.6523,1.7468,0.3543
1.8133,0.0009,0.9607,2.0445,0.3695
1.9966,0.0006,1.0081,2.0069,0.3434
0.8825,0.0007,0.7246,0.8087,0.3434
1.5568,0.0006,0.6632,1.6442,0.3486
1.2841,0.0005,0.6436,1.2270,0.3540
1.3744,0.0005,0.6545,1.2173,0.3442
1.5816,0.0008,0.6569,1.6701,0.3630
1.5268,0.0006,0.6869,1.4505,0.3432
1.6796,0.0009,0.7588,1.8339,0.3457
1.9006,0.0009,0.7689,1.8501,0.3633
1.2708,0.0006,0.8466,1.2962,0.3547
1.3215,0.0005,0.8256,1.2319,0.9958
1.7457,0.0004,0.7271,1.8383,0.3517
1.1102,0.0004,0.7139,0.9724,0.3517
1.3199,0.0007,0.6487,1.4912,0.3471
1.2756,0.0006,0.6229,1.2719,0.3478
1.4420,0.0006,0.6488,1.4235,0.3456
1.2844,0.0005,0.6763,1.2664,0.3296
1.3350,0.0004,0.7749,1.3391,0.3626
1.7103,0.0006,0.7015,1.7011,0.3637
1.2084,0.0006,0.6744,1.2200,0.3540
1.6204,0.0005,0.6459,1.5297,0.3775
1.5516,0.0006,0.8556,1.5777,0.3623
1.2716,0.0006,0.9375,1.2870,0.3623
1.5818,0.0004,0.8287,1.4115,0.3472
1.6223,0.0004,0.6666,1.4971,0.3367
1.8392,0.0004,0.6442,2.1304,0.3388
1.1400,0.0004,0.6557,1.0612,0.3562
1.8349,0.0003,0.6187,1.9274,0.3679
1.5504,0.0005,0.6288,1.5327,0.3409
1.2264,0.0004,0.6392,1.2461,0.3497
1.2757,0.0005,0.6107,1.0822,0.3497
1.9927,0.0007,0.6201,1.9807,0.3830
1.5956,0.0006,0.6956,1.7357,0.3423
1.1609,0.0004,0.7630,1.1902,0.3720
1.5309,0.0004,0.6901,1.5162,0.3574
1.3474,0.0003,0.6139,1.3253,0.3499
1.4565,0.0003,0.6274,1.4687,0.3635
0.8427,0.0003,0.6515,0.7427,0.3635
1.5424,0.0003,0.6348,1.5327,0.3569
1.7092,0.0004,0.6248,1.8104,0.3563
1.3281,0.0005,0.6487,1.0786,0.3563
1.3533,0.0003,0.6950,1.4909,0.3385
1.9462,0.0004,0.6992,2.0289,0.3490
1.3449,0.0007,0.7413,1.3079,0.3490
1.2511,0.0004,0.7916,1.2599,0.3876
1.5107,0.0004,0.7304,1.3288,0.3782
1.8234,0.0003,0.6926,2.0393,0.3433
1.3415,0.0004,0.6075,1.2163,0.3379
1.4513,0.0004,0.7023,1.5585,0.3879
1.1110,0.0004,0.6774,1.0005,0.3879
1.5093,0.0003,0.6512,1.4340,0.3469
1.4581,0.0005,0.6452,1.3425,0.3403
1.8511,0.0003,0.8342,2.0983,0.3444
1.0398,0.0005,0.6701,1.0682,0.3703
1.5622,0.0006,0.6748,1.4942,0.3377
1.5972,0.0005,0.7909,1.5933,0.3726
1.7577,0.0006,0.8488,1.7923,0.3513
1.5255,0.0007,0.7168,1.5251,0.3540
1.1068,0.0003,0.6753,1.1231,0.3540
1.3245,0.0003,0.6136,1.1822,0.3588
1.6963,0.0003,0.7928,1.8031,0.3451
1.6960,0.0004,0.6082,1.7038,0.3360
0.9481,0.0003,0.5993,0.7434,0.3360
1.3033,0.0004,0.9463,1.4964,0.3524
1.3051,0.0003,0.6373,1.3110,0.3443
1.7065,0.0003,0.5993,1.6915,0.3424
1.4345,0.0007,0.6388,1.3294,0.5271
1.2194,0.0007,0.8302,0.9833,0.5271
1.2768,0.0007,0.7246,1.6058,0.3660
1.9485,0.0003,0.6347,1.7239,0.3527
1.6539,0.0004,0.6562,1.8377,0.3294
1.3910,0.0004,0.6435,1.3910,0.3602
1.2692,0.0003,0.6706,1.2716,0.3501
1.1312,0.0003,0.6740,1.1260,0.3501
1.6977,0.0004,0.6625,1.6506,0.3439
1.2423,0.0005,0.6846,0.9321,0.3439
1.5370,0.0005,0.7942,1.7885,0.3531
1.3779,0.0006,0.8759,1.3476,0.3571
1.2842,0.0004,1.0202,1.1286,0.3851
1.7522,0.0005,0.9672,1.8308,0.9106
1.7043,0.0005,0.6763,1.8794,0.3368
1.2214,0.0004,0.6309,1.0637,0.3523
1.4534,0.0004,0.6535,1.6085,0.3622
1.5252,0.0006,0.6081,1.3468,0.3518
1.4214,0.0008,0.6805,1.5303,0.3400
1.8036,0.0006,0.7651,1.8188,0.3522
1.3333,0.0004,0.7149,1.3302,0.3451
1.8708,0.0007,0.7302,1.8806,0.3586
1.6260,0.0005,0.6885,1.4761,0.3741
1.4812,0.0005,0.7992,1.5786,0.3741
1.2948,0.0004,0.8827,1.3279,0.3620
1.7256,0.0004,0.7225,1.7395,0.3591
0.9307,0.0005,0.6538,0.9233,0.3591
1.3565,0.0004,0.6436,1.3541,0.3352
1.2669,0.0004,0.6534,1.0812,0.3352
1.8441,0.0006,0.7005,1.9933,0.3626
1.2771,0.0004,0.7117,1.3082,0.3626
1.5805,0.0004,0.6668,1.1587,0.3477
1.2844,0.0005,0.8273,1.4267,0.3477
1.9285,0.0007,0.7473,2.0764,0.3439
1.7773,0.0008,1.1985,1.7939,0.3579
1.4265,0.0007,1.1584,1.2531,0.3778
1.9475,0.0006,0.8646,2.1487,0.3444
1.2931,0.0005,0.7769,1.0952,0.3446
1.8091,0.0005,0.9143,1.8243,0.3446
1.4704,0.0005,0.8853,1.5915,0.3558
1.7213,0.0006,0.7697,1.7498,0.3468
1.2986,0.0006,0.9641,1.3164,0.3516
1.2009,0.0005,0.7629,1.0284,0.3516
1.6923,0.0006,0.7495,1.7663,0.3691
1.3529,0.0006,0.7974,1.3125,0.3691
2.1078,0.0008,0.8523,2.0955,0.3720
1.2333,0.0008,1.0991,1.3146,0.3822
1.1970,0.0010,0.9173,1.2625,0.3822
1.8533,0.0007,0.7567,1.7927,0.3421
1.2704,0.0006,0.8327,1.2786,0.3335
1.5522,0.0005,0.7553,1.5569,0.3649
1.4107,0.0005,0.7363,1.3799,0.3649
1.2828,0.0005,0.8503,1.3165,0.3610
1.7110,0.0005,0.7599,1.6955,0.3647
1.9012,0.0004,0.7087,1.8911,0.3498
1.9866,0.0009,0.7432,1.8576,0.3498
1.0142,0.0007,1.0814,0.9459,0.3623
1.8730,0.0007,0.8528,2.0125,0.3910
1.9634,0.0006,0.8234,1.9326,0.3533
1.5315,0.0006,0.9649,1.4287,0.3464
2.1066,0.0005,0.9475,2.1649,0.3475
1.4209,0.0007,0.9005,1.4674,0.3410
1.4809,0.0005,0.8640,1.2087,0.3410
1.9107,0.0004,0.8427,2.1717,0.3531
1.1904,0.0004,0.8095,1.0565,0.3426
2.1597,0.0007,0.7730,2.2060,0.3573
1.8653,0.0008,0.8654,1.8118,0.3484
1.0507,0.0008,1.1254,1.0421,0.3484
1.9285,0.0008,0.8777,1.7546,0.3424
1.6089,0.0007,0.8922,1.8476,0.3448
1.7802,0.0006,0.8248,1.7920,0.3490
2.1679,0.0005,0.8452,2.1490,0.3478
0.9793,0.0004,0.8404,1.0120,0.3478
1.6875,0.0004,0.7909,1.4481,0.3518
1.9402,0.0007,0.6941,2.1439,0.3357
1.5791,0.0007,0.7977,1.5508,0.5237
2.0756,0.0006,0.9746,2.0589,0.3972
1.4801,0.0008,0.9050,1.3044,0.3972
1.6485,0.0008,0.8699,1.7365,0.3692
0.9896,0.0007,0.8291,1.0531,0.3692
1.5192,0.0007,0.7891,1.3492,0.3424
1.8364,0.0004,0.7741,2.0687,0.3333
1.7182,0.0005,0.7610,1.6895,0.3333
1.4265,0.0003,0.7475,1.4487,0.3516
1.4692,0.0004,0.7398,1.2863,0.3357
2.1837,0.0008,0.7040,2.2692,0.3626
1.2000,0.0006,0.9036,1.2347,0.3626
1.6078,0.0006,0.9183,1.6181,0.3583
1.8160,0.0005,0.7375,1.8215,0.3427
1.7226,0.0005,0.7377,1.7166,0.3510
1.4957,0.0008,0.7149,1.4486,0.3605
1.6117,0.0007,0.8728,1.6302,0.3605
1.6984,0.0005,0.8169,1.6532,0.3540
1.7034,0.0005,0.7305,1.4411,0.3340
1.4428,0.0007,0.7248,1.7554,0.3439
1.7905,0.0009,0.6992,1.7436,0.3533
2.0356,0.0006,0.8048,2.0129,0.3693
1.3950,0.0005,0.9237,1.4261,0.3659
1.1229,0.0005,0.8088,1.1613,0.3659
1.3118,0.0004,0.6722,1.2925,0.3430
1.4320,0.0005,0.6906,0.9893,0.3509
1.2459,0.0004,0.6979,1.6853,0.3365
1.3335,0.0004,0.7102,1.3014,0.3587
1.6991,0.0004,0.6590,1.5022,0.3587
1.6438,0.0005,0.7215,1.6748,0.3362
1.4704,0.0006,0.7569,1.4456,0.3497
2.4448,0.0007,0.8588,2.5134,0.3575
1.2097,0.0006,0.9709,1.2927,0.3575
1.6483,0.0007,1.1727,1.3247,0.3645
2.0274,0.0005,0.8439,2.3077,0.3476
1.3607,0.0005,0.8150,1.4124,0.3517
1.4050,0.0005,0.7322,1.3797,0.3517
1.4931,0.0004,0.7154,1.3003,0.3374
1.7483,0.0004,0.7062,1.7129,0.3495
1.5858,0.0004,0.7328,1.6412,0.3425
2.2699,0.0008,0.7780,2.3341,0.3525
1.2931,0.0006,0.9257,1.3578,0.3421
1.3946,0.0007,0.9192,1.3850,0.3421
2.2467,0.0007,0.9036,2.2228,0.3729
1.5588,0.0007,0.8165,1.4449,0.3729
1.5091,0.0004,0.8837,1.4765,0.3430
1.7365,0.0006,0.6828,1.8622,0.3473
1.5012,0.0007,0.7510,1.5372,0.3366
1.5251,0.0004,0.7762,1.4776,0.3386
1.3138,0.0005,0.7839,1.3571,0.3386
1.6525,0.0004,0.7594,1.3093,0.3619
1.4855,0.0006,0.7320,1.8117,0.3473
1.5151,0.0006,0.8634,1.4728,0.3408
1.9360,0.0005,0.9520,1.9523,0.3696
1.5614,0.0005,0.8392,1.5512,0.3593
1.2953,0.0003,0.8003,1.1585,0.3593
2.1642,0.0007,0.7050,2.2723,0.3478
1.6203,0.0004,0.7956,1.6421,0.3430
1.7392,0.0004,0.8102,1.6213,0.3430
2.0343,0.0006,0.8066,2.0892,0.3364
1.7205,0.0004,0.9688,1.7285,0.3569
2.1114,0.0009,0.7860,2.0381,0.3561
1.3621,0.0006,0.8841,1.4016,0.3561
1.3564,0.0005,0.9038,1.3870,0.3791
1.7851,0.0006,0.7593,1.7500,0.3605
1.0398,0.0003,0.7484,1.1179,0.3605
1.4308,0.0005,0.6285,1.2384,0.3474
1.9339,0.0005,0.6474,2.0461,0.3617
1.3747,0.0005,0.6960,1.2577,0.3617
1.8415,0.0005,0.9034,1.9714,0.3516
1.5354,0.0005,0.7403,1.4244,0.3418
1.7968,0.0006,0.8164,1.8894,0.3537
1.2675,0.0005,0.7307,1.2320,0.3537
1.6115,0.0012,0.8415,1.5881,0.3565
1.5413,0.0006,1.0527,1.5441,0.3391
1.7645,0.0008,0.8841,1.8110,0.3391
1.7310,0.0008,0.7456,1.7136,0.3509
1.0783,0.0007,0.7032,0.9305,0.3509
1.8235,0.0007,0.7122,1.8887,0.3560
1.6584,0.0005,0.7868,1.5001,0.3501
1.5041,0.0006,0.7997,1.5962,0.3539
1.4016,0.0005,0.6688,1.5106,0.3487
1.4224,0.0002,0.7848,1.4319,0.3465
2.0109,0.0006,0.7139,1.8432,0.3747
1.5017,0.0007,0.8523,1.6447,0.3747
1.1766,0.0003,0.8113,0.9710,0.3838
1.9929,0.0005,0.7088,2.1897,0.3496
1.4094,0.0005,0.7390,1.4165,0.3496
2.1589,0.0005,0.7242,2.0689,0.3439
1.2061,0.0006,0.9189,0.9390,0.3439
2.2374,0.0003,1.0182,2.4745,0.3461
1.8712,0.0005,0.9555,1.9219,0.3510
1.6334,0.0006,0.9152,1.6412,0.3510
1.5137,0.0006,0.8552,1.4881,0.3526
1.8941,0.0007,0.8906,1.7969,0.5342
1.8508,0.0004,0.9959,1.9742,0.3897
1.3586,0.0006,0.7688,1.3024,0.3455
1.9624,0.0006,0.6874,1.9249,0.3469
1.9508,0.0007,1.1518,1.9875,0.3477
1.8681,0.0006,0.9905,1.8854,0.3455
1.2232,0.0004,0.8534,1.1448,0.3455
1.5813,0.0003,0.8489,1.6960,0.3452
1.7072,0.0006,0.7106,1.6637,0.3437
1.3674,0.0005,0.8058,1.3735,0.3437
1.6778,0.0005,0.8610,1.2573,0.3598
2.0320,0.0008,1.0176,2.3272,0.3672
0.8173,0.0005,0.9627,0.8313,0.3672
1.2849,0.0006,0.7052,1.3823,0.3472
1.8691,0.0006,0.7089,1.8223,0.3646
1.5741,0.0005,0.7894,1.6323,0.3636
1.0667,0.0005,0.7329,1.0578,0.3636
1.4583,0.0005,0.7040,1.3023,0.3429
1.4134,0.0004,0.6909,1.5349,0.3510
1.4202,0.0004,0.6543,1.4176,0.3417
1.6533,0.0005,0.6883,1.3754,0.3571
2.2756,0.0005,0.8410,2.5242,0.3651
1.5429,0.0005,0.8999,1.4156,0.3568
1.5463,0.0004,0.9520,1.3780,0.3434
0.9422,0.0004,1.1705,1.1212,0.3434
2.1418,0.0004,0.7790,2.2230,0.3517
1.5149,0.0007,0.8048,1.5342,0.3535
1.7601,0.0007,0.8087,1.7446,0.3550
1.4124,0.0007,0.7817,1.4328,0.3550
1.5137,0.0006,0.7286,1.1721,0.3406
2.2968,0.0012,0.7542,2.4667,0.3519
1.7550,0.0006,1.0322,1.8435,0.4111
1.4823,0.0005,1.0002,1.4880,0.3535
1.5982,0.0004,1.0137,1.6449,0.3637
1.6522,0.0005,0.7679,1.6280,0.3637
1.7377,0.0006,0.7823,1.6891,0.3509
2.0678,0.0006,0.7696,2.0802,0.3544
1.7489,0.0009,0.7817,1.7467,0.3544
1.7343,0.0006,0.9329,1.6181,0.3524
2.0870,0.0008,0.9068,2.1161,0.3558
1.5308,0.0007,0.8805,1.5525,0.3558
1.2615,0.0007,1.0552,1.1310,0.3760
2.0237,0.0006,1.0785,2.1238,0.3391
1.5117,0.0006,0.7870,1.5413,0.3454
1.2939,0.0007,0.7933,1.2871,0.3454
1.6776,0.0007,0.7169,1.6814,0.3444
1.4152,0.0008,0.7533,1.2811,0.3520
1.6589,0.0005,0.9882,1.8033,0.3635
1.5088,0.0007,0.7617,1.1587,0.3635
1.6685,0.0008,0.7690,1.6914,0.3496
1.6816,0.0008,0.7322,1.9710,0.3474
1.3507,0.0007,0.8253,1.0017,0.3703
1.8304,0.0008,0.9907,1.8955,0.3383
2.0200,0.0006,0.8032,2.3007,0.3670
1.5898,0.0008,0.7724,1.5775,0.3571
1.3997,0.0006,0.7677,1.3160,0.3571
1.8128,0.0008,0.7454,1.8350,0.3456
1.7769,0.0008,0.7536,1.7580,0.3379
1.3228,0.0006,0.7593,1.3301,0.3379
1.8444,0.0005,0.7834,1.7072,0.3353
1.5060,0.0007,0.9004,1.5501,0.3377
1.5059,0.0009,0.9246,1.2960,0.3431
1.7351,0.0007,1.0682,1.9917,0.3813
1.7647,0.0007,0.8007,1.7651,0.3465
1.7914,0.0004,0.7444,1.5288,0.3498
1.6911,0.0007,0.7779,1.9005,0.3598
1.7471,0.0006,0.7741,1.7497,0.3590
1.8343,0.0003,0.7837,1.8049,0.3493
2.0666,0.0005,0.8695,2.0937,0.3424
1.1903,0.0007,0.7968,1.2063,0.3424
1.5537,0.0007,0.8590,1.5070,0.3538
1.5851,0.0008,0.9372,1.3932,0.3733
2.2555,0.0009,0.9557,2.4005,0.3485
1.2099,0.0005,0.8849,1.3247,0.3485
1.4399,0.0005,0.7492,1.2502,0.3412
2.2246,0.0005,0.7284,2.3444,0.3426
1.4910,0.0005,0.7695,1.5344,0.3366
1.3516,0.0005,0.7862,1.3468,0.3496
0.9676,0.0004,0.6816,0.9772,0.3496
1.6849,0.0005,0.6412,1.6566,0.3490
1.6780,0.0004,0.6889,1.6797,0.3490
2.2048,0.0009,0.8925,2.0813,0.3649
1.8008,0.0007,0.9787,1.8724,0.3423
1.2867,0.0005,0.9071,1.1665,0.3423
2.0602,0.0006,0.7477,2.1683,0.3433
1.0980,0.0004,0.7465,1.1688,0.3433
1.6100,0.0005,0.7051,1.5544,0.3410
1.8254,0.0004,0.7398,1.8142,0.3454
1.6396,0.0005,0.7460,1.6050,0.3571
1.7319,0.0008,0.7740,1.3044,0.3571
2.0434,0.0008,0.8777,2.3407,0.3454
1.6762,0.0007,0.9843,1.3002,0.3452
1.9322,0.0010,0.9220,2.3878,0.3462
1.7105,0.0006,0.8588,1.7436,0.3462
1.2173,0.0005,0.7949,1.2100,0.3574
1.4949,0.0005,0.7798,1.1729,0.3391
1.9234,0.0008,0.7468,2.2350,0.3473
1.4457,0.0007,0.7910,1.3749,0.3473
1.8057,0.0003,0.9196,1.8398,0.3496
1.9114,0.0004,0.7930,1.9356,0.3419
2.0074,0.0009,0.7981,1.9138,0.3419
1.3979,0.0005,0.9571,1.4537,0.3574
1.7172,0.0005,0.8902,1.7131,0.3892
1.2299,0.0005,0.7661,1.2606,0.3322
1.7385,0.0008,0.7461,1.7068,0.3474
2.0179,0.0006,0.7114,2.0141,0.3519
1.3376,0.0005,0.7698,1.1812,0.3519
1.3842,0.0004,0.7554,1.5450,0.3517
1.6400,0.0009,0.6981,1.6127,0.3562
1.7001,0.0007,0.7700,1.6307,0.3435
1.4301,0.0007,0.8982,1.4753,0.3445
1.7893,0.0006,0.7659,1.7688,0.3490
2.0382,0.0005,0.8146,2.0451,0.3425
1.6884,0.0005,0.8701,1.6264,0.3474
1.1619,0.0005,0.8411,0.8856,0.3474
2.0099,0.0005,0.7964,1.9554,0.3395
1.6259,0.0005,0.8834,1.9409,0.3395
1.7338,0.0009,0.8567,1.1905,0.3648
2.4459,0.0008,0.9662,2.8941,0.3530
1.6861,0.0007,1.0882,1.7471,0.3540
1.6780,0.0006,0.9365,1.6048,0.5255
1.3817,0.0006,1.0632,1.4484,0.5255
1.6451,0.0006,0.9157,1.5981,0.3524
1.7852,0.0006,0.7650,1.9092,0.3520
1.8187,0.0010,0.7352,1.8134,0.3397
1.5384,0.0005,0.7654,1.3431,0.3397
1.9604,0.0004,0.7990,2.0850,0.3559
0.9193,0.0004,0.8268,0.9783,0.3559
1.5030,0.0004,0.7677,1.4891,0.3634
1.8043,0.0005,0.6983,1.7688,0.3430
1.9925,0.0010,0.7507,1.9226,0.3636
1.6156,0.0004,0.9617,1.5735,0.3603
1.7255,0.0003,1.0640,1.8304,0.3456
1.4517,0.0005,0.7609,1.4677,0.3342
1.3621,0.0005,0.7040,1.1076,0.3342
1.7208,0.0008,0.6998,1.9556,0.3369
1.7236,0.0006,0.7524,1.7068,0.3374
1.8085,0.0006,0.7755,1.7959,0.3374
1.6089,0.0003,0.7557,1.4030,0.3536
1.9301,0.0004,0.8049,2.1174,0.3567
1.4616,0.0006,0.7216,1.2595,0.3567
1.8988,0.0005,0.8082,2.0675,0.3709
1.8344,0.0005,0.8922,1.8424,0.3444
1.3080,0.0005,0.7963,1.1780,0.3444
2.1755,0.0006,0.7412,2.2628,0.3519
1.3960,0.0007,0.7530,1.4326,0.3519
1.5981,0.0006,0.7570,1.6038,0.3535
1.8077,0.0004,0.7598,1.8021,0.3332
1.7159,0.0004,0.7259,1.7171,0.3385
1.3838,0.0007,0.7411,1.3106,0.3385
1.7380,0.0007,0.7556,1.5113,0.3448
1.7671,0.0007,0.9756,2.0007,0.5319
1.1799,0.0008,0.9404,1.2262,0.3795
1.5884,0.0003,0.7684,1.5265,0.3605
1.4925,0.0006,0.7395,1.5489,0.3425
1.5785,0.0008,0.7387,1.3763,0.3594
1.7924,0.0009,0.7609,1.8010,0.3520
1.7110,0.0007,0.8791,1.6686,0.3276
1.8062,0.0005,0.8169,2.0116,0.3563
1.7087,0.0006,0.7699,1.6882,0.3614
1.3989,0.0006,0.7222,1.3555,0.3454
1.5161,0.0007,0.9364,1.4942,0.3542
1.4231,0.0006,0.9487,1.3692,0.3542
1.7077,0.0006,0.7940,1.6664,0.3593
2.2138,0.0007,0.7494,2.2360,0.3437
1.5145,0.0004,0.8602,1.6171,0.3579
1.4483,0.0005,0.8280,1.2069,0.3579
1.8746,0.0006,0.7698,2.1083,0.3447
1.7414,0.0005,0.7099,1.7121,0.3424
1.5452,0.0004,0.6973,1.5505,0.3528
1.7869,0.0006,0.7095,1.5458,0.3607
1.0586,0.0004,1.0053,0.9027,0.3607
1.6582,0.0005,0.8232,1.9881,0.3728
1.5212,0.0007,0.7582,1.5750,0.3538
1.5303,0.0005,0.7021,1.4290,0.3460
1.8751,0.0007,0.8027,1.9290,0.3653
1.3976,0.0007,0.8369,1.4160,0.3653
1.4592,0.0007,0.8130,1.4495,0.3374
1.6944,0.0006,0.7798,1.4925,0.3386
1.4535,0.0005,0.7841,1.4724,0.3459
2.0341,0.0004,0.7382,2.1308,0.3418
1.5413,0.0008,0.8021,1.5243,0.3591
1.5577,0.0006,0.9660,1.5763,0.3764
1.3994,0.0007,0.9064,1.4573,0.3764
1.5273,0.0005,0.6863,1.5044,0.3662
1.5395,0.0005,0.7340,1.5387,0.3662
1.6278,0.0004,0.7125,1.6421,0.3346
1.6201,0.0004,0.7362,1.5983,0.3346
1.5102,0.0005,0.7186,1.4998,0.3419
1.2315,0.0004,0.6914,1.2615,0.3419
1.6844,0.0006,0.6124,1.3201,0.3323
1.5929,0.0005,0.7661,1.6762,0.3404
1.7892,0.0004,0.7282,1.7917,0.3442
2.1407,0.0008,0.8303,2.1910,0.3415
1.4567,0.0006,1.0405,1.5911,0.3585
1.9998,0.0004,0.8313,1.9895,0.3509
1.8228,0.0007,0.7621,1.8094,0.3478
0.9965,0.0008,0.7741,0.9739,0.3478
2.1846,0.0005,0.7138,2.2289,0.3464
0.9273,0.0005,0.6372,0.8901,0.3464
1.7802,0.0005,0.6454,1.5854,0.3373
1.2906,0.0004,0.6610,1.4476,0.3329
2.1652,0.0007,0.7565,2.0820,0.3809
1.5906,0.0004,0.9022,1.6549,0.3722
1.2616,0.0004,0.9050,1.3193,0.3722
1.9541,0.0007,0.7735,1.9174,0.3419
1.7385,0.0007,0.7944,1.7183,0.3449
1.7740,0.0007,0.7937,1.7421,0.3443
1.5338,0.0005,0.7721,1.5639,0.3417
1.5269,0.0005,0.7745,1.5441,0.3533
1.3763,0.0004,0.6352,1.3096,0.3533
1.8520,0.0007,0.6822,1.8803,0.3502
1.6236,0.0007,0.7169,1.5459,0.3836
1.3486,0.0007,0.9713,1.2983,0.3836
1.7784,0.0006,0.8766,1.8814,0.3898
1.6833,0.0006,0.8508,1.6941,0.3417
1.4677,0.0006,0.7744,1.4546,0.3417
1.5223,0.0006,0.7518,1.5085,0.3554
1.7402,0.0005,0.8907,1.7317,0.3495
1.8645,0.0005,0.7507,1.8582,0.3524
1.1779,0.0005,0.7404,1.1072,0.3524
1.8656,0.0006,0.6927,1.8980,0.3346
1.7935,0.0008,0.7220,1.7103,0.3346
1.4221,0.0007,0.9227,1.2539,0.3577
1.9683,0.0007,1.1369,1.8658,0.3718
1.6876,0.0008,0.9366,2.0226,0.3478
1.6693,0.0006,0.8251,1.5467,0.3362
1.5824,0.0003,0.8728,1.5635,0.3437
1.9466,0.0004,0.7959,1.9869,0.3543
1.2886,0.0004,0.7719,1.4122,0.3543
1.5823,0.0004,0.6289,1.3999,0.3464
1.9172,0.0006,0.6517,2.0607,0.3469
2.1416,0.0006,0.6437,1.6214,0.3954
0.8942,0.0005,1.2884,0.9643,0.3954
1.2402,0.0005,0.7713,1.5239,1.0019
1.5069,0.0004,0.6780,1.5281,0.3647
1.6083,0.0003,0.6934,1.6505,0.3586
1.1877,0.0004,0.6544,1.0072,0.3586
1.2925,0.0005,0.6525,1.4835,0.3519
1.5761,0.0005,0.6041,1.5457,0.3351
1.2321,0.0003,0.6609,1.1919,0.3351
1.5391,0.0004,0.6719,1.5676,0.3427
1.5248,0.0003,0.6382,1.5131,0.3432
0.9787,0.0004,0.7182,0.8173,0.3432
1.8888,0.0006,0.6720,1.7859,0.3648
1.7679,0.0007,1.1436,1.7686,0.3756
1.8295,0.0005,1.1661,2.0101,0.3840
2.0311,0.0006,0.7960,2.0453,0.3390
0.9755,0.0011,0.7700,1.0221,0.3390
1.5309,0.0007,0.7116,1.2395,0.3581
1.4491,0.0005,0.7791,1.7157,0.3555
1.7457,0.0004,0.7215,1.7121,0.3339
1.2892,0.0006,0.6976,1.3129,0.3489
1.3819,0.0006,0.7157,1.1674,0.3489
1.4378,0.0005,0.7184,1.6150,0.3391
1.5975,0.0005,0.6946,1.4484,0.3559
1.6042,0.0007,1.0224,1.7341,0.3502
1.7256,0.0007,0.8057,1.7264,0.3570
1.0175,0.0005,0.7421,1.0364,0.3570
1.2378,0.0006,0.6980,0.9070,0.3509
1.9952,0.0005,0.7346,2.2473,0.3608
1.5437,0.0004,0.7475,1.5678,0.3593
1.2980,0.0006,0.7633,1.0743,0.3593
1.6098,0.0005,0.7720,1.8179,0.3535
1.6207,0.0006,0.7364,1.6391,0.3607
1.6285,0.0005,0.7007,1.6179,0.3460
1.7655,0.0006,0.6923,1.7173,0.3573
1.8561,0.0005,0.8277,1.8589,0.3690
0.9223,0.0003,0.7860,0.9030,0.3690
2.1311,0.0005,0.6798,2.1721,0.3462
1.0346,0.0004,0.6433,0.9159,0.3462
1.5676,0.0004,0.6780,1.4702,0.3619
1.2788,0.0005,0.6485,1.4919,0.3422
1.6711,0.0005,0.6310,1.6414,0.3415
1.2524,0.0005,0.6966,1.2617,0.3352
0.9659,0.0007,0.6624,0.8764,0.3352
1.3390,0.0004,0.6774,1.3318,0.3484
1.9993,0.0007,0.6117,2.0114,0.3720
1.2661,0.0004,0.7673,1.3082,0.3720
1.3343,0.0004,0.7576,1.3307,0.3502
1.5988,0.0005,0.6617,1.6049,0.3587
0.7536,0.0005,0.6590,0.7740,0.3587
1.6089,0.0003,0.6284,1.5811,0.3408
1.5269,0.0004,0.6398,1.5287,0.3425
1.1162,0.0003,0.6572,1.0097,0.3425
1.5033,0.0006,0.6527,1.5362,0.3521
1.7923,0.0005,0.6522,1.7999,0.3671
1.1120,0.0005,0.7494,1.1064,0.3608
1.2444,0.0005,0.7057,1.2609,0.3608
1.6337,0.0006,0.6252,1.5733,0.3616
1.2107,0.0010,0.8868,1.1922,0.5315
1.7223,0.0006,0.9444,1.7031,0.3724
1.9922,0.0007,0.7459,2.0600,0.3411
0.9796,0.0005,0.7102,1.0156,0.3424
1.4628,0.0004,0.6522,1.4523,0.3424
1.4274,0.0003,0.6202,1.4308,0.3567
1.4384,0.0003,0.6132,1.2690,0.3497
1.3785,0.0003,0.6351,1.3884,0.3654
1.6025,0.0004,0.6001,1.7356,0.3552
1.2988,0.0005,0.5877,1.2935,0.3444
1.3514,0.0006,0.5836,1.2819,0.3537
1.3720,0.0004,0.6286,1.2344,0.3758
1.7784,0.0004,0.7215,1.9309,0.3724
1.1206,0.0005,0.7089,1.0187,0.3724
1.3988,0.0005,0.6439,1.2924,0.3485
1.7778,0.0004,0.6628,1.9884,0.3561
1.3143,0.0006,0.6679,1.3033,0.3515
2.0661,0.0007,0.6695,2.0387,0.3322
1.2507,0.0005,0.6617,1.2617,0.3322
1.3059,0.0005,0.6205,1.3200,0.3390
1.5144,0.0004,0.6290,1.5078,0.3389
1.6193,0.0005,0.6376,1.6019,0.3502
1.0860,0.0006,0.7071,0.9527,0.3502
1.5783,0.0005,0.8734,1.3069,0.3846
1.9746,0.0004,0.8054,2.3694,0.3474
1.2536,0.0004,0.6577,1.1046,0.3474
1.6578,0.0004,0.6322,1.6445,0.3717
1.9386,0.0004,0.6559,1.8222,0.3589
2.0784,0.0004,0.6989,2.3214,0.3489
1.1145,0.0004,0.6553,1.1260,0.3489
1.7785,0.0005,0.6339,1.7769,0.3501
1.3582,0.0005,0.6368,1.2582,0.3450
1.5247,0.0005,0.7384,1.2115,0.3817
1.2482,0.0008,1.0245,1.5404,0.3817
1.4685,0.0006,0.7627,1.4978,0.5460
1.5572,0.0006,0.6831,1.6098,0.3396
0.8756,0.0003,0.6782,0.8412,0.3396
1.2874,0.0006,0.6646,1.3122,0.3403
1.3196,0.0004,0.8116,1.1982,0.3470
1.4827,0.0003,0.7450,1.3431,0.3492
1.7656,0.0011,0.6453,1.9955,0.3531
1.1087,0.0003,0.6423,1.1484,0.3504
1.0537,0.0003,0.6259,0.9369,0.3504
1.2416,0.0003,0.5980,1.3203,0.3487
1.9049,0.0007,0.5920,1.8776,0.3693
1.0761,0.0010,0.7119,1.0154,0.3693
1.3804,0.0006,0.9092,1.2445,0.3498
1.7880,0.0005,0.8003,1.9823,0.3598
1.2150,0.0005,0.7079,1.2216,0.3554
0.9371,0.0005,0.7171,0.9534,0.3554
1.2047,0.0006,0.6521,0.9786,0.3729
1.4839,0.0005,0.7748,1.6895,0.3466
0.9873,0.0007,0.6653,1.0010,0.3466
1.4554,0.0004,0.6237,1.3833,0.3594
1.2159,0.0005,0.6392,1.2656,0.3522
1.1973,0.0005,0.6409,1.1958,0.3480
1.1426,0.0004,0.6758,0.9456,0.3480
2.2363,0.0007,0.6496,2.3189,0.3543
1.4280,0.0006,0.8393,1.5118,0.3719
1.1293,0.0006,0.7850,1.1553,0.3520
1.5314,0.0006,0.6736,1.2846,0.3520
1.7055,0.0006,0.7679,1.9138,0.3486
1.3735,0.0003,0.6615,1.3797,0.3593
1.4371,0.0003,0.6433,1.4209,0.3475
1.5183,0.0004,0.6292,1.5261,0.3550
1.2625,0.0004,0.6214,1.2373,0.3491
1.3031,0.0004,0.7253,1.2863,0.3516
1.0240,0.0005,0.7303,0.9854,0.3516
1.2886,0.0006,0.6288,1.2567,0.3580
1.5504,0.0006,0.6541,1.5111,0.3632
1.2193,0.0010,0.9240,1.1091,0.3579
1.5115,0.0005,0.8782,1.5287,0.3956
1.3938,0.0004,0.7485,1.5494,0.3361
1.4795,0.0003,0.7128,1.2832,0.3540
1.2884,0.0003,0.6590,1.4670,0.3460
1.4011,0.0003,0.6682,1.2712,0.3446
1.7032,0.0003,0.6282,1.8626,0.3378
1.1323,0.0004,0.6148,0.9077,0.3378
1.6408,0.0003,0.6193,1.8431,0.3613
1.0898,0.0004,0.6125,1.0776,0.3613
1.3083,0.0003,0.6043,1.1186,0.3697
1.6934,0.0005,0.5970,1.6922,0.3459
1.4092,0.0007,0.7254,1.5505,0.3898
1.3895,0.0005,0.9126,1.4160,0.3756
1.8231,0.0006,0.7296,1.8037,0.3414
1.3502,0.0005,0.7297,1.3713,0.3391
1.1579,0.0005,0.6732,1.0300,0.3495
1.2655,0.0005,0.6672,1.2938,0.3416
1.4672,0.0005,0.7583,1.5627,0.3653
1.4231,0.0005,0.6623,1.4360,0.3653
1.1613,0.0007,0.6077,1.1503,0.3496
1.4812,0.0005,0.6343,1.5038,0.3333
1.4731,0.0005,0.5962,1.4293,0.3326
1.5355,0.0010,0.6348,1.3574,0.3603
2.0679,0.0007,1.2036,2.2079,0.3445
1.1225,0.0005,0.8074,1.1463,0.3445
1.5763,0.0003,0.6905,1.5458,0.3415
1.1192,0.0003,0.7054,1.1486,0.3415
1.6418,0.0003,0.6432,1.6254,0.3504
1.0927,0.0003,0.6555,1.1038,0.3504
1.7412,0.0003,0.6667,1.6321,0.3375
1.4652,0.0007,0.7311,1.4196,0.3340
1.8323,0.0005,0.8091,1.9285,0.3584
1.2866,0.0007,0.7783,1.2900,0.3425
1.2980,0.0005,0.9094,1.1319,0.3425
1.6778,0.0005,0.7679,1.7122,0.3923
1.9136,0.0004,0.6988,2.0357,0.3593
1.4413,0.0004,0.6563,1.3065,0.3541
2.0253,0.0004,0.6647,2.1381,0.3581
1.3373,0.0004,0.6327,1.3649,0.3422
1.6797,0.0004,0.5553,1.6667,0.3422
1.2913,0.0006,0.5619,1.2136,0.3465
1.0958,0.0004,0.6004,1.1723,0.3399
1.7500,0.0006,0.5984,1.7456,0.3418
0.9458,0.0004,0.5981,0.7710,0.3418
1.7484,0.0010,0.6498,1.6076,0.3363
2.0443,0.0006,0.8321,2.2624,0.3754
1.7260,0.0004,0.8864,1.7751,0.3735
1.4589,0.0003,0.7263,1.4562,0.3735
1.6960,0.0005,0.6187,1.6822,0.3393
1.1752,0.0004,0.6614,1.1766,0.3423
1.1931,0.0003,0.6719,1.0317,0.3423
1.8481,0.0005,0.6312,2.0170,0.3555
1.4741,0.0003,0.6128,1.4446,0.3560
1.5288,0.0004,0.6517,1.2865,0.3440
1.4895,0.0005,0.6888,1.5315,0.3449
2.0630,0.0004,0.7244,2.2311,0.3475
1.7316,0.0003,0.7386,1.7573,0.3545
1.8238,0.0005,0.6626,1.7851,0.3529
1.2085,0.0004,0.6427,1.2120,0.3529
1.5586,0.0004,0.6393,1.5428,0.3440
1.5383,0.0006,0.6493,1.5335,0.3532
1.6741,0.0004,0.6482,1.6747,0.3353
1.1772,0.0004,0.6247,0.9180,0.3353
2.0187,0.0005,0.9504,2.2238,0.3660
1.6215,0.0006,1.0038,1.4425,0.3498
1.2911,0.0005,0.9585,1.2116,0.3498
1.5382,0.0007,1.2961,1.6547,0.3796
1.6363,0.0007,0.8824,1.6481,0.3856
1.7893,0.0006,0.7884,1.9200,0.3475
1.3642,0.0004,0.6781,1.3742,0.3460
1.1473,0.0004,0.6504,0.9249,0.3460
1.8246,0.0004,0.6387,2.0343,0.3537
1.4760,0.0006,0.6216,1.4688,0.3370
1.3567,0.0007,0.6597,1.1279,0.3370
1.5783,0.0005,0.8166,1.7683,0.3545
1.8957,0.0009,0.7478,1.5227,0.3587
1.8396,0.0006,0.9601,2.1506,0.3644
1.7826,0.0006,0.8742,1.8407,0.3797
1.2684,0.0004,0.7249,1.2905,0.3335
1.3944,0.0004,0.6388,1.1556,0.3449
1.9745,0.0007,0.6676,2.1844,0.3370
1.2826,0.0004,0.6094,1.0197,0.3370
1.8658,0.0003,0.6318,2.0290,0.3425
1.3879,0.0005,0.6386,1.4600,0.3480
1.2127,0.0003,0.6393,1.0615,0.3665
1.8687,0.0004,0.6332,2.0238,0.3600
1.6279,0.0007,0.6222,1.3731,0.3619
1.8272,0.0005,0.8366,1.9898,0.3781
1.4100,0.0007,0.8555,1.4655,0.3781
1.4362,0.0006,0.7029,1.4127,0.3481
1.2229,0.0005,0.6812,0.9783,0.3481
1.9548,0.0006,0.7455,2.1995,0.3483
1.2134,0.0004,0.7082,1.2186,0.3545
1.2992,0.0006,0.6640,1.2580,0.3637
1.3362,0.0003,1.0393,1.3504,0.3637
1.8863,0.0004,0.6575,1.8849,0.3553
1.4989,0.0003,0.6003,1.5149,0.3553
1.4486,0.0006,0.5737,1.2147,0.3458
2.0150,0.0007,0.7771,2.1660,0.3912
1.3150,0.0004,0.7738,1.3462,0.3724
1.6693,0.0006,0.7057,1.6661,0.3531
1.3854,0.0005,0.6769,1.3749,0.3604
1.2278,0.0006,0.6711,1.2471,0.3491
1.1612,0.0004,0.6502,1.1681,0.3491
2.1798,0.0005,0.6334,2.1228,0.3622
1.0585,0.0003,0.6501,0.9433,0.3622
1.9123,0.0003,0.6759,2.0384,0.3464
1.4975,0.0003,0.7002,1.5090,0.3477
1.5352,0.0006,0.7068,1.4793,0.3477
1.3365,0.0005,0.8902,1.1883,0.5475
1.7629,0.0003,0.7790,1.9311,0.3521
1.1896,0.0004,0.6846,1.2055,0.3543
1.7129,0.0005,0.6744,1.6858,0.3592
1.3335,0.0004,0.6633,1.0335,0.3592
1.8848,0.0005,0.6697,2.1439,0.3511
1.3884,0.0006,0.6997,1.4273,0.3584
1.5003,0.0005,0.6200,1.4972,0.3550
1.6601,0.0004,0.5971,1.6551,0.3520
1.8389,0.0004,0.5970,1.6836,0.3386
1.9691,0.0005,0.6056,2.0421,0.3643
1.6753,0.0005,0.7435,1.7170,0.3518
1.1740,0.0004,0.6985,1.1616,0.3522
1.3296,0.0005,0.6630,0.9492,0.3522
1.8266,0.0005,0.6504,2.1744,0.3582
1.3545,0.0005,0.6680,1.3767,0.3580
1.6036,0.0004,0.6838,1.5953,0.3532
1.2854,0.0005,0.6292,1.2710,0.3478
1.2131,0.0004,0.6765,1.2228,0.3645
0.8541,0.0003,0.6637,0.7353,0.3645
1.3622,0.0004,0.6232,1.3373,0.3594
2.3630,0.0008,0.5947,2.3499,0.3591
0.9842,0.0006,0.8522,1.0622,0.3591
1.2358,0.0004,0.8516,1.2690,0.3726
1.2147,0.0004,0.6902,1.2231,0.3532
1.6244,0.0006,0.6347,1.5787,0.3564
1.1453,0.0004,0.7286,1.1706,0.3564
1.4981,0.0003,0.7110,1.4971,0.3427
1.2580,0.0005,0.6491,1.0766,0.3427
1.8984,0.0005,0.6214,2.0567,0.3336
1.5586,0.0004,0.6185,1.5524,0.3458
1.3302,0.0004,0.6413,1.3177,0.3600
1.1132,0.0005,0.6492,0.9957,0.3600
1.9162,0.0006,0.6632,1.9692,0.3380
1.5805,0.0005,0.7690,1.6177,0.3967
1.3469,0.0005,0.7561,1.3407,0.3602
1.4021,0.0004,0.7468,1.4227,0.3761
1.1212,0.0005,0.7027,1.1307,0.3761
1.6343,0.0006,0.6321,1.6277,0.3513
1.0863,0.0004,0.6157,0.8821,0.3513
1.6906,0.0004,0.6033,1.8275,0.3419
1.3746,0.0003,0.6475,1.4305,0.3578
1.1960,0.0003,0.5977,1.1864,0.3625
1.6904,0.0003,0.5926,1.6816,0.3467
1.3763,0.0005,0.5895,1.1142,0.3634
2.0704,0.0006,0.9640,2.2293,0.3609
1.3069,0.0003,1.0904,1.3537,0.3622
0.8845,0.0004,0.7871,0.8375,0.3622
1.2173,0.0003,0.6559,1.2977,0.3576
1.3947,0.0003,0.5943,1.1258,0.3630
1.6902,0.0004,0.6129,1.9392,0.3574
1.2046,0.0004,0.6603,1.2037,0.3574
1.6956,0.0003,0.6473,1.6638,0.3364
1.2637,0.0003,0.6165,1.1265,0.3364
1.3985,0.0004,0.6303,1.5310,0.3546
1.1855,0.0005,0.6199,1.1872,0.3472
1.8090,0.0009,0.6103,1.7155,0.3560
1.4859,0.0007,0.8039,1.5465,0.3560
1.6979,0.0005,0.8047,1.3761,0.3744
1.7955,0.0007,0.7477,2.1344,0.3536
1.2636,0.0004,0.6820,1.1126,0.3478
1.5378,0.0006,0.6380,1.6748,0.3748
1.3186,0.0004,0.6655,1.3108,0.3462
1.2091,0.0006,0.6669,1.2238,0.3527
0.9511,0.0004,0.6598,0.9484,0.3527
1.2910,0.0004,0.6149,1.0453,0.3639
1.3248,0.0003,0.6389,1.5675,0.3492
1.3331,0.0006,0.6193,1.0517,0.3492
1.7206,0.0009,0.7844,1.7359,0.3408
1.6843,0.0007,0.9888,1.8379,0.3621
1.5786,0.0006,0.9226,1.5991,0.3402
1.5367,0.0004,0.7994,1.3965,0.3402
1.8191,0.0005,0.8990,1.9944,0.3487
1.6232,0.0005,0.6837,1.6446,0.3487
1.4905,0.0005,0.6273,1.4703,0.3375
1.5761,0.0003,0.6027,1.4200,0.3556
1.6734,0.0004,0.5974,1.5081,0.3475
1.8352,0.0003,0.6521,1.8353,0.3438
1.6317,0.0006,0.6207,1.8765,0.3371
1.7957,0.0007,0.7363,1.7972,0.3695
1.2391,0.0006,0.8189,1.2538,0.3664
1.3384,0.0008,0.7352,1.3544,0.3461
1.1191,0.0004,0.6456,1.0827,0.3441
1.2186,0.0004,0.6358,1.0901,0.3441
1.6945,0.0006,0.6346,1.6432,0.3509
1.9757,0.0005,0.6311,2.1713,0.3339
1.2102,0.0004,0.6643,1.2033,0.3514
1.3123,0.0003,0.6675,1.2805,0.3593
1.4817,0.0003,0.6653,1.4863,0.3593
1.1676,0.0004,0.7390,1.0132,0.3527
1.9461,0.0007,0.7939,2.0272,0.3544
1.4358,0.0005,0.7877,1.3632,0.3471
1.7864,0.0005,0.7997,1.7794,0.3519
1.9480,0.0005,0.6747,2.0588,0.3382
1.3363,0.0004,0.6669,1.3288,0.3332
1.3460,0.0006,0.6321,1.1852,0.3332
1.9271,0.0005,0.6201,2.0753,0.3392
1.4937,0.0003,0.6462,1.1629,0.3392
1.3712,0.0004,0.6170,1.6249,0.3504
1.6281,0.0004,0.6178,1.5083,0.3532
1.9251,0.0006,0.8137,1.7677,0.3520
1.7894,0.0005,0.8839,2.0939,0.3793
1.1480,0.0004,0.8033,1.1864,0.3793
1.4375,0.0004,0.6803,1.2194,0.3473
1.7985,0.0004,0.6207,1.9991,0.3595
1.5302,0.0003,0.6527,1.5240,0.3424
1.0363,0.0004,0.6227,1.0017,0.3413
1.6968,0.0004,0.6532,1.6978,0.3537
1.1679,0.0004,0.6457,1.1956,0.3440
1.1328,0.0004,0.6054,1.1374,0.3533
1.4462,0.0003,0.6282,1.4388,0.3593
1.5038,0.0004,0.6116,1.4812,0.3593
1.9437,0.0008,0.6666,1.5450,0.3804
0.7950,0.0006,1.1336,1.0150,0.3804
1.4189,0.0003,0.7597,1.4159,0.3709
1.7841,0.0004,0.7690,1.9413,0.3618
1.7287,0.0003,0.6674,1.7296,0.3638
1.1054,0.0003,0.6222,1.1184,0.3638
1.4981,0.0003,0.6143,1.4887,0.3428
1.2203,0.0003,0.6092,1.2305,0.3461
1.1947,0.0004,0.6049,1.1002,0.3448
1.7847,0.0004,0.6892,1.8378,0.3555
1.1195,0.0005,0.6425,1.1291,0.3555
1.2164,0.0004,0.6425,1.1172,0.3430
1.3344,0.0005,0.7891,1.3914,0.3491
1.3172,0.0005,0.7207,1.2247,0.3636
1.2458,0.0006,0.7374,1.3374,0.3578
1.7514,0.0005,0.6701,1.7537,0.3330
0.9753,0.0004,0.6868,0.9793,0.3330
1.2188,0.0003,0.6286,1.2398,0.3431
1.1089,0.0003,0.6016,1.0592,0.3552
1.4284,0.0005,0.6354,1.4398,0.3508
1.7602,0.0005,0.7431,1.4906,0.3508
1.5630,0.0006,0.8379,1.8008,0.3646
1.2714,0.0005,0.7765,1.1379,0.3528
1.4459,0.0004,0.8432,1.2731,0.3528
1.8510,0.0008,0.8879,2.1145,0.3660
1.1814,0.0006,0.9229,1.1441,0.3660
1.8216,0.0004,0.8922,1.8953,0.3549
1.0313,0.0003,0.6889,0.9730,0.3549
1.7707,0.0003,0.6413,1.8342,0.3556
0.9447,0.0003,0.6475,0.9659,0.3556
1.3157,0.0003,0.6105,1.2384,0.3490
1.4122,0.0004,0.6318,1.4495,0.3429
1.6716,0.0004,0.6328,1.4199,0.3402
1.4368,0.0004,0.6663,1.6510,0.3454
1.6763,0.0006,0.6441,1.6931,0.3705
1.7289,0.0005,0.6710,1.6630,0.5240
1.1731,0.0008,0.8064,0.9331,0.5240
2.0165,0.0007,0.8543,2.2431,0.3496
0.9472,0.0005,0.7559,0.9730,0.3496
1.6679,0.0006,0.6776,1.6874,0.3538
1.0374,0.0004,0.6561,1.0560,0.3480
1.4569,0.0005,0.6562,1.4570,0.3516
1.2302,0.0007,0.6536,1.2186,0.3516
1.8066,0.0005,0.6194,1.7757,0.3440
1.0759,0.0004,0.6761,1.0983,0.3440
1.1454,0.0006,0.6440,1.1347,0.3443
1.8103,0.0007,0.6432,1.7955,0.3553
1.1188,0.0006,0.6424,1.0781,0.3553
1.5791,0.0008,0.7826,1.4653,0.3951
1.8086,0.0004,0.8812,1.9100,0.3497
1.2437,0.0004,0.7562,1.2821,0.3497
1.7370,0.0004,0.6609,1.7077,0.3428
1.3509,0.0004,0.7198,1.3386,0.3607
1.2047,0.0005,0.7513,1.0613,0.3607
1.6622,0.0004,0.6843,1.7936,0.3695
1.0827,0.0005,0.7171,0.9034,0.3695
1.3094,0.0005,0.7047,1.4880,0.3638
1.6743,0.0003,0.6589,1.6604,0.3567
1.3074,0.0005,0.6802,1.3093,0.3567
1.4405,0.0004,0.7042,1.2385,0.3731
1.3821,0.0004,0.7755,1.5314,0.3446
1.6654,0.0003,0.7013,1.7160,0.3456
1.5219,0.0003,0.6300,1.3381,0.3626
1.6316,0.0006,0.6535,1.7387,0.3634
1.5204,0.0006,0.8113,1.5577,0.3634
1.6012,0.0006,0.6842,1.3410,0.3483
1.2240,0.0006,0.6198,1.5096,0.3529
1.3742,0.0005,0.5900,1.3555,0.3541
1.1869,0.0005,0.6362,0.9138,0.3541
1.8309,0.0005,0.5957,2.0571,0.3675
1.1594,0.0006,0.7092,1.1763,0.3867
1.5284,0.0005,0.7366,1.4918,0.3642
1.0229,0.0005,0.7651,1.0536,0.3642
1.3904,0.0004,0.6832,1.4049,0.3483
1.2513,0.0007,0.6296,1.2337,0.3517
1.4360,0.0005,0.7945,1.3972,0.3495
1.2027,0.0004,0.7397,1.2226,0.3470
1.2234,0.0004,0.7175,1.1336,0.3345
1.6191,0.0005,0.7082,1.6300,0.3500
1.2503,0.0007,0.7523,1.1268,0.3500
1.5543,0.0004,0.6651,1.7406,0.3455
1.7542,0.0003,0.6382,1.7336,0.3474
1.3130,0.0006,0.7093,1.0024,0.3474
1.6549,0.0006,0.9903,1.6976,0.3859
2.0647,0.0005,0.7340,2.2347,0.3559
1.7275,0.0006,0.7485,1.7709,0.3565
1.4081,0.0007,0.7564,1.1745,0.3565
1.5837,0.0006,0.7480,1.5715,0.3440
1.8059,0.0007,0.6644,1.7844,0.3608
1.7306,0.0003,0.9226,1.9892,0.3608
1.6216,0.0005,0.7114,1.6481,0.3487
1.6875,0.0004,0.6676,1.6694,0.3456
1.8920,0.0005,0.6521,1.7928,0.3456
1.5225,0.0006,0.8696,1.5629,0.3671
1.5436,0.0005,0.8176,1.4012,0.3566
2.0368,0.0005,0.7876,2.0920,0.3476
0.7789,0.0005,0.8167,0.8756,0.3485
1.2286,0.0006,0.6844,1.1940,0.3485
1.7086,0.0004,0.6824,1.5890,0.3689
1.8173,0.0004,0.7019,1.9650,0.3626
1.0354,0.0003,0.6361,1.0537,0.3626
1.4848,0.0004,0.6128,1.4947,0.3512
1.5924,0.0004,0.5686,1.5629,0.3386
1.8463,0.0007,0.6001,1.7655,0.3532
1.3671,0.0005,0.8702,1.3949,0.3876
1.8577,0.0005,0.7734,1.8455,0.3573
1.2888,0.0004,0.7075,1.3172,0.3477
1.5901,0.0005,0.6841,1.5766,0.3477
1.4710,0.0005,0.6402,1.3809,0.3446
1.5572,0.0007,0.6934,1.5684,0.3397
1.2189,0.0006,0.7206,1.2846,0.3553
1.4439,0.0004,0.6871,1.2601,0.3402
1.5815,0.0005,0.6430,1.7183,0.3332
1.1382,0.0004,0.6843,0.9228,0.3441
1.6588,0.0005,0.8351,1.6896,0.3441
1.6386,0.0008,1.1491,1.7700,0.3744
2.0907,0.0007,1.1841,2.1269,0.3469
1.4967,0.0006,0.7817,1.5272,0.3447
1.3929,0.0006,0.6750,1.3884,0.3447
1.5657,0.0005,0.6613,1.5431,0.3490
1.4641,0.0004,0.6530,1.4723,0.3452
1.3216,0.0003,0.6466,1.3017,0.3542
1.2691,0.0005,0.6865,1.2821,0.3480
1.2043,0.0004,0.6814,1.2090,0.3568
1.2471,0.0004,0.6551,1.2560,0.3568
1.2688,0.0005,0.6143,1.0518,0.3546
2.0253,0.0005,0.8390,2.1709,0.3964
1.2681,0.0004,0.7982,1.1552,0.3563
1.0447,0.0004,0.8332,1.1985,0.3563
1.7863,0.0005,0.6546,1.7576,0.3410
1.1825,0.0005,0.6469,1.1870,0.3639
1.4754,0.0004,0.6834,1.4873,0.3514
1.3292,0.0006,0.6349,1.3181,0.3593
1.5302,0.0002,0.6264,1.5413,0.3510
0.9938,0.0004,0.5706,0.9534,0.3510
1.4250,0.0003,0.5729,1.3243,0.3673
1.7125,0.0004,0.6111,1.8100,0.3690
1.5054,0.0011,0.6698,1.4293,0.3524
1.4800,0.0008,0.8919,1.4880,0.3524
1.6798,0.0004,1.4098,1.5339,0.3437
1.8353,0.0005,0.7186,1.8089,0.3403
2.1217,0.0004,0.6920,2.3189,0.3535
1.3988,0.0004,0.6901,1.4148,0.3535
1.3807,0.0004,0.6780,1.2773,0.3398
1.7630,0.0003,0.8113,1.7373,0.3627
2.0840,0.0005,0.6438,2.1991,0.3516
0.8684,0.0004,0.6300,0.8542,0.3516
1.2502,0.0007,0.6270,1.2336,0.3405
1.8184,0.0005,0.6806,1.4367,0.3635
1.6756,0.0005,1.0434,2.0482,0.3382
1.1240,0.0003,0.7326,1.1096,0.3585
1.4423,0.0003,0.6441,1.2723,0.3585
1.4601,0.0005,0.6311,1.3540,0.3496
1.6871,0.0006,0.6376,1.6940,0.3562
1.9005,0.0004,0.6209,2.1624,0.3535
1.3526,0.0003,0.6275,1.3519,0.3426
1.4711,0.0004,0.6347,1.4953,0.3426
1.8808,0.0004,0.5682,1.8206,0.3408
2.2807,0.0010,0.6261,1.8185,0.3511
1.2216,0.0007,1.2397,1.6436,0.3936
1.4887,0.0006,0.8059,1.4335,0.3637
1.6453,0.0005,0.7460,1.7100,0.3554
1.2295,0.0006,0.6332,0.9714,0.3554
1.5481,0.0004,0.6337,1.6923,0.3475
1.6629,0.0003,0.6254,1.7812,0.3504
1.0747,0.0003,0.6238,1.0806,0.3504
1.7956,0.0003,0.5845,1.7801,0.3605
1.6677,0.0003,0.5634,1.6554,0.3485
1.0279,0.0004,0.5926,0.9955,0.3485
1.5765,0.0004,0.8499,1.3694,0.3513
1.8448,0.0005,0.7023,2.0291,0.3715
1.6714,0.0005,0.7399,1.6621,0.3433
1.2124,0.0004,0.6985,1.1327,0.3433
1.5951,0.0003,0.6715,1.7053,0.3564
0.9928,0.0004,0.6989,0.8455,0.3564
1.8049,0.0004,0.7758,1.9400,0.3495
1.3373,0.0004,0.6718,1.3390,0.3529
1.5066,0.0004,0.6184,1.4133,0.3424
1.3202,0.0004,0.6917,1.3996,0.3641
1.7207,0.0004,0.6845,1.7001,0.3525
1.3980,0.0007,0.6800,1.3652,0.3609
1.1955,0.0006,0.7391,1.2082,0.3609
2.1426,0.0006,0.8258,2.1458,0.3390
1.2564,0.0004,0.7193,1.2819,0.3425
1.5457,0.0004,0.6490,1.4386,0.3324
1.6241,0.0003,0.7463,1.7039,0.3592
1.3562,0.0004,0.6170,1.3590,0.3473
1.4877,0.0005,0.6389,1.4215,0.3519
1.2547,0.0005,0.7206,1.0710,0.3519
1.8005,0.0007,0.6777,1.8836,0.3442
1.7329,0.0006,0.8449,1.5546,0.3387
1.9968,0.0009,0.8216,2.2390,0.3505
1.4896,0.0008,1.0117,1.5035,0.4039
1.4756,0.0005,0.8163,1.5147,0.3388
1.6096,0.0006,0.6744,1.6062,0.3647
1.0610,0.0008,0.6362,0.7431,0.3647
1.5864,0.0004,0.6696,1.8785,0.3482
1.2362,0.0007,0.6676,1.2336,0.3466
1.1470,0.0004,0.6608,1.1194,0.3496
1.3180,0.0006,0.6331,1.2326,0.3527
0.9550,0.0006,0.8127,0.9004,0.3527
1.9371,0.0007,0.7398,1.6113,0.3581
1.7392,0.0007,0.8073,2.0927,0.3269
1.4881,0.0006,0.9273,1.4466,0.3389
1.8264,0.0004,0.8054,1.9748,0.3429
1.2795,0.0005,0.6572,1.2477,0.3573
1.1170,0.0006,0.6729,1.1257,0.3573
1.8195,0.0006,0.6076,1.8259,0.3396
1.4569,0.0004,0.6373,1.4629,0.3437
1.4159,0.0005,0.6489,1.3780,0.3437
2.0669,0.0006,0.6500,2.0365,0.3490
1.5471,0.0007,0.7743,1.3951,0.3490
2.0310,0.0004,0.7173,2.2063,0.3361
1.5160,0.0007,0.6630,1.2071,0.3361
1.8790,0.0006,1.0984,1.6594,0.3747
1.8898,0.0005,0.8654,2.3909,0.3439
1.6833,0.0005,0.7335,1.6891,0.3439
1.7348,0.0006,0.6942,1.5383,0.3605
1.6430,0.0006,0.8272,1.8240,0.3605
1.3121,0.0007,0.6889,1.1075,0.3405
1.4726,0.0003,0.8488,1.6731,0.3502
0.9468,0.0003,0.6735,0.9626,0.3502
1.4643,0.0003,0.6369,1.3315,0.3479
1.5895,0.0004,0.6299,1.4191,0.3422
1.7784,0.0006,0.6898,1.7332,0.3583
1.4815,0.0005,0.8595,1.7538,0.3449
2.0834,0.0004,0.7685,2.0969,0.3321
1.1713,0.0004,0.6874,1.1998,0.3321
1.5844,0.0006,0.6053,1.4955,0.3388
1.0973,0.0004,0.7306,1.0992,0.3388
1.7172,0.0005,0.6972,1.6171,0.3524
1.5901,0.0005,0.7227,1.7335,0.3496
1.5330,0.0005,0.6934,1.3529,0.3413
1.5984,0.0005,0.7140,1.7642,0.3325
1.5451,0.0005,0.7239,1.4429,0.3325
1.7916,0.0006,0.7860,1.8001,0.3809
1.8630,0.0005,0.9252,1.9076,0.3433
1.5583,0.0005,0.8105,1.1851,0.3433
1.7799,0.0007,0.7613,1.9825,0.3424
1.5692,0.0006,1.0887,1.6307,0.3638
1.6126,0.0005,0.7938,1.3561,0.3735
1.7950,0.0007,0.7948,2.1214,0.3549
1.2961,0.0005,0.7762,1.0961,0.3549
1.6100,0.0004,0.7407,1.6365,0.3442
2.3329,0.0009,0.7303,2.4305,0.3445
1.0922,0.0006,0.9324,0.9620,0.3445
1.7032,0.0006,0.9901,1.8585,0.3674
1.3910,0.0006,0.7939,1.1943,0.3445
1.5784,0.0008,0.7811,1.7687,0.3500
1.7042,0.0007,0.8252,1.7164,0.3627
1.3125,0.0008,0.8552,1.3271,0.3631
1.0498,0.0006,0.7958,0.9377,0.3631
2.0086,0.0008,0.7808,2.1026,0.3509
1.2654,0.0005,0.7624,1.2779,0.3509
1.3697,0.0007,0.7693,1.3573,0.3558
1.2022,0.0009,0.7551,1.0880,0.3558
1.6176,0.0006,0.8234,1.5878,0.3651
1.9907,0.0008,0.9544,2.0907,0.3629
1.3298,0.0006,0.8673,1.2975,0.3601
1.8788,0.0006,0.8782,1.8919,0.3504
1.7016,0.0006,0.8611,1.7071,0.3675
1.4589,0.0007,0.8800,1.4275,0.3675
1.9730,0.0008,0.8254,1.9761,0.3438
1.4392,0.0008,0.8060,1.0893,0.3438
1.9789,0.0006,0.8549,2.3209,0.3478
1.3426,0.0006,0.8501,1.2455,0.3478
2.2326,0.0008,0.8844,2.2512,0.3590
1.7286,0.0010,0.9947,1.7155,0.3454
1.4130,0.0007,1.0144,1.4641,0.3454
1.8528,0.0005,0.8788,1.8681,0.3511
1.8643,0.0006,0.7931,1.8691,0.3527
1.2686,0.0006,0.7580,0.9947,0.3527
1.4779,0.0005,0.7857,1.7092,0.3564
1.4570,0.0004,0.7951,1.3222,0.3605
1.3355,0.0005,0.7631,1.4814,0.3455
1.8583,0.0005,0.7478,1.8178,0.3521
1.7375,0.0007,1.0307,0.9174,0.3868
1.1114,0.0007,1.6890,1.4310,0.4015
1.8089,0.0005,0.9906,2.2214,0.3572
1.4917,0.0004,0.7889,1.5280,0.3572
1.6929,0.0004,0.6714,1.6665,0.3544
1.3798,0.0005,0.7097,1.3679,0.3528
1.7148,0.0004,0.7339,1.6960,0.3482
1.2066,0.0004,0.7496,1.1576,0.3482
1.7679,0.0004,0.7350,1.8058,0.3561
1.6397,0.0003,0.7446,1.5076,0.3354
1.8463,0.0004,0.8375,1.9404,0.3354
2.2260,0.0008,0.8514,2.1756,0.3963
1.2833,0.0004,0.9942,1.3333,0.3963
1.5302,0.0005,0.8401,1.5620,0.3381
1.3814,0.0004,0.7261,1.3719,0.3362
1.2252,0.0004,0.6697,1.2181,0.3362
1.7718,0.0007,0.7112,1.7135,0.3580
1.2322,0.0007,0.8738,1.0270,0.3518
1.9456,0.0005,0.9583,2.1578,0.3364
1.5349,0.0005,0.7234,1.5672,0.3536
1.1647,0.0005,0.7522,1.1553,0.3536
1.7996,0.0008,0.6583,1.7341,0.3581
2.1348,0.0006,0.8485,2.1282,0.3758
1.4867,0.0007,0.9121,1.5220,0.3621
1.2559,0.0005,0.8028,1.2876,0.3621
1.7686,0.0005,0.7063,1.7204,0.3557
1.1016,0.0006,0.7369,1.0571,0.3557
1.5212,0.0006,0.7610,1.5008,0.3579
1.5418,0.0004,0.7282,1.5085,0.3419
1.5216,0.0003,0.7528,1.5561,0.3585
1.4924,0.0005,0.9488,1.4506,0.3380
1.5626,0.0006,0.7580,1.5578,0.3655
1.9558,0.0006,0.9417,1.9555,0.3617
1.6941,0.0005,1.1581,1.7155,0.3607
1.6669,0.0004,0.8500,1.6978,0.3607
1.4166,0.0004,0.7819,1.4141,0.3464
1.7528,0.0008,0.6964,1.7475,0.3405
1.4011,0.0003,0.6661,1.2079,0.3373
1.8172,0.0005,0.6990,1.9937,0.3561
0.9284,0.0004,0.6938,0.8423,0.3561
1.5761,0.0005,0.6858,1.5395,0.3563
1.6307,0.0003,0.7254,1.7403,0.3409
2.0754,0.0006,0.7434,1.9475,0.5429
1.3751,0.0004,0.9448,1.4776,0.5429
1.7636,0.0004,0.8316,1.7541,0.3512
1.4018,0.0005,0.7656,1.4027,0.3505
1.1059,0.0004,0.7556,1.1416,0.3505
1.6611,0.0004,0.6878,1.5805,0.3474
1.3924,0.0003,0.7183,1.4483,0.3647
1.3529,0.0003,0.7059,1.3501,0.3647
1.5973,0.0004,0.6542,1.5303,0.3592
1.7917,0.0006,0.6575,1.8267,0.3423
1.5488,0.0004,0.6878,1.5101,0.3423
2.0092,0.0007,0.7211,1.9849,0.3914
1.3170,0.0003,0.8543,1.3424,0.3914
1.6235,0.0006,0.8182,1.5361,0.3306
1.3840,0.0006,0.8371,1.4607,0.3306
1.4157,0.0006,0.7770,1.4021,0.3490
1.8013,0.0006,0.8254,1.7865,0.3564
1.1896,0.0008,0.7977,1.0756,0.3564
1.9474,0.0007,0.8087,2.0507,0.3474
1.8371,0.0008,0.7840,1.8337,0.3402
1.6120,0.0005,0.8278,1.6251,0.3326
1.5661,0.0008,0.7376,1.5274,0.3473
2.1490,0.0009,0.8488,2.1166,0.3730
1.4286,0.0007,0.9154,1.2426,0.3730
1.5558,0.0007,0.9655,1.7915,0.3416
1.2251,0.0009,0.7142,1.1998,0.3416
1.9560,0.0007,0.6695,1.9287,0.3432
1.5464,0.0006,0.7833,1.5360,0.3361
1.2514,0.0004,0.7548,1.2947,0.3361
1.6591,0.0006,0.7383,1.5246,0.3499
2.0472,0.0006,0.8034,2.0833,0.3633
1.7631,0.0006,0.8358,1.7758,0.3633
1.8933,0.0011,0.9179,1.8759,0.3596
1.4098,0.0007,0.9849,1.4555,0.3580
1.4323,0.0006,0.8115,1.4543,0.3602
1.3051,0.0006,0.7062,1.1168,0.3570
1.2224,0.0006,0.8130,1.2434,0.3570
1.9475,0.0004,0.6856,2.0823,0.3707
1.0773,0.0004,0.7671,1.0992,0.3707
1.4735,0.0003,0.7038,1.4575,0.3432
1.7593,0.0004,0.6403,1.7571,0.3625
1.1389,0.0005,0.6699,1.1134,0.3509
1.7773,0.0005,0.6971,1.7511,0.3509
0.9913,0.0005,0.9221,0.7824,0.3541
1.5286,0.0005,0.7317,1.7077,0.3905
1.2730,0.0006,0.7190,1.2990,0.3825
1.6706,0.0007,0.7206,1.5914,0.3508
1.7636,0.0006,0.7150,1.6317,0.3409
1.7167,0.0004,0.7918,1.8959,0.3555
1.2166,0.0005,0.7642,1.2204,0.3579
1.5615,0.0005,0.7799,1.5677,0.3613
1.2890,0.0006,0.7465,1.1559,0.3613
1.5981,0.0005,0.7013,1.6483,0.3498
1.7236,0.0006,0.6959,1.7651,0.3582
2.0189,0.0007,0.7127,1.9596,0.3547
1.7774,0.0007,0.8938,1.6302,0.3653
1.5344,0.0005,0.9859,1.5022,0.3418
1.6581,0.0003,0.8498,1.6446,0.3517
1.7223,0.0004,0.8836,1.9477,0.3544
1.3539,0.0006,0.7300,1.3291,0.3559
1.6761,0.0005,0.7460,1.6452,0.3432
1.3676,0.0005,0.7876,1.4210,0.3599
1.4042,0.0005,0.7665,1.3976,0.3429
1.2167,0.0004,0.7475,1.1386,0.3429
1.9573,0.0005,0.7344,1.9891,0.3431
1.5018,0.0005,0.8347,1.5057,0.3537
1.5740,0.0005,0.9066,1.3092,0.3926
1.8425,0.0004,0.7485,2.1440,0.3377
1.6013,0.0004,0.6991,1.5819,0.3327
1.9998,0.0005,0.7081,1.9670,0.3518
1.0943,0.0005,0.7391,1.1064,0.3518
1.8489,0.0004,0.6837,1.8432,0.3487
1.2213,0.0003,0.6571,1.1450,0.3487
1.5175,0.0004,0.6519,1.3641,0.3526
1.4053,0.0005,0.6859,1.4692,0.3526
1.7385,0.0007,0.7254,1.5534,0.3888
1.6007,0.0005,0.8524,1.7878,0.3949
1.0942,0.0005,0.9407,1.2230,0.3624
1.9100,0.0008,0.7302,1.8201,0.3547
1.2499,0.0009,0.8232,1.3101,0.3547
1.6851,0.0008,0.8434,1.6508,0.3362
1.4857,0.0006,0.7871,1.4368,0.3362
1.6875,0.0007,0.7449,1.5091,0.3445
1.6313,0.0006,0.7297,1.8580,0.3474
1.2521,0.0006,0.7517,1.2732,0.3474
1.5736,0.0008,0.6820,1.5638,0.3548
1.9414,0.0008,0.7251,1.8017,0.3866
1.6222,0.0006,1.0057,1.6812,0.3449
1.2979,0.0004,0.9429,1.3534,0.3449
1.4473,0.0005,0.7724,1.2181,0.3482
1.8059,0.0006,0.7595,1.6173,0.3449
1.7945,0.0005,0.8207,2.1333,0.3412
1.6637,0.0006,0.7922,1.6531,0.3412
1.5549,0.0004,0.7865,1.5616,0.3478
1.5016,0.0004,0.7606,1.2855,0.3478
1.6185,0.0004,0.9126,1.8123,0.3498
1.3075,0.0007,0.7231,1.1176,0.3456
1.8564,0.0007,1.1825,1.9726,0.8474
1.9399,0.0007,1.2299,1.9482,0.3348
1.5412,0.0007,0.8800,1.5573,0.3348
1.7084,0.0008,0.8130,1.7326,0.3330
1.7754,0.0007,0.7806,1.7589,0.3488
1.1583,0.0006,0.7621,1.0806,0.3488
1.5634,0.0005,0.6949,1.6511,0.3511
1.3642,0.0006,0.7133,1.3533,0.3636
1.2494,0.0006,0.7181,1.2550,0.3417
1.5820,0.0006,0.6933,1.5435,0.3417
1.7055,0.0007,0.7474,1.5123,0.3856
1.5853,0.0005,0.8961,1.5525,0.4034
1.7826,0.0004,0.8352,1.9327,0.3468
1.4406,0.0005,0.8969,1.5022,0.3468
1.5544,0.0004,0.7623,1.4378,0.3480
1.7471,0.0005,0.7290,1.6767,0.3404
2.2398,0.0007,0.7427,2.4297,0.3558
1.4986,0.0006,0.7525,1.5003,0.3532
1.4558,0.0005,0.7510,1.4776,0.3532
1.7696,0.0004,0.6928,1.7266,0.3381
1.4938,0.0009,0.7795,1.2082,0.3381
1.9538,0.0009,0.8638,2.1845,0.3610
1.9062,0.0006,0.8798,1.9441,0.3531
1.4782,0.0009,0.8091,1.4516,0.3563
1.1739,0.0006,0.7936,1.1695,0.3563
1.4249,0.0008,0.7136,1.4289,0.3444
1.4242,0.0005,0.7051,1.4075,0.3307
1.8392,0.0005,0.7019,1.4839,0.3463
1.9800,0.0007,0.7858,2.2833,0.3426
1.8104,0.0007,0.8473,1.8247,0.3598
1.1722,0.0006,0.8147,1.1867,0.3598
1.7845,0.0007,0.8769,1.4459,0.3911
1.7255,0.0006,0.9261,2.0252,0.3739
1.2979,0.0007,0.8366,1.1868,0.3696
1.8388,0.0006,0.7763,1.9683,0.3369
2.0534,0.0007,0.7364,2.0242,0.3477
1.5879,0.0006,0.7577,1.3552,0.3477
1.5315,0.0006,0.7308,1.5411,0.3505
1.7226,0.0004,0.6925,1.9647,0.3415
1.4169,0.0006,0.6728,1.4236,0.3400
1.7533,0.0006,0.7050,1.6841,0.3774
1.2965,0.0005,0.8076,1.2998,0.3774
1.8703,0.0006,0.8547,1.8087,0.3490
1.5936,0.0007,0.8632,1.6054,0.3571
1.6756,0.0008,0.8328,1.6757,0.3523
1.3566,0.0004,0.7795,1.3719,0.3612
1.7377,0.0007,0.7402,1.6677,0.3449
2.1917,0.0008,0.7699,2.2000,0.3555
1.4331,0.0007,0.9008,1.4845,0.3548
1.3617,0.0005,0.8830,1.1887,0.3548
1.7884,0.0007,0.7406,1.9179,0.3484
1.6735,0.0007,0.8388,1.4592,0.3764
19.9053,0.0009,20.0144,2.0971,0.3428
1.3262,0.0008,1.3921,1.9837,0.3428
1.4267,0.0004,1.1700,1.5478,0.3754
1.9129,0.0004,0.7882,1.9289,0.3529
1.7559,0.0006,0.8208,1.8063,0.3424
1.7982,0.0009,0.7685,1.7796,0.3345
1.5661,0.0004,0.8110,1.5796,0.3370
1.4453,0.0005,0.8679,1.4353,0.3370
1.2565,0.0004,0.7966,1.1778,0.3578
1.5001,0.0004,0.9493,1.5729,0.3513
1.7685,0.0005,0.7795,1.7897,0.3513
2.1247,0.0005,0.6800,1.9048,0.3466
1.5124,0.0003,0.9156,1.7080,0.3466
1.6087,0.0005,0.7559,1.6045,0.3410
1.2027,0.0004,0.8556,1.2005,0.3426
1.6190,0.0005,0.8996,1.5840,0.3371
1.7356,0.0003,0.7238,1.6590,0.3447
2.0205,0.0006,0.7479,1.7820,0.3359
1.5063,0.0007,0.8407,1.7478,0.3544
1.6000,0.0006,0.9465,1.6334,0.3447
1.8598,0.0006,0.7892,1.8077,0.3461
1.7115,0.0008,0.9004,1.7356,0.3568
1.2482,0.0006,0.9488,1.2754,0.3568
2.2743,0.0005,0.6976,1.9737,0.3503
1.7225,0.0005,0.7446,1.7732,0.3357
2.1662,0.0178,0.7579,2.2613,0.3355
1.1095,0.0006,0.9199,0.9881,0.3355
2.5447,0.0010,0.7727,2.6412,0.3534
1.5918,0.0008,1.5474,1.6349,0.3783
1.6214,0.0005,1.0273,1.6619,0.3489
1.7257,0.0006,0.8368,1.7332,0.3489
1.9300,0.0006,0.7988,1.7184,0.3609
1.7098,0.0005,0.8257,1.8736,0.3442
1.6934,0.0005,0.9355,1.7229,0.3629
1.3222,0.0004,0.7823,1.3240,0.3629
1.8185,0.0006,0.7235,1.7909,0.3434
1.6892,0.0005,0.7517,1.7078,0.3513
1.1627,0.0004,0.7857,1.1414,0.3513
2.0752,0.0007,0.7957,1.9565,0.5574
1.7666,0.0007,0.8670,1.8740,0.3823
1.8208,0.0006,0.8189,1.7160,0.3353
1.7330,0.0007,0.7275,1.5697,0.3469
1.9665,0.0004,0.7515,2.2092,0.3404
1.2337,0.0005,0.7938,1.0209,0.3404
2.1142,0.0005,0.7586,2.2542,0.3674
1.1880,0.0005,0.8309,1.2485,0.3674
1.4467,0.0008,0.7946,1.3818,0.3541
1.6943,0.0010,0.7664,1.5724,0.3541
1.5053,0.0007,0.9419,1.6292,0.3878
1.5160,0.0007,0.9580,1.5179,0.3398
1.7031,0.0006,0.7841,1.7081,0.3509
1.5436,0.0005,0.8066,1.5270,0.3509
1.8604,0.0005,0.7802,1.8674,0.3706
1.6504,0.0005,0.7867,1.6366,0.3547
1.2662,0.0006,0.7764,1.2911,0.3547
1.7664,0.0004,0.7350,1.6404,0.3464
2.3632,0.0006,0.7680,2.4218,0.3514
1.1329,0.0005,0.8285,1.1436,0.3514
1.5772,0.0007,0.9602,1.2575,0.3609
2.2532,0.0008,0.8693,2.5521,0.3445
1.2897,0.0006,0.8537,1.0568,0.3445
1.6680,0.0007,0.7772,1.8570,0.3478
1.6872,0.0005,0.8152,1.7346,0.3471
1.2366,0.0005,0.7833,1.0659,0.3471
2.0296,0.0006,0.7223,2.1428,0.3557
1.9054,0.0007,0.8029,1.8512,0.3461
2.1394,0.0010,1.0090,2.1951,0.3563
1.4591,0.0007,1.0605,1.4349,0.3563
1.8186,0.0007,0.9106,1.8256,0.3859
1.8199,0.0004,0.9617,1.8504,0.3859
2.0807,0.0006,0.8576,1.6401,0.3376
1.5641,0.0008,0.8738,1.8468,0.3598
1.9526,0.0009,0.8735,1.7385,0.3467
2.0155,0.0006,1.1627,2.3237,0.3370
1.3598,0.0005,0.9826,1.4156,0.3370
1.4873,0.0006,0.8749,1.3869,0.3543
2.0278,0.0008,0.9612,2.0664,0.3462
1.8404,0.0004,0.8786,1.8255,0.3360
1.4558,0.0004,0.9721,1.5022,0.3360
1.8521,0.0005,0.7932,1.8555,0.3546
1.5318,0.0004,0.7656,1.4884,0.3546
1.9230,0.0004,0.9948,1.9548,0.3546
1.7274,0.0005,0.7706,1.6588,0.3546
1.7561,0.0006,0.8379,1.7510,0.3335
1.7945,0.0006,0.8933,1.8177,0.3590
1.0321,0.0005,0.8493,0.8680,0.3590
2.5544,0.0011,0.8181,2.5769,0.3416
1.5328,0.0005,1.0347,1.5939,0.3416
2.1794,0.0006,1.0691,2.1733,0.3565
1.5517,0.0005,0.9709,1.5544,0.3565
1.7908,0.0007,0.9896,1.7838,0.3438
2.1339,0.0010,1.2071,2.0315,0.3386
1.8628,0.0010,1.3326,1.9776,0.3457
1.2831,0.0010,1.0552,1.3007,0.3457
1.9272,0.0008,0.9808,1.9020,0.3332
1.9061,0.0009,0.8728,1.8657,0.3569
2.0027,0.0007,1.2736,1.7524,0.3569
2.0876,0.0010,1.1736,2.0921,0.3641
2.0281,0.0006,0.9778,2.2807,0.3423
1.8558,0.0007,0.9071,1.5228,0.3423
1.8941,0.0007,1.0447,2.0889,0.3593
1.8621,0.0006,0.9580,1.8970,0.3691
1.8413,0.0006,1.1022,1.9075,0.3563
1.7350,0.0008,0.9127,1.7304,0.3501
1.8229,0.0007,0.9486,1.7886,0.3794
1.6554,0.0007,1.0417,1.6559,0.3733
1.4479,0.0004,0.9740,1.5015,0.3494
1.6868,0.0006,0.8209,1.3845,0.3494
1.9267,0.0008,0.9250,2.1107,0.3468
1.9162,0.0011,1.0957,1.9340,0.3345
1.7559,0.0006,1.0320,1.7695,0.3459
1.6457,0.0008,0.9651,1.6641,0.3600
1.5800,0.0007,0.8946,1.6139,0.3600
1.7598,0.0008,0.8127,1.6621,0.3594
1.1865,0.0005,0.8800,1.2760,0.3594
1.7902,0.0005,0.8125,1.4820,0.3624
1.4615,0.0005,0.7763,1.7147,0.3426
1.9529,0.0008,0.8046,1.9345,0.3544
2.2709,0.0009,1.1081,2.2168,0.3496
1.9100,0.0008,0.9847,1.9379,0.3372
1.6348,0.0006,1.0144,1.6378,0.3372
2.1191,0.0009,1.2500,2.0853,0.3551
1.6953,0.0007,0.9210,1.7436,0.3551
1.7863,0.0007,0.8435,1.4619,0.3367
1.9832,0.0005,0.8681,2.0652,0.3788
1.5254,0.0006,0.8968,1.6451,0.3454
2.1272,0.0006,0.8388,2.2024,0.3588
1.1042,0.0006,0.8269,1.1183,0.3462
1.7683,0.0004,0.7657,1.3687,0.3495
1.6156,0.0004,0.7324,1.8234,0.3450
1.4897,0.0003,0.7169,1.6690,0.3486
1.5066,0.0004,0.6775,1.4869,0.3486
1.5733,0.0004,0.6849,1.5743,0.3382
1.2764,0.0003,0.7142,1.2536,0.3382
1.5037,0.0003,0.7947,1.4910,0.3680
1.9777,0.0005,0.7699,1.7813,0.5145
1.6793,0.0006,0.7940,1.8647,0.3454
1.8072,0.0004,0.8090,1.8005,0.3439
1.3772,0.0004,0.7303,1.4112,0.3439
1.4412,0.0004,0.6903,1.2883,0.3550
1.6544,0.0003,0.6923,1.7916,0.3640
1.7712,0.0005,0.6876,1.7553,0.3632
1.7092,0.0004,0.6827,1.6726,0.3491
1.8542,0.0004,0.7261,1.7634,0.3533
1.2249,0.0004,0.9050,1.2831,0.3533
1.4543,0.0006,0.8738,1.1627,0.3547
1.9549,0.0007,0.8359,2.2246,0.3537
1.3142,0.0004,0.7632,1.3341,0.3524
1.1374,0.0005,0.7849,1.0458,0.3524
1.4679,0.0004,0.6773,1.3928,0.3458
1.8073,0.0005,0.7238,1.9610,0.3533
1.3691,0.0007,0.7699,1.3105,0.3581
1.3267,0.0006,0.7430,1.3530,0.3494
1.7656,0.0006,0.7241,1.7263,0.3449
1.4407,0.0006,0.7975,1.2531,0.3449
1.7174,0.0006,0.9676,1.5878,0.3454
1.8662,0.0009,0.9040,2.1969,0.3622
1.2635,0.0005,0.8172,1.2089,0.3622
1.5579,0.0004,0.8354,1.3103,0.3448
1.8064,0.0005,0.7643,2.0898,0.3410
1.6897,0.0006,0.7920,1.6836,0.3460
1.4234,0.0006,0.7840,1.4688,0.3369
1.5946,0.0004,0.7170,1.1108,0.3369
1.6621,0.0006,0.7330,2.0154,0.3428
1.4214,0.0006,0.8498,1.4539,0.3411
1.5647,0.0005,0.7935,1.5272,0.3541
2.4143,0.0005,0.8539,2.4197,0.3721
1.1782,0.0003,0.9819,1.1911,0.3721
1.8106,0.0005,0.7804,1.8885,0.3495
1.6442,0.0005,0.6814,1.6435,0.3495
1.8451,0.0005,0.6649,1.7737,0.3483
1.9359,0.0005,0.8101,1.9315,0.3417
1.2056,0.0005,1.0490,1.1769,0.3417
1.6778,0.0004,0.7819,1.6731,0.3438
2.1817,0.0005,0.7328,2.1588,0.3730
1.8567,0.0008,0.9109,1.8610,0.3730
1.9007,0.0005,0.9970,1.9381,0.3549
1.2493,0.0007,0.8994,1.2672,0.3549
1.4414,0.0007,0.7923,1.4559,0.3702
1.5159,0.0007,0.7150,1.5116,0.3494
1.2895,0.0004,0.7341,1.0108,0.3494
1.7478,0.0003,0.8070,1.7589,0.3574
1.5491,0.0004,0.8156,1.5938,0.3597
1.3539,0.0004,0.7562,1.5675,0.3369
1.7833,0.0004,0.8080,1.7212,0.3470
1.3114,0.0004,0.7927,1.3109,0.3470
1.4764,0.0006,0.8834,1.0890,0.3753
1.6784,0.0005,1.0298,2.0922,0.3753
1.7129,0.0004,0.7525,1.7035,0.3542
1.8621,0.0009,0.7307,1.8163,0.3455
1.8596,0.0005,0.7929,1.8948,0.3571
1.3964,0.0003,0.7262,1.4134,0.3584
1.3679,0.0004,0.6417,1.3606,0.3584
1.4321,0.0005,0.6241,1.1884,0.3536
1.8734,0.0005,0.6483,2.0838,0.3456
1.4978,0.0005,0.6947,1.4755,0.3640
1.4209,0.0006,0.7469,1.0319,0.3634
1.8635,0.0005,1.0181,2.2137,0.3519
1.5802,0.0004,0.9183,1.6140,0.3456
1.3792,0.0005,0.7130,1.3949,0.3273
1.5840,0.0005,0.6562,1.3736,0.3273
1.9543,0.0006,0.7057,2.1372,0.3506
1.8154,0.0004,0.7030,1.7999,0.3439
1.3079,0.0004,0.7268,1.1516,0.3439
1.5497,0.0005,0.8532,1.6941,0.3335
1.4528,0.0005,0.7623,1.2117,0.3335
2.2360,0.0008,0.7572,2.3559,0.5533
1.3451,0.0004,0.9566,1.4436,0.3778
1.6440,0.0005,0.9016,1.6368,0.3470
1.5307,0.0005,0.7630,1.5262,0.3460
1.1866,0.0004,0.7402,1.0703,0.3460
1.8205,0.0004,0.7167,1.8885,0.3443
1.4559,0.0003,0.7523,1.4901,0.3443
1.5640,0.0006,0.7480,1.3966,0.3474
1.7719,0.0004,0.9087,1.9189,0.3586
1.7611,0.0004,0.8357,1.7372,0.3469
1.7411,0.0007,0.8096,1.3409,0.3526
1.1802,0.0005,1.3304,1.3750,0.3526
1.8868,0.0004,0.8860,2.0565,0.3685
1.6731,0.0003,0.8175,1.6955,0.3584
1.6096,0.0005,0.8013,1.6088,0.3377
1.4724,0.0004,0.7988,1.3591,0.3377
2.1183,0.0006,0.9039,2.1698,0.3477
2.0740,0.0009,1.0060,2.0674,0.3373
1.6588,0.0005,0.8893,1.7217,0.3400
1.7634,0.0009,0.7285,1.7405,0.3638
2.1029,0.0007,0.7373,1.9731,0.3542
1.5973,0.0008,1.0402,1.6344,0.3882
1.7103,0.0005,1.0435,1.7326,0.3882
2.0194,0.0008,0.9184,1.9989,0.3321
1.2855,0.0006,0.9056,1.1572,0.3321
1.7961,0.0007,0.8326,1.8288,0.3478
2.2257,0.0006,0.9455,2.2950,0.3416
1.5055,0.0004,0.9383,1.5307,0.3416
1.8721,0.0006,0.8726,1.8636,0.3574
1.7219,0.0007,0.8079,1.6970,0.3421
1.5459,0.0007,1.1219,1.2860,0.3611
1.8861,0.0009,0.8948,2.1477,0.3403
2.1505,0.0006,0.8319,2.1289,0.3551
1.6685,0.0007,0.8536,1.6579,0.3551
1.8219,0.0007,0.8871,1.8187,0.3496
1.5544,0.0005,0.9104,1.2630,0.3359
2.2362,0.0004,0.9287,2.5115,0.3419
1.9862,0.0004,0.9083,1.9484,0.3411
2.0626,0.0009,0.8761,1.9884,0.3501
1.7382,0.0008,1.0824,1.8182,0.3717
1.4929,0.0008,0.9974,1.5041,0.3717
1.9039,0.0008,0.8917,1.8930,0.3477
1.8394,0.0007,0.8518,1.8316,0.3570
1.7426,0.0008,0.8937,1.7289,0.3496
2.1286,0.0007,0.8788,2.1085,0.3434
2.0640,0.0007,1.1418,2.0574,0.3634
1.7895,0.0003,0.9490,1.8255,0.3474
1.9217,0.0008,0.8592,1.8628,0.3765
1.5714,0.0008,0.8856,1.6147,0.3765
1.5235,0.0008,0.8619,1.5017,0.3588
1.7734,0.0007,0.7648,1.7317,0.3468
1.9178,0.0008,0.8450,1.9391,0.3533
1.7309,0.0004,0.8694,1.7530,0.3533
1.4053,0.0007,0.8017,1.2836,0.3604
2.3659,0.0008,0.8242,2.4198,0.3491
1.1099,0.0004,0.9095,1.0722,0.3491
2.1211,0.0008,0.7768,2.1595,0.3460
1.6430,0.0008,0.8004,1.3618,0.3460
2.1931,0.0008,0.9353,2.4532,0.3691
1.7582,0.0007,0.8884,1.3118,0.3559
2.0284,0.0006,1.0371,2.3989,0.3418
1.3353,0.0005,0.8579,1.4202,0.3418
1.6389,0.0006,0.7367,1.6433,0.3416
1.1873,0.0005,0.7280,1.1848,0.3416
1.9064,0.0008,0.7194,1.8938,0.3285
1.5458,0.0006,0.7434,1.5142,0.3285
1.6071,0.0006,0.7628,1.6183,0.3507
1.4195,0.0005,0.9892,1.4119,0.3698
1.7559,0.0006,0.8098,1.4065,0.3870
2.1722,0.0006,0.7642,2.4728,0.3504
1.3136,0.0005,0.7826,1.1035,0.3504
1.8924,0.0004,0.7713,2.1157,0.3538
1.5550,0.0005,0.7844,1.5890,0.3385
1.6345,0.0006,0.7032,1.6112,0.3630
1.8719,0.0005,0.6997,1.5285,0.3329
1.5755,0.0005,0.7151,1.8401,0.3277
2.0096,0.0006,0.6681,2.0293,0.3454
1.2989,0.0009,0.8684,1.1333,0.3452
2.4322,0.0006,1.0045,2.5454,0.3617
1.2211,0.0005,0.8917,1.3023,0.3617
1.7317,0.0007,0.8058,1.7040,0.3433
1.2292,0.0005,0.7775,1.2504,0.3375
1.4571,0.0004,0.7488,1.0939,0.3375
1.5023,0.0004,0.7396,1.6656,0.3484
1.6687,0.0006,0.7638,1.8428,0.3556
1.5493,0.0004,0.7796,1.5393,0.3556
1.6908,0.0006,0.7591,1.6770,0.3432
1.6666,0.0006,0.8062,1.6025,0.5424
1.2070,0.0004,0.9714,0.9626,0.5424
2.2882,0.0007,0.8448,2.4898,0.3437
1.7143,0.0007,0.8813,1.7861,0.3452
1.5835,0.0004,0.8130,1.5982,0.3452
1.9856,0.0005,0.7300,1.9712,0.3500
1.5891,0.0006,0.7374,1.5972,0.3500
1.7518,0.0005,0.7712,1.7283,0.3349
1.6604,0.0005,0.7565,1.4375,0.3553
1.4629,0.0007,0.8028,1.6417,0.3553
2.5619,0.0010,0.7864,2.4675,0.3642
1.4184,0.0006,1.1632,1.5278,0.3446
1.4128,0.0005,0.8982,1.4420,0.3446
1.7567,0.0003,0.7392,1.7545,0.3329
1.8277,0.0004,0.6866,1.8127,0.3411
1.5780,0.0004,0.6913,1.3153,0.3292
1.6773,0.0005,0.7698,1.8726,0.3438
1.4066,0.0005,0.7410,1.3886,0.3351
2.0602,0.0006,0.6993,1.7920,0.3406
1.9703,0.0008,0.7212,2.2318,0.3367
2.1215,0.0007,0.8506,2.1378,0.3468
1.3895,0.0007,0.8702,1.3595,0.3589
1.6082,0.0007,0.8750,1.4483,0.3464
1.6711,0.0007,0.7430,1.8630,0.3447
1.2779,0.0006,0.7918,1.1542,0.3447
1.9723,0.0005,0.7791,2.0834,0.3695
1.6881,0.0006,0.7623,1.6715,0.3419
1.7671,0.0006,0.8531,1.3707,0.3452
2.1609,0.0009,0.8356,2.4023,0.3508
1.2485,0.0008,0.9886,1.2768,0.3508
1.8992,0.0009,0.9764,1.8633,0.5315
1.8385,0.0004,1.1420,1.9008,0.3394
1.7753,0.0006,0.9772,1.7493,0.3409
1.3552,0.0005,0.9493,1.3697,0.3409
1.4542,0.0004,0.8134,1.2875,0.3367
1.6977,0.0009,0.7798,1.8373,0.3471
1.6979,0.0007,0.8355,1.6054,0.3386
1.4129,0.0006,0.9774,1.4208,0.3433
2.1983,0.0009,0.8495,2.2208,0.3352
1.4472,0.0005,1.2343,1.5237,0.3696
2.3841,0.0006,1.1413,2.3768,0.3658
1.6308,0.0004,0.8675,1.6817,0.3491
1.5708,0.0005,0.8191,1.5969,0.3565
1.6640,0.0004,0.7103,1.6194,0.3402
1.6427,0.0008,0.7262,1.6458,0.3402
1.6647,0.0005,0.7462,1.5273,0.3345
1.8649,0.0006,0.7649,1.9655,0.3380
1.2343,0.0010,0.8121,1.2492,0.3561
1.8661,0.0003,0.7621,1.7895,0.3518
1.9596,0.0008,0.7891,1.6689,0.3567
1.8218,0.0005,1.2075,2.1280,0.3597
2.0990,0.0004,0.9133,2.0287,0.3489
1.9278,0.0003,0.7804,1.9911,0.3364
1.7523,0.0005,0.7569,1.6431,0.3366
1.4935,0.0004,0.7548,1.6345,0.3475
2.2641,0.0005,0.7420,2.1521,0.3473
1.2863,0.0003,0.9760,1.2874,0.3473
1.9341,0.0006,0.7722,1.9314,0.3542
1.6449,0.0006,0.8302,1.6771,0.3925
1.6595,0.0004,0.8986,1.6817,0.3714
1.6605,0.0005,0.8488,1.6810,0.3434
1.2264,0.0004,0.7740,1.0308,0.3434
1.6476,0.0003,0.7108,1.6580,0.3416
1.9312,0.0004,0.6363,2.0965,0.3481
1.6296,0.0007,0.6613,1.5668,0.3531
1.7794,0.0007,0.8296,1.4630,0.3533
1.9728,0.0007,0.8779,2.3302,0.3601
1.5947,0.0008,0.7610,1.5047,0.3336
2.2216,0.0008,0.8766,2.1348,0.3612
1.0408,0.0007,1.0591,1.1706,0.3612
1.8592,0.0004,0.8823,1.8787,0.3423
1.2698,0.0005,0.7315,1.0795,0.3423
1.9799,0.0004,0.7284,2.1110,0.3449
1.6681,0.0004,0.7925,1.6825,0.3449
1.8572,0.0004,0.7678,1.7892,0.3585
1.9820,0.0005,0.8365,2.0448,0.3522
1.6328,0.0005,0.7254,1.6157,0.3633
1.4002,0.0005,0.6779,1.3578,0.3633
2.2610,0.0005,0.7053,2.2381,0.5252
1.4885,0.0006,0.8419,1.4821,0.3479
1.5768,0.0004,0.7990,1.6080,0.3479
2.0821,0.0003,0.6956,1.8408,0.3382
2.0283,0.0007,0.6688,2.1282,0.3353
1.6150,0.0006,0.8269,1.7330,0.3553
1.3666,0.0005,0.7724,1.1888,0.3451
1.6929,0.0006,0.7382,1.8775,0.3617
1.7568,0.0003,0.6824,1.7761,0.3423
1.4613,0.0007,0.6791,1.2406,0.3406
2.2918,0.0005,0.8500,2.4296,0.3619
1.3770,0.0005,0.8728,1.1386,0.3619
1.5868,0.0006,0.8008,1.5832,0.3678
1.8229,0.0005,0.8830,2.0739,0.3405
1.8730,0.0005,0.7292,1.8633,0.3613
1.5638,0.0005,0.7594,1.5772,0.3533
1.0129,0.0005,0.7420,1.0249,0.3533
1.7779,0.0006,0.7230,1.7349,0.3532
1.7767,0.0006,0.7209,1.7102,0.3332
2.1522,0.0005,0.6800,2.1259,0.3262
1.7355,0.0004,0.8768,1.7378,0.3809
1.7767,0.0004,0.9281,1.4492,0.3367
1.7750,0.0008,0.7243,2.1392,0.3338
1.4965,0.0006,0.7529,1.4841,0.3557
1.4494,0.0005,0.8683,1.4753,0.3557
1.7312,0.0004,0.7878,1.7188,0.3388
1.6636,0.0004,0.7337,1.6621,0.3502
1.6048,0.0004,0.7379,1.6109,0.3566
1.3067,0.0003,0.6860,1.1106,0.3566
2.2271,0.0007,0.7000,1.9819,0.3618
1.5149,0.0007,1.2546,1.8925,0.3618
1.3907,0.0005,1.0805,1.1266,0.3745
1.9937,0.0007,0.8018,2.2658,0.3479
1.8074,0.0011,0.8005,1.7899,0.3411
2.0268,0.0006,0.8355,1.9535,0.3414
1.1751,0.0005,0.9428,1.2623,0.3414
1.7586,0.0005,0.8078,1.7651,0.3477
1.4126,0.0003,0.6984,1.4407,0.3597
1.6683,0.0003,0.6290,1.6189,0.3473
1.3980,0.0006,0.6509,1.3492,0.3747
1.6795,0.0005,0.7294,1.4230,0.3784
2.2276,0.0007,0.7379,2.4176,0.3430
1.2414,0.0005,0.7756,1.3136,0.3585
1.3295,0.0005,0.7529,1.3465,0.3585
1.3563,0.0003,0.6585,1.3772,0.3395
2.1262,0.0003,0.6547,2.0842,0.3495
1.2455,0.0004,0.7634,1.2647,0.3496
1.5674,0.0004,0.6687,1.5469,0.3500
1.4307,0.0004,0.6205,1.4296,0.3500
1.4473,0.0004,0.6199,1.4141,0.3504
1.8484,0.0004,0.7273,1.7961,0.3568
1.5459,0.0003,0.8519,1.5501,0.3568
2.1456,0.0004,0.8210,2.1854,0.3525
1.3694,0.0004,0.7335,1.3716,0.3469
1.7569,0.0003,0.6787,1.7358,0.3572
1.6088,0.0003,0.6725,1.5974,0.3593
1.8396,0.0004,0.6724,1.8330,0.3441
1.3472,0.0004,0.6305,1.3567,0.3404
1.3297,0.0005,0.6208,1.2973,0.3342
1.3261,0.0003,0.5839,1.3407,0.3342
1.5175,0.0005,0.6216,1.3089,0.3379
1.6179,0.0005,0.7618,1.5921,0.3784
1.7798,0.0004,0.8715,1.9692,0.3565
1.5985,0.0004,0.7408,1.6069,0.3401
1.4576,0.0003,0.6528,1.1401,0.3401
1.4890,0.0004,0.6261,1.6343,0.3385
1.8112,0.0004,0.6220,1.9072,0.3464
1.9054,0.0004,0.5931,1.9238,0.3489
1.5573,0.0002,0.5856,1.6020,0.3415
1.2749,0.0004,0.5748,1.0255,0.3476
1.2144,0.0003,0.7019,1.3570,0.3467
2.0505,0.0008,0.6786,2.0507,0.3675
1.8424,0.0007,0.9867,1.7773,0.3631
1.5756,0.0004,0.9303,1.7145,0.3669
1.8012,0.0004,0.6970,1.3700,0.3669
1.8573,0.0003,0.6393,1.9016,0.3285
1.8554,0.0004,0.6541,2.2333,0.3527
1.6838,0.0004,0.6313,1.6667,0.3378
1.0682,0.0005,0.6647,0.9966,0.3378
1.3161,0.0006,0.6826,1.3633,0.3538
1.5502,0.0004,0.6227,1.5033,0.3384
2.0919,0.0006,0.7463,2.1150,0.3481
1.4011,0.0003,0.8042,1.4153,0.3591
1.1881,0.0003,0.6949,1.2004,0.3591
1.3581,0.0003,0.6243,1.1298,0.3433
1.9412,0.0005,0.7166,2.1514,0.3389
1.5719,0.0004,0.6816,1.4584,0.3416
1.3828,0.0004,0.6326,1.4990,0.3477
1.5505,0.0004,0.6416,1.5358,0.3453
1.1094,0.0004,0.6836,1.1068,0.3453
1.6085,0.0010,0.6539,1.5632,0.3533
1.2517,0.0006,0.7149,1.2755,0.3544
1.2700,0.0009,0.7639,1.2553,0.3544
1.6115,0.0005,0.7998,1.5800,0.5509
1.4838,0.0004,0.8164,1.2964,0.3469
1.7871,0.0005,0.8738,1.9868,0.3639
1.3370,0.0005,0.6750,1.3471,0.3711
1.0219,0.0004,0.6571,1.0509,0.3711
1.5397,0.0005,0.5957,1.3676,0.3492
1.5059,0.0004,0.5814,1.4539,0.3601
1.6894,0.0005,0.5963,1.8757,0.3505
1.1056,0.0006,0.6300,1.1071,0.3505
1.7688,0.0004,0.6240,1.4476,0.3633
1.5490,0.0006,0.8312,1.8116,0.3633
1.8959,0.0006,0.8352,1.8798,0.3712
2.0015,0.0004,0.8392,2.0311,0.3418
1.4767,0.0003,0.7122,1.4757,0.3418
1.4607,0.0003,0.6091,1.3224,0.3526
1.4143,0.0004,0.5774,1.4079,0.3300
1.8180,0.0004,0.6533,1.9457,0.3507
1.7823,0.0005,0.6096,1.7418,0.3422
1.7281,0.0006,0.6557,1.4446,0.3419
1.4708,0.0006,0.7989,1.7562,0.3557
1.9535,0.0006,0.7285,1.8725,0.5289
1.8253,0.0009,0.8708,1.8284,0.3733
1.1568,0.0006,0.9901,1.0242,0.3733
2.2194,0.0007,0.7944,2.4052,0.3563
1.2271,0.0005,0.6966,1.2551,0.3349
1.5982,0.0004,0.6550,1.5894,0.3547
1.7374,0.0003,0.6652,1.7182,0.3487
1.4401,0.0003,0.6523,1.4446,0.3565
1.7719,0.0004,0.6206,1.6053,0.3565
1.6417,0.0006,0.6577,1.6098,0.3347
2.0228,0.0008,0.6196,2.0774,0.3509
1.7583,0.0006,0.8419,1.7917,0.3648
1.7724,0.0007,0.9146,1.7509,0.3424
1.2387,0.0005,0.8591,1.2486,0.3424
1.5651,0.0008,0.7594,1.4075,0.3677
2.1869,0.0005,0.7253,2.3272,0.3482
1.3849,0.0006,0.7257,1.4063,0.3482
1.6379,0.0006,0.7231,1.6208,0.3521
2.2092,0.0005,0.7718,2.2220,0.3631
1.5324,0.0004,0.6916,1.5386,0.3502
1.2383,0.0006,0.7427,1.1361,0.3502
1.6177,0.0007,0.8241,1.6633,0.3721
1.4138,0.0004,0.7745,1.2217,0.3721
1.1778,0.0004,0.6731,1.4134,0.3482
1.2717,0.0005,0.6707,1.2232,0.3510
1.2817,0.0004,0.6166,1.2808,0.3532
1.6486,0.0004,0.6456,1.4012,0.3395
1.7535,0.0005,0.6539,1.8344,0.3504
1.4867,0.0005,0.7038,1.5551,0.3443
1.8070,0.0003,0.7052,1.7118,0.3527
1.1128,0.0004,0.8688,1.2559,0.3527
1.9146,0.0005,0.6564,1.9166,0.3598
1.3240,0.0004,0.7501,1.3596,0.3598
1.3957,0.0005,0.7544,1.3152,0.5382
1.8871,0.0003,0.6544,1.8896,0.3374
1.8174,0.0004,0.6227,1.8712,0.3421
1.5312,0.0003,0.6319,1.5362,0.3230
1.3298,0.0004,0.6233,1.2853,0.3230
1.8820,0.0004,0.7046,1.8649,0.3501
1.4850,0.0004,0.7654,1.4958,0.3501
1.1797,0.0003,0.7082,1.1928,0.3430
1.8514,0.0003,0.6573,1.8216,0.3474
1.3051,0.0006,0.7489,1.2838,0.3474
1.4058,0.0006,1.1044,1.0014,0.3860
1.6186,0.0006,0.8069,2.0293,0.3786
1.4063,0.0004,0.7304,1.2606,0.3564
1.1037,0.0003,0.8459,1.0510,0.3564
1.8191,0.0003,0.6738,2.0350,0.3578
1.4076,0.0003,0.6533,1.4019,0.3578
1.6770,0.0005,0.6234,1.6666,0.3609
1.4780,0.0003,0.6542,1.4654,0.3410
1.5313,0.0003,0.6060,1.5554,0.3552
1.4060,0.0004,0.5830,1.3282,0.3552
1.7173,0.0007,0.5600,1.5698,0.3406
1.6773,0.0005,0.7063,1.6651,0.5374
1.8366,0.0005,0.7793,2.0029,0.3740
1.0567,0.0004,0.7343,0.8426,0.3740
1.5445,0.0006,0.6413,1.7457,0.3739
1.7173,0.0003,0.6704,1.7218,0.3642
1.2403,0.0004,0.6971,1.2629,0.3642
1.7520,0.0003,0.6496,1.7237,0.3491
0.9302,0.0004,0.6388,0.7720,0.3491
1.7019,0.0003,0.6507,1.8583,0.3422
1.6433,0.0004,0.6902,1.6307,0.3513
1.6226,0.0007,0.7322,1.5637,0.3635
1.8698,0.0004,0.9235,1.8684,0.3905
1.4458,0.0004,0.8456,1.4970,0.3745
1.2576,0.0003,0.6959,1.2678,0.3745
1.7509,0.0005,0.6089,1.7191,0.3584
1.4936,0.0004,0.6660,1.2851,0.3498
1.5355,0.0004,0.6423,1.5984,0.3425
1.3017,0.0006,0.6318,1.2766,0.3430
1.7853,0.0004,0.6430,1.9649,0.3479
1.4933,0.0004,0.6246,1.4801,0.3339
1.6871,0.0003,0.6452,1.4791,0.3359
2.0113,0.0003,0.6542,2.1616,0.3796
1.1466,0.0004,0.7536,1.1805,0.3796
1.9123,0.0006,0.7358,1.8971,0.3412
1.7202,0.0003,0.6528,1.3610,0.3656
1.8280,0.0003,0.7206,2.2008,0.3546
1.4216,0.0005,0.6449,1.2540,0.3406
1.3834,0.0004,0.6291,1.5305,0.3542
1.2886,0.0003,0.5936,1.0961,0.3512
1.6181,0.0003,0.6000,1.6403,0.3512
1.4684,0.0003,0.5967,1.4217,0.3470
1.8758,0.0007,0.6979,2.0192,0.3701
1.3908,0.0007,0.7563,1.4009,0.3657
1.6546,0.0005,1.2990,1.6331,0.3455
1.2473,0.0005,0.7211,1.1969,0.3452
1.4327,0.0003,0.7809,1.3922,0.3452
1.3728,0.0004,0.6387,1.4071,0.3438
1.3201,0.0003,0.6593,1.4300,0.3450
1.7207,0.0005,0.6467,1.7064,0.3441
1.5947,0.0003,0.6256,1.5823,0.3504
1.4876,0.0004,0.6503,1.4791,0.3504
1.5235,0.0003,0.6320,1.5416,0.3447
1.6668,0.0005,0.6116,1.4619,0.3337
2.0663,0.0008,0.7629,2.1760,0.3507
1.0060,0.0006,0.8510,0.9894,0.3507
1.1797,0.0005,0.8149,1.2488,0.3550
1.3327,0.0005,0.8758,1.3287,0.3554
0.9739,0.0004,0.6276,0.9889,0.3544
1.7281,0.0004,0.5991,1.6837,0.3491
1.1483,0.0004,0.6465,1.1470,0.3535
0.8716,0.0003,0.6857,0.7461,0.3535
1.5171,0.0006,0.6412,1.5349,0.3542
1.8282,0.0004,0.8525,1.9021,0.3510
1.2814,0.0004,0.7943,1.3103,0.3530
1.5940,0.0005,0.7042,1.5485,0.3475
1.5128,0.0005,0.7870,1.4877,0.3643
1.0971,0.0008,0.9073,0.9879,0.3643
1.6337,0.0005,0.7811,1.7770,0.3415
1.0964,0.0006,0.6910,0.8947,0.3415
1.6102,0.0004,0.7000,1.8324,0.3485
0.9836,0.0003,0.6326,0.9088,0.3485
1.5792,0.0004,0.6112,1.6424,0.3685
1.3199,0.0004,0.6080,1.3121,0.3440
1.2627,0.0004,0.6251,1.2356,0.3464
1.1613,0.0004,0.6217,1.1859,0.3560
1.2033,0.0004,0.6080,1.1860,0.3533
1.2199,0.0004,0.6113,1.2380,0.3527
1.2472,0.0005,0.5995,1.1608,0.3527
1.7264,0.0005,0.8017,1.7509,0.3714
1.1979,0.0006,0.7699,0.9290,0.3714
1.2886,0.0005,0.6714,1.5204,0.3523
1.5605,0.0004,0.6523,1.5901,0.3455
1.5225,0.0004,0.6521,1.5281,0.3590
1.2553,0.0003,0.6539,1.2418,0.3521
1.1756,0.0003,0.6601,1.1635,0.3503
1.2705,0.0004,0.6240,1.2887,0.3605
1.0974,0.0004,0.6350,0.9532,0.3605
1.2690,0.0004,0.6327,1.3778,0.3626
1.4553,0.0004,0.6221,1.2251,0.3529
1.8044,0.0007,0.6405,1.7567,0.5163
1.9171,0.0006,1.2559,2.1263,0.3903
1.0115,0.0007,0.9615,1.0677,0.3903
1.7653,0.0006,0.7041,1.7820,0.3577
1.3223,0.0006,0.6080,1.0609,0.3566
1.4912,0.0007,0.8298,1.6926,0.3507
1.0615,0.0004,0.6525,0.9194,0.3507
1.9029,0.0003,0.6656,2.0679,0.3458
1.6680,0.0003,0.5948,1.5093,0.3458
1.5466,0.0003,0.7565,1.6841,0.3468
1.6290,0.0004,0.6419,1.3733,0.3468
1.7214,0.0005,0.9106,1.9130,0.3396
1.3864,0.0005,0.7332,1.1770,0.3726
1.6862,0.0006,0.7860,1.8648,0.3533
1.0709,0.0004,0.6981,0.9774,0.3533
1.6770,0.0003,0.6843,1.8182,0.3391
1.6613,0.0003,0.6356,1.6609,0.3391
1.6254,0.0004,0.5936,1.5747,0.3481
1.7693,0.0004,0.6234,1.8127,0.3567
1.0563,0.0003,0.6064,1.0593,0.3458
1.2733,0.0006,0.5953,1.0396,0.3458
1.5383,0.0005,0.6324,1.5485,0.3429
1.3939,0.0005,0.6282,1.4534,0.3540
2.0736,0.0007,0.7362,2.1365,0.3527
1.3848,0.0006,0.8325,1.4427,0.3628
1.1701,0.0005,0.6867,1.0991,0.3628
1.6609,0.0005,0.6443,1.6989,0.3537
1.2477,0.0006,0.6648,1.2698,0.3537
1.8984,0.0007,0.6632,1.8552,0.3440
1.0623,0.0005,0.6556,0.7991,0.3440
1.7433,0.0007,0.5999,1.8054,0.3384
1.9800,0.0005,0.6928,2.1650,0.3462
1.3745,0.0005,1.1022,1.3370,0.3450
1.9136,0.0007,0.7909,1.8627,0.3632
1.6547,0.0006,0.8794,1.6697,0.3869
1.1608,0.0005,0.8940,1.2333,0.3869
1.6441,0.0003,0.6690,1.6209,0.3565
1.3286,0.0003,0.6509,1.2527,0.3565
1.5106,0.0004,0.7200,1.6035,0.3621
1.2459,0.0004,0.6341,1.2305,0.3343
1.6650,0.0005,0.6493,1.6500,0.3545
1.3516,0.0004,0.6843,1.2195,0.3545
1.7231,0.0003,0.7100,1.8471,0.3711
1.2170,0.0006,0.6652,1.2214,0.3529
1.6381,0.0006,0.6927,1.4299,0.3529
1.8180,0.0007,1.1315,1.9211,0.5349
1.6997,0.0004,0.9978,1.7606,0.3800
1.5945,0.0004,0.7595,1.6010,0.3353
1.1241,0.0004,0.6634,1.0321,0.3353
1.4235,0.0003,0.6246,1.5071,0.3487
1.3932,0.0004,0.6588,1.3555,0.3384
1.2791,0.0004,0.6444,1.3181,0.3471
1.6357,0.0003,0.6378,1.4096,0.3576
1.4649,0.0006,0.6303,1.4422,0.3367
1.1950,0.0003,0.6055,1.4185,0.3389
1.5043,0.0003,0.5801,1.4693,0.3471
1.3652,0.0003,0.6690,1.3613,0.3741
1.4857,0.0004,0.7336,1.4887,0.5357
1.4329,0.0004,0.7538,1.4471,0.3575
1.1144,0.0006,0.6357,1.0263,0.3575
1.5908,0.0004,0.6812,1.6526,0.3453
1.4701,0.0004,0.7535,1.4957,0.3484
1.3231,0.0003,0.6178,1.2497,0.3484
2.1299,0.0004,0.6548,2.1665,0.3449
1.2291,0.0004,0.7015,1.0198,0.3449
1.8518,0.0005,0.6893,2.0434,0.3399
1.7258,0.0009,0.6759,1.6854,0.3434
1.8382,0.0009,0.7739,1.8292,0.3660
1.3277,0.0004,0.8683,1.3612,0.3660
1.3488,0.0003,0.7152,1.0895,0.3584
1.5335,0.0003,0.6853,1.6352,0.3668
1.6445,0.0004,0.6357,1.7276,0.3522
1.2480,0.0006,0.6237,1.2735,0.3417
1.9289,0.0006,0.7083,1.6358,0.3602
2.3479,0.0004,0.9447,2.5493,0.3501
1.4445,0.0005,0.9660,1.5220,0.3510
1.5812,0.0006,0.9095,1.4452,0.3510
2.0428,0.0011,1.2630,1.9727,0.3570
2.1267,0.0005,1.1364,2.2951,0.3359
1.8708,0.0005,0.8765,1.8904,0.3359
1.8863,0.0069,0.7811,1.8634,0.3456
1.6566,0.0008,0.7786,1.6048,0.3484
1.9383,0.0004,0.7608,1.9966,0.3446
1.9114,0.0006,0.6759,1.8711,0.3477
1.3138,0.0007,0.7734,1.3580,0.3538
1.4039,0.0005,0.7140,1.2054,0.3538
1.6799,0.0011,0.6709,1.6631,0.3586
1.6727,0.0009,1.0836,1.4784,0.3875
1.3793,0.0005,1.5548,1.7268,0.3546
1.3908,0.0005,0.8212,1.1835,0.3546
1.8711,0.0006,0.7599,2.0330,0.3548
1.4327,0.0003,0.9616,1.3511,0.3465
2.0417,0.0007,1.0360,2.1249,0.3508
1.1603,0.0005,0.8109,1.2030,0.3451
1.3358,0.0004,0.7712,1.3105,0.3451
1.7240,0.0005,0.7156,1.6082,0.3498
1.8920,0.0007,0.8207,1.6445,0.3417
2.1170,0.0007,1.1864,2.2074,0.3585
0.8873,0.0005,1.1610,0.9845,0.3585
1.6551,0.0003,0.8105,1.5666,0.3628
1.7599,0.0006,0.7765,1.9326,0.3505
1.5990,0.0005,0.8698,1.5522,0.3358
1.6946,0.0006,0.8672,1.6126,0.3412
2.3373,0.0005,0.8817,2.3702,0.3579
1.4593,0.0004,0.9929,1.4831,0.3579
1.5675,0.0007,0.9621,1.6085,0.3565
1.9116,0.0006,0.8668,1.8548,0.3497
1.7210,0.0011,0.9217,1.6911,0.3558
1.7315,0.0007,1.1152,1.7564,0.3485
1.5155,0.0007,1.0560,1.5137,0.3485
2.1730,0.0007,0.9415,2.0442,0.3423
1.6833,0.0007,1.1175,1.8187,0.3387
1.1523,0.0004,1.0708,1.1877,0.3387
1.8221,0.0005,0.8255,1.7680,0.3512
1.6185,0.0005,0.7415,1.6685,0.3512
1.7490,0.0005,0.7845,1.7491,0.3340
1.8822,0.0006,0.7804,1.5218,0.3625
1.0297,0.0005,1.2127,1.2354,0.3625
1.7686,0.0006,0.8545,1.7517,0.3422
2.1446,0.0007,0.7785,2.2706,0.3440
1.3031,0.0010,0.7652,1.1069,0.3440
1.5224,0.0008,0.8212,1.6970,0.3533
1.6623,0.0006,0.7838,1.4769,0.3368
1.7564,0.0005,0.7976,1.8356,0.3503
1.9657,0.0006,0.8035,2.0815,0.3541
1.4082,0.0009,0.7554,1.3875,0.3563
1.6848,0.0008,0.7425,1.6726,0.3617
2.2656,0.0007,0.8519,2.2052,0.3676
1.4532,0.0006,1.3768,1.5181,0.3732
1.5962,0.0003,0.8799,1.5992,0.3732
2.0096,0.0004,0.7191,2.0031,0.3387
1.5500,0.0004,0.7060,1.4867,0.3387
2.1394,0.0004,0.8384,2.1623,0.3469
1.5188,0.0004,0.8551,1.5343,0.3414
1.5803,0.0005,0.7984,1.5622,0.3414
1.7690,0.0004,0.7318,1.7833,0.3441
2.0233,0.0007,0.7174,1.9646,0.3522
1.4081,0.0009,0.9162,1.4240,0.3693
1.3830,0.0004,0.8545,1.4100,0.3693
1.4446,0.0004,0.7755,1.3936,0.3388
1.7227,0.0003,0.7398,1.3480,0.3595
1.6177,0.0005,0.7394,2.0306,0.3381
1.9838,0.0004,0.7072,1.9783,0.3544
1.2626,0.0003,0.7688,1.2559,0.3544
1.3380,0.0003,0.8506,1.3311,0.3462
1.3030,0.0005,0.8769,1.2963,0.3301
1.5106,0.0006,0.7465,1.2771,0.3289
2.0895,0.0009,1.0706,2.2020,0.3716
0.9546,0.0007,0.9905,0.8968,0.3716
2.0300,0.0006,0.8019,2.1629,0.3644
1.4306,0.0005,0.7274,1.4587,0.3443
1.4429,0.0004,0.7381,1.4271,0.3443
1.4301,0.0004,0.6769,1.4197,0.3468
1.2661,0.0005,0.7190,0.9805,0.3468
1.3826,0.0005,0.7147,1.5866,0.3668
1.9288,0.0007,0.6940,2.0006,0.3566
1.6114,0.0006,0.6776,1.5433,0.3429
1.2595,0.0005,0.8331,1.2456,0.3641
2.0091,0.0006,0.8852,2.0293,0.3737
1.5467,0.0004,0.7927,1.5429,0.3430
1.4342,0.0003,0.7482,1.4624,0.3685
1.3056,0.0003,0.7134,1.2018,0.3685
1.8384,0.0004,0.6770,1.9421,0.3627
1.6908,0.0005,0.6531,1.6444,0.3539
1.1433,0.0006,0.7314,0.9854,0.3539
1.7651,0.0005,0.7754,1.9775,0.3599
1.4749,0.0007,0.6553,1.1241,0.3599
1.7890,0.0006,0.8181,2.0841,0.3479
1.6926,0.0008,0.8153,1.3227,0.3486
2.0728,0.0007,0.9400,2.3956,0.3468
1.2913,0.0007,0.8455,1.2206,0.3468
2.0375,0.0007,0.8136,2.0329,0.3543
1.7159,0.0005,0.9192,1.7968,0.3393
1.4940,0.0008,0.8065,1.4536,0.3393
1.9623,0.0007,0.8840,1.9447,0.3429
1.9300,0.0009,0.9245,1.9418,0.3606
1.2836,0.0005,0.9270,1.3365,0.3460
1.5490,0.0006,0.8062,1.5005,0.3460
1.6687,0.0006,0.7865,1.6484,0.3582
1.4734,0.0007,0.8963,1.4994,0.3574
1.5252,0.0004,0.7781,1.5387,0.3499
1.4294,0.0004,0.6852,1.4104,0.3519
1.6072,0.0004,0.6341,1.5991,0.3403
1.8135,0.0004,0.6884,1.8015,0.3570
1.3045,0.0004,0.7290,1.3349,0.3570
1.3814,0.0004,0.6553,1.3404,0.3503
1.5349,0.0004,0.6366,1.5081,0.3503
1.7361,0.0004,0.7167,1.3654,0.3520
1.8096,0.0006,0.7675,2.1390,0.3437
1.7622,0.0009,0.8018,1.7428,0.3497
1.3368,0.0008,0.9117,1.3687,0.3738
1.5278,0.0007,0.8102,1.5172,0.3425
1.2977,0.0004,0.6735,1.3373,0.3425
1.3154,0.0005,0.6551,1.1773,0.3422
1.5208,0.0005,0.6841,1.3281,0.3521
1.3252,0.0004,0.7843,1.6452,0.3664
1.4941,0.0006,0.6552,1.4664,0.3526
1.7832,0.0005,0.6914,1.6901,0.3566
1.8311,0.0006,0.8157,1.8911,0.3482
1.4770,0.0011,0.7599,1.4050,0.3482
2.1364,0.0004,0.8897,2.1354,0.3758
1.4851,0.0004,0.9179,1.4872,0.3554
1.6554,0.0003,0.8540,1.7177,0.3554
1.8266,0.0004,0.7180,1.8239,0.3518
1.4094,0.0012,0.7180,1.4160,0.3518
1.3970,0.0007,0.6874,1.3719,0.3430
1.7915,0.0005,0.7311,1.6768,0.3438
1.2295,0.0003,0.8607,1.3628,0.3438
1.5713,0.0004,0.7072,1.5514,0.3519
1.6183,0.0004,0.6721,1.5349,0.3362
1.5703,0.0005,0.8124,1.5430,0.3605
1.1019,0.0005,0.9013,1.0568,0.3605
1.5900,0.0005,0.7997,1.4227,0.3525
1.6456,0.0003,0.7626,1.9018,0.3654
1.7294,0.0003,0.7553,1.7167,0.3622
1.4383,0.0004,0.7125,1.1846,0.3622
1.9976,0.0003,0.7357,2.2293,0.3540
1.5781,0.0003,0.7367,1.3699,0.3646
1.9447,0.0004,0.6728,2.1519,0.3337
1.6785,0.0006,0.6656,1.6284,0.3455
1.3892,0.0005,0.8074,1.2754,0.3455
2.1500,0.0005,0.8219,2.2816,0.3618
1.4935,0.0004,0.7734,1.4636,0.3398
1.1328,0.0006,0.7588,0.9977,0.3398
1.8245,0.0008,0.7568,1.5997,0.3550
1.4563,0.0006,0.7865,1.7514,0.3403
1.8324,0.0007,1.0145,1.8842,0.3480
1.6993,0.0006,0.7597,1.6858,0.3630
1.2281,0.0003,0.7835,1.2255,0.3630
1.7611,0.0006,0.7248,1.7718,0.3554
1.7728,0.0008,0.7158,1.6355,0.3559
1.5426,0.0008,0.9701,1.5693,0.3995
1.8168,0.0007,0.9799,1.8814,0.3578
1.7720,0.0008,0.8114,1.7666,0.3480
1.7818,0.0008,0.7919,1.7581,0.3509
1.3001,0.0007,0.8045,1.2522,0.3509
1.6959,0.0007,0.7877,1.7401,0.3389
1.3302,0.0008,0.7660,1.3490,0.3465
1.2408,0.0003,0.7567,1.2435,0.3465
1.4055,0.0004,0.7132,1.2063,0.3347
1.6743,0.0007,0.6787,1.7220,0.3472
1.5380,0.0009,0.8130,1.6159,0.3630
1.5618,0.0008,0.8792,1.5734,0.3787
1.3832,0.0006,0.8378,1.3947,0.3521
1.7906,0.0006,0.7957,1.7815,0.3343
1.8956,0.0009,0.7980,1.8050,0.3505
1.3637,0.0006,0.9130,1.4194,0.3568
1.1739,0.0004,0.8077,0.9765,0.3568
1.5908,0.0005,0.7318,1.7005,0.3500
1.5089,0.0003,0.6811,1.6023,0.3472
2.0881,0.0003,0.6850,2.0770,0.3441
1.7790,0.0006,0.6496,1.6943,0.3674
1.5027,0.0007,0.8146,1.4980,0.3674
1.6355,0.0003,0.9918,1.6701,0.3492
1.5933,0.0005,0.8546,1.4469,0.3544
1.9789,0.0006,0.8224,2.1054,0.3401
1.6996,0.0006,0.7783,1.6870,0.3602
1.0946,0.0007,0.8039,0.9228,0.3602
1.4237,0.0006,0.7171,1.6305,0.3388
1.5621,0.0004,0.6847,1.5172,0.3385
1.7677,0.0004,0.7222,1.7717,0.3478
1.5614,0.0006,0.7299,1.5595,0.3478
2.2676,0.0005,0.8043,2.2357,0.3523
1.9048,0.0007,0.8538,1.8560,0.3467
0.9947,0.0005,0.8868,0.9781,0.3467
1.5698,0.0006,0.8135,1.6352,0.3460
1.7297,0.0004,0.7247,1.6802,0.3681
1.2318,0.0005,0.7974,1.1918,0.3591
1.5415,0.0006,0.7828,1.5272,0.3362
1.8165,0.0005,0.8862,1.7426,0.3466
1.9115,0.0008,0.8298,1.9869,0.3590
1.3298,0.0007,0.8537,1.3699,0.3590
2.1183,0.0008,0.7607,1.9151,0.3637
1.3066,0.0007,1.1463,1.3375,0.3637
1.9068,0.0007,1.0711,1.9843,0.3603
1.9213,0.0005,0.8750,1.9163,0.3414
1.1198,0.0003,0.8868,1.1852,0.3674
1.5008,0.0003,0.7439,1.4870,0.3568
1.3100,0.0004,0.7172,1.0573,0.3568
1.7317,0.0004,0.6953,1.7362,0.3536
1.6110,0.0003,0.6964,1.8631,0.3625
1.2670,0.0004,0.6877,0.9990,0.3625
1.6618,0.0006,0.6572,1.8409,0.3596
1.6807,0.0010,0.7622,1.6076,0.3680
1.6859,0.0007,0.9741,1.7050,0.3418
1.5964,0.0004,0.8760,1.6563,0.3418
1.4152,0.0006,0.7850,1.4230,0.3639
1.6496,0.0006,0.7711,1.6262,0.3639
1.9192,0.0006,0.7695,1.9119,0.3565
2.3307,0.0007,0.8229,2.2735,0.3497
1.2282,0.0007,0.9197,1.2897,0.3497
1.9666,0.0003,0.8249,1.9462,0.3342
1.8628,0.0007,0.7973,1.5704,0.3482
2.2105,0.0008,1.0708,2.4003,0.3854
1.2903,0.0004,1.0525,1.0262,0.3854
2.2643,0.0007,0.8770,2.5582,0.3451
1.7003,0.0006,0.8621,1.7293,0.3451
1.7813,0.0008,0.8451,1.7548,0.3609
1.8800,0.0006,0.8078,1.8761,0.3485
1.6642,0.0003,0.8585,1.6968,0.3668
1.9538,0.0006,0.8115,1.4373,0.3668
1.9498,0.0009,0.7993,2.1829,0.3503
2.2940,0.0008,1.3669,2.4132,0.3602
1.4277,0.0007,1.1003,1.5368,0.3602
1.4083,0.0008,0.8750,1.4116,0.3674
1.9025,0.0007,0.8092,1.8560,0.3531
1.6512,0.0006,0.8635,1.6943,0.3485
1.7390,0.0007,0.8023,1.7431,0.3487
1.5626,0.0005,0.8219,1.5700,0.3487
1.9745,0.0005,0.7811,1.9622,0.3465
1.1473,0.0006,0.7320,0.9862,0.3465
2.1836,0.0006,0.7560,2.2402,0.3848
1.3509,0.0005,0.9855,1.4076,0.3672
1.7540,0.0006,0.8949,1.7780,0.3544
1.1531,0.0004,0.7964,1.0766,0.3544
1.7599,0.0004,0.8047,1.6966,0.3547
1.6726,0.0007,0.7269,1.6726,0.3467
1.5929,0.0003,0.8950,1.6653,0.3467
1.6111,0.0006,0.7361,1.5643,0.3617
1.8424,0.0007,0.7334,1.9169,0.3645
1.1626,0.0007,0.7588,1.0955,0.3645
2.1818,0.0008,0.8000,2.0944,0.3490
1.2175,0.0005,1.0433,1.2329,0.3635
2.2486,0.0008,0.9019,2.3387,0.3600
1.7351,0.0005,0.8199,1.7393,0.3550
1.4919,0.0007,0.8291,1.5016,0.3351
1.8805,0.0006,0.8233,1.8678,0.3605
1.1901,0.0004,0.7567,0.8250,0.3605
2.0533,0.0005,0.7582,2.4249,0.3454
1.3571,0.0007,0.7926,1.3596,0.3454
1.6206,0.0006,0.7228,1.5847,0.3322
1.6513,0.0010,0.7833,1.6225,0.3456
1.6826,0.0005,0.8913,1.6890,0.3740
1.7911,0.0007,0.9046,1.8159,0.3760
1.8165,0.0005,0.7099,1.7954,0.3357
1.3608,0.0008,0.7060,1.3632,0.3300
1.3632,0.0005,0.7194,1.2199,0.3521
1.6432,0.0005,0.6949,1.7612,0.3545
1.2262,0.0005,0.6881,1.2292,0.3431
1.8538,0.0005,0.6937,1.8391,0.3468
1.6616,0.0007,0.6644,1.6317,0.3412
2.3308,0.0010,0.8517,2.2386,0.3496
1.1964,0.0008,1.1111,1.1984,0.3496
1.5670,0.0008,1.0057,1.6315,0.3525
2.1381,0.0007,0.7968,2.1172,0.3401
0.8110,0.0005,0.8611,0.7575,0.3401
1.6477,0.0007,0.7116,1.7094,0.3410
1.7067,0.0006,0.6797,1.7530,0.3504
1.2187,0.0004,0.6987,1.2303,0.3504
1.3145,0.0005,0.6667,1.0622,0.3393
1.9906,0.0008,0.6873,2.1797,0.3552
1.2447,0.0007,0.8169,1.1709,0.3552
1.9465,0.0011,0.7769,1.9026,0.3562
1.5833,0.0010,0.9382,1.6432,0.3693
1.5859,0.0006,0.9857,1.4748,0.3693
1.7176,0.0006,0.8610,1.8142,0.3543
1.8601,0.0008,0.8954,1.8615,0.3446
1.7811,0.0006,1.0126,1.7981,0.3445
1.0309,0.0006,1.0445,0.8658,0.3445
2.4745,0.0007,0.7563,2.5316,0.3624
1.3202,0.0006,0.8617,1.3855,0.3828
1.9348,0.0005,0.8592,1.9175,0.3552
1.3458,0.0004,0.7809,1.3891,0.3751
1.3313,0.0005,0.7781,0.9427,0.3751
1.3769,0.0004,1.0849,1.3586,0.3684
1.6541,0.0007,0.7965,2.0310,0.3437
2.0898,0.0007,0.7249,2.0771,0.3453
1.5197,0.0008,0.7742,1.5060,0.3480
2.0189,0.0005,0.7434,1.9356,0.3602
0.9526,0.0006,0.8383,0.9114,0.3602
1.3317,0.0006,0.7936,1.4731,0.3609
1.8166,0.0004,0.7255,1.8149,0.3388
1.3426,0.0006,0.7066,1.3254,0.3388
1.4094,0.0008,0.8548,1.2624,0.3651
1.7269,0.0007,1.2279,1.6852,0.3639
1.8920,0.0005,0.8442,2.0346,0.3475
1.6575,0.0005,0.8305,1.6670,0.3541
1.0876,0.0006,0.7868,1.1167,0.3541
1.2462,0.0005,0.7329,1.2314,0.3538
1.6576,0.0005,0.7170,1.6415,0.3538
1.2500,0.0003,0.7249,1.2134,0.3538
1.5183,0.0003,0.7041,1.3374,0.3373
2.0252,0.0003,0.7350,2.1804,0.3332
1.5877,0.0004,0.7300,1.6318,0.3519
2.1909,0.0005,0.6979,2.0493,0.3591
1.1521,0.0004,0.9345,1.3189,0.3622
1.6589,0.0005,0.7215,1.3196,0.3622
2.4201,0.0004,0.6819,2.5883,0.3339
0.9292,0.0005,0.8778,1.0706,0.3339
1.9588,0.0007,0.7070,1.8739,0.3502
1.2809,0.0007,0.8076,1.3324,0.3516
1.6950,0.0007,0.8103,1.4608,0.3544
1.6748,0.0005,0.6700,1.7192,0.3595
1.6809,0.0012,0.6222,1.4813,0.3351
1.4519,0.0006,0.9942,1.7975,0.3665
1.3103,0.0004,0.8216,1.2931,0.3665
1.5455,0.0004,0.6652,1.3419,0.3421
1.8593,0.0004,0.6420,2.0591,0.3642
1.5416,0.0003,0.6795,1.6049,0.3642
1.6747,0.0004,0.6108,1.5974,0.3357
1.3338,0.0005,0.6824,1.2274,0.3585
1.1481,0.0005,0.8114,1.2769,0.3585
1.6051,0.0004,0.6492,1.5529,0.3387
2.0025,0.0006,0.6421,2.0614,0.3590
1.7286,0.0006,0.6159,1.3461,0.3571
1.1017,0.0004,1.0993,1.4281,0.3571
1.7504,0.0005,0.7422,1.7955,0.3588
2.0024,0.0003,0.6440,1.9954,0.3550
1.1874,0.0004,0.6592,0.8905,0.3550
1.8875,0.0007,0.6374,1.8458,0.3512
1.4374,0.0003,0.7732,1.7660,0.3656
1.5905,0.0004,0.6587,1.3374,0.3656
1.6408,0.0004,0.6953,1.6656,0.3409
1.7438,0.0005,0.8065,1.9498,0.3361
1.5882,0.0006,0.6176,1.5163,0.3432
2.2024,0.0009,0.6868,2.1713,0.3673
1.4751,0.0009,0.8583,1.5026,0.3618
1.1306,0.0007,0.8892,1.1566,0.3618
1.6858,0.0005,0.7656,1.7062,0.3321
1.6109,0.0007,0.6808,1.5548,0.3355
1.3533,0.0007,0.7482,1.3833,0.3637
1.5593,0.0006,0.7744,1.3287,0.3630
1.5540,0.0006,0.7454,1.5764,0.3380
1.7761,0.0006,0.6965,1.9500,0.3591
1.3495,0.0005,0.7358,1.3648,0.3415
1.6646,0.0005,0.7276,1.6357,0.3415
1.6257,0.0007,0.7594,1.5871,0.3503
1.3249,0.0005,0.8393,1.3018,0.3849
1.8475,0.0005,0.7489,1.8536,0.3406
1.1630,0.0004,0.7364,1.1647,0.3406
1.8095,0.0007,0.8727,1.7915,0.3646
1.6408,0.0006,0.7956,1.6441,0.3429
1.6075,0.0006,0.7288,1.6211,0.3634
1.5294,0.0005,0.6744,1.5345,0.3634
1.5017,0.0004,0.6579,1.2704,0.3365
1.3229,0.0003,0.7127,1.5284,0.3504
1.7611,0.0005,0.7402,1.6897,0.3483
1.4876,0.0004,0.8966,1.4466,0.3669
1.4769,0.0005,0.8789,1.4551,0.3697
1.3906,0.0006,0.8329,1.4870,0.3404
1.6160,0.0008,0.7650,1.3650,0.3455
1.6504,0.0006,0.7863,1.6982,0.3424
1.4634,0.0006,0.8153,1.5171,0.3659
1.2897,0.0006,0.7497,1.4230,0.3549
1.5490,0.0005,0.7197,1.5482,0.3496
1.3375,0.0006,0.6932,1.2226,0.3655
1.4092,0.0004,0.6485,1.3903,0.3478
1.6483,0.0005,0.6132,1.7149,0.3518
1.8649,0.0008,0.7134,1.8263,0.3733
1.3393,0.0004,0.8207,1.3855,0.3393
1.3807,0.0004,0.7541,1.1969,0.3393
1.5413,0.0003,0.7422,1.7206,0.3390
1.5428,0.0003,0.6584,1.2916,0.3475
1.4952,0.0004,0.6312,1.4982,0.3413
1.7735,0.0003,0.6681,2.0430,0.3624
1.8049,0.0004,0.6010,1.7193,0.3466
1.5277,0.0004,0.7336,1.5809,0.3576
1.2385,0.0004,0.6910,1.0336,0.3576
1.7083,0.0006,0.6643,1.6369,0.3622
1.9923,0.0006,0.8591,2.2001,0.3606
1.2568,0.0005,0.8581,1.2658,0.3477
1.7649,0.0004,0.7279,1.7632,0.3613
1.2851,0.0003,0.6364,1.3191,0.3613
1.5337,0.0003,0.6051,1.5003,0.3474
1.0976,0.0005,0.6505,1.0080,0.3474
1.5683,0.0004,0.7865,1.6456,0.3652
1.2177,0.0004,0.6588,1.2321,0.3773
1.1809,0.0003,0.6842,1.1944,0.3537
1.2128,0.0005,0.5895,1.2083,0.3537
1.7613,0.0007,0.6277,1.5857,0.3486
1.3864,0.0006,0.7369,1.4982,0.3652
1.5063,0.0007,0.7934,1.5085,0.3597
1.6286,0.0005,0.7573,1.6545,0.3597
1.4511,0.0004,0.6345,1.2443,0.3466
1.4631,0.0004,0.6228,1.3531,0.3321
1.4632,0.0004,0.6263,1.7694,0.3521
1.4406,0.0003,0.6152,1.4329,0.3481
1.5108,0.0003,0.6094,1.4224,0.3373
1.5534,0.0004,0.5835,1.4659,0.3339
1.2370,0.0003,0.5836,1.4064,0.3539
1.4226,0.0003,0.6014,1.3529,0.3539
1.7403,0.0006,0.7300,1.6411,0.3518
1.6993,0.0005,0.8245,1.7949,0.3786
1.6151,0.0003,0.7835,1.6371,0.3622
1.2740,0.0003,0.7206,1.1824,0.3525
1.2397,0.0004,0.7805,1.3512,0.3525
1.2881,0.0005,0.6354,1.1678,0.3475
1.2264,0.0003,0.7594,1.2858,0.3377
1.6282,0.0003,0.6668,1.5466,0.3555
1.8406,0.0004,0.6486,1.9003,0.3470
1.0946,0.0004,0.6702,1.1120,0.3717
1.1414,0.0003,0.6798,1.1598,0.3717
1.9236,0.0008,0.6017,1.8095,0.3490
1.0481,0.0007,0.8043,0.9099,0.3595
1.3775,0.0004,0.7731,1.5318,0.3492
1.4937,0.0004,0.7014,1.5339,0.3524
1.1583,0.0003,0.6518,1.1645,0.3524
1.4814,0.0003,0.6147,1.1957,0.3583
1.5908,0.0004,0.6204,1.8718,0.3656
1.2969,0.0004,0.6494,1.2775,0.3656
1.8063,0.0004,0.6121,1.8041,0.3697
1.0879,0.0003,0.6679,1.0506,0.3697
1.5791,0.0004,0.6269,1.5951,0.3661
1.1306,0.0005,0.6383,1.0014,0.3661
1.9000,0.0006,0.6763,1.9087,0.3461
1.3747,0.0005,0.9144,1.1855,0.3869
1.8341,0.0005,0.9049,2.0913,0.3526
1.7041,0.0004,0.7324,1.7220,0.3427
1.1370,0.0005,0.6691,1.1157,0.3427
1.5771,0.0005,0.6533,1.6055,0.3435
1.4097,0.0004,0.6112,1.4138,0.3792
0.9584,0.0005,0.6797,0.8564,0.3792
1.2751,0.0005,0.6603,1.2699,0.3549
1.3195,0.0004,0.6468,1.3364,0.3525
1.4563,0.0004,0.5926,1.5244,0.3522
1.7669,0.0005,0.6111,1.7154,0.3523
1.3038,0.0004,0.6986,1.3028,0.3846
1.5902,0.0006,0.7712,1.5461,0.3392
1.3382,0.0003,0.7319,1.3065,0.3608
1.3307,0.0005,0.6785,1.1308,0.3608
1.2773,0.0005,0.6727,1.3666,0.3570
1.4450,0.0004,0.7912,1.5667,0.3489
1.1057,0.0005,0.6792,1.0783,0.3489
1.4482,0.0004,0.6378,1.4628,0.3444
1.5459,0.0007,0.6435,1.3523,0.3541
1.4871,0.0006,0.7070,1.6885,0.3610
1.5721,0.0006,0.6853,1.5685,0.3610
1.6443,0.0007,0.6491,1.3976,0.3455
1.8423,0.0008,0.7509,2.0263,0.3818
1.4938,0.0008,0.8480,1.5176,0.3509
1.2012,0.0003,0.7080,1.2133,0.3535
1.2381,0.0004,0.6427,1.2495,0.3535
1.4328,0.0003,0.6237,1.2613,0.3633
1.6110,0.0004,0.7015,1.7495,0.3515
1.1462,0.0004,0.6763,0.9849,0.3515
1.4579,0.0003,0.6501,1.4184,0.3511
1.6227,0.0005,0.6144,1.8174,0.3450
1.4595,0.0004,0.6417,1.4581,0.3450
1.5163,0.0005,0.6547,1.4896,0.3503
1.5607,0.0006,0.6655,1.3080,0.3545
1.2939,0.0006,0.7749,1.4374,0.3832
1.2334,0.0004,0.8146,1.1686,0.3374
1.3139,0.0005,0.6669,1.4997,0.3435
1.0273,0.0004,0.7026,1.0356,0.3517
1.6274,0.0003,0.8456,1.1982,0.3667
1.1571,0.0004,0.6366,1.5212,0.3340
1.6006,0.0004,0.7284,1.6313,0.3394
1.0950,0.0005,0.6103,0.9716,0.3394
1.4354,0.0004,0.6250,1.3378,0.3540
1.2208,0.0005,0.6981,1.4340,0.3577
1.0037,0.0003,0.7717,1.0159,0.3454
1.9141,0.0006,0.8314,1.8308,0.3563
1.0077,0.0007,0.7499,0.8173,0.3563
1.5486,0.0005,0.8017,1.7706,0.3696
1.2588,0.0005,0.6890,1.0447,0.3682
1.6679,0.0004,0.7424,1.8142,0.3609
1.1856,0.0005,0.7570,1.2599,0.3609
1.3878,0.0006,0.6275,1.2791,0.3497
1.4990,0.0003,0.6150,1.3354,0.3361
1.4268,0.0004,0.6435,1.6715,0.3508
1.2777,0.0004,0.6658,1.0335,0.3601
1.8616,0.0005,0.6896,2.0844,0.3553
1.3814,0.0004,0.6662,1.3650,0.3414
1.0997,0.0004,0.7109,0.9402,0.3414
1.5399,0.0006,0.7206,1.3580,0.3975
1.6260,0.0004,0.7289,1.9547,0.3597
1.2356,0.0004,0.6887,1.2600,0.3386
1.0435,0.0007,0.6754,0.9505,0.3386
1.8793,0.0005,0.6481,1.9589,0.3537
1.1341,0.0003,0.6226,1.0994,0.3457
1.2805,0.0004,0.6227,1.2744,0.3457
1.3648,0.0004,0.6632,1.1474,0.3713
1.8030,0.0005,0.6870,1.9734,0.3646
0.8677,0.0005,0.6786,0.7778,0.3646
1.3697,0.0006,0.6449,1.2607,0.3636
2.0031,0.0010,0.6474,2.1028,0.3536
1.3478,0.0006,0.8333,1.2222,0.5648
1.3547,0.0006,0.8203,1.5398,0.3517
1.5033,0.0005,0.6769,1.4320,0.3491
2.0586,0.0003,0.6743,2.1639,0.3569
0.8723,0.0005,0.6454,0.8907,0.3569
1.3530,0.0004,0.6227,1.2015,0.3455
1.4136,0.0004,0.5862,1.5379,0.3482
1.1332,0.0004,0.7295,1.0943,0.3594
1.3811,0.0004,0.6491,1.2863,0.3591
1.8909,0.0004,0.6393,1.9990,0.3504
1.5730,0.0007,0.5852,1.5603,0.3389
1.5354,0.0003,0.6281,1.5278,0.3650
1.3019,0.0004,0.7285,1.3242,0.3650
1.2602,0.0004,0.6684,1.2323,0.3423
1.3480,0.0003,0.6372,1.3502,0.3539
1.3544,0.0005,0.6467,1.1442,0.3506
1.4663,0.0005,0.6387,1.6535,0.3554
1.8350,0.0007,0.6675,1.5498,0.3588
1.5599,0.0007,0.7703,1.7434,0.3377
1.5532,0.0007,0.6960,1.6706,0.3445
1.2622,0.0006,0.6580,1.1786,0.3445
1.6074,0.0004,0.6383,1.2598,0.3484
1.5020,0.0006,0.7242,1.8594,0.3549
1.7429,0.0007,0.7925,1.7295,0.3727
1.5290,0.0004,0.7256,1.5779,0.3404
1.4966,0.0006,0.6226,1.3791,0.3543
1.8810,0.0007,0.6851,1.9693,0.3491
1.1562,0.0005,0.6966,1.1643,0.3605
1.0545,0.0003,0.6815,1.0408,0.3605
1.4492,0.0005,0.6559,1.2146,0.3369
1.2760,0.0003,0.6208,1.5248,0.3639
1.0475,0.0003,0.6508,0.9020,0.3417
1.5442,0.0003,0.7975,1.6963,0.3588
1.8700,0.0005,0.6090,1.7853,0.3387
1.4478,0.0006,0.7909,1.4583,0.3756
1.1370,0.0004,0.7852,0.9775,0.3756
1.5036,0.0004,0.6456,1.7154,0.3483
1.5658,0.0004,0.6352,1.5624,0.3498
1.4911,0.0004,0.6513,1.2146,0.3498
1.4949,0.0004,0.6952,1.5732,0.3407
1.2307,0.0004,0.6243,1.3822,0.3397
1.5976,0.0004,0.6174,1.3321,0.3529
1.6397,0.0005,0.6604,1.9031,0.3430
1.4811,0.0004,0.7227,1.4942,0.3569
1.1548,0.0004,0.6541,0.9752,0.3569
1.8406,0.0006,0.6696,1.9355,0.3629
1.1530,0.0006,0.8018,1.1862,0.3668
1.1395,0.0005,0.7466,1.1643,0.3920
1.2214,0.0004,0.6498,1.2223,0.3359
1.4149,0.0003,0.6115,1.3745,0.3528
1.3989,0.0004,0.7246,1.3851,0.3400
1.5934,0.0003,0.6546,1.6297,0.3490
1.1729,0.0004,0.6917,1.1619,0.3490
1.6425,0.0004,0.6482,1.5287,0.3429
1.0501,0.0004,0.7307,1.0997,0.3429
1.4751,0.0003,0.6336,1.5306,0.3537
1.4220,0.0004,0.6279,1.4124,0.3506
1.4187,0.0003,0.6659,1.3628,0.3577
1.3567,0.0005,0.7985,1.3613,0.3853
1.1784,0.0003,0.7586,1.2141,0.3600
1.7183,0.0004,0.6892,1.6347,0.3723
1.9286,0.0005,0.6778,1.9924,0.3421
0.9703,0.0004,0.6967,0.9478,0.3421
1.3577,0.0005,0.6460,1.2746,0.3648
1.5442,0.0004,0.6575,1.6513,0.3589
1.2759,0.0005,0.6284,1.2778,0.3605
1.5966,0.0004,0.6108,1.5520,0.3510
1.1309,0.0005,0.6931,1.1696,0.3465
1.2641,0.0009,0.6908,1.2100,0.3465
1.3126,0.0006,0.7186,1.3093,0.3633
1.8757,0.0005,0.9377,1.8719,0.3552
1.0887,0.0004,0.8455,0.9345,0.3474
1.2338,0.0006,0.9953,1.2025,0.3474
1.5804,0.0004,0.9124,1.8009,0.3457
1.0977,0.0005,0.6807,0.9149,0.3457
1.3915,0.0005,0.6304,1.5673,0.3624
1.6080,0.0007,0.6111,1.5831,0.3325
1.3847,0.0006,0.6126,1.3981,0.3365
1.0172,0.0005,0.6004,0.8500,0.3365
1.3333,0.0004,0.6085,1.3415,0.3505
1.5267,0.0005,0.5886,1.4947,0.3430
1.6751,0.0006,0.6178,1.8032,0.3798
1.5317,0.0005,0.7352,1.5332,0.3708
0.9676,0.0006,0.7486,1.0001,0.3708
1.5526,0.0004,0.6606,1.5483,0.3397
1.5897,0.0003,0.6533,1.5404,0.3516
1.1189,0.0003,0.7128,0.9782,0.3516
1.7547,0.0003,0.6637,1.9106,0.3628
1.0189,0.0003,0.6451,1.0225,0.3628
1.7917,0.0004,0.6327,1.7756,0.3536
1.0893,0.0003,0.6521,1.0341,0.3536
2.0029,0.0004,0.6467,2.0443,0.3429
1.4158,0.0004,0.6387,1.3763,0.3554
1.1784,0.0007,0.7551,1.2025,0.3554
1.4325,0.0005,0.7648,1.3167,0.3573
1.7698,0.0004,0.7133,1.8743,0.3629
1.2127,0.0004,0.6925,1.2096,0.3646
1.0144,0.0003,0.6774,0.8625,0.3646
1.8919,0.0004,0.6260,2.0143,0.3343
1.2739,0.0005,0.6919,1.3114,0.3515
0.9868,0.0004,0.6380,0.7629,0.3515
1.7754,0.0004,0.6270,1.9746,0.3594
1.1505,0.0005,0.6402,1.1472,0.3331
1.4081,0.0005,0.6602,1.4080,0.3479
1.5791,0.0004,0.6552,1.5232,0.3503
1.4907,0.0005,0.7788,1.5225,0.3660
1.4671,0.0005,0.7749,1.4580,0.3558
1.1603,0.0004,0.6819,1.1940,0.3558
1.5595,0.0005,0.6382,1.5564,0.3563
1.3125,0.0004,0.5990,1.3082,0.3533
1.1855,0.0005,0.5835,1.1608,0.3416
1.1040,0.0006,0.5824,1.1120,0.3416
1.2772,0.0005,0.5689,1.2240,0.3636
1.2971,0.0006,0.5853,1.1995,0.3498
1.2145,0.0003,0.7832,1.1297,0.3498
1.7386,0.0003,0.7735,1.9416,0.3656
1.4650,0.0004,0.6161,1.3193,0.3597
2.0129,0.0009,0.8808,1.4956,0.3597
1.8852,0.0006,1.5498,2.4794,0.3410
1.1974,0.0006,0.8690,1.0516,0.3410
1.8219,0.0005,0.7237,1.9866,0.3533
1.1203,0.0004,0.7146,0.9152,0.3533
1.5128,0.0003,0.6859,1.5057,0.3508
1.6879,0.0005,0.6481,1.8818,0.3609
1.1645,0.0006,0.6736,1.0585,0.3609
1.8822,0.0004,0.6980,1.9841,0.3624
1.1614,0.0004,0.6786,1.0811,0.3624
1.6701,0.0007,0.6703,1.4670,0.3446
1.7241,0.0005,1.1019,1.8231,0.3750
1.3215,0.0004,0.8546,1.4951,0.3533
1.0289,0.0004,0.6984,1.0365,0.3533
1.3266,0.0004,0.6595,1.2315,0.3563
1.4055,0.0003,0.6394,1.4050,0.3631
1.5202,0.0003,0.6732,1.6051,0.3536
1.4492,0.0004,0.6717,1.1868,0.3436
1.7352,0.0007,0.6199,1.9782,0.3457
1.2071,0.0007,0.6584,1.2209,0.3517
1.1882,0.0007,0.6332,1.1816,0.3478
1.5208,0.0008,0.5993,1.4208,0.3478
2.0101,0.0008,0.7157,1.9714,0.3559
1.7308,0.0005,0.9689,1.7930,0.3702
1.5716,0.0003,0.8222,1.5816,0.3555
1.2895,0.0004,0.7327,1.3131,0.3521
1.0928,0.0003,0.6625,0.9442,0.3521
1.2444,0.0003,0.6330,1.3645,0.3450
1.7422,0.0004,0.6194,1.7482,0.3544
1.5810,0.0004,0.5870,1.5835,0.3649
1.4012,0.0004,0.5952,1.3873,0.3680
1.4963,0.0007,0.5991,1.4803,0.3474
1.7263,0.0005,0.6743,1.7303,0.3535
1.6848,0.0007,0.7277,1.6225,0.3643
1.4984,0.0005,0.8370,1.5204,0.3843
1.4787,0.0005,0.7399,1.4912,0.3638
1.7006,0.0004,0.6785,1.7012,0.3618
1.2218,0.0003,0.6591,1.2216,0.3618
1.5680,0.0005,0.6192,1.5121,0.3325
1.7281,0.0004,0.6377,1.7166,0.3575
1.6678,0.0003,0.6461,1.6578,0.3508
1.0858,0.0003,0.7124,1.1231,0.3508
1.1261,0.0004,0.6838,1.1463,0.3516
1.4512,0.0003,0.6569,1.2549,0.3570
1.6912,0.0009,0.6341,1.6355,0.3308
1.4038,0.0006,0.8012,1.6068,0.3825
1.6670,0.0005,0.8717,1.5742,0.3420
1.4700,0.0005,0.8244,1.5791,0.3596
1.2313,0.0006,0.6652,1.2445,0.3448
1.0514,0.0003,0.6514,0.9874,0.3448
1.8312,0.0004,0.6408,1.8724,0.3657
1.5883,0.0004,0.6490,1.4301,0.3409
1.1631,0.0004,0.6725,1.1052,0.3409
1.8335,0.0004,0.6798,1.7693,0.3561
1.5444,0.0004,0.7215,1.5054,0.3523
1.8491,0.0006,0.7904,2.0445,0.3618
1.9235,0.0006,0.8179,1.9787,0.3698
1.1280,0.0005,0.8592,1.1624,0.3491
1.3764,0.0003,0.6854,1.1879,0.3491
1.5513,0.0003,0.6301,1.7200,0.3660
1.4746,0.0004,0.6235,1.4464,0.3381
1.5921,0.0003,0.6008,1.4996,0.3594
1.3182,0.0004,0.6446,1.4539,0.3462
1.2673,0.0005,0.7611,1.2574,0.3528
1.4723,0.0003,0.6093,1.3056,0.3485
1.4658,0.0004,0.6125,1.6004,0.3573
1.3719,0.0006,0.6039,1.1881,0.3438
1.5969,0.0006,0.7329,1.7467,0.3761
1.3363,0.0006,0.7840,1.2059,0.3677
1.2928,0.0007,0.7773,1.3370,0.3629
1.6327,0.0006,0.8442,1.7084,0.3661
0.9257,0.0004,0.7465,0.9353,0.3661
1.5328,0.0007,0.7201,1.2810,0.3479
1.4443,0.0010,0.8022,1.5880,0.3343
1.9010,0.0007,0.8638,1.9368,0.3604
1.3113,0.0004,0.8179,1.3639,0.3410
1.1963,0.0004,0.7561,1.0466,0.3410
1.5153,0.0003,0.6807,1.5739,0.3514
1.4271,0.0006,0.6991,1.4750,0.3640
1.4980,0.0006,0.7553,1.3743,0.3737
1.3824,0.0006,0.8058,1.5427,0.3475
1.1709,0.0005,0.7165,1.0838,0.3475
2.0279,0.0005,0.6809,2.0993,0.3439
1.3713,0.0007,0.6856,1.3538,0.3537
1.2210,0.0008,0.7196,1.2092,0.3537
1.7089,0.0007,0.8516,1.7049,0.3796
0.9869,0.0004,0.7007,0.9257,0.3796
1.5505,0.0005,0.6614,1.3247,0.3602
1.2324,0.0005,0.6486,1.3672,0.3333
1.5174,0.0005,0.7047,1.6222,0.3614
1.8749,0.0008,0.6477,1.5315,0.3736
0.9475,0.0008,1.1995,0.9238,0.3748
0.9721,0.0004,0.8184,1.1631,0.3748
1.8964,0.0006,0.6645,2.0702,0.3493
0.7281,0.0005,0.6587,0.7598,0.3493
1.3787,0.0004,0.6330,1.3341,0.3653
1.3351,0.0006,0.6122,1.2034,0.3467
1.7231,0.0005,0.8909,1.8677,0.3609
1.2106,0.0005,0.6490,1.1977,0.3530
1.3887,0.0006,0.6120,1.1542,0.3530
1.5704,0.0004,0.6136,1.8174,0.3620
0.9850,0.0003,0.6126,0.9383,0.3575
1.3473,0.0004,0.6647,1.3767,0.3575
1.4173,0.0004,0.6242,1.3959,0.3771
1.2185,0.0006,0.6801,1.1100,0.3562
1.6631,0.0003,0.7088,1.7729,0.3321
1.1773,0.0005,0.7059,0.9995,0.3321
1.4379,0.0006,0.6825,1.5305,0.3511
1.3785,0.0006,0.7250,1.4411,0.3638
1.5522,0.0003,0.6966,1.5403,0.3541
1.3284,0.0005,0.6592,1.3408,0.3635
1.3205,0.0004,0.6530,1.2678,0.3488
1.1777,0.0004,0.6857,1.1891,0.3439
1.0071,0.0003,0.6427,1.0252,0.3557
1.2466,0.0004,0.6142,1.0415,0.3557
1.7872,0.0006,0.6711,1.5789,0.3563
1.9689,0.0005,0.8887,2.2956,0.3565
1.3433,0.0004,0.8444,1.3801,0.3438
1.2768,0.0005,0.7052,1.2718,0.3438
1.3797,0.0005,0.8066,1.2950,0.3925
1.4014,0.0004,0.6879,1.2574,0.3639
1.5426,0.0003,0.6879,1.7339,0.3710
1.3199,0.0004,0.6442,1.2840,0.3338
1.3831,0.0003,0.6445,1.1895,0.3550
1.7280,0.0004,0.6353,1.9501,0.3487
1.0478,0.0003,0.6540,1.0884,0.3487
2.0124,0.0007,0.6123,1.9108,0.3429
1.6508,0.0008,0.7580,1.6747,0.4123
1.0774,0.0007,0.7748,0.9141,0.4123
1.8212,0.0006,0.6680,1.9680,0.3365
1.1419,0.0007,0.6614,0.9700,0.3365
1.5994,0.0005,0.6734,1.5545,0.3653
1.6304,0.0004,0.6779,1.8499,0.3599
1.1705,0.0005,0.6389,1.1721,0.3599
1.3817,0.0005,0.6090,1.3457,0.3351
1.5259,0.0003,0.5942,1.5432,0.3556
1.0613,0.0003,0.5919,1.0740,0.3556
1.6816,0.0006,0.5850,1.6067,0.3507
1.4222,0.0005,0.6718,1.4238,0.3480
1.3112,0.0004,0.7965,0.8936,0.3480
1.7847,0.0005,0.7261,2.1799,0.3528
1.0788,0.0004,0.7581,1.0897,0.3528
1.4265,0.0004,0.7847,1.4455,0.3689
1.4605,0.0006,0.6203,1.2946,0.3689
1.4725,0.0004,0.6525,1.5909,0.3513
1.7765,0.0006,0.7103,1.7438,0.3477
1.3387,0.0007,0.7949,1.3615,0.3477
1.3189,0.0006,0.7315,1.1250,0.3627
1.1936,0.0006,0.7084,1.3974,0.3415
2.1547,0.0006,0.6754,2.0484,0.3738
1.2015,0.0005,0.8352,1.2662,0.3771
1.1679,0.0005,0.8325,1.0950,0.3771
1.8246,0.0006,0.7336,1.8911,0.3359
1.1556,0.0006,0.6714,1.1903,0.3372
1.3829,0.0004,0.6457,1.1274,0.3711
1.1679,0.0009,0.7788,1.3831,0.3711
1.6763,0.0003,0.6399,1.6930,0.3549
1.0840,0.0003,0.6514,1.0836,0.3549
1.4572,0.0004,0.6570,1.1312,0.3599
1.8100,0.0003,0.6231,2.1132,0.3475
1.3954,0.0005,0.6166,1.4072,0.3475
1.7603,0.0008,0.6079,1.4195,0.3543
2.0393,0.0006,0.9624,2.2907,0.3405
1.3222,0.0004,0.8844,1.3645,0.3405
1.6607,0.0004,0.7617,1.6665,0.3470
1.7126,0.0004,0.7123,1.7088,0.3470
1.3249,0.0005,0.6774,1.0522,0.3609
1.4822,0.0003,0.6699,1.7739,0.3721
1.4319,0.0003,0.5981,1.1954,0.3412
1.6593,0.0003,0.6002,1.8726,0.3710
1.0803,0.0005,0.5875,1.0732,0.3710
1.6224,0.0005,0.6202,1.4924,0.3505
1.2457,0.0008,0.9966,1.3318,0.3546
1.3136,0.0005,0.8095,1.3263,0.3833
1.1954,0.0005,0.6951,1.1989,0.3617
1.3253,0.0004,0.7225,1.3074,0.3447
1.1974,0.0003,0.6727,1.2157,0.3447
1.6267,0.0003,0.6500,1.6172,0.3448
1.0623,0.0004,0.6637,1.0761,0.3448
1.3187,0.0004,0.6358,1.2953,0.3497
1.6940,0.0006,0.6198,1.6701,0.3584
0.9896,0.0005,0.7912,0.9848,0.3584
1.9201,0.0005,0.8413,1.9419,0.3608
1.2652,0.0005,0.6473,1.2472,0.3608
2.1857,0.0007,0.6840,1.7646,0.3581
1.1667,0.0007,1.3203,1.3840,0.3643
1.5436,0.0007,0.8606,1.7312,0.3605
1.7733,0.0004,0.6994,1.6360,0.3502
1.6494,0.0006,0.6917,1.7820,0.3308
1.3739,0.0005,0.7076,1.3902,0.3541
1.6922,0.0003,0.6533,1.6631,0.3482
1.2588,0.0004,0.6571,1.2333,0.3485
1.6516,0.0004,0.6972,1.6775,0.3631
1.1393,0.0005,0.6268,1.1284,0.3551
1.4404,0.0004,0.6753,1.4416,0.3551
1.7850,0.0006,1.1258,1.1497,0.3830
0.7290,0.0005,1.3599,1.2190,0.3830
1.4337,0.0004,0.6746,1.2839,0.3625
1.4781,0.0005,0.6460,1.6805,0.3510
1.7474,0.0003,0.6320,1.5818,0.3556
1.4453,0.0003,0.6484,1.5328,0.3395
1.2970,0.0003,0.7655,1.2359,0.3505
1.5019,0.0003,0.6791,1.5148,0.3428
1.6396,0.0004,0.5972,1.6465,0.3349
1.6656,0.0006,0.5916,1.5440,0.3444
1.3659,0.0004,0.7886,1.6292,0.3481
1.5211,0.0009,0.6960,1.3038,0.3481
2.0758,0.0009,0.7681,2.2265,0.3605
1.2763,0.0005,0.8135,1.3009,0.3665
1.2473,0.0005,0.7360,1.2632,0.3731
1.1024,0.0004,0.6864,1.1056,0.3731
1.6310,0.0004,0.6417,1.4454,0.3551
1.6018,0.0004,0.6034,1.7724,0.3563
1.5239,0.0005,0.6365,1.5142,0.3405
1.5440,0.0004,0.6950,1.5494,0.3405
1.8304,0.0004,0.6546,1.8033,0.3632
1.1395,0.0003,0.6730,1.1139,0.3632
1.5110,0.0005,0.6494,1.3486,0.3505
1.5101,0.0005,0.7475,1.5032,0.3867
1.1944,0.0003,0.7523,1.3772,0.3879
1.4549,0.0004,0.6784,1.4453,0.3705
1.3209,0.0005,0.6566,1.3024,0.3618
1.6287,0.0003,0.6735,1.6404,0.3618
1.6194,0.0004,0.6315,1.5931,0.3645
1.2247,0.0003,0.6576,0.9771,0.3645
1.5682,0.0003,0.6513,1.8329,0.3599
1.3159,0.0003,0.6721,1.3110,0.3443
1.3865,0.0004,0.6747,1.3973,0.3548
1.5672,0.0003,0.6129,1.5303,0.3548
1.3350,0.0007,0.7409,1.1871,0.3534
1.8421,0.0011,1.1249,1.8292,0.3839
1.2958,0.0007,0.7593,1.4562,0.3486
1.6104,0.0007,0.7205,1.5961,0.3516
1.3529,0.0004,0.7051,1.3289,0.3620
1.1091,0.0003,0.6460,1.1472,0.3468
1.0363,0.0004,0.7559,0.8665,0.3468
1.0079,0.0004,0.9239,1.1696,0.3526
1.2379,0.0004,0.5899,1.2426,0.3608
1.1414,0.0004,0.5839,1.0969,0.3501
1.2105,0.0005,0.6137,1.2439,0.3636
1.2468,0.0004,0.5872,0.9183,0.3427
1.2512,0.0005,0.6723,1.5075,0.3507
1.4509,0.0007,0.6603,1.2638,0.3553
1.3446,0.0005,0.7299,1.2392,0.3498
1.3924,0.0004,0.7537,1.7175,0.3729
1.2870,0.0004,0.6707,1.2832,0.3729
1.1783,0.0004,0.7481,1.0915,0.3693
1.4670,0.0005,0.9013,1.5241,0.3526
1.3216,0.0007,0.6788,1.3452,0.3639
1.1269,0.0006,0.6470,1.0806,0.3639
1.6679,0.0007,0.6694,1.6930,0.3531
1.6387,0.0007,0.7205,1.5861,0.3595
1.0593,0.0006,0.7316,1.0636,0.3595
1.2545,0.0005,0.6663,1.1461,0.3374
1.5088,0.0007,0.6304,1.3973,0.3649
1.5760,0.0007,0.7914,1.7230,0.3474
1.4455,0.0005,0.8459,1.4932,0.3516
1.5943,0.0004,0.7966,1.4773,0.3543
1.7066,0.0004,0.6685,1.8659,0.3552
1.1653,0.0005,0.6386,1.1428,0.3494
1.0647,0.0004,0.6370,1.0384,0.3494
1.3923,0.0004,0.9425,1.4377,0.3575
1.6364,0.0003,0.8000,1.6180,0.3402
1.3630,0.0004,0.6664,1.3527,0.3633
1.0961,0.0003,0.6623,1.1275,0.3633
1.3778,0.0003,0.6266,1.3613,0.3599
1.6163,0.0006,0.6030,1.3060,0.3414
1.4766,0.0006,0.7276,1.7546,0.3644
1.5217,0.0005,0.7132,1.5198,0.3663
1.3284,0.0004,0.7092,1.3417,0.3501
0.8275,0.0003,0.6529,0.7884,0.3501
1.5693,0.0003,0.6364,1.6060,0.3544
1.3971,0.0003,0.6124,1.2006,0.3387
1.1623,0.0003,0.7518,1.1866,0.3387
1.3785,0.0005,0.6578,1.4446,0.3626
1.8101,0.0004,0.6464,1.8405,0.3501
1.2244,0.0004,0.6397,1.2669,0.3443
1.0230,0.0004,0.6313,1.0341,0.3443
1.9171,0.0007,0.6054,1.7864,0.3787
0.9854,0.0007,0.8071,1.0276,0.3787
1.9709,0.0008,0.8461,1.9600,0.3648
1.0413,0.0005,0.7787,1.0235,0.3483
1.7639,0.0006,0.6883,1.7376,0.3543
1.3111,0.0004,0.8392,1.3470,0.3596
1.2250,0.0004,0.7305,1.2454,0.3566
0.9507,0.0004,0.6443,0.9446,0.3566
1.2343,0.0003,0.6139,1.1796,0.3596
1.2694,0.0005,0.6314,1.3234,0.3505
1.3637,0.0005,0.6296,1.3569,0.3553
1.5430,0.0006,0.6773,1.5313,0.3467
1.1748,0.0006,0.6827,1.1458,0.3467
1.2602,0.0004,0.7454,1.2416,0.3615
1.3031,0.0003,0.7509,1.2127,0.3985
1.1165,0.0003,0.7109,1.2162,0.3483
1.7499,0.0004,0.6315,1.7632,0.3515
1.3019,0.0005,0.6666,1.3004,0.3673
1.2306,0.0004,0.6724,1.2441,0.3513
1.2468,0.0005,0.6312,1.2611,0.3513
1.2412,0.0003,0.5970,1.1875,0.3444
1.7366,0.0004,0.6070,1.7533,0.3557
1.2080,0.0003,0.6277,1.2105,0.3555
1.2701,0.0003,0.6491,1.2678,0.3559
1.0479,0.0003,0.6505,1.0313,0.3559
1.9569,0.0010,0.6428,1.8715,0.5462
1.0736,0.0009,0.8368,1.1419,0.3894
1.0004,0.0007,0.7676,1.0114,0.3894
2.0418,0.0007,0.6519,1.9874,0.3613
0.8519,0.0005,0.8611,0.8761,0.3613
1.1106,0.0004,0.6746,1.1452,0.3501
1.4791,0.0005,0.5915,1.4725,0.3754
1.2701,0.0004,0.6360,1.2588,0.3370
1.1204,0.0004,0.6325,1.1092,0.3370
1.2932,0.0004,0.6007,1.3146,0.3609
1.5701,0.0003,0.5983,1.5762,0.3426
1.6166,0.0004,0.5805,1.4369,0.3330
1.4437,0.0005,0.7054,1.5487,0.3330
1.3471,0.0005,0.7073,1.0468,0.3741
1.7257,0.0006,0.7001,1.9858,0.3664
1.0164,0.0008,0.7848,1.0016,0.3664
1.6756,0.0004,0.7608,1.7253,0.3405
1.3824,0.0005,0.6740,1.4006,0.3628
1.4172,0.0004,0.6405,1.2921,0.3628
1.9382,0.0004,0.6259,2.0267,0.3711
1.4359,0.0005,0.6249,1.2232,0.3497
1.5889,0.0006,0.6373,1.5897,0.3418
1.4415,0.0004,0.6544,1.6436,0.3554
1.9609,0.0008,0.6283,1.8770,0.3428
1.3947,0.0005,0.7882,1.3612,0.3428
1.8014,0.0007,0.8950,1.8580,0.3421
1.2313,0.0005,0.7387,1.2523,0.3637
1.3276,0.0004,0.6843,1.3280,0.3637
1.3560,0.0003,0.6543,1.3599,0.3257
1.1069,0.0004,0.6430,1.0996,0.3257
1.4825,0.0003,0.6211,1.3151,0.3473
1.6532,0.0005,0.6374,1.7953,0.3511
1.1264,0.0005,0.6323,1.1277,0.3511
1.3324,0.0004,0.6532,1.3362,0.3540
1.0513,0.0003,0.6446,1.0684,0.3540
1.6885,0.0007,0.6094,1.5450,0.3697
1.8751,0.0006,0.8613,1.8857,0.3756
1.6654,0.0006,0.9279,1.7227,0.3613
1.2508,0.0003,0.7504,1.2303,0.3482
1.1542,0.0003,0.7016,1.1706,0.3514
1.2031,0.0003,0.6746,1.1179,0.3472
1.5564,0.0004,0.7287,1.6667,0.3589
1.3132,0.0003,0.5797,1.1094,0.3589
1.3536,0.0003,0.6024,1.5395,0.3616
1.5589,0.0003,0.5916,1.5389,0.3431
1.2859,0.0004,0.6045,1.2935,0.3496
1.4050,0.0004,0.6058,1.3640,0.3496
1.5653,0.0008,0.6641,1.4864,0.3725
2.0848,0.0006,1.2705,2.0902,0.3593
1.9558,0.0006,0.9036,1.9815,0.3355
1.5012,0.0006,0.8104,1.5283,0.3445
1.3614,0.0006,0.7060,1.3501,0.3445
1.2890,0.0005,0.6768,1.0804,0.3473
1.3396,0.0003,0.6432,1.4663,0.3487
1.1939,0.0003,0.6192,1.2840,0.3531
1.5842,0.0004,0.6369,1.5951,0.3549
1.8340,0.0004,0.6305,1.7992,0.3589
1.4284,0.0005,0.6781,1.3903,0.3589
2.0285,0.0006,0.7596,1.9935,0.3720
1.2697,0.0005,0.8220,1.3290,0.3526
1.5772,0.0004,0.7385,1.5679,0.3526
1.3518,0.0006,0.6680,1.1778,0.3476
1.6417,0.0004,0.6666,1.6585,0.3461
1.4205,0.0004,0.6602,1.4398,0.3496
1.6672,0.0004,0.6501,1.6439,0.3361
1.9982,0.0004,0.6508,2.1339,0.3466
1.2667,0.0004,0.6466,1.2670,0.3451
1.1491,0.0004,0.6630,1.1123,0.3557
1.5847,0.0005,0.6631,1.5203,0.3557
1.3859,0.0006,0.7505,1.1896,0.3540
1.8313,0.0005,0.8889,2.0851,0.3913
1.4408,0.0004,0.6711,1.2606,0.3478
1.5225,0.0004,0.6311,1.6061,0.3462
1.5131,0.0004,0.6608,1.4451,0.3569
1.8035,0.0005,0.6354,1.9822,0.3519
1.4043,0.0004,0.6024,1.1427,0.3519
1.3131,0.0007,0.5992,1.4686,0.3535
1.5316,0.0004,0.6054,1.4821,0.3514
1.7993,0.0004,0.6295,1.9097,0.3617
1.9954,0.0006,0.6116,1.9341,0.3970
1.4473,0.0005,0.7347,1.4646,0.3834
1.4826,0.0005,0.7640,1.3955,0.3523
0.8404,0.0005,0.7917,0.8046,0.3523
1.3812,0.0006,0.6408,1.3860,0.3489
1.6554,0.0007,0.6958,1.7703,0.3762
1.2209,0.0005,0.6916,1.2295,0.3545
1.1486,0.0005,0.6594,1.1470,0.3446
1.1633,0.0005,0.6407,1.1402,0.3446
1.9157,0.0005,0.6486,1.8574,0.3590
1.1214,0.0004,0.7733,1.0655,0.3590
1.1159,0.0004,0.7284,1.2124,0.3656
1.3981,0.0007,0.6741,1.1972,0.3697
1.7020,0.0008,0.7908,1.8309,0.3681
1.2769,0.0009,0.8305,1.3307,0.3826
1.2863,0.0004,0.7023,1.2477,0.3820
1.5251,0.0005,0.6869,1.5373,0.3409
1.2184,0.0005,0.6613,1.2279,0.3700
1.2620,0.0004,0.6623,1.2597,0.3531
1.3000,0.0005,0.6488,1.2547,0.3442
1.0485,0.0005,0.6967,1.0820,0.3442
1.7302,0.0005,0.8098,1.7122,0.3576
1.3536,0.0006,0.6965,1.3632,0.3553
1.1310,0.0003,0.6595,1.0907,0.3672
1.6197,0.0005,0.6299,1.3867,0.3600
1.0989,0.0006,0.9925,1.2916,0.3600
1.6149,0.0005,0.7696,1.6454,0.3656
1.3005,0.0005,0.7073,1.2809,0.3625
1.2416,0.0003,0.6811,1.2896,0.3493
0.8339,0.0003,0.6527,0.7229,0.3493
1.2087,0.0003,0.6105,1.2102,0.3404
1.2417,0.0006,0.5972,1.3356,0.3496
1.5904,0.0004,0.5918,1.5692,0.3563
1.1780,0.0003,0.6634,1.1666,0.3563
1.8121,0.0003,0.6802,1.7416,0.3476
1.1689,0.0003,0.7096,1.2646,0.3476
1.5097,0.0003,0.6279,1.2704,0.3547
2.0501,0.0008,0.5821,2.1827,0.3796
1.1936,0.0010,0.8437,1.0096,0.3796
1.7117,0.0007,0.8150,1.9460,0.3614
1.3823,0.0007,0.6584,1.3746,0.3582
1.1864,0.0006,0.7007,1.1968,0.3582
1.5423,0.0005,0.7009,1.5175,0.3557
0.8230,0.0005,0.8083,0.8265,0.3557
1.4367,0.0003,0.6808,1.4358,0.3583
1.0253,0.0004,0.6872,0.8441,0.3583
1.4452,0.0005,0.6854,1.4412,0.3394
1.3305,0.0003,0.6429,1.5063,0.3666
1.0962,0.0005,0.6720,1.1128,0.3427
1.3711,0.0004,0.6530,1.2991,0.3366
1.3373,0.0003,0.7509,1.2859,0.5335
1.3810,0.0004,0.7644,1.4796,0.3754
1.4511,0.0004,0.7214,1.2602,0.3566
1.4013,0.0005,0.7654,1.4499,0.3645
1.2512,0.0006,0.7820,1.1300,0.3645
1.5491,0.0003,0.6664,1.7637,0.3582
1.3696,0.0006,0.6775,1.3763,0.3576
0.8419,0.0004,0.7041,0.7328,0.3576
1.4886,0.0004,0.6574,1.4131,0.3591
1.1786,0.0005,0.6181,1.3561,0.3430
1.3073,0.0004,0.6570,1.2261,0.3518
1.8040,0.0004,0.6273,1.8389,0.3501
1.1555,0.0005,0.7325,0.9614,0.3501
1.6228,0.0005,0.7907,1.6475,0.3878
1.4334,0.0005,0.7554,1.4465,0.3399
1.7754,0.0005,0.7243,1.9219,0.3539
1.1733,0.0006,0.7695,0.9792,0.3539
1.6420,0.0008,0.7180,1.8131,0.3659
1.5903,0.0005,0.7283,1.6212,0.3526
1.2645,0.0006,0.7435,1.0003,0.3526
1.8097,0.0008,0.7180,1.8932,0.3525
1.8025,0.0010,0.7305,1.9458,0.3362
1.7418,0.0007,0.7278,1.7061,0.3707
1.7266,0.0007,0.8457,1.7152,0.3707
1.3788,0.0006,0.8558,1.4011,0.3543
1.7113,0.0007,0.7542,1.6820,0.3456
1.3160,0.0008,0.8366,1.2168,0.3407
1.6533,0.0005,0.8070,1.5520,0.3509
2.1982,0.0005,0.8012,2.3457,0.3499
1.1288,0.0008,0.8766,1.0236,0.3499
1.5407,0.0005,0.8386,1.6322,0.3526
2.0764,0.0005,0.7211,1.9720,0.3521
0.9542,0.0006,0.8849,1.1022,0.3621
1.0602,0.0006,0.7979,0.9569,0.3621
1.9046,0.0006,0.9061,1.8906,0.3633
2.0827,0.0006,0.9532,2.0459,0.3551
1.5292,0.0006,1.0656,1.6110,0.3532
1.5701,0.0006,0.8641,1.4773,0.3484
1.4274,0.0008,0.9279,1.5577,0.3528
1.6325,0.0005,0.7046,1.6110,0.3321
1.5624,0.0006,0.7032,1.4046,0.3321
1.4447,0.0004,0.7644,1.4921,0.3466
1.4097,0.0004,0.8115,1.3494,0.3497
1.5740,0.0006,0.7811,1.5619,0.3509
1.9515,0.0007,1.0720,2.0422,0.3746
1.3682,0.0008,0.9643,1.1035,0.3359
1.8288,0.0006,1.3599,2.1077,0.3359
2.1302,0.0007,0.8676,1.9294,0.3582
1.3823,0.0011,1.1128,1.5657,0.3356
1.8400,0.0009,0.9415,1.8421,0.3356
1.4842,0.0010,0.8665,1.4702,0.3331
1.4152,0.0005,0.8109,1.4081,0.3433
1.6681,0.0007,0.7720,1.6471,0.3458
1.8302,0.0006,0.7714,1.4713,0.3504
2.6420,0.0008,0.9461,2.9112,0.3504
1.4685,0.0007,1.1084,1.5246,0.3606
1.3268,0.0008,0.9392,1.3530,0.3474
1.2093,0.0005,0.8133,1.0035,0.3474
2.0245,0.0006,0.9411,2.2113,0.3388
1.5057,0.0004,0.8314,1.5074,0.3388
1.3059,0.0005,0.7576,1.2838,0.3312
2.0581,0.0006,0.7017,2.0430,0.3411
1.1505,0.0006,0.8247,1.1966,0.3411
1.6116,0.0009,0.7869,1.5990,0.3328
1.6636,0.0009,0.7758,1.5066,0.3490
1.8830,0.0005,1.0484,1.8605,0.3611
1.9211,0.0005,0.8983,2.0842,0.3373
1.3217,0.0005,0.7906,1.2832,0.3373
1.5178,0.0004,0.8005,1.4568,0.3653
1.6628,0.0004,0.7561,1.7674,0.3553
1.9025,0.0003,0.6915,1.8683,0.3469
1.7806,0.0003,0.7270,1.7793,0.3584
1.2955,0.0003,0.6969,1.2973,0.3596
1.3269,0.0003,0.6743,1.3148,0.3477
1.7220,0.0010,0.7417,1.6490,0.3577
1.2511,0.0004,0.9024,1.0848,0.3577
2.1509,0.0004,0.9182,2.3149,0.3533
1.7152,0.0003,0.8694,1.7411,0.3508
1.0296,0.0003,0.8503,1.0604,0.3508
1.9954,0.0004,0.7406,1.9580,0.3515
1.4120,0.0003,0.7170,1.4356,0.3536
1.0308,0.0004,0.6554,1.0139,0.3536
1.1202,0.0003,0.6747,1.1046,0.3470
1.5118,0.0004,0.6295,1.3606,0.3411
1.5927,0.0005,0.6544,1.6866,0.3554
1.8236,0.0007,0.7921,1.6394,0.3535
1.9288,0.0009,0.9643,2.1212,0.5662
1.3941,0.0007,0.8757,1.2100,0.3712
1.8342,0.0004,0.7815,2.0488,0.3567
1.9563,0.0007,0.7384,1.4271,0.3505
1.3709,0.0006,0.9809,1.8834,0.3505
1.6806,0.0006,0.7678,1.3219,0.3496
15.6855,0.0010,14.9722,2.1038,0.3508
1.0064,0.0007,1.3123,1.4350,0.3508
0.9271,0.0004,1.0990,1.2199,0.3508
1.8636,0.0006,0.6678,1.7527,0.3640
1.7236,0.0006,0.8263,1.5415,0.3536
2.2059,0.0007,1.0227,2.3783,0.3608
1.6217,0.0006,1.0518,1.7122,0.3701
1.7793,0.0006,0.9327,1.8125,0.3519
1.3764,0.0004,0.8066,1.3996,0.3519
2.1266,0.0008,0.7106,2.0618,0.3440
1.2489,0.0006,0.7463,1.2692,0.3412
1.5041,0.0005,0.7661,1.3614,0.3412
1.9196,0.0005,0.7293,2.0439,0.3571
1.9021,0.0006,0.7902,1.8824,0.3598
1.2461,0.0006,0.9348,1.0076,0.3598
1.9689,0.0008,0.9214,2.1148,0.3779
1.9240,0.0008,0.9649,1.9538,0.3539
1.8819,0.0007,1.0155,1.8768,0.3491
1.8920,0.0007,0.9408,1.8797,0.3638
1.4410,0.0007,0.9326,1.4583,0.3375
1.8248,0.0008,0.8887,1.4643,0.3478
2.0604,0.0006,0.9559,2.3745,0.3389
1.7317,0.0006,0.9040,1.7415,0.3612
1.6574,0.0005,0.8802,1.6955,0.3612
1.8523,0.0005,0.7972,1.7916,0.3779
1.0558,0.0004,0.8843,1.1105,0.3779
1.9471,0.0004,0.7964,1.9030,0.3534
1.5986,0.0004,0.7964,1.5865,0.3534
1.6184,0.0004,0.7650,1.6687,0.3481
1.2740,0.0004,0.7821,1.2207,0.3481
1.4579,0.0005,0.7519,1.4882,0.3521
1.3791,0.0005,0.7176,1.3669,0.3521
1.4369,0.0005,0.8453,1.2025,0.3608
1.5850,0.0004,0.7704,1.7427,0.3509
1.8624,0.0005,0.7454,1.9356,0.3514
1.8586,0.0007,0.7179,1.6567,0.3730
1.3293,0.0006,0.9891,1.3470,0.3730
1.4115,0.0004,0.8963,1.5744,0.3805
1.4633,0.0004,0.7429,1.3974,0.3609
1.6753,0.0005,0.6927,1.6578,0.3459
1.4563,0.0003,0.7652,1.3562,0.3446
1.6302,0.0005,0.7198,1.7920,0.3420
1.0953,0.0004,0.7284,1.1127,0.3420
1.4998,0.0006,0.6585,1.4900,0.3773
1.2865,0.0004,0.6725,1.0215,0.3773
2.0437,0.0004,0.6799,2.2833,0.3519
1.4769,0.0007,0.6919,1.3695,0.5279
1.7038,0.0006,0.9044,1.7305,0.3470
1.2932,0.0006,0.8364,1.2918,0.3470
1.4861,0.0005,0.7344,1.5054,0.3441
1.3775,0.0005,0.6699,1.3070,0.3550
1.7714,0.0005,0.6842,1.7812,0.3336
1.4601,0.0004,0.7485,1.4852,0.3336
1.5689,0.0007,0.7460,1.5859,0.3486
1.6536,0.0006,0.6659,1.6205,0.3404
1.8227,0.0006,0.6979,1.8108,0.3355
1.4778,0.0004,0.7297,1.4834,0.3331
1.5254,0.0006,0.7455,1.4105,0.3548
1.5244,0.0005,0.9641,1.4877,0.3494
1.3465,0.0006,0.8928,1.4700,0.3509
1.1870,0.0004,0.7812,1.1548,0.3608
1.7618,0.0004,0.7274,1.7620,0.3539
1.4285,0.0006,0.7681,1.4223,0.3493
1.4258,0.0006,0.9061,1.4178,0.3645
1.3308,0.0004,0.7669,1.3379,0.3630
1.2111,0.0007,0.7879,1.0010,0.3630
1.2987,0.0005,0.7889,1.4550,0.3588
2.4037,0.0005,0.8175,2.4329,0.3573
1.3299,0.0004,0.7619,1.3263,0.3573
1.3396,0.0006,0.8623,1.1506,0.3675
1.4334,0.0005,0.8082,1.5381,0.3626
1.2221,0.0005,0.7509,1.3178,0.3476
1.5419,0.0006,0.7070,1.5350,0.3907
1.0922,0.0005,0.7247,0.9237,0.3907
1.6406,0.0006,0.7130,1.8095,0.3427
1.3083,0.0004,0.6670,1.3288,0.3427
1.5280,0.0003,0.6549,1.4655,0.3351
1.3228,0.0005,0.7726,1.1376,0.3351
1.9547,0.0006,0.8497,2.1236,0.3488
1.5753,0.0004,0.7806,1.5697,0.3676
1.0427,0.0005,0.8839,0.9560,0.3676
2.2494,0.0004,1.1101,2.3231,0.3424
1.8343,0.0004,0.9891,1.8374,0.3678
1.4593,0.0004,0.7603,1.4598,0.3678
1.7134,0.0004,0.7622,1.6939,0.3618
1.7839,0.0005,0.7298,1.5295,0.3408
2.1181,0.0007,0.7064,2.3965,0.3422
1.8061,0.0007,0.7221,1.5941,0.3608
1.1236,0.0009,1.0225,1.0576,0.3608
2.2599,0.0007,0.9920,2.4101,0.3716
1.6424,0.0004,0.8919,1.6813,0.3836
1.2943,0.0005,0.9295,1.3252,0.3601
1.2053,0.0005,0.8040,1.2342,0.3601
1.8845,0.0003,0.7893,1.8683,0.3338
1.8511,0.0005,0.7406,1.8381,0.3521
1.4633,0.0004,0.7742,1.4748,0.3502
1.6566,0.0004,0.7554,1.6402,0.3508
1.2991,0.0004,0.7233,1.3092,0.3586
1.5787,0.0004,0.7120,1.3793,0.3586
2.5702,0.0008,0.6800,2.6205,0.3607
1.1334,0.0006,0.9747,1.1384,0.3607
2.2702,0.0005,0.9464,2.3337,0.3443
1.0561,0.0005,0.7840,1.0501,0.3443
1.8707,0.0007,0.7322,1.7975,0.3314
1.8946,0.0006,0.7813,1.9496,0.3347
1.1627,0.0004,0.7939,1.0804,0.3347
1.7955,0.0006,0.7351,1.8168,0.3458
1.6505,0.0004,0.8079,1.7482,0.3590
1.5001,0.0005,0.6934,1.5145,0.3420
1.4730,0.0005,0.6627,1.4575,0.3420
1.2789,0.0008,0.7136,1.0156,0.3501
2.0609,0.0007,0.8526,2.2785,0.3746
1.5243,0.0006,0.8183,1.5306,0.3411
1.4929,0.0006,0.7535,1.4751,0.3439
1.7872,0.0007,0.7077,1.7677,0.3439
1.4727,0.0005,0.7378,1.3782,0.3490
0.9747,0.0004,0.8603,1.0901,0.3490
1.6081,0.0005,0.7193,1.5490,0.3692
1.8331,0.0006,0.7281,1.8405,0.3566
1.0526,0.0007,0.7517,0.7988,0.3566
2.2797,0.0008,0.6964,2.4485,0.3465
1.5570,0.0006,0.9283,1.5905,0.3700
1.7559,0.0005,0.9657,1.7187,0.3439
1.7105,0.0005,0.8515,1.6237,0.3521
0.7725,0.0004,0.9319,0.8147,0.3521
1.8670,0.0007,0.7001,1.9635,0.3479
1.3340,0.0005,0.7219,1.1047,0.3479
1.5966,0.0004,0.7460,1.8155,0.3454
1.7167,0.0005,0.7119,1.4855,0.3398
2.1065,0.0006,0.7259,2.3051,0.3388
1.3201,0.0006,0.7521,1.3282,0.3388
1.4276,0.0007,0.7564,1.3882,0.3573
1.2829,0.0006,0.8458,1.3299,0.3573
1.5008,0.0004,0.7289,1.2031,0.3700
1.8337,0.0005,0.7688,2.0839,0.3395
1.6027,0.0005,0.7518,1.6023,0.3423
1.5812,0.0008,0.7348,1.6001,0.3423
1.4533,0.0005,0.7077,1.4730,0.3413
1.6985,0.0005,0.6782,1.6765,0.3539
1.5218,0.0007,0.6381,1.4982,0.3540
1.7869,0.0003,0.6491,1.7906,0.3586
2.4098,0.0010,0.6778,2.0071,0.3705
1.3910,0.0005,1.2909,1.6921,0.3718
1.5995,0.0005,1.0459,1.6626,0.3372
1.4637,0.0005,0.7588,1.3966,0.3372
1.8330,0.0004,0.7877,1.6674,0.3387
1.6812,0.0004,0.8568,1.7146,0.3392
1.8191,0.0005,0.7735,1.7317,0.3340
2.1174,0.0008,0.7796,2.3483,0.3558
1.3559,0.0006,0.8324,1.2058,0.3558
2.4512,0.0008,0.8972,2.3294,0.3605
1.1486,0.0006,1.2344,1.3013,0.3605
2.5226,0.0005,0.9487,2.5670,0.3379
1.6471,0.0007,0.8829,1.6961,0.3571
0.9949,0.0007,0.8097,0.9891,0.3571
1.5895,0.0005,0.7343,1.4533,0.3429
1.6296,0.0005,0.7290,1.7819,0.3340
1.6644,0.0007,0.7295,1.6085,0.3463
2.5418,0.0005,0.7377,2.5226,0.3704
1.7611,0.0006,0.8210,1.7931,0.3620
1.6190,0.0009,0.8200,1.5798,0.3687
1.5345,0.0009,0.8883,1.3777,0.3775
1.5934,0.0005,1.0030,1.7569,0.3595
1.5783,0.0004,0.7622,1.5553,0.3741
1.6032,0.0009,0.7436,1.5949,0.3468
1.3566,0.0004,0.7353,1.3882,0.3329
1.8085,0.0005,0.7119,1.7847,0.3435
1.5020,0.0004,0.7042,1.4034,0.3435
1.8399,0.0005,0.8079,1.9204,0.3430
0.8058,0.0006,0.7230,0.7924,0.3430
2.1889,0.0007,0.7059,2.1373,0.3599
1.4495,0.0008,0.8222,1.4365,0.5445
1.4664,0.0009,0.9238,1.4881,0.5445
1.6160,0.0007,0.8397,1.3371,0.3579
1.6515,0.0007,0.7386,1.8242,0.3449
1.9735,0.0006,0.7412,2.0856,0.3413
1.1377,0.0007,0.7973,1.1148,0.3413
1.9138,0.0007,0.7470,1.7134,0.3577
1.7171,0.0006,0.8732,1.9122,0.3596
1.7978,0.0008,0.8434,1.8014,0.3400
1.5992,0.0005,0.7648,1.6070,0.3480
1.4203,0.0008,1.0879,1.0894,0.3737
2.1556,0.0007,1.1373,2.4303,0.3589
1.6312,0.0006,0.8528,1.6275,0.3379
1.5087,0.0005,0.8134,1.5249,0.3540
1.4239,0.0007,0.7471,1.4258,0.3602
1.8365,0.0006,0.7048,1.8024,0.3469
1.3649,0.0006,0.7308,1.3759,0.3469
2.2286,0.0006,0.7511,2.1856,0.3386
1.4217,0.0006,0.8032,1.4578,0.3512
1.5709,0.0005,0.7861,1.5764,0.3512
1.8406,0.0007,0.7383,1.7513,0.3557
2.0654,0.0007,0.9058,2.0531,0.3498
1.5345,0.0007,0.9873,1.3078,0.3498
2.0201,0.0005,0.8516,2.2977,0.3354
1.8966,0.0006,0.7527,1.8915,0.3428
1.9622,0.0006,0.7662,1.7543,0.3435
1.8089,0.0006,0.9029,1.7278,0.3539
1.8778,0.0006,0.8190,2.1318,0.3463
1.6876,0.0004,0.7728,1.7264,0.3463
1.6249,0.0007,0.7783,1.5505,0.3749
1.9357,0.0005,0.9828,1.9459,0.3749
1.2202,0.0005,0.9971,1.0440,0.3795
1.7642,0.0006,0.9563,1.9267,0.3512
1.4239,0.0006,0.7598,1.4122,0.3662
1.0712,0.0005,0.8611,1.0724,0.3662
1.8625,0.0007,0.9254,1.8213,0.3715
1.8344,0.0008,0.9846,1.5567,0.3318
1.7106,0.0010,0.9906,2.0457,0.3473
2.0763,0.0008,0.7749,2.0337,0.3382
1.4527,0.0006,0.7819,1.3370,0.3382
1.9325,0.0003,0.8653,2.0347,0.3668
1.6872,0.0003,0.8285,1.7087,0.3507
1.8063,0.0004,0.7622,1.6640,0.3506
1.6842,0.0004,1.0369,1.7876,0.3506
1.7781,0.0007,0.8144,1.7800,0.3523
1.3765,0.0005,0.7807,1.3774,0.3582
1.0952,0.0005,0.7833,1.1281,0.3582
2.1379,0.0004,0.7120,2.0686,0.3592
1.2545,0.0008,0.7643,1.2963,0.3592
1.8447,0.0007,0.7499,1.7698,0.3605
1.5264,0.0003,0.8788,1.5591,0.3605
1.9910,0.0004,0.9011,1.9925,0.3427
1.9456,0.0005,0.7694,1.8180,0.3427
1.3844,0.0007,0.9715,1.4567,0.3415
1.8782,0.0008,0.9003,1.8236,0.3553
1.5824,0.0007,0.9739,1.6331,0.3358
1.2199,0.0009,0.8934,1.2032,0.3358
2.3632,0.0007,0.8358,2.3118,0.3496
1.8489,0.0006,0.8712,1.8542,0.3605
1.8021,0.0007,0.8714,1.8060,0.3811
1.3678,0.0005,0.8868,1.4221,0.3811
1.9505,0.0009,0.9875,1.7319,0.3563
1.9939,0.0006,1.2414,2.1146,0.3557
1.8830,0.0009,0.9936,1.8781,0.3428
1.8038,0.0009,0.9205,1.8144,0.3415
1.4695,0.0006,0.8954,1.4821,0.3415
1.9188,0.0007,0.8329,1.8765,0.3528
1.3844,0.0006,0.8762,1.0608,0.3528
2.0726,0.0007,0.8208,2.3429,0.3481
2.0195,0.0007,0.9754,1.9892,0.3780
1.4628,0.0007,1.0999,1.4178,0.3780
1.4978,0.0004,1.0553,1.6381,0.3636
1.9636,0.0006,0.8037,1.9239,0.3533
1.6647,0.0004,0.8483,1.7053,0.3299
1.5999,0.0004,0.8259,1.5704,0.3477
2.0818,0.0008,0.8663,1.9916,0.3477
2.0313,0.0007,1.4417,2.0413,0.3425
2.0738,0.0011,1.1118,2.0325,0.3425
1.6742,0.0008,1.0942,1.7052,0.3711
2.0313,0.0009,1.0420,2.0196,0.3359
1.8851,0.0008,1.0345,1.9062,0.3350
1.5251,0.0006,0.9588,1.5050,0.3350
2.2734,0.0008,0.9193,2.2612,0.3310
1.6576,0.0008,0.9680,1.6808,0.3481
2.3291,0.0009,0.9138,2.3145,0.3464
1.5790,0.0005,0.8593,1.6191,0.3616
1.5383,0.0007,0.8418,1.2324,0.3616
1.9896,0.0007,0.9180,2.1837,0.3578
2.2120,0.0004,1.0777,2.2561,0.3428
1.6332,0.0005,0.9401,1.1535,0.3428
2.2463,0.0006,0.9439,2.7047,0.3347
1.6449,0.0007,0.8816,1.6514,0.3524
1.8500,0.0008,0.9003,1.8312,0.3524
1.9210,0.0008,0.9232,1.9257,0.3484
1.5107,0.0005,0.9175,1.3927,0.3433
2.3231,0.0007,0.8557,2.3609,0.3562
1.4080,0.0003,1.0024,1.4457,0.3562
1.7240,0.0005,0.9429,1.6327,0.3865
2.0224,0.0005,0.7923,2.1335,0.3535
1.4226,0.0003,0.8676,1.4433,0.3467
1.6418,0.0004,0.8670,1.2746,0.3467
1.8757,0.0008,0.7666,2.2142,0.3548
1.8156,0.0006,0.8998,1.7759,0.3474
1.6673,0.0009,1.0006,1.6893,0.3484
1.9548,0.0009,0.8677,1.8927,0.3484
2.2629,0.0008,1.0247,1.8713,0.3741
1.2507,0.0005,1.4664,1.5901,0.3663
1.4954,0.0007,1.0967,1.5226,0.3663
2.1595,0.0007,0.7455,2.1685,0.3412
1.4277,0.0006,0.8824,1.0812,0.3412
2.0239,0.0008,0.8568,2.3762,0.3409
1.7776,0.0006,0.9566,1.8199,0.3531
1.6312,0.0007,0.7967,1.6037,0.3531
1.8892,0.0008,1.1528,1.8145,0.3449
2.3836,0.0010,1.4822,2.0215,0.3343
1.1474,0.0005,1.5210,1.5494,0.3915
1.9510,0.0005,0.8752,1.9687,0.3387
1.4128,0.0004,0.7296,1.4410,0.3387
1.7295,0.0005,0.6953,1.6747,0.3473
1.6996,0.0004,0.7441,1.7198,0.3426
1.2892,0.0004,0.7345,1.3076,0.3426
1.6900,0.0005,0.6487,1.6708,0.3482
1.2609,0.0004,0.6838,1.2217,0.3482
1.5168,0.0005,0.7062,1.5687,0.3503
1.9919,0.0009,0.6831,1.8954,0.3513
1.3863,0.0008,0.8286,1.3388,0.3513
1.5893,0.0006,0.9570,1.4530,0.3513
1.8481,0.0005,0.8813,2.0137,0.3509
1.8889,0.0004,0.7400,1.8668,0.3578
1.4170,0.0004,0.7189,1.4254,0.3479
1.4544,0.0004,0.7357,1.4546,0.3504
1.6460,0.0008,0.7243,1.6283,0.3696
1.4245,0.0005,0.7201,1.4142,0.3635
1.9412,0.0005,0.7272,1.6430,0.3635
1.6983,0.0006,0.7461,1.9520,0.3412
1.7440,0.0007,1.0100,1.7054,0.3842
1.6237,0.0005,0.9265,1.6668,0.3506
1.5186,0.0004,0.7930,1.5378,0.3526
1.7102,0.0005,0.7241,1.6015,0.3402
2.1208,0.0007,0.7409,2.1923,0.3338
1.5042,0.0007,0.8838,1.4985,0.3478
1.7558,0.0007,0.9940,1.7173,0.3478
1.7447,0.0007,0.8148,1.7224,0.3742
2.1560,0.0009,0.8093,2.1557,0.3519
1.4862,0.0007,0.8517,1.4777,0.3434
1.5556,0.0005,0.9419,1.5820,0.3434
1.3879,0.0005,0.8090,1.4119,0.3776
1.7301,0.0005,0.7303,1.6425,0.3463
1.8005,0.0003,0.7271,1.8733,0.3398
1.6248,0.0002,0.6874,1.6033,0.3469
1.8677,0.0008,0.6878,1.7803,0.3322
1.2575,0.0006,0.8142,1.3300,0.3499
1.2609,0.0007,0.7945,1.1443,0.3499
1.6777,0.0005,0.6931,1.7741,0.3349
1.3380,0.0006,0.6408,1.3679,0.3349
1.4742,0.0006,0.6683,1.3172,0.3723
1.9558,0.0005,1.0611,1.9913,0.3688
1.2124,0.0004,0.8037,1.2549,0.3688
1.7880,0.0005,0.7585,1.8215,0.3389
1.4687,0.0004,0.6900,1.3117,0.3389
1.6940,0.0006,0.6952,1.8247,0.3435
1.6893,0.0004,0.7348,1.6932,0.3676
1.6273,0.0005,0.7188,1.6025,0.3603
1.8180,0.0005,0.7260,1.7245,0.3407
1.2544,0.0003,0.8255,1.1935,0.3407
1.8820,0.0005,0.6783,1.9672,0.3457
1.5749,0.0005,0.8849,1.5942,0.3848
1.7892,0.0004,0.9476,1.8356,0.3848
1.6443,0.0004,0.7478,1.6409,0.3488
1.4394,0.0005,0.6532,1.4290,0.3357
2.0384,0.0006,0.6890,1.9043,0.3414
1.6899,0.0004,0.9232,1.7848,0.3469
1.7682,0.0005,0.7943,1.7515,0.3705
1.3365,0.0004,0.7766,1.3683,0.3705
1.6325,0.0004,0.6825,1.2847,0.3400
1.9767,0.0008,0.6651,2.2211,0.3574
1.4958,0.0007,0.8512,1.3771,0.4027
1.0657,0.0004,0.9702,1.0520,0.4027
1.7615,0.0006,0.7074,1.9502,0.3491
1.1987,0.0003,0.7074,1.1714,0.3491
1.6072,0.0004,0.7217,1.3956,0.3381
2.1125,0.0004,0.8399,2.1861,0.3550
1.4006,0.0004,0.9423,1.5269,0.3550
1.8625,0.0004,0.7461,1.8368,0.3486
1.7855,0.0004,0.7358,1.7919,0.3534
1.5425,0.0006,0.7336,1.3634,0.3586
1.7235,0.0008,0.9046,1.7988,0.3586
1.5475,0.0008,0.9603,1.6010,0.3914
1.5102,0.0005,0.9234,1.1080,0.3510
1.4861,0.0006,0.9463,1.8876,0.3510
1.3674,0.0005,0.9753,1.3641,0.3763
1.6734,0.0004,0.7869,1.7017,0.3419
1.7934,0.0005,0.6987,1.7381,0.3498
1.4239,0.0005,0.7322,1.3159,0.3503
1.2308,0.0005,0.9115,1.3624,0.3503
1.9975,0.0007,0.7753,1.9693,0.3450
1.7429,0.0008,0.7989,1.5321,0.3450
2.2645,0.0009,1.1037,2.4193,0.3473
1.7469,0.0008,0.9484,1.5625,0.3573
1.8832,0.0008,1.1161,2.0759,0.3398
1.7975,0.0005,0.8963,1.8039,0.3398
1.5533,0.0004,0.9387,1.3569,0.3405
1.9088,0.0004,1.0105,2.0885,0.3508
1.8548,0.0004,1.0198,1.8304,0.3537
1.5723,0.0005,0.8515,1.5590,0.3624
1.7117,0.0007,0.8889,1.6953,0.3449
1.9033,0.0006,0.9436,1.8622,0.3816
1.4037,0.0006,1.0372,1.4456,0.3533
1.7257,0.0007,0.9239,1.6134,0.3399
1.3772,0.0007,1.0065,1.4408,0.3399
1.9597,0.0007,0.8336,1.9990,0.3532
1.6922,0.0007,0.8398,1.6869,0.3472
1.7216,0.0010,0.8711,1.7252,0.3384
1.6456,0.0005,0.8509,1.6498,0.3451
1.4220,0.0006,0.8692,1.4329,0.3451
1.7180,0.0006,0.7308,1.6712,0.3443
1.7692,0.0007,0.7981,1.3548,0.3405
1.7835,0.0009,0.9161,2.1609,0.3717
1.6881,0.0005,0.9457,1.5270,0.3492
1.6637,0.0006,0.8255,1.6902,0.3500
2.3327,0.0009,0.8428,2.4381,0.3547
1.3503,0.0006,0.8931,1.3853,0.3388
1.4066,0.0006,0.8236,1.4120,0.3388
1.8175,0.0006,0.8145,1.7735,0.3432
1.6336,0.0006,0.9322,1.6518,0.3561
1.3964,0.0007,0.8780,1.2232,0.3561
2.1548,0.0006,1.2467,2.2695,0.3790
1.4268,0.0004,1.2477,1.4596,0.3848
1.9625,0.0005,0.7776,1.9106,0.3511
1.4496,0.0004,0.7483,1.3954,0.3488
1.5611,0.0004,0.8480,1.6306,0.3387
1.7556,0.0005,0.7311,1.7560,0.3387
1.5259,0.0005,0.7216,1.3465,0.3514
1.9972,0.0005,0.7551,2.1680,0.3366
1.7649,0.0007,0.7014,1.7546,0.3393
1.5862,0.0008,0.7966,1.2537,0.3660
1.4777,0.0008,1.4262,1.5947,0.3660
2.1491,0.0007,1.1087,2.3048,0.3429
1.0881,0.0004,0.8066,1.1530,0.3429
1.8623,0.0004,0.7495,1.7979,0.3360
1.6070,0.0004,0.8356,1.6153,0.3511
1.2344,0.0003,0.8658,1.0431,0.3505
1.7195,0.0005,0.8856,1.8847,0.3481
1.3591,0.0006,0.8065,1.3655,0.3619
1.0838,0.0004,0.8532,1.1275,0.3553
1.8937,0.0005,0.7306,1.7625,0.3553
1.8897,0.0010,0.9578,1.8000,0.3536
1.9472,0.0010,1.0408,2.0462,0.3528
1.5739,0.0008,1.2899,1.6017,0.3494
1.8046,0.0010,0.8638,1.7950,0.3468
1.3644,0.0008,0.7816,1.3954,0.3447
0.9622,0.0006,0.7639,0.8371,0.3447
2.2660,0.0007,0.7038,2.3350,0.3696
0.9361,0.0004,0.7790,0.9831,0.3696
1.5818,0.0008,0.7593,1.5423,0.3458
1.6871,0.0012,0.7436,1.5822,0.3455
1.5849,0.0008,1.0559,1.6025,0.3530
1.7430,0.0008,1.1868,1.7258,0.3771
1.7630,0.0008,1.0920,1.7158,0.3694
1.8619,0.0005,0.9514,1.9806,0.3392
0.9359,0.0007,0.8853,0.9767,0.3392
1.5395,0.0006,0.7443,1.3452,0.3347
1.8400,0.0006,0.8429,1.9923,0.3372
1.3996,0.0006,0.7508,1.4302,0.3372
1.6246,0.0009,0.7069,1.5934,0.3439
1.8388,0.0006,0.7570,1.5811,0.3485
1.8000,0.0012,0.8230,1.7157,0.3627
1.5128,0.0008,1.2007,1.3781,0.3710
1.4818,0.0006,1.2974,1.9209,0.3575
1.2310,0.0007,0.8339,1.2313,0.3472
1.2203,0.0008,0.7758,1.2516,0.3472
1.5192,0.0006,0.6759,1.3775,0.3518
1.5236,0.0005,0.7473,1.6104,0.3489
1.8478,0.0006,0.7583,1.8744,0.3418
1.2018,0.0004,0.7684,0.9091,0.3418
1.5379,0.0006,0.7116,1.7495,0.3466
1.6834,0.0006,0.7049,1.4098,0.3519
2.0241,0.0008,0.7842,1.7815,0.3661
1.0357,0.0006,1.3459,1.4300,0.3661
2.3326,0.0010,0.8530,2.2893,0.3609
1.2247,0.0007,0.9911,1.4025,0.3464
1.3274,0.0004,0.7558,1.3355,0.3399
1.0342,0.0004,0.7456,1.0142,0.3399
1.7101,0.0004,0.7127,1.7084,0.3400
1.2351,0.0005,0.7796,0.9963,0.3400
1.5096,0.0005,0.7442,1.7589,0.3515
2.1652,0.0009,0.7272,1.9914,0.3272
1.2089,0.0008,1.0030,1.1344,0.3272
1.6138,0.0007,0.8788,1.7128,0.3573
1.8354,0.0007,0.9620,1.8606,0.3592
1.1660,0.0006,1.0366,1.0670,0.3592
1.6093,0.0004,0.8440,1.6334,0.3363
1.6393,0.0007,0.7561,1.6979,0.3389
1.9216,0.0006,0.7599,1.8467,0.3513
1.7381,0.0006,0.9503,1.8677,0.3698
1.4038,0.0007,0.8374,1.3970,0.3494
1.3119,0.0007,0.8374,1.1770,0.3494
1.7915,0.0008,0.7621,1.7046,0.3454
1.7633,0.0008,0.7621,1.7634,0.3467
2.2756,0.0012,0.8378,2.4224,0.3881
1.3450,0.0007,0.9615,1.3894,0.3965
1.9513,0.0006,0.8816,1.6369,0.3430
1.8561,0.0008,0.8928,2.1650,0.3418
1.5411,0.0008,0.8612,1.2543,0.3336
1.6316,0.0006,0.7983,1.8125,0.3536
1.5087,0.0006,0.9384,1.6247,0.3351
1.6598,0.0005,0.7344,1.4752,0.3422
2.2455,0.0008,0.7647,2.4166,0.3630
1.4422,0.0007,0.7481,1.4071,0.3630
1.6018,0.0007,0.8600,1.2281,0.5272
1.6178,0.0005,0.8666,1.9335,0.3618
1.4326,0.0004,0.7819,1.5183,0.3453
1.5973,0.0005,0.7019,1.3180,0.3362
1.5538,0.0005,0.7653,1.5960,0.3334
1.8220,0.0007,0.7786,1.7306,0.3390
1.8558,0.0008,0.8543,2.1274,0.3353
1.2041,0.0004,0.8011,0.9438,0.3353
1.7298,0.0007,0.7442,1.6899,0.3588
2.1106,0.0008,0.6897,2.3124,0.3678
1.3385,0.0005,0.9029,1.3965,0.3678
1.8745,0.0008,0.8683,1.6084,0.3824
1.6941,0.0007,0.7972,1.7744,0.3450
1.5112,0.0006,0.7860,1.5888,0.3334
2.2933,0.0005,0.8115,2.3868,0.3617
1.1767,0.0004,0.8410,1.2188,0.3411
1.5586,0.0005,0.7474,1.5512,0.3411
2.3883,0.0007,0.7222,2.3238,0.3568
1.1069,0.0005,0.8017,1.1769,0.3568
1.4762,0.0007,0.7448,1.4191,0.3657
1.7993,0.0008,0.8084,1.7776,0.3786
1.6460,0.0005,0.9352,1.6656,0.3817
1.8726,0.0005,0.7891,1.8515,0.3480
1.2246,0.0005,0.7844,1.2458,0.3469
1.7715,0.0003,0.8027,1.7522,0.3469
1.3771,0.0006,0.7423,1.3984,0.3565
1.3000,0.0004,0.7179,1.2852,0.3363
1.7001,0.0007,0.7082,1.3907,0.3349
1.7323,0.0005,0.7502,2.0135,0.3476
1.6614,0.0005,0.7291,1.6508,0.3476
1.5473,0.0008,0.7170,1.5125,0.3690
1.6172,0.0006,0.8494,1.6273,0.3947
1.6061,0.0004,0.8668,1.4608,0.3947
2.0749,0.0004,0.7412,2.0340,0.3365
1.8814,0.0007,0.8951,1.7129,0.3541
2.1984,0.0007,0.8442,2.5059,0.3389
1.4854,0.0008,0.8126,1.4230,0.3505
1.2699,0.0005,0.8651,1.3053,0.3554
2.0750,0.0006,0.8096,2.0470,0.3554
1.3712,0.0007,0.8286,1.4132,0.3405
1.7438,0.0010,0.8002,1.7050,0.3373
1.9430,0.0007,0.9092,1.9356,0.3453
1.6872,0.0006,0.9462,1.7404,0.3453
1.7104,0.0008,0.7898,1.6172,0.3555
1.9004,0.0007,0.7883,1.9552,0.3343
1.9135,0.0007,0.7794,1.9302,0.3343
1.7004,0.0005,0.7080,1.7101,0.3382
1.3882,0.0004,0.7160,1.3864,0.3459
1.5955,0.0003,0.6582,1.5163,0.3490
1.8785,0.0008,0.6723,1.6630,0.3363
1.5704,0.0008,0.8537,1.7236,0.3681
2.1563,0.0005,0.8606,2.1883,0.3684
1.6217,0.0006,0.8669,1.6603,0.3435
1.6632,0.0003,0.7734,1.6830,0.3497
1.7705,0.0005,0.6840,1.7469,0.3497
1.6736,0.0004,0.7232,1.6429,0.3449
1.9571,0.0004,0.6836,1.9633,0.3519
1.1526,0.0004,0.7390,1.1440,0.3609
1.2796,0.0005,0.8547,0.9283,0.3609
2.0399,0.0007,0.6185,2.0058,0.4020
1.7014,0.0006,1.2277,2.0053,0.3748
1.6611,0.0006,0.9517,1.5191,0.3556
1.7925,0.0003,0.9210,2.0013,0.3556
1.6618,0.0003,0.6684,1.6424,0.3400
1.7140,0.0005,0.6824,1.5665,0.3400
1.9650,0.0004,0.6949,2.1099,0.3352
1.7855,0.0005,0.6696,1.7576,0.3441
1.7333,0.0005,0.7124,1.7399,0.3504
1.9470,0.0009,0.7142,1.8631,0.3698
1.3013,0.0005,0.8412,1.0247,0.3698
1.9094,0.0005,0.8523,2.2346,0.3642
1.7966,0.0004,0.7561,1.8016,0.3493
1.8333,0.0005,0.7440,1.7994,0.3319
1.0306,0.0004,0.7493,1.0811,0.3319
1.7532,0.0004,0.6959,1.7050,0.3465
1.8092,0.0004,0.6623,1.8136,0.3533
1.6716,0.0003,0.7103,1.6577,0.3504
1.2652,0.0004,0.7457,1.0934,0.3504
2.1265,0.0007,0.7132,2.2113,0.3381
1.2393,0.0007,0.8568,1.2527,0.3541
1.6069,0.0006,0.9603,1.6106,0.3585
1.8786,0.0007,0.8691,1.8867,0.3442
1.3665,0.0005,0.8013,1.3692,0.3442
1.6106,0.0005,0.7977,1.4754,0.3475
2.0053,0.0005,0.8499,2.1345,0.3471
1.2595,0.0005,0.7362,1.2920,0.3471
1.6961,0.0003,0.7083,1.6103,0.3486
2.0824,0.0005,0.7109,2.1059,0.3455
1.4997,0.0007,0.7555,1.0040,0.3455
2.2228,0.0006,1.0003,2.6052,0.3659
1.9712,0.0006,0.8686,2.0543,0.3410
1.5671,0.0004,0.8162,1.5447,0.3499
1.5014,0.0004,0.7758,1.3498,0.3499
1.5018,0.0008,0.6784,1.7055,0.3446
1.3501,0.0008,0.6189,1.1355,0.3578
1.8021,0.0005,0.7220,2.0038,0.3418
1.1617,0.0006,0.7262,0.9480,0.3418
1.5248,0.0006,0.6727,1.7221,0.3525
1.6320,0.0004,0.6829,1.6304,0.3733
1.4517,0.0004,0.6853,1.2792,0.3505
1.8592,0.0004,0.7753,2.0171,0.3819
2.1398,0.0005,0.7609,2.1429,0.3562
1.3793,0.0004,0.6677,1.3747,0.3562
1.4812,0.0004,0.6261,1.4857,0.3533
1.6716,0.0003,0.6050,1.6677,0.3429
1.4581,0.0003,0.6345,1.3639,0.3429
2.1824,0.0005,0.6104,2.2238,0.3621
0.9030,0.0005,0.6414,0.7902,0.3621
1.5623,0.0005,0.6889,1.6807,0.3560
1.5133,0.0005,0.6607,1.4341,0.3560
1.7505,0.0004,0.7968,1.7904,0.3608
1.6331,0.0005,0.7802,1.6317,0.3519
1.4708,0.0004,0.7132,1.4592,0.3454
1.2534,0.0005,0.6680,1.2708,0.3454
1.8794,0.0005,0.6253,1.6480,0.3611
1.9074,0.0005,0.6558,2.1196,0.3373
1.4975,0.0005,0.6592,1.4795,0.3532
1.4711,0.0005,0.6147,1.4348,0.3610
1.5609,0.0008,0.7003,1.6231,0.3610
1.8326,0.0005,0.6113,1.5274,0.3422
1.7989,0.0007,0.6714,1.8490,0.3499
1.5976,0.0006,0.7681,1.7870,0.3720
1.2127,0.0003,0.7433,1.0642,0.3720
1.9717,0.0003,0.6467,2.1191,0.3459
1.3126,0.0004,0.6331,1.1620,0.3459
1.4082,0.0005,0.6543,1.5040,0.3447
1.3867,0.0005,0.6103,1.4623,0.3625
1.1436,0.0006,0.6229,1.1333,0.3625
1.6787,0.0005,0.6203,1.2595,0.3476
1.5080,0.0005,0.6134,1.7186,0.3405
1.5247,0.0006,0.6918,1.6818,0.3601
1.3094,0.0007,0.9022,1.2816,0.3624
1.7392,0.0005,0.7738,1.7548,0.3561
1.2920,0.0005,0.7326,1.3142,0.3528
1.4923,0.0006,0.6618,1.4842,0.3528
1.6182,0.0004,0.6352,1.6084,0.3428
1.7766,0.0003,0.6069,1.7704,0.3374
1.7170,0.0006,0.6285,1.7109,0.3481
1.9290,0.0006,0.6415,1.8228,0.3455
1.3219,0.0006,0.8680,1.3704,0.3502
0.9965,0.0009,0.7855,1.0314,0.3502
1.6102,0.0006,0.6607,1.1379,0.3651
2.0170,0.0006,1.0184,2.4165,0.3604
1.2461,0.0006,0.8538,1.2570,0.3609
1.5300,0.0004,0.7434,1.4208,0.3609
2.0187,0.0004,0.6836,2.1224,0.3522
1.5783,0.0004,0.6806,1.5919,0.3465
1.7521,0.0004,0.6394,1.6783,0.3381
2.0720,0.0004,0.6491,2.1245,0.3812
1.2646,0.0003,0.6686,1.2851,0.3508
1.3457,0.0003,0.6429,1.3580,0.3508
1.7311,0.0003,0.5825,1.7066,0.3450
1.4206,0.0007,0.5927,1.1456,0.3845
1.7382,0.0003,0.9275,1.9549,0.3661
1.6760,0.0002,0.7088,1.5756,0.3376
1.8388,0.0004,0.6518,1.9542,0.3449
1.6609,0.0004,0.6445,1.6823,0.3438
1.5075,0.0004,0.5966,1.2317,0.3440
1.2778,0.0004,0.7616,1.5320,0.3539
1.7035,0.0003,0.6431,1.4065,0.3321
1.5160,0.0005,0.6245,1.7463,0.3267
1.4738,0.0004,0.6925,1.3697,0.3435
1.5143,0.0007,0.8294,1.5619,0.3521
1.4039,0.0006,0.8544,1.3636,0.3521
1.8283,0.0005,0.8973,1.9491,0.3774
2.0090,0.0003,0.6897,1.9664,0.3272
1.2731,0.0003,0.6820,1.2783,0.3272
1.8358,0.0004,0.6502,1.8451,0.3492
1.5010,0.0004,0.6961,1.5179,0.3492
1.2531,0.0004,0.6826,1.1724,0.3575
1.6097,0.0003,0.6429,1.6448,0.3581
1.8700,0.0006,0.6558,1.8922,0.3415
1.5686,0.0004,0.6221,1.5477,0.3415
1.6680,0.0006,0.7084,1.6572,0.3417
1.7652,0.0004,0.7379,1.6167,0.3574
0.9325,0.0004,0.8228,0.9295,0.3574
1.3451,0.0004,0.6815,1.4955,0.3665
1.6498,0.0005,0.6712,1.6017,0.3624
1.8535,0.0003,0.7037,1.9011,0.3598
1.5114,0.0003,0.6565,1.5305,0.3502
1.5559,0.0004,0.5275,1.5258,0.3603
1.4032,0.0004,0.5859,1.4016,0.3592
1.8055,0.0003,0.5963,1.7326,0.3378
2.1343,0.0008,0.5687,2.1272,0.3637
0.9554,0.0005,0.7660,1.0102,0.3637
1.2938,0.0005,0.7751,1.2223,0.3587
1.7229,0.0006,0.7008,1.7360,0.3478
1.2881,0.0004,0.6975,1.2563,0.3478
1.4404,0.0004,0.7355,1.2404,0.3477
1.9004,0.0005,0.9342,2.1307,0.3414
1.1556,0.0003,0.6947,0.8232,0.3414
1.6053,0.0004,0.6595,1.9615,0.3462
1.5859,0.0002,0.6348,1.5045,0.3546
1.7969,0.0005,0.5756,1.8331,0.3510
1.4137,0.0004,0.6720,1.3829,0.3510
1.5486,0.0003,0.7489,1.1215,0.3751
1.6477,0.0003,0.7205,2.0798,0.3630
1.0346,0.0004,0.6645,0.9963,0.3630
1.8088,0.0003,0.6806,1.8787,0.3566
2.0219,0.0003,0.6182,1.8168,0.3445
1.7904,0.0004,0.6255,1.9593,0.3369
1.1492,0.0004,0.6613,1.1548,0.3369
1.9077,0.0003,0.6468,1.8231,0.3422
1.7195,0.0005,0.8030,1.7610,0.3354
1.7478,0.0004,0.7286,1.7141,0.3456
1.5230,0.0005,0.7501,1.5231,0.3567
1.1806,0.0004,0.8355,1.2184,0.3567
1.4827,0.0003,0.6955,1.3314,0.3516
1.9232,0.0004,0.7149,1.9311,0.3616
1.4462,0.0005,0.8123,1.5747,0.3568
1.0973,0.0006,0.6729,1.0980,0.3523
1.2216,0.0004,0.7129,1.2174,0.3523
1.2734,0.0004,0.8538,1.2826,0.3460
1.2700,0.0003,0.5823,1.1206,0.3593
1.8267,0.0004,0.5787,1.9436,0.3475
2.0116,0.0005,0.5985,1.9600,0.3420
1.2818,0.0006,0.7362,1.3028,0.3457
1.2695,0.0006,0.7944,1.2799,0.3931
1.7428,0.0004,0.7155,1.7155,0.3596
1.0800,0.0003,0.7510,1.1242,0.3596
1.4530,0.0004,0.6664,1.4414,0.3441
1.0467,0.0005,0.6247,1.0513,0.3483
1.3404,0.0005,0.6302,1.1444,0.3368
1.3795,0.0006,0.6971,1.4022,0.3493
1.7217,0.0005,0.8105,1.8334,0.3380
1.3048,0.0004,0.6675,1.3321,0.3439
1.0871,0.0004,0.6513,1.1005,0.3561
1.0757,0.0005,0.6338,1.0655,0.3561
1.8860,0.0007,0.6392,1.8005,0.3806
1.3826,0.0006,0.8286,1.4140,0.3698
1.0233,0.0006,0.8702,0.9293,0.3698
1.4107,0.0005,0.8595,1.3435,0.3601
1.4661,0.0005,0.6589,1.5050,0.3588
1.4172,0.0005,0.6642,1.5819,0.3608
1.6018,0.0005,0.6399,1.5763,0.3653
0.8721,0.0005,0.6758,0.8943,0.3653
1.3014,0.0007,0.7031,1.1900,0.3604
1.8106,0.0004,0.9200,1.8628,0.3622
1.2139,0.0004,0.6862,1.2289,0.3489
1.1815,0.0004,0.6628,1.0613,0.3489
1.2818,0.0004,0.6332,1.4025,0.3333
2.1506,0.0006,0.6743,2.0882,0.3980
1.3356,0.0003,0.8748,1.3588,0.3661
1.1583,0.0003,0.7315,1.2023,0.3661
1.6802,0.0004,0.6259,1.6543,0.3571
1.0530,0.0005,0.6834,1.0711,0.3571
1.2811,0.0005,0.6330,1.1081,0.3370
1.1553,0.0006,0.6555,1.3285,0.3333
1.7128,0.0004,0.7415,1.6920,0.3464
1.0687,0.0005,0.5943,1.0550,0.3464
1.7143,0.0003,0.6000,1.7341,0.3450
1.1648,0.0003,0.5915,1.1663,0.3620
1.4672,0.0005,0.5720,1.4180,0.3522
1.2594,0.0006,0.6773,1.1028,0.3522
1.4727,0.0007,0.9851,1.6243,0.3665
1.4943,0.0006,0.7086,1.3924,0.3341
1.2137,0.0004,0.7680,1.3129,0.3341
1.8347,0.0006,0.6716,1.8137,0.3462
1.5764,0.0004,0.6399,1.4471,0.3500
0.7081,0.0004,0.7805,0.7327,0.3500
1.4836,0.0004,0.6554,1.4272,0.3568
1.3558,0.0004,0.6388,1.4995,0.3538
1.5076,0.0005,0.6369,1.5102,0.3429
1.4861,0.0004,0.6470,1.2173,0.3429
1.6017,0.0006,0.6397,1.6456,0.3482
1.8824,0.0005,0.8138,2.0666,0.3794
1.4175,0.0005,0.8231,1.4440,0.3687
1.7260,0.0004,0.6579,1.6535,0.3534
1.0361,0.0003,0.7278,1.1051,0.3534
1.4215,0.0005,0.6822,1.3448,0.3595
1.6823,0.0004,0.7398,1.7164,0.3338
1.2173,0.0004,0.6772,1.2490,0.3577
1.0237,0.0003,0.6656,1.0389,0.3577
1.1550,0.0003,0.5952,1.1215,0.3457
1.3541,0.0004,0.6539,1.2142,0.3505
2.2133,0.0009,0.6703,1.8590,0.3461
1.7594,0.0008,1.2912,2.1124,0.3493
1.7272,0.0005,1.0526,1.7807,0.3505
1.4628,0.0005,0.8627,1.5071,0.3505
1.7642,0.0004,0.7009,1.5659,0.3439
1.7703,0.0004,0.7034,1.9761,0.3397
1.4661,0.0005,0.6533,1.3470,0.3397
1.2205,0.0006,0.6221,1.1734,0.3498
1.3604,0.0004,0.6085,1.3728,0.3576
1.2014,0.0004,0.6321,1.3438,0.3550
1.2972,0.0004,0.5776,1.1097,0.3469
1.7004,0.0006,0.6043,1.5039,0.3436
1.4547,0.0004,0.9329,1.7971,0.3614
1.9011,0.0004,0.7293,1.8628,0.3586
1.5332,0.0004,0.6909,1.5547,0.3676
1.1746,0.0009,0.6427,1.1722,0.3676
1.5384,0.0006,0.6455,1.5512,0.3408
1.6689,0.0004,0.5910,1.6327,0.3505
1.2063,0.0005,0.6737,1.2231,0.3485
1.0571,0.0004,0.6364,0.9848,0.3485
1.3265,0.0003,0.6180,1.2661,0.3576
1.5025,0.0004,0.6535,1.6306,0.3585
1.7621,0.0006,0.6544,1.6400,0.3351
1.4729,0.0008,1.0086,1.4679,0.3351
2.1352,0.0009,1.0255,2.1499,0.3748
1.2826,0.0008,0.8855,1.2944,0.3416
1.6274,0.0004,0.7485,1.6091,0.3416
1.4299,0.0004,0.6473,1.4376,0.3439
1.7504,0.0003,0.7121,1.6605,0.3358
1.8731,0.0003,0.7137,1.9712,0.3395
1.6490,0.0004,0.6481,1.6507,0.3494
1.0630,0.0004,0.6457,1.0616,0.3494
1.6493,0.0004,0.6582,1.6281,0.3389
1.8073,0.0005,0.6956,1.7595,0.3389
1.2871,0.0005,0.7846,1.3304,0.3776
1.3500,0.0003,0.7474,1.3263,0.3940
1.5984,0.0004,0.6718,1.5899,0.3452
1.2271,0.0004,0.6537,1.0695,0.3452
1.5153,0.0003,0.6659,1.4706,0.3525
1.4876,0.0004,0.6291,1.6848,0.3385
1.3179,0.0003,0.6348,1.1486,0.3382
2.1084,0.0005,0.6089,2.2146,0.3358
1.0758,0.0003,0.7715,1.1533,0.3358
1.6644,0.0003,0.7529,1.6484,0.3634
1.6153,0.0006,0.6007,1.1879,0.3620
1.1529,0.0008,0.9550,1.5291,0.3620
1.2985,0.0005,0.8181,1.3110,0.3572
1.5249,0.0007,0.7284,1.5275,0.3642
1.1116,0.0004,0.7026,0.8844,0.3642
1.9803,0.0006,0.6406,2.1858,0.3575
