frame_ms,scenario_ms,game_ms,render_ms,gpu_ms
2.1208,0.0008,0.7725,2.1481,0.3571
23.8387,0.0010,19.0329,1.8252,0.3542
1.8348,0.0005,3.9194,1.8252,0.3542
1.5177,0.0009,1.7572,2.4544,0.3542
1.6035,0.0008,1.2658,1.7052,0.4446
2.1183,0.0009,1.0261,1.8636,0.4474
1.7686,0.0010,1.3341,1.6637,0.6153
1.1776,0.0005,1.5318,1.5702,0.4832
2.0347,0.0005,1.0632,1.8029,0.4407
1.3735,0.0007,1.1512,1.6106,0.4502
1.0705,0.0004,0.9449,0.8893,0.4502
2.3793,0.0006,1.0428,2.4551,0.4266
1.7281,0.0006,1.0485,1.8308,0.4401
1.4440,0.0005,0.8997,1.5488,0.4539
1.3592,0.0006,0.8202,1.3511,0.4539
1.5847,0.0006,0.8453,1.2996,0.3363
1.6161,0.0008,1.0843,1.5786,0.3528
1.9574,0.0007,0.9475,2.0508,0.3656
1.5362,0.0004,1.2502,1.7220,0.3550
2.1488,0.0007,0.9447,2.0566,0.3551
1.6804,0.0004,1.0944,1.6858,0.3521
2.0526,0.0006,1.0255,1.8776,0.3583
1.3899,0.0009,1.2506,1.6290,0.3471
1.4614,0.0007,0.9578,1.4299,0.3455
1.7862,0.0006,0.8913,1.7065,0.3455
1.6056,0.0008,0.9231,1.6716,0.3515
1.3101,0.0009,0.8231,1.2040,0.3515
2.3152,0.0009,0.8612,2.4036,0.3328
1.6775,0.0008,0.8373,1.6292,0.3328
1.7276,0.0005,0.8487,1.4905,0.3524
1.5953,0.0005,1.0978,1.7969,0.3488
1.6932,0.0005,0.8599,1.4622,0.3349
1.9254,0.0003,1.0409,2.2194,0.3531
1.8505,0.0008,0.7951,1.7196,0.3490
1.3236,0.0003,0.9370,1.4767,0.3721
1.2861,0.0004,0.7036,1.2651,0.3721
1.9971,0.0008,0.7186,1.5948,0.3872
1.2990,0.0004,1.2803,1.3694,0.3448
1.9683,0.0005,1.1078,2.2507,0.3610
1.2684,0.0003,0.8025,1.1494,0.3504
1.8760,0.0003,0.9763,1.9874,0.3418
1.6645,0.0003,0.8082,1.6563,0.3620
1.2526,0.0003,0.7854,1.1863,0.3620
1.6483,0.0005,0.8981,1.6646,0.3568
1.8612,0.0004,0.9358,1.5983,0.3465
1.7509,0.0008,0.9528,1.7825,0.3467
2.0870,0.0008,1.1855,2.0056,0.3563
1.5146,0.0008,1.4721,1.8397,0.3406
1.7637,0.0004,0.8882,1.4042,0.3474
2.0425,0.0006,0.9718,2.3558,0.3529
1.4217,0.0005,0.9164,1.4911,0.3487
1.3402,0.0004,0.7191,1.3509,0.3487
1.8744,0.0005,0.7526,1.8508,0.3379
1.5979,0.0007,0.8196,1.1432,0.3437
1.7814,0.0006,0.7288,1.9591,0.3409
1.6721,0.0008,0.8523,1.6855,0.3530
1.6632,0.0007,1.0663,1.7569,0.3711
1.9677,0.0005,1.1336,1.9999,0.3640
1.4762,0.0005,1.0280,1.5163,0.3616
1.0451,0.0006,0.8503,0.8394,0.3602
1.3917,0.0004,1.0496,1.4292,0.3602
1.3071,0.0005,0.9125,1.3440,0.3546
1.6435,0.0006,0.8494,1.6388,0.3529
1.2514,0.0004,0.8713,1.3798,0.3403
1.5161,0.0005,0.7684,1.4782,0.3625
1.4332,0.0004,0.7901,1.4002,0.3516
1.1051,0.0004,0.8124,1.1425,0.3516
1.6973,0.0007,0.8639,1.6968,0.3589
2.0468,0.0006,0.9096,1.9695,0.3653
1.2839,0.0003,1.0653,1.4366,0.3584
1.5633,0.0003,0.9941,1.5464,0.3584
1.6718,0.0003,0.7642,1.6514,0.3498
1.3898,0.0006,0.7675,1.1651,0.3442
2.0900,0.0005,0.7549,2.2721,0.3559
1.1649,0.0005,0.8851,0.8792,0.3559
1.3147,0.0005,1.0739,1.2020,0.3585
1.6439,0.0006,0.7394,1.9079,0.3364
1.6186,0.0007,0.7937,1.7614,0.3472
2.0106,0.0007,0.9402,1.8796,0.3693
1.1908,0.0008,1.0172,1.3431,0.3473
1.9979,0.0006,0.7401,1.3647,0.3473
1.7898,0.0007,0.7339,2.0688,0.3601
1.6916,0.0005,0.7744,1.7027,0.3422
1.6248,0.0005,0.7562,1.7878,0.3386
1.9870,0.0006,0.7589,2.1164,0.3406
1.5825,0.0005,0.7944,1.5816,0.3426
1.9571,0.0005,0.8056,1.8998,0.3411
2.0274,0.0006,0.9909,1.9389,0.3674
1.5892,0.0005,1.1064,1.5854,0.3895
1.3077,0.0005,0.9882,1.4352,0.3400
1.7785,0.0005,0.7098,1.7552,0.3400
1.6240,0.0007,0.7228,1.4202,0.3465
1.5019,0.0006,1.0539,1.5640,0.3465
1.7038,0.0004,0.9222,1.7406,0.3669
1.4212,0.0004,0.7016,1.3223,0.3475
2.0466,0.0006,0.7545,2.1706,0.3421
1.5918,0.0005,0.8319,1.4771,0.3505
2.1253,0.0008,0.8363,2.1558,0.5316
1.3741,0.0006,0.9786,1.4750,0.3501
1.2760,0.0004,0.8728,1.2889,0.3501
1.8842,0.0008,0.7413,1.8730,0.3460
1.2996,0.0005,0.7561,1.2265,0.3552
2.0748,0.0004,0.8171,2.1236,0.3420
1.0949,0.0003,0.6776,1.1469,0.3420
1.1316,0.0004,0.6789,1.1176,0.3468
1.6424,0.0005,0.7860,1.4764,0.3407
1.4928,0.0005,0.8775,1.4519,0.3407
1.7976,0.0010,0.8903,1.5303,0.3439
1.4985,0.0010,1.0446,1.8473,0.3439
1.5106,0.0007,0.9798,1.5331,0.3679
1.5729,0.0007,0.9331,1.6163,0.3679
1.4407,0.0005,0.7707,1.3061,0.3417
1.4602,0.0004,0.8247,1.6032,0.3348
1.8047,0.0003,0.8735,1.8079,0.3335
1.7807,0.0006,0.6233,1.7484,0.3545
1.4393,0.0005,0.7231,1.2231,0.3545
2.5466,0.0007,0.7769,2.5500,0.3463
0.8293,0.0006,0.9698,0.8895,0.3591
1.6119,0.0005,0.8183,1.7146,0.3591
1.8166,0.0006,0.9094,1.7778,0.3725
0.9622,0.0004,0.7789,1.0046,0.3725
1.6894,0.0004,0.7374,1.4598,0.3578
2.0217,0.0004,0.6718,2.2312,0.3441
1.2313,0.0004,0.7758,1.2610,0.3441
1.2485,0.0005,0.6853,1.0959,0.3462
2.0471,0.0006,0.7917,2.1340,0.3504
1.5350,0.0004,0.7904,1.5967,0.3504
1.5339,0.0004,0.6190,1.5022,0.3421
1.7768,0.0006,0.6309,1.7816,0.3515
1.5865,0.0008,0.6923,1.5134,0.3627
1.5761,0.0006,1.1508,1.4541,0.3627
1.8103,0.0006,1.1172,1.7861,0.3634
1.9098,0.0006,0.7422,1.9776,0.3320
1.4247,0.0005,0.8363,1.4289,0.3451
1.7247,0.0006,0.8115,1.5244,0.3572
1.9041,0.0008,0.8742,1.8107,0.3400
1.6488,0.0006,1.0554,1.9988,0.3572
1.1843,0.0007,0.8200,1.1969,0.3572
1.4262,0.0005,0.8427,1.4564,0.3575
1.7185,0.0005,0.9149,1.4138,0.3469
1.6219,0.0006,0.9257,1.8658,0.9841
1.6781,0.0003,0.7990,1.5384,0.3569
1.6829,0.0005,0.8336,1.8135,0.3463
1.2920,0.0003,1.0539,1.3213,0.3399
1.4673,0.0005,0.7607,1.2706,0.3399
1.8755,0.0007,0.9165,2.0307,0.3550
1.5939,0.0006,0.8413,1.5994,0.3509
1.7739,0.0005,0.8856,1.5776,0.3447
1.2718,0.0006,1.0209,1.4379,0.3447
1.5619,0.0005,0.7189,1.3119,0.3484
1.9424,0.0006,0.8531,1.8924,0.3735
1.2641,0.0004,1.1168,1.3388,0.3566
1.6696,0.0005,0.9424,1.7110,0.3566
1.5620,0.0007,0.7487,1.4632,0.3452
1.7745,0.0007,0.8762,1.9682,0.3558
1.7372,0.0006,1.2953,1.6862,0.3446
1.8432,0.0004,0.8977,1.8829,0.3446
1.6090,0.0006,0.7916,1.4142,0.3403
1.9271,0.0005,0.9885,2.1114,0.3387
1.4924,0.0007,0.8471,1.4491,0.3418
1.8841,0.0006,0.7605,1.9371,0.5227
1.4413,0.0003,0.8262,1.3317,0.3660
1.2106,0.0008,0.9807,0.9837,0.3562
2.0561,0.0006,0.9818,2.1988,0.3404
0.9314,0.0006,0.9716,1.1044,0.3404
1.7218,0.0006,0.8006,1.7180,0.3565
1.8494,0.0006,0.7261,1.8609,0.3453
1.5288,0.0006,0.7136,1.5432,0.3453
1.5750,0.0007,0.6472,1.4777,0.3438
1.2383,0.0004,0.7729,1.2869,0.3438
1.4741,0.0006,0.7777,1.2221,0.3545
1.7359,0.0008,0.9246,1.6679,0.5134
1.6131,0.0005,1.2003,1.9387,0.3465
1.4380,0.0005,0.7430,1.1682,0.3465
1.9133,0.0005,0.8896,2.0693,0.3371
1.4206,0.0003,0.7514,1.5209,0.3371
1.5010,0.0003,0.6512,1.4705,0.3564
1.6804,0.0005,0.6580,1.6942,0.3455
1.2164,0.0008,0.6880,1.2412,0.3400
1.4937,0.0004,0.6259,1.2356,0.3525
1.7117,0.0004,0.7672,1.8030,0.3701
1.3096,0.0003,0.8330,1.1558,0.3701
1.5256,0.0004,0.7736,1.6523,0.8636
1.5886,0.0005,0.6613,1.5417,0.3833
1.7881,0.0004,0.7056,1.5129,0.3409
1.3749,0.0004,0.8269,1.4782,0.3409
1.8384,0.0004,0.6633,2.1662,0.3453
1.0759,0.0003,0.7554,0.8983,0.3557
1.3447,0.0003,1.0060,1.5731,0.3584
1.2050,0.0003,0.7113,1.2079,0.3388
1.1032,0.0003,0.7907,1.0989,0.3616
1.3050,0.0004,0.7715,0.9633,0.3812
1.2455,0.0003,0.7461,1.5759,0.3812
1.4351,0.0009,0.5923,1.1625,0.3480
1.9780,0.0012,0.7760,2.1419,0.3696
1.1901,0.0006,0.8663,1.2385,0.3696
1.9156,0.0005,0.7392,1.8894,0.3423
1.3423,0.0007,0.7235,1.1872,0.3423
1.7844,0.0005,0.7607,1.9590,0.3508
1.8766,0.0004,0.6425,1.8508,0.3439
1.2010,0.0004,0.6544,1.0664,0.3439
1.4097,0.0003,0.6643,1.3967,0.3539
1.8451,0.0003,0.6792,1.9522,0.3423
1.9040,0.0006,0.7813,1.5950,0.3684
1.1843,0.0009,1.2003,1.5071,0.3684
1.6407,0.0005,0.8890,1.6583,0.3737
1.7830,0.0005,0.7750,1.6316,0.3340
1.9303,0.0003,0.7504,1.9209,0.3500
1.9392,0.0004,0.6790,1.9204,0.3357
1.8219,0.0003,0.8345,1.9686,0.3357
1.8790,0.0003,0.6732,1.8840,0.3475
1.7159,0.0003,0.6875,1.6060,0.3385
1.8348,0.0004,0.7776,1.9074,0.3476
1.1622,0.0007,0.9330,1.0429,0.3476
1.8214,0.0004,1.2387,1.8075,0.3535
1.6615,0.0005,1.0025,1.7572,0.3535
1.2324,0.0005,0.7020,1.2780,0.3441
1.4996,0.0003,0.6572,1.2974,0.3381
1.5170,0.0005,0.6347,1.5087,0.3716
1.4625,0.0003,0.7833,1.4498,0.3716
1.8398,0.0002,0.6678,2.0333,0.3494
1.3335,0.0003,0.7245,1.1382,0.3307
1.5544,0.0003,0.5877,1.5644,0.3579
1.4373,0.0005,0.7007,1.5135,0.3494
1.4073,0.0008,0.7430,1.3689,0.3582
1.7097,0.0008,1.1330,1.6500,0.5378
2.2745,0.0009,0.8464,2.2937,0.3446
1.7905,0.0006,0.9772,1.8711,0.3446
1.5598,0.0004,0.7784,1.6134,0.3484
1.2660,0.0003,0.6470,1.2847,0.3484
1.8289,0.0004,0.6152,1.6955,0.3366
1.4863,0.0004,0.7271,1.5119,0.3409
1.7583,0.0006,0.6813,1.6610,0.3456
1.5620,0.0006,0.6749,1.5808,0.3535
1.7258,0.0006,0.6802,1.3180,0.3510
1.3280,0.0006,1.2190,1.5230,0.3504
1.8174,0.0004,1.0654,2.1148,0.3472
1.4958,0.0007,0.6263,1.4561,0.3585
1.3894,0.0005,0.7245,1.3970,0.3536
1.2648,0.0003,0.8268,1.0331,0.3639
1.4730,0.0003,0.9458,1.4580,0.3474
1.3670,0.0005,0.9744,1.2843,0.3705
1.6059,0.0007,0.8046,1.9896,0.3705
2.0520,0.0004,0.6267,1.9992,0.3615
1.5088,0.0005,0.7865,1.5086,0.3435
1.7082,0.0006,0.8942,1.2877,0.9555
1.2721,0.0004,1.2436,1.4482,0.9555
1.4125,0.0004,0.9155,1.3997,0.3517
1.6480,0.0004,0.8271,1.5233,0.3556
1.5260,0.0004,0.9017,1.9256,0.3436
1.3286,0.0003,0.6190,1.1624,0.3632
1.3158,0.0004,0.7555,1.4786,0.3632
1.8017,0.0003,0.5758,1.7961,0.3472
1.2363,0.0003,0.5797,1.1273,0.3398
1.4342,0.0002,0.6441,1.4603,0.3666
1.4311,0.0004,0.5594,1.4781,0.3544
1.6933,0.0009,0.6127,1.6325,0.3638
1.5997,0.0007,0.8837,1.2666,0.3684
1.1161,0.0007,0.9064,1.4472,0.3684
1.1997,0.0006,0.6908,1.2539,0.3557
1.3921,0.0005,0.6353,1.1316,0.3468
1.3139,0.0004,0.7140,1.5566,0.3650
1.2671,0.0003,0.6548,1.1405,0.3625
1.0888,0.0005,0.7938,1.2123,0.3625
1.6404,0.0004,0.6181,1.5993,0.3456
1.6240,0.0004,0.7117,1.6221,0.3635
0.8346,0.0005,0.7133,0.8625,0.3635
1.4622,0.0004,0.6542,1.2337,0.3434
1.2792,0.0004,0.9420,1.3100,0.3434
2.3162,0.0005,0.7211,2.4823,0.3806
1.1105,0.0003,0.7040,1.1155,0.3717
0.9800,0.0005,0.6559,0.9633,0.3717
1.3125,0.0004,0.6694,1.1322,0.3503
1.3389,0.0002,0.7493,1.4766,0.3467
1.0957,0.0003,0.7608,1.1138,0.3433
1.1936,0.0004,1.0998,1.0854,0.3553
1.6189,0.0002,0.9245,1.7224,0.3396
1.6068,0.0004,0.6705,1.5629,0.3756
1.2025,0.0003,0.7952,0.8632,0.3756
1.3742,0.0006,0.7552,1.6092,0.3480
1.3095,0.0004,0.8666,1.2159,0.3480
2.1740,0.0007,1.0037,2.0239,0.3680
1.2133,0.0005,0.9746,1.4987,0.3680
1.5182,0.0003,0.8244,1.4260,0.3664
1.0012,0.0003,0.9633,1.0098,0.3664
1.3954,0.0004,0.7646,1.4121,0.3567
1.5139,0.0003,0.6034,1.4635,0.3526
1.1150,0.0003,0.8113,1.2843,0.3526
1.3018,0.0003,0.6837,1.3142,0.3568
1.0977,0.0003,0.7565,1.0633,0.3568
1.4114,0.0004,0.6044,1.1892,0.3431
0.9836,0.0003,0.7303,1.1649,0.3431
1.2587,0.0005,0.8720,1.3296,0.3430
1.7123,0.0006,0.6048,1.4691,0.3483
1.5125,0.0005,0.7223,1.6785,0.3800
1.2908,0.0004,0.7807,1.1782,0.3800
1.4503,0.0007,0.6772,1.4668,0.3519
1.4696,0.0004,0.7948,1.4787,0.3532
1.2882,0.0006,0.8829,1.3831,0.3532
1.7290,0.0005,0.9130,1.7329,0.3599
1.2682,0.0005,0.6915,1.0490,0.3595
1.5023,0.0005,0.6582,1.6240,0.3561
1.5655,0.0004,0.7332,1.6300,0.3507
1.0970,0.0003,0.6634,0.9822,0.3507
1.2819,0.0004,0.7254,1.0865,0.3428
1.8145,0.0006,0.6827,1.9888,0.3700
1.3627,0.0004,0.9282,1.2482,0.3454
1.5147,0.0004,0.9678,1.4281,0.3555
1.2086,0.0004,0.9006,1.3340,0.3555
2.1173,0.0005,0.8363,2.2488,0.3408
1.2725,0.0004,0.7825,1.1949,0.3661
0.9394,0.0005,0.8337,0.9862,0.3661
1.7174,0.0004,0.8345,1.4522,0.3333
1.0541,0.0006,0.8239,1.3839,0.3465
1.1033,0.0004,1.0260,1.0397,0.3465
1.2806,0.0004,0.9592,1.2234,0.3597
1.1835,0.0005,1.0362,1.1934,0.3597
1.6192,0.0005,0.9156,1.6577,0.3536
1.3506,0.0004,0.7581,1.3744,0.3542
1.5485,0.0006,0.7299,1.5335,0.3378
1.2138,0.0003,0.6622,1.1676,0.3378
1.2848,0.0005,0.6553,1.3635,0.3426
1.0760,0.0002,0.6274,1.0846,0.3414
1.5823,0.0002,0.5996,1.5946,0.3455
1.2907,0.0003,0.6889,0.9751,0.3470
1.2297,0.0002,0.8325,1.3580,0.3470
1.6862,0.0005,0.5996,1.8468,0.3603
0.8676,0.0003,0.6452,0.7881,0.3603
1.8759,0.0005,0.7413,1.9457,0.3410
1.2466,0.0004,0.6634,1.2086,0.3580
1.8136,0.0008,0.8965,1.4594,0.3736
1.4249,0.0006,0.8979,1.7110,0.3736
1.5290,0.0005,0.8203,1.4411,0.3677
1.6302,0.0006,1.0567,1.4509,0.3435
1.9241,0.0006,0.7835,2.2231,0.3405
1.8005,0.0004,0.8542,1.6841,0.3511
1.2885,0.0006,0.8652,1.4157,0.3492
1.1508,0.0004,0.7511,0.9489,0.3492
1.7168,0.0004,0.6217,1.5776,0.3430
1.3835,0.0005,0.7275,1.3073,0.3430
1.5835,0.0003,0.7642,1.7501,0.3713
2.0005,0.0005,1.1668,1.8597,0.3936
1.9229,0.0008,0.9298,2.2145,0.3299
1.2379,0.0005,0.8449,1.1959,0.3299
1.9975,0.0004,0.7316,2.0639,0.3374
1.5468,0.0004,0.6655,1.3044,0.3356
1.3745,0.0005,0.6834,1.6208,0.3529
1.3129,0.0006,0.6286,1.3175,0.3459
1.1045,0.0008,0.7436,0.8882,0.3459
1.6370,0.0004,0.7838,1.8367,0.3686
1.5960,0.0007,0.6198,1.1974,0.3444
1.6868,0.0008,1.1197,1.7826,0.3749
1.1696,0.0007,1.4134,1.1714,0.3749
1.4993,0.0004,0.9608,1.7759,0.3438
1.6217,0.0004,0.6709,1.6499,0.3384
1.2788,0.0004,0.6169,1.2708,0.3539
1.5874,0.0005,0.6347,1.5746,0.3550
1.4590,0.0004,0.5946,1.2793,0.3369
1.4182,0.0005,0.6836,1.5254,0.3502
1.1558,0.0003,0.7607,1.0253,0.3501
1.0693,0.0004,0.9168,1.2606,0.3606
1.4414,0.0003,0.5867,1.4349,0.3475
1.9292,0.0009,0.5927,1.3627,0.3475
2.4109,0.0007,1.0760,2.7196,0.3820
0.9808,0.0005,1.1495,1.1205,0.3820
1.7756,0.0004,0.8116,1.8082,0.3400
1.3619,0.0003,0.7513,1.3876,0.3400
1.4889,0.0004,0.7455,1.4966,0.3343
1.3862,0.0004,0.6027,1.1941,0.3343
1.3692,0.0004,0.6349,1.4286,0.3333
1.2765,0.0004,0.6642,1.2875,0.3582
1.2730,0.0005,0.6245,1.2391,0.3575
0.9243,0.0004,0.7690,1.0688,0.3575
1.7905,0.0008,0.6277,1.7012,0.3493
1.4320,0.0003,0.8230,1.4392,0.3493
1.5215,0.0002,1.0938,1.3782,0.3688
1.5068,0.0004,0.8416,1.4943,0.3599
2.0847,0.0004,0.6671,2.1759,0.3410
1.0681,0.0005,0.7257,1.1020,0.3410
1.7607,0.0007,0.6470,1.6899,0.3641
1.4177,0.0005,0.7732,1.5155,0.3522
1.2714,0.0005,0.8198,1.3012,0.3387
1.6658,0.0006,0.8349,1.5421,0.3397
1.1478,0.0005,0.7957,1.2325,0.3500
1.7607,0.0008,0.9145,1.1752,0.3589
1.4909,0.0004,1.2201,2.0615,0.3671
1.6043,0.0003,1.1295,1.6199,0.3423
1.1876,0.0004,0.7568,1.1799,0.3423
1.4824,0.0003,0.6487,1.3704,0.3431
1.2138,0.0004,0.7877,1.2689,0.3431
1.3693,0.0004,0.6863,1.1605,0.3462
1.3105,0.0004,0.6913,1.3388,0.3462
1.6902,0.0002,0.8447,1.9120,0.3408
1.2799,0.0004,0.5768,1.2101,0.3344
0.9796,0.0003,0.6962,0.8713,0.3344
1.9608,0.0005,0.6161,1.9272,0.3535
1.0001,0.0005,0.8970,0.9184,0.3535
1.7798,0.0006,0.7445,1.9903,0.5284
1.1755,0.0003,0.8122,1.0189,0.3537
1.7557,0.0003,0.8455,1.9673,0.3527
1.6050,0.0003,0.6187,1.5825,0.3436
1.4198,0.0004,0.6518,1.2601,0.3352
1.4063,0.0003,0.9156,1.5661,0.3391
1.3319,0.0004,0.7926,0.9844,0.3504
1.0455,0.0003,0.8116,1.3562,0.3504
1.4134,0.0005,0.9378,1.2823,0.3469
1.7974,0.0006,0.9234,1.6262,0.3542
1.8125,0.0005,0.8361,2.0501,0.3386
1.3972,0.0005,0.7872,1.0088,0.3652
0.9429,0.0009,1.1987,1.1831,0.3652
1.3918,0.0004,0.8430,1.5627,0.3648
1.2197,0.0007,0.6055,1.2284,0.3688
1.3973,0.0004,0.6611,1.1624,0.3394
1.4220,0.0005,0.7000,1.6596,0.3356
0.9936,0.0004,0.7884,0.9971,0.3356
1.3823,0.0003,0.6728,1.3831,0.3693
1.6009,0.0006,0.7225,1.5720,0.3409
1.6749,0.0005,0.9189,1.6316,0.3356
1.4102,0.0004,0.7639,1.4719,0.3356
1.7200,0.0006,0.7835,1.2141,0.3489
1.7078,0.0007,0.7480,2.1378,0.3635
1.2908,0.0005,0.8912,1.3502,0.3773
1.3870,0.0004,0.6961,1.1407,0.3551
1.2173,0.0005,0.7453,1.4504,0.3409
1.6829,0.0004,0.9835,1.6846,0.3547
1.7998,0.0004,0.7060,1.6926,0.3495
1.4408,0.0003,0.8571,1.5320,0.3495
1.5601,0.0006,0.6474,1.4994,0.3551
1.2407,0.0004,0.7081,0.8777,0.3551
1.4552,0.0005,0.6892,1.8601,0.3598
1.2071,0.0004,0.6269,1.0081,0.3598
1.5903,0.0005,0.6369,1.6016,0.3569
1.9024,0.0004,0.9874,1.9597,0.3677
1.1338,0.0003,0.8515,1.2013,0.3676
1.6005,0.0004,0.7562,1.2665,0.3388
1.7230,0.0004,0.7674,2.0498,0.3514
1.3918,0.0004,0.6495,1.3815,0.3533
0.9972,0.0003,0.7100,0.9103,0.3533
1.4962,0.0005,0.6518,1.5946,0.3354
1.7144,0.0005,0.6695,1.3695,0.3437
1.8473,0.0003,0.8491,2.1596,0.3474
1.4910,0.0005,0.7838,1.3552,0.3499
1.2108,0.0006,0.8067,1.1008,0.3499
1.6464,0.0005,0.7530,1.5147,0.3800
1.6681,0.0006,0.7218,2.0432,0.3423
1.7004,0.0004,0.6998,1.6840,0.3491
1.3722,0.0006,0.6478,1.1106,0.3491
1.7910,0.0005,0.7177,1.7260,0.3413
1.0233,0.0004,0.8788,1.2873,0.3413
1.1853,0.0004,1.0707,1.0526,0.3591
1.3143,0.0004,0.8495,1.4935,0.3600
1.7699,0.0004,0.7643,1.2976,0.3391
1.0065,0.0004,0.8576,1.4600,0.3391
1.5435,0.0007,0.6327,1.1609,0.3532
1.8417,0.0005,0.8899,1.7892,0.3641
1.1856,0.0003,0.9655,1.5804,0.3622
1.2416,0.0004,0.7130,1.2610,0.3622
1.2726,0.0004,0.6197,1.1724,0.3542
1.4307,0.0004,0.6737,1.5067,0.3559
1.4173,0.0003,0.9541,1.4395,0.3592
1.2006,0.0003,0.6840,1.2101,0.3402
1.1808,0.0003,0.6186,1.0303,0.3616
1.3283,0.0003,0.7501,1.4681,0.3626
0.8332,0.0004,0.6411,0.8550,0.3626
1.1396,0.0004,0.5599,1.0460,0.3499
1.4826,0.0003,0.5633,1.5411,0.3646
1.1192,0.0007,0.6297,1.0944,0.3646
1.9436,0.0007,0.7328,1.4522,0.3713
1.0483,0.0004,1.2595,1.1213,0.3713
1.3281,0.0003,0.9547,1.6307,0.3457
1.1569,0.0005,0.8814,1.0500,0.3421
1.2459,0.0007,0.9643,1.2556,0.3385
1.1143,0.0006,0.8841,1.3212,0.3385
1.3338,0.0005,0.5913,1.1999,0.3475
1.3615,0.0005,0.6249,1.4110,0.3477
1.4571,0.0006,0.8225,1.3558,0.3446
1.2321,0.0007,1.0996,1.3753,0.3532
0.8130,0.0005,0.8310,0.8289,0.3532
1.1384,0.0005,0.6505,1.1328,0.3539
1.6979,0.0009,0.6140,1.5858,0.3796
1.2904,0.0008,0.8293,1.3345,0.3796
1.1900,0.0007,1.0977,1.1442,0.3811
1.4677,0.0007,0.8998,1.5210,0.3559
1.2818,0.0006,0.7865,1.2928,0.3502
1.3960,0.0006,0.7250,1.3980,0.3523
1.1056,0.0004,0.6859,1.0852,0.3383
1.4626,0.0007,0.7294,1.1640,0.3597
1.4638,0.0005,0.9897,1.6437,0.3585
1.2405,0.0006,0.8719,1.3734,0.3585
1.2257,0.0005,0.8132,1.1971,0.3426
1.1973,0.0003,0.7665,1.0831,0.3517
1.3008,0.0003,0.7537,1.3426,0.3437
1.5215,0.0005,0.6487,1.5360,0.3497
1.4412,0.0005,1.1360,1.3969,0.3837
1.6265,0.0005,0.9524,1.3500,0.3705
1.0426,0.0006,1.3841,1.4105,0.3705
1.6040,0.0003,0.7033,1.2467,0.3368
1.4347,0.0003,0.8593,1.6454,0.3508
0.9895,0.0003,0.7985,1.1438,0.3508
1.3246,0.0005,0.6478,1.3106,0.3451
1.9193,0.0003,0.6763,1.7932,0.3426
1.2476,0.0005,0.7473,1.1852,0.3426
1.3068,0.0004,0.6932,1.4956,0.3508
1.4059,0.0005,0.6384,1.1599,0.3497
1.4668,0.0007,0.9449,1.5237,0.3475
1.7635,0.0008,1.1049,1.7542,0.3464
1.1206,0.0006,0.9359,0.9885,0.3547
0.9649,0.0004,0.9480,1.2901,0.3547
1.3675,0.0004,0.5953,1.3454,0.3459
1.4081,0.0003,0.6045,1.1593,0.3495
1.5677,0.0004,0.5909,1.5283,0.3390
1.4073,0.0003,0.7129,1.6945,0.3476
0.9323,0.0003,0.5994,0.8752,0.3476
1.1679,0.0003,0.5710,1.2235,0.3432
1.4076,0.0004,0.5777,1.3092,0.3578
1.7666,0.0004,0.6964,1.8286,0.3528
1.1241,0.0005,0.6118,0.7709,0.3528
1.5573,0.0005,0.8301,1.7776,0.3666
1.8192,0.0005,0.8406,1.9253,0.3607
1.6293,0.0004,0.6486,1.3930,0.3374
1.1810,0.0006,0.8303,1.3372,0.3374
1.4329,0.0005,0.7895,1.4267,0.3514
0.9509,0.0004,0.7732,1.0560,0.3514
1.1087,0.0003,0.6545,1.0978,0.3539
1.3521,0.0003,0.7109,1.2510,0.3645
1.4767,0.0005,0.6214,1.3676,0.3643
1.2704,0.0004,0.6105,1.4649,0.3424
1.2411,0.0005,0.6484,1.0774,0.3454
1.7155,0.0007,0.6537,1.5690,0.3389
1.7919,0.0006,0.7769,1.9182,0.6515
1.5874,0.0006,0.8048,1.4900,0.3509
1.4726,0.0003,0.8719,1.7106,0.3730
1.4190,0.0005,0.7898,1.1329,0.3730
1.6449,0.0006,0.7774,1.6425,0.3574
1.7000,0.0006,0.7220,1.9842,0.3467
1.4079,0.0003,0.7288,0.9466,0.3467
1.4100,0.0006,0.8190,1.7597,0.3478
1.2550,0.0006,0.7673,1.3681,0.3441
1.3789,0.0005,0.6164,1.2018,0.3537
1.0918,0.0005,0.8024,1.1675,0.3537
1.9632,0.0009,0.7969,1.5288,0.3673
1.2476,0.0005,1.2495,1.7006,0.3673
1.4213,0.0003,0.8860,1.1684,0.3445
1.3576,0.0004,0.7790,1.4145,0.3472
2.0547,0.0003,0.6563,2.2634,0.3478
1.4207,0.0004,0.6225,1.3577,0.3301
0.9989,0.0003,0.6435,0.9040,0.3301
1.4277,0.0002,0.6322,1.4750,0.3498
1.8082,0.0003,0.7581,1.7758,0.3551
1.7018,0.0004,0.7578,1.7370,0.3474
1.1143,0.0006,0.8607,1.1457,0.3474
1.3784,0.0008,0.8263,1.1992,0.3534
1.6381,0.0005,0.6712,1.3096,0.3586
1.2755,0.0003,0.9172,1.6960,0.3586
1.5193,0.0007,0.8015,1.5398,0.3470
1.7799,0.0005,0.7147,1.7583,0.3421
1.6165,0.0004,0.7173,1.7057,0.3436
1.1478,0.0003,0.5805,1.1396,0.3436
1.0987,0.0004,0.6170,1.1132,0.3508
1.7623,0.0006,0.6322,1.7358,0.3409
1.4811,0.0008,0.6696,1.2443,0.3436
1.5501,0.0004,0.7429,1.5245,0.3590
1.7633,0.0006,0.7421,1.9161,0.3906
1.7827,0.0005,0.9235,1.5908,0.3537
1.1439,0.0005,1.1258,1.3278,0.3537
1.8043,0.0008,1.0718,1.8003,0.3588
1.8274,0.0007,0.8049,1.6277,0.3490
1.3481,0.0005,1.2454,1.0799,0.3599
1.3000,0.0004,1.2203,1.6326,0.3599
1.5824,0.0005,1.0542,1.6339,0.3488
1.6759,0.0007,1.0084,1.6636,0.3488
1.6287,0.0006,0.9032,1.7030,0.3569
1.6300,0.0005,0.8760,1.6048,0.3569
1.7846,0.0004,0.9127,1.6770,0.3475
1.7841,0.0004,0.9581,1.9181,0.3405
1.3076,0.0006,0.8798,1.1899,0.3405
2.3497,0.0006,1.0778,2.3222,0.3525
1.1055,0.0006,0.9938,1.2472,0.3576
1.9477,0.0006,0.8670,1.9095,0.3529
1.1312,0.0005,0.7590,1.1867,0.3529
1.7055,0.0003,0.7738,1.6726,0.3443
1.4373,0.0004,0.7849,1.3584,0.3571
1.3640,0.0004,0.9109,1.4461,0.3419
2.4433,0.0011,0.8961,2.0017,0.3709
1.1465,0.0006,1.2999,1.4587,0.3540
1.6276,0.0005,1.0434,1.7007,0.3496
1.8887,0.0005,0.7997,1.8808,0.3624
1.4647,0.0003,0.7294,1.3708,0.3461
1.5312,0.0006,0.8487,1.5900,0.3461
1.5565,0.0005,0.8518,1.5636,0.3911
1.5627,0.0004,0.8211,1.4522,0.3468
1.8732,0.0007,0.8939,1.9513,0.3563
1.5765,0.0006,0.9302,1.5878,0.3373
2.6262,0.0009,1.1015,2.3335,0.5546
1.3077,0.0009,1.2291,1.5595,0.3694
1.6162,0.0006,0.9884,1.5240,0.3551
1.3808,0.0006,1.1401,1.5113,0.3551
1.8665,0.0009,0.7591,1.5567,0.3478
2.1968,0.0007,0.9138,2.4313,0.3294
1.2517,0.0007,0.9665,1.3059,0.3294
1.8162,0.0007,0.7596,1.7929,0.3418
1.6236,0.0004,0.7799,1.3616,0.3418
1.9139,0.0005,0.9664,1.7941,0.3422
2.0470,0.0006,1.0132,2.3889,0.3608
1.2800,0.0003,0.9415,1.1561,0.3608
1.6794,0.0004,0.7455,1.5057,0.3529
1.7132,0.0008,0.8308,2.0111,0.3498
1.5037,0.0006,0.7651,1.3222,0.3451
1.8141,0.0004,0.8022,1.9925,0.3447
1.8387,0.0005,0.7132,1.8311,0.3462
1.6746,0.0006,0.7395,1.5490,0.3529
1.5932,0.0005,0.9179,1.7346,0.3569
1.5727,0.0005,0.7423,1.0905,0.3569
2.2476,0.0008,0.7766,2.6415,0.3873
1.3440,0.0006,0.8779,1.3972,0.3621
1.7571,0.0006,0.7394,1.5318,0.3492
1.1151,0.0006,0.9765,1.1600,0.3492
1.8368,0.0004,1.0079,1.9890,0.3364
1.6636,0.0005,0.8389,1.6680,0.3504
1.5167,0.0005,0.6721,1.5300,0.3415
1.7265,0.0007,0.6395,1.4083,0.3415
1.9240,0.0008,0.9156,2.1444,0.3320
1.7063,0.0010,1.3332,1.3270,0.3635
1.4555,0.0006,1.4617,1.2012,0.3693
1.5869,0.0005,1.4446,2.1132,0.3434
1.4962,0.0003,0.8846,1.5989,0.3399
1.3873,0.0004,0.7480,1.4288,0.3399
2.0706,0.0003,0.6796,1.8617,0.3430
1.2065,0.0004,0.9808,1.3787,0.3617
1.1352,0.0003,1.0356,1.0171,0.3617
1.4750,0.0004,0.6789,1.5985,0.3490
1.5841,0.0006,0.6727,1.5727,0.3590
1.4104,0.0007,0.8007,1.3824,0.3590
2.1897,0.0008,0.7776,2.1090,0.3499
1.5427,0.0009,1.1328,1.5964,0.3852
1.3303,0.0006,0.8701,1.3053,0.3852
1.3883,0.0005,0.7838,1.1330,0.3435
1.5486,0.0005,0.8282,1.4842,0.3322
1.7347,0.0004,1.0099,2.1032,0.3508
1.3854,0.0004,0.8152,1.1788,0.3479
1.8080,0.0005,0.8050,1.9319,0.3675
1.4073,0.0003,0.6973,1.3536,0.3344
1.6303,0.0003,0.7127,1.7257,0.3312
1.3046,0.0005,0.6898,1.1489,0.3440
2.0743,0.0007,0.9534,2.1030,0.3685
1.5540,0.0005,0.9929,1.6452,0.3604
1.5223,0.0005,1.2664,1.4079,0.3668
1.6045,0.0006,1.0595,1.3330,0.3405
1.3390,0.0008,0.8281,1.5777,0.3405
1.5386,0.0006,0.7356,1.4365,0.3493
1.8721,0.0006,0.7369,2.0590,0.3659
1.2823,0.0006,0.8644,1.3369,0.3594
1.5486,0.0005,0.7528,1.5391,0.3368
1.5194,0.0005,0.7024,1.5056,0.3527
1.8279,0.0005,0.6799,1.7516,0.3812
1.5969,0.0005,0.8059,1.6012,0.3746
1.4345,0.0005,0.8985,1.3513,0.3511
1.3782,0.0003,0.8511,1.2966,0.3511
1.5380,0.0005,0.7864,1.4606,0.3573
1.5057,0.0007,0.8113,1.7708,0.3569
2.0883,0.0012,0.7702,2.0492,0.3434
1.3715,0.0007,0.8543,1.1333,0.3434
1.8391,0.0005,0.8606,2.0948,0.3361
1.6749,0.0004,0.8845,1.5550,0.3402
1.4741,0.0005,0.7957,1.5751,0.3578
2.1669,0.0009,0.7896,1.6019,0.3665
1.0968,0.0005,1.6412,1.5080,0.3665
1.5742,0.0004,0.8821,1.7160,0.3479
1.4371,0.0005,0.7156,1.2595,0.3422
1.8098,0.0005,0.7204,1.9978,0.3524
1.4756,0.0004,0.6735,1.4625,0.3524
1.6287,0.0004,0.6870,1.6200,0.3332
1.5307,0.0002,0.6993,1.5240,0.3631
1.4815,0.0003,0.9464,1.3249,0.3631
1.4043,0.0005,0.6071,1.4536,0.3423
2.0298,0.0009,0.7550,1.5723,0.3604
2.1198,0.0006,1.3768,2.5949,0.3336
1.6790,0.0007,1.0049,1.7038,0.3513
1.3272,0.0003,0.9527,1.2515,0.3513
2.0034,0.0004,0.7800,2.0852,0.3621
1.8030,0.0004,0.7231,1.7274,0.3377
2.1718,0.0004,0.6915,2.1750,0.3495
1.4280,0.0004,0.7325,1.5201,0.3667
1.6144,0.0005,0.6540,1.3100,0.3667
2.0011,0.0009,0.7884,2.1578,0.3632
1.3758,0.0008,0.9438,1.4383,0.3705
1.7980,0.0006,0.8799,1.6980,0.3666
1.5411,0.0004,0.8883,1.5982,0.3493
1.6371,0.0004,0.7930,1.5612,0.3535
2.0963,0.0007,0.7909,2.1893,0.3355
1.5433,0.0003,0.8806,1.5673,0.3706
1.5662,0.0004,0.9173,1.4327,0.3706
2.0577,0.0003,0.7825,2.1750,0.3577
1.1841,0.0005,0.6893,0.9217,0.3577
1.9995,0.0004,0.7960,2.2209,0.3629
1.5014,0.0003,0.9309,1.4663,0.3629
1.7308,0.0003,0.8901,1.7835,0.3548
1.4420,0.0003,0.7580,1.3334,0.3548
1.8266,0.0008,0.7871,1.8357,0.3636
1.2968,0.0007,0.8921,1.2830,0.3420
1.9532,0.0005,0.7441,2.0513,0.3484
1.2266,0.0003,0.7015,1.2372,0.3484
1.8494,0.0008,0.6342,1.7441,0.3350
1.7897,0.0005,0.6678,1.6109,0.3347
2.1701,0.0005,0.8942,2.3345,0.3498
1.8412,0.0009,1.1704,1.4594,0.3757
1.1727,0.0004,1.4882,1.5605,0.3675
1.4099,0.0004,1.0034,1.4328,0.3675
1.4143,0.0004,0.8945,1.1980,0.3399
1.8217,0.0005,0.9114,2.0247,0.3339
1.3757,0.0009,0.7450,1.3775,0.3339
1.6687,0.0002,0.6728,1.6469,0.3580
2.0579,0.0002,0.7014,2.0317,0.3617
1.4336,0.0004,0.7295,1.4349,0.3617
1.6069,0.0003,0.8065,1.6055,0.3600
1.8885,0.0005,0.8490,1.4012,0.3434
1.8502,0.0005,1.1084,2.2909,0.3636
1.8839,0.0005,0.9523,1.8204,0.3433
1.6952,0.0007,0.8795,1.7069,0.3480
1.9235,0.0004,0.7884,1.8002,0.3488
1.4468,0.0006,0.8699,1.4891,0.3488
1.8298,0.0005,0.9910,1.9423,0.3594
1.3921,0.0004,0.8987,1.4070,0.3594
1.6859,0.0005,0.8846,1.7009,0.3659
1.6020,0.0006,0.6946,1.5035,0.3659
1.4508,0.0004,1.1586,1.4470,0.3704
1.4863,0.0005,1.0087,1.5458,0.3498
1.6908,0.0006,0.9136,1.3637,0.3498
1.3440,0.0007,0.9274,1.4345,0.3578
1.8519,0.0005,0.7867,2.0821,0.3344
2.0915,0.0004,0.8407,1.6159,0.3856
1.7254,0.0007,1.2111,2.1849,0.3504
1.6851,0.0004,0.9707,1.5876,0.3603
1.3365,0.0005,0.8498,1.3473,0.3603
2.3536,0.0006,0.6854,2.0152,0.3494
1.1858,0.0003,1.1282,1.2119,0.3494
1.7870,0.0005,1.1796,2.0771,0.3582
1.5796,0.0005,0.8414,1.5714,0.3492
1.5602,0.0003,0.9125,1.6393,0.3492
1.7298,0.0006,0.6841,1.6169,0.3422
1.2670,0.0005,0.8406,1.2537,0.3337
1.6931,0.0004,0.8635,1.8070,0.3504
1.6774,0.0005,0.7092,1.6559,0.3583
1.6895,0.0006,0.6984,1.6775,0.3558
1.6405,0.0003,0.8296,1.6458,0.3575
1.6540,0.0006,0.8785,1.6010,0.3575
2.0907,0.0369,0.9259,2.0148,0.3639
1.5034,0.0006,0.9632,1.5435,0.3538
1.5769,0.0005,0.8205,1.6519,0.3538
1.4002,0.0003,0.7120,1.3651,0.3506
2.0259,0.0009,1.0467,2.0034,0.3590
1.6869,0.0005,1.0475,1.7233,0.3366
1.8781,0.0004,0.7334,1.7824,0.3377
1.9365,0.0006,0.7701,1.8806,0.3334
1.2636,0.0007,0.8611,1.2722,0.3334
1.9328,0.0006,1.0572,1.9352,0.3715
1.7515,0.0004,0.9234,1.5710,0.3502
1.6573,0.0006,0.8007,1.8284,0.3533
1.7815,0.0005,0.8178,1.6381,0.3579
1.4063,0.0004,1.0502,1.2674,0.3579
1.9766,0.0007,0.7818,2.3450,0.3502
2.1036,0.0004,0.7449,2.0268,0.3360
1.4008,0.0005,0.8072,1.1092,0.3360
1.1869,0.0004,0.8087,1.5565,0.3327
1.9939,0.0006,0.9026,1.9139,0.3571
1.8769,0.0007,0.8452,1.5658,0.3482
1.8372,0.0004,1.1713,2.1720,0.3482
2.1920,0.0009,0.7989,1.8744,0.3394
1.5664,0.0007,1.2847,1.8590,0.3501
1.4487,0.0006,0.8238,1.4096,0.3501
1.6108,0.0007,0.7823,1.6695,0.3534
2.0782,0.0005,0.8144,2.0452,0.3450
1.5336,0.0007,0.9397,1.5067,0.3599
1.5382,0.0006,0.7836,1.5301,0.3440
1.5789,0.0007,0.8954,1.5621,0.3440
1.6315,0.0005,0.8491,1.2183,0.3781
1.6832,0.0005,0.9140,2.0260,0.3505
1.8283,0.0006,0.8509,1.8266,0.3578
1.0508,0.0003,0.8954,0.8204,0.3578
1.7669,0.0004,1.0058,1.9727,0.3353
1.9796,0.0006,0.8080,1.8798,0.3490
1.3061,0.0004,0.9268,1.3746,0.3539
1.2895,0.0004,0.8878,1.1014,0.3539
1.7795,0.0004,0.8646,1.7470,0.3437
1.9623,0.0008,1.0224,2.1681,0.3647
1.3519,0.0004,0.8920,1.3805,0.3946
1.5639,0.0006,0.9042,1.3555,0.3946
2.1286,0.0006,1.1572,2.3527,0.3380
1.8917,0.0005,0.8464,1.8881,0.3608
1.3708,0.0004,0.8135,1.3508,0.3608
1.7470,0.0004,0.7839,1.8068,0.3384
1.9038,0.0007,0.7184,1.7460,0.3446
1.7221,0.0003,0.9362,1.8382,0.3343
1.5688,0.0004,0.7589,1.5772,0.3465
1.7036,0.0008,0.8145,1.3595,0.3558
2.0119,0.0005,0.8286,2.1719,0.3990
1.8254,0.0007,1.0113,1.8838,0.3540
1.4455,0.0007,0.9211,1.5290,0.3388
1.7304,0.0007,0.7589,1.6161,0.3491
1.7616,0.0005,0.8634,1.8882,0.3491
1.7193,0.0003,0.7168,1.7101,0.3452
1.9934,0.0004,0.7564,1.7846,0.3468
1.8007,0.0005,0.8761,1.7150,0.3363
1.8880,0.0008,0.8417,1.7197,0.3443
2.3812,0.0008,0.8959,2.5185,0.3664
1.0168,0.0009,1.5370,1.0508,0.3664
1.6632,0.0005,0.8469,1.6896,0.3569
1.8826,0.0007,0.8038,1.7508,0.3385
1.4363,0.0005,0.8923,1.4100,0.3385
2.1527,0.0008,0.8914,2.3049,0.3363
1.3260,0.0005,1.0768,1.5385,0.3710
1.0729,0.0005,0.8115,0.7879,0.3710
1.5074,0.0006,1.0292,1.6415,0.3460
1.6203,0.0006,0.8413,1.7209,0.3579
2.2007,0.0007,0.8040,1.9150,0.3780
1.4978,0.0003,1.4232,1.4690,0.3427
1.4031,0.0003,1.1334,1.5779,0.3435
1.5283,0.0003,0.8772,1.5718,0.3520
1.4540,0.0004,0.8224,1.5361,0.3520
1.7074,0.0007,0.7410,1.2816,0.3494
1.9292,0.0004,0.9798,2.2291,0.3564
1.1816,0.0004,0.9961,1.0815,0.3611
1.1386,0.0004,1.0599,1.0937,0.3611
1.9557,0.0005,0.8347,1.6462,0.3423
1.8910,0.0008,1.0280,2.0280,0.3926
2.1721,0.0006,1.1807,2.3821,0.3756
1.5789,0.0007,1.4418,1.5337,0.3545
0.8576,0.0006,1.0238,1.0466,0.3545
2.0139,0.0005,0.7464,2.0066,0.3372
1.8597,0.0004,0.7383,1.8510,0.3464
1.6520,0.0004,0.7849,1.6639,0.3464
2.0362,0.0007,0.7434,1.8939,0.3377
1.5159,0.0008,0.8959,1.6476,0.3394
1.8707,0.0004,0.7651,1.8087,0.3394
2.2750,0.0006,0.9121,2.1888,0.3580
1.0655,0.0004,0.9361,1.0682,0.3580
2.0127,0.0006,0.9201,2.0832,0.3428
1.4845,0.0005,0.8429,1.4429,0.3455
1.6603,0.0004,0.8357,1.3696,0.3313
1.8827,0.0007,0.9133,2.1302,0.3544
1.2116,0.0005,0.9821,1.0148,0.3549
1.4068,0.0004,0.8214,1.5495,0.3549
1.6114,0.0007,0.7279,1.7465,0.3438
1.7749,0.0006,0.8119,1.7444,0.5466
1.5110,0.0010,0.9154,1.4430,0.3392
1.9209,0.0009,0.9268,1.8925,0.3754
1.2843,0.0008,1.0293,1.3872,0.3650
0.7580,0.0009,0.8214,0.7935,0.3650
1.2127,0.0007,0.6746,1.1850,0.3631
1.1068,0.0008,0.7631,1.1124,0.3394
1.0893,0.0004,0.9372,1.0947,0.3558
1.4798,0.0007,0.6274,1.3687,0.3421
1.2442,0.0151,0.8516,1.0002,0.3592
1.0965,0.0003,1.2860,1.0153,0.3521
1.2464,0.0005,0.9624,1.3714,0.3521
1.6931,0.0005,0.8536,1.6611,0.3429
2.1229,0.0008,0.7400,2.3581,0.3548
1.4166,0.0006,0.9206,1.0297,0.5683
0.9954,0.0004,1.2995,1.0948,0.5683
1.7679,0.0006,0.7910,1.8094,0.3431
1.8674,0.0007,0.7915,2.1212,0.3392
1.1779,0.0004,0.8967,1.2039,0.3392
1.4482,0.0005,0.7108,1.4373,0.3677
1.8881,0.0004,0.6846,1.7312,0.3538
1.6533,0.0003,0.8665,1.3670,0.3538
1.1994,0.0005,1.1445,1.5831,0.3499
2.1020,0.0004,1.0481,2.0437,0.3442
1.1928,0.0005,1.0096,1.1826,0.3442
1.7976,0.0006,0.8988,1.8401,0.3951
1.5529,0.0007,0.8995,1.5653,0.3289
1.2449,0.0005,0.8079,1.2579,0.3562
1.2921,0.0003,0.7688,1.3058,0.3413
1.3663,0.0005,0.7491,1.3642,0.3584
1.5784,0.0004,0.7116,1.5577,0.3561
1.5304,0.0010,0.6928,1.3754,0.3422
1.6627,0.0005,1.0004,1.7236,0.3422
1.2755,0.0004,0.9052,1.2645,0.3601
1.8410,0.0004,0.8472,1.8276,0.3652
2.0669,0.0008,0.8131,2.1116,0.3347
1.4108,0.0006,0.7734,1.4531,0.8427
1.6144,0.0004,0.7786,1.5848,0.3464
1.7464,0.0006,0.7251,1.7432,0.3458
1.5164,0.0007,0.7317,1.3467,0.3458
2.3672,0.0005,0.7722,2.4684,0.3554
1.4076,0.0003,0.8675,1.4577,0.3528
1.1920,0.0003,0.7726,1.2178,0.3573
1.8542,0.0003,0.6584,1.7978,0.3458
1.2735,0.0003,0.7321,1.3190,0.3458
1.8146,0.0007,0.6248,1.7580,0.5249
1.4662,0.0006,0.7686,1.4500,0.3669
1.7934,0.0003,0.8205,1.8406,0.3521
1.7738,0.0004,0.7004,1.7591,0.3521
1.6620,0.0005,0.7815,1.5140,0.3618
0.8585,0.0004,1.1697,0.9034,0.3618
1.5491,0.0005,0.7044,1.5862,0.3387
2.1248,0.0008,0.6279,2.0608,0.3569
0.9945,0.0005,0.8761,1.0867,0.3569
1.7391,0.0007,0.7058,1.4603,0.3513
1.8480,0.0007,0.8161,2.0779,0.3513
2.0398,0.0005,0.8194,1.9690,0.3722
1.6372,0.0006,0.9737,1.6994,0.3514
1.7565,0.0006,0.8875,1.6680,0.3727
1.0194,0.0005,0.9500,1.0024,0.3409
1.8257,0.0004,0.8436,1.8903,0.3409
1.4682,0.0006,0.7186,1.4485,0.3522
1.9490,0.0007,0.7861,1.9437,0.3439
1.1692,0.0002,0.9340,1.1857,0.3439
1.8622,0.0005,0.9274,1.3903,0.3726
1.7338,0.0005,0.8564,1.9380,0.3416
2.0627,0.0009,0.9391,2.2520,0.3722
1.3206,0.0005,0.9433,1.2704,0.3413
1.5539,0.0006,0.9583,1.6562,0.3413
1.9358,0.0006,0.8336,1.8991,0.3551
1.5016,0.0007,0.9617,1.4820,0.3551
1.5669,0.0005,0.7946,1.4418,0.3366
1.5794,0.0004,0.7306,1.6330,0.3323
1.4664,0.0003,0.6300,1.6081,0.3598
1.7816,0.0003,0.6283,1.7331,0.3663
1.4642,0.0003,0.6895,1.4982,0.3400
2.0532,0.0008,0.7570,1.4167,0.3431
1.9382,0.0009,1.2150,2.5162,0.3500
1.3269,0.0006,0.8918,1.1962,0.3500
1.3054,0.0009,1.3192,1.3546,0.3527
1.9902,0.0006,0.7754,1.9419,0.3407
1.3404,0.0004,0.8349,1.4822,0.3407
1.4397,0.0005,0.6836,1.2826,0.3414
1.7163,0.0005,0.7126,1.8732,0.3588
1.4832,0.0005,0.7037,1.1857,0.3444
1.6708,0.0007,1.0415,1.9219,0.3586
1.8476,0.0008,0.9468,1.7413,0.3586
2.0592,0.0006,0.9634,1.9195,0.3768
1.6790,0.0008,1.1846,1.8404,0.3576
1.6217,0.0009,1.0053,1.6471,0.3613
1.2788,0.0005,0.7918,1.3115,0.3613
1.6340,0.0003,0.6881,1.6022,0.3467
1.6644,0.0006,1.1593,1.6214,0.3352
1.4808,0.0004,0.8109,1.4105,0.3444
1.5951,0.0003,0.8876,1.7363,0.3501
1.8194,0.0004,0.6679,1.7787,0.3513
1.5676,0.0009,0.6449,1.4578,0.3576
1.4392,0.0006,0.8187,1.5304,0.3576
1.7270,0.0004,0.8149,1.7506,0.9310
1.7652,0.0004,0.6666,1.7818,0.3488
1.6674,0.0003,0.6372,1.5605,0.3396
1.6194,0.0004,0.6477,1.2784,0.3509
1.2812,0.0004,0.7564,1.6886,0.3509
1.8788,0.0002,0.6257,1.8964,0.3451
1.6318,0.0003,0.6069,1.5737,0.3646
1.0982,0.0004,0.6635,0.8970,0.3646
1.4914,0.0005,0.6255,1.5557,0.3592
2.3854,0.0007,0.7715,1.9664,0.3721
1.2753,0.0006,1.5462,1.7382,0.3845
1.3096,0.0005,0.9143,1.4086,0.3461
0.8199,0.0004,0.7998,0.8232,0.3461
1.4455,0.0003,0.7284,1.3270,0.3459
1.4545,0.0004,0.7463,1.2111,0.3493
1.4986,0.0003,0.8016,1.7666,0.3524
1.7953,0.0003,0.7072,1.7177,0.3516
1.2824,0.0004,0.7845,1.4225,0.3471
1.3162,0.0006,0.6957,0.8445,0.3424
1.1673,0.0004,0.7593,1.4706,0.3424
2.1855,0.0008,0.6440,2.0422,0.3606
1.2088,0.0004,1.0584,1.4952,0.3606
1.5391,0.0005,0.7479,1.5383,0.3511
1.2736,0.0004,0.6566,1.1230,0.3511
1.4181,0.0005,0.6519,1.3933,0.3506
1.8338,0.0003,0.7525,2.0019,0.3425
1.8300,0.0005,0.6225,1.7629,0.3381
1.6788,0.0005,0.6830,1.5820,0.3621
1.3671,0.0004,0.9028,1.4402,0.3392
1.4236,0.0002,0.8749,1.4942,0.3628
1.1556,0.0004,0.6079,1.1518,0.3628
1.7079,0.0009,0.6189,1.6416,0.3433
2.0327,0.0008,0.8011,1.9755,0.3574
1.5265,0.0008,0.9987,1.5929,0.3515
1.7230,0.0007,0.8102,1.6426,0.3515
1.4320,0.0006,0.8328,1.1134,0.3441
1.5131,0.0006,0.9488,1.9277,0.3652
1.4726,0.0005,0.7031,1.4825,0.3652
1.3842,0.0004,0.6361,1.3190,0.3667
1.4975,0.0004,0.7207,1.3250,0.3449
1.3839,0.0004,0.7902,1.5686,0.3439
1.3599,0.0004,0.8468,1.1815,0.3603
1.4990,0.0003,0.6121,1.5679,0.3372
1.8875,0.0004,0.6857,1.9518,0.3932
1.3426,0.0005,0.7248,1.3943,0.3932
1.3397,0.0005,0.6311,1.3176,0.3465
1.7592,0.0005,0.6196,1.7433,0.3482
1.7328,0.0004,0.6449,1.6016,0.3513
1.1676,0.0004,0.7751,0.9555,0.3513
1.4102,0.0003,0.7047,1.6595,0.3542
1.2816,0.0003,0.8336,1.0597,0.3382
1.2000,0.0009,0.9536,1.4656,0.3382
1.8075,0.0006,0.9118,1.7200,0.3593
1.7954,0.0007,0.8014,1.8601,0.3870
1.6864,0.0005,0.8294,1.4977,0.3804
1.1882,0.0003,0.9668,1.3942,0.3804
1.5796,0.0003,0.7865,1.4592,0.3599
1.5823,0.0004,0.5908,1.6896,0.3379
1.3402,0.0004,0.6218,1.3545,0.3537
1.7238,0.0005,0.6475,1.7023,0.3417
1.4002,0.0005,0.6547,1.3316,0.3417
1.1104,0.0014,0.7274,0.9373,0.3351
1.8566,0.0005,0.9530,1.9494,0.3709
1.6069,0.0004,0.9412,1.7142,0.4399
1.4714,0.0008,0.7451,1.4267,0.4399
1.9561,0.0006,1.0927,1.9570,0.4123
1.3024,0.0006,1.3266,1.3498,0.4123
1.3458,0.0004,0.6589,1.2694,0.3458
1.5962,0.0004,0.6532,1.5920,0.3532
1.9038,0.0002,0.6761,1.9771,0.3366
1.4257,0.0004,0.6761,1.4547,0.3366
1.6548,0.0004,0.5749,1.4266,0.3452
1.5868,0.0004,0.8523,1.7683,0.3465
1.4079,0.0004,0.6833,1.2121,0.3465
1.7119,0.0004,0.6372,1.8985,0.3526
1.8458,0.0007,0.7071,1.7772,0.3545
1.4002,0.0007,0.7678,1.4359,0.3714
1.1924,0.0006,0.7491,1.2128,0.3498
1.0324,0.0004,0.7024,0.8369,0.3498
1.8857,0.0003,0.6349,2.0633,0.3487
1.5374,0.0004,0.6062,1.5019,0.3487
2.0389,0.0004,0.7248,1.6647,0.3473
1.3764,0.0005,1.3716,1.7354,0.3403
1.7042,0.0159,0.7561,1.6525,0.3403
1.6512,0.0004,0.7409,1.5578,0.3450
1.1826,0.0004,0.9091,1.0703,0.3450
1.5935,0.0004,0.8781,1.4066,0.3531
1.9197,0.0006,0.8695,2.3317,0.3580
1.2840,0.0006,0.6613,1.1255,0.3580
2.1886,0.0006,0.6689,2.3216,0.3543
1.2369,0.0006,0.7348,1.2812,0.3529
1.8873,0.0006,0.7727,1.6998,0.3529
2.0865,0.0006,0.7457,2.2348,0.3659
1.3334,0.0005,0.7584,1.3510,0.3354
1.1856,0.0003,0.6003,1.0303,0.3354
1.7306,0.0005,0.6281,1.7396,0.3529
1.4221,0.0009,0.9299,1.0766,0.3445
1.1394,0.0007,1.3632,1.5633,0.4193
1.0817,0.0003,0.8183,1.1168,0.3572
1.7965,0.0004,0.6719,1.7852,0.3588
1.3980,0.0002,0.6560,1.1034,0.3715
1.4800,0.0003,0.7430,1.7186,0.3769
1.2267,0.0003,0.6521,1.2351,0.3400
1.2980,0.0003,0.6135,1.3441,0.3499
1.1395,0.0003,0.6420,0.9118,0.3593
1.4792,0.0004,0.6194,1.7053,0.3551
1.3602,0.0004,0.5722,1.0773,0.3400
1.7829,0.0005,0.7452,2.0408,0.3400
1.2824,0.0007,1.0057,1.1494,0.3506
1.2843,0.0006,0.8902,1.3700,0.3747
1.2315,0.0005,0.6810,1.1195,0.3652
1.1929,0.0005,0.8846,1.3310,0.3429
1.0770,0.0003,0.9534,0.9795,0.3495
1.4960,0.0004,0.6479,1.4258,0.3643
1.6371,0.0300,0.6985,1.5863,0.3554
1.1751,0.0006,0.8989,1.0413,0.3541
1.3053,0.0004,0.7916,1.6343,0.3421
1.3000,0.0005,0.6636,1.2867,0.3447
1.3758,0.0004,0.7086,1.0725,0.3447
1.0901,0.0003,0.7659,1.3859,0.3479
1.3944,0.0005,0.6427,1.1113,0.3384
2.1853,0.0007,0.7538,1.9371,0.3544
1.4560,0.0006,0.8859,1.6653,0.3609
1.1557,0.0003,0.9544,1.4413,0.3609
2.0063,0.0007,0.7325,1.9859,0.3483
1.7640,0.0007,0.7293,1.7439,0.3425
1.3855,0.0004,0.7923,1.4348,0.3497
1.5992,0.0003,0.6301,1.1916,0.3497
2.0573,0.0004,0.8014,2.2481,0.3570
1.0677,0.0007,0.9590,0.8049,0.3660
1.7571,0.0005,1.0698,2.1615,0.3449
1.2044,0.0005,0.7336,1.2081,0.3449
1.4090,0.0005,0.7079,1.4035,0.3956
1.2332,0.0003,0.6805,1.2381,0.3968
1.6665,0.0005,0.6517,1.3329,0.3381
1.5090,0.0006,0.8895,1.8191,0.3381
1.5718,0.0004,0.6751,1.2581,0.3453
0.9948,0.0004,0.7731,1.2768,0.3453
1.4127,0.0003,0.6556,1.2276,0.3428
1.3721,0.0004,0.5862,1.4151,0.3614
1.4368,0.0004,0.6539,1.5905,0.3651
1.0982,0.0003,0.7836,1.1151,0.3651
1.2884,0.0004,0.6485,1.0823,0.3453
1.7119,0.0004,0.5878,1.7033,0.3575
1.6194,0.0006,0.7952,1.6554,0.3924
1.4948,0.0005,0.8085,1.5982,0.3762
1.3073,0.0007,0.7355,1.3278,0.3555
1.3778,0.0005,0.6858,1.0266,0.3425
1.1439,0.0007,0.9177,1.4025,0.3425
1.3683,0.0005,0.8063,1.4050,0.3370
1.6022,0.0005,0.7127,1.1601,0.3370
1.4096,0.0004,0.8842,1.7844,0.3686
1.2726,0.0007,0.8113,1.3797,0.3597
1.2613,0.0004,0.7506,1.0369,0.3597
1.6107,0.0004,0.7061,1.6629,0.3395
1.5325,0.0005,0.8141,1.3961,0.3508
1.7047,0.0007,0.7630,1.7124,0.3506
1.3099,0.0004,0.9756,1.5749,0.3506
1.4411,0.0006,0.9607,1.1796,0.3543
1.4506,0.0006,0.6660,1.5502,0.3464
1.3831,0.0005,0.8144,1.3416,0.3464
1.5574,0.0004,0.8116,1.7373,0.3602
0.9981,0.0005,0.7459,0.8920,0.3602
1.5345,0.0004,0.9472,1.2932,0.3623
1.4232,0.0004,0.8009,1.7648,0.3405
1.3812,0.0003,0.6044,1.3916,0.3315
1.7870,0.0022,0.6094,1.6984,0.3562
1.3437,0.0004,0.7884,1.2670,0.3831
1.1118,0.0005,0.9266,1.2548,0.3831
1.4907,0.0007,0.6901,1.3551,0.3522
1.3635,0.0005,0.6645,1.4819,0.3490
1.8999,0.0005,0.6426,1.9086,0.3534
1.2675,0.0003,0.5951,1.2061,0.3412
1.3262,0.0006,0.6608,1.0376,0.3377
1.3601,0.0004,0.7085,1.3302,0.3387
0.9805,0.0003,0.8439,1.3005,0.3387
1.8852,0.0004,0.7908,1.9345,0.3503
1.2761,0.0003,0.5852,1.2439,0.3429
1.3575,0.0005,0.5854,1.2993,0.3429
1.8859,0.0005,0.8282,1.9121,0.3686
1.4219,0.0006,0.8157,1.4504,0.3686
1.4774,0.0005,0.7313,1.0919,0.3341
1.1552,0.0004,0.8011,1.4823,0.3341
1.6023,0.0007,0.6638,1.6577,0.3478
1.5140,0.0004,0.8097,1.1253,0.3441
1.5531,0.0005,0.9003,1.9196,0.3441
1.6818,0.0004,0.6849,1.6137,0.3432
1.7368,0.0005,0.6702,1.2667,0.3402
1.2262,0.0006,0.8750,1.6175,0.3402
1.4462,0.0006,0.9018,1.5193,0.3578
1.8251,0.0005,0.7544,1.8127,0.4000
1.3957,0.0005,0.8513,1.4224,0.3452
1.4861,0.0003,0.6961,1.4472,0.3636
1.3006,0.0003,0.6915,1.2557,0.3636
1.3288,0.0007,0.7314,1.4195,0.3525
1.7359,0.0004,0.6418,1.6997,0.3529
1.2259,0.0004,0.6387,1.2584,0.3529
1.4539,0.0004,0.6012,1.2876,0.3482
1.3054,0.0004,0.7509,1.1307,0.3561
1.5094,0.0004,0.8461,1.7664,0.3534
1.4200,0.0004,0.6812,1.4464,0.3534
1.6018,0.0007,0.7212,1.3148,0.3504
1.4304,0.0004,0.7620,1.7164,0.3595
1.1620,0.0004,0.7908,1.0223,0.3533
1.2035,0.0004,1.0932,1.1045,0.3483
1.0926,0.0004,0.7578,1.3365,0.3483
1.1548,0.0004,0.6429,1.1505,0.3609
1.2059,0.0003,0.6014,1.2115,0.3485
1.2426,0.0003,0.5761,0.9368,0.3628
1.2991,0.0003,0.7437,1.5922,0.3628
1.3708,0.0004,0.6283,1.3650,0.3576
1.3415,0.0005,0.6112,1.1486,0.3576
1.4773,0.0005,0.6551,1.4580,0.3625
1.1624,0.0010,0.8163,1.1758,0.3625
1.2581,0.0010,1.1101,1.3380,0.3600
1.5612,0.0006,0.9954,1.4426,0.3815
1.5096,0.0006,0.9577,1.4461,0.3422
1.1030,0.0006,0.7667,1.2575,0.3422
1.3690,0.0003,0.6396,1.4721,0.3628
1.1704,0.0003,0.6376,0.9025,0.3697
1.1085,0.0004,0.7260,1.3748,0.3697
1.3198,0.0003,0.6405,1.3131,0.3472
1.2849,0.0004,0.6268,1.2147,0.3472
1.3250,0.0004,0.6536,1.2254,0.3550
1.4504,0.0004,0.6967,1.4827,0.3575
1.6162,0.0005,0.6345,1.3092,0.3666
1.4309,0.0004,0.9531,1.7763,0.3666
1.5627,0.0004,1.3306,0.8458,0.3983
1.2064,0.0004,1.0864,1.8241,0.3603
1.1867,0.0005,0.7086,1.0889,0.3603
1.3776,0.0004,0.7555,1.4702,0.3667
1.6379,0.0003,0.6294,1.6086,0.3468
1.5139,0.0004,0.6019,1.5359,0.3542
1.4991,0.0006,0.6627,1.4719,0.3417
1.2713,0.0004,0.8359,1.1571,0.3417
1.4471,0.0004,0.9517,1.5753,0.3590
1.1677,0.0003,0.6383,1.1599,0.3429
1.2372,0.0004,0.7637,1.0506,0.3493
1.7621,0.0008,0.7588,1.6858,0.3484
1.5113,0.0008,0.8373,1.6149,0.5812
1.4761,0.0007,0.8555,1.6089,0.3623
1.3853,0.0005,0.7597,1.0933,0.3623
1.6460,0.0005,0.7528,1.6314,0.3502
1.4659,0.0003,0.7446,1.7790,0.3478
1.0778,0.0004,0.5996,1.0877,0.3462
1.3414,0.0003,0.6131,1.3115,0.3472
1.8728,0.0004,0.5858,1.8152,0.3365
1.6412,0.0004,0.6980,1.6920,0.3535
1.3135,0.0004,0.7010,1.2326,0.3358
1.6207,0.0007,0.5724,1.4914,0.3364
1.5324,0.0004,0.6855,1.4895,0.3818
1.8761,0.0004,0.7872,2.1010,0.3360
1.2864,0.0005,0.7507,1.2273,0.3360
1.5703,0.0004,0.6187,1.3254,0.3629
1.3256,0.0006,0.8248,1.2435,0.3629
1.3716,0.0004,0.7734,1.7038,0.3541
1.5062,0.0005,0.7886,1.1983,0.3503
1.8322,0.0003,0.8754,2.1796,0.3353
1.2763,0.0004,0.5981,1.2484,0.3353
1.8093,0.0004,0.6414,1.6794,0.3509
1.5225,0.0005,0.6417,1.5894,0.3562
1.5690,0.0008,1.1469,1.3197,0.3672
1.4100,0.0005,0.8888,1.5183,0.3625
1.5746,0.0006,0.8342,1.4844,0.3380
1.2425,0.0005,0.6603,1.4987,0.3420
1.6856,0.0005,0.6431,1.5194,0.3374
1.8543,0.0005,0.7981,1.9821,0.3527
1.8876,0.0007,0.7466,1.8204,0.3525
1.1395,0.0004,0.7917,1.1606,0.3525
1.0054,0.0003,0.7602,1.0647,0.3653
1.5723,0.0005,0.8998,1.5307,0.3510
1.3846,0.0007,0.6534,1.3791,0.3636
1.8738,0.0008,0.7585,1.8669,0.3387
1.1236,0.0004,0.7184,1.1546,0.3394
1.2136,0.0006,0.6647,1.2361,0.3394
1.7030,0.0005,0.6166,1.5723,0.3625
1.1759,0.0005,0.7397,1.2778,0.3625
1.4717,0.0004,0.8073,1.0845,0.3651
1.5342,0.0003,0.7821,1.8745,0.3651
1.5393,0.0004,0.6199,1.1861,0.3653
1.0795,0.0005,0.7226,1.4446,0.3653
1.1097,0.0003,0.6726,1.1512,0.3505
1.2017,0.0003,0.5800,1.1892,0.3584
1.4256,0.0005,0.5481,1.1799,0.3539
1.7249,0.0006,0.7811,1.4851,0.3640
1.2170,0.0007,1.2367,1.5448,0.3640
1.1079,0.0004,0.9761,1.2475,0.3513
1.4839,0.0004,0.6548,1.1285,0.3361
1.3871,0.0006,0.8140,1.6279,0.3361
1.5172,0.0006,0.6760,1.2852,0.3411
1.0526,0.0005,0.8273,1.3787,0.3411
1.6007,0.0004,0.6699,1.3026,0.3596
1.0895,0.0003,0.7798,1.3513,0.3596
1.7544,0.0005,0.6376,1.6663,0.3433
1.4437,0.0004,0.7036,1.4837,0.3610
1.2732,0.0007,0.6472,1.2363,0.3610
1.2647,0.0005,0.7852,1.1575,0.3696
1.9376,0.0004,0.8359,2.0815,0.3634
0.8315,0.0004,0.7148,0.7658,0.3634
1.5111,0.0004,0.7086,1.4679,0.3441
1.4194,0.0007,1.0395,1.4245,0.3406
1.2649,0.0005,0.8680,1.0340,0.3507
1.1586,0.0005,0.9547,1.5054,0.3507
1.5050,0.0003,0.6167,1.3626,0.3542
2.0690,0.0005,0.7884,2.0354,0.3582
0.7621,0.0006,0.8776,0.9450,0.3582
1.5373,0.0005,0.6137,1.3482,0.3423
1.9835,0.0006,0.6248,2.0577,0.3728
1.3076,0.0007,0.8313,1.3543,0.3966
1.6215,0.0008,0.9751,1.6105,0.3389
1.5105,0.0003,0.7362,1.5227,0.3756
1.3122,0.0004,0.7278,1.1974,0.3350
1.2152,0.0004,0.8129,1.3458,0.3350
1.5568,0.0003,0.6224,1.5624,0.3382
0.9536,0.0006,0.6156,0.9397,0.3382
1.4751,0.0003,0.5892,1.4728,0.3534
1.2354,0.0003,0.5734,1.2245,0.3541
1.7512,0.0006,0.6469,1.7382,0.3338
1.4702,0.0004,0.6169,1.4452,0.3338
1.3992,0.0005,0.5975,1.1001,0.3677
1.4205,0.0005,0.7373,1.5646,0.3861
1.6544,0.0005,0.9263,1.7166,0.3725
1.9807,0.0006,0.7423,2.0393,0.3598
1.2525,0.0004,0.6471,1.2715,0.3598
1.5179,0.0004,0.6343,1.3249,0.3558
1.1454,0.0004,0.7923,1.2753,0.3558
1.7419,0.0005,0.6775,1.6282,0.3393
1.1890,0.0004,0.8292,1.1052,0.3393
1.4374,0.0004,0.7505,1.4619,0.3494
1.6638,0.0002,0.8365,1.8718,0.3465
1.5456,0.0006,0.6895,1.3461,0.3676
1.9136,0.0005,0.8135,1.9495,0.3678
1.1176,0.0005,0.9474,1.1341,0.3673
1.3764,0.0006,0.7632,1.2680,0.3382
1.6713,0.0003,0.6261,1.8715,0.3352
1.6435,0.0007,0.6582,1.6556,0.3352
1.2587,0.0004,0.6656,1.0843,0.3544
1.5399,0.0002,0.7856,1.4833,0.3413
1.6664,0.0004,0.7387,1.5849,0.3464
1.4754,0.0005,0.7148,1.6806,0.3419
1.2451,0.0003,0.6677,1.2240,0.3567
1.7523,0.0007,0.6793,1.6750,0.3522
1.9209,0.0007,0.9526,1.9585,0.3654
1.3599,0.0004,0.8906,1.5058,0.3408
1.3348,0.0004,0.7100,1.3280,0.3418
1.6056,0.0007,0.8193,1.5801,0.3488
1.0677,0.0003,0.6471,1.0421,0.3488
1.2487,0.0005,0.6273,1.2926,0.3545
1.3209,0.0003,0.6785,1.1681,0.3511
1.7005,0.0003,0.7716,1.4652,0.3421
1.2567,0.0003,0.7267,1.5310,0.3488
1.0559,0.0004,0.7305,1.0859,0.3488
1.5145,0.0004,0.8078,1.4898,0.3405
2.3541,0.0009,0.7894,1.9831,0.3779
1.5384,0.0007,1.4356,0.8897,0.3606
0.7431,0.0004,1.3394,1.1968,0.3565
1.1226,0.0005,0.6730,1.0486,0.3565
1.8283,0.0004,0.7037,2.1657,0.3501
1.0727,0.0003,0.6248,1.0898,0.3501
1.6166,0.0004,0.6359,1.6049,0.3581
1.1095,0.0006,0.6039,1.1206,0.3581
1.4744,0.0004,0.6068,1.1242,0.3492
0.9626,0.0004,0.7681,1.2953,0.3492
1.7110,0.0003,0.7010,1.6796,0.3755
1.2734,0.0004,0.6419,1.0161,0.3755
2.0828,0.0005,0.8623,2.2877,0.3757
1.1872,0.0005,0.7722,1.1942,0.3564
1.3360,0.0005,0.6848,1.3605,0.3648
1.2561,0.0004,0.6568,1.2530,0.3351
1.1334,0.0004,0.6629,1.1520,0.3445
1.5283,0.0004,0.6047,1.1921,0.3422
1.1762,0.0003,0.7888,1.4987,0.3422
1.4125,0.0003,0.6351,1.2592,0.3467
1.3961,0.0006,0.8806,1.1830,0.3467
1.5746,0.0003,0.9561,1.5972,0.3398
1.1927,0.0003,0.8217,1.5063,0.3490
1.2871,0.0004,0.6533,1.1898,0.3515
2.0143,0.0009,0.6588,2.0421,0.3551
1.1663,0.0008,0.8326,1.2172,0.3551
1.8305,0.0003,0.7874,1.7030,0.3330
1.5386,0.0003,0.9185,1.6730,0.3330
1.5178,0.0003,0.6042,1.5288,0.3607
1.2470,0.0002,0.5803,1.0894,0.3607
1.3402,0.0003,0.5799,1.3306,0.3589
1.5117,0.0005,0.5739,1.4173,0.3509
0.9557,0.0004,0.8171,1.1846,0.3509
1.2840,0.0002,0.7741,1.1762,0.3512
1.1913,0.0003,0.6327,1.2807,0.3447
1.2779,0.0003,0.6735,1.2729,0.3418
1.7675,0.0004,0.8316,1.5447,0.3718
2.0113,0.0004,0.8732,2.2259,0.3461
1.2823,0.0005,0.6597,1.2754,0.3461
1.3587,0.0005,0.6590,1.3677,0.3484
1.1538,0.0006,0.6339,1.1238,0.3484
1.8369,0.0005,0.6929,1.7550,0.3539
1.1349,0.0005,0.8322,0.7458,0.3494
0.6793,0.0005,1.0949,1.0205,0.3494
1.1953,0.0003,0.6085,1.3275,0.3410
1.3943,0.0004,0.5862,1.0074,0.3516
1.4140,0.0004,0.7860,1.7764,0.3597
1.5013,0.0008,0.5915,1.3842,0.3597
1.8893,0.0005,0.7521,1.5972,0.3647
1.8671,0.0003,1.1251,2.2148,0.3580
1.4921,0.0003,0.7287,1.4712,0.3771
1.0358,0.0003,0.7202,0.9103,0.3771
1.5301,0.0004,0.6317,1.4996,0.3587
1.4141,0.0003,0.7035,1.4840,0.3638
1.5218,0.0007,0.6213,1.4730,0.3517
1.9493,0.0008,0.7497,2.0992,0.3440
2.1200,0.0009,1.0390,2.0751,0.3464
1.3094,0.0006,0.8283,1.0030,0.3394
1.7618,0.0009,1.0058,2.0416,0.3394
1.4744,0.0007,1.0862,1.5392,0.3566
1.2777,0.0009,0.7890,1.2726,0.3479
0.9315,0.0006,0.7258,0.9408,0.3479
1.3400,0.0006,0.6717,1.2307,0.3433
1.3001,0.0004,0.7948,1.4135,0.3433
1.6054,0.0004,0.6310,1.3791,0.3359
1.4725,0.0003,0.6745,1.5597,0.3398
1.2902,0.0005,0.7902,1.4246,0.3439
1.3804,0.0004,0.8326,1.3435,0.3573
1.1182,0.0005,0.6826,1.0762,0.3573
1.4751,0.0005,0.7258,1.4574,0.3516
2.3745,0.0007,0.7939,2.2730,0.3711
1.2873,0.0007,1.0560,1.3713,0.3770
1.1546,0.0007,0.9671,1.0263,0.3770
1.1822,0.0005,0.9537,1.2578,0.3651
1.7252,0.0007,0.6868,1.6204,0.3548
1.4166,0.0005,0.8310,1.5583,0.3585
1.4897,0.0004,0.8473,1.5296,0.3627
1.5558,0.0004,0.6809,1.2319,0.3545
1.3585,0.0004,0.8585,1.6704,0.3545
1.3587,0.0003,0.8411,1.3195,0.3523
1.2939,0.0003,0.6334,1.3176,0.3502
1.1653,0.0003,0.6448,1.1585,0.3502
1.4310,0.0006,0.6265,1.4029,0.3733
1.9203,0.0004,0.7151,1.7960,0.5468
1.6437,0.0004,0.7614,1.5216,0.3399
1.9245,0.0005,0.7915,2.1484,0.3532
1.5920,0.0004,0.8127,1.5996,0.3532
1.5199,0.0003,0.6470,1.5124,0.3678
1.5355,0.0003,0.6514,1.4717,0.3678
1.5503,0.0004,0.7290,1.2857,0.3336
1.0077,0.0004,0.9758,1.3459,0.3336
1.4864,0.0004,0.6479,1.2325,0.3493
1.5877,0.0007,0.6647,1.5938,0.3455
1.8569,0.0005,0.7423,1.7862,0.3871
1.6394,0.0003,0.9680,1.8513,0.3871
1.2460,0.0004,0.7521,1.0971,0.3613
1.5591,0.0004,0.7818,1.6695,0.3388
1.7664,0.0004,0.6484,1.8693,0.3515
1.2374,0.0005,0.6283,1.1619,0.3515
1.1843,0.0004,0.6245,1.2639,0.3568
1.3508,0.0004,0.5955,1.0050,0.3568
1.7297,0.0005,0.7744,1.9606,0.3543
1.4001,0.0005,0.8546,1.4847,0.3470
1.1090,0.0006,0.6924,1.0608,0.3470
1.9762,0.0006,0.6833,1.4328,0.3857
1.2229,0.0005,0.9353,1.7849,0.3857
1.6478,0.0004,0.8035,1.3974,0.3630
1.5129,0.0002,0.8280,1.7830,0.3630
1.5136,0.0004,0.6590,1.3214,0.3420
1.1752,0.0004,0.9401,1.3605,0.3488
1.4081,0.0003,0.5881,1.1252,0.3715
1.3703,0.0004,0.7574,1.3509,0.3516
1.1758,0.0003,0.7250,1.4718,0.3500
1.2833,0.0003,0.6762,0.9600,0.3484
1.2628,0.0003,0.8248,1.3053,0.3536
1.6014,0.0004,0.8575,1.8194,0.3544
1.3177,0.0007,0.6824,1.2802,0.3544
1.5086,0.0007,0.7944,1.4354,0.3608
1.4772,0.0004,0.7805,1.5941,0.3420
1.4443,0.0004,0.7137,1.2666,0.3420
1.7819,0.0004,0.6538,1.9594,0.3493
1.5053,0.0004,0.6757,1.3746,0.3493
1.3492,0.0004,1.0215,1.1203,0.3503
1.7693,0.0004,0.8017,1.9859,0.3474
1.4859,0.0004,0.8554,1.6017,0.3431
1.0545,0.0003,0.7491,0.7305,0.3431
1.5159,0.0006,0.7399,1.8230,0.3479
1.5407,0.0006,0.6844,1.2332,0.3619
1.9793,0.0005,0.7731,2.2381,0.3498
1.4922,0.0005,0.8125,1.5412,0.3498
1.0378,0.0003,0.6578,1.0436,0.3478
1.5114,0.0005,0.5939,1.3076,0.3520
1.4795,0.0005,0.8105,1.6729,0.3606
1.5844,0.0005,0.6283,1.2011,0.3606
1.6880,0.0005,0.7542,1.9865,0.3614
1.2070,0.0003,0.6927,1.2410,0.3614
1.5919,0.0004,0.6122,1.6305,0.3402
1.4689,0.0006,0.6418,1.2461,0.3402
2.0212,0.0010,0.8100,2.1440,0.3520
1.0324,0.0005,1.1603,0.9218,0.3520
1.8392,0.0002,0.7369,1.9659,0.3429
2.0679,0.0004,0.6213,2.0333,0.3444
1.2365,0.0004,0.7071,1.2651,0.3424
1.7171,0.0004,0.6482,1.5785,0.3392
1.5229,0.0003,0.7819,1.5777,0.3392
1.3303,0.0003,0.6089,1.4535,0.3581
1.2547,0.0004,0.7258,1.1902,0.3578
1.6720,0.0005,0.6536,1.5450,0.3581
1.9683,0.0008,0.6544,1.8163,0.3547
1.1927,0.0008,1.0071,1.3762,0.3795
1.4515,0.0006,0.8029,1.2728,0.3763
1.4596,0.0007,0.7621,1.5570,0.3498
1.4540,0.0008,0.8887,1.6116,0.3586
1.3229,0.0005,0.6921,1.3678,0.3562
1.1848,0.0006,0.6333,1.0759,0.3562
1.5958,0.0004,0.6192,1.3927,0.3423
1.2576,0.0006,0.7844,1.4523,0.3423
1.3189,0.0005,0.8889,1.3726,0.3532
1.6722,0.0006,0.6778,1.6756,0.3522
0.9620,0.0005,0.7517,0.9752,0.3522
1.5149,0.0009,0.8033,1.2437,0.3659
1.6896,0.0006,0.8583,1.7863,0.5659
1.4831,0.0004,0.8721,1.4084,0.3600
1.1446,0.0004,0.8791,1.2702,0.3581
1.4077,0.0004,0.7816,1.4892,0.3492
1.3730,0.0007,0.6994,1.3701,0.3582
1.2999,0.0006,0.7429,1.1210,0.3442
1.4109,0.0006,0.7352,1.6003,0.3383
1.2935,0.0005,0.6840,1.2142,0.3489
1.2226,0.0004,0.8609,1.1285,0.3445
1.4411,0.0004,0.7791,1.3749,0.3542
1.4036,0.0007,0.7284,1.5122,0.3504
1.3854,0.0007,0.9777,1.1732,0.3504
1.3045,0.0005,1.1777,1.4146,0.3578
1.5155,0.0005,1.2293,1.5477,0.9274
1.4085,0.0007,0.7879,1.5831,0.3418
1.4717,0.0004,0.7151,1.1743,0.3443
1.1216,0.0003,0.8697,1.4366,0.3443
1.4330,0.0003,0.5957,1.2406,0.3504
1.3407,0.0004,0.6068,1.4064,0.3459
1.2569,0.0004,0.5842,1.3346,0.3474
1.4283,0.0004,0.5885,1.2767,0.3562
1.6268,0.0004,0.7020,1.6887,0.3565
1.4756,0.0004,0.8898,1.4437,0.3839
1.4728,0.0004,0.6187,1.4102,0.3550
2.0681,0.0003,0.7096,2.1818,0.3704
1.6821,0.0006,0.8200,1.6180,0.3509
1.0526,0.0005,0.8037,1.1596,0.3640
1.1218,0.0003,0.7497,1.1092,0.3640
1.5083,0.0004,0.6739,1.3326,0.3685
1.0838,0.0003,0.9269,1.1158,0.3685
2.0579,0.0005,0.6342,2.0728,0.3531
0.8831,0.0004,0.8136,0.8961,0.3531
1.8496,0.0005,0.7732,1.8197,0.3536
1.2132,0.0003,0.7807,1.3293,0.3432
1.3789,0.0004,0.6437,1.3700,0.3432
1.9310,0.0003,0.6243,1.8852,0.3907
0.9312,0.0003,0.7883,0.7722,0.3907
1.0473,0.0003,0.8150,1.2473,0.3448
1.5374,0.0004,0.6359,1.4640,0.3460
1.1751,0.0004,0.7313,1.2509,0.3697
1.9253,0.0004,0.7831,1.8843,0.3355
1.2976,0.0003,0.7225,1.3177,0.3355
1.1747,0.0004,0.7641,1.0956,0.3551
1.3410,0.0003,0.6921,1.3982,0.3347
1.3481,0.0004,0.6398,1.2474,0.3389
1.2178,0.0004,0.7641,1.0503,0.3587
2.1352,0.0005,0.6842,1.9967,0.3393
1.1406,0.0005,1.1550,1.4748,0.3393
1.5418,0.0006,0.8962,1.5440,0.3730
1.0367,0.0009,0.8934,1.0420,0.3730
1.7673,0.0004,0.7986,1.6661,0.3501
1.4588,0.0005,0.7963,1.5756,0.3369
1.3150,0.0003,0.6447,1.2716,0.3239
1.2727,0.0005,0.5925,1.2030,0.3396
1.6767,0.0004,0.7021,1.4719,0.3612
1.8722,0.0004,1.0257,2.1125,0.3473
1.6323,0.0004,0.7129,1.4015,0.3508
2.0173,0.0006,0.6915,2.0717,0.3639
1.4989,0.0003,0.9521,1.6656,0.3571
1.6395,0.0004,0.7728,1.6850,0.3578
1.6835,0.0005,0.6616,1.6338,0.3470
1.6882,0.0004,0.6877,1.6357,0.3447
1.9643,0.0004,0.9226,1.9150,0.3340
1.4003,0.0005,0.9375,1.3188,0.3547
1.6935,0.0003,1.1709,1.8545,0.3547
1.5075,0.0003,0.6507,1.5296,0.3382
1.2513,0.0005,0.7135,1.0922,0.3382
1.7496,0.0005,0.7231,1.8953,0.3525
1.7997,0.0006,0.6246,1.7047,0.3642
1.4698,0.0004,0.8147,1.4393,0.3599
1.2195,0.0003,0.9338,1.0746,0.3599
1.8243,0.0003,0.8327,2.0818,0.3419
1.1780,0.0003,0.6632,0.9711,0.3419
1.5046,0.0006,0.6406,1.6481,0.3440
1.5724,0.0005,0.6536,1.4343,0.3563
1.5699,0.0003,0.6963,1.4179,0.3371
1.3759,0.0006,0.8823,1.6424,0.3567
1.8093,0.0005,0.6701,1.7956,0.3503
1.6083,0.0006,0.7359,1.6409,0.3460
1.7046,0.0004,0.8194,1.5832,0.3584
1.3072,0.0004,0.9453,1.4002,0.3584
1.4684,0.0006,0.7707,1.4957,0.3602
1.1521,0.0004,0.6758,1.1447,0.3487
1.2208,0.0003,0.6635,1.2188,0.3487
1.6258,0.0006,0.6636,1.2010,0.3430
0.9851,0.0003,0.9095,1.3952,0.3430
1.8017,0.0004,0.7269,1.6623,0.3468
1.3017,0.0005,1.0242,1.4536,0.3570
1.5768,0.0005,0.6079,1.4096,0.3475
1.2060,0.0004,0.8510,1.0865,0.3475
1.6836,0.0006,0.9919,1.7309,0.3541
2.1266,0.0008,1.0165,2.2039,0.3564
1.1770,0.0008,0.9866,1.2331,0.3564
1.2942,0.0007,0.8551,1.3096,0.3441
1.6560,0.0007,0.7540,1.6435,0.3484
1.4716,0.0006,1.0207,1.1279,0.3357
1.3374,0.0006,1.1906,1.5570,0.3516
1.8631,0.0005,0.8102,1.9621,0.3602
1.2093,0.0006,0.7482,0.8559,0.3476
1.3762,0.0006,0.8465,1.7426,0.3476
1.4617,0.0006,0.6696,1.2927,0.3528
1.5291,0.0005,0.7484,1.5735,0.3392
1.7501,0.0006,0.7691,1.5487,0.3618
1.5782,0.0005,0.8491,1.8881,0.3702
1.3626,0.0004,0.7288,1.2586,0.3301
1.7889,0.0006,0.6747,1.6273,0.3480
2.1697,0.0003,1.0069,2.2684,0.3470
1.4215,0.0004,1.0342,1.5303,0.3401
1.7963,0.0004,0.9149,1.7343,0.3508
1.5755,0.0004,1.1419,1.6584,0.3588
1.3829,0.0004,0.9758,1.0737,0.3588
1.7470,0.0005,0.7682,2.0290,0.3549
1.9763,0.0009,0.8084,1.9110,0.3803
1.1342,0.0004,0.9048,1.0158,0.3803
1.3518,0.0006,0.7716,1.5340,0.3513
1.7736,0.0007,0.7071,1.4774,0.3383
1.6224,0.0006,1.1889,1.5409,0.3383
1.7717,0.0004,1.0024,2.1465,0.3491
1.5014,0.0002,0.7811,1.4945,0.3491
1.5437,0.0004,0.7348,1.5246,0.3412
1.2063,0.0005,0.7425,0.9977,0.3412
1.7824,0.0006,0.6590,1.9468,0.3496
1.5047,0.0007,1.1534,1.3655,0.3496
1.7230,0.0008,0.9844,1.8151,0.6217
2.0180,0.0006,0.9178,2.0023,0.3396
1.3848,0.0006,0.8985,1.2910,0.3476
1.0246,0.0005,0.9588,1.0921,0.3476
1.8973,0.0004,0.6919,1.7924,0.3442
1.5854,0.0006,0.8145,1.7790,0.3442
1.8173,0.0003,0.6473,1.7923,0.3399
1.4980,0.0007,0.6901,1.5110,0.3425
1.3002,0.0005,0.6850,1.1791,0.3396
1.4019,0.0004,0.6674,1.4804,0.3402
1.6540,0.0004,0.7913,1.5567,0.3668
2.0013,0.0003,0.7576,1.9689,0.3688
1.4050,0.0005,0.8682,1.5458,0.3365
1.6510,0.0004,0.7144,1.6487,0.3458
1.5541,0.0003,0.6615,1.5760,0.3406
1.3032,0.0002,0.6050,1.0686,0.3406
1.3298,0.0007,0.6677,1.3498,0.3543
1.7657,0.0004,0.7358,1.8958,0.3456
1.5029,0.0003,0.7045,1.5494,0.3471
1.4987,0.0003,0.6252,1.1839,0.3459
1.8726,0.0007,0.6830,2.1293,0.3545
1.6366,0.0005,0.8261,1.2604,0.3922
1.3102,0.0006,1.7136,1.1766,0.3901
1.2270,0.0002,1.1667,1.7879,0.3360
1.3852,0.0003,0.6614,1.3799,0.3360
1.7984,0.0003,0.6412,1.7760,0.3386
0.9710,0.0003,0.6171,0.9717,0.3386
1.4384,0.0002,0.6603,1.2571,0.3461
1.4211,0.0003,0.6526,1.4159,0.3499
1.5509,0.0004,0.7685,1.3795,0.3465
1.6098,0.0003,0.7195,1.9631,0.3304
1.6129,0.0005,0.6584,1.5922,0.3304
1.2593,0.0008,0.6417,1.1982,0.3592
1.9257,0.0008,0.8110,1.9223,0.3801
1.4595,0.0006,1.3688,1.3736,0.3801
1.9309,0.0006,0.7913,1.6465,0.3429
2.1669,0.0004,0.9479,2.5077,0.3604
1.3274,0.0008,0.8475,1.3572,0.3372
2.0932,0.0005,0.7817,1.9654,0.3352
1.2717,0.0006,0.9948,1.3273,0.3352
1.6802,0.0005,0.8114,1.4424,0.3601
1.7866,0.0008,0.7799,1.9138,0.3387
1.9255,0.0014,0.8884,1.7681,0.3635
1.6932,0.0009,1.1514,1.9788,0.3296
1.5319,0.0005,0.8137,1.2828,0.3296
1.4225,0.0004,0.8438,1.5443,0.3469
1.5323,0.0006,0.7306,1.6833,0.3633
1.7770,0.0008,0.6842,1.7147,0.3569
1.4892,0.0005,0.8104,1.2619,0.3569
1.3952,0.0004,0.9005,1.5915,0.3491
1.6057,0.0006,0.7430,1.4146,0.3432
1.7086,0.0009,0.7235,1.9489,0.3446
1.6792,0.0008,0.8069,1.6088,0.3544
2.0725,0.0008,1.0071,2.0809,0.3459
1.3090,0.0007,0.9293,1.2562,0.3459
1.6063,0.0006,0.7498,1.6717,0.3442
1.9144,0.0008,0.7268,1.9115,0.3399
1.6574,0.0005,0.7917,1.6860,0.3483
1.1466,0.0004,0.7210,1.1137,0.3483
1.8877,0.0005,0.6719,1.7877,0.3599
1.7777,0.0005,0.8339,1.8229,0.3493
1.6178,0.0005,0.8193,1.4372,0.3588
1.5749,0.0007,1.0917,1.2926,0.5250
1.6712,0.0009,1.3151,1.8471,0.5250
2.1942,0.0011,0.9421,2.4181,0.3370
1.6695,0.0007,1.0709,1.6384,0.3558
1.4475,0.0006,1.1828,1.3607,0.3558
1.9721,0.0008,0.9966,2.1246,0.3518
1.9020,0.0008,0.7856,1.8773,0.3419
1.7979,0.0006,0.8662,1.5150,0.3419
2.4225,0.0009,0.9695,2.4990,0.3552
1.1968,0.0005,1.1181,1.2551,0.3552
2.2562,0.0006,1.0740,2.2531,0.3744
1.7397,0.0007,1.4681,1.8641,0.3411
1.7764,0.0004,1.1212,1.7079,0.3411
1.6439,0.0003,0.8680,1.6514,0.3571
1.9089,0.0007,0.9042,1.9573,0.3370
1.6078,0.0005,0.8189,1.5797,0.3465
1.7170,0.0005,0.7661,1.6023,0.3480
1.5125,0.0008,0.9377,1.5788,0.3359
1.4632,0.0008,0.8800,1.2801,0.3752
1.7787,0.0008,0.9578,1.7751,0.3541
1.8362,0.0008,1.1757,2.0513,0.3907
1.7475,0.0004,0.9436,1.7078,0.3496
1.7397,0.0006,0.9743,1.7903,0.3481
1.7255,0.0007,0.7748,1.7328,0.3480
1.3843,0.0004,0.7210,1.0573,0.3536
1.4318,0.0010,0.8142,1.6094,0.3536
1.5546,0.0008,0.9546,1.6386,0.3497
1.8716,0.0008,0.8430,1.8748,0.3416
2.5932,0.0008,0.8576,2.4855,0.3460
1.7262,0.0007,1.2836,1.7852,0.3776
1.4600,0.0004,1.4956,1.5232,0.3457
1.4075,0.0006,0.7994,1.1447,0.3457
1.7112,0.0006,0.7445,1.7846,0.3496
1.7350,0.0005,0.6940,1.9097,0.3534
1.6349,0.0003,0.7613,1.5343,0.3381
1.8912,0.0010,0.9156,1.6517,0.3366
2.1477,0.0018,1.1685,2.2059,0.3413
1.2797,0.0008,1.0745,1.3766,0.3604
1.2450,0.0009,0.9334,1.3231,0.3604
1.7086,0.0005,1.0143,1.7455,0.3755
2.0448,0.0008,0.8179,2.0300,0.3778
1.4396,0.0005,1.3634,1.2983,0.3385
1.7667,0.0003,0.7669,1.7887,0.3441
2.1889,0.0003,0.6898,2.2746,0.3465
1.9870,0.0009,0.7934,1.3266,0.3438
2.0520,0.0006,1.3472,2.6775,0.3556
2.2616,0.0007,1.0013,2.2443,0.3589
1.4882,0.0006,0.8507,1.4936,0.3589
1.6874,0.0006,0.9778,1.3309,0.3520
1.8284,0.0004,1.0035,2.2124,0.3431
1.6483,0.0006,0.7504,1.4461,0.3422
1.4224,0.0007,0.8634,1.4392,0.3422
2.1865,0.0012,0.8955,2.1962,0.3523
2.1280,0.0005,0.9054,2.2394,0.3442
0.9544,0.0004,0.9642,1.0036,0.3442
1.8344,0.0004,0.7833,1.8168,0.3452
1.4841,0.0004,0.7794,1.4863,0.3452
1.6072,0.0007,0.8268,1.5512,0.3423
1.5918,0.0006,0.8733,1.6104,0.3740
1.5046,0.0005,1.1682,1.5337,0.3740
1.8269,0.0007,0.7118,1.6565,0.3443
1.6870,0.0004,0.8367,1.8209,0.3487
1.7128,0.0007,0.7136,1.6900,0.3403
1.6496,0.0004,0.7616,1.6733,0.3471
1.5090,0.0005,0.7471,1.2923,0.3493
1.8547,0.0004,0.6617,2.0578,0.3422
1.6379,0.0005,0.6673,1.6182,0.3346
2.1265,0.0010,0.7080,1.8837,0.3401
1.8251,0.0005,1.0738,1.9040,0.3441
1.2653,0.0004,1.0450,1.4012,0.3622
1.6262,0.0005,0.7787,1.3445,0.3622
1.5460,0.0004,0.8388,1.7951,0.3408
1.5953,0.0005,0.8578,1.1947,0.3451
1.6600,0.0005,1.0974,1.9597,0.3527
1.4271,0.0004,0.8948,1.1937,0.3572
1.7014,0.0004,0.9035,1.8982,0.3642
1.5010,0.0003,0.8461,1.6601,0.3642
1.4225,0.0004,0.6528,1.3645,0.3422
2.0607,0.0005,0.7093,2.0198,0.3296
1.4814,0.0004,0.8776,1.5155,0.3296
0.9050,0.0004,0.8026,0.9508,0.3508
1.6336,0.0005,0.8405,1.6108,0.3473
1.3992,0.0006,0.7368,1.2166,0.3636
1.9328,0.0007,0.8360,1.9116,0.3376
1.6465,0.0005,1.0164,1.7950,0.3507
1.4769,0.0004,0.8809,1.3060,0.3507
1.8258,0.0004,0.9652,1.8990,0.3425
1.9483,0.0003,0.7604,1.9009,0.3345
2.0527,0.0007,0.8758,2.0888,0.3583
1.4910,0.0003,1.1759,1.5556,0.3849
1.7328,0.0004,0.8617,1.1618,0.3516
1.9379,0.0004,0.8348,2.3866,0.3465
1.9374,0.0004,0.8736,1.9283,0.3618
1.8191,0.0006,0.8677,1.9457,0.3569
1.3536,0.0007,0.7015,1.2110,0.3569
1.6805,0.0008,0.8929,1.6695,0.3422
2.2139,0.0006,1.1306,2.2415,0.3371
1.5494,0.0007,1.1802,1.4626,0.3584
1.2928,0.0006,0.9870,1.4655,0.3584
1.7753,0.0006,0.7904,1.5635,0.3485
1.7077,0.0003,0.9846,1.9225,0.3515
1.4495,0.0003,0.8420,1.4505,0.3489
1.5881,0.0004,0.8016,1.5669,0.3489
1.6338,0.0003,0.6625,1.3955,0.3438
1.8455,0.0004,0.6896,2.0710,0.3493
1.5095,0.0004,0.7237,1.5119,0.3493
1.4796,0.0004,0.8723,1.4841,0.3405
1.5924,0.0007,0.7422,1.5123,0.3458
1.9159,0.0008,0.7418,1.9148,0.3393
1.4485,0.0010,0.9576,1.0561,0.3804
1.3843,0.0008,1.3006,1.6599,0.3804
1.6987,0.0006,0.8222,1.5922,0.3402
1.7420,0.0006,0.7907,1.9476,0.3360
1.9135,0.0009,0.8072,1.9216,0.3531
1.4370,0.0005,0.7695,1.4565,0.3556
1.7577,0.0169,0.7823,1.6266,0.3618
1.3588,0.0005,0.9435,1.1928,0.3494
1.8401,0.0005,0.9082,2.0897,0.3443
1.4535,0.0005,0.8736,1.4339,0.3443
1.5401,0.0005,1.3815,1.4340,0.3822
1.8856,0.0007,1.0825,1.9136,0.3774
1.6964,0.0005,1.0247,1.6165,0.3433
1.7432,0.0004,0.9559,1.8053,0.3323
1.6517,0.0003,0.8135,1.7126,0.3427
1.7214,0.0005,0.7471,1.4961,0.3434
1.9972,0.0005,0.7755,2.2469,0.3468
1.8751,0.0004,0.7538,1.8571,0.3414
1.3303,0.0008,0.8205,1.2995,0.3414
2.2860,0.0005,1.2569,2.2220,0.3747
1.3829,0.0004,1.0657,1.4481,0.3711
1.2686,0.0006,0.9783,1.2734,0.3711
1.8979,0.0003,0.7455,1.6413,0.3521
1.8910,0.0004,0.7327,2.0429,0.3444
1.5355,0.0007,0.8330,1.2405,0.3328
1.9038,0.0005,0.8774,2.2811,0.3538
1.7855,0.0007,0.8145,1.7094,0.3442
1.6081,0.0005,0.9383,1.5810,0.3355
1.7232,0.0007,0.8909,1.7587,0.3397
1.5778,0.0008,0.8852,1.6069,0.3395
1.7593,0.0008,0.9653,1.4222,0.3426
1.8892,0.0005,1.2647,2.1770,0.3564
1.8580,0.0005,0.9631,1.2877,0.3411
1.3786,0.0005,0.9833,1.7746,0.3590
1.4513,0.0002,0.9510,1.7073,0.3590
1.5292,0.0003,0.6926,1.2557,0.3567
1.6745,0.0006,0.7551,1.8777,0.3402
1.4034,0.0006,0.8556,1.3672,0.3580
1.6342,0.0006,0.8141,1.6544,0.3566
1.7041,0.0008,0.8073,1.6552,0.3577
2.0577,0.0007,0.9198,2.0820,0.3490
2.0488,0.0008,0.8537,1.8741,0.3501
1.1719,0.0004,1.0957,1.2065,0.3532
1.0757,0.0006,1.0407,1.1497,0.3532
1.6983,0.0004,0.7170,1.4344,0.3458
1.6579,0.0005,0.8351,2.0061,0.3553
2.1280,0.0007,0.7564,2.0375,0.3631
1.3230,0.0004,0.8336,1.0664,0.3631
1.8851,0.0003,0.8184,2.1987,0.3595
1.9400,0.0006,0.9485,1.9096,0.3570
1.3637,0.0004,0.9448,1.4064,0.3643
1.5281,0.0006,0.8740,1.2919,0.3643
1.7170,0.0004,0.7164,1.9258,0.3551
1.5936,0.0005,0.7518,1.6285,0.3551
1.8586,0.0005,0.7054,1.7671,0.3638
1.3691,0.0005,0.7926,1.3410,0.3638
1.9484,0.0005,0.9229,1.6703,0.3445
2.0825,0.0006,0.8032,2.4206,0.3462
1.8969,0.0007,0.7625,1.8228,0.3459
1.5182,0.0004,0.8987,1.1670,0.3522
2.4749,0.0007,0.9022,2.8148,0.3498
1.1649,0.0003,0.8731,0.9125,0.3498
2.1119,0.0003,0.7980,2.3810,0.3357
1.7478,0.0006,0.7744,1.5777,0.3557
2.0593,0.0005,1.0504,2.0286,0.3495
1.5916,0.0006,1.0921,1.7248,0.3495
1.8572,0.0008,0.8731,1.8967,0.3475
1.8030,0.0008,0.7870,1.7430,0.3404
1.5669,0.0010,1.0041,1.5865,0.3452
1.5918,0.0007,0.9027,1.6009,0.3720
2.0187,0.0007,0.8328,2.0008,0.3540
1.7576,0.0006,0.8711,1.7698,0.3540
1.9428,0.0006,0.8324,1.6966,0.3404
1.4907,0.0008,1.1281,1.7213,0.3404
1.6234,0.0009,0.8411,1.5349,0.3621
1.6071,0.0008,0.8596,1.7050,0.3413
1.6557,0.0008,0.7664,1.6415,0.3430
1.9482,0.0009,0.9634,1.4885,0.3484
2.3894,0.0012,1.2273,2.7356,0.3591
1.0730,0.0008,1.0833,0.9304,0.3591
2.0854,0.0008,0.8715,2.1732,0.3484
1.3243,0.0007,1.0221,1.4660,0.3621
1.4485,0.0009,0.9685,1.4126,0.3529
0.9838,0.0004,0.7703,1.0160,0.3529
1.2223,0.0004,0.7108,1.2407,0.3429
1.3833,0.0003,0.7154,1.3817,0.3623
19.5204,0.0011,19.0354,1.2667,0.3492
1.4007,0.0007,1.5461,2.0576,0.3492
1.2862,0.0006,1.4427,1.2542,0.3492
2.0734,0.0008,0.9592,2.0323,0.3464
1.7539,0.0007,0.9782,1.8279,0.3481
1.6717,0.0007,0.9704,1.6447,0.3539
1.2798,0.0004,1.0095,1.3284,0.3539
2.0525,0.0006,0.7760,1.8734,0.3569
0.9804,0.0004,1.1141,1.0725,0.3569
1.6505,0.0006,0.7495,1.7096,0.3375
2.0979,0.0005,0.7203,2.0634,0.3413
1.9985,0.0008,0.9756,1.7951,0.3701
1.3378,0.0006,1.2305,1.3076,0.3701
1.5882,0.0004,1.2984,1.9761,0.3742
1.7352,0.0008,0.7426,1.3018,0.3332
2.1976,0.0006,1.0715,2.4921,0.3429
1.5222,0.0004,1.0451,1.5944,0.3656
1.3804,0.0004,0.8160,1.4162,0.3656
1.5238,0.0007,0.7502,1.5364,0.3347
1.4648,0.0004,0.7135,1.4980,0.3538
1.7827,0.0004,0.7219,1.7497,0.3657
1.5298,0.0004,0.6909,1.0186,0.3657
1.6023,0.0006,1.0183,2.0592,0.3553
1.7626,0.0007,1.0116,1.3845,0.3808
1.7607,0.0004,0.9627,2.1335,0.3476
1.9497,0.0004,0.9052,1.8099,0.3326
1.8251,0.0005,1.0865,1.9423,0.3610
2.1286,0.0005,1.0214,2.0873,0.3616
1.5187,0.0005,1.1835,1.5518,0.3497
1.2279,0.0006,0.8893,1.0555,0.3497
2.0903,0.0008,0.8800,2.0894,0.3379
1.8116,0.0007,1.0881,1.9187,0.3743
1.8656,0.0006,1.1057,1.8895,0.3743
2.4645,0.0007,1.4105,2.4280,0.3398
1.5596,0.0006,0.9916,1.5485,0.3398
1.6746,0.0008,0.9539,1.7238,0.3497
2.0595,0.0007,0.9975,2.0474,0.3354
1.6546,0.0006,0.8705,1.6720,0.3408
1.7337,0.0004,0.9227,1.6593,0.3408
1.6182,0.0006,1.0737,1.6629,0.3374
2.0337,0.0006,0.8798,1.9155,0.3661
1.6764,0.0008,1.0313,1.6866,0.3847
1.3993,0.0004,1.0587,1.4682,0.3657
1.8480,0.0006,0.8223,1.8361,0.3489
1.8091,0.0005,0.8539,1.5768,0.3489
1.8689,0.0010,0.9491,1.8304,0.3668
1.4703,0.0008,1.1284,1.6585,0.3668
1.7989,0.0012,0.8863,1.7585,0.3512
2.2144,0.0006,0.8965,2.1382,0.3473
1.7153,0.0007,1.1413,1.8162,0.3473
2.1273,0.0010,1.3286,2.0438,0.3595
1.8984,0.0008,1.1662,1.9664,0.3580
1.7238,0.0005,1.0386,1.7571,0.3376
2.0164,0.0011,0.9416,1.8488,0.3514
2.1298,0.0007,1.2809,2.1558,0.3431
1.3829,0.0007,1.1243,1.3646,0.3543
1.7532,0.0005,1.3172,1.8789,0.3543
2.1187,0.0007,1.1140,1.8716,0.3509
1.8502,0.0007,1.2397,1.8328,0.3509
2.5313,0.0008,1.1720,2.5023,0.3783
1.4972,0.0008,1.4005,1.5387,0.3465
1.5448,0.0007,1.1986,1.7032,0.3465
1.5203,0.0010,0.9991,1.3685,0.3394
1.7949,0.0008,1.0222,1.7060,0.3527
2.0658,0.0006,0.9307,2.3241,0.3537
1.9807,0.0007,1.1575,1.9216,0.3517
1.5070,0.0007,1.4243,1.5038,0.3555
1.3943,0.0008,1.2484,1.1087,0.3555
2.3078,0.0009,1.1293,2.5995,0.3634
1.6578,0.0006,1.1600,1.7153,0.3469
2.3601,0.0007,0.9707,2.3175,0.3622
1.5054,0.0007,0.9313,1.5021,0.3415
1.7836,0.0005,0.8888,1.8190,0.3617
1.3368,0.0004,0.8253,1.2784,0.3617
2.3661,0.0012,0.8828,2.2444,0.3403
1.9040,0.0008,1.1574,2.0638,0.3403
1.9469,0.0006,0.9857,1.8462,0.3390
1.5748,0.0006,0.9165,1.6203,0.3573
2.4109,0.0008,1.0163,2.2801,0.3401
1.2499,0.0009,1.1074,1.3063,0.3401
1.4808,0.0007,1.1707,1.3317,0.3444
1.8906,0.0007,0.8481,1.8276,0.3454
1.6511,0.0008,0.8135,1.7465,0.3474
1.9696,0.0007,0.7808,2.1354,0.3477
1.6220,0.0005,1.0245,1.6236,0.3426
1.7684,0.0006,0.8057,1.4428,0.3418
1.7339,0.0008,0.9600,2.0676,0.3418
1.9425,0.0007,0.9700,1.8099,0.3536
1.4042,0.0006,1.2125,1.5407,0.3469
1.5052,0.0007,0.9311,1.5075,0.3469
1.7939,0.0008,0.7256,1.7521,0.3317
1.9752,0.0011,0.9410,1.9757,0.3516
2.0323,0.0006,0.8065,1.8425,0.3514
1.1151,0.0006,0.9933,1.3226,0.3514
1.7203,0.0007,0.8550,1.6207,0.3337
1.9191,0.0005,0.8002,1.9723,0.3528
1.4591,0.0007,1.0262,1.3154,0.3528
1.8863,0.0008,1.2131,2.0167,0.5256
2.0422,0.0006,1.1714,1.9659,0.3672
1.8515,0.0006,0.8891,1.9213,0.3408
1.4586,0.0007,0.9658,1.4660,0.3408
1.6362,0.0007,1.0172,1.2600,0.3559
2.1042,0.0006,1.0268,2.4480,0.3570
1.5269,0.0008,0.9075,1.4050,0.3570
1.5738,0.0009,0.8511,1.6436,0.3534
1.8728,0.0006,0.7786,1.7184,0.3486
2.4562,0.0006,0.8716,2.4716,0.3700
1.7058,0.0006,1.1531,1.7120,0.3551
1.6871,0.0004,1.1295,1.8364,0.3705
1.7554,0.0006,1.0283,1.7411,0.3453
1.6949,0.0007,1.1228,1.6729,0.3453
1.7697,0.0007,0.9591,1.7872,0.3398
1.5478,0.0005,1.1044,1.4994,0.3398
1.8406,0.0004,0.7720,1.7439,0.3498
1.8175,0.0005,0.8462,1.9224,0.3521
2.2135,0.0007,0.9593,1.9890,0.3590
1.6638,0.0007,1.1540,1.8209,0.3518
1.8126,0.0004,1.0112,1.9158,0.3461
1.3855,0.0010,0.8271,1.4120,0.3461
2.0706,0.0006,0.7776,1.9751,0.3450
1.6436,0.0009,0.8695,1.5059,0.3442
1.5734,0.0006,0.9724,1.6702,0.3442
1.8795,0.0009,0.8378,1.9250,0.3451
1.7481,0.0010,0.7949,1.7616,0.3478
1.7226,0.0008,0.7843,1.6460,0.3478
1.8906,0.0008,0.9795,1.5237,0.3823
1.8838,0.0007,0.9846,2.2740,0.3743
1.5876,0.0006,0.9745,1.5834,0.3538
1.8897,0.0007,1.1230,1.9023,0.3564
1.4627,0.0007,0.9779,1.2836,0.3564
1.7843,0.0004,0.9724,1.6749,0.3418
1.5450,0.0005,0.8165,1.6639,0.3553
1.8631,0.0005,0.7743,1.9963,0.3433
2.0440,0.0005,0.7543,1.5041,0.3566
1.8657,0.0008,1.4771,2.0214,0.3909
1.3464,0.0005,1.8118,1.5751,0.3492
1.4578,0.0004,0.9518,1.5589,0.3492
1.9440,0.0004,0.7876,1.5332,0.3579
1.6195,0.0006,1.2078,2.0328,0.3599
1.8317,0.0007,0.8246,1.7960,0.3349
1.9810,0.0006,0.8210,2.0130,0.3674
1.3602,0.0008,0.7732,1.2901,0.3674
1.4747,0.0006,0.7701,1.4079,0.3625
1.7452,0.0005,0.6778,1.8493,0.3539
1.4183,0.0006,0.8595,1.1682,0.3796
1.8888,0.0006,0.7775,2.0798,0.3465
1.7069,0.0004,0.8626,1.6900,0.3465
1.5630,0.0008,0.8102,1.5400,0.3530
1.4165,0.0006,0.8748,1.1191,0.3413
1.3111,0.0006,1.0398,1.6196,0.3413
1.5522,0.0005,0.7907,1.3278,0.3563
1.5323,0.0008,0.8410,1.7046,0.3535
1.5726,0.0005,0.8623,1.6771,0.3328
1.6868,0.0005,0.7575,1.6775,0.3328
1.5218,0.0007,0.7114,1.4297,0.3486
1.8315,0.0009,0.9063,1.8741,0.3831
1.5928,0.0004,0.9295,1.6251,0.3719
1.6146,0.0004,0.7860,1.6315,0.3442
1.6802,0.0005,0.6962,1.6703,0.3480
1.6683,0.0005,0.6766,1.6312,0.3660
1.1751,0.0004,0.7109,0.9486,0.3660
1.6199,0.0004,0.7903,1.6306,0.3434
1.8993,0.0005,0.7157,2.0548,0.3430
1.7166,0.0006,0.7555,1.7796,0.3483
1.5915,0.0007,0.7133,1.5293,0.3368
2.0388,0.0005,0.8580,1.7747,0.3399
1.9425,0.0005,1.4215,2.2310,0.3340
1.6485,0.0004,0.7946,1.5251,0.3569
1.2916,0.0004,0.9347,1.3634,0.3569
1.5031,0.0004,0.9734,1.5557,0.3576
1.4446,0.0005,0.7166,1.3731,0.3516
1.5900,0.0004,0.7844,1.3490,0.3366
1.0773,0.0004,0.8823,1.2811,0.3366
1.2721,0.0004,1.0743,1.3776,0.3587
1.4189,0.0003,0.7608,1.2260,0.3319
1.3511,0.0009,0.6430,1.3883,0.3380
1.7571,0.0006,0.8596,1.8070,0.5151
1.3910,0.0010,1.2455,1.2278,0.3821
1.5988,0.0006,0.8490,1.6915,0.3574
1.4873,0.0007,0.9355,1.4336,0.3574
2.0177,0.0007,0.9966,2.1222,0.3487
1.5485,0.0006,0.9855,1.5949,0.3617
1.5528,0.0010,0.7790,1.3295,0.3490
1.4181,0.0005,0.9544,1.3370,0.3490
1.4709,0.0007,0.8866,1.6926,0.3560
1.5387,0.0004,0.7556,1.3815,0.3402
1.6345,0.0008,1.2284,1.8221,0.5348
1.4599,0.0006,0.8601,1.4029,0.5348
1.8772,0.0004,0.8875,1.9357,0.3406
1.6617,0.0003,0.8284,1.5380,0.3555
1.2209,0.0005,0.9611,1.3804,0.3523
1.6241,0.0004,0.8502,1.5830,0.3416
1.7417,0.0004,0.6970,1.7526,0.3530
1.6446,0.0005,0.7195,1.5524,0.3530
1.5341,0.0006,0.8133,1.1571,0.3449
1.6994,0.0005,0.7224,1.9591,0.3525
2.2804,0.0008,1.0078,2.0341,0.3616
1.5299,0.0008,1.3868,1.9277,0.3417
1.8015,0.0006,0.8772,1.7921,0.3417
1.5453,0.0006,0.7755,1.2299,0.3375
1.7113,0.0005,0.8995,1.7847,0.3557
1.8012,0.0006,0.9731,2.0334,0.3571
1.6882,0.0004,0.7176,1.5033,0.3571
1.7487,0.0005,0.7408,1.8734,0.3525
1.8639,0.0007,0.7109,1.8648,0.3327
1.7452,0.0007,0.8150,1.5242,0.3327
1.8308,0.0006,1.0614,2.0431,0.3522
1.5905,0.0007,0.8919,1.6174,0.3551
1.8084,0.0006,0.8290,1.6983,0.3551
1.6955,0.0007,0.8153,1.6624,0.3465
1.4659,0.0004,0.9557,1.4582,0.3612
1.4958,0.0004,0.8884,1.2949,0.3346
1.5666,0.0003,0.8319,1.9061,0.3707
2.1237,0.0004,0.7203,1.9429,0.3388
1.3662,0.0006,0.9214,1.4907,0.3519
1.9300,0.0003,0.8496,1.7211,0.3640
1.4924,0.0005,1.3710,1.2206,0.3794
0.8436,0.0003,1.1632,1.0403,0.3794
2.1587,0.0004,0.7504,2.4215,0.3916
1.8879,0.0004,0.7155,1.8891,0.3301
1.6928,0.0005,0.8210,1.6821,0.3469
1.7346,0.0016,0.7312,1.7333,0.3481
1.3109,0.0006,0.7471,1.3357,0.3481
1.7400,0.0004,0.7160,1.3487,0.3399
1.7384,0.0005,1.1826,2.0874,0.3408
1.0794,0.0004,0.8591,1.0858,0.3408
1.9084,0.0007,0.6814,1.8240,0.3473
1.5946,0.0005,0.8927,1.3532,0.3945
1.2089,0.0005,1.1232,1.5149,0.3948
1.8500,0.0003,1.0558,1.8340,0.3480
0.9984,0.0003,0.7236,1.0126,0.3480
1.4734,0.0004,0.7697,1.3713,0.3500
1.8494,0.0008,0.9544,1.9319,0.3448
0.9275,0.0005,0.7845,0.8389,0.3448
1.7802,0.0008,0.8981,1.8697,0.3594
1.0958,0.0007,0.9422,0.8285,0.3594
2.2121,0.0006,0.8078,2.4457,0.3729
1.4002,0.0005,0.7421,1.4138,0.3564
1.1204,0.0006,0.8328,0.9895,0.3564
1.7214,0.0005,0.8390,1.5641,0.3416
1.4350,0.0005,0.9341,1.6466,0.3416
2.1844,0.0004,0.8460,2.2153,0.3672
1.4604,0.0006,0.7756,1.4766,0.3544
1.3178,0.0007,0.7970,1.3121,0.3544
1.4903,0.0005,0.7825,1.4940,0.3505
1.1317,0.0005,0.7346,1.1322,0.3505
1.7642,0.0007,0.7014,1.6020,0.3476
1.3392,0.0004,0.8822,1.3076,0.3476
1.8782,0.0005,0.9904,1.7644,0.3614
1.7872,0.0005,1.2133,1.8527,0.3637
1.9819,0.0005,1.0322,2.0612,0.3665
0.8148,0.0003,1.1235,0.9799,0.3665
2.1039,0.0004,0.6715,1.7771,0.3459
1.5329,0.0004,1.1429,1.7980,0.3599
1.2093,0.0004,1.1191,1.2370,0.3599
1.6161,0.0005,0.6849,1.1218,0.3501
1.5586,0.0007,0.7786,1.8661,0.3490
1.6258,0.0006,0.7727,1.6117,0.3493
2.0865,0.0007,0.7566,1.7787,0.3423
1.4048,0.0007,1.2269,1.6517,0.3423
1.9654,0.0006,0.9252,2.1541,0.3650
1.1856,0.0005,0.7947,1.2118,0.3650
2.0286,0.0005,0.7168,1.8223,0.3340
1.5228,0.0004,1.1812,1.6903,0.3528
1.0889,0.0005,0.8007,0.9837,0.3528
1.7579,0.0004,0.8326,1.8974,0.3502
1.6437,0.0005,0.6958,1.6191,0.3502
1.5827,0.0006,0.7019,1.4839,0.3429
1.3799,0.0007,0.7877,1.3435,0.3429
2.2105,0.0010,0.6991,1.6433,0.3606
1.3856,0.0005,1.1579,1.8724,0.3895
1.6500,0.0005,0.9560,1.8106,0.3404
1.9816,0.0007,0.9363,1.9574,0.3356
1.6142,0.0006,0.8381,1.5130,0.3730
1.4478,0.0008,0.8957,1.5920,0.3476
1.5871,0.0003,0.7409,1.5129,0.3476
1.4896,0.0004,0.8165,1.4945,0.3526
1.6950,0.0003,0.8429,1.7351,0.3414
2.1784,0.0006,0.8946,1.8460,0.3607
1.6712,0.0008,1.2093,1.2215,0.3875
1.4521,0.0006,1.5641,2.0718,0.3626
1.1822,0.0005,0.9408,1.2214,0.3626
1.9976,0.0006,0.8856,1.5187,0.3734
1.7144,0.0006,0.9876,2.1801,0.3463
1.9480,0.0007,0.8674,1.8981,0.3372
1.8393,0.0004,0.8982,1.9164,0.3618
1.5769,0.0004,0.8192,1.4476,0.3329
1.8445,0.0007,0.9141,1.9700,0.3611
2.0725,0.0009,0.9494,1.9230,0.3608
1.5533,0.0007,1.0164,1.4332,0.3608
1.9559,0.0008,0.9975,1.9517,0.3671
1.7047,0.0006,1.2073,1.7800,0.3671
1.4843,0.0006,0.8142,1.6705,0.3600
1.6655,0.0003,0.7641,1.4203,0.3521
1.9898,0.0005,0.8438,2.1068,0.3449
1.6465,0.0004,0.9712,1.7760,0.3499
1.9039,0.0004,0.7575,1.8665,0.3360
1.7183,0.0005,0.7809,1.7099,0.3360
2.3195,0.0009,0.7954,1.9686,0.3839
1.4785,0.0007,1.2510,1.8253,0.3513
1.7322,0.0008,0.9204,1.6823,0.3381
1.5255,0.0005,1.0163,1.5953,0.3381
1.6451,0.0007,0.6893,1.3429,0.3443
1.8212,0.0006,0.7391,1.6429,0.3479
1.2729,0.0002,0.8130,1.6967,0.3451
1.5270,0.0004,0.7309,1.4703,0.3531
1.5259,0.0004,0.8148,1.4845,0.3480
1.8538,0.0012,0.7743,1.8980,0.3513
2.0400,0.0006,0.8981,1.9798,0.5652
1.3979,0.0003,1.4436,1.4136,0.5652
1.7478,0.0007,0.8609,1.4982,0.3596
1.6725,0.0007,0.9498,1.6679,0.3596
1.4649,0.0006,0.8075,1.5502,0.3564
1.8620,0.0007,0.8452,2.0782,0.3424
1.5247,0.0005,0.7403,1.5587,0.3424
1.5976,0.0004,0.6824,1.4560,0.3486
1.5975,0.0004,0.8433,1.6743,0.3310
1.7929,0.0005,0.8075,1.7914,0.3310
1.6566,0.0008,0.8609,1.3800,0.3708
1.9793,0.0006,0.9292,2.2561,0.3475
1.3261,0.0004,0.8170,0.9987,0.3473
1.2770,0.0006,0.9736,1.5229,0.3473
1.5064,0.0008,0.6880,1.4224,0.3568
1.4463,0.0007,0.8719,1.5933,0.3481
1.8973,0.0005,0.8423,1.7973,0.3500
1.4721,0.0006,1.0215,1.2340,0.3516
1.5229,0.0006,0.9582,1.8357,0.3741
1.3395,0.0010,0.8004,1.3555,0.3741
1.5539,0.0007,0.7400,1.2610,0.3450
1.8423,0.0007,0.8738,2.0651,0.3653
1.6837,0.0007,0.8932,1.6140,0.3653
1.7846,0.0007,0.8278,1.5415,0.3382
1.2866,0.0007,0.9556,1.5593,0.3382
1.7371,0.0006,0.7103,1.7946,0.3621
1.5354,0.0006,0.7715,1.2942,0.3470
1.7195,0.0005,0.8918,1.9645,0.3532
1.2093,0.0005,0.7510,0.9117,0.3532
1.8340,0.0005,0.9685,2.1124,0.3409
1.0990,0.0005,0.9451,0.9624,0.3409
1.7392,0.0009,0.7166,1.8240,0.3648
1.4493,0.0006,0.8256,1.4329,0.3580
1.6067,0.0008,0.8747,1.6010,0.3672
0.9541,0.0007,0.8257,0.9429,0.3672
1.5415,0.0005,0.7170,1.3437,0.3364
1.5433,0.0009,0.7434,1.5070,0.3456
1.9518,0.0006,0.7243,2.1218,0.3449
1.0681,0.0006,0.8047,1.0498,0.3449
1.3020,0.0006,0.9934,1.3513,0.3373
1.4738,0.0006,0.9627,1.3463,0.3514
1.5903,0.0005,0.9115,1.7876,0.3416
1.2611,0.0007,0.7844,1.2153,0.3608
1.9128,0.0008,0.6932,1.5933,0.3735
1.1503,0.0005,1.0847,1.4533,0.3478
1.3628,0.0008,0.7294,1.2875,0.3478
1.8508,0.0007,0.6629,1.8565,0.3436
1.3545,0.0004,0.8207,1.1038,0.3521
1.2226,0.0010,1.0234,1.4819,0.3521
1.7338,0.0006,0.8220,1.6840,0.3616
1.7335,0.0007,1.0303,1.7921,0.3416
1.3745,0.0005,0.7700,1.3123,0.3416
1.6886,0.0005,0.8721,1.6835,0.3618
1.9386,0.0007,0.9346,1.8440,0.3760
1.2141,0.0006,1.2223,1.2975,0.3518
1.7889,0.0005,0.9883,1.7596,0.3614
1.4909,0.0003,0.8086,1.5524,0.3614
1.7147,0.0004,0.6866,1.7121,0.3642
1.2859,0.0003,0.7151,1.3027,0.3642
1.7796,0.0004,0.6931,1.3713,0.3424
1.5431,0.0005,0.9666,1.7888,0.3469
1.5208,0.0006,0.9258,1.6733,0.3469
1.7825,0.0004,0.7558,1.7806,0.3546
1.4607,0.0004,0.6321,1.3023,0.3546
1.5549,0.0007,0.7207,1.5263,0.3600
1.6189,0.0009,1.0491,1.4998,0.3686
2.0104,0.0007,0.8524,2.2523,0.3529
1.4522,0.0007,0.7850,1.3497,0.3529
2.0998,0.0006,0.8068,2.1726,0.3560
1.3926,0.0005,0.7764,1.3991,0.3631
1.7185,0.0004,0.9073,1.7401,0.3631
1.7888,0.0005,0.7513,1.6120,0.3408
1.2063,0.0003,0.9129,1.3634,0.3408
1.3996,0.0004,0.6723,1.3391,0.3479
1.5336,0.0005,0.7272,1.4760,0.3551
1.7013,0.0006,0.9160,1.2074,0.3551
1.7504,0.0008,1.1580,2.0178,0.3574
1.2814,0.0005,0.9345,1.2585,0.3449
1.1859,0.0005,0.7734,1.5357,0.3449
1.5942,0.0006,0.9161,1.4910,0.3398
1.0602,0.0003,0.7598,1.0895,0.3398
1.6782,0.0005,0.7995,1.6314,0.3462
1.0827,0.0004,0.7584,1.1267,0.3462
1.3780,0.0006,0.6967,1.2830,0.3549
1.6039,0.0006,0.7421,1.7317,0.3522
1.2458,0.0004,0.6380,1.2662,0.3442
1.6434,0.0003,0.6564,1.5823,0.3442
1.4725,0.0006,0.7788,1.2659,0.3903
1.5046,0.0004,0.8377,1.6078,0.3553
1.5488,0.0005,0.8068,1.4529,0.3390
1.6812,0.0003,0.8468,1.8189,0.3491
1.8508,0.0006,0.9659,1.9300,0.3363
1.1438,0.0004,0.7782,1.0193,0.3553
1.3413,0.0004,0.7753,1.4192,0.3391
1.3109,0.0004,0.7243,1.3468,0.3391
1.5814,0.0004,0.6019,1.3158,0.3535
1.4365,0.0004,0.7397,1.6461,0.3535
1.8244,0.0004,0.6070,1.8306,0.3450
1.5822,0.0004,0.8757,1.5258,0.3637
1.6290,0.0004,0.9532,1.3183,0.4004
1.8733,0.0004,0.8677,2.2570,0.3381
1.6481,0.0004,0.9898,1.5828,0.3517
1.4565,0.0004,0.8080,1.5306,0.3462
1.6324,0.0006,0.6235,1.1641,0.3517
1.3411,0.0005,0.7548,1.7953,0.3632
1.1894,0.0003,0.6656,0.8614,0.3683
1.5701,0.0003,0.7930,1.8849,0.3683
1.4352,0.0003,0.6728,1.3456,0.3448
2.0169,0.0005,0.8481,2.0430,0.3548
1.1858,0.0007,0.7951,0.9918,0.3548
1.3934,0.0008,0.7166,1.6260,0.3457
1.1724,0.0004,0.8487,1.1455,0.3633
1.4098,0.0007,0.8249,1.2609,0.3416
1.5896,0.0008,0.6816,1.4189,0.3470
1.1725,0.0004,0.7775,1.5217,0.3470
1.1755,0.0006,0.6734,1.1083,0.3504
1.5795,0.0005,0.6544,1.6498,0.3742
1.3762,0.0004,0.7116,1.3493,0.3393
1.1859,0.0003,0.6351,1.0210,0.3393
1.9597,0.0006,0.6257,2.0218,0.3528
1.6057,0.0008,0.7935,1.6143,0.3775
1.3774,0.0006,0.8674,1.4225,0.3559
1.2023,0.0004,0.7390,1.2251,0.3461
1.4923,0.0004,0.6779,1.3610,0.3546
0.8501,0.0003,0.7369,0.8509,0.3420
1.3340,0.0004,0.7031,1.2728,0.3591
0.8844,0.0004,0.7815,1.0639,0.3537
0.9560,0.0004,0.6003,0.9681,0.3537
1.4326,0.0004,0.5532,1.2826,0.3414
1.0171,0.0003,0.7052,1.0340,0.3414
1.4362,0.0003,0.6167,1.5370,0.3571
1.0632,0.0003,0.5810,0.9610,0.3571
1.4419,0.0004,0.6926,1.3214,0.3524
1.4699,0.0007,1.2350,1.5539,0.3503
1.7535,0.0009,0.9442,1.6489,0.3739
1.6958,0.0006,1.1269,1.8890,0.3599
1.7329,0.0007,0.6840,1.7054,0.3673
0.9958,0.0005,0.7052,1.0163,0.3592
0.9056,0.0007,0.6857,0.9105,0.3592
1.4146,0.0006,0.6446,1.3272,0.3604
1.6738,0.0004,0.7069,1.4798,0.3612
1.7010,0.0004,0.8354,1.8215,0.3496
0.8643,0.0004,0.8019,0.8588,0.3496
1.1420,0.0004,0.7996,1.2369,0.3489
1.2780,0.0004,0.8140,1.1072,0.3473
2.3754,0.0008,0.7716,2.4992,0.3888
1.2160,0.0008,0.8688,1.2788,0.3490
0.9514,0.0006,0.8151,0.8117,0.3490
1.5435,0.0005,0.8213,1.7047,0.3556
1.1072,0.0003,0.5966,1.1015,0.3632
1.3982,0.0004,0.5951,1.3755,0.3451
1.2056,0.0005,0.6257,1.1744,0.3406
1.3317,0.0006,0.6255,1.2542,0.3393
1.3498,0.0004,0.6177,1.4557,0.3609
1.4196,0.0004,0.6494,0.9850,0.3379
1.2246,0.0004,0.8088,1.4725,0.3379
1.7011,0.0007,0.7905,1.4168,0.3545
2.1932,0.0006,1.5014,2.5630,0.3972
1.4351,0.0007,0.9627,1.4667,0.3547
1.8889,0.0005,1.0299,1.8785,0.3537
0.9179,0.0006,0.9074,0.7797,0.3545
1.4439,0.0004,0.8019,1.3791,0.3634
1.1002,0.0005,1.0244,1.2536,0.3634
1.5778,0.0004,0.7826,1.6736,0.3489
1.7853,0.0003,0.6613,1.7622,0.3533
1.2322,0.0004,0.6675,1.2289,0.3524
1.1193,0.0003,0.5945,0.9654,0.3524
1.4854,0.0006,0.6034,1.2975,0.3564
1.5993,0.0006,0.7932,1.8865,0.3564
1.4441,0.0005,1.0321,1.1943,0.3752
1.3657,0.0004,1.3900,1.3596,0.3446
1.3671,0.0004,0.8226,1.6463,0.3446
1.3238,0.0004,0.8538,1.3128,0.3608
1.3581,0.0003,0.8645,1.2417,0.3733
1.1032,0.0003,0.8295,1.1177,0.3733
1.7338,0.0004,0.6658,1.8267,0.3473
1.6003,0.0004,0.6401,1.5186,0.3473
1.5984,0.0004,0.6512,1.3073,0.3615
1.4366,0.0003,0.7991,1.5225,0.3615
1.6641,0.0006,0.7004,1.9236,0.3395
1.4871,0.0005,0.7148,1.0905,0.5373
1.0360,0.0007,0.9730,1.3876,0.5373
1.4690,0.0004,0.9113,1.4040,0.3598
1.6556,0.0004,0.6105,1.4240,0.3409
1.7969,0.0003,0.7628,2.0336,0.3409
1.3346,0.0003,0.8086,1.4300,0.3442
1.4666,0.0004,0.7111,1.4804,0.3442
1.5663,0.0004,0.6203,1.4589,0.3473
1.8065,0.0004,0.6872,1.4523,0.3402
1.1605,0.0004,0.8822,1.5405,0.3371
1.3502,0.0006,0.6954,1.3913,0.3483
1.2686,0.0007,0.9049,1.0729,0.3433
1.9141,0.0006,1.0707,2.0851,0.3848
1.4591,0.0008,0.7460,1.2472,0.3541
1.7543,0.0006,0.6629,1.9700,0.3391
1.2646,0.0004,0.6627,1.2608,0.3425
1.2212,0.0005,0.6695,1.2410,0.3425
1.5897,0.0003,0.7333,1.4507,0.3520
1.9889,0.0294,0.7877,1.9860,0.3564
1.0137,0.0003,0.8041,1.0031,0.3564
1.3159,0.0003,0.9233,1.4400,0.3599
1.3770,0.0003,0.7907,1.3765,0.3485
1.8301,0.0007,0.6107,1.7254,0.3601
1.3030,0.0005,0.9446,1.0365,0.3747
2.0093,0.0006,1.0969,2.3428,0.3394
1.2127,0.0003,0.6748,1.2018,0.3394
1.1694,0.0004,0.6113,1.0150,0.3400
1.5990,0.0003,0.6233,1.4945,0.3512
1.3227,0.0003,0.8250,1.3637,0.3512
1.7899,0.0004,0.7744,1.7387,0.3414
1.4637,0.0003,0.7270,1.6158,0.3419
2.1149,0.0006,0.6716,2.2023,0.3477
1.4575,0.0006,0.7275,1.3088,0.3431
1.2075,0.0006,0.8804,1.2992,0.3431
2.2061,0.0003,0.7579,2.2304,0.3535
1.3553,0.0003,0.7241,1.3947,0.3535
1.5127,0.0005,0.6329,1.1848,0.3514
1.9376,0.0004,0.6939,2.1532,0.3618
1.3223,0.0004,0.8530,0.8600,0.3605
1.0671,0.0003,1.0508,1.4108,0.3605
1.9111,0.0004,0.6759,2.0940,0.3426
1.0771,0.0005,0.6274,0.9801,0.3387
1.5368,0.0006,0.6284,1.6142,0.3363
1.3817,0.0005,0.6160,1.0260,0.3602
1.5060,0.0006,0.7726,1.7315,0.3506
1.3661,0.0005,0.7813,1.4772,0.3475
1.1306,0.0003,0.6872,1.1566,0.3475
1.4348,0.0003,0.6190,1.3628,0.3516
1.3790,0.0003,0.6979,1.1036,0.3476
1.4906,0.0004,0.8427,1.6277,0.3455
1.2988,0.0003,0.8996,1.3109,0.3547
1.3323,0.0004,0.8583,1.3853,0.3476
1.4201,0.0003,0.7754,1.3391,0.3499
1.2567,0.0003,0.6476,1.3305,0.3527
1.1435,0.0004,0.6409,1.2689,0.3411
1.7128,0.0005,0.5754,1.6168,0.3520
1.4902,0.0007,0.6793,1.5161,0.3979
1.6406,0.0005,0.7861,1.6393,0.3825
1.6804,0.0007,0.8569,1.7004,0.3825
1.1576,0.0009,0.8201,0.9655,0.3525
1.7746,0.0008,0.6990,1.8817,0.3435
1.0896,0.0006,0.7391,1.1650,0.3435
1.2966,0.0003,0.9011,1.3021,0.3539
1.2465,0.0004,0.6602,1.0543,0.3635
1.2603,0.0006,1.0779,1.1103,0.3635
1.4152,0.0003,0.8699,1.6687,0.3371
1.4992,0.0003,0.7009,1.5253,0.3590
1.4074,0.0007,0.6773,1.3736,0.3590
1.8902,0.0006,1.1375,1.9000,0.3610
1.7627,0.0006,0.9472,1.8023,0.3520
1.3020,0.0004,0.7053,1.1482,0.3520
1.7206,0.0006,0.6395,1.8579,0.3417
1.4091,0.0004,0.7978,1.3001,0.3434
1.4697,0.0004,0.7726,1.4551,0.3527
1.5491,0.0005,0.7112,1.3445,0.3513
1.2396,0.0005,0.7942,1.4022,0.3513
1.3179,0.0003,0.6814,1.4890,0.3641
1.6357,0.0006,0.6150,1.6230,0.3654
1.4186,0.0004,0.6284,1.0894,0.3459
2.0385,0.0005,0.6888,2.0719,0.3791
1.1142,0.0005,1.0335,1.1301,0.3490
1.4631,0.0004,1.1268,1.7235,0.3548
1.4251,0.0003,0.6940,1.4019,0.3548
1.3173,0.0009,0.6475,1.3015,0.3462
1.3460,0.0005,0.6394,1.2361,0.3592
1.1461,0.0004,0.7905,1.0950,0.3592
1.5385,0.0005,0.6697,1.5564,0.3548
2.0703,0.0005,0.6699,2.1002,0.3527
1.0158,0.0003,0.8347,0.7571,0.3413
1.1118,0.0003,0.8730,1.3428,0.3469
1.0439,0.0005,0.9703,1.1715,0.3469
1.1336,0.0003,0.8554,1.0090,0.3632
1.3353,0.0003,0.6654,1.4610,0.3752
1.3577,0.0003,0.6495,1.2574,0.3839
1.2281,0.0003,0.9780,1.3171,0.3553
1.4334,0.0003,0.6328,1.3234,0.3410
1.1400,0.0004,0.7969,1.1353,0.3410
1.4808,0.0004,0.7503,1.3758,0.3567
1.0710,0.0003,0.8955,0.9782,0.3374
1.3751,0.0003,0.8909,1.6450,0.3653
1.2907,0.0004,0.6750,1.3226,0.3653
1.4499,0.0004,0.6900,1.2944,0.3534
1.1387,0.0005,0.7847,1.1062,0.3534
1.6513,0.0007,0.8569,1.4328,0.3471
1.0417,0.0005,1.2474,1.3849,0.3471
1.5367,0.0006,0.8370,1.4010,0.3598
1.3358,0.0006,0.8978,1.4980,0.3519
1.2776,0.0004,0.7080,1.1163,0.3394
1.0569,0.0004,0.7928,1.1760,0.3394
1.6626,0.0003,0.6767,1.6018,0.3595
1.3698,0.0004,0.6205,1.4626,0.3372
1.2596,0.0004,0.6341,1.2596,0.3502
1.2315,0.0004,0.6347,1.0401,0.3463
1.1121,0.0006,0.8684,1.1391,0.3463
1.9580,0.0006,0.8573,1.9359,0.3384
1.2447,0.0006,0.8518,1.3352,0.3384
1.8193,0.0008,0.9515,1.4464,0.3893
1.6205,0.0005,1.3793,2.0069,0.3516
1.4897,0.0004,0.8165,1.1394,0.3391
1.1063,0.0004,0.9178,1.4897,0.3391
1.2424,0.0003,0.6918,1.0031,0.3551
1.5026,0.0004,0.6163,1.5756,0.3469
1.3546,0.0005,0.7937,1.1368,0.3451
1.2699,0.0004,0.8562,1.3963,0.3451
1.8258,0.0006,0.6911,2.0531,0.3495
1.1678,0.0004,0.5954,1.1086,0.3499
0.9869,0.0002,0.6594,0.9192,0.3499
1.4695,0.0005,0.5741,1.2426,0.3337
1.6156,0.0009,0.6672,1.8908,0.3455
1.4980,0.0006,1.1425,1.3280,0.3767
1.9051,0.0004,1.1465,2.1112,0.3418
1.3679,0.0003,0.7744,1.3999,0.3418
1.4079,0.0004,0.6102,1.3763,0.3366
1.2957,0.0003,0.7094,1.0181,0.3367
1.2691,0.0005,0.8999,1.5432,0.3606
1.1337,0.0006,0.7522,1.1098,0.3606
1.5112,0.0006,0.6200,1.5150,0.3492
1.4145,0.0004,0.7547,1.4041,0.3391
1.4143,0.0006,0.6773,1.4097,0.3391
1.7395,0.0006,0.6740,1.6912,0.3436
1.5404,0.0003,0.7510,1.1597,0.3910
1.1805,0.0003,0.9883,1.4609,0.3910
1.4360,0.0004,0.8697,1.4076,0.3556
1.5019,0.0003,0.8125,1.6371,0.3556
1.3850,0.0004,0.8421,1.0998,0.3565
1.2989,0.0004,0.8488,1.4223,0.3565
1.4204,0.0004,0.8033,1.5959,0.3473
1.5949,0.0004,0.6866,1.5902,0.3579
1.2799,0.0004,0.6516,1.2527,0.3428
1.2096,0.0003,0.6225,1.0095,0.3428
1.9395,0.0004,0.7059,1.9272,0.3613
1.7700,0.0006,0.9568,1.6242,0.3548
1.2202,0.0006,1.1375,1.5586,0.3548
1.7255,0.0004,0.8584,1.6542,0.3543
1.6372,0.0002,0.8189,1.6974,0.3385
1.5570,0.0004,0.5918,1.5716,0.3495
1.2701,0.0005,0.5867,1.1461,0.3441
1.5703,0.0004,0.7016,1.2972,0.3674
1.6445,0.0005,0.8233,2.0219,0.3570
1.6738,0.0003,0.7758,1.6698,0.3381
1.6556,0.0007,0.6340,1.6612,0.3551
1.3754,0.0008,0.7511,1.0704,0.3551
1.7116,0.0007,0.8367,1.8335,0.3716
1.2740,0.0005,0.9018,1.2428,0.3716
1.0552,0.0003,1.0756,1.2048,0.3683
1.2784,0.0004,0.8603,1.0570,0.3582
1.1876,0.0003,0.9690,1.2846,0.3678
1.3796,0.0003,0.6294,1.4433,0.3495
1.2267,0.0003,0.8408,1.0215,0.3500
1.0678,0.0003,0.8406,1.3590,0.3386
1.3204,0.0004,0.6510,1.0928,0.3386
1.7873,0.0004,0.7404,1.9958,0.3640
1.1213,0.0006,0.7108,0.8542,0.3603
0.9144,0.0004,0.8201,1.1801,0.3603
1.6609,0.0005,0.8545,1.3376,0.3533
1.4069,0.0005,0.9308,1.5157,0.3533
1.9020,0.0005,1.0366,2.0854,0.3582
1.0772,0.0003,0.7422,0.7920,0.3529
1.1485,0.0003,0.7586,1.4382,0.3529
1.3333,0.0005,0.6374,1.1680,0.3658
0.9925,0.0005,0.8286,1.1422,0.3658
1.6074,0.0004,0.8377,1.5677,0.3642
1.3229,0.0005,0.6516,1.1939,0.3597
1.2424,0.0004,0.8933,1.2482,0.3551
1.4818,0.0005,0.9498,1.6355,0.3551
1.2966,0.0005,0.6098,1.2736,0.3605
1.3801,0.0006,0.6614,1.2115,0.3718
1.6330,0.0004,0.7571,1.7685,0.3640
1.0333,0.0003,0.8186,1.0539,0.3992
1.3337,0.0004,0.6991,1.2082,0.3493
1.0281,0.0003,0.8125,1.0476,0.3514
1.0598,0.0003,0.7391,1.1721,0.3514
1.2873,0.0004,0.8895,1.2762,0.3578
1.7348,0.0008,0.6315,1.6611,0.3455
1.2001,0.0005,0.7489,1.0994,0.3395
1.5872,0.0005,0.8871,1.7316,0.3483
1.0041,0.0005,0.7301,0.7796,0.3483
1.1954,0.0006,0.8116,1.4254,0.3462
0.9779,0.0003,0.6080,0.9829,0.3521
1.3213,0.0004,0.6146,1.1862,0.3476
2.3570,0.0006,0.6348,2.2520,0.3770
0.8117,0.0005,0.9634,1.0276,0.3770
1.5474,0.0005,0.7230,1.4954,0.3404
1.1829,0.0006,0.6892,1.2349,0.3593
1.2637,0.0004,0.6336,1.2701,0.3478
1.3698,0.0003,0.5939,1.3427,0.3425
1.3709,0.0003,0.7576,1.3849,0.5524
1.5375,0.0005,1.0433,1.5397,0.3731
1.4795,0.0003,0.5982,1.4700,0.3520
1.1692,0.0004,0.5731,1.0440,0.3520
1.3209,0.0004,0.7255,1.2677,0.3454
1.3037,0.0007,0.6420,1.4136,0.3658
1.4417,0.0005,0.6179,1.3909,0.3894
1.2343,0.0006,0.6823,1.3129,0.3824
1.7105,0.0006,0.6796,1.5193,0.3467
1.6665,0.0008,0.6422,1.5466,0.3558
1.3284,0.0005,0.7797,1.4351,0.3558
1.5138,0.0006,0.6616,1.4956,0.3455
1.2432,0.0008,0.7524,1.4610,0.3455
1.2711,0.0006,0.6411,1.2403,0.3670
1.2918,0.0004,0.6252,1.2374,0.3545
1.5239,0.0003,0.6214,1.4292,0.3543
1.5055,0.0006,0.6352,1.3720,0.3549
1.5094,0.0004,0.9810,1.7603,0.3441
1.3644,0.0005,0.8001,0.9983,0.3441
1.6814,0.0006,1.2083,2.0041,0.3778
1.6589,0.0004,0.7197,1.6966,0.3751
1.0844,0.0004,0.6963,0.9980,0.3751
1.2803,0.0004,0.7563,1.2443,0.3513
1.4211,0.0003,0.7950,1.4073,0.3589
1.2828,0.0004,0.7692,1.1054,0.3589
1.5625,0.0004,0.7094,1.8444,0.3573
1.1336,0.0004,0.6809,1.0054,0.3573
1.3537,0.0004,0.6953,1.4961,0.3509
1.0975,0.0002,0.7812,1.0872,0.3413
1.4450,0.0004,0.6167,1.3693,0.3541
1.7780,0.0003,0.7120,1.7546,0.3812
1.1677,0.0002,0.8179,1.2782,0.3812
1.5366,0.0005,0.6219,1.2025,0.3409
1.5044,0.0004,0.7300,1.7263,0.3516
1.2917,0.0004,1.0488,1.3656,0.3742
1.6179,0.0005,0.6685,1.5853,0.3425
1.5501,0.0003,0.7418,1.4917,0.3458
1.9080,0.0004,0.5763,1.9858,0.3650
1.2225,0.0002,0.5857,1.2192,0.3683
1.1117,0.0004,0.6100,0.9488,0.3683
1.1992,0.0004,0.6257,1.3640,0.3520
1.6877,0.0008,0.6419,1.3690,0.3861
1.3458,0.0006,1.5382,1.4166,0.3861
1.4719,0.0006,1.1893,1.5530,0.3510
1.7307,0.0006,0.8081,1.5112,0.3428
1.3939,0.0004,0.8418,1.7014,0.3428
1.1191,0.0004,0.7095,1.0421,0.3719
1.3830,0.0002,1.0963,1.2851,0.3542
1.4803,0.0003,0.6691,1.5358,0.3413
1.5756,0.0005,0.7343,1.4863,0.3552
1.5014,0.0004,0.8182,1.4424,0.3658
1.4085,0.0003,0.7494,1.4553,0.3378
1.5412,0.0005,0.6303,1.5210,0.3527
1.3171,0.0004,0.7893,1.5332,0.3521
1.6273,0.0005,0.7309,1.6251,0.3790
1.3597,0.0004,0.7263,1.3164,0.3618
1.3988,0.0004,0.7848,1.3425,0.3530
1.2286,0.0008,0.8573,1.2992,0.3425
1.6292,0.0003,0.7955,1.4208,0.3414
1.8542,0.0004,0.9485,1.9292,0.3414
1.6594,0.0005,0.9684,1.2185,0.3481
1.3349,0.0005,0.9470,1.8993,0.3481
1.4201,0.0003,0.8756,1.3637,0.3468
1.7118,0.0009,0.7349,1.6916,0.3536
1.4601,0.0007,0.8599,1.0895,0.3614
1.5749,0.0005,1.5013,1.8438,0.3614
1.6151,0.0007,1.0953,1.5883,0.3676
1.4195,0.0007,1.0408,1.5875,0.3453
1.1706,0.0007,0.7629,1.1974,0.3453
1.5368,0.0007,0.6772,1.3690,0.3424
1.3333,0.0004,0.7551,1.4853,0.3587
1.2724,0.0004,0.8869,1.1694,0.3460
1.1636,0.0008,0.8137,1.2380,0.3561
1.3520,0.0007,0.9932,1.1669,0.3467
1.4380,0.0005,0.7997,1.4617,0.3491
1.9529,0.0014,0.8201,2.0577,0.3458
1.6686,0.0008,0.9123,1.6906,0.3630
1.3919,0.0004,0.8722,1.2122,0.3665
2.1737,0.0004,0.6943,2.2280,0.3481
1.3001,0.0005,0.8294,1.2757,0.3481
1.6552,0.0004,0.7221,1.7860,0.3513
1.8400,0.0006,0.7216,1.5185,0.3486
1.3647,0.0004,0.8667,1.6693,0.3339
1.6218,0.0006,0.7825,1.6035,0.3366
1.2395,0.0004,0.7450,1.2169,0.3366
2.5555,0.0011,0.7801,2.4450,0.3638
1.6319,0.0007,1.0328,1.5836,0.3843
1.2891,0.0007,1.0923,1.3935,0.3843
1.7876,0.0005,0.8805,1.8031,0.3474
1.8258,0.0011,0.8443,1.7948,0.3474
1.8889,0.0008,0.8413,1.8544,0.3569
1.5340,0.0006,0.9109,1.5964,0.3569
2.1397,0.0005,0.9047,2.1143,0.3490
1.6357,0.0007,0.7600,1.6188,0.3545
1.4769,0.0011,0.8648,1.1698,0.3545
2.4005,0.0009,0.9784,2.0792,0.3521
1.6201,0.0007,1.2633,2.2372,0.3496
1.7259,0.0007,0.8987,1.4049,0.3496
1.8100,0.0006,0.8014,2.1179,0.3402
1.2111,0.0007,0.8267,1.1019,0.3495
1.3214,0.0007,0.9496,1.2831,0.3495
2.0615,0.0007,1.0312,2.1701,0.3332
1.7054,0.0005,0.7160,1.7136,0.3566
1.2741,0.0004,0.7504,1.2068,0.3566
2.0313,0.0007,0.8565,2.0067,0.3691
1.1176,0.0006,0.9760,1.0677,0.3691
1.9980,0.0008,1.0224,2.0135,0.3828
2.0538,0.0007,1.3376,2.1309,0.3664
1.2694,0.0008,0.9835,1.2898,0.3458
1.1047,0.0005,0.7701,0.8143,0.3458
1.4489,0.0005,0.7434,1.6133,0.3636
1.5703,0.0004,0.7312,1.5886,0.3463
1.5029,0.0004,0.8957,1.5984,0.3423
1.5173,0.0004,0.6901,1.5008,0.3503
1.3831,0.0007,0.8708,1.1130,0.3503
1.5247,0.0004,0.8029,1.6464,0.3544
1.8462,0.0003,0.7673,1.8926,0.3882
1.3880,0.0008,0.8830,1.3615,0.3561
1.5553,0.0008,0.9191,1.6227,0.3496
1.3566,0.0007,0.8770,1.3785,0.3496
1.8632,0.0005,0.7714,1.7423,0.3442
1.4734,0.0005,1.0375,1.2565,0.3486
1.7281,0.0006,0.9631,2.0073,0.3417
1.7211,0.0006,0.8784,1.6384,0.3417
2.0430,0.0009,1.3336,1.9719,0.3446
1.7006,0.0006,1.0395,1.6909,0.3453
1.3524,0.0007,1.2129,1.3101,0.3453
1.7346,0.0006,1.0648,1.8379,0.3793
2.1434,0.0005,1.0213,2.2449,0.3373
1.6329,0.0005,0.8085,1.4422,0.3503
1.5974,0.0006,0.9627,1.6339,0.3513
1.2714,0.0005,0.9174,1.4181,0.3513
1.6268,0.0007,0.8312,1.4877,0.3596
1.8961,0.0005,1.0778,1.9914,0.3396
1.2601,0.0005,0.8049,1.2854,0.3686
1.7528,0.0009,0.6877,1.7071,0.3651
1.3134,0.0007,0.8823,1.3079,0.3651
1.5033,0.0006,0.8701,1.1409,0.4011
2.1438,0.0008,0.8003,2.4542,0.3929
1.3405,0.0008,0.8836,1.3789,0.3507
1.4738,0.0006,0.8429,1.4786,0.3446
1.6070,0.0006,0.8500,1.4382,0.3561
2.4573,0.0009,1.0980,2.4662,0.3506
1.3762,0.0005,1.2500,1.4130,0.3506
1.7371,0.0005,0.7565,1.6846,0.3350
2.1356,0.0011,0.7400,2.1939,0.3532
1.3648,0.0010,0.9113,1.3744,0.3532
1.8915,0.0005,1.0561,1.9258,0.3783
1.6157,0.0004,1.1810,1.5883,0.3417
1.1868,0.0003,0.8033,1.0866,0.3417
1.6328,0.0004,0.7159,1.4446,0.3541
1.8124,0.0005,0.7928,1.8897,0.3433
1.9038,0.0005,1.0576,2.1068,0.3411
1.2443,0.0003,0.8232,1.1467,0.3411
1.4997,0.0005,1.0485,1.4588,0.3487
2.0053,0.0007,0.9641,2.0124,0.3538
1.2033,0.0008,1.0521,1.0416,0.3538
1.5848,0.0008,1.0786,1.7127,0.3869
2.2230,0.0007,1.3686,2.2166,0.3653
1.3459,0.0008,1.2212,1.5005,0.3540
1.1063,0.0006,0.7950,0.9694,0.3540
1.5948,0.0006,0.7670,1.5789,0.3548
1.7307,0.0003,0.8563,1.8302,0.3412
1.8432,0.0005,0.8647,1.8808,0.3492
1.5412,0.0005,0.7762,1.5450,0.3638
1.1087,0.0005,0.8413,0.9524,0.3638
1.6308,0.0008,0.8041,1.5253,0.3348
2.3624,0.0010,0.7851,2.5391,0.3887
1.2802,0.0003,0.8857,1.3444,0.3650
1.0054,0.0004,0.8297,1.0259,0.3650
1.4384,0.0004,0.7031,1.4204,0.3553
1.5438,0.0005,0.7153,1.3938,0.3410
1.8493,0.0004,1.0350,1.9735,0.3376
1.2618,0.0005,0.7752,1.1075,0.3376
1.2693,0.0006,0.8326,1.4390,0.3474
1.8736,0.0169,0.7637,1.7218,0.3439
1.7146,0.0005,1.0158,1.7184,0.3549
1.1197,0.0005,0.8866,1.2485,0.3549
1.4171,0.0006,0.9721,1.0690,0.3522
1.5670,0.0005,0.8574,1.8942,0.3561
1.3777,0.0007,0.6772,1.1804,0.3561
1.6925,0.0006,0.8349,1.8475,0.3478
1.2842,0.0005,0.9313,1.2933,0.3577
1.5381,0.0008,0.8236,1.4517,0.3562
1.5821,0.0007,0.7260,1.4568,0.3485
2.2482,0.0008,0.7935,2.3288,0.3553
1.5968,0.0006,0.8644,1.6207,0.3553
1.3330,0.0004,0.8367,1.0665,0.3481
1.6072,0.0006,0.7917,1.5568,0.3421
1.6264,0.0007,1.3797,1.5917,0.3659
1.0204,0.0007,1.5971,1.4527,0.3659
1.6262,0.0007,0.7738,1.5762,0.3557
1.8896,0.0004,0.7591,1.9159,0.3444
1.5157,0.0006,0.8727,1.5283,0.3444
1.6683,0.0005,0.6978,1.5639,0.3471
1.1084,0.0008,0.9458,1.1667,0.3471
1.9725,0.0005,0.6941,1.8858,0.3361
1.2850,0.0004,0.9652,1.2012,0.3361
1.4688,0.0004,0.7987,1.5172,0.3506
1.6318,0.0008,0.6595,1.5829,0.3493
1.9018,0.0007,0.8409,2.0226,0.3765
1.2356,0.0006,1.3624,1.2916,0.3765
1.8293,0.0004,0.7255,1.4130,0.3555
1.7796,0.0006,0.8573,1.9946,0.3418
1.3255,0.0006,0.8202,1.4192,0.3503
1.7873,0.0005,0.9392,1.7437,0.3593
1.4627,0.0005,0.9355,1.1942,0.3486
1.2547,0.0005,0.8650,1.6240,0.3486
1.6848,0.0006,0.6874,1.6546,0.3541
1.4791,0.0007,0.6940,1.1807,0.3477
2.1675,0.0008,0.7060,2.3802,0.3567
1.7125,0.0007,1.0463,1.4156,0.3686
2.0049,0.0006,1.2946,2.2754,0.3516
1.5777,0.0008,0.8076,1.6535,0.3516
1.1400,0.0004,0.7511,1.1541,0.3580
1.6372,0.0003,0.7942,1.5922,0.3400
1.8240,0.0005,0.7886,1.7444,0.3365
0.9991,0.0004,0.8151,1.0454,0.3365
2.0040,0.0004,0.7349,1.9518,0.3610
1.2557,0.0006,0.7942,1.3317,0.3610
1.8979,0.0007,0.7416,1.8005,0.5286
1.6374,0.0005,0.8901,1.6703,0.3744
1.4376,0.0004,0.8398,1.2048,0.3744
1.5600,0.0005,0.8473,1.6556,0.3510
1.7656,0.0006,0.7542,1.5977,0.3456
1.5135,0.0005,0.8885,1.6105,0.3456
1.8314,0.0005,1.0044,2.0408,0.3376
1.5629,0.0003,0.8024,1.5758,0.3569
1.3965,0.0007,0.6620,1.1714,0.3542
1.4668,0.0006,0.9721,1.3578,0.3542
1.8893,0.0010,0.9732,1.8322,0.3506
2.2496,0.0004,1.0062,2.5547,0.3531
1.2273,0.0006,0.9913,1.2519,0.3476
1.4527,0.0004,0.8274,1.4776,0.3354
1.6707,0.0006,0.8163,1.6499,0.3556
1.1820,0.0004,0.9337,1.1952,0.3556
1.6113,0.0004,0.9227,1.3623,0.3446
1.3824,0.0004,0.9235,1.6241,0.3601
1.1390,0.0004,0.6930,1.0964,0.3601
1.4306,0.0004,0.6931,1.3175,0.3411
1.7995,0.0007,0.6342,1.7526,0.3426
1.6066,0.0006,0.7577,1.7372,0.3669
1.1896,0.0006,0.9035,1.2088,0.3766
1.6636,0.0004,0.8856,1.3766,0.3705
2.2969,0.0007,0.8045,2.4144,0.3445
1.1181,0.0005,0.9803,1.2405,0.3445
1.4394,0.0007,0.9098,1.3423,0.3522
1.3478,0.0004,0.8980,1.1467,0.3430
1.1402,0.0003,1.0996,1.4505,0.3430
1.5757,0.0003,0.7556,1.3912,0.3415
1.4767,0.0005,0.8850,1.3706,0.3415
2.2218,0.0007,0.8804,2.3370,0.3498
1.4864,0.0006,1.0780,1.5950,0.5285
1.7187,0.0005,0.9762,1.7473,0.5285
1.8489,0.0004,0.8660,1.8546,0.3370
1.6842,0.0004,0.7437,1.5213,0.3449
1.9622,0.0005,0.8651,2.0999,0.3576
1.4826,0.0006,0.8723,1.3622,0.3488
1.6394,0.0006,0.9032,1.7566,0.3556
1.1566,0.0006,0.9420,1.1798,0.3556
1.9490,0.0006,0.8671,1.8422,0.3604
1.3978,0.0007,0.9933,1.0386,0.3415
1.7449,0.0006,0.9556,1.9306,0.3361
1.7819,0.0005,0.9662,1.9256,0.5383
1.8233,0.0006,0.8604,1.9094,0.3545
1.5614,0.0005,0.7953,1.5357,0.3518
1.7555,0.0005,0.7698,1.7255,0.3652
1.1997,0.0004,0.7900,0.9796,0.3652
2.0749,0.0004,0.7905,2.3353,0.3359
1.5425,0.0005,0.6710,1.5310,0.3359
1.5259,0.0004,0.7082,1.3922,0.3594
2.0099,0.0007,0.8292,2.1174,0.3451
1.4844,0.0010,0.9269,1.2482,0.3451
2.2395,0.0005,1.1473,2.3974,0.3639
1.3634,0.0006,0.9898,1.3808,0.3639
1.5389,0.0006,0.7751,1.5067,0.3491
1.9918,0.0003,0.7350,1.9942,0.3471
1.4919,0.0006,0.8369,1.5146,0.3471
1.4457,0.0005,0.9059,1.2147,0.3501
1.8079,0.0007,1.1250,1.6731,0.3343
1.5249,0.0006,0.9035,1.5889,0.3328
1.9028,0.0007,0.8159,2.1607,0.3355
1.5554,0.0007,0.7583,1.5169,0.3355
1.5917,0.0006,0.8844,1.6032,0.3350
1.1593,0.0005,0.7906,1.1425,0.3703
1.5775,0.0004,0.7530,1.4973,0.3526
2.1444,0.0006,0.9906,2.0977,0.3502
1.0133,0.0005,0.9443,1.1990,0.3559
1.7325,0.0006,0.9302,1.3240,0.3559
1.2281,0.0003,0.8763,1.4449,0.3473
1.6412,0.0003,1.0172,1.7773,0.3619
1.2296,0.0004,0.7158,1.0952,0.3428
1.9950,0.0004,0.7388,1.9036,0.3486
1.9150,0.0005,0.7998,2.0552,0.3676
1.7169,0.0005,1.0234,1.7380,0.3527
1.6129,0.0007,1.0070,1.6281,0.3531
0.9835,0.0006,0.7594,0.8155,0.3531
1.5786,0.0006,0.7670,1.6426,0.3530
1.7406,0.0005,0.7431,1.6868,0.3595
1.6323,0.0007,1.2479,1.7713,0.3628
1.6215,0.0003,0.8008,1.5113,0.3628
1.9675,0.0003,0.7869,2.0662,0.3457
1.7671,0.0007,0.8092,1.5437,0.3575
1.1245,0.0005,1.1899,1.3423,0.3575
1.8508,0.0007,0.8861,1.8153,0.3828
2.0612,0.0007,0.9394,2.0560,0.3495
1.3421,0.0004,0.9491,1.1184,0.3495
1.8456,0.0006,0.8999,1.9685,0.3619
2.1826,0.0005,0.9080,2.0843,0.3478
1.4218,0.0005,1.0587,1.6251,0.3494
0.9771,0.0007,0.8213,0.8795,0.3494
1.6892,0.0008,0.6936,1.5247,0.3383
1.9206,0.0005,0.8789,2.1649,0.3580
1.5892,0.0008,0.9464,1.5650,0.3826
1.8891,0.0004,1.3674,1.8414,0.3675
1.7286,0.0003,1.0397,1.7493,0.3582
1.4289,0.0005,0.8054,1.4212,0.3404
1.1791,0.0004,0.8294,0.8936,0.3404
1.3273,0.0004,0.8758,1.6417,0.3655
1.7855,0.0006,0.7553,1.4669,0.3369
2.1047,0.0006,0.9916,2.2517,0.3459
1.5302,0.0009,1.2612,1.5651,0.3544
0.8362,0.0005,1.1037,0.8783,0.3544
1.8260,0.0006,0.7316,1.8571,0.3623
1.2268,0.0008,0.8476,1.1588,0.3580
2.4448,0.0008,0.8744,2.3384,0.3681
1.2643,0.0009,1.0221,1.4194,0.3681
2.0194,0.0005,0.9463,1.9445,0.3476
1.6075,0.0005,0.9541,1.7051,0.3426
1.5500,0.0005,0.9652,1.3065,0.3388
2.2030,0.0006,0.7242,2.3207,0.3506
1.2108,0.0003,0.8661,1.3237,0.3447
1.5878,0.0006,0.7446,1.5732,0.3447
1.6361,0.0008,0.6496,1.5989,0.3593
1.0972,0.0006,0.8471,1.1059,0.3593
2.3396,0.0008,0.9102,2.2493,0.3685
1.7122,0.0005,1.0314,1.7952,0.3779
1.5611,0.0003,0.9658,1.5940,0.3779
1.2444,0.0003,0.7460,1.1535,0.3586
1.6302,0.0005,0.8075,1.6254,0.3613
1.5544,0.0009,0.9005,1.3411,0.3445
1.3279,0.0005,1.0963,1.6015,0.3445
1.9078,0.0003,0.8102,1.8939,0.3418
1.8122,0.0005,0.7213,1.7849,0.3485
1.3055,0.0005,0.7689,1.3106,0.3485
1.9614,0.0006,0.8282,1.9247,0.3809
1.3659,0.0003,0.8524,1.4287,0.3809
2.0804,0.0006,0.7912,2.0163,0.3318
1.6798,0.0005,0.8267,1.6911,0.3579
1.4039,0.0004,0.7486,1.3688,0.3579
1.9160,0.0005,0.6883,1.7914,0.3369
1.6520,0.0006,0.9052,1.7232,0.3369
1.5150,0.0007,1.2450,1.3250,0.3520
1.7267,0.0007,1.0011,1.7620,0.3649
1.4599,0.0010,1.0376,1.5859,0.3649
2.5096,0.0007,1.3839,2.4043,0.3550
1.1893,0.0006,1.1216,1.2339,0.3549
1.6379,0.0007,0.9954,1.3647,0.3549
1.4742,0.0007,1.0619,1.4990,0.3458
1.7571,0.0007,0.8261,2.0974,0.3481
1.3364,0.0006,0.8437,1.1289,0.3378
1.3285,0.0006,1.2868,1.2155,0.3502
1.2783,0.0003,1.2698,1.4066,0.3502
1.6196,0.0005,0.6245,1.6003,0.3501
1.6274,0.0005,0.7410,1.6021,0.3380
2.2554,0.0006,0.9031,2.2310,0.3862
1.2619,0.0005,1.2418,1.4810,0.3580
1.8670,0.0005,0.8236,1.8645,0.3700
1.4584,0.0007,0.7394,1.4530,0.3367
1.5409,0.0004,0.7488,1.5371,0.3568
1.8917,0.0004,0.7970,1.7723,0.3557
2.0376,0.0008,0.9395,1.9682,0.3502
1.3745,0.0006,1.0267,1.4874,0.3656
1.4276,0.0005,1.0829,1.4849,0.3558
1.3621,0.0008,0.8598,1.0484,0.3558
2.5288,0.0007,0.9394,2.5881,0.3524
1.2127,0.0005,1.1203,1.1263,0.3524
2.1362,0.0008,0.9884,2.4171,0.3385
1.0358,0.0005,0.9043,1.0927,0.3385
1.5826,0.0006,0.7423,1.4108,0.3534
2.0143,0.0007,0.6970,2.1695,0.3706
1.7406,0.0005,0.7080,1.7447,0.3480
1.6594,0.0003,0.6199,1.6320,0.3434
1.1781,0.0003,0.6836,1.1962,0.3548
2.0484,0.0011,0.7039,1.2587,0.3548
1.9268,0.0008,1.2257,2.6388,0.3699
1.9868,0.0007,0.9367,1.9610,0.3603
1.4141,0.0005,0.8114,1.4504,0.3347
1.8269,0.0005,0.7905,1.7066,0.3638
1.3671,0.0006,0.8797,1.5310,0.3439
1.7930,0.0005,0.6533,1.7775,0.3439
1.4633,0.0004,0.6201,1.4378,0.3539
1.5271,0.0003,0.6970,1.5477,0.3570
1.6370,0.0004,0.6730,1.5997,0.3570
1.7956,0.0008,0.8391,1.7679,0.3680
1.1889,0.0004,0.7682,1.1949,0.3680
1.9013,0.0004,0.7893,1.8978,0.3427
1.5243,0.0005,0.7383,1.3090,0.3601
1.5471,0.0003,1.0218,1.7450,0.3531
1.7338,0.0008,0.8516,1.6067,0.3512
1.1570,0.0004,0.8150,1.1875,0.3512
1.9613,0.0006,0.6181,2.0401,0.3400
1.6042,0.0005,0.6837,1.5924,0.3362
1.7646,0.0006,0.7334,1.5568,0.3362
1.8439,0.0005,0.9712,1.9858,0.3494
1.7568,0.0005,1.0918,1.6743,0.3574
1.7960,0.0005,0.9580,1.8831,0.3532
1.9812,0.0005,0.9154,1.9386,0.3407
1.4189,0.0004,0.8424,1.4754,0.3596
1.2913,0.0003,0.8777,1.0447,0.3596
1.7687,0.0004,0.7363,1.9675,0.3441
1.6801,0.0003,0.8030,1.3622,0.3417
1.8710,0.0009,0.7135,2.1386,0.3456
1.9144,0.0008,0.8650,1.9035,0.3591
1.4956,0.0007,0.9938,1.5486,0.3591
1.6422,0.0005,0.8842,1.4108,0.3474
2.0550,0.0004,0.8793,2.1089,0.3854
1.2425,0.0004,1.0054,1.4252,0.3418
1.5293,0.0003,0.9310,1.3966,0.3397
1.5899,0.0004,0.8810,1.6555,0.3378
1.5055,0.0005,0.8184,1.5521,0.3378
1.6362,0.0005,0.8363,1.5248,0.3383
1.6960,0.0010,0.7637,1.7923,0.3593
1.5298,0.0004,0.8612,1.3438,0.3593
1.6091,0.0003,0.8194,1.6091,0.3456
1.7319,0.0005,0.8647,1.8349,0.3594
1.5117,0.0004,0.8892,1.5433,0.3839
1.4739,0.0004,0.7868,1.2226,0.3839
1.5902,0.0005,0.7763,1.6184,0.3434
1.7161,0.0006,0.8332,1.9212,0.3434
1.6457,0.0009,0.7621,1.6349,0.3442
1.5334,0.0008,0.8444,1.2629,0.3374
2.0112,0.0009,0.9923,2.2514,0.3497
1.6890,0.0008,1.4314,1.7029,0.3513
1.4748,0.0007,0.8678,1.4784,0.3560
1.6362,0.0009,0.8826,1.5818,0.3560
1.7065,0.0008,1.1956,1.5347,0.3721
1.1022,0.0007,1.0975,1.3328,0.3721
1.5338,0.0005,0.7749,1.5261,0.3618
1.2629,0.0004,0.7088,0.9447,0.3561
1.5358,0.0005,0.8507,1.4699,0.3425
1.2341,0.0005,0.7812,1.5931,0.3425
1.6609,0.0007,0.7161,1.4836,0.3753
1.6723,0.0008,0.8903,1.7505,0.3592
2.0095,0.0007,0.8060,1.9620,0.3463
0.9568,0.0004,1.1735,1.1140,0.3640
1.5819,0.0005,0.6380,1.4910,0.3640
1.3621,0.0005,0.7502,1.4200,0.3704
1.3291,0.0004,0.7257,1.0102,0.3532
1.1828,0.0004,0.9007,1.3605,0.3532
1.4115,0.0004,0.7211,1.5495,0.3527
1.2235,0.0003,0.6188,1.1838,0.3633
1.2167,0.0004,0.6489,1.1758,0.3581
1.6095,0.0004,0.6815,1.4000,0.3628
1.5062,0.0003,0.8724,1.6979,0.3563
1.2414,0.0004,0.7790,1.3247,0.3448
1.2029,0.0004,0.6656,1.0468,0.3559
1.1550,0.0003,0.7662,1.1108,0.3461
1.1243,0.0003,0.8740,1.1332,0.3467
1.3392,0.0006,0.8074,1.3536,0.3467
1.6284,0.0005,0.7345,1.4928,0.3786
1.5070,0.0003,0.8569,1.7168,0.3962
1.5228,0.0004,0.7213,1.4427,0.3689
1.3726,0.0005,0.8211,1.2173,0.3689
1.4848,0.0003,0.8548,1.5374,0.3595
1.6091,0.0004,0.7332,1.6352,0.3555
1.5698,0.0005,0.8282,1.4761,0.3452
1.9085,0.0006,0.7755,1.8279,0.3408
1.3494,0.0006,1.0117,1.7093,0.3408
1.8089,0.0007,0.8175,1.4747,0.3609
2.2983,0.0005,0.9693,2.4875,0.3591
1.0139,0.0005,0.9203,0.8914,0.3591
1.5367,0.0004,0.7040,1.5369,0.3557
1.6683,0.0003,0.6147,1.9028,0.3565
1.5437,0.0003,0.7014,1.4933,0.3565
1.2009,0.0005,0.8361,1.2793,0.3342
1.3210,0.0004,0.6955,1.2913,0.3502
1.5956,0.0004,0.7259,1.5910,0.3465
1.4174,0.0004,0.6296,1.1267,0.3397
1.6660,0.0003,0.8023,1.9723,0.3434
1.3204,0.0005,0.6166,1.2622,0.3434
1.8835,0.0007,0.6552,1.6867,0.3602
1.7211,0.0006,0.9151,1.8674,0.3416
1.3772,0.0005,0.9916,1.1269,0.3416
1.8525,0.0004,0.7253,2.1757,0.3407
1.8027,0.0005,0.6991,1.7011,0.3395
1.6163,0.0004,0.8348,1.6365,0.3395
1.0412,0.0003,0.6924,1.1187,0.3551
1.3364,0.0003,0.6999,1.2649,0.3653
1.4503,0.0003,0.5751,1.4000,0.3502
1.3518,0.0005,0.5884,1.3265,0.3422
1.3305,0.0005,0.5854,1.2218,0.3371
1.6723,0.0007,0.6533,1.6186,0.3521
1.2205,0.0005,1.0603,1.1902,0.3481
1.3384,0.0005,0.9934,1.4940,0.3481
1.2158,0.0009,0.7488,1.3542,0.3463
1.6751,0.0004,0.7095,1.6652,0.3616
0.9332,0.0003,0.9321,0.7678,0.3616
1.7398,0.0004,0.7787,1.5800,0.3416
1.1303,0.0006,0.7766,1.3188,0.3416
1.6019,0.0004,0.6596,1.5906,0.3617
1.3745,0.0004,0.6483,1.5051,0.3514
1.2336,0.0005,0.6332,1.2260,0.3419
1.7614,0.0005,0.8158,1.0584,0.3519
1.3095,0.0006,1.0176,1.9119,0.3519
1.6727,0.0004,0.8289,1.5390,0.3648
1.5345,0.0006,0.7367,1.7049,0.3433
1.5994,0.0004,0.8434,1.6571,0.3582
1.6962,0.0006,0.7688,1.2140,0.3387
1.2504,0.0004,0.7577,1.5296,0.3387
1.8822,0.0004,0.6114,1.9921,0.3509
1.2462,0.0004,0.7543,1.0320,0.3517
1.2447,0.0004,0.8742,1.3062,0.3517
1.4965,0.0003,0.7410,1.6927,0.3529
2.0822,0.0008,0.7307,1.9991,0.3561
1.7297,0.0006,1.0507,0.8818,0.3712
0.9836,0.0004,1.4606,1.4774,0.3712
1.4952,0.0006,0.8793,1.7739,0.3584
1.2221,0.0003,0.6498,1.1883,0.3440
1.1477,0.0004,0.6666,1.1742,0.3438
1.2521,0.0004,0.8205,1.2743,0.3555
1.6782,0.0004,0.6194,1.6481,0.3473
1.4796,0.0003,0.5862,1.4923,0.3473
1.0738,0.0003,0.5847,1.0699,0.3526
1.2525,0.0003,0.6095,1.1774,0.3574
1.1843,0.0003,0.6402,1.1746,0.3506
1.4735,0.0005,0.5797,1.3880,0.3424
1.9445,0.0006,0.6403,2.0349,0.3502
1.3744,0.0006,0.8083,1.2075,0.3669
1.3289,0.0004,0.9415,1.2235,0.3467
1.4296,0.0005,0.8841,1.5814,0.3617
1.2315,0.0004,0.9421,1.2263,0.3476
1.0283,0.0003,0.9189,1.1780,0.3617
1.3459,0.0003,0.9288,1.0456,0.3617
1.3421,0.0003,0.7111,1.6016,0.3423
1.4247,0.0003,0.7162,1.1765,0.3445
1.6135,0.0004,0.8916,1.7837,0.3445
1.2418,0.0004,0.6648,1.2513,0.3485
1.6027,0.0006,0.6555,1.5338,0.3592
1.6052,0.0006,0.7023,1.5280,0.3846
1.5856,0.0004,0.7965,1.7348,0.3763
1.1611,0.0004,0.8646,1.1520,0.3408
1.3397,0.0004,1.0692,1.2401,0.3540
1.1754,0.0004,0.7642,1.1967,0.3540
1.1298,0.0003,0.7594,1.2914,0.3574
1.2515,0.0003,0.9022,1.2416,0.3710
1.1772,0.0002,0.6230,1.0202,0.3701
1.5800,0.0004,0.7023,1.5224,0.3425
1.8608,0.0007,0.7339,1.9421,0.3511
1.1610,0.0004,0.7785,1.2758,0.3511
0.9470,0.0004,0.6340,0.9589,0.3629
1.6467,0.0007,0.6300,1.4619,0.3447
1.6622,0.0005,0.7990,1.6208,0.3720
1.4961,0.0006,0.7857,1.3350,0.3459
1.3319,0.0005,0.9027,1.4163,0.3459
1.8429,0.0005,0.7964,2.0447,0.3415
1.4183,0.0006,0.7629,1.3982,0.3437
1.4397,0.0006,0.6210,1.3745,0.3415
1.9694,0.0003,0.6136,2.0885,0.3507
1.5262,0.0003,0.5791,1.1545,0.3450
1.4648,0.0005,0.6998,1.5823,0.3485
1.3611,0.0005,0.9037,1.4118,0.3485
1.8425,0.0004,0.6135,1.9865,0.3729
1.6472,0.0003,0.6887,1.4074,0.3911
1.7595,0.0004,0.7240,1.6426,0.3546
1.2866,0.0003,0.9193,1.6163,0.3500
1.8430,0.0003,0.6710,1.5747,0.3461
1.0383,0.0003,1.0399,1.0160,0.3500
1.2193,0.0005,0.9617,1.3627,0.3500
1.3054,0.0004,0.5875,1.4249,0.3499
1.8030,0.0004,0.5985,1.4340,0.3447
1.3385,0.0005,1.1270,1.6603,0.3449
1.3447,0.0004,0.9106,1.3721,0.3460
1.4724,0.0005,0.7691,1.3776,0.3613
1.6400,0.0007,0.8806,1.5504,0.3830
1.3104,0.0005,0.8471,1.4650,0.3589
1.2495,0.0003,0.8567,1.2845,0.3515
1.4348,0.0005,0.6090,1.2574,0.3431
1.6839,0.0004,0.6764,1.7951,0.3596
1.6474,0.0004,0.7541,1.6991,0.3596
1.3382,0.0004,0.6734,1.2276,0.3659
1.4076,0.0006,0.8839,1.1753,0.3659
1.5437,0.0005,0.7902,1.8715,0.3501
1.5237,0.0003,0.6358,1.1910,0.3421
2.3278,0.0008,0.8730,2.2017,0.8891
1.0078,0.0004,1.1872,1.3530,0.3940
1.7032,0.0004,0.8287,1.7929,0.3374
1.6553,0.0004,0.6197,1.5748,0.3374
1.0226,0.0004,0.7511,1.0009,0.3379
1.4006,0.0004,0.9286,1.2131,0.3497
1.0812,0.0006,1.0123,1.2361,0.3448
1.3953,0.0004,0.9545,1.4761,0.3448
1.3844,0.0003,0.6985,1.2244,0.3468
1.1964,0.0004,0.6392,1.3389,0.3482
1.4343,0.0005,0.5889,1.3795,0.3580
1.3449,0.0005,0.7082,1.0220,0.3586
1.6348,0.0006,0.7867,1.8187,0.3730
1.4481,0.0005,0.9738,1.4386,0.3773
1.5791,0.0004,1.3327,1.4912,0.3571
1.2193,0.0003,0.8089,1.2503,0.3571
1.3339,0.0003,0.7625,1.6079,0.3665
1.0212,0.0003,0.6921,0.9825,0.3665
1.4367,0.0004,0.6922,1.2957,0.3499
1.4555,0.0006,0.8110,1.3893,0.3460
1.8732,0.0005,0.7202,2.0765,0.3400
1.6680,0.0004,0.6618,1.6211,0.3430
1.5076,0.0004,0.6964,1.5523,0.3419
1.3145,0.0008,0.6755,1.2160,0.3419
1.8692,0.0005,0.9096,1.6038,0.3861
1.2857,0.0005,1.0186,1.6175,0.3861
1.3219,0.0005,0.8061,1.1708,0.3464
1.3451,0.0004,0.7771,1.2271,0.3629
1.3493,0.0005,0.7771,1.6312,0.3513
1.2358,0.0004,0.7200,1.2218,0.3513
1.7952,0.0003,0.9363,1.7534,0.3477
1.4932,0.0005,0.7775,1.5114,0.3566
1.8624,0.0003,0.6326,1.7947,0.3417
1.0523,0.0004,0.8988,0.8549,0.3417
1.3905,0.0003,0.7977,1.5481,0.3477
1.9975,0.0007,0.7858,1.6115,0.3754
0.9649,0.0005,1.3174,1.1507,0.3754
1.5275,0.0004,0.8108,1.7418,0.3587
1.2784,0.0003,0.8721,1.0982,0.3520
1.0458,0.0003,1.0883,1.1217,0.3520
1.6702,0.0003,0.6726,1.7807,0.3469
1.5799,0.0004,0.7713,1.6169,0.3430
1.4526,0.0005,0.6117,1.4200,0.3612
1.6604,0.0003,0.6244,1.6980,0.3575
1.5082,0.0003,0.5854,1.5065,0.3347
1.3041,0.0004,0.6573,1.2967,0.3342
2.0083,0.0006,0.5632,1.8996,0.5850
1.6827,0.0004,0.7821,1.7182,0.3794
1.1131,0.0004,0.8211,1.1387,0.3794
1.0959,0.0005,0.7542,0.9517,0.3687
1.8203,0.0004,0.9641,1.9104,0.3356
1.1575,0.0004,0.7257,1.1286,0.3599
1.8789,0.0004,0.6739,1.8528,0.3617
1.1669,0.0003,0.7223,1.2624,0.3580
1.2659,0.0004,0.5980,1.2467,0.3580
1.4850,0.0003,0.6045,1.2166,0.3517
1.3331,0.0004,0.7370,1.4254,0.3340
1.3499,0.0006,0.7599,1.5070,0.3521
1.4405,0.0007,0.6973,1.3160,0.3626
1.7498,0.0006,0.9229,1.8107,0.3683
1.1807,0.0006,0.8419,1.2190,0.3712
1.2285,0.0006,0.6627,1.0626,0.3588
1.4781,0.0173,0.7716,1.4147,0.3520
1.2559,0.0003,0.8149,1.4956,0.3604
1.1533,0.0004,0.6176,1.1577,0.3604
1.4109,0.0004,0.6116,1.3795,0.3441
1.3555,0.0003,0.6779,1.1491,0.3577
0.8073,0.0003,0.9235,1.0213,0.3577
1.1052,0.0004,0.6283,1.0976,0.3380
1.5663,0.0004,0.6310,1.2230,0.3606
1.2227,0.0006,0.7205,1.5305,0.3606
1.3992,0.0004,1.4446,1.2672,0.3754
1.3917,0.0006,0.8007,1.3674,0.3644
1.3828,0.0006,0.6789,1.4494,0.3498
1.6282,0.0004,0.6600,1.3693,0.3590
1.2701,0.0003,0.6577,1.5132,0.3246
1.4739,0.0004,0.5895,1.5607,0.3659
1.4399,0.0004,0.6029,1.3499,0.3520
1.3448,0.0004,0.6228,1.4256,0.3574
1.4770,0.0003,0.7409,1.2758,0.3574
1.5077,0.0003,0.6033,1.6952,0.3565
1.0404,0.0002,0.5828,1.0260,0.3238
1.6261,0.0004,0.5621,1.1839,0.3570
1.8069,0.0004,0.7277,2.2028,0.3470
1.1181,0.0004,0.7877,1.1318,0.3632
1.4788,0.0003,0.7126,1.3496,0.3652
1.8611,0.0003,0.6787,1.9150,0.3744
1.0500,0.0004,0.7974,0.9209,0.3744
1.3613,0.0007,0.7705,1.5428,0.3476
1.2563,0.0003,0.6449,1.2105,0.3485
1.6926,0.0004,0.6899,1.2571,0.3307
1.4279,0.0005,0.7439,1.5895,0.3307
1.7992,0.0005,0.6602,2.1029,0.3476
1.6476,0.0006,0.6145,1.3717,0.3494
2.1068,0.0006,0.9700,1.9969,0.3875
1.3539,0.0004,1.1165,1.6951,0.3575
1.5109,0.0004,1.1321,1.4589,0.3516
1.4534,0.0003,0.7540,1.1091,0.3516
1.3907,0.0004,0.7292,1.8197,0.3570
1.5891,0.0004,0.6213,1.3825,0.3570
1.9251,0.0004,0.6965,2.1051,0.3419
1.7872,0.0003,0.6082,1.7690,0.3666
0.9364,0.0005,0.6105,0.8892,0.3666
1.3037,0.0004,0.6342,1.3005,0.3611
1.7624,0.0008,0.6318,1.7433,0.3803
1.5666,0.0007,1.0646,1.4289,0.3803
1.5239,0.0005,1.2660,1.5315,0.3309
1.1834,0.0003,0.8358,1.2680,0.3309
1.1463,0.0004,0.8257,1.1674,0.3523
1.6842,0.0005,0.7554,1.7517,0.3676
1.2868,0.0004,0.5990,1.2860,0.3421
1.4945,0.0003,0.6066,1.5147,0.3404
1.4415,0.0004,0.5818,1.3705,0.3370
1.2999,0.0004,0.6566,1.3616,0.3531
1.6070,0.0004,0.5915,1.1321,0.3448
1.1423,0.0003,1.0190,1.3584,0.3448
2.0285,0.0007,0.7019,2.1543,0.3813
1.4233,0.0004,1.1143,1.2059,0.3800
1.2128,0.0004,1.2065,1.3726,0.3800
1.6409,0.0003,0.8468,1.4884,0.3643
1.5764,0.0002,0.6473,1.6640,0.3330
1.4778,0.0005,0.6267,1.5019,0.3415
1.4676,0.0004,0.6282,1.6446,0.3471
1.7127,0.0004,0.6174,1.1802,0.3369
1.2379,0.0003,0.7275,1.5350,0.3369
1.4175,0.0006,0.6579,1.6233,0.3478
1.7971,0.0004,0.6716,1.5571,0.3495
1.5654,0.0005,0.8940,1.6730,0.3495
1.0859,0.0006,1.0684,1.1702,0.3612
1.5803,0.0005,0.8339,1.5975,0.3528
1.4767,0.0003,0.6740,1.1403,0.3573
1.1259,0.0003,0.9367,1.3410,0.3573
1.2911,0.0004,0.6626,1.2416,0.3614
1.5645,0.0006,0.6682,1.7320,0.3383
1.5746,0.0004,0.6410,1.4530,0.3483
1.4229,0.0003,0.7450,1.5459,0.3483
1.3903,0.0003,0.6111,1.2337,0.3441
1.3692,0.0005,0.6210,1.2965,0.3400
1.5040,0.0007,0.6616,1.6792,0.3417
2.0122,0.0006,0.7034,1.9114,0.3513
0.9897,0.0004,0.9308,1.0644,0.3513
1.3033,0.0004,0.7092,1.3439,0.3561
1.4382,0.0003,0.6027,1.2963,0.3626
1.2206,0.0003,0.7654,1.2065,0.3626
1.6677,0.0003,0.7552,1.4408,0.3479
1.0516,0.0004,0.7175,1.3039,0.3479
1.2700,0.0004,0.6017,1.3549,0.3491
1.5219,0.0004,0.5804,1.2044,0.3495
1.2088,0.0004,0.7610,1.3057,0.3495
1.2494,0.0003,0.7871,1.2324,0.3577
1.4623,0.0005,0.6426,1.6093,0.3666
1.1822,0.0006,0.9124,1.1961,0.3584
1.3832,0.0007,0.9019,1.3780,0.3781
1.6006,0.0004,0.8173,1.6348,0.3470
1.3764,0.0004,0.7196,1.2709,0.3662
1.0133,0.0004,0.7965,0.9674,0.3412
1.0936,0.0003,1.0058,1.0967,0.3412
1.3035,0.0004,0.6315,1.4266,0.3383
1.3980,0.0007,0.6318,1.2720,0.3469
1.3503,0.0005,0.8001,1.4485,0.3469
1.4942,0.0005,0.6182,1.2892,0.3615
1.4515,0.0005,0.6808,1.4769,0.3435
1.6687,0.0004,0.6926,1.5132,0.3477
0.9831,0.0004,0.9978,1.3284,0.3477
1.7452,0.0003,0.7676,1.7270,0.3701
1.7462,0.0004,0.7215,1.7622,0.3425
0.9041,0.0004,0.6685,0.9288,0.3425
1.3983,0.0005,0.6245,1.1893,0.3633
1.7950,0.0005,0.6377,1.9663,0.3410
1.2578,0.0006,0.6672,1.0983,0.3348
1.0550,0.0005,1.2465,0.9860,0.3539
1.1402,0.0005,1.0318,1.3579,0.3539
1.6634,0.0009,0.6865,1.6322,0.3534
1.1149,0.0004,0.6913,1.0149,0.3534
1.4949,0.0004,0.7144,1.4848,0.3470
1.5620,0.0005,0.7732,1.2622,0.3470
1.2534,0.0006,1.0551,1.5426,0.3556
1.8733,0.0004,0.9156,1.8043,0.3494
1.2338,0.0003,1.2785,1.0729,0.3347
1.2588,0.0003,1.1811,1.6136,0.3409
1.2423,0.0003,0.6054,1.2287,0.3460
1.1704,0.0005,0.5955,1.1779,0.3537
1.1410,0.0004,0.5968,1.1381,0.3570
1.6234,0.0005,0.5914,1.5628,0.3676
1.2199,0.0003,0.7053,1.2400,0.3606
1.0147,0.0004,0.6661,0.8784,0.3606
1.3477,0.0003,0.5889,1.4969,0.3509
1.3289,0.0004,0.6118,1.1683,0.3590
1.3705,0.0003,0.7931,1.3462,0.3566
1.5498,0.0004,0.7061,1.5066,0.3771
1.4151,0.0003,0.7785,1.5929,0.3773
1.4700,0.0004,0.7204,1.3237,0.3575
1.9883,0.0005,0.7921,1.9520,0.3388
0.8923,0.0005,0.8400,1.0217,0.3388
1.3793,0.0004,0.7217,1.3518,0.3533
2.0324,0.0004,0.6758,2.0959,0.3461
1.0171,0.0004,0.5994,1.0370,0.3525
1.3925,0.0004,0.6238,1.1199,0.3525
1.1231,0.0005,0.8171,1.3572,0.3413
1.7771,0.0006,0.7928,1.5485,0.3554
1.3346,0.0007,0.9637,1.1803,0.3554
1.7823,0.0005,0.9015,1.8012,0.3410
1.0800,0.0007,0.8655,1.4346,0.3410
1.2208,0.0003,0.7817,1.1273,0.3452
1.5062,0.0004,0.8539,1.3480,0.3448
1.2849,0.0004,0.8015,1.3811,0.3537
1.6117,0.0003,0.8915,1.3230,0.3370
1.3236,0.0005,0.8637,1.5237,0.3370
1.8623,0.0006,0.8108,2.0550,0.3526
1.0452,0.0004,0.8051,0.8971,0.3526
1.3458,0.0003,0.6758,1.5208,0.3430
1.5553,0.0004,0.6155,1.4835,0.3535
1.3585,0.0003,0.7747,1.3331,0.3888
1.3594,0.0004,1.3859,1.0862,0.3486
1.6848,0.0003,0.9301,2.0201,0.3514
1.2690,0.0003,0.6278,1.2696,0.3514
1.2934,0.0006,0.6862,1.2085,0.3528
2.0318,0.0003,1.0094,2.0915,0.3571
1.2873,0.0003,0.9473,1.2951,0.3400
1.3057,0.0004,0.6765,1.1473,0.3400
1.9685,0.0006,0.6844,2.1084,0.3546
1.2398,0.0003,0.5924,1.1868,0.3546
1.6223,0.0003,0.6490,1.6013,0.3366
1.8502,0.0006,0.7081,1.5935,0.3557
1.7752,0.0005,0.8707,2.0320,0.3558
1.2689,0.0005,0.7725,1.2731,0.3558
1.4672,0.0004,0.7036,1.3928,0.3430
1.3467,0.0002,0.8359,1.2803,0.3575
1.5717,0.0003,0.6830,1.5258,0.3596
1.7272,0.0003,0.8463,1.9350,0.3596
1.5862,0.0005,0.6803,1.5939,0.3420
1.8375,0.0003,0.6108,1.7409,0.3374
1.5011,0.0006,0.7666,1.5811,0.3454
1.2102,0.0006,0.7612,1.1724,0.3389
1.3489,0.0008,0.8062,1.1326,0.8888
1.4635,0.0004,0.7639,1.5500,0.3555
1.3724,0.0005,0.9398,1.3021,0.3555
1.5384,0.0004,0.7312,1.7375,0.3592
1.3925,0.0002,0.6569,1.1630,0.3592
1.5743,0.0003,0.7440,1.4822,0.3443
1.2698,0.0003,0.7090,1.5854,0.3319
1.3250,0.0004,0.5807,1.3399,0.3498
1.3150,0.0003,0.5532,1.1424,0.3493
0.9613,0.0003,0.7200,1.1085,0.3493
1.3432,0.0003,0.6247,1.2644,0.3529
1.7391,0.0007,0.6661,1.4933,0.3419
1.7325,0.0008,0.8434,1.9769,0.3809
1.7795,0.0005,1.2218,1.6822,0.3480
1.2642,0.0004,0.9067,0.9303,0.3419
1.2998,0.0003,0.9643,1.7816,0.3566
1.5963,0.0003,0.6445,1.2329,0.3566
1.6254,0.0004,0.6955,1.9491,0.3505
1.6431,0.0003,0.6339,1.6428,0.3467
1.3505,0.0003,0.6247,1.2160,0.3467
1.5900,0.0003,0.5844,1.5239,0.3407
1.5680,0.0004,0.6045,1.5428,0.3394
1.9214,0.0003,0.8537,2.0018,0.3394
1.9839,0.0007,0.8771,1.8627,0.3630
1.9520,0.0008,1.1480,1.9659,0.3582
2.2001,0.0007,1.0197,2.3278,0.3789
1.3674,0.0003,0.9391,1.3970,0.3480
1.6527,0.0003,0.8685,1.6362,0.3455
1.7964,0.0005,0.7750,1.7814,0.3383
1.3082,0.0005,0.8964,1.0339,0.3383
2.4461,0.0005,0.9412,2.4918,0.3430
1.4128,0.0006,1.2182,1.6037,0.3628
1.3996,0.0006,0.9887,1.3886,0.3628
2.0577,0.0006,0.9247,2.0416,0.3551
1.7832,0.0006,0.9490,1.8131,0.3465
1.5400,0.0007,0.8566,1.5617,0.3604
1.2158,0.0004,0.9218,1.0560,0.3604
1.6774,0.0004,0.7205,1.6187,0.3625
2.2649,0.0005,0.7178,1.7330,0.3527
1.8387,0.0005,1.0333,2.5540,0.3374
1.7297,0.0004,0.8641,1.6231,0.3448
1.3757,0.0005,0.8640,1.4270,0.3448
1.9784,0.0005,0.9583,1.9068,0.3961
1.5330,0.0005,0.8985,1.6164,0.3464
1.3950,0.0004,0.8624,1.1346,0.3464
2.0562,0.0005,0.8501,2.1606,0.3319
1.6009,0.0004,0.9187,1.4131,0.3319
1.7477,0.0007,1.0529,1.9204,0.3529
1.9401,0.0007,0.7800,2.0368,0.3600
1.4183,0.0006,0.7731,1.4731,0.3600
1.5561,0.0006,1.0404,1.1870,0.3383
1.9578,0.0007,1.0532,2.2296,0.3660
1.8021,0.0005,0.9196,1.8577,0.3782
1.6200,0.0004,0.8139,1.6255,0.3782
1.8303,0.0003,0.7297,1.7031,0.3404
1.2494,0.0003,0.8385,1.2851,0.3404
1.9227,0.0004,0.8104,1.9359,0.3445
1.8987,0.0007,0.7493,1.7490,0.3366
1.8094,0.0004,0.6585,1.9885,0.3422
1.4877,0.0004,0.7068,1.4204,0.3548
1.5501,0.0005,0.8724,1.5834,0.3548
1.4610,0.0006,0.7632,1.4542,0.3901
1.4822,0.0004,0.9209,1.2976,0.3901
2.0423,0.0003,0.9392,2.1492,0.3450
1.6373,0.0003,0.8026,1.7187,0.3566
1.1688,0.0005,0.6961,1.1885,0.3566
1.6124,0.0005,0.6449,1.4796,0.3520
1.5267,0.0005,0.8127,1.6192,0.3406
1.8045,0.0004,0.9666,1.6955,0.3397
1.6634,0.0004,0.8343,1.7317,0.3538
1.3717,0.0005,0.7389,1.2390,0.3538
2.4221,0.0008,1.0250,2.4097,0.3735
1.6456,0.0009,1.1043,1.7144,0.3735
1.5743,0.0007,1.0222,1.4880,0.3420
1.6782,0.0007,1.0289,1.8072,0.3480
1.6942,0.0007,0.9460,1.2795,0.3480
1.9161,0.0006,0.8046,2.3002,0.3404
1.6802,0.0174,0.8214,1.6291,0.3404
2.0529,0.0004,0.8992,2.0539,0.3426
1.6961,0.0004,0.9524,1.7343,0.3587
1.7392,0.0008,0.9032,1.6852,0.3650
1.4787,0.0009,1.1209,1.5271,0.7000
1.4835,0.0006,0.8076,1.4548,0.7000
1.6653,0.0009,0.7562,1.6836,0.3604
1.7734,0.0006,0.7130,1.7671,0.3439
1.5481,0.0006,0.6991,1.5238,0.3565
2.0203,0.0006,0.7204,2.0245,0.3366
1.5665,0.0003,0.7528,1.5474,0.3676
1.5380,0.0004,0.8179,1.1943,0.3499
1.3239,0.0004,0.9201,1.4865,0.3499
1.7829,0.0008,0.9076,1.9086,0.3468
1.7689,0.0007,0.8769,1.5279,0.3451
1.9700,0.0005,0.9990,2.2143,0.3670
1.3296,0.0004,0.9939,1.2861,0.3523
1.4473,0.0004,0.7228,1.5043,0.3555
1.5043,0.0004,0.7775,1.4152,0.3555
1.4309,0.0003,0.8722,1.4418,0.3427
1.7855,0.0006,0.6455,1.7627,0.3365
1.6311,0.0005,0.9435,1.6797,0.3644
1.7563,0.0007,0.8472,1.7564,0.3513
1.3839,0.0006,0.7210,1.2121,0.3395
1.9842,0.0007,0.7403,2.0709,0.5472
1.6711,0.0006,0.9232,1.7038,0.5472
1.8487,0.0005,0.8411,1.6744,0.3841
1.9089,0.0005,0.8628,1.9852,0.3390
1.5197,0.0006,1.0108,1.6198,0.3652
1.2907,0.0006,0.8885,1.2770,0.3652
1.8431,0.0006,0.8285,1.5506,0.3480
1.7470,0.0006,0.8223,1.8802,0.3483
1.4681,0.0007,0.9284,1.6306,0.3468
1.5581,0.0002,1.0660,1.5564,0.3468
2.1810,0.0007,0.8333,1.5985,0.3638
1.7567,0.0004,1.0214,2.2943,0.4079
1.4937,0.0006,0.9695,1.5289,0.3559
1.4659,0.0006,0.8036,1.3494,0.3456
1.2675,0.0007,1.0567,1.1690,0.3456
1.6236,0.0005,0.7724,1.6660,0.3521
1.6526,0.0003,1.0437,1.6860,0.3457
1.3602,0.0004,0.8698,1.4738,0.3457
1.3987,0.0004,0.7362,1.4171,0.3415
1.3681,0.0006,0.8663,1.3582,0.3345
1.5565,0.0004,0.7889,1.3535,0.3345
1.9230,0.0005,0.9082,2.0179,0.3583
1.5129,0.0006,0.8662,1.5575,0.3583
1.7148,0.0003,0.7094,1.5851,0.3479
1.7107,0.0006,0.7986,1.3929,0.3542
1.5811,0.0004,1.0171,1.8651,0.3542
1.4169,0.0003,1.0773,1.5815,0.3729
2.0451,0.0004,0.6884,2.0196,0.3476
0.9564,0.0004,0.8534,0.8598,0.3476
1.7150,0.0005,0.6951,1.5491,0.3543
1.5903,0.0003,0.8164,1.8400,0.3543
1.5621,0.0005,0.6723,1.5111,0.3477
1.5369,0.0003,0.8516,1.4517,0.3496
1.4015,0.0004,0.8836,1.5219,0.3724
1.6096,0.0004,0.8121,1.6147,0.3579
1.4449,0.0004,0.6795,1.4031,0.3579
1.3973,0.0003,0.7725,1.2246,0.3449
1.6637,0.0004,0.8484,1.8240,0.3398
1.3280,0.0003,0.6792,1.3730,0.3538
1.6424,0.0005,0.7205,1.6316,0.3538
1.4621,0.0005,0.7247,1.2404,0.3538
1.9768,0.0006,0.7069,2.1191,0.3547
1.6027,0.0007,0.8044,1.5257,0.3647
1.8008,0.0008,1.0619,1.8807,0.3555
0.9570,0.0007,0.9802,0.8556,0.3555
1.4807,0.0003,0.8366,1.5471,0.3538
1.2898,0.0005,0.9133,1.3430,0.3443
1.9124,0.0007,0.9016,1.4533,0.3410
1.9360,0.0005,1.0681,2.2495,0.3391
1.3517,0.0004,1.0625,1.1831,0.3391
1.6163,0.0004,0.8349,1.9270,0.3440
1.6042,0.0004,0.6139,1.4806,0.3440
1.6902,0.0008,0.7409,1.7216,0.3447
2.0832,0.0008,1.0390,1.6027,0.3430
1.8166,0.0006,1.2784,2.2835,0.3579
1.6016,0.0007,1.1058,1.4909,0.3777
2.1773,0.0006,0.8648,2.1355,0.3568
1.2556,0.0003,1.2147,1.4303,0.3405
1.4303,0.0005,0.9690,1.1186,0.3405
2.2165,0.0006,0.7886,2.3432,0.3524
1.6105,0.0005,1.0070,1.4310,0.3437
1.5749,0.0010,1.2961,1.7331,0.3437
2.3267,0.0008,0.8540,2.3652,0.3675
1.7845,0.0009,1.2326,1.8472,0.3432
1.8611,0.0006,0.9363,1.7347,0.3668
1.2907,0.0006,1.0250,1.2727,0.3396
1.6539,0.0007,0.9615,1.8094,0.3650
1.5691,0.0003,1.0708,1.4527,0.3650
1.7339,0.0006,0.9452,1.8312,0.3559
1.9468,0.0004,0.9866,1.8694,0.3328
1.8743,0.0005,0.9867,1.8191,0.3479
1.8662,0.0007,1.0894,1.8020,0.3656
2.1081,0.0009,1.1729,2.1724,0.3840
1.3452,0.0008,1.6566,1.0746,0.3563
1.8192,0.0007,1.1155,1.9997,0.3563
1.7070,0.0008,0.9815,1.9183,0.3562
1.4446,0.0008,0.8937,1.3965,0.3562
1.6413,0.0005,0.7785,1.6698,0.3522
1.5740,0.0004,0.8256,1.5868,0.3522
1.5631,0.0003,0.7145,1.5558,0.3519
1.7355,0.0004,0.7937,1.6168,0.3488
1.5005,0.0005,0.8251,1.4141,0.3488
1.9612,0.0007,0.8379,2.0109,0.3714
1.7911,0.0004,1.2185,1.8776,0.3299
1.6244,0.0005,1.1641,1.2079,0.3299
1.8764,0.0005,1.2790,2.0834,0.3511
1.7391,0.0004,1.0327,1.9303,0.3606
1.8991,0.0006,0.8591,1.7612,0.3437
2.2549,0.0004,0.8494,2.3200,0.3588
1.4267,0.0005,0.9233,1.5179,0.3504
1.3380,0.0004,0.8673,1.3316,0.3504
2.5152,0.0008,0.7505,2.3863,0.3913
1.4800,0.0006,1.3293,1.5660,0.3913
1.7727,0.0004,0.8617,1.7187,0.3488
1.4437,0.0004,0.9084,1.3854,0.3478
1.6538,0.0004,0.7308,1.5392,0.3403
1.8023,0.0004,0.6820,2.0276,0.3525
1.9271,0.0003,0.6638,1.6830,0.3393
1.3090,0.0005,0.9121,1.2576,0.3514
1.2754,0.0004,1.1054,1.4047,0.3514
1.4865,0.0005,0.7578,1.5615,0.3548
1.6574,0.0005,0.8334,1.6702,0.3629
1.4426,0.0007,1.1535,1.1489,0.3629
1.8521,0.0004,1.0939,2.1853,0.5593
1.7584,0.0004,0.7361,1.7431,0.3519
1.6759,0.0005,0.7700,1.5646,0.3486
1.6611,0.0004,0.9688,1.7489,0.3472
1.7039,0.0006,0.7764,1.6136,0.3546
1.3840,0.0007,0.8749,1.4302,0.3676
1.3586,0.0006,0.8981,1.1523,0.3676
1.6589,0.0010,0.9974,1.8020,0.3375
2.0886,0.0010,0.8372,2.0051,0.3518
1.9549,0.0008,1.4663,2.0109,0.3921
1.4475,0.0009,1.3684,1.4072,0.3452
1.4773,0.0007,0.9993,1.4892,0.3452
1.5707,0.0008,0.8953,1.6486,0.3626
1.4114,0.0005,0.8489,1.3815,0.3626
1.8252,0.0007,1.0848,1.8510,0.3596
1.3393,0.0005,0.8294,1.0859,0.3659
1.4738,0.0007,0.9252,1.4949,0.3659
1.9749,0.0008,0.9006,2.1696,0.3517
2.1511,0.0010,1.2132,2.0813,0.3517
1.8519,0.0009,1.1136,1.9089,0.3750
1.7384,0.0007,1.0005,1.6278,0.3658
2.0983,0.0005,0.8854,2.2179,0.3413
1.4520,0.0004,0.9196,1.3026,0.3413
2.0798,0.0007,0.9282,2.1730,0.3447
1.8799,0.0004,0.8824,1.8506,0.3338
1.6282,0.0006,0.9425,1.6216,0.3261
1.6312,0.0004,1.0952,1.7326,0.3371
1.9706,0.0006,0.9265,1.8821,0.3811
2.0135,0.0006,1.1983,1.9566,0.3506
1.5870,0.0007,1.0795,1.6934,0.3506
1.7465,0.0006,0.8200,1.7229,0.3442
1.7136,0.0004,0.7885,1.7316,0.3471
1.9011,0.0004,0.8055,1.7653,0.3499
1.5479,0.0005,0.9429,1.5514,0.3499
1.6405,0.0008,1.0191,1.3634,0.3637
2.1371,0.0007,1.4582,2.4575,0.3623
2.2803,0.0006,1.1933,2.2243,0.3623
2.2035,0.0007,1.4751,2.0514,0.3531
1.5658,0.0007,1.5109,1.6967,0.3630
1.6533,0.0005,1.0114,1.6426,0.3532
1.7717,0.0006,0.9816,1.8404,0.3341
1.3876,0.0006,1.1139,1.3302,0.3341
2.0043,0.0005,0.8810,1.8999,0.3507
2.0184,0.0006,0.8422,1.9940,0.3461
2.2929,0.0008,1.1613,2.2930,0.3414
1.1064,0.0006,1.2329,0.9129,0.3414
1.7431,0.0009,0.9680,1.9762,0.3618
2.5192,0.0008,1.1914,2.5614,0.3542
1.7033,0.0008,1.0388,1.6072,0.3421
0.9061,0.0009,1.0518,0.9130,0.3421
2.4416,0.0005,0.8645,2.4376,0.3505
0.8651,0.0005,0.9654,0.8752,0.3505
1.9783,0.0009,0.7757,2.0653,0.3495
2.0090,0.0006,0.8631,2.0089,0.3565
1.5936,0.0005,1.0342,1.5976,0.3565
2.4173,0.0009,1.0352,2.0554,0.5462
1.4216,0.0010,1.3871,1.5565,0.3942
1.4623,0.0007,1.3578,1.6859,0.3583
1.7843,0.0006,0.8286,1.6048,0.3542
1.4147,0.0006,1.0187,1.4195,0.3425
1.9133,0.0009,1.0311,1.9339,0.3554
1.3303,0.0005,1.0873,1.4145,0.3545
1.7747,0.0006,0.9850,1.7953,0.3633
1.4737,0.0007,1.1504,1.1609,0.3633
2.0802,0.0006,1.1975,2.3348,0.3301
1.7341,0.0006,1.0090,1.7084,0.3301
1.7082,0.0005,1.1031,1.7748,0.3722
1.3600,0.0002,0.9312,1.3621,0.3722
1.6847,0.0005,0.8307,1.5497,0.3573
2.0493,0.0005,0.8284,2.1438,0.3395
1.4762,0.0004,0.8807,1.4409,0.3395
1.8738,0.0005,0.9880,1.8754,0.3387
1.8366,0.0005,0.8460,1.7547,0.3469
1.2965,0.0005,0.9106,1.4736,0.3657
1.1563,0.0006,0.7684,1.1090,0.3657
1.8121,0.0011,1.0225,1.4311,0.3407
2.4671,0.0009,0.9628,2.7685,0.3547
1.4517,0.0007,1.1024,1.4974,0.3536
1.4512,0.0006,0.9973,1.3894,0.3547
1.3289,0.0006,0.8686,1.4064,0.3547
1.7832,0.0004,1.0576,1.7642,0.3379
1.9297,0.0007,0.8899,1.7962,0.3276
1.3882,0.0004,0.9068,1.5184,0.3400
1.8576,0.0004,0.8744,1.8413,0.3400
1.7568,0.0007,0.7146,1.7110,0.3522
1.9592,0.0007,0.9117,1.9091,0.3432
1.5952,0.0008,1.1534,1.4838,0.3423
1.5154,0.0003,1.0833,1.6511,0.3560
1.7033,0.0007,0.8121,1.7147,0.3560
1.7954,0.0006,0.8349,1.6464,0.3670
2.2816,0.0005,0.9447,2.3885,0.3459
1.6747,0.0005,0.9615,1.6666,0.3374
1.8652,0.0004,1.1212,1.7782,0.3497
1.6485,0.0004,1.1684,1.7590,0.3537
1.6052,0.0006,1.0080,1.5830,0.3537
1.8621,0.0008,0.8894,1.3028,0.5538
1.9936,0.0010,1.1524,2.5022,0.3665
1.2171,0.0006,0.9703,1.0623,0.3665
1.9623,0.0006,1.0306,2.1258,0.3606
1.7345,0.0007,0.9691,1.6449,0.3446
1.3267,0.0007,0.9531,1.4262,0.3628
1.8137,0.0006,0.8615,1.7273,0.3380
1.3314,0.0007,0.9754,1.4147,0.3380
1.7058,0.0006,0.9190,1.6717,0.3579
1.8498,0.0007,1.0424,1.7632,0.3570
1.2964,0.0006,1.1265,1.0775,0.3570
2.5316,0.0009,1.0553,2.6686,0.3377
1.3916,0.0005,1.3109,1.5492,0.3519
1.7307,0.0005,0.9377,1.6908,0.3458
1.3266,0.0005,1.0993,1.2822,0.3488
1.4094,0.0006,0.9117,0.9107,0.3488
2.2139,0.0008,0.9103,2.7667,0.3533
1.7926,0.0007,0.8385,1.6860,0.3407
1.2644,0.0005,1.0824,1.4132,0.3407
1.4089,0.0007,0.7011,1.3230,0.3594
1.5367,0.0007,0.9432,1.1133,0.3611
2.3725,0.0007,1.0597,2.5531,0.3502
1.0829,0.0005,1.1237,1.2688,0.3502
19.0226,0.0008,18.5309,1.6617,0.3405
1.3444,0.0004,1.3179,1.9745,0.3405
1.3115,0.0007,1.1982,1.2135,0.3405
1.7372,0.0006,0.8214,1.9454,0.3485
1.2043,0.0006,0.8694,1.2264,0.3485
1.4548,0.0005,0.8212,1.4525,0.3513
1.8102,0.0010,0.7382,1.7133,0.3650
1.5524,0.0005,1.0062,1.5587,0.3802
1.3060,0.0008,1.1352,1.3366,0.3802
2.0139,0.0007,0.9746,1.9929,0.3713
1.3990,0.0004,1.1896,1.2811,0.3452
1.5064,0.0005,1.1240,1.5685,0.3452
1.3918,0.0005,0.9493,1.3973,0.3524
1.5177,0.0004,0.9594,1.5830,0.3447
1.6633,0.0006,0.7898,1.5069,0.3415
1.6641,0.0005,0.9249,1.6744,0.3429
1.5758,0.0007,1.1272,1.5841,0.3429
2.5763,0.0009,0.9910,2.5053,0.3898
1.4732,0.0012,1.2999,1.5210,0.6436
1.4579,0.0008,1.2817,1.4937,0.3503
1.6469,0.0006,0.9714,1.6868,0.3520
1.5942,0.0009,0.8867,1.6239,0.3520
1.4033,0.0004,0.9081,1.3253,0.3315
1.4836,0.0004,0.9266,1.3372,0.3474
1.8586,0.0005,1.0059,2.0186,0.3603
1.1907,0.0006,1.0086,1.1430,0.3603
1.8208,0.0007,1.1493,1.8381,0.3506
1.7122,0.0010,0.9781,1.5975,0.3458
1.9948,0.0009,1.3718,1.6996,0.3808
0.9295,0.0006,1.7196,1.0881,0.3686
0.9804,0.0006,0.8429,1.2439,0.3686
2.2816,0.0006,0.6939,2.2036,0.3656
0.8853,0.0005,0.9499,0.9800,0.3656
1.7314,0.0006,0.7885,1.4492,0.3560
2.1763,0.0006,0.8437,2.3774,0.3504
1.5633,0.0005,0.9075,1.6132,0.3551
1.1471,0.0003,0.9136,1.1288,0.3551
1.7204,0.0005,0.7119,1.5075,0.3612
2.2901,0.0007,0.8530,2.4194,0.3649
1.8773,0.0006,1.2690,1.9458,0.3552
1.1289,0.0005,1.0968,1.1634,0.3552
1.8452,0.0006,0.7732,1.7507,0.3395
1.1395,0.0005,1.0146,1.2209,0.3395
1.3268,0.0006,0.7097,1.2956,0.3334
1.5797,0.0005,0.7507,1.5613,0.3606
1.5565,0.0004,0.8146,1.1138,0.3606
1.4594,0.0005,0.9587,1.6852,0.3625
1.5518,0.0004,0.7463,1.4791,0.3473
1.8400,0.0005,0.6931,1.8040,0.3369
2.0149,0.0007,0.8779,2.2824,0.3617
1.9344,0.0003,0.9019,1.8721,0.3496
1.8972,0.0004,0.9100,1.8959,0.3496
1.1611,0.0004,0.8740,1.1730,0.3502
1.6641,0.0005,0.8553,1.7227,0.3413
1.4603,0.0005,0.7346,1.3502,0.3546
1.6895,0.0006,0.8201,1.7760,0.3461
2.0025,0.0008,0.7808,1.7523,0.3469
1.5272,0.0009,0.8067,1.6080,0.3416
1.9493,0.0008,0.9514,1.9133,0.3560
1.9001,0.0007,1.0836,1.9800,0.3593
1.5300,0.0005,1.0654,1.4089,0.3570
1.1345,0.0006,1.0547,1.3451,0.3570
1.7019,0.0005,0.7506,1.5950,0.3463
1.3094,0.0003,0.9048,1.4263,0.3447
1.0490,0.0004,0.9204,0.8632,0.3447
1.8014,0.0004,1.1151,1.6089,0.3546
1.4122,0.0005,1.0921,1.6221,0.3546
1.8945,0.0005,0.8039,1.7726,0.3516
1.6077,0.0006,0.9699,1.6510,0.3552
1.9121,0.0008,1.0670,1.7372,0.3585
1.9986,0.0009,1.0353,2.3032,0.3835
1.4041,0.0009,0.9934,1.2325,0.3835
1.9173,0.0006,0.8596,1.9790,0.3486
1.4265,0.0008,0.9717,1.0408,0.3469
2.0071,0.0004,1.1883,2.4884,0.3618
1.6805,0.0005,0.8936,1.6516,0.3525
1.7778,0.0007,0.8454,1.8125,0.3565
1.7577,0.0006,1.0045,1.7520,0.3546
1.6752,0.0009,0.8790,1.5477,0.3444
1.7845,0.0009,1.0826,1.0636,0.3724
1.4659,0.0006,2.0621,2.1984,0.3431
1.0019,0.0003,1.0280,1.0860,0.3431
1.8856,0.0005,0.8132,1.3956,0.3497
1.6328,0.0007,1.1290,2.0668,0.3492
1.6076,0.0008,1.0330,1.5788,0.3572
1.5088,0.0006,0.9603,1.5999,0.3460
1.6018,0.0006,0.7658,1.5738,0.3443
1.3311,0.0003,0.7429,1.3235,0.3432
1.2138,0.0004,0.7042,1.2003,0.3657
1.3561,0.0004,0.6707,1.2765,0.3657
1.7670,0.0005,0.7914,1.7612,0.3784
2.0227,0.0005,0.9210,1.7850,0.4061
0.8135,0.0002,1.1056,0.8425,0.4061
1.4686,0.0004,0.7270,1.6185,0.3749
1.5088,0.0006,0.6816,1.5833,0.3684
1.2645,0.0003,0.7855,1.2716,0.3580
1.5507,0.0003,0.7405,1.5558,0.3564
1.6642,0.0004,0.8154,1.2907,0.3650
1.3426,0.0008,0.8458,1.5140,0.3650
1.6122,0.0005,0.6994,1.5338,0.3491
1.9327,0.0008,0.8748,2.1056,0.3570
1.3823,0.0005,1.2121,1.4217,0.3570
1.2037,0.0006,0.8265,1.2292,0.3557
1.4818,0.0005,0.7286,1.1603,0.3639
1.8157,0.0007,0.8543,1.7547,0.3351
1.3219,0.0003,0.9360,1.5535,0.3453
1.6153,0.0004,0.9664,1.6859,0.3704
1.6830,0.0005,1.0686,1.5754,0.3563
1.2055,0.0004,1.0658,1.3654,0.3536
1.5220,0.0005,0.7033,1.4204,0.3469
1.4818,0.0005,0.8102,1.1356,0.3567
1.2893,0.0006,0.9268,1.6566,0.3567
1.9681,0.0006,1.0465,1.9243,0.3545
1.7464,0.0007,0.9607,1.5949,0.3543
1.4071,0.0008,0.9565,1.5045,0.3543
1.7407,0.0007,0.9493,1.7181,0.3381
1.6043,0.0008,1.0035,1.6957,0.3553
1.2777,0.0006,0.9158,1.3163,0.3553
1.5177,0.0007,0.8025,1.3807,0.3454
1.9106,0.0006,0.8728,1.6909,0.3501
1.4817,0.0008,0.8686,1.6193,0.3490
1.0909,0.0005,0.8100,1.3239,0.3490
1.3405,0.0006,0.6583,1.1868,0.3596
2.1801,0.0005,0.8323,2.2474,0.3530
1.1779,0.0008,0.9634,1.2357,0.3530
1.5452,0.0010,0.9903,1.5306,0.3449
1.5227,0.0003,0.7290,1.5225,0.3689
1.6844,0.0004,0.7149,1.6500,0.3495
1.0161,0.0003,0.6881,1.0527,0.3495
1.5063,0.0004,0.6295,1.4752,0.3499
1.5169,0.0004,0.6483,1.4596,0.3469
1.5572,0.0003,0.6917,1.5312,0.3388
1.4456,0.0004,0.6727,1.3313,0.3458
1.7000,0.0006,0.8131,1.8201,0.3786
1.4866,0.0004,0.8442,1.3444,0.3442
1.5990,0.0006,1.0784,1.5154,0.3442
1.6017,0.0006,0.8951,1.8565,0.3694
1.8664,0.0004,0.7395,1.8241,0.3403
1.6989,0.0004,0.8584,1.7100,0.3743
1.4816,0.0003,0.9061,1.5014,0.3633
1.9908,0.0003,0.6607,1.9715,0.3558
1.2065,0.0004,0.6619,1.1334,0.3426
1.7589,0.0005,0.8321,1.7274,0.3426
1.9387,0.0006,0.8604,1.9728,0.3597
1.3572,0.0005,0.8240,1.3802,0.3753
1.1468,0.0006,0.9395,1.1189,0.3753
2.4005,0.0004,0.8328,2.2414,0.3479
1.0674,0.0004,0.8818,1.1802,0.3479
1.9191,0.0003,0.7994,1.9674,0.3398
1.1496,0.0004,0.6774,1.0364,0.3398
2.2437,0.0007,0.7455,2.2245,0.3429
1.2114,0.0005,0.9201,1.3553,0.3525
1.5405,0.0006,0.8619,1.5302,0.3563
1.5841,0.0008,0.6557,1.5098,0.3307
1.4901,0.0007,0.7835,1.1187,0.3498
1.5906,0.0007,1.0403,1.9270,0.3498
1.4423,0.0007,0.9588,1.2048,0.3564
1.2657,0.0008,0.7919,1.4608,0.3482
1.4469,0.0009,0.8662,1.1516,0.3479
1.8488,0.0003,0.8404,2.2289,0.3408
1.3813,0.0003,0.8354,1.4197,0.3445
1.4087,0.0004,0.8457,1.4016,0.3445
1.3412,0.0004,0.6967,1.1868,0.3492
2.2532,0.0005,0.8651,2.3637,0.3661
1.6874,0.0006,0.8917,1.5951,0.3327
1.6642,0.0007,0.9525,1.6932,0.3944
1.3708,0.0007,0.9749,1.4302,0.3468
1.0633,0.0006,0.7641,1.0806,0.3662
1.5143,0.0004,0.7255,1.3076,0.3553
1.7710,0.0006,0.9466,1.9270,0.3466
1.0081,0.0005,0.7014,1.0243,0.3466
1.6318,0.0005,0.8552,1.6383,0.3583
1.0023,0.0004,0.6933,0.8352,0.3583
1.5698,0.0008,0.8539,1.7313,0.3492
1.5427,0.0005,0.6640,1.4651,0.3508
1.5577,0.0006,0.7546,1.5733,0.3596
1.7572,0.0008,0.7635,1.2890,0.3632
1.3884,0.0005,1.3463,1.0443,0.3481
1.5529,0.0005,1.3094,2.3071,0.3534
1.8894,0.0005,0.8730,1.9043,0.3444
1.0695,0.0006,0.9354,0.8008,0.3444
1.1807,0.0004,1.0355,1.3304,0.3572
1.2978,0.0005,1.1009,1.3816,0.3572
1.7591,0.0007,0.6866,1.5501,0.3475
1.9622,0.0007,0.7505,1.9394,0.3435
1.6059,0.0007,0.9399,1.8456,0.3533
1.7711,0.0009,0.9840,1.6772,0.3504
1.9932,0.0007,0.8499,1.9862,0.3504
1.4910,0.0008,1.0301,1.5408,0.3771
1.2234,0.0005,0.9655,1.1966,0.3639
1.4710,0.0006,0.9144,1.2265,0.3401
1.5750,0.0007,1.1524,1.6674,0.3401
1.6034,0.0007,0.9307,1.6622,0.3508
1.4598,0.0007,0.8461,1.4854,0.3655
1.5849,0.0006,1.0340,1.6857,0.3469
1.5968,0.0005,0.9251,1.6049,0.3557
1.9838,0.0005,0.8223,1.8667,0.3420
1.7254,0.0007,0.9539,1.5569,0.3843
1.2076,0.0003,1.2678,1.1393,0.3686
1.4097,0.0004,0.9129,1.7746,0.3541
1.1507,0.0002,0.8514,0.9250,0.3541
1.5284,0.0006,0.7929,1.4680,0.3407
1.6214,0.0005,0.9431,1.6681,0.3407
1.7198,0.0008,0.9996,1.7393,0.3403
1.6287,0.0003,0.9207,1.4328,0.3441
1.5670,0.0008,0.7412,1.9060,0.3445
1.9452,0.0004,0.7783,1.9599,0.3385
1.3853,0.0004,0.8962,1.4221,0.3413
1.2935,0.0007,0.7241,1.1974,0.3413
1.2912,0.0005,0.7843,1.3268,0.3392
1.8063,0.0006,0.8849,1.6009,0.3436
1.3959,0.0006,0.8278,1.5114,0.3682
1.7543,0.0005,0.8910,1.8039,0.3413
1.3212,0.0003,0.7892,1.0699,0.3435
1.3469,0.0005,1.0402,1.4892,0.3435
1.6315,0.0004,0.8499,1.7986,0.3544
1.7548,0.0003,0.7742,1.7371,0.3476
1.5274,0.0003,0.7719,1.4403,0.3484
1.3137,0.0004,0.8954,1.3704,0.3424
1.3342,0.0007,0.6530,1.1998,0.3424
2.3017,0.0006,0.7571,2.3698,0.4081
1.2302,0.0009,0.9075,1.0877,0.4081
1.7970,0.0009,0.8656,1.9470,0.3593
1.3519,0.0006,0.9433,0.9298,0.3424
1.4329,0.0007,0.8765,1.8915,0.3597
1.5797,0.0007,0.6388,1.5634,0.3597
2.1166,0.0004,0.7315,2.0974,0.3698
1.7382,0.0004,0.7384,1.6656,0.3574
1.6645,0.0004,0.7815,1.6067,0.3637
1.5872,0.0005,0.8245,1.6781,0.3689
1.2975,0.0006,0.7636,1.2752,0.3689
1.6565,0.0005,0.8608,1.5721,0.3562
1.9919,0.0006,0.9197,1.8871,0.3441
1.3087,0.0006,1.0656,1.5094,0.3559
1.2142,0.0005,0.9230,1.0677,0.3559
1.9333,0.0005,1.0853,2.0535,0.3419
1.1099,0.0003,0.8669,1.0601,0.3419
1.7340,0.0003,0.7666,1.8195,0.3464
1.4835,0.0004,0.7282,1.2032,0.3460
1.5515,0.0003,0.8897,1.7643,0.3450
1.4852,0.0006,0.8767,1.4903,0.3502
1.8969,0.0004,1.0307,1.8968,0.3791
1.2305,0.0002,0.8443,1.2595,0.3569
1.2407,0.0004,0.7476,1.0539,0.3569
1.6057,0.0004,0.7372,1.6502,0.3418
1.6687,0.0003,0.7726,1.6091,0.3634
1.7839,0.0004,0.7982,1.9628,0.3507
1.4460,0.0004,0.7855,1.1009,0.3428
1.7136,0.0004,0.8508,1.9491,0.3385
1.3689,0.0004,0.7846,1.1778,0.3481
1.2351,0.0003,1.0871,1.3767,0.3482
1.4705,0.0004,1.0394,1.2942,0.3731
1.1549,0.0004,1.2932,1.3778,0.3731
1.7348,0.0004,0.9818,1.4914,0.3752
1.3448,0.0006,0.9700,1.6355,0.3752
1.5512,0.0004,0.8421,1.5469,0.3602
1.4585,0.0006,0.9098,1.4483,0.3579
1.3866,0.0004,0.7865,1.2952,0.3408
1.3448,0.0005,0.8655,1.2763,0.3408
1.6656,0.0008,0.9354,1.5745,0.3564
1.8756,0.0005,0.8248,2.1172,0.3571
1.6192,0.0004,0.8982,1.6328,0.3571
1.1075,0.0005,0.8191,0.9836,0.3610
1.9791,0.0005,0.7380,2.0417,0.3478
1.2973,0.0009,0.7450,1.3104,0.3526
1.0619,0.0004,0.7635,1.0143,0.3526
1.3089,0.0005,0.6952,1.3404,0.3618
1.3660,0.0004,0.7130,1.2657,0.3527
1.3271,0.0004,0.8120,1.4525,0.3478
1.3953,0.0003,0.6993,1.0580,0.3435
1.1850,0.0003,0.8836,1.4210,0.3562
1.0325,0.0010,0.7665,0.9804,0.3623
1.0461,0.0003,1.0828,1.1817,0.3623
1.7032,0.0004,0.8397,1.6718,0.3673
1.1223,0.0004,0.6565,0.9429,0.3673
1.6085,0.0006,0.9818,1.7371,0.5407
1.5822,0.0007,0.9165,1.2394,0.5407
1.6426,0.0004,0.8911,2.0227,0.3857
1.4090,0.0005,0.8709,1.0754,0.3358
1.4060,0.0003,0.9824,1.7395,0.3471
1.3597,0.0003,0.6833,1.1348,0.3471
1.4818,0.0003,0.7019,1.6336,0.3483
1.4018,0.0004,0.6480,1.4731,0.3522
1.1962,0.0004,0.6873,0.9912,0.3536
1.4209,0.0003,0.6223,1.6298,0.3458
1.4448,0.0003,0.5987,1.4325,0.3524
1.3501,0.0004,0.6029,1.3469,0.3560
1.1743,0.0005,0.6112,0.9871,0.3560
2.0666,0.0009,0.6782,1.6809,0.3766
2.0776,0.0009,1.0799,2.5172,0.3523
1.4082,0.0009,0.9774,1.4360,0.3385
2.0062,0.0006,1.0454,1.9711,0.3463
1.4881,0.0004,1.1994,1.5145,0.3422
1.1144,0.0004,0.8782,1.1466,0.3422
1.8050,0.0005,0.8161,1.7550,0.3629
1.9526,0.0012,0.8023,1.8511,0.3450
1.4712,0.0007,1.0523,1.3597,0.3450
1.8734,0.0008,1.0959,1.9468,0.3582
1.8768,0.0010,1.1333,1.8074,0.3910
2.0136,0.0008,1.2008,2.1197,0.3610
1.5846,0.0007,0.9771,1.2794,0.3509
1.9679,0.0007,1.0130,2.1882,0.3332
1.4531,0.0006,0.9536,1.6164,0.3475
1.4386,0.0004,0.7581,1.4426,0.3653
1.4887,0.0004,0.7570,1.3892,0.3522
1.1190,0.0004,0.8946,1.2495,0.3522
1.9262,0.0004,0.6872,1.8572,0.3496
1.3925,0.0004,0.8102,1.2884,0.3558
1.9485,0.0006,1.0463,1.7845,0.3652
1.4096,0.0006,0.8739,1.6219,0.3652
1.5380,0.0005,0.8101,1.4561,0.3514
1.4449,0.0005,0.8854,1.4094,0.3547
2.0500,0.0008,0.7509,2.1857,0.3417
1.6067,0.0008,0.8433,1.6228,0.3362
1.9931,0.0006,1.3234,1.9481,0.3533
1.6767,0.0007,0.8273,1.4936,0.3490
1.8018,0.0005,1.3159,1.9185,0.5634
1.4373,0.0007,1.5866,1.4573,0.3740
1.9519,0.0011,1.0157,1.8242,0.3732
1.4524,0.0009,1.1452,1.5089,0.3524
1.5552,0.0011,1.0149,1.4027,0.3524
2.0853,0.0008,0.8747,2.3042,0.3477
1.6658,0.0010,1.0187,1.6660,0.3539
1.6896,0.0011,0.9307,1.7061,0.3637
1.8194,0.0009,0.8502,1.7976,0.3419
1.3944,0.0007,0.8319,1.4054,0.3435
1.5828,0.0008,0.8414,1.4349,0.3435
2.0551,0.0009,1.1087,2.1237,0.3558
1.5448,0.0009,0.9964,1.5988,0.3558
1.9630,0.0007,0.8541,1.6614,0.3482
1.4188,0.0009,0.8144,1.6046,0.3519
1.6322,0.0005,0.9104,1.6280,0.3452
1.3702,0.0004,0.8948,1.1168,0.3367
1.6305,0.0003,0.8601,1.9922,0.3549
1.2904,0.0003,0.8661,1.0063,0.3549
2.1266,0.0004,1.0485,2.3021,0.3525
1.3452,0.0004,0.9673,1.2287,0.3326
1.8091,0.0005,0.9745,1.9719,0.3749
1.6303,0.0011,0.8133,1.4545,0.3749
2.0560,0.0006,0.9280,2.2339,0.3536
1.2375,0.0004,0.9938,1.2669,0.3426
1.4161,0.0005,0.8006,1.0323,0.3426
1.5567,0.0004,0.8345,1.8089,0.3557
1.1452,0.0005,0.7924,1.2177,0.3506
2.0269,0.0006,0.7473,1.9656,0.3475
1.7007,0.0007,0.8853,1.7569,0.3563
1.5290,0.0006,0.9264,1.5380,0.3563
1.8727,0.0008,0.9013,1.7230,0.3554
1.4179,0.0006,1.2249,1.2904,0.3731
2.0245,0.0005,1.0080,2.2810,0.3404
1.5712,0.0006,0.7454,1.4232,0.3404
1.9502,0.0005,0.7269,2.0273,0.3707
1.0842,0.0005,0.8356,1.1644,0.3707
1.9606,0.0005,0.6965,1.9156,0.3463
1.0188,0.0006,0.7208,1.0509,0.3463
1.5657,0.0006,0.7298,1.5480,0.3531
1.2926,0.0007,0.6794,1.0202,0.3531
1.3237,0.0007,0.7084,1.4505,0.3448
1.7922,0.0008,0.7990,1.5874,0.3607
1.6047,0.0009,1.1212,1.8752,0.3998
1.6391,0.0004,1.1506,1.4195,0.3544
1.7449,0.0006,1.0540,2.0197,0.3456
1.6038,0.0007,0.8353,1.5510,0.3520
1.4553,0.0005,0.7393,1.4746,0.3450
1.4528,0.0006,0.7297,1.4774,0.3545
1.2785,0.0006,0.6994,1.0414,0.3545
1.2985,0.0005,0.6378,1.5431,0.3484
1.1739,0.0003,0.7147,1.1837,0.3464
1.2356,0.0006,0.9526,1.2134,0.3737
1.6194,0.0006,0.6403,1.3521,0.3432
2.0204,0.0006,0.7766,2.2247,0.3601
1.4213,0.0005,0.8345,1.1157,0.3601
1.5296,0.0005,0.7269,1.5337,0.3513
1.8627,0.0006,0.8257,2.1716,0.3431
1.6741,0.0008,0.7581,1.1646,0.3657
1.4319,0.0005,1.2817,1.6346,0.3563
1.2899,0.0005,0.9273,1.5001,0.3563
1.5951,0.0007,0.7926,1.4645,0.3600
1.7670,0.0005,0.9960,1.5618,0.3494
1.8967,0.0007,0.8047,2.2179,0.3495
1.4850,0.0009,0.8767,1.5081,0.3428
1.5181,0.0006,0.9575,1.1847,0.3428
1.7749,0.0007,0.8976,2.1415,0.3437
1.2601,0.0010,0.9348,1.2388,0.3371
1.7183,0.0008,0.8168,1.4990,0.3540
1.6822,0.0007,0.7726,1.7138,0.3425
1.9239,0.0005,0.9509,1.9288,0.3414
1.6452,0.0006,1.2034,1.6611,0.3494
1.3904,0.0005,1.3332,1.5438,0.3503
1.7761,0.0005,0.8792,1.7460,0.3503
1.8667,0.0005,0.9444,1.8453,0.3492
1.4586,0.0007,0.9339,1.4705,0.3492
1.8525,0.0008,0.7386,1.8430,0.3437
1.2828,0.0005,0.7646,1.1214,0.3437
1.5376,0.0005,1.2078,1.6140,0.3544
1.6607,0.0006,0.8864,1.5867,0.3388
1.4685,0.0003,0.7626,1.6692,0.3486
1.5977,0.0003,0.6323,1.5843,0.3486
1.1673,0.0004,0.6219,1.1677,0.3542
1.2745,0.0005,0.6184,1.0825,0.3542
1.4624,0.0007,0.6349,1.5807,0.3415
1.6899,0.0007,0.7674,1.6767,0.3512
1.5896,0.0005,0.9076,1.4501,0.3541
1.6033,0.0010,0.9849,1.7749,0.3648
1.8126,0.0006,0.7401,1.6213,0.3572
1.9379,0.0005,0.7531,2.0899,0.3474
1.6544,0.0004,0.8636,1.6728,0.3504
1.3375,0.0003,0.8981,1.1559,0.3504
1.5741,0.0004,0.6891,1.5890,0.3489
1.4456,0.0005,0.9701,1.5394,0.3489
1.5079,0.0005,0.7382,1.3041,0.3636
1.9597,0.0008,0.6911,2.1737,0.3629
1.4257,0.0004,1.0305,1.4657,0.3638
1.8225,0.0003,0.8234,1.8100,0.3490
1.4470,0.0004,0.8729,1.4441,0.3565
1.5936,0.0005,0.7037,1.5834,0.3353
1.4122,0.0005,0.7116,1.3264,0.3523
0.9975,0.0004,1.0583,1.0897,0.3523
1.5528,0.0005,0.6862,1.4237,0.3616
1.5295,0.0004,0.7707,1.4511,0.3443
1.4016,0.0004,0.9276,1.6032,0.3441
1.2094,0.0005,0.7420,1.0683,0.3537
1.5571,0.0007,0.8997,1.5384,0.3467
2.0367,0.0009,0.8122,2.0994,0.3565
1.3529,0.0005,0.8935,1.3914,0.3565
1.5141,0.0006,0.7966,1.5532,0.3424
1.4592,0.0005,0.6862,1.4406,0.3355
1.5650,0.0004,0.7365,1.5396,0.3319
1.7864,0.0003,0.8463,1.8020,0.3466
1.2133,0.0004,0.6890,1.2187,0.3622
1.1592,0.0005,0.6414,1.0470,0.3361
1.3725,0.0004,0.6647,1.2878,0.3535
1.5486,0.0003,0.6711,1.5743,0.3460
1.9356,0.0009,0.7836,1.6549,0.3851
1.4263,0.0008,1.2586,1.5029,0.3851
2.5446,0.0008,0.9880,2.6399,0.3473
1.0747,0.0005,1.0467,1.1592,0.3513
1.3715,0.0005,1.0535,1.4910,0.3513
1.7366,0.0005,0.8247,1.5260,0.3479
1.7817,0.0004,0.7659,1.9784,0.3533
1.2837,0.0003,0.7500,1.1775,0.3533
1.5959,0.0004,0.8274,1.4262,0.3595
1.7235,0.0004,1.0094,1.9832,0.3493
1.4143,0.0007,0.7077,1.3359,0.3766
1.7593,0.0008,0.8604,1.7485,0.3731
1.5828,0.0006,0.9997,1.6282,0.3551
1.1915,0.0005,0.9982,0.8489,0.3551
1.4389,0.0005,1.0397,1.8055,0.3558
1.6837,0.0007,0.8525,1.5320,0.3522
1.6336,0.0007,0.7663,1.7721,0.3394
1.3897,0.0006,0.7638,1.3750,0.3523
1.3690,0.0005,0.8840,1.2341,0.3591
1.7540,0.0006,0.7544,1.8153,0.3399
1.4369,0.0005,0.9403,1.4360,0.3470
2.2263,0.0009,0.7597,1.9699,0.3481
1.3501,0.0007,1.1668,1.5605,0.3636
1.6911,0.0005,0.9181,1.5017,0.3452
1.6468,0.0004,1.1488,1.7268,0.3452
1.5984,0.0005,0.7325,1.8133,0.3380
2.0271,0.0006,0.7337,1.9287,0.3584
1.0731,0.0005,0.9055,0.8756,0.3584
1.7947,0.0006,0.9703,2.0814,0.3382
1.2719,0.0004,0.7127,1.2851,0.3401
1.4112,0.0004,0.7994,1.3895,0.3446
2.2663,0.0006,0.7074,2.0174,0.3734
1.8948,0.0006,1.0610,2.0666,0.3567
1.1354,0.0003,0.9797,1.1988,0.3567
1.9678,0.0005,0.8112,1.9312,0.3368
1.6274,0.0003,0.8817,1.6585,0.3588
1.2510,0.0003,0.9473,0.9144,0.3588
2.0659,0.0003,0.8396,2.3718,0.3471
1.4123,0.0003,0.7057,1.2684,0.3471
1.7899,0.0006,0.8228,1.8408,0.3491
1.4433,0.0006,0.9376,1.2708,0.3539
1.6353,0.0007,1.0155,1.7429,0.3560
2.0485,0.0008,0.9053,2.1513,0.3635
1.1896,0.0005,0.9015,1.1053,0.3635
2.3037,0.0003,0.8442,2.2526,0.3499
1.4011,0.0004,1.0339,1.5740,0.3480
0.9989,0.0006,0.8135,0.8899,0.3480
1.4320,0.0006,0.7243,1.4011,0.3491
1.7320,0.0006,0.8683,1.5237,0.3577
1.1169,0.0006,0.9978,1.4119,0.3577
1.6939,0.0006,0.8952,1.5345,0.3482
1.8752,0.0007,1.3627,2.0274,0.3403
1.4661,0.0013,0.9183,1.3539,0.3403
2.0213,0.0008,0.9647,2.0539,0.3558
1.6954,0.0006,1.0306,1.5855,0.3539
2.1771,0.0007,0.9574,2.3337,0.3505
1.4851,0.0005,0.8187,1.4973,0.3621
1.2928,0.0005,0.8967,1.2261,0.3623
1.3538,0.0006,0.9495,1.1806,0.3623
1.8795,0.0006,0.9652,1.9840,0.3604
1.3404,0.0005,1.0358,1.4764,0.3604
1.7895,0.0007,0.8097,1.6612,0.3639
1.3336,0.0007,0.9264,1.2172,0.3639
1.9783,0.0009,0.8626,2.1526,0.3673
1.6898,0.0008,0.8419,1.3393,0.3346
1.4717,0.0008,0.9706,1.5616,0.3346
1.4725,0.0008,0.7630,1.7691,0.3382
1.6958,0.0008,0.7301,1.6790,0.3389
1.7450,0.0004,0.8515,1.1804,0.3389
1.6026,0.0005,1.4243,1.8358,0.3462
1.6582,0.0006,1.0029,1.9089,0.3587
1.5525,0.0007,0.9743,1.2169,0.3306
2.0020,0.0011,0.9363,2.3169,0.3482
1.2877,0.0008,0.9554,1.3039,0.3482
1.9925,0.0007,0.9498,1.9278,0.3572
1.7399,0.0003,0.9641,1.7468,0.3334
1.3979,0.0005,0.8957,1.4108,0.3334
1.3486,0.0004,0.6881,1.4507,0.3674
1.8706,0.0007,0.7695,1.8284,0.3472
1.2618,0.0007,0.8049,1.1438,0.3482
1.4719,0.0005,0.9396,1.6088,0.3482
1.4918,0.0004,0.9682,1.4952,0.3335
1.4199,0.0004,0.8842,1.3987,0.3335
1.8643,0.0005,0.7550,1.6189,0.3423
1.6501,0.0006,0.9364,1.8611,0.3685
1.5834,0.0005,0.8809,1.6193,0.3685
1.9015,0.0004,0.7610,1.7233,0.3336
1.8124,0.0006,0.9568,1.9644,0.3588
1.3020,0.0006,0.8186,1.1364,0.3626
1.5538,0.0005,1.0387,1.2790,0.3626
1.4105,0.0006,1.1062,1.5609,0.3442
1.6030,0.0008,0.9827,1.6837,0.3503
1.9461,0.0005,0.8384,2.0874,0.3583
1.5866,0.0005,0.8032,1.6181,0.3618
1.3734,0.0004,0.8688,1.0799,0.3618
1.7161,0.0005,0.8436,1.8114,0.3688
1.5413,0.0003,0.8689,1.6991,0.3619
1.3050,0.0006,0.9830,1.3511,0.3570
1.4370,0.0007,0.7446,1.3381,0.3421
1.9829,0.0007,1.0741,1.9841,0.3391
1.6835,0.0006,0.9258,1.5874,0.3552
1.3546,0.0005,0.9426,1.4505,0.3570
1.5392,0.0004,0.8137,1.5329,0.3570
1.8657,0.0006,0.8027,1.8522,0.3627
1.8645,0.0007,1.2520,1.4281,0.3486
1.2851,0.0009,1.5981,1.6063,0.3702
1.5092,0.0007,0.8269,1.6841,0.3715
1.1841,0.0007,0.7320,1.1706,0.3609
1.6619,0.0006,0.7591,1.5330,0.3565
1.9646,0.0006,1.2006,2.0051,0.3382
1.6033,0.0008,1.1271,1.6591,0.3570
1.6438,0.0005,0.8280,1.6285,0.3608
1.3363,0.0006,0.7837,1.3792,0.3540
1.2052,0.0006,0.7680,0.9389,0.3540
1.4983,0.0007,0.7110,1.6290,0.3585
1.9973,0.0007,0.7868,1.7682,0.3713
1.4218,0.0006,1.0602,1.6945,0.3713
1.3209,0.0009,0.9224,1.2446,0.3665
1.5603,0.0007,0.8681,1.3493,0.3838
1.4253,0.0006,1.2499,1.1753,0.3771
0.8358,0.0003,1.2818,1.4391,0.3771
1.6677,0.0007,0.6509,1.6407,0.3526
1.3471,0.0006,0.6530,1.3544,0.3676
1.4235,0.0004,0.7771,1.4187,0.3413
1.0253,0.0004,0.9454,0.8791,0.3413
1.5662,0.0004,0.8593,1.5682,0.3573
1.8123,0.0008,0.7666,1.7262,0.3429
2.0603,0.0006,0.7756,2.2007,0.3864
1.1367,0.0004,0.9301,0.9658,0.3421
1.5483,0.0004,1.0097,1.5463,0.3700
1.7791,0.0009,0.9407,1.8486,0.3700
1.3557,0.0005,1.1526,1.4692,0.3622
1.7102,0.0005,0.8803,1.3571,0.3443
1.7612,0.0007,0.8235,2.0771,0.3528
1.7638,0.0005,0.8489,1.8198,0.3528
1.7919,0.0005,0.7824,1.7421,0.3406
1.6132,0.0009,0.8043,1.5727,0.3561
1.7600,0.0008,0.8647,1.7487,0.3562
1.5119,0.0008,0.9498,1.5217,0.3319
1.3896,0.0007,0.9794,1.4360,0.3319
1.7025,0.0008,0.8820,1.6947,0.3509
1.8308,0.0004,0.8184,1.7317,0.3351
1.4681,0.0005,0.9300,1.5657,0.3382
1.3570,0.0005,0.7246,1.1575,0.3406
1.4781,0.0006,0.8025,1.6283,0.3426
1.5103,0.0003,0.9787,1.5343,0.3487
1.7208,0.0005,0.7648,1.6825,0.3470
1.1754,0.0004,0.9082,1.1633,0.3470
1.9348,0.0004,0.8154,1.8480,0.3509
1.8413,0.0006,0.9135,1.8875,0.3607
1.6510,0.0005,0.9387,1.0309,0.3575
1.4967,0.0004,0.9602,2.0460,0.3575
1.8391,0.0005,0.7740,1.3900,0.3530
1.7785,0.0005,0.9230,2.0514,0.3476
1.9810,0.0003,0.8055,2.2309,0.3508
1.1282,0.0004,0.6920,1.1624,0.3425
1.3282,0.0003,0.8860,0.9962,0.3425
1.9842,0.0008,0.8212,1.4506,0.3367
2.3533,0.0010,1.1166,3.0749,0.3933
1.5105,0.0006,1.1399,1.5574,0.3548
1.6719,0.0004,0.9421,1.6680,0.3513
1.4178,0.0005,0.8854,1.0749,0.3513
1.3009,0.0005,0.9841,1.6619,0.3387
2.0401,0.0003,0.7506,1.8416,0.3446
1.2072,0.0004,1.1539,1.0493,0.3447
1.8259,0.0004,1.0992,2.1599,0.3447
1.4853,0.0004,0.7818,1.5241,0.3485
1.9703,0.0006,0.8035,1.5253,0.3447
2.2186,0.0007,1.1354,2.4296,0.3510
1.0638,0.0006,1.0782,1.0675,0.3510
1.9055,0.0006,0.9731,2.0493,0.3416
1.3440,0.0005,0.7493,1.3742,0.3545
1.8490,0.0006,0.7332,1.7466,0.3618
1.5669,0.0005,0.9147,1.5292,0.3481
1.3155,0.0005,1.1177,1.2617,0.3481
2.1585,0.0004,0.8346,2.2235,0.3395
1.3132,0.0005,0.7558,1.4059,0.3510
1.4605,0.0007,0.6723,1.3740,0.3510
2.0003,0.0015,1.3925,1.9994,0.3880
1.8247,0.0006,1.1984,1.8385,0.3880
1.6504,0.0005,0.9061,1.6617,0.3442
1.9000,0.0006,0.8659,1.8973,0.3464
1.8415,0.0007,0.8374,1.8574,0.3436
1.6530,0.0004,0.8401,1.6181,0.3694
1.7749,0.0005,0.9795,1.6851,0.3705
1.0074,0.0002,0.7423,1.0424,0.3474
1.7816,0.0004,0.6994,1.8478,0.3616
1.6681,0.0008,0.6690,1.3314,0.3616
1.6462,0.0006,0.9153,1.9518,0.3549
1.6879,0.0006,0.7798,1.7089,0.3702
1.8191,0.0004,0.6945,1.7830,0.3499
1.0458,0.0004,0.6550,0.9339,0.3499
1.4127,0.0006,0.6830,1.5182,0.3378
1.7660,0.0007,0.6543,1.6876,0.3432
1.4992,0.0004,0.8231,1.4574,0.3510
1.2485,0.0007,0.9279,1.1735,0.3510
1.9774,0.0006,0.6910,1.8087,0.3527
1.2655,0.0005,0.8306,1.3306,0.3414
1.5900,0.0006,1.0008,1.7669,0.3704
1.3190,0.0004,0.9896,1.1298,0.3704
2.2753,0.0007,0.9483,2.5237,0.3500
0.9868,0.0003,0.7617,0.8965,0.3567
1.1901,0.0004,0.8403,1.3148,0.3567
1.5784,0.0004,0.6515,1.4495,0.3524
1.4571,0.0003,0.9132,1.5631,0.3565
1.2519,0.0004,1.0445,1.1059,0.3565
1.4747,0.0004,0.7340,1.6127,0.3671
1.5825,0.0004,0.6771,1.5392,0.3521
1.5674,0.0004,0.7957,1.3779,0.3592
1.5554,0.0008,1.0810,1.4686,0.3687
1.7628,0.0007,0.9549,1.8560,0.9747
1.2009,0.0007,1.0143,1.3759,0.3860
1.5987,0.0009,0.7603,1.4289,0.3445
1.6660,0.0005,0.9378,1.8046,0.3469
1.1098,0.0002,0.8041,1.0798,0.3469
1.2161,0.0003,0.7021,1.2763,0.3522
1.3602,0.0003,0.5966,1.3232,0.3404
1.5078,0.0004,0.6102,1.3426,0.3459
1.6568,0.0003,0.6741,1.8348,0.3609
1.4918,0.0004,0.6996,1.4927,0.3541
1.9126,0.0006,0.6588,1.8349,0.3721
1.5598,0.0006,0.7877,1.2327,0.3534
1.7538,0.0005,1.0939,2.1038,0.3562
1.5119,0.0004,0.8584,1.4858,0.3516
1.4803,0.0004,0.7233,1.5070,0.3494
1.6072,0.0002,0.7173,1.6164,0.3494
1.5312,0.0004,0.6662,1.4797,0.3434
1.4852,0.0005,0.7023,1.4739,0.3627
1.6406,0.0004,0.7880,1.6537,0.3565
1.2876,0.0004,0.9532,1.1162,0.3468
2.1038,0.0008,1.0771,1.7449,0.3497
1.7985,0.0004,0.8514,2.2584,0.3495
1.6826,0.0006,0.9011,1.5629,0.3491
1.5097,0.0006,0.8723,1.6164,0.3517
1.6958,0.0007,0.8363,1.7084,0.3454
1.2373,0.0006,0.9509,1.0975,0.3405
1.3511,0.0007,0.9849,1.3713,0.3405
1.7713,0.0005,0.7888,1.9166,0.3500
1.5957,0.0004,0.7133,1.6171,0.3359
1.1774,0.0004,0.8059,0.9793,0.3610
1.0883,0.0005,1.0826,1.1213,0.3610
1.5798,0.0005,1.0202,1.6081,0.3461
1.0014,0.0003,0.7738,0.8515,0.3461
1.8174,0.0005,0.7599,2.0452,0.3713
1.3375,0.0003,0.6967,1.2158,0.3534
1.6084,0.0005,0.6879,1.5814,0.3686
1.3111,0.0003,0.8466,1.3495,0.3686
1.5879,0.0003,0.6836,1.4275,0.3442
1.7276,0.0005,0.8548,1.9906,0.3357
1.2787,0.0004,0.6465,1.3025,0.3357
1.5562,0.0004,0.6269,1.5599,0.3482
0.8940,0.0004,0.5755,0.8840,0.3482
1.5476,0.0003,0.5996,1.5524,0.3408
1.5892,0.0005,0.5714,1.5176,0.3408
1.6211,0.0005,0.6605,1.6038,0.3619
1.4008,0.0003,0.7687,1.3659,0.3531
1.5381,0.0006,0.8741,1.5382,0.3386
1.0287,0.0004,0.7569,0.9221,0.3386
1.7615,0.0005,0.6528,1.8300,0.3438
1.2866,0.0006,0.7600,1.3902,0.3495
1.4623,0.0004,0.6908,1.3269,0.3532
1.3944,0.0003,0.7817,1.4593,0.3532
1.6264,0.0003,0.7101,1.6879,0.3411
1.7349,0.0003,0.5965,1.6921,0.3368
1.6163,0.0005,0.6889,1.2815,0.3443
1.5258,0.0005,1.1337,1.3185,0.3792
1.5369,0.0003,1.0934,1.6536,0.3754
1.4908,0.0003,0.7137,1.9192,0.3446
1.0300,0.0003,0.6807,0.9731,0.3446
1.5939,0.0003,0.6700,1.6312,0.3670
1.2363,0.0003,0.6753,1.1459,0.3670
1.3037,0.0003,0.7849,1.2601,0.3534
1.3487,0.0003,0.6646,1.4927,0.3448
1.2671,0.0004,0.6482,1.2541,0.3448
1.2012,0.0004,0.7467,1.0182,0.3536
1.3475,0.0003,1.0362,1.4174,0.3437
1.7433,0.0004,0.6968,1.6830,0.3475
1.6852,0.0004,0.7024,1.7944,0.3789
1.1373,0.0004,0.7553,1.2047,0.3789
1.5308,0.0003,0.6320,1.4147,0.3559
1.7169,0.0005,0.6403,1.7860,0.3505
1.2042,0.0005,0.6835,1.0492,0.3571
1.1897,0.0004,0.7918,1.2053,0.3571
1.5152,0.0003,0.5887,1.3853,0.3520
1.3259,0.0004,0.7548,1.3194,0.3520
1.4472,0.0004,0.6056,1.7199,0.3491
1.1999,0.0003,0.5578,1.1995,0.3491
1.4722,0.0004,0.5649,1.4781,0.3518
1.6386,0.0010,0.5574,1.2635,0.3807
1.2487,0.0005,1.1270,1.2886,0.3807
1.6717,0.0007,1.0007,1.9247,0.3543
1.2975,0.0007,0.6987,1.2545,0.3466
1.1457,0.0006,0.8258,1.2124,0.3621
1.6565,0.0005,0.7817,1.3801,0.3542
1.1696,0.0004,0.7772,1.3341,0.3542
1.2984,0.0005,0.6590,1.4070,0.3559
1.2868,0.0004,0.6419,1.2402,0.3559
1.1028,0.0003,0.6484,1.1434,0.3473
1.6412,0.0005,0.5927,1.5270,0.3506
1.7817,0.0006,0.7567,1.5533,0.3454
0.9750,0.0004,1.0937,1.0407,0.3454
1.9378,0.0005,0.9435,1.8104,0.3568
1.9495,0.0006,0.8145,1.9819,0.3391
1.2527,0.0003,0.8479,0.9337,0.3435
1.1590,0.0004,0.7841,1.4493,0.3521
1.0956,0.0004,0.8031,1.1278,0.3521
1.5018,0.0004,1.0522,1.5978,0.3379
1.3069,0.0004,0.6278,1.1093,0.3559
1.3063,0.0005,0.7484,1.2039,0.3485
1.5310,0.0005,0.7526,1.8140,0.3442
1.2431,0.0002,0.6404,1.2615,0.3442
1.2474,0.0003,0.5968,1.2364,0.3622
2.1273,0.0007,0.6269,2.0196,0.3840
1.1732,0.0005,0.8294,1.0919,0.3634
1.2349,0.0005,0.9476,1.4018,0.3634
1.6737,0.0003,0.6983,1.6827,0.3513
1.5504,0.0004,0.6508,1.2849,0.3415
1.5053,0.0003,0.7886,1.4155,0.3568
1.2524,0.0004,0.9558,1.3320,0.3568
1.8484,0.0003,0.6918,2.0244,0.3420
1.1221,0.0004,0.6450,1.1945,0.3408
1.3927,0.0003,0.7794,1.0682,0.3450
1.1534,0.0007,0.7098,1.3631,0.3450
1.9530,0.0006,0.5857,1.3622,0.3848
1.2284,0.0005,1.1234,1.8184,0.3848
1.7334,0.0005,1.0161,1.7771,0.3585
1.4377,0.0004,0.6919,1.4218,0.3624
1.3567,0.0003,0.6725,1.3401,0.3624
1.4069,0.0003,0.6568,1.4346,0.3426
1.6451,0.0003,0.6786,1.6432,0.3426
1.7001,0.0003,0.7391,1.5987,0.3405
1.3935,0.0003,0.7402,1.2112,0.3405
1.4404,0.0003,0.6416,1.5817,0.3462
1.4039,0.0005,0.6694,1.4428,0.3427
1.6172,0.0008,0.6999,1.6304,0.3406
1.4789,0.0006,0.9837,1.3741,0.3574
2.0630,0.0006,0.9055,2.2077,0.3399
1.5418,0.0006,0.7393,1.5147,0.3544
1.2530,0.0004,0.6657,1.2856,0.3544
1.2644,0.0004,0.6481,1.2390,0.3565
1.6368,0.0003,0.8124,1.2883,0.3439
1.4649,0.0003,0.6247,1.5318,0.3508
1.5623,0.0004,0.8383,1.8376,0.3527
1.5600,0.0004,0.7479,1.1714,0.3432
1.1390,0.0156,0.8612,1.4183,0.3432
1.6030,0.0005,1.1040,1.3977,0.3556
1.2294,0.0004,1.1224,1.5049,0.3600
1.2864,0.0005,0.7707,1.1429,0.3548
1.1101,0.0004,0.8159,1.1347,0.3548
1.2733,0.0003,0.6529,1.3748,0.3465
1.4539,0.0003,0.6177,1.4453,0.3441
1.2766,0.0003,0.6760,1.2099,0.3509
1.3813,0.0003,0.6234,1.2843,0.3487
0.8976,0.0003,0.7240,1.0838,0.3487
1.1044,0.0004,0.7545,1.0276,0.3388
1.4713,0.0004,0.6770,1.2821,0.3556
1.3323,0.0004,0.7623,1.5677,0.3529
1.6659,0.0006,0.5752,1.6508,0.3465
1.1961,0.0006,0.6756,0.9838,0.3395
1.8006,0.0004,0.9501,1.6424,0.3462
1.2542,0.0004,1.2945,1.5921,0.3659
1.2736,0.0005,0.7857,1.2606,0.3675
1.2674,0.0003,0.7378,1.2792,0.3471
1.1548,0.0004,1.1739,1.0327,0.3471
1.3071,0.0004,0.8175,1.2825,0.3460
1.5257,0.0005,0.6620,1.4509,0.3476
0.9835,0.0006,0.8629,1.0115,0.3476
1.4407,0.0004,0.6305,1.5882,0.3738
1.3863,0.0004,0.6042,1.3745,0.3520
1.7084,0.0004,0.6412,1.5228,0.3696
2.0115,0.0005,0.6802,1.6331,0.3600
1.3763,0.0006,1.4032,1.8299,0.3600
1.3282,0.0004,1.2380,1.2389,0.3767
1.5085,0.0004,0.7306,1.6668,0.3470
1.1046,0.0006,0.7602,1.1345,0.3474
1.2872,0.0007,0.6499,1.0861,0.3369
1.6829,0.0004,0.6352,1.7753,0.3392
1.6391,0.0004,0.7352,1.6727,0.3513
1.7156,0.0006,0.6187,1.7293,0.3456
1.0265,0.0004,0.6533,0.8898,0.3456
1.6351,0.0007,0.6726,1.5006,0.3440
1.3116,0.0005,0.7968,1.4768,0.3440
2.1415,0.0007,0.6221,2.1455,0.3619
1.4898,0.0006,0.8999,1.5591,0.3586
1.1096,0.0003,0.8303,1.1407,0.3586
2.1467,0.0007,0.6733,2.0204,0.3481
0.8804,0.0004,0.7689,0.7603,0.3481
1.3252,0.0004,0.8119,1.5707,0.3556
1.5722,0.0004,0.7305,1.1774,0.3486
1.2453,0.0004,0.7222,1.3919,0.3486
1.4632,0.0004,0.7109,1.6237,0.3501
1.3583,0.0005,0.7734,1.3969,0.3515
1.2103,0.0004,0.8662,1.2124,0.3540
1.4156,0.0004,0.9091,1.0287,0.3540
2.3341,0.0005,0.9876,2.6458,0.3526
1.2955,0.0006,0.8483,1.0731,0.3526
1.4282,0.0007,0.9219,1.6504,0.3585
1.3337,0.0006,0.9890,1.3511,0.3461
1.5363,0.0009,0.8414,1.3867,0.3410
1.1212,0.0007,1.1030,1.2829,0.3431
1.6275,0.0006,0.9997,1.2966,0.3394
2.1128,0.0004,0.9495,2.4011,0.3577
1.1162,0.0005,0.7944,1.0572,0.3577
1.4603,0.0007,0.7315,1.4613,0.3433
1.7349,0.0007,0.7187,1.7456,0.3441
1.5441,0.0007,0.9242,1.3602,0.3749
1.0455,0.0008,1.1100,1.1586,0.3624
1.5731,0.0007,0.8870,1.6705,0.3537
1.3443,0.0007,0.7929,1.3424,0.3486
1.1082,0.0005,0.8090,1.0042,0.3486
1.4864,0.0006,0.7290,1.4522,0.3395
1.5486,0.0007,0.7096,1.6586,0.3498
1.4025,0.0003,0.7841,1.3083,0.3503
1.6197,0.0005,0.8503,1.7402,0.3444
1.8240,0.0004,0.7368,1.8055,0.3426
1.3800,0.0005,0.8067,1.3575,0.3426
1.6647,0.0007,0.7931,1.6248,0.4058
1.2795,0.0007,0.8826,1.1578,0.4058
2.2473,0.0008,0.7825,2.3873,0.3420
1.1797,0.0007,0.8428,0.9869,0.3420
2.0501,0.0008,1.0106,2.2132,0.3579
1.5043,0.0004,0.9111,1.5241,0.3383
1.5366,0.0005,0.8253,1.2461,0.3383
1.8596,0.0006,0.8535,2.1191,0.3516
1.4832,0.0006,0.8781,1.2970,0.3516
1.8081,0.0007,0.9139,1.7362,0.3479
1.9124,0.0009,1.1470,2.0859,0.3480
1.9964,0.0006,1.3401,2.0438,0.3489
1.2471,0.0008,1.1238,1.2996,0.3489
1.5098,0.0005,0.7649,1.3390,0.3641
1.7263,0.0007,0.9646,1.8085,0.3411
1.9618,0.0005,1.1983,1.9388,0.3339
1.1920,0.0005,0.8795,1.1142,0.3339
1.6828,0.0003,0.7992,1.7773,0.3468
1.5893,0.0005,0.8873,1.5781,0.3549
1.1657,0.0004,0.9423,1.1818,0.3353
1.5600,0.0007,0.7482,1.5229,0.3515
2.0336,0.0004,0.8248,1.7656,0.3730
1.6235,0.0004,1.0710,1.6219,0.3699
1.2785,0.0003,1.1163,1.4958,0.3699
1.3205,0.0003,1.1200,1.3118,0.3407
1.8444,0.0004,0.9413,1.9393,0.3632
1.4838,0.0007,0.7196,1.4000,0.3485
1.1414,0.0004,0.8659,1.2184,0.3463
1.4432,0.0005,0.9098,1.2552,0.3596
1.1001,0.0007,0.8971,1.1960,0.3596
1.7267,0.0004,0.9935,1.8061,0.3518
1.0838,0.0006,0.8836,0.8819,0.3518
2.2118,0.0004,0.8495,2.3291,0.3659
1.4442,0.0005,0.8482,1.1961,0.3659
2.1145,0.0004,1.1964,2.3550,0.3486
1.1324,0.0004,0.9723,1.1926,0.3486
1.8250,0.0003,0.9494,1.8307,0.3722
1.3637,0.0006,0.6858,1.1742,0.3506
1.7673,0.0006,0.7678,1.7299,0.3457
1.4843,0.0005,0.9258,1.6565,0.3426
1.7195,0.0004,0.8213,1.7106,0.3452
1.3306,0.0006,0.8764,1.0902,0.3452
1.8945,0.0007,1.1194,2.0938,0.3546
0.9286,0.0005,0.8592,0.9601,0.3546
1.5882,0.0004,0.7938,1.5840,0.3607
1.7975,0.0004,0.8261,1.6810,0.3366
1.4639,0.0006,0.8736,1.5628,0.3491
1.8985,0.0011,0.9761,1.6605,0.3410
1.1600,0.0004,1.0164,1.3014,0.3472
1.2487,0.0008,0.8332,1.3679,0.3472
1.4345,0.0006,0.6605,1.3094,0.3366
1.5040,0.0004,0.7727,1.6114,0.3508
1.6626,0.0005,0.8108,1.6441,0.3547
2.1103,0.0005,0.8558,2.0319,0.3454
1.2247,0.0008,0.9137,1.0524,0.3454
1.7915,0.0004,1.1772,2.0312,0.3466
1.4412,0.0004,0.8225,1.1062,0.3578
1.4489,0.0005,0.8677,1.4483,0.3578
1.6375,0.0005,0.7809,1.6964,0.3647
1.4245,0.0004,0.7754,1.6170,0.3418
1.5600,0.0005,0.8574,1.6258,0.3561
1.5449,0.0005,0.6697,1.3313,0.3410
1.9588,0.0004,0.7505,2.1543,0.3457
1.7343,0.0005,0.9047,1.6882,0.3695
1.6017,0.0005,0.9098,1.6333,0.3889
1.2690,0.0005,0.8002,1.1799,0.3489
1.4966,0.0005,0.8359,1.5985,0.3489
1.4157,0.0004,0.8849,1.1901,0.3608
1.4425,0.0004,0.8637,1.6602,0.3517
1.7469,0.0004,0.7811,1.7261,0.3523
1.1669,0.0006,0.8809,1.1890,0.3366
1.2913,0.0004,0.6728,1.2021,0.3366
1.4192,0.0005,0.7897,1.1872,0.3351
1.7495,0.0003,1.0104,1.9775,0.3498
1.5982,0.0008,0.7631,1.5205,0.3498
2.1757,0.0010,0.9202,2.2306,0.3635
1.1976,0.0007,0.9836,1.2547,0.3635
1.6936,0.0004,0.7901,1.6349,0.3432
1.3613,0.0005,0.7528,1.2936,0.3432
1.6218,0.0004,0.7695,1.7220,0.3448
1.2645,0.0006,0.8521,1.0998,0.3575
1.6823,0.0006,0.9491,1.8479,0.3492
1.5742,0.0005,0.6688,1.5685,0.3488
1.4368,0.0005,0.6827,1.4401,0.3488
1.7005,0.0005,0.7052,1.6472,0.3497
1.4623,0.0010,0.7845,1.4301,0.3535
1.8241,0.0008,0.9433,1.6700,0.5497
1.4025,0.0004,0.8462,1.5672,0.3618
1.5329,0.0004,0.9494,1.2110,0.3416
1.3596,0.0003,0.8814,1.7042,0.3416
1.6341,0.0004,0.6315,1.3036,0.3568
1.4207,0.0005,0.8366,1.6304,0.3482
1.8329,0.0004,0.8464,1.8654,0.3559
1.3517,0.0004,0.9169,1.3145,0.3575
1.4011,0.0005,0.7670,1.2178,0.3508
1.3684,0.0005,0.8974,1.3777,0.3508
1.6492,0.0008,1.2292,1.7968,0.3490
2.2884,0.0006,0.9026,2.1814,0.3492
1.3990,0.0004,0.9974,1.5700,0.3526
1.4111,0.0004,0.7206,1.3041,0.3558
1.2328,0.0005,0.8380,1.1897,0.3558
1.5281,0.0006,0.9757,1.5891,0.3604
1.5324,0.0007,0.8186,1.4886,0.3488
1.5889,0.0006,0.8585,1.4752,0.3528
1.4701,0.0010,0.8883,1.6081,0.3514
1.6195,0.0008,0.9243,1.2699,0.3514
1.4756,0.0009,1.0789,1.7861,0.3621
2.2381,0.0011,0.9264,2.0244,0.3852
1.4662,0.0005,1.1741,1.7068,0.3852
1.3926,0.0007,0.9391,1.3120,0.3647
1.8472,0.0004,0.8386,1.6629,0.3431
1.2356,0.0005,1.0640,1.5254,0.3518
1.4370,0.0006,0.9050,1.4373,0.3541
1.7642,0.0006,0.7231,1.8013,0.3445
1.1702,0.0004,0.8263,0.9771,0.3445
1.2106,0.0004,0.8189,1.3819,0.3578
1.6226,0.0003,0.6888,1.6327,0.3413
1.4755,0.0010,0.6413,1.4122,0.3513
1.6874,0.0007,0.7133,1.4647,0.3958
1.6889,0.0006,0.9269,1.8952,0.4010
1.6473,0.0008,0.9385,1.5128,0.3478
1.5349,0.0004,0.9109,1.5916,0.3478
1.5503,0.0006,0.8433,1.6503,0.3433
1.3218,0.0006,0.7039,1.3288,0.3433
1.9415,0.0008,0.7116,1.3892,0.3557
1.6578,0.0006,1.1748,2.1666,0.3557
1.8311,0.0005,0.9318,1.8231,0.3574
1.6864,0.0007,0.9944,1.6529,0.3574
1.4049,0.0004,0.9592,1.3405,0.3599
1.7427,0.0006,0.8901,1.4624,0.3527
1.2801,0.0010,1.0143,1.6322,0.3527
1.7631,0.0006,0.8701,1.6546,0.3495
1.2222,0.0006,0.9696,1.3499,0.3366
1.4914,0.0010,0.6393,1.2219,0.3557
1.6130,0.0009,0.8444,1.6365,0.3566
1.5479,0.0005,1.0129,1.7417,0.3429
1.7165,0.0004,0.8639,1.7177,0.3506
1.4070,0.0005,0.9223,1.0522,0.3338
1.3301,0.0010,1.0892,1.5922,0.3338
1.9159,0.0006,1.0404,1.9304,0.3620
1.4658,0.0005,0.9570,1.5155,0.3576
1.5171,0.0005,0.8087,1.4471,0.3576
1.6849,0.0004,0.7788,1.6490,0.3533
1.7285,0.0006,0.8180,1.7928,0.3464
1.5914,0.0008,0.8514,1.5458,0.3352
1.7898,0.0005,0.7725,1.7683,0.3319
1.3273,0.0003,0.9106,1.2568,0.3372
1.7223,0.0003,0.6853,1.8643,0.3454
1.4364,0.0006,0.6599,1.4162,0.3579
1.2997,0.0004,0.6940,1.2860,0.3579
1.5854,0.0006,0.7382,1.5145,0.3619
1.6176,0.0004,0.9002,1.6869,0.3632
1.5457,0.0004,0.9843,1.5582,0.3690
1.1232,0.0004,0.9309,0.9853,0.3690
1.7471,0.0005,0.9032,1.6821,0.3538
1.7911,0.0007,0.7707,1.6244,0.3503
1.3970,0.0007,0.9404,1.5503,0.3503
1.9341,0.0005,0.7924,2.1033,0.3569
1.4872,0.0005,0.7443,1.4952,0.3387
1.4707,0.0005,0.7303,1.2043,0.3454
1.7942,0.0006,0.9010,1.9833,0.3449
1.4478,0.0005,0.8174,1.3246,0.3689
2.1884,0.0004,0.7790,2.2373,0.3590
1.0767,0.0004,0.9392,1.1595,0.3590
2.0431,0.0006,0.9098,2.0507,0.3618
1.4296,0.0005,0.7289,1.4294,0.3531
1.6678,0.0006,0.7832,1.5906,0.3531
1.5675,0.0007,0.8238,1.6275,0.3418
1.2978,0.0003,0.8606,1.2909,0.3450
1.7801,0.0007,0.6897,1.4310,0.3402
1.6196,0.0008,1.1022,1.9117,0.3402
1.7228,0.0006,1.0128,1.6275,0.3431
1.5941,0.0003,1.0044,1.6757,0.3431
1.1999,0.0003,0.8453,1.2630,0.3361
1.6017,0.0004,0.7761,1.5399,0.3327
1.4425,0.0005,0.7953,1.4977,0.3585
1.5157,0.0006,0.7262,1.5030,0.3585
1.2834,0.0004,0.6957,1.1611,0.3562
1.2253,0.0005,0.6710,1.2922,0.3462
1.5771,0.0004,0.8654,1.4369,0.3692
1.4077,0.0004,1.1559,1.5937,0.3541
1.0400,0.0008,0.9207,0.9105,0.3541
2.1218,0.0007,0.7341,2.1267,0.3527
1.4847,0.0008,0.9348,1.5727,0.3507
1.2742,0.0006,0.9857,1.2374,0.3507
1.4154,0.0008,0.8829,1.1960,0.3467
2.0997,0.0007,1.0089,2.3167,0.3741
1.1517,0.0007,0.7684,1.1874,0.3500
1.2663,0.0004,0.7334,1.1114,0.3500
1.7900,0.0005,0.7060,1.6547,0.3435
1.5251,0.0006,0.9560,1.7833,0.3435
1.7017,0.0005,0.8553,1.4300,0.3628
1.7718,0.0007,0.7194,1.8561,0.3433
1.9843,0.0007,0.8599,1.7900,0.3494
1.4916,0.0005,1.0557,1.7514,0.3494
1.9958,0.0005,0.9605,2.0727,0.3559
1.3283,0.0004,0.8235,1.3561,0.3401
1.3708,0.0004,0.7885,1.3362,0.3401
1.8615,0.0005,0.7385,1.8477,0.3609
1.4522,0.0005,0.7247,1.4786,0.3607
1.8888,0.0005,0.7014,1.8717,0.3517
1.1085,0.0004,0.7024,1.1314,0.3517
1.9688,0.0006,0.7197,1.8783,0.3566
1.2968,0.0005,0.8428,1.3252,0.3566
1.4838,0.0006,0.9463,1.4165,0.3853
1.7594,0.0006,1.1169,1.8221,0.3419
1.4994,0.0006,0.7734,1.5016,0.3628
1.0109,0.0003,0.7251,1.0219,0.3628
1.6784,0.0004,0.7014,1.6412,0.3386
1.1266,0.0005,0.7231,0.9809,0.3386
2.3026,0.0006,0.7702,2.4353,0.3526
1.2570,0.0005,0.6751,0.9771,0.3526
1.4143,0.0005,0.7672,1.5469,0.3361
1.3488,0.0008,0.7879,1.4986,0.3361
1.7206,0.0009,1.1744,1.5343,0.3586
2.0167,0.0006,0.8857,1.7976,0.3614
2.1309,0.0006,0.9962,2.4569,0.3603
1.5711,0.0005,0.8466,1.4904,0.3692
1.4028,0.0004,0.9101,1.4533,0.3484
1.4277,0.0004,0.7860,1.4947,0.3385
1.3912,0.0005,0.7301,1.3942,0.3385
1.4676,0.0005,0.7006,1.3868,0.3548
1.3980,0.0005,0.8227,1.3313,0.3516
1.8502,0.0009,0.9201,1.9397,0.3383
1.2656,0.0006,0.8144,1.0703,0.3575
1.7243,0.0006,0.8790,1.6117,0.4071
1.5516,0.0008,0.7592,1.8603,0.3420
2.1227,0.0005,0.7500,2.0463,0.3399
1.2770,0.0006,0.8361,1.3633,0.3399
1.7478,0.0007,0.7077,1.7196,0.3643
0.9500,0.0004,0.7863,0.8961,0.3643
1.7999,0.0004,0.6933,1.4719,0.3565
1.4186,0.0004,0.7557,1.8175,0.3511
1.4045,0.0006,0.8875,1.3895,0.3591
1.5588,0.0004,1.0478,1.1845,0.3575
2.3418,0.0009,0.8972,2.6325,0.3974
1.1064,0.0004,1.0273,0.9921,0.3974
1.7019,0.0003,0.8668,1.8444,0.3648
1.3499,0.0003,0.8919,1.3694,0.3648
1.4899,0.0008,1.0035,1.2303,0.3470
1.8004,0.0006,0.9694,2.0382,0.3587
1.4097,0.0005,1.1478,1.3614,0.3476
1.5742,0.0004,0.8093,1.5121,0.3445
0.9553,0.0004,0.7932,0.9198,0.3445
1.6315,0.0005,0.7961,1.4477,0.3324
1.8398,0.0007,0.9422,2.0580,0.3350
1.2231,0.0006,0.8454,1.2245,0.3350
2.2179,0.0002,0.9463,2.2366,0.3827
1.9128,0.0005,0.9125,1.9384,0.3541
1.3275,0.0002,0.8325,1.2091,0.3466
2.0185,0.0005,0.8748,2.0516,0.3498
1.3871,0.0004,0.8893,1.4601,0.3623
1.3616,0.0005,0.7304,1.3458,0.3377
1.6312,0.0004,0.7092,1.5242,0.3377
1.7733,0.0004,0.8044,1.8525,0.3520
1.2875,0.0004,0.8793,1.3097,0.3520
2.0563,0.0006,1.2701,2.0107,0.3442
1.6776,0.0005,0.9464,1.3498,0.3499
1.6647,0.0006,0.9625,1.7734,0.3499
1.8278,0.0007,0.8294,1.7142,0.3379
1.8284,0.0006,0.8877,1.4731,0.3402
1.6988,0.0007,1.2128,2.3969,0.3547
1.3240,0.0007,0.8325,1.0512,0.3547
1.8846,0.0007,0.7472,1.7187,0.3456
1.9701,0.0007,0.8721,2.3049,0.3445
1.3263,0.0007,1.0760,1.2845,0.3445
1.8564,0.0005,0.9478,1.6875,0.3706
1.3115,0.0006,1.0350,1.5004,0.3706
1.5340,0.0004,0.9232,1.4799,0.3604
1.2025,0.0005,1.0667,1.3290,0.3604
1.8221,0.0005,0.7523,1.5294,0.3512
1.4319,0.0004,0.9000,1.7329,0.3556
1.4081,0.0004,0.8268,1.4004,0.3511
1.4127,0.0005,1.0151,1.2856,0.3700
1.1643,0.0006,0.8265,1.1949,0.3555
1.0956,0.0005,0.9014,1.1325,0.3555
2.0971,0.0005,0.9312,1.5095,0.3696
1.4313,0.0007,1.1500,1.9193,0.3696
1.6310,0.0006,0.8902,1.7345,0.3493
1.3504,0.0004,0.8197,1.3064,0.3493
2.0567,0.0004,0.7559,2.0965,0.3593
0.8418,0.0005,0.7730,0.8905,0.3593
1.6356,0.0006,0.6917,1.0560,0.3468
1.4887,0.0008,0.7634,1.9251,0.3479
1.2399,0.0007,1.1430,1.2886,0.3479
1.8113,0.0006,0.8066,1.8377,0.3610
1.3709,0.0008,0.7418,1.2773,0.3442
1.9400,0.0007,0.9880,1.9406,0.3541
1.0430,0.0006,1.2192,1.1265,0.3541
1.5784,0.0007,0.9066,1.5623,0.3585
1.1957,0.0004,0.8264,1.1716,0.3672
1.3781,0.0005,0.7766,1.4189,0.3616
1.2106,0.0004,0.7916,1.0698,0.3678
1.1629,0.0005,0.8622,1.3095,0.3678
1.4761,0.0005,0.7825,1.2070,0.3467
1.5119,0.0005,0.9402,1.6856,0.3467
1.4711,0.0003,0.7590,1.4193,0.3429
1.5775,0.0005,0.8486,1.5524,0.3429
1.4715,0.0005,0.7374,1.5935,0.3390
1.5729,0.0007,0.7722,1.2554,0.3552
1.8257,0.0007,0.9408,1.9761,0.3500
1.2309,0.0004,1.5742,1.2315,0.3726
1.4741,0.0004,0.7631,1.5613,0.3394
1.4664,0.0007,0.7441,1.4042,0.3512
1.3976,0.0007,0.9382,1.4332,0.3527
1.9142,0.0008,0.7539,1.9649,0.3364
1.2178,0.0006,0.8133,1.2573,0.3364
1.7447,0.0006,0.7810,1.4664,0.3560
1.9449,0.0006,0.9639,2.1888,0.3685
1.0397,0.0004,0.8153,0.8376,0.3438
1.7198,0.0012,0.9857,1.8711,0.3727
1.5577,0.0009,0.8609,1.1864,0.3625
1.6380,0.0007,1.5599,1.9851,0.3482
1.4144,0.0005,0.8623,1.4783,0.3475
1.8950,0.0006,0.8269,1.8462,0.3481
1.6968,0.0006,0.7860,1.7106,0.3475
1.2986,0.0006,0.7963,1.2555,0.3475
1.9302,0.0004,0.7499,1.5762,0.3432
1.9618,0.0004,0.9935,2.2385,0.3635
1.4017,0.0003,0.8074,1.5086,0.3434
1.0061,0.0004,0.7120,0.7438,0.3434
2.2030,0.0003,0.7381,2.4106,0.3641
1.5316,0.0005,0.8825,1.5078,0.3746
1.3989,0.0007,0.9919,1.4286,0.3746
1.5277,0.0005,0.7460,1.5110,0.3505
2.1432,0.0004,0.8836,2.1243,0.3505
1.7799,0.0004,0.7921,1.8224,0.3639
1.1137,0.0003,0.6856,1.0070,0.3639
1.6702,0.0003,0.6882,1.3576,0.3618
1.4811,0.0006,0.6635,1.9057,0.3426
1.3043,0.0006,0.6391,1.1658,0.3507
1.4718,0.0006,0.7324,1.5340,0.3618
1.7800,0.0007,0.8104,1.6648,0.3826
1.7742,0.0005,0.9429,1.9075,0.3617
1.8119,0.0007,0.8401,1.8057,0.3404
0.9040,0.0004,0.7342,0.9229,0.3404
1.4323,0.0004,0.6660,1.2962,0.3559
1.4418,0.0004,0.7462,1.5489,0.3479
1.4055,0.0005,0.7838,1.4194,0.3387
1.4882,0.0003,0.6731,1.4539,0.3448
1.3007,0.0004,0.6716,1.3116,0.3545
1.4418,0.0004,0.6208,1.0851,0.3380
1.5489,0.0005,0.7552,1.7289,0.3380
1.8733,0.0007,1.0725,1.9409,0.3639
1.7262,0.0005,1.2246,1.6391,0.3524
1.2005,0.0005,1.0707,1.3535,0.3524
1.8024,0.0005,0.9243,1.7862,0.3557
1.4308,0.0006,0.7122,1.4230,0.3732
1.3288,0.0004,0.9333,1.2111,0.3732
1.8352,0.0006,0.9555,1.9473,0.3422
1.4749,0.0004,0.7075,1.5008,0.3422
1.4239,0.0004,0.7047,1.2718,0.3427
1.5007,0.0003,0.8996,1.4727,0.3582
1.5707,0.0007,0.8404,1.6582,0.3508
1.6484,0.0007,0.8556,1.4977,0.3971
1.2421,0.0007,1.0810,1.1031,0.3971
2.2150,0.0009,1.1313,2.3435,0.3467
1.1623,0.0007,1.2525,1.1540,0.3467
1.1896,0.0005,0.9721,1.3985,0.3467
1.7273,0.0004,0.6492,1.6503,0.3506
1.9638,0.0007,0.8011,1.8741,0.3486
1.3837,0.0005,0.8892,1.5034,0.3477
1.2428,0.0006,0.7165,1.2604,0.3477
1.3873,0.0005,0.6279,1.3507,0.3531
2.0188,0.0164,0.6550,1.5078,0.3906
1.4072,0.0004,1.4412,1.4430,0.3721
0.8616,0.0003,1.1811,1.1903,0.3721
1.6493,0.0004,0.7332,1.5524,0.3493
1.6187,0.0004,0.6784,1.5444,0.3567
1.3343,0.0004,0.7454,1.5934,0.3567
1.6911,0.0004,0.9017,1.7478,0.3364
1.2286,0.0003,0.7929,1.2325,0.3378
1.5678,0.0004,0.6102,1.5445,0.3353
1.1445,0.0005,0.6211,1.1829,0.3353
1.2990,0.0003,0.5942,1.1787,0.3639
1.4718,0.0007,0.6256,1.3258,0.3500
1.8857,0.0006,0.7675,1.7068,0.5609
1.9741,0.0008,1.1272,2.2142,0.3600
0.8615,0.0004,1.1360,0.9882,0.3600
1.3480,0.0003,0.7475,1.3539,0.3571
1.1858,0.0003,0.6582,1.1890,0.3571
1.2262,0.0003,0.6124,1.1932,0.3507
1.5698,0.0003,0.6353,1.5974,0.3553
1.2978,0.0004,0.6116,1.1432,0.3485
1.2044,0.0004,0.7870,1.1517,0.3485
1.2671,0.0004,0.7822,1.4592,0.3521
1.4153,0.0003,0.5941,1.3915,0.3655
1.6041,0.0006,0.6661,1.5922,0.3616
1.3296,0.0004,0.8949,1.3160,0.3569
1.4263,0.0005,0.7751,1.1000,0.3645
1.3642,0.0004,0.8125,1.4408,0.3607
1.3776,0.0004,0.8211,1.3257,0.3372
1.2760,0.0004,0.8706,1.3345,0.3522
0.9965,0.0003,0.9542,1.2481,0.3522
1.5631,0.0004,0.6541,1.1740,0.3442
1.0561,0.0003,0.7731,1.3810,0.3442
1.4005,0.0003,0.7047,1.4540,0.3649
0.9338,0.0003,0.6438,0.8558,0.3649
1.6527,0.0004,0.6510,1.3586,0.3511
1.6636,0.0005,0.8193,1.5769,0.3507
2.0541,0.0007,1.0986,2.4040,0.3822
0.8211,0.0004,0.9007,0.8388,0.3822
2.0175,0.0005,0.7461,1.9410,0.3647
0.7582,0.0004,0.7792,0.8085,0.3647
1.0224,0.0003,0.7831,1.0199,0.3595
1.9372,0.0005,0.6980,1.9787,0.3470
1.2486,0.0004,0.7831,1.2732,0.3648
1.1708,0.0005,0.6692,1.1404,0.3527
1.6470,0.0005,0.6493,1.6619,0.3527
1.5492,0.0003,0.6855,1.2795,0.3544
1.5989,0.0005,0.8520,1.8157,0.3517
1.1298,0.0004,1.0172,1.0634,0.3517
1.6040,0.0003,0.9153,1.6561,0.3603
1.3933,0.0004,0.7830,1.2470,0.3729
1.3416,0.0006,0.7632,1.5019,0.3434
1.5030,0.0006,0.6506,1.4417,0.3490
1.3956,0.0005,0.7460,1.4978,0.3462
1.0837,0.0005,0.8130,1.0750,0.3462
1.2291,0.0006,0.9175,1.2348,0.3664
1.1440,0.0002,0.7087,1.1121,0.3483
1.4506,0.0005,0.7445,1.2960,0.3459
1.1688,0.0004,0.8518,1.3067,0.3459
1.3318,0.0004,0.6497,1.3478,0.3520
1.2930,0.0003,0.7756,1.1483,0.3512
1.7386,0.0005,0.5824,1.6325,0.3532
2.1413,0.0005,0.7864,2.2973,0.3857
1.3108,0.0004,1.0890,1.1815,0.3437
0.9466,0.0004,0.8741,1.1265,0.3437
1.3912,0.0004,0.6460,1.2483,0.3576
1.5787,0.0003,0.7687,1.6790,0.3499
1.1201,0.0005,0.6431,1.0751,0.3499
1.3475,0.0003,0.7160,1.4178,0.3568
1.8310,0.0003,0.6090,1.7947,0.3433
1.2021,0.0004,0.7153,0.9514,0.3433
1.7889,0.0004,0.7856,2.0468,0.3659
1.7621,0.0008,0.7137,1.4540,0.5303
1.5518,0.0006,1.2146,1.0926,0.3621
1.1886,0.0006,1.3986,1.6022,0.3597
0.9458,0.0005,1.1548,1.2864,0.3597
1.4416,0.0005,0.6766,1.2692,0.3557
1.5166,0.0004,0.8094,1.5297,0.3558
1.3995,0.0004,0.7314,1.2895,0.3518
1.6342,0.0006,0.8307,1.8706,0.3343
1.0138,0.0004,0.6823,0.9323,0.3343
1.5895,0.0005,0.6988,1.5741,0.3452
1.3265,0.0007,1.1670,1.1821,0.3674
1.4754,0.0006,0.7211,1.7138,0.3504
1.8075,0.0007,0.6498,1.2969,0.3636
1.7617,0.0004,0.8672,2.2295,0.3563
1.4012,0.0006,0.8933,1.3094,0.3699
1.5307,0.0005,1.0233,1.3003,0.3507
1.7263,0.0005,0.8398,2.0527,0.3608
1.1413,0.0004,0.6962,1.1570,0.3608
1.4248,0.0004,0.5561,1.4285,0.3638
1.3870,0.0003,0.6733,0.9957,0.3483
1.2518,0.0002,0.9566,1.3316,0.3436
1.0295,0.0004,0.7653,1.2499,0.3436
1.3773,0.0006,0.7387,1.4077,0.3509
1.7618,0.0006,0.6240,1.7524,0.3398
1.5353,0.0004,0.6957,1.5284,0.3519
1.2870,0.0003,0.8037,1.3156,0.3869
1.3257,0.0005,0.6860,1.2364,0.3869
1.1024,0.0004,0.6886,1.1911,0.3603
1.1187,0.0004,0.9400,1.1117,0.3475
1.1004,0.0004,0.7867,1.0565,0.3567
1.0689,0.0003,0.7859,1.0455,0.3394
1.5492,0.0004,0.6757,1.5270,0.3483
1.4186,0.0004,0.6317,1.3588,0.3703
1.4228,0.0007,0.7404,1.2106,0.3525
1.3538,0.0005,0.6426,1.6588,0.3449
1.2227,0.0003,0.6263,1.1072,0.3612
1.5831,0.0005,0.6151,1.3758,0.3450
1.3355,0.0005,0.7190,1.5538,0.3451
1.2951,0.0005,1.0675,1.3936,0.3756
1.2142,0.0003,0.6919,1.1530,0.3628
1.7273,0.0003,0.6321,1.7529,0.3440
1.3182,0.0004,0.6166,1.3296,0.3504
1.2664,0.0006,0.8122,1.2585,0.3504
1.6329,0.0003,1.0755,1.5965,0.3443
1.1655,0.0005,0.6690,1.2083,0.3432
1.4994,0.0004,0.6042,1.3476,0.3484
1.2771,0.0003,0.8933,1.1438,0.3484
1.4658,0.0004,0.7641,1.5655,0.3329
1.6099,0.0006,0.8090,1.6854,0.3512
1.6506,0.0009,0.8195,1.6428,0.3749
1.3986,0.0006,0.8263,1.3774,0.3479
1.7208,0.0006,0.7102,1.7986,0.3389
1.7003,0.0004,0.6447,1.6151,0.3637
1.0024,0.0004,0.8304,0.9068,0.3637
1.4849,0.0004,0.7649,1.6764,0.3561
1.3268,0.0003,0.5742,1.3183,0.3482
1.1693,0.0004,0.5890,0.9633,0.3372
1.3104,0.0003,0.7763,1.2153,0.3421
1.2740,0.0004,0.8108,1.2865,0.3421
1.5088,0.0004,0.6977,1.3784,0.3581
1.5123,0.0004,0.7565,1.5735,0.3751
1.2427,0.0004,0.8531,1.4479,0.3751
1.3716,0.0004,1.1486,1.4547,0.3810
1.2520,0.0003,0.7780,1.1855,0.3379
1.5257,0.0003,0.7349,1.5763,0.3673
1.2753,0.0004,0.8440,1.3139,0.3704
1.3021,0.0005,0.7982,1.2599,0.3441
1.2417,0.0005,0.6245,1.2700,0.3477
1.5606,0.0004,0.6472,1.5638,0.3661
1.2172,0.0004,0.6398,1.2118,0.3444
1.2426,0.0003,0.6316,1.2232,0.3500
1.3543,0.0005,0.6201,1.2361,0.3507
1.4501,0.0004,0.7262,1.5027,0.3592
1.3737,0.0004,0.8002,1.3928,0.3592
1.3947,0.0005,0.8730,1.3891,0.3735
1.3805,0.0004,0.8890,1.3304,0.3631
1.0377,0.0005,1.0790,1.1295,0.3854
1.4821,0.0008,0.7625,1.4705,0.3646
1.2469,0.0004,0.6124,0.8826,0.3646
1.3390,0.0003,0.6783,1.5834,0.3507
1.3284,0.0005,0.7634,1.1447,0.3487
1.1874,0.0004,0.8483,1.3068,0.3487
1.1186,0.0004,0.8613,1.1796,0.3497
1.3709,0.0005,0.6411,1.2763,0.3625
1.3045,0.0003,0.6338,1.5119,0.3531
1.5802,0.0005,0.6258,1.4824,0.3531
1.7249,0.0005,0.8382,1.7247,0.3998
1.4799,0.0007,0.8824,1.3558,0.3541
1.2941,0.0003,0.9787,1.4695,0.3540
1.2046,0.0003,0.8943,1.2158,0.3540
1.5852,0.0005,0.6308,1.4360,0.3428
1.5240,0.0004,0.6095,1.3973,0.3540
2.2727,0.0003,0.6429,2.3508,0.3646
1.0843,0.0004,0.8720,1.0017,0.3385
1.1700,0.0004,0.9738,1.2519,0.3385
1.6645,0.0005,0.6729,1.8194,0.3570
1.9844,0.0009,0.6218,1.6258,0.3893
1.4040,0.0188,1.0318,1.2156,0.3661
1.1015,0.0005,1.3570,1.2692,0.3661
1.8216,0.0006,0.8713,1.7328,0.3466
1.5502,0.0004,0.8186,1.6570,0.3466
1.6947,0.0003,0.7562,2.0097,0.3614
1.8009,0.0005,0.6618,1.6200,0.3566
1.4459,0.0004,0.8700,1.4647,0.3463
1.7467,0.0003,0.8704,1.7743,0.3515
1.0852,0.0003,0.8106,1.2250,0.3515
1.9169,0.0007,0.6719,1.8487,0.3634
1.8223,0.0003,0.7731,1.2356,0.3634
1.1189,0.0004,1.2814,1.7351,0.3477
2.1588,0.0008,0.8737,2.0473,0.3724
0.7426,0.0003,0.9513,0.8295,0.3724
1.7029,0.0005,0.6348,1.3962,0.3448
2.0937,0.0005,0.7267,2.3367,0.3425
1.0547,0.0006,0.8091,1.0641,0.3425
1.6215,0.0004,0.6814,1.5681,0.3422
1.3605,0.0004,0.7525,1.4500,0.3439
1.2842,0.0003,0.8364,1.3151,0.3507
1.8347,0.0010,0.6206,1.4966,0.3533
1.5323,0.0006,1.1257,1.5724,0.3602
1.4501,0.0006,1.1078,1.6642,0.3657
1.5846,0.0004,0.8764,1.3963,0.3418
1.3599,0.0006,0.8284,1.5911,0.3418
1.1718,0.0005,0.6370,0.9836,0.3615
1.4761,0.0004,0.6513,1.4470,0.3597
1.1563,0.0006,0.7549,1.3700,0.3597
1.2162,0.0004,0.6814,1.0788,0.3421
1.3335,0.0003,0.7116,1.4718,0.3627
1.3991,0.0003,0.5990,1.3962,0.3460
1.0263,0.0003,0.6530,0.9810,0.3460
1.5474,0.0004,0.7182,1.4707,0.3348
1.7138,0.0005,0.7432,1.7147,0.3552
1.4415,0.0006,1.0976,1.2595,0.3628
1.2524,0.0006,1.0091,1.2632,0.3628
1.3727,0.0006,0.8494,1.3197,0.3556
1.2677,0.0005,0.7728,1.5653,0.3334
1.5524,0.0261,0.6244,1.3710,0.3396
0.9260,0.0003,0.8563,0.9297,0.3396
1.4209,0.0003,0.6216,1.5713,0.3576
1.3992,0.0005,0.6245,1.2222,0.3472
1.5478,0.0005,0.8021,1.4288,0.3373
1.4209,0.0008,0.8448,1.7027,0.3373
1.5501,0.0006,0.7022,1.4975,0.3600
1.4827,0.0008,0.8387,1.2923,0.3600
1.7254,0.0004,1.2388,1.8385,0.3530
1.0451,0.0002,0.8530,1.1713,0.3530
1.4506,0.0003,0.8050,1.4423,0.3378
0.9281,0.0003,0.6881,0.9373,0.3378
1.4245,0.0005,0.7688,1.2432,0.3503
1.4705,0.0003,0.7562,1.5436,0.3476
1.4338,0.0003,0.6461,1.5154,0.3634
1.2329,0.0003,0.8161,1.0223,0.3476
1.4843,0.0004,0.7258,1.6065,0.3410
1.5123,0.0003,0.6350,1.3677,0.3620
1.4089,0.0006,0.7245,1.5548,0.3441
1.8723,0.0006,1.0410,1.2853,0.3805
1.1266,0.0006,1.5144,1.4791,0.3401
1.0445,0.0003,1.0841,1.0675,0.3451
0.9383,0.0003,0.9828,1.2024,0.3451
1.3975,0.0002,0.6170,1.2235,0.3669
1.1156,0.0003,0.7883,1.1256,0.3554
1.1511,0.0003,1.0095,1.2960,0.3554
1.4658,0.0002,0.5649,1.2553,0.3537
1.1724,0.0004,0.7767,1.3798,0.3537
0.9982,0.0004,1.0424,1.0038,0.3648
1.4195,0.0003,0.6235,1.1074,0.3529
1.5583,0.0005,0.7845,1.8547,0.3403
0.9519,0.0003,0.7123,0.7677,0.3403
1.6795,0.0007,0.6330,1.5543,0.3709
1.6415,0.0006,0.8463,1.7898,0.3941
1.1851,0.0005,0.9563,1.0015,0.3435
0.8117,0.0007,1.0978,1.0712,0.3435
1.4582,0.0004,0.6047,1.5197,0.3541
1.0687,0.0005,0.7101,1.0374,0.3342
1.2945,0.0006,0.8900,1.2038,0.3597
1.0317,0.0005,0.8414,1.1010,0.3504
1.3422,0.0007,0.8626,1.3385,0.3584
1.5927,0.0005,0.6872,1.3105,0.3479
1.4142,0.0006,0.8569,1.4558,0.3479
1.5600,0.0004,0.9378,1.6651,0.3651
1.7870,0.0008,0.7217,1.4609,0.3534
1.3287,0.0009,1.1408,1.6300,0.3583
1.0458,0.0005,0.9285,1.2288,0.3715
1.4524,0.0004,0.6494,1.2665,0.3484
1.2366,0.0003,0.6513,1.4219,0.3675
1.3844,0.0006,0.6412,1.1256,0.3514
1.2444,0.0003,0.6677,1.4873,0.3557
1.3868,0.0006,0.6061,1.1396,0.3486
1.3383,0.0004,0.8073,1.2462,0.3514
1.1175,0.0004,0.9650,1.3972,0.3514
1.5783,0.0003,0.9040,1.2251,0.3317
1.0698,0.0003,0.7461,1.4669,0.3504
1.2736,0.0004,0.6397,0.9851,0.3497
1.3634,0.0005,0.9185,1.5877,0.3497
1.4426,0.0006,0.7767,1.4369,0.3764
1.5215,0.0004,0.9207,1.1790,0.3604
1.2271,0.0004,0.9426,1.6143,0.3290
1.2973,0.0003,0.6645,1.1633,0.3468
1.2140,0.0003,0.6001,1.3487,0.3555
1.4011,0.0004,0.5716,1.0823,0.3420
1.2336,0.0005,1.0951,1.5365,0.3420
1.7280,0.0003,0.7879,1.3237,0.3422
1.5943,0.0003,0.5911,1.7191,0.3430
1.1483,0.0004,0.7208,1.2375,0.3430
1.3606,0.0004,0.5681,1.4293,0.3491
1.4597,0.0008,0.5898,1.4455,0.3396
1.6160,0.0009,0.7836,1.3568,0.3799
1.4349,0.0006,0.7678,1.7043,0.3748
1.5584,0.0006,0.7323,1.5324,0.3435
1.3631,0.0005,0.6576,1.4665,0.3512
1.8330,0.0006,0.6627,1.2853,0.3627
1.8314,0.0003,1.0025,2.3473,0.3473
1.0866,0.0003,0.7121,0.9242,0.3473
1.6037,0.0004,0.6616,1.4445,0.3367
1.2257,0.0008,0.7568,1.4340,0.3367
1.3531,0.0004,0.7542,1.4354,0.3518
1.4932,0.0006,0.6408,1.3980,0.3493
1.4881,0.0006,0.7595,1.3379,0.3780
1.2737,0.0005,1.0860,1.5134,0.3769
1.4894,0.0003,0.8070,1.4382,0.3448
1.1792,0.0007,0.6942,1.0668,0.3448
1.5620,0.0004,0.7444,1.6994,0.3353
1.4131,0.0004,0.7838,1.1984,0.3522
1.5099,0.0004,0.8165,1.6465,0.3521
0.9642,0.0003,0.7777,0.9341,0.3521
1.2762,0.0005,0.7916,1.3867,0.3488
1.3286,0.0004,0.5852,1.2188,0.3547
1.6537,0.0005,0.6503,1.4275,0.3527
1.8258,0.0006,0.6440,2.0798,0.3515
1.4913,0.0007,0.7866,0.9171,0.3824
1.5717,0.0006,0.7256,2.1628,0.3957
1.2728,0.0005,0.6458,1.1720,0.3564
1.2610,0.0007,0.7523,1.2403,0.3489
1.4834,0.0004,0.6994,1.5245,0.3611
1.7088,0.0004,0.6465,1.5016,0.3414
1.4838,0.0004,0.6583,1.5725,0.3452
2.0069,0.0003,0.7331,2.2033,0.3609
1.3788,0.0003,0.7018,1.3544,0.3474
1.2619,0.0003,0.5845,1.2300,0.3499
1.3854,0.0004,0.5950,1.0377,0.3462
1.1864,0.0003,1.0185,1.4335,0.3462
1.2332,0.0004,0.7297,1.3335,0.3609
1.3521,0.0005,0.6475,1.2246,0.3573
1.7938,0.0005,0.8138,1.7442,0.3654
1.1372,0.0003,1.2016,1.1331,0.3654
1.8678,0.0003,0.8484,1.8533,0.3451
1.3474,0.0003,0.7717,1.5093,0.3451
1.2907,0.0003,0.6619,1.1580,0.3489
1.1630,0.0004,0.9454,1.1558,0.3489
1.4290,0.0004,0.7055,1.4572,0.3516
1.5203,0.0004,0.8290,1.5932,0.3667
1.4086,0.0005,0.6256,1.3781,0.3344
1.4927,0.0004,0.7221,1.5119,0.3736
1.3048,0.0006,0.6934,1.2906,0.3459
1.1713,0.0007,0.7118,1.0847,0.3459
1.5502,0.0004,0.6998,1.5234,0.3690
1.5693,0.0003,0.9350,1.5813,0.3533
1.3710,0.0005,0.7878,1.4822,0.3541
1.3314,0.0004,0.6930,1.0159,0.3436
1.3712,0.0004,0.7842,1.5212,0.3573
1.3046,0.0003,0.8332,1.1626,0.3700
1.5709,0.0003,0.8638,1.8354,0.3700
1.3351,0.0005,0.5941,1.3687,0.3469
1.8101,0.0012,0.6401,1.6558,0.3404
1.0374,0.0009,0.8874,1.1419,0.3805
1.3849,0.0009,0.8605,1.4025,0.3963
1.6488,0.0007,0.6945,1.5836,0.3654
1.9460,0.0003,0.7306,1.8646,0.3503
0.7078,0.0004,0.8866,0.8642,0.3503
1.5980,0.0002,0.5844,1.1642,0.3563
1.5112,0.0002,0.7574,1.9343,0.3582
1.0305,0.0003,0.5899,0.9075,0.3582
1.5128,0.0003,0.6023,1.2368,0.3532
1.1874,0.0003,0.7784,1.3890,0.3547
1.1991,0.0003,0.8753,1.1025,0.3547
1.8973,0.0005,0.6896,2.0982,0.3957
1.5405,0.0005,0.7588,1.1668,0.3758
1.6517,0.0004,1.4886,2.0208,0.3445
1.8213,0.0005,0.7124,1.8046,0.3685
1.4831,0.0005,0.7848,1.5059,0.3685
1.5773,0.0004,0.7517,1.5393,0.3414
1.1473,0.0003,0.7661,0.9112,0.3548
1.3484,0.0005,0.7572,1.5704,0.3548
1.3219,0.0004,0.8007,1.2943,0.3427
1.5381,0.0004,0.7494,1.6234,0.3515
1.0137,0.0004,0.6269,0.9042,0.3515
1.7810,0.0005,0.6347,1.6545,0.3494
2.0008,0.0007,0.9085,2.1595,0.3872
1.2655,0.0008,1.2861,1.2287,0.3476
1.0920,0.0004,0.7610,1.1778,0.3476
1.5469,0.0003,0.6481,1.5576,0.3308
1.5929,0.0004,0.6092,1.5294,0.3568
1.3332,0.0004,0.6816,1.3703,0.3582
1.0415,0.0003,0.6429,1.0461,0.3582
1.3319,0.0003,0.5771,1.1896,0.3391
1.4523,0.0004,0.6864,1.4145,0.3505
1.7230,0.0005,0.7455,1.7141,0.3625
1.1525,0.0004,0.7831,1.3079,0.3505
1.5012,0.0007,0.6822,1.2108,0.3615
1.2962,0.0005,1.5410,1.5077,0.5521
1.6117,0.0003,0.8399,1.6521,0.3448
1.4938,0.0003,0.6555,1.2295,0.3448
1.3147,0.0004,0.7696,1.5855,0.3497
1.2479,0.0003,0.6605,1.2241,0.3479
1.4540,0.0008,0.7275,1.3743,0.3528
1.1479,0.0005,0.8090,1.1089,0.3563
0.9171,0.0004,0.7896,1.0435,0.3563
1.1520,0.0003,0.8473,1.0950,0.3463
1.5467,0.0007,0.6179,1.5138,0.3598
1.6054,0.0004,0.8192,1.3466,0.3314
1.2193,0.0006,1.3207,1.0791,0.3907
1.4188,0.0006,1.1343,1.8187,0.3776
1.3986,0.0005,0.7858,1.4270,0.3593
0.9407,0.0004,0.7426,0.7488,0.3458
1.2109,0.0004,0.9182,1.3681,0.3458
1.4315,0.0003,0.6682,1.4659,0.3507
1.3527,0.0003,0.7471,1.3644,0.3656
1.2019,0.0005,0.6850,1.2067,0.3531
1.3016,0.0003,0.7780,1.3095,0.3601
1.3718,0.0003,0.5717,1.3638,0.3601
1.0932,0.0003,0.6442,1.0574,0.3593
1.1502,0.0003,0.8642,1.1458,0.3693
1.3196,0.0004,0.5613,1.0933,0.3420
0.9655,0.0004,0.8428,1.1543,0.3420
1.7331,0.0009,0.8185,1.7024,0.3578
1.4069,0.0008,0.7820,1.0432,0.3566
1.1639,0.0006,0.9853,1.3772,0.3631
0.9864,0.0006,1.0647,1.0174,0.3631
1.4291,0.0005,0.6237,1.5946,0.3627
1.3099,0.0005,0.6389,1.0097,0.3433
1.2626,0.0003,0.8184,1.5734,0.3433
1.1295,0.0003,0.7935,1.0582,0.3619
1.5119,0.0004,0.6165,1.2655,0.3503
1.3176,0.0006,0.9239,1.2672,0.3465
1.3436,0.0005,0.9588,1.5590,0.3465
1.1801,0.0005,0.8296,1.2793,0.3475
1.9400,0.0007,0.6270,1.8636,0.5214
1.2779,0.0004,0.7314,1.3220,0.5214
1.4528,0.0004,0.8577,1.1718,0.3747
1.7777,0.0004,0.8310,2.0663,0.3494
1.3166,0.0004,0.6770,1.2915,0.3501
0.9812,0.0004,0.6540,1.0258,0.3501
1.1932,0.0003,0.5951,1.1841,0.3422
1.5568,0.0006,0.6324,1.5045,0.3474
1.5651,0.0005,0.7542,1.5836,0.3552
0.8688,0.0004,0.6834,0.8807,0.3552
1.3931,0.0003,0.6604,1.3226,0.3415
1.6522,0.0004,0.7791,1.5758,0.3579
1.6271,0.0005,0.6386,1.5218,0.3357
1.5851,0.0007,0.7441,1.7256,0.8650
1.6625,0.0005,0.7731,1.7417,0.3542
1.5216,0.0006,0.6993,1.1263,0.3542
1.8508,0.0005,0.9696,2.2308,0.3444
1.0311,0.0003,0.7637,1.0221,0.3444
1.7557,0.0003,0.7657,1.6187,0.3563
1.5500,0.0003,0.6727,1.5239,0.3485
1.4844,0.0004,0.6839,1.5147,0.3535
1.8708,0.0004,0.6834,1.9677,0.3452
1.4118,0.0003,0.6863,1.4130,0.3452
1.5561,0.0005,0.7370,1.4476,0.3594
1.7291,0.0006,1.1990,1.8102,0.3583
1.4671,0.0004,0.8816,1.3384,0.3443
1.6157,0.0004,0.8388,1.6837,0.3487
1.4149,0.0003,0.8563,1.3517,0.3571
1.3566,0.0003,0.8021,1.2311,0.3571
1.7173,0.0004,0.7931,1.6751,0.3579
1.5518,0.0004,0.8742,1.4009,0.3396
1.6493,0.0006,0.8265,1.7782,0.3461
1.4273,0.0003,0.8252,1.6093,0.3461
1.5815,0.0004,0.7831,1.5446,0.3415
1.6244,0.0006,0.9629,1.5926,0.3467
1.7054,0.0006,0.9118,1.7247,0.3561
1.5046,0.0005,0.9888,1.6116,0.3561
1.8016,0.0008,0.9984,1.7927,0.3424
1.6223,0.0006,0.9782,1.2197,0.3455
1.5437,0.0005,1.6075,1.7845,0.3455
1.6077,0.0005,0.9087,1.4275,0.3595
1.6766,0.0006,0.8796,1.8688,0.3535
1.0120,0.0004,0.8960,1.0244,0.3535
1.3696,0.0004,0.7767,1.5374,0.3553
2.0612,0.0009,0.6394,1.8053,0.3556
0.9701,0.0006,1.0190,1.1374,0.9908
1.3594,0.0004,0.8173,1.4261,0.3323
1.4991,0.0005,0.6405,1.4698,0.3479
1.4160,0.0007,0.7174,1.2938,0.3552
1.1790,0.0003,0.8841,1.2954,0.3552
1.2604,0.0003,0.7911,1.2426,0.3501
1.1276,0.0002,0.6178,1.1569,0.3336
1.1956,0.0003,0.5874,1.1739,0.3428
1.7599,0.0003,0.5959,1.7820,0.3656
1.4159,0.0003,0.5803,1.3713,0.3524
1.0805,0.0003,0.5800,0.8803,0.3647
1.1863,0.0004,0.7224,1.2585,0.3647
1.5622,0.0007,0.6425,1.5138,0.3656
1.3100,0.0005,1.1083,1.1622,0.3856
1.3179,0.0004,1.0700,1.6496,0.3856
1.4848,0.0005,0.6220,1.1478,0.3487
1.3838,0.0004,0.9918,1.4283,0.3536
1.3190,0.0004,0.9199,1.4682,0.3536
1.7185,0.0005,0.6873,1.8023,0.3576
1.1063,0.0006,0.8529,0.9636,0.3693
1.6759,0.0003,0.9749,1.7275,0.3505
1.3463,0.0004,0.7176,1.3580,0.3392
1.1105,0.0005,0.7586,0.9029,0.3411
1.1419,0.0003,0.8630,1.4249,0.3411
1.5693,0.0003,0.6150,1.3559,0.3577
1.6484,0.0003,0.7950,1.7099,0.3696
1.8147,0.0006,0.8138,1.5515,0.3605
1.5700,0.0004,1.0547,1.8353,0.3531
1.2702,0.0004,0.7822,1.1320,0.3445
1.6040,0.0003,0.7854,1.4426,0.3510
1.2227,0.0003,0.7460,1.4441,0.3488
1.0619,0.0003,0.8438,0.9597,0.3583
1.4493,0.0003,0.9504,1.6328,0.3493
1.2180,0.0003,0.7657,1.3359,0.3533
1.1852,0.0004,0.6279,1.1801,0.3533
1.3348,0.0007,0.6012,1.2802,0.3402
1.8061,0.0006,0.9205,1.3632,0.3671
0.9921,0.0007,1.1912,1.3026,0.3671
2.3537,0.0005,0.9970,2.3298,0.3405
0.6732,0.0005,1.0253,0.8408,0.3405
1.3895,0.0004,0.6232,1.3628,0.3414
1.6374,0.0004,0.5889,1.5214,0.3480
1.4881,0.0003,0.7309,1.5635,0.3657
0.7717,0.0003,0.6572,0.7447,0.3657
1.6758,0.0004,0.6138,1.5369,0.3345
1.3542,0.0003,0.6976,1.4848,0.3501
1.2913,0.0004,0.7250,1.2929,0.3360
1.3142,0.0004,0.6033,1.2630,0.3558
2.0664,0.0006,0.7031,1.7959,0.3578
1.2664,0.0003,1.0656,1.4565,0.3578
2.1311,0.0004,0.7828,2.1779,0.3498
1.0567,0.0003,0.8687,1.1790,0.3498
1.7048,0.0007,0.7644,1.4370,0.3418
1.4539,0.0005,0.7758,1.5580,0.3418
1.4709,0.0005,0.6590,1.6262,0.3545
1.3550,0.0003,0.6064,1.3451,0.3312
1.5268,0.0004,0.6420,1.4797,0.3521
1.5033,0.0004,0.6738,1.5551,0.3506
1.7369,0.0007,0.5851,1.6363,0.3602
1.9106,0.0005,0.8427,1.8339,0.3889
1.6171,0.0004,0.9478,1.5769,0.3437
1.2959,0.0003,0.8606,1.4106,0.3437
1.4319,0.0004,0.8889,1.3213,0.3510
1.6595,0.0003,0.7716,1.8236,0.3379
1.2567,0.0003,0.6337,1.2267,0.3379
1.8721,0.0003,0.6064,1.8895,0.3342
1.2476,0.0004,0.6368,1.1416,0.3534
1.2706,0.0003,0.7542,1.3899,0.3534
1.6993,0.0004,0.6042,1.6142,0.3413
1.3872,0.0010,0.6903,1.3463,0.3497
1.8285,0.0009,0.9162,1.8789,0.3556
1.1032,0.0005,0.8429,0.9927,0.3556
1.9645,0.0004,0.7053,2.0698,0.3422
1.2134,0.0003,0.7017,1.2492,0.3422
1.3501,0.0003,0.6503,1.1856,0.3486
1.6586,0.0003,0.6154,1.8412,0.3618
1.5772,0.0005,0.6098,1.4586,0.3371
1.4715,0.0003,0.7053,1.5444,0.3371
1.7737,0.0003,0.5685,1.7981,0.3487
1.5087,0.0005,0.6087,1.1058,0.3398
1.7487,0.0007,0.9204,2.0686,0.3773
1.2037,0.0007,0.9384,0.9179,0.3763
1.0855,0.0004,0.8296,1.4099,0.3763
1.3726,0.0003,0.6537,1.1818,0.3671
1.5349,0.0004,0.6324,1.4932,0.3385
1.5952,0.0004,0.7460,1.8082,0.3629
1.2656,0.0004,0.7018,1.1413,0.3498
1.4471,0.0003,0.9355,1.5504,0.3498
1.2727,0.0006,0.6965,1.1601,0.3447
1.3103,0.0005,0.7292,1.4456,0.3381
1.6560,0.0005,0.6041,1.4193,0.3514
1.0510,0.0007,0.9318,1.2324,0.3547
2.4420,0.0008,0.6728,2.0172,0.3890
0.8569,0.0007,1.1977,1.2171,0.3701
0.9290,0.0004,0.7525,0.9070,0.3701
1.3399,0.0004,0.6302,1.4380,0.3451
1.2666,0.0003,0.6329,1.0313,0.3376
1.0005,0.0002,0.8927,1.2363,0.3376
1.2159,0.0003,0.7318,1.2074,0.3505
1.3796,0.0003,0.6149,1.3657,0.3587
1.0966,0.0004,0.6226,1.1072,0.3557
1.2834,0.0003,0.6507,1.2606,0.3515
1.3790,0.0004,0.6499,1.3327,0.3685
1.3585,0.0004,0.7188,1.3316,0.3533
0.9429,0.0003,0.7336,1.0328,0.3533
1.3508,0.0008,0.7716,1.1522,0.3604
1.4404,0.0006,0.7817,1.3012,0.9548
1.4948,0.0006,0.7916,1.4970,0.4062
1.2174,0.0003,0.9908,1.5093,0.3393
1.0783,0.0002,0.7355,0.9788,0.3474
1.3444,0.0003,0.6261,1.4581,0.3597
1.3454,0.0003,0.6183,1.1758,0.3597
1.3309,0.0002,0.6102,1.4587,0.3339
1.4885,0.0003,0.6305,1.2697,0.3586
1.3965,0.0004,0.9271,1.4538,0.3541
0.8336,0.0003,1.0715,1.0142,0.3541
1.4347,0.0003,0.5940,1.4309,0.3400
1.4880,0.0004,0.6070,1.4723,0.3375
1.2831,0.0007,0.6837,1.2221,0.3983
1.3109,0.0005,0.7954,1.3262,0.3983
1.5053,0.0003,1.1199,1.2197,0.3713
1.4420,0.0003,0.8668,1.6134,0.3529
1.4522,0.0005,0.8134,1.5496,0.3473
1.1809,0.0005,0.7661,1.1902,0.3473
1.1742,0.0006,0.7240,1.1112,0.3455
1.5518,0.0004,0.7038,1.4360,0.3325
1.7752,0.0004,0.6792,1.6966,0.3683
1.3793,0.0005,1.0004,1.3844,0.3469
1.5485,0.0005,1.1823,1.3601,0.3487
1.8048,0.0005,0.9259,2.1446,0.3555
1.5545,0.0006,0.8543,1.2559,0.3585
1.0049,0.0004,1.2710,1.2465,0.3585
1.3057,0.0007,0.7461,1.3766,0.3491
1.6486,0.0003,0.6701,1.5963,0.3477
1.0707,0.0003,0.7757,0.8885,0.3477
1.4484,0.0004,0.8173,1.5368,0.3493
1.4600,0.0006,0.8205,1.5251,0.3493
1.5115,0.0004,0.6725,1.4463,0.3495
1.1975,0.0003,0.7342,1.4006,0.3431
1.5904,0.0004,0.6020,1.3214,0.3446
1.1547,0.0004,0.7922,1.2383,0.3446
1.5970,0.0008,0.6412,1.6314,0.3449
1.5311,0.0007,0.7202,1.5907,0.3792
1.3984,0.0005,1.3520,1.1510,0.3883
1.4397,0.0009,0.8119,1.3295,0.3408
1.3422,0.0005,0.7795,1.5246,0.3421
1.6363,0.0003,0.8243,1.4485,0.3406
1.5616,0.0004,0.6423,1.8954,0.3418
1.2910,0.0003,0.6902,1.2983,0.3597
1.4192,0.0003,0.6565,1.4654,0.3484
1.1721,0.0003,0.6032,1.0882,0.3461
1.3492,0.0003,0.6048,1.3051,0.3618
1.3564,0.0003,0.7448,1.2646,0.3618
1.8133,0.0007,0.7120,1.9580,0.3371
2.0190,0.0006,0.7683,2.0130,0.3807
0.9540,0.0004,1.1413,1.0070,0.3807
1.6808,0.0006,0.6757,1.6560,0.3524
0.9177,0.0007,0.8051,0.7461,0.3485
1.1388,0.0006,0.8652,1.1230,0.3485
1.4941,0.0003,0.8738,1.6694,0.3588
1.4621,0.0003,0.6524,1.2386,0.3574
1.0468,0.0004,0.8630,1.2844,0.3574
1.4930,0.0003,0.6761,1.1537,0.3278
1.0205,0.0004,0.7963,1.3514,0.3278
1.2839,0.0004,0.7149,1.1601,0.3533
1.0463,0.0003,0.8085,1.0676,0.3533
1.8490,0.0005,0.6904,1.8599,0.3565
1.4671,0.0002,0.8837,1.4239,0.3649
1.5619,0.0004,0.7856,1.5412,0.3531
1.1363,0.0004,0.8861,1.1394,0.3531
19.5079,0.0008,18.7554,1.4424,0.3508
1.0031,0.0007,1.4820,1.3970,0.3508
1.1003,0.0005,1.1713,1.3779,0.3508
2.0976,0.0004,0.7960,2.0836,0.3569
1.5386,0.0009,0.8696,1.4469,0.3633
2.3246,0.0011,1.0094,2.3033,0.3512
1.6643,0.0008,1.3429,1.7262,0.3754
1.7090,0.0005,1.2669,1.7787,0.3754
1.6922,0.0005,0.9294,1.6416,0.3427
1.7749,0.0005,0.9086,1.8419,0.3779
1.9615,0.0008,0.8493,1.4640,0.3622
1.6310,0.0007,1.1876,1.7530,0.3622
1.6037,0.0006,0.9948,1.8697,0.3431
1.7014,0.0005,1.0818,1.6444,0.3343
1.4219,0.0006,0.9363,1.5279,0.3343
1.6204,0.0008,0.8414,1.4858,0.3449
2.0870,0.0011,1.0371,2.1645,0.5327
1.9693,0.0009,1.0238,2.0007,0.3449
1.8957,0.0008,1.0801,1.8923,0.3590
1.4178,0.0008,1.0568,1.2758,0.3590
2.0867,0.0008,1.0448,2.1846,0.3488
1.5552,0.0010,1.2031,1.4151,0.3488
2.2708,0.0008,1.1684,2.3719,0.3601
1.3902,0.0007,0.9953,1.3570,0.3601
1.8279,0.0007,0.9470,1.4150,0.3508
1.9220,0.0008,1.2720,2.2281,0.3508
2.2078,0.0007,1.1113,2.3234,0.3442
1.6056,0.0006,0.9830,1.1580,0.3442
1.7513,0.0008,0.8873,2.0617,0.3386
1.6719,0.0009,0.8878,1.8360,0.3546
1.6456,0.0008,0.9040,1.6345,0.3348
1.6958,0.0007,0.8540,1.4849,0.3541
1.8612,0.0006,0.7891,1.7912,0.3423
1.4669,0.0007,1.0036,1.7311,0.3552
1.3270,0.0007,0.8517,1.2589,0.3552
2.0085,0.0010,1.0196,1.7281,0.3913
1.9370,0.0008,1.1429,2.0780,0.3546
1.6546,0.0006,0.9444,1.8389,0.3519
1.7416,0.0006,0.8134,1.7442,0.3757
1.7261,0.0004,0.7866,1.6851,0.3439
1.0188,0.0004,0.7596,0.8621,0.3439
2.0624,0.0003,0.7131,2.2035,0.3526
1.4903,0.0004,0.8345,1.4836,0.3333
1.8357,0.0005,0.9897,1.8335,0.3871
1.3019,0.0006,0.8673,1.1349,0.3871
2.3203,0.0007,1.2481,2.3941,0.3711
1.8255,0.0005,0.9714,1.8548,0.3642
1.7466,0.0005,0.8723,1.7609,0.3404
1.4654,0.0004,0.7739,1.4156,0.3404
2.1524,0.0008,0.7133,2.0086,0.3490
1.5139,0.0009,0.9743,1.6052,0.3490
2.2780,0.0006,0.9674,2.1094,0.3649
1.0524,0.0004,1.1557,0.8613,0.3649
1.6070,0.0008,1.0047,1.8204,0.3498
1.8733,0.0008,0.9107,1.8853,0.3693
1.9103,0.0008,1.1875,1.9782,0.3383
1.5528,0.0005,1.1774,1.6565,0.3564
1.1738,0.0005,0.9817,1.1186,0.3564
1.6312,0.0004,0.8284,1.6398,0.3371
1.3768,0.0002,0.8274,1.4363,0.3495
1.5958,0.0004,0.6964,1.3189,0.3572
1.5339,0.0004,0.7230,1.6851,0.3403
1.4037,0.0005,0.7887,1.4973,0.3479
1.7356,0.0007,0.7423,1.7146,0.3694
1.8355,0.0009,0.8813,1.7801,0.3694
1.8842,0.0007,0.8890,1.9241,0.3839
1.5890,0.0005,0.9317,1.6074,0.3589
1.3888,0.0003,0.9521,1.0659,0.3589
1.8117,0.0004,0.8954,2.1218,0.3483
1.2473,0.0005,0.6750,1.2596,0.3483
1.9395,0.0005,0.7619,1.9033,0.3354
1.4268,0.0003,0.8064,1.4233,0.3526
1.4649,0.0006,0.9613,1.2329,0.3526
1.9763,0.0004,0.9330,2.1741,0.3322
1.7156,0.0009,0.7816,1.6749,0.3322
1.5694,0.0009,0.9961,1.3354,0.4037
1.3596,0.0004,1.4217,1.6252,0.4037
1.8370,0.0005,0.6941,1.8377,0.3660
1.5621,0.0005,0.6978,1.5536,0.3467
1.5231,0.0009,0.7847,1.4118,0.3467
1.4675,0.0005,0.9108,1.3279,0.3464
1.4876,0.0003,0.7684,1.5207,0.3417
1.5641,0.0007,0.9021,1.5114,0.3448
1.4401,0.0005,0.9767,1.5808,0.3578
2.1071,0.0005,1.0330,2.1416,0.3592
2.0296,0.0005,0.8728,1.9892,0.3496
1.4082,0.0003,0.9419,1.4765,0.3561
1.2794,0.0005,0.8066,1.2918,0.3561
1.6264,0.0004,0.7936,1.6136,0.3589
1.5168,0.0006,0.8451,1.1746,0.3557
1.4501,0.0004,1.0002,1.5884,0.3369
1.7832,0.0006,0.8479,1.9883,0.3474
1.7320,0.0006,0.6754,1.4617,0.3563
1.7611,0.0004,0.8702,2.0284,0.3578
1.3138,0.0005,0.7522,1.2025,0.3751
1.7380,0.0008,0.9116,1.7634,0.3751
1.7365,0.0004,0.9535,1.7522,0.3696
1.5421,0.0006,1.1604,1.5847,0.3660
1.5912,0.0006,0.7566,1.4785,0.3660
1.8488,0.0006,0.8312,1.8148,0.3464
1.7028,0.0005,1.0017,1.6600,0.3513
1.3782,0.0005,1.1243,1.4454,0.3513
1.5573,0.0010,0.9634,1.4805,0.3506
1.9687,0.0008,1.0214,2.0163,0.3663
1.5346,0.0005,1.0266,1.5075,0.3384
1.5492,0.0006,0.9921,1.5387,0.3384
1.5387,0.0006,0.9251,1.6256,0.3654
1.4606,0.0004,0.8190,1.2622,0.3840
1.5757,0.0005,0.8273,1.4704,0.3428
1.4682,0.0004,0.9414,1.5781,0.3408
1.4110,0.0004,0.7891,1.3329,0.3546
1.2922,0.0003,0.9180,1.5663,0.3546
1.5566,0.0004,0.8406,1.5253,0.3594
1.3597,0.0004,0.8726,1.3364,0.3594
1.7288,0.0006,0.7327,1.5632,0.3482
1.1564,0.0006,0.9221,1.1154,0.3482
1.6855,0.0006,0.7863,1.8528,0.3447
1.3956,0.0005,0.7691,1.4193,0.3512
1.5816,0.0006,0.8500,1.3771,0.3534
1.0803,0.0006,0.9149,1.3188,0.3534
1.4494,0.0004,0.7285,1.4262,0.3555
1.4449,0.0004,0.7268,1.2565,0.3367
1.2132,0.0005,0.8082,1.4168,0.3552
1.3280,0.0004,0.8099,1.1597,0.3533
1.9300,0.0004,0.8245,2.0630,0.3685
1.7167,0.0004,0.7063,1.7346,0.3361
1.3042,0.0003,0.6510,1.3058,0.3361
1.3415,0.0004,0.6331,1.2023,0.3444
1.6315,0.0004,0.6512,1.6982,0.3904
1.7178,0.0005,0.8057,1.6165,0.3596
1.5450,0.0005,0.9514,1.6412,0.3594
1.3883,0.0004,0.7647,1.4205,0.3453
1.7025,0.0003,0.6866,1.7003,0.3453
1.8405,0.0005,0.6537,1.7797,0.3517
1.5438,0.0004,0.7742,1.3994,0.3517
1.4910,0.0003,0.8990,1.5094,0.3619
1.6774,0.0006,0.8624,1.3425,0.3437
1.8222,0.0006,0.9852,2.2846,0.3566
1.1521,0.0008,0.7771,1.1387,0.3566
2.0404,0.0007,0.8334,2.0300,0.3673
1.1952,0.0006,0.8177,1.2280,0.3673
1.7143,0.0005,0.7236,1.3848,0.3538
1.5612,0.0006,0.8662,1.5161,0.3382
1.2048,0.0005,1.0737,1.5542,0.3509
1.6425,0.0005,0.9657,1.2411,0.3509
1.5471,0.0005,1.0073,1.8061,0.3568
1.3384,0.0005,0.9406,1.4636,0.3568
1.3930,0.0005,0.8232,1.3958,0.3563
1.6284,0.0004,0.9084,1.4697,0.3415
1.6649,0.0007,0.8676,1.7394,0.3487
1.4961,0.0007,0.9358,1.2275,0.3487
1.9967,0.0005,1.0203,2.2915,0.3535
1.2546,0.0004,0.7811,1.2681,0.3590
1.7275,0.0005,0.8743,1.5889,0.3560
1.5699,0.0006,1.1175,1.5586,0.3421
1.7485,0.0007,1.1382,1.8198,0.3378
1.5890,0.0006,1.0140,1.6553,0.3650
1.1872,0.0005,0.8224,1.2074,0.3650
1.9418,0.0004,0.7887,1.8751,0.3491
1.3729,0.0004,0.7774,1.3414,0.3491
1.7683,0.0008,0.8182,1.7653,0.5925
1.1784,0.0005,0.8918,0.9274,0.5925
1.5393,0.0004,0.8915,1.7491,0.3716
1.8421,0.0006,0.8013,1.7258,0.3430
1.7764,0.0004,1.1112,1.9485,0.3430
1.8958,0.0003,0.7813,1.7755,0.3367
1.7540,0.0004,0.9236,1.8783,0.3482
1.6791,0.0006,0.7788,1.2469,0.3530
1.3097,0.0005,0.9575,1.5071,0.3530
1.8420,0.0009,0.8302,2.0519,0.3481
1.3510,0.0009,0.8261,1.1786,0.3481
1.8002,0.0010,1.2630,1.9175,0.3890
1.4866,0.0006,0.9930,1.3731,0.3505
1.3274,0.0005,1.0513,1.3163,0.3505
1.6035,0.0006,0.7740,1.7683,0.3464
1.8434,0.0006,0.7428,1.7587,0.3545
1.4393,0.0004,0.8341,1.4884,0.3662
1.3422,0.0004,0.7529,1.1180,0.3507
1.2104,0.0006,0.8463,1.4082,0.3507
1.8398,0.0005,0.7074,1.8709,0.3417
1.0188,0.0004,0.7478,1.0378,0.3417
1.6349,0.0008,0.7064,1.5643,0.3520
1.7399,0.0007,0.7985,1.5703,0.3446
1.8377,0.0005,1.0744,1.7439,0.3645
1.5726,0.0006,0.9205,1.6728,0.3423
1.3424,0.0005,0.9298,1.4399,0.3423
2.1985,0.0009,0.7966,2.0883,0.3670
1.0405,0.0006,1.2334,0.8612,0.3670
1.4373,0.0005,0.9288,1.5572,0.3699
1.7821,0.0004,0.8024,2.0183,0.3442
1.3945,0.0003,0.8308,1.4116,0.3512
1.5146,0.0006,0.6688,1.1821,0.3512
2.2250,0.0006,0.7565,2.0847,0.3799
1.2431,0.0006,1.4412,1.6595,0.3377
1.4592,0.0005,1.0271,1.4321,0.3377
1.6636,0.0005,0.8271,1.5874,0.3595
1.7955,0.0005,0.8916,1.7861,0.3325
1.5466,0.0005,0.8580,1.5297,0.3325
1.2890,0.0005,1.0141,1.2185,0.3542
2.1205,0.0006,0.8973,2.2586,0.3451
1.7317,0.0005,0.7160,1.7108,0.3629
1.6858,0.0009,0.7941,1.6525,0.3607
1.8943,0.0006,1.3219,1.2049,0.3673
0.9367,0.0005,1.4924,1.1467,0.3673
1.9661,0.0005,0.7648,2.2888,0.3446
1.1661,0.0004,0.7393,1.0561,0.3479
1.7088,0.0009,0.9582,1.7644,0.3585
0.9894,0.0004,1.0341,1.0551,0.3585
1.6843,0.0004,0.7534,1.5155,0.3542
1.6246,0.0005,0.8471,1.7760,0.3372
1.3522,0.0006,0.7435,1.2369,0.3541
1.6399,0.0005,0.7616,1.6948,0.3429
1.5304,0.0005,0.8235,1.2966,0.3555
1.3728,0.0007,0.9710,1.6097,0.3761
1.5441,0.0009,0.8987,1.3349,0.3705
1.9939,0.0006,0.9827,2.1862,0.3429
0.8511,0.0004,0.8806,0.8680,0.3429
1.3596,0.0005,0.8831,1.1427,0.3720
1.6127,0.0006,0.8472,1.5095,0.3453
1.6726,0.0005,0.6916,1.8297,0.3461
1.3809,0.0005,0.8514,1.4812,0.3461
1.4908,0.0004,0.7866,1.5527,0.3560
1.8377,0.0004,0.7754,1.7953,0.3645
1.2535,0.0004,0.8885,1.2769,0.3645
1.6423,0.0005,0.7622,1.4956,0.3727
1.7498,0.0006,0.8579,1.8510,0.3657
1.3874,0.0006,0.8268,1.2940,0.3657
1.2147,0.0006,0.9517,1.2267,0.3387
1.8494,0.0007,0.8904,1.9170,0.3527
1.3296,0.0006,0.9072,1.2023,0.3457
2.0130,0.0005,1.0393,2.1178,0.3596
1.6434,0.0006,0.7570,1.6363,0.3451
1.2975,0.0005,0.7577,1.2724,0.3451
1.4985,0.0005,1.2259,1.4670,0.3607
1.6756,0.0007,0.8450,1.6643,0.3529
1.8640,0.0008,1.0763,1.6616,0.3589
1.4567,0.0006,1.2959,1.6892,0.3711
1.0689,0.0005,0.8539,1.0715,0.3711
1.4568,0.0005,0.7635,1.4653,0.3555
1.4090,0.0005,0.8408,1.1212,0.3491
1.5279,0.0006,0.9541,1.8045,0.3341
1.6249,0.0004,0.7849,1.4942,0.3473
2.0578,0.0008,0.7189,1.8473,0.3485
1.0427,0.0011,1.1139,1.1572,0.3485
1.8206,0.0006,0.9288,1.9848,0.3427
1.7451,0.0007,0.7572,1.6959,0.3696
1.2273,0.0005,0.9337,1.2960,0.3576
1.1261,0.0006,0.8203,1.0426,0.3576
1.9323,0.0004,0.7103,2.0003,0.3489
2.1384,0.0007,0.7611,2.0938,0.3459
0.9859,0.0004,0.7714,1.0367,0.3630
1.7218,0.0005,0.6956,1.7174,0.3630
1.4953,0.0005,0.6227,1.4879,0.3421
1.2938,0.0004,0.7729,1.1699,0.3420
1.4010,0.0005,0.7734,1.5137,0.3515
1.5525,0.0004,0.6683,1.4144,0.3577
1.2485,0.0006,0.8049,1.3020,0.3455
2.0700,0.0009,0.9595,2.0456,0.3555
1.2387,0.0008,1.0181,0.9648,0.3555
1.1966,0.0003,1.1662,1.3219,0.3580
1.4954,0.0007,0.7085,1.6648,0.3614
1.2343,0.0005,0.8555,1.0788,0.3614
2.1797,0.0006,0.9999,2.0894,0.3611
1.2474,0.0005,1.1555,0.9056,0.3627
1.0537,0.0003,1.2485,1.4813,0.3627
2.2606,0.0005,0.8334,2.3759,0.3471
1.3333,0.0004,0.7326,1.3560,0.3646
1.5416,0.0009,0.7347,1.1651,0.3574
1.4720,0.0009,1.2555,1.6946,0.3682
1.1783,0.0006,1.3989,1.0826,0.3682
1.7427,0.0006,0.8763,1.8266,0.3512
1.7917,0.0005,0.9347,1.8975,0.3360
1.1180,0.0006,1.0147,0.9325,0.3360
1.7193,0.0005,0.9665,1.9141,0.3367
2.2593,0.0006,0.7450,2.1945,0.3664
1.3237,0.0009,1.0305,1.3696,0.3497
1.2795,0.0004,0.7779,1.1994,0.3497
1.3183,0.0004,0.7797,1.3979,0.3522
1.6240,0.0009,0.7116,1.2582,0.3685
2.0221,0.0009,1.0565,2.3089,0.3452
2.1715,0.0008,0.9190,1.9810,0.3336
0.8293,0.0007,1.0119,0.9547,0.3336
1.6364,0.0008,0.7559,1.7310,0.3614
1.3875,0.0005,0.7747,1.2884,0.3614
2.0940,0.0006,0.8683,2.1936,0.3472
1.3478,0.0004,0.7503,1.0911,0.3472
1.7289,0.0007,0.7430,1.8675,0.3659
1.2565,0.0006,1.0030,1.3233,0.3659
1.5877,0.0009,0.6595,1.3894,0.3662
1.8624,0.0006,0.7501,1.6496,0.3651
2.0357,0.0006,0.9897,2.3049,0.3685
0.7968,0.0003,1.0925,0.8352,0.3685
1.6447,0.0006,0.7681,1.3793,0.3410
1.9227,0.0007,1.1102,2.0776,0.3456
1.4331,0.0009,1.1333,1.4655,0.3506
0.9922,0.0005,0.9757,0.9076,0.3433
1.2795,0.0004,0.9267,1.5397,0.3433
1.8109,0.0006,0.7027,1.7863,0.3422
1.2312,0.0005,0.7954,1.2341,0.3422
1.8414,0.0007,0.9171,1.5697,0.3676
2.4201,0.0006,1.0759,2.3927,0.3644
1.2291,0.0006,1.2470,1.4192,0.3408
1.4752,0.0005,0.9410,1.5171,0.3524
1.6811,0.0783,0.7436,1.6036,0.3410
1.3697,0.0007,1.0052,1.3540,0.3410
1.7692,0.0004,0.8451,1.4099,0.3637
2.3065,0.0006,0.7855,2.5902,0.3650
1.3847,0.0004,1.1055,1.4110,0.3609
0.8027,0.0004,0.8602,0.9093,0.3609
2.2736,0.0005,0.7401,2.2478,0.3446
1.4937,0.0005,0.7562,1.4967,0.3978
1.8332,0.0006,0.9680,1.8465,0.3643
1.2478,0.0005,1.0140,1.1250,0.3643
1.1142,0.0005,0.9419,1.1516,0.3483
1.5665,0.0005,0.8361,1.5019,0.3495
1.6440,0.0007,0.8593,1.6444,0.3438
1.7874,0.0006,0.9651,1.9432,0.3474
1.6291,0.0004,0.7165,1.3714,0.3474
1.5816,0.0002,0.9210,1.8491,0.3399
1.6312,0.0006,0.6825,1.5937,0.3605
1.7772,0.0008,0.7036,1.6862,0.3457
1.1216,0.0007,0.9243,1.1742,0.3457
1.3578,0.0004,0.8762,1.3350,0.3701
1.6352,0.0010,0.7506,1.5936,0.3378
1.9405,0.0004,0.8476,1.5960,0.3475
1.5054,0.0006,0.9277,1.8099,0.3444
1.5307,0.0004,0.7431,1.4478,0.3382
1.4874,0.0004,0.8585,1.5251,0.3451
1.5245,0.0004,0.8688,1.6677,0.3451
1.2766,0.0004,0.6394,1.2780,0.3479
2.0949,0.0010,0.6285,2.0777,0.3376
1.4904,0.0005,0.6691,1.4704,0.3376
1.7890,0.0005,0.7611,1.7766,0.3620
1.3801,0.0004,0.8291,1.2102,0.3620
1.8500,0.0003,0.9576,2.0033,0.3694
1.6372,0.0007,0.7447,1.6483,0.3379
2.0814,0.0006,0.8879,2.0658,0.3452
1.1531,0.0006,0.7185,1.1739,0.3452
1.5212,0.0005,0.6723,1.3553,0.3453
1.7462,0.0007,0.9015,1.8114,0.3453
1.5261,0.0005,0.8420,1.5762,0.3539
1.5325,0.0008,0.7199,1.4871,0.3396
1.8207,0.0230,0.8750,1.6954,0.3611
1.3409,0.0007,1.3366,1.4079,0.3584
1.6804,0.0004,0.8913,1.7797,0.3494
1.0848,0.0004,0.7143,1.1331,0.3494
1.7561,0.0006,0.7278,1.7042,0.3685
1.7691,0.0003,0.8143,1.2555,0.3403
1.8281,0.0004,0.7225,1.9263,0.3425
1.5196,0.0006,0.9804,1.7175,0.3425
1.7222,0.0006,0.7536,1.8619,0.3555
2.0547,0.0007,0.7856,1.6703,0.3778
1.6040,0.0007,1.1330,1.2040,0.3648
1.1264,0.0004,1.6738,1.4613,0.3596
1.6655,0.0004,0.9709,1.8978,0.3450
1.4150,0.0005,0.8323,1.6564,0.3450
1.7669,0.0004,0.8096,1.7514,0.3396
1.3369,0.0005,0.8801,1.1233,0.3450
1.5103,0.0004,0.8330,1.7490,0.3390
1.3612,0.0003,0.6204,1.1551,0.3390
1.6338,0.0004,0.8461,1.7049,0.3643
1.7945,0.0003,0.7356,1.8834,0.3555
1.6000,0.0008,0.7790,1.1596,0.3496
1.6369,0.0008,0.9200,1.9530,0.4027
1.8160,0.0007,1.0845,1.9000,0.3383
1.3796,0.0007,0.8915,1.3910,0.3526
1.2689,0.0005,0.7762,1.1515,0.3526
1.7752,0.0008,0.7789,1.8866,0.3356
1.5168,0.0005,0.6623,1.1468,0.3356
1.8033,0.0005,0.8071,1.6848,0.3510
1.1423,0.0007,0.9460,1.6117,0.3340
1.8449,0.0006,0.9576,1.7159,0.3435
1.3741,0.0005,0.8545,1.0858,0.3422
2.0230,0.0007,0.7842,2.0085,0.3648
1.9492,0.0007,1.4193,1.8788,0.3966
2.0075,0.0007,1.1250,2.4072,0.3514
1.6049,0.0007,0.8620,1.6192,0.3695
1.6720,0.0004,0.8432,1.6055,0.3545
1.3081,0.0006,0.9015,1.4230,0.3545
1.6936,0.0003,0.6924,1.6316,0.3442
1.7197,0.0003,0.6969,1.7966,0.3366
1.4161,0.0003,0.6066,1.4005,0.3450
1.5674,0.0004,0.6136,1.4195,0.3474
2.1188,0.0004,0.7835,2.1690,0.3726
1.2035,0.0004,0.8852,1.2583,0.3726
1.8014,0.0004,0.7501,1.8041,0.3382
1.3893,0.0004,0.6289,1.2822,0.3538
1.1462,0.0003,0.7392,1.2165,0.3538
1.5939,0.0004,0.6669,1.2975,0.3462
1.0928,0.0003,0.9772,1.4338,0.3462
1.9371,0.0003,0.6221,1.9313,0.3483
1.0988,0.0003,0.6789,0.9387,0.3483
1.6127,0.0004,0.6846,1.4323,0.3458
1.1749,0.0006,0.7712,1.4132,0.3458
1.3428,0.0006,0.9098,1.3875,0.3438
1.6039,0.0007,0.7815,1.5035,0.4027
1.4981,0.0004,0.7109,1.4239,0.3843
1.2178,0.0003,0.8235,1.3308,0.3527
1.1962,0.0003,0.7013,1.2761,0.3679
1.0758,0.0004,0.6456,1.0658,0.3679
1.3142,0.0003,0.6372,1.3123,0.3623
1.2094,0.0004,0.6478,1.1129,0.3486
1.1806,0.0003,0.8099,1.2830,0.3575
1.3667,0.0003,0.5977,1.3077,0.3492
1.3979,0.0005,0.6513,1.4428,0.3527
1.2225,0.0002,0.6214,1.2126,0.3513
1.2769,0.0004,0.6333,1.2332,0.3490
1.4085,0.0005,0.7338,1.3874,0.3637
1.8043,0.0005,1.0838,1.7958,0.3461
1.0864,0.0006,0.9167,0.9451,0.3320
0.9987,0.0005,1.0151,1.1792,0.3528
1.1059,0.0007,0.6315,1.0937,0.3528
1.3382,0.0006,0.6519,1.3050,0.3538
1.1438,0.0006,0.6611,1.1795,0.3449
1.2821,0.0005,0.6182,1.2486,0.3622
0.9717,0.0006,0.6589,0.9129,0.3622
1.1108,0.0005,0.6420,1.1824,0.3481
1.3197,0.0007,0.6540,1.1689,0.3346
1.1949,0.0006,0.8172,1.2101,0.3713
1.3112,0.0007,1.1491,1.3242,0.3470
1.3868,0.0006,0.8756,1.0747,0.3470
1.3403,0.0005,1.0014,1.7219,0.3499
1.2534,0.0003,1.1401,0.9359,0.3456
1.0053,0.0003,0.8460,1.3633,0.3456
1.4143,0.0003,0.8445,1.1522,0.3570
1.1667,0.0002,0.7475,1.4078,0.3570
1.4285,0.0003,0.7809,1.0974,0.3531
1.1065,0.0003,0.8502,1.4476,0.3531
1.0853,0.0003,0.5767,1.0633,0.3421
1.2648,0.0004,0.6594,1.0476,0.3489
1.6448,0.0003,0.6538,1.5717,0.3499
1.2609,0.0003,0.6332,1.5278,0.3454
1.1731,0.0003,0.6045,1.0287,0.3504
1.3480,0.0007,0.5752,1.3165,0.3493
1.5288,0.0005,0.8186,1.5085,0.3513
1.4687,0.0006,0.8825,1.4382,0.3620
1.0710,0.0003,0.8954,1.2855,0.3620
1.4453,0.0004,0.7101,1.1439,0.3501
1.1697,0.0003,0.9341,1.2800,0.3553
1.2270,0.0003,0.9648,1.2732,0.3494
1.5450,0.0004,0.9114,1.5829,0.3494
1.5673,0.0004,0.6359,1.5822,0.3331
1.3055,0.0004,0.6730,1.3121,0.3685
1.4697,0.0003,0.7175,1.2987,0.3622
1.1329,0.0004,0.7711,1.3606,0.3557
1.2216,0.0006,0.6683,1.1186,0.3554
1.6080,0.0006,0.6563,1.5293,0.3557
1.4758,0.0008,0.7468,1.6234,0.3977
1.2714,0.0002,0.6922,1.2464,0.3761
1.2795,0.0004,0.7370,1.3196,0.3391
1.4004,0.0003,0.6289,1.3977,0.3482
1.2276,0.0003,0.8284,0.9556,0.3612
1.5085,0.0006,1.0308,1.7199,0.3612
1.3492,0.0005,0.7707,1.0835,0.3565
1.6845,0.0007,0.9555,1.9560,0.3454
1.2819,0.0004,0.8467,1.1576,0.3454
1.4523,0.0004,0.6729,1.5898,0.3508
1.1918,0.0006,0.7952,0.9606,0.3508
1.9523,0.0007,1.0594,2.1018,0.3645
1.0174,0.0004,0.8022,0.8322,0.3645
1.4187,0.0006,0.7158,1.6287,0.3603
1.6792,0.0004,0.6295,1.3049,0.3541
1.2276,0.0004,0.8432,1.5581,0.3541
1.2490,0.0006,0.6814,1.2842,0.3629
1.9784,0.0006,0.5964,1.9896,0.3531
1.1292,0.0004,0.7460,0.8683,0.3531
1.2464,0.0003,0.9052,1.3859,0.3455
1.2073,0.0003,0.5774,1.3584,0.3437
1.1752,0.0003,0.5791,1.0917,0.3570
1.2661,0.0005,0.6261,1.1998,0.3601
1.6417,0.0005,0.7871,1.5705,0.3556
1.4647,0.0003,0.7200,1.5929,0.3446
1.6167,0.0004,0.7075,1.4462,0.3395
0.8618,0.0005,0.8758,1.0146,0.3395
1.1879,0.0006,0.6346,1.2215,0.3436
1.3658,0.0005,0.6142,1.3501,0.3440
1.4666,0.0007,0.7040,1.4682,0.3524
1.4898,0.0006,0.6971,1.1617,0.3430
1.4701,0.0004,0.8368,1.7821,0.3654
0.9727,0.0005,0.6821,0.7510,0.3654
1.2774,0.0005,0.7604,1.4912,0.3598
1.3028,0.0005,0.6029,1.3261,0.3514
1.4007,0.0005,0.6360,0.9186,0.3514
1.5040,0.0006,0.7996,1.9262,0.3523
1.1730,0.0005,0.8180,1.1981,0.3827
1.4665,0.0007,0.6998,1.1633,0.3751
1.4227,0.0007,0.7161,1.7080,0.3491
1.6453,0.0005,0.6974,1.5339,0.3532
1.5576,0.0006,1.1282,1.4873,0.3543
1.9793,0.0006,0.7231,2.1475,0.3319
1.2599,0.0004,0.7206,1.1695,0.3319
0.9986,0.0004,0.7719,1.0793,0.3750
1.3351,0.0004,0.6821,1.2843,0.3557
1.3763,0.0006,0.7753,1.4431,0.3651
2.0251,0.0007,0.6406,1.9521,0.3708
1.3046,0.0002,0.9981,1.0307,0.3481
1.0174,0.0003,1.0092,1.3644,0.3481
1.4707,0.0004,0.6048,1.3113,0.3567
1.4632,0.0007,0.8742,1.5926,0.3607
1.4713,0.0003,0.9192,1.3115,0.3624
1.6038,0.0004,0.6385,1.7193,0.3496
1.2492,0.0006,0.7017,0.9521,0.3422
1.4792,0.0006,0.8119,1.7582,0.3422
1.4449,0.0004,0.6564,1.4689,0.3531
0.9465,0.0004,0.6666,0.9741,0.3531
1.9106,0.0006,0.6076,1.8266,0.3475
1.4387,0.0005,0.7195,1.0316,0.3765
1.3866,0.0005,1.0918,1.7254,0.3765
1.6433,0.0005,0.9659,1.7252,0.3531
1.2392,0.0003,0.7194,1.1678,0.3316
1.6214,0.0002,0.9465,1.7058,0.3415
1.3540,0.0004,0.7617,1.3565,0.3415
1.4914,0.0004,0.6963,1.4760,0.3539
1.0462,0.0004,0.6098,1.0642,0.3539
1.5353,0.0003,0.6223,1.1642,0.3396
1.3749,0.0171,0.9265,1.5726,0.3648
1.6854,0.0003,0.7237,1.8299,0.3584
1.6327,0.0007,0.6403,1.5941,0.3637
0.9901,0.0006,0.7268,1.0066,0.3637
1.2967,0.0004,0.7406,1.2762,0.3839
1.0980,0.0004,0.7177,1.1057,0.3628
1.5262,0.0003,0.6644,1.2291,0.3486
1.2811,0.0005,0.6654,1.5674,0.3487
1.4589,0.0007,0.6234,1.4601,0.3463
1.3462,0.0006,0.6172,1.3409,0.3463
1.1672,0.0007,0.6360,1.0732,0.3317
1.3795,0.0007,0.6409,1.4143,0.3379
1.4932,0.0007,0.6502,1.3768,0.3632
1.3977,0.0004,0.9727,1.5121,0.3525
1.3319,0.0007,0.7173,0.9646,0.3525
2.3711,0.0004,0.9822,2.6870,0.3772
1.2517,0.0006,0.8852,1.3118,0.3795
1.1575,0.0005,0.7867,1.1331,0.3795
1.2990,0.0003,0.6784,1.3135,0.3578
1.4266,0.0003,0.6439,1.2627,0.3607
0.9926,0.0002,0.7609,1.1745,0.3607
1.2137,0.0004,0.6448,1.2214,0.3492
1.7536,0.0003,0.6923,1.7419,0.3548
1.3765,0.0004,0.6482,1.3807,0.3414
1.1404,0.0003,0.7547,1.0166,0.3414
1.1185,0.0005,0.9957,1.2155,0.3460
1.5923,0.0005,0.6308,1.5565,0.3407
2.0436,0.0005,0.8680,2.0329,1.0099
1.3162,0.0005,0.8668,1.3447,0.3648
0.9851,0.0004,0.7096,0.9381,0.3648
1.7176,0.0006,0.6917,1.7377,0.3357
1.1409,0.0004,0.6277,0.8743,0.3357
1.7485,0.0003,0.6307,1.9773,0.3416
1.2228,0.0004,0.6128,1.2245,0.3388
1.6222,0.0004,0.8215,1.6710,0.3404
1.0062,0.0004,0.5741,0.9054,0.3404
1.4284,0.0005,0.5769,1.3897,0.3465
1.2581,0.0004,0.7149,1.2450,0.3449
0.8845,0.0005,0.7309,0.9987,0.3449
1.5611,0.0004,0.6589,1.3826,0.3598
2.0383,0.0003,0.7688,2.2046,0.3674
1.4371,0.0003,0.7506,1.4114,0.3462
1.0920,0.0004,0.8422,0.8403,0.3462
1.4637,0.0004,0.8005,1.6861,0.3403
1.5779,0.0005,0.7359,1.2822,0.3565
1.1441,0.0004,1.1643,1.3303,0.3565
1.3708,0.0005,0.7205,1.3854,0.3454
1.4312,0.0005,0.7591,1.5251,0.3454
1.5576,0.0005,0.6485,1.5520,0.3546
1.4819,0.0004,0.7828,1.4886,0.3546
2.1326,0.0008,0.6738,2.0695,0.3847
1.4953,0.0006,0.7434,1.5363,0.3788
1.3265,0.0005,0.7495,1.3480,0.3494
1.0593,0.0004,0.6237,1.0598,0.3494
1.3867,0.0005,0.6120,1.1548,0.3357
1.4416,0.0004,0.6370,1.4969,0.3494
1.3542,0.0004,0.7286,1.5064,0.3637
1.1830,0.0005,0.8282,1.0791,0.3502
1.4303,0.0003,0.9144,1.5328,0.3364
1.2551,0.0006,0.6014,1.2058,0.3474
1.7112,0.0003,0.7375,1.7156,0.3584
1.2668,0.0004,0.7564,1.2804,0.3584
1.3866,0.0004,0.6361,1.3314,0.3609
1.6730,0.0005,0.7745,1.3964,0.3413
1.3680,0.0004,0.9285,1.6783,0.3693
1.2711,0.0003,0.6558,1.1235,0.3429
1.4898,0.0004,0.7681,1.6284,0.3458
1.1281,0.0004,0.6314,1.1296,0.3458
1.8978,0.0003,0.6616,1.8535,0.3485
1.5484,0.0002,0.6254,1.5360,0.3512
1.0198,0.0005,0.6792,1.0275,0.3512
1.7270,0.0007,0.7134,1.2930,0.3577
1.7894,0.0010,0.8130,1.9598,0.3434
1.8472,0.0010,1.0908,1.9339,0.5241
1.7465,0.0010,1.0723,1.6814,0.3560
1.8647,0.0007,1.1268,2.0035,0.3548
1.4070,0.0007,0.8724,1.4067,0.3526
1.4065,0.0006,0.8602,1.3376,0.3526
1.8920,0.0005,0.9924,1.9272,0.3378
1.2704,0.0006,0.8661,1.0293,0.3378
1.6227,0.0004,1.2771,1.8580,0.3743
1.2291,0.0005,0.8713,1.3225,0.3743
1.3669,0.0006,0.6700,1.2812,0.3483
2.0887,0.0008,0.6452,1.9327,0.3530
1.2975,0.0007,1.0379,1.4402,0.3530
1.5231,0.0007,1.1458,1.5586,0.3671
1.8749,0.0006,0.7589,1.8601,0.3568
1.6796,0.0006,0.7427,1.6856,0.3571
1.3686,0.0006,0.7358,1.2833,0.3571
1.7243,0.0006,0.7569,1.6004,0.3508
1.7912,0.0005,1.0448,1.6987,0.3678
1.3890,0.0006,0.8715,1.6609,0.3526
1.7013,0.0006,0.8001,1.6800,0.3400
1.4884,0.0005,0.8748,1.2611,0.3459
1.6118,0.0007,0.9956,1.7934,0.3459
1.6955,0.0007,0.8607,1.5940,0.3766
1.2228,0.0005,0.9900,1.3519,0.3766
1.7342,0.0005,0.8072,1.4311,0.3482
2.2533,0.0008,0.8554,2.4602,0.3514
1.2560,0.0008,0.9955,1.3121,0.3514
1.8841,0.0008,0.9294,1.8215,0.3526
1.9464,0.0009,0.8894,1.8421,0.3391
1.4052,0.0009,1.0982,1.0977,0.3391
1.7233,0.0011,1.2407,2.0484,0.3638
2.1944,0.0006,0.9938,2.0761,0.3353
1.5797,0.0006,1.1806,1.5278,0.3646
1.8510,0.0007,1.2209,2.0015,0.3761
1.7786,0.0009,0.9526,1.6106,0.3485
2.3150,0.0007,1.0288,2.5617,0.3733
1.3148,0.0005,1.1979,1.1357,0.3487
1.1766,0.0005,1.2622,1.3386,0.3487
1.8068,0.0006,0.8314,1.6340,0.3524
1.3597,0.0006,0.7793,1.5187,0.3524
1.2842,0.0008,0.6969,1.2628,0.3563
1.9034,0.0008,0.8333,1.9077,0.5424
1.3761,0.0007,0.9471,1.4119,0.3757
1.4053,0.0003,0.8503,1.4698,0.3537
1.5125,0.0006,0.6563,1.1670,0.3537
1.6796,0.0003,0.9256,1.8038,0.3640
1.9759,0.0005,0.7960,2.1012,0.3514
1.2337,0.0006,0.7666,1.2499,0.3514
1.6629,0.0004,0.7393,1.6980,0.3638
1.7696,0.0007,0.7565,1.5822,0.3473
1.3539,0.0005,0.9950,1.5243,0.3572
1.4690,0.0005,0.6843,1.2828,0.3354
1.8190,0.0009,0.8016,1.9049,0.3917
1.3023,0.0005,0.9142,1.3598,0.3917
1.5492,0.0007,0.7673,1.5136,0.3450
1.8041,0.0008,0.9273,1.7716,0.3339
1.5009,0.0011,1.1398,1.3187,0.3339
1.8116,0.0008,1.0384,1.9385,0.3440
1.6225,0.0006,0.8976,1.4677,0.3517
1.4849,0.0005,0.7684,1.6647,0.3515
1.6026,0.0005,0.7910,1.6520,0.3476
1.5618,0.0004,0.6833,1.4998,0.3415
1.6705,0.0006,0.7874,1.6482,0.3535
1.7947,0.0004,0.9995,1.7203,0.3730
1.3170,0.0004,1.2837,1.3285,0.3655
1.7181,0.0007,0.9467,1.4909,0.3819
1.9097,0.0006,1.0893,2.1973,0.3446
1.6399,0.0010,0.9919,1.5821,0.3564
1.6690,0.0006,0.8658,1.7459,0.3606
1.2042,0.0005,0.7457,1.2402,0.3606
1.4580,0.0005,0.7276,1.4662,0.3499
1.4059,0.0006,0.8099,1.1601,0.3499
1.9325,0.0012,0.9002,1.9430,0.3672
1.2708,0.0005,1.0963,1.4188,0.3672
1.5450,0.0006,1.0615,1.4263,0.3598
1.7537,0.0006,0.9803,1.8326,0.3710
1.8681,0.0003,0.8840,1.9032,0.3547
1.7239,0.0004,0.7298,1.7334,0.3560
1.6136,0.0005,0.7443,1.4732,0.3474
1.3357,0.0005,1.0163,1.1973,0.3661
1.5815,0.0006,0.8712,1.6430,0.3661
1.4230,0.0005,0.8062,1.6059,0.3433
1.2265,0.0007,0.8257,1.1369,0.3463
2.2339,0.0009,0.7455,1.6419,0.5565
1.2770,0.0006,1.6113,1.8926,0.3476
1.7817,0.0006,1.0642,1.7035,0.3436
1.5183,0.0006,0.8683,1.5987,0.3418
1.4783,0.0005,0.7079,1.5154,0.3418
1.7437,0.0005,0.6951,1.6131,0.3466
1.2464,0.0004,0.8762,1.3432,0.3466
2.0097,0.0006,0.7781,1.9787,0.3572
1.0566,0.0007,0.7411,1.0163,0.3572
1.8033,0.0005,0.7195,1.8653,0.3432
1.6168,0.0008,0.7265,1.5299,0.3432
1.4213,0.0005,1.1193,1.1298,0.3485
1.6653,0.0004,0.9183,1.9913,0.5700
2.0178,0.0007,0.7416,1.9811,0.3350
1.4838,0.0003,0.8623,1.2483,0.3350
1.8468,0.0004,0.8110,2.1156,0.3373
1.8008,0.0005,0.7733,1.7784,0.3373
1.6942,0.0004,0.8124,1.7168,0.3644
1.4509,0.0005,0.7374,1.3148,0.3644
2.1401,0.0004,0.8106,2.0937,0.3577
1.0189,0.0006,0.9222,1.1285,0.3577
1.8127,0.0005,0.8676,1.8393,0.3552
1.4103,0.0007,0.7595,1.3411,0.3650
1.5975,0.0007,0.8515,1.5048,0.3377
1.7796,0.0004,0.9423,1.4539,0.3617
1.4133,0.0006,0.9205,1.6993,0.3441
2.0596,0.0004,0.9512,2.2298,0.3728
1.2165,0.0003,0.6465,1.2205,0.3728
1.5322,0.0005,0.6758,1.5248,0.3468
1.2490,0.0005,0.7011,1.2561,0.3406
1.7892,0.0012,0.9026,1.4023,0.3551
2.1570,0.0008,0.8931,2.3963,0.3605
1.5791,0.0009,1.0114,1.3402,0.3606
1.5906,0.0007,1.0150,1.9154,0.3601
1.2922,0.0004,0.7540,1.3048,0.3442
1.1595,0.0005,0.7465,1.1669,0.3482
1.2980,0.0006,0.7105,1.1997,0.3482
1.4339,0.0005,0.6698,1.5024,0.3459
1.2505,0.0006,0.7477,1.2359,0.3478
1.5412,0.0004,0.6788,1.4140,0.3471
1.3196,0.0003,0.9097,1.4343,0.3483
1.2185,0.0004,1.1333,1.2018,0.3489
1.5915,0.0009,0.8268,1.6035,0.3404
2.1032,0.0007,0.9953,2.0020,0.3832
1.1908,0.0006,0.9163,0.9717,0.3832
1.5667,0.0008,0.8690,1.7822,0.3560
1.4666,0.0004,0.7464,1.5707,0.3413
1.7790,0.0008,0.7334,1.7436,0.3356
1.2382,0.0007,0.6955,1.2487,0.3540
1.3471,0.0004,0.7117,1.3645,0.3540
1.4809,0.0004,0.6358,1.4828,0.3418
1.3992,0.0004,0.7607,1.3302,0.3462
1.4122,0.0004,0.7534,1.4630,0.3588
1.9507,0.0011,0.8267,1.8762,0.3489
1.7120,0.0004,0.8206,1.7356,0.3585
1.2834,0.0005,0.8758,1.3071,0.3400
1.3129,0.0006,0.7469,1.3013,0.3520
1.1546,0.0007,0.7532,0.9811,0.3520
1.5357,0.0007,0.7211,1.6334,0.3544
1.1397,0.0004,0.8426,1.0771,0.3544
1.6946,0.0006,0.8908,1.8203,0.3405
1.3568,0.0004,0.6882,1.2648,0.3405
1.7561,0.0005,0.8504,1.8136,0.3406
1.7008,0.0005,0.8653,1.6930,0.3524
1.8365,0.0007,0.7820,1.2402,0.3484
1.4999,0.0006,1.2411,1.8927,0.3569
0.9159,0.0007,1.0450,1.1468,0.3569
1.5754,0.0007,0.7344,1.5737,0.3520
1.5650,0.0007,0.6597,1.2446,0.3520
1.5880,0.0009,0.7125,1.8601,0.3488
1.2394,0.0006,0.7748,1.2176,0.3488
1.9088,0.0007,0.8892,1.6989,0.3492
1.7795,0.0007,1.0500,1.9840,0.3417
1.2433,0.0007,1.2762,0.8351,0.3643
0.8242,0.0004,1.1528,1.1604,0.3643
1.8040,0.0004,0.6806,1.8933,0.3504
1.8744,0.0008,0.8132,1.6071,0.3634
1.4868,0.0004,1.0244,1.5466,0.3624
1.7898,0.0006,0.8813,1.9346,0.3611
1.3751,0.0010,0.8286,1.4042,0.3419
1.9271,0.0006,0.9189,1.7798,0.3418
1.0329,0.0005,1.0083,1.1828,0.3418
1.9138,0.0014,0.9357,1.8425,0.3340
1.2003,0.0004,0.8803,1.2559,0.3340
1.6206,0.0004,0.6757,1.3361,0.3590
1.7080,0.0005,0.6563,1.8739,0.3408
1.6303,0.0007,0.7980,1.6624,0.3408
1.2190,0.0011,0.9286,1.2546,0.3776
1.6322,0.0005,1.1662,1.6246,0.3409
1.5438,0.0004,0.8815,1.2435,0.3409
1.8985,0.0006,0.8410,2.1771,0.3602
1.6948,0.0007,0.8418,1.4527,0.3411
1.4843,0.0006,1.1861,1.6874,0.3540
1.8905,0.0005,0.9653,1.8328,0.3374
1.8789,0.0005,1.0669,1.9059,0.3490
2.1396,0.0004,0.9468,2.1592,0.3540
1.5344,0.0008,0.9353,1.2498,0.3626
1.4035,0.0005,1.5122,1.6560,0.3633
1.7784,0.0005,0.8946,1.7299,0.3633
2.1258,0.0007,0.8289,2.0399,0.3519
1.4116,0.0009,1.1766,1.2673,0.3519
2.3733,0.0006,0.9749,2.6219,0.3572
0.9747,0.0004,0.8451,1.0435,0.3572
1.5308,0.0004,0.7290,1.2329,0.3420
1.6490,0.0004,0.8691,1.6213,0.3420
1.8659,0.0006,0.8732,1.9501,0.3503
1.2465,0.0005,0.9793,1.3959,0.3503
1.7830,0.0006,0.9471,1.7869,0.9510
1.3204,0.0008,0.8532,1.2617,0.3898
2.1524,0.0008,0.8346,2.1621,0.3414
1.5989,0.0005,0.9710,1.6219,0.3591
1.7375,0.0009,1.0555,1.6806,0.3509
1.5511,0.0006,0.8578,1.2799,0.3509
1.9886,0.0007,0.7966,2.3338,0.3517
1.2590,0.0005,0.7064,0.8257,0.3466
1.3832,0.0003,0.8240,1.6666,0.3466
2.0178,0.0009,0.6635,2.0556,0.3655
1.3282,0.0004,0.9559,1.0573,0.3655
1.5610,0.0005,1.2153,1.7428,0.3681
1.7364,0.0005,0.9536,1.8187,0.3681
1.4154,0.0004,0.8662,1.5093,0.3499
1.7911,0.0004,0.7688,1.7661,0.3493
1.6062,0.0005,0.7237,1.6249,0.3560
2.0497,0.0008,0.7179,2.0113,0.3538
1.4170,0.0004,0.8056,1.3836,0.3468
1.1879,0.0004,0.7882,1.2639,0.3468
1.6196,0.0007,0.7373,1.3548,0.3510
1.8320,0.0008,0.9066,1.9090,0.3523
1.5874,0.0008,0.9270,1.5705,0.3685
1.5697,0.0006,0.9033,1.5409,0.3465
1.1095,0.0005,1.0183,1.2908,0.3465
1.7151,0.0005,0.7331,1.5736,0.3545
1.8102,0.0005,0.7448,1.6120,0.3417
1.3493,0.0006,0.9477,1.6192,0.3417
1.0452,0.0006,0.9013,1.0145,0.3748
1.4465,0.0006,0.7032,1.5146,0.3667
1.4839,0.0005,0.7919,1.4883,0.3667
1.4472,0.0010,0.7296,1.3143,0.3502
1.6778,0.0007,0.7108,1.7035,0.3782
1.6280,0.0008,1.0194,1.4347,0.3728
2.1424,0.0005,1.0744,2.3624,0.3675
1.0093,0.0006,0.8397,0.9196,0.3675
2.4172,0.0005,0.7890,2.3550,0.3607
1.3379,0.0010,0.9209,1.4515,0.3501
1.5540,0.0006,0.9092,1.4836,0.3412
1.2339,0.0006,0.9593,1.1645,0.3418
0.9467,0.0008,1.1882,0.8878,0.3418
1.9873,0.0007,0.8751,2.1438,0.3381
1.3345,0.0008,0.8495,1.3569,0.3381
2.0584,0.0004,0.7815,1.9692,0.3649
1.6454,0.0006,0.9294,1.6281,0.5238
1.7269,0.0005,0.8872,1.5168,0.3522
1.5208,0.0004,0.9719,1.8944,0.3522
1.2642,0.0005,0.8023,1.1901,0.3470
1.6807,0.0006,1.0937,1.7241,0.3698
1.0606,0.0004,0.6972,0.9133,0.3698
1.3017,0.0004,0.7625,1.2267,0.3460
1.3832,0.0005,0.9949,1.5318,0.3479
1.9274,0.0005,0.6707,1.9520,0.3597
1.8704,0.0006,0.7900,1.8242,0.3637
1.6633,0.0007,1.3374,1.6699,0.3639
1.8818,0.0007,1.1258,1.7782,0.3619
1.0311,0.0006,1.2052,1.0769,0.3619
1.3940,0.0005,0.8939,1.4191,0.3349
1.9317,0.0003,1.0979,1.2766,0.3392
1.5448,0.0007,1.0912,2.2594,0.3392
1.8059,0.0007,0.8468,1.7819,0.3332
1.4127,0.0003,0.9612,0.9716,0.3332
1.9418,0.0009,0.8792,2.2995,0.3498
1.5118,0.0006,0.9189,1.2176,0.3340
2.2351,0.0005,0.8509,2.3817,0.3965
1.6965,0.0006,1.0854,1.7955,0.3621
1.0628,0.0004,0.9667,0.9947,0.3621
1.4224,0.0004,0.9225,1.5934,0.3643
1.5449,0.0172,0.6663,1.2866,0.3556
1.3870,0.0005,0.9332,1.3376,0.3479
1.3087,0.0005,1.1048,1.4885,0.3479
1.5467,0.0007,0.8935,1.6378,0.3532
2.2642,0.0006,0.9402,2.1689,0.3492
1.3112,0.0007,0.8596,1.3696,0.3473
1.3212,0.0006,0.8175,1.1554,0.3473
1.6490,0.0006,1.6732,1.3897,0.3853
1.4888,0.0004,1.3108,1.8841,0.3432
1.4694,0.0004,0.7477,1.4740,0.3309
1.6747,0.0006,0.7157,1.6703,0.3615
1.6029,0.0004,0.7177,1.6092,0.3615
2.1498,0.0004,0.7131,2.1310,0.3551
1.1572,0.0004,0.8167,1.0823,0.3551
1.8201,0.0005,0.8572,1.8091,0.3452
1.2002,0.0004,0.7835,1.1867,0.3718
1.4586,0.0005,0.7981,1.4884,0.3370
2.2315,0.0007,0.8997,1.8665,0.3822
1.2689,0.0008,1.3367,1.0885,0.3682
1.0994,0.0007,1.1244,1.5203,0.3682
1.7833,0.0008,0.6973,1.9048,0.3543
1.4653,0.0006,0.7393,1.3985,0.3345
1.5374,0.0007,0.8403,1.3531,0.3540
1.9376,0.0005,0.8078,2.0102,0.3380
1.5985,0.0006,1.0354,1.6174,0.3583
1.4017,0.0004,0.9524,1.2332,0.3583
1.9138,0.0006,0.8231,1.8616,0.3400
1.4744,0.0007,1.1061,1.6661,0.3400
1.5507,0.0007,1.3847,1.5672,0.3717
1.3516,0.0005,1.3996,1.4194,0.3717
1.9201,0.0006,0.7696,1.9317,0.3426
1.3376,0.0006,0.8599,1.1596,0.3426
1.5656,0.0005,0.7717,1.7258,0.3497
1.7652,0.0006,0.7885,1.6285,0.3555
1.1991,0.0005,1.0334,1.1606,0.3445
2.1387,0.0006,0.9695,2.3271,0.3329
1.4545,0.0003,0.8135,1.3934,0.3441
1.8403,0.0007,0.8128,1.8476,0.3833
2.0569,0.0006,0.9485,1.9657,0.3585
1.1390,0.0004,1.0818,1.1353,0.3673
1.5420,0.0005,0.9765,1.1833,0.3475
1.3480,0.0005,0.8854,1.8441,0.3475
1.5193,0.0005,0.6765,1.0849,0.3781
1.5502,0.0005,1.0118,1.7973,0.3474
1.6504,0.0007,1.0938,1.7881,0.3533
1.6377,0.0005,0.8884,1.4580,0.3533
1.6326,0.0005,0.8173,1.6370,0.3430
1.5774,0.0005,0.7622,1.5975,0.3590
1.5857,0.0009,0.8036,1.6650,0.3633
1.7473,0.0010,0.9102,1.6994,0.3736
1.2912,0.0006,1.0088,1.3787,0.3515
0.9539,0.0004,0.8058,0.9889,0.3515
1.6589,0.0005,0.6644,1.3751,0.3583
1.4289,0.0007,0.9697,1.5464,0.3583
1.6289,0.0005,0.9418,1.7466,0.3384
1.2592,0.0004,0.8187,1.2146,0.3531
1.6234,0.0005,0.9797,1.4294,0.3470
1.2819,0.0005,0.6831,1.5393,0.3500
1.6757,0.0004,0.7371,1.6584,0.3597
1.2238,0.0005,0.8325,1.0079,0.3401
1.8796,0.0006,0.7080,2.0387,0.3596
1.5925,0.0007,0.8167,1.3344,0.3573
1.4854,0.0005,1.0440,1.7434,0.3500
1.2810,0.0004,0.8199,1.2437,0.3462
1.6398,0.0005,1.0329,1.4154,0.3536
2.0398,0.0004,0.7789,2.3020,0.3549
1.9531,0.0006,0.7253,1.7636,0.3573
1.2927,0.0005,1.0447,1.4522,0.3511
1.5202,0.0004,0.8397,1.5158,0.3562
1.7411,0.0005,0.7146,1.7417,0.3560
1.7320,0.0009,0.8020,1.6365,0.3560
1.4055,0.0004,1.0133,1.0201,0.3818
2.0666,0.0006,0.9507,1.9446,0.3616
1.9639,0.0006,0.9687,2.2252,0.3616
1.8748,0.0006,0.9422,2.1085,0.3484
1.5254,0.0006,0.8806,1.4936,0.3484
1.9350,0.0004,0.8718,2.0070,0.3621
1.6348,0.0004,0.9256,1.6410,0.3403
1.5884,0.0003,0.9014,1.6252,0.3434
1.8300,0.0005,0.7490,1.7886,0.3440
1.6475,0.0005,1.1064,1.3036,0.3510
1.8115,0.0007,1.0873,2.0659,0.3456
1.3127,0.0004,0.8681,1.4001,0.3456
1.5292,0.0004,0.7331,1.5241,0.3539
2.1737,0.0006,0.6486,2.1467,0.3455
1.0482,0.0005,0.7755,0.8361,0.3455
1.2341,0.0008,0.8238,1.4158,0.3425
1.6285,0.0005,0.8034,1.4557,0.3580
1.4090,0.0003,0.7075,1.5531,0.3429
1.3330,0.0003,0.6102,1.2666,0.3520
1.7040,0.0007,0.8349,1.7794,0.3622
1.3142,0.0008,0.9069,1.3257,0.3518
1.9228,0.0009,0.8555,1.7675,0.3489
1.1643,0.0007,1.1011,1.3154,0.3489
1.1471,0.0006,0.9247,0.9583,0.3523
1.7076,0.0005,0.7141,1.7673,0.3501
1.3753,0.0004,0.8321,1.5191,0.3501
1.4488,0.0006,0.7114,1.2901,0.3423
1.6698,0.0005,0.7803,1.7981,0.3401
1.9649,0.0004,0.7030,1.5672,0.3536
1.4656,0.0005,0.8303,1.7191,0.3536
2.0901,0.0007,0.8923,1.7120,0.3489
1.7083,0.0006,1.0745,1.7251,0.3944
1.8633,0.0008,1.1235,2.2429,0.3561
1.1944,0.0007,0.9120,0.9375,0.3495
1.8127,0.0008,0.8648,2.1295,0.3520
1.5188,0.0004,0.9197,1.5375,0.3545
1.5126,0.0005,0.7838,1.0944,0.3516
1.0595,0.0005,0.8784,1.4744,0.3516
1.7661,0.0005,0.8596,1.6092,0.3532
1.0697,0.0005,0.9021,1.1813,0.3532
2.0342,0.0007,0.7766,1.9937,0.3812
1.3521,0.0005,0.7692,1.1890,0.3812
2.1329,0.0003,1.0543,2.2046,0.3390
1.2782,0.0004,1.0044,1.1196,0.3390
1.7749,0.0005,1.0008,2.0406,0.3530
1.5178,0.0005,0.8787,1.1888,0.3530
1.7037,0.0005,0.7770,2.0335,0.3415
1.4076,0.0007,0.7277,1.2280,0.3415
1.3555,0.0003,0.7167,1.5584,0.3401
1.1792,0.0004,0.6778,1.1697,0.3401
1.7656,0.0006,0.8620,1.5828,0.3374
1.9484,0.0008,0.7768,2.0234,0.3484
1.6256,0.0010,0.9296,1.6549,0.3881
