frame_ms,scenario_ms,game_ms,render_ms,gpu_ms
0.6084,0.0004,0.8077,0.8103,0.3798
27.3098,0.0008,22.1563,1.4229,0.4222
1.7335,0.0007,4.2521,1.2320,0.4222
0.8709,0.0006,1.6397,1.2320,0.4222
5.0805,0.0006,4.7435,1.0081,0.4859
1.0754,0.0006,1.2722,1.6491,0.4859
2.1406,0.0006,0.9722,2.0576,0.4945
5.2936,0.0007,4.9677,1.6701,0.4938
1.0119,0.0005,1.3462,1.5773,0.4938
1.1798,0.0004,0.8746,1.2137,0.4938
5.0085,0.0005,4.7168,1.5491,0.4806
0.9412,0.0003,1.1744,1.4860,0.4806
1.4428,0.0004,0.8912,1.4565,0.4848
5.4500,0.0005,5.1833,0.8046,0.3972
1.4381,0.0004,1.3568,1.1644,0.3972
0.8245,0.0003,1.2533,0.9861,0.3972
4.8679,0.0005,4.6296,1.8649,0.3843
0.8430,0.0003,1.0750,1.1526,0.3843
1.2070,0.0003,0.7601,1.2202,0.3843
4.7844,0.0004,4.6247,1.1644,0.3923
0.8593,0.0003,1.0745,1.2186,0.3923
1.3244,0.0003,0.7903,1.3695,0.3953
5.9874,0.0009,5.8824,1.5847,0.4316
1.2779,0.0007,1.4747,1.5527,0.4316
1.1516,0.0004,1.1745,1.4130,0.4142
6.0644,0.0007,5.8818,1.5882,0.3945
1.0049,0.0004,1.3262,1.6708,0.3945
1.1940,0.0003,0.8737,1.0990,0.3945
5.1309,0.0005,4.8008,1.9703,0.4392
1.3338,0.0005,1.2619,1.2104,0.4392
0.7901,0.0003,1.2235,1.3373,0.4198
4.8324,0.0024,4.5870,1.6197,0.3913
0.7872,0.0003,1.0302,1.0576,0.3913
1.2590,0.0003,0.6902,1.4377,0.3913
5.0781,0.0008,4.6478,1.2139,0.3978
0.8672,0.0005,1.2057,1.2730,0.3978
1.1586,0.0003,0.8296,1.3621,0.4112
4.6612,0.0005,4.5483,1.5088,0.4203
0.6487,0.0003,0.9138,0.9378,0.4203
1.3479,0.0003,0.5886,1.5136,0.4129
4.2823,0.0004,4.0703,1.5348,0.4040
1.0749,0.0003,0.8980,1.4700,0.4040
1.1749,0.0005,0.7331,1.0971,0.4040
6.4497,0.0008,6.2398,1.9332,0.4552
0.7986,0.0006,1.1147,1.1167,0.4552
0.9389,0.0004,0.7094,1.1162,0.4552
4.6937,0.0007,4.5931,1.4328,0.3899
0.7992,0.0005,0.9499,1.2743,0.3899
1.2426,0.0003,0.6772,1.2421,0.3899
4.9280,0.0005,4.5242,1.0784,0.4386
0.8067,0.0004,1.1123,1.2866,0.4386
1.2341,0.0006,0.7192,1.0897,0.4386
4.6272,0.0005,4.3997,1.4754,0.4036
0.9283,0.0004,0.9412,1.1281,0.4036
1.1709,0.0004,0.8567,1.3772,0.4097
4.6901,0.0007,4.2818,1.3373,0.4134
0.9719,0.0003,1.1917,1.2375,0.4134
1.1297,0.0004,0.7954,1.1520,0.4134
4.6354,0.0003,4.3901,2.1767,0.3853
0.9316,0.0003,0.9535,0.9543,0.3853
0.8123,0.0002,0.8485,0.9952,0.3853
4.4387,0.0008,4.3559,1.6611,0.4028
0.7231,0.0006,0.9090,1.1270,0.4028
1.2329,0.0008,0.6546,1.2180,0.4028
4.9553,0.0009,4.8283,1.4488,0.4133
0.7887,0.0004,1.1075,1.1415,0.4133
1.0891,0.0005,0.6943,0.9415,0.4133
5.6279,0.0006,5.5339,1.6313,0.4204
0.8272,0.0005,1.0172,1.3148,0.4204
1.5936,0.0004,0.8083,1.5495,0.4067
4.9984,0.0009,4.7906,1.5278,0.4060
0.8828,0.0158,1.1049,1.4006,0.4060
1.1105,0.0004,0.7694,0.9880,0.4060
4.6694,0.0004,4.4922,1.9977,0.4084
0.7189,0.0003,0.9477,0.9654,0.4084
0.9819,0.0003,0.6147,1.1894,0.4084
4.7085,0.0006,4.3765,1.3707,0.4029
0.8182,0.0004,0.9976,1.3193,0.4029
1.4806,0.0006,0.6374,1.3815,0.4132
4.9912,0.0005,4.6897,1.4476,0.4210
0.8185,0.0004,1.0829,1.0649,0.4210
0.9665,0.0003,0.7420,1.2698,0.4210
5.0035,0.0005,4.2484,1.2250,0.4023
0.7668,0.0003,1.4458,1.4486,0.4023
1.1920,0.0004,0.6893,1.1533,0.4023
5.6919,0.0006,5.4153,2.2395,0.4385
0.7840,0.0006,1.0542,1.1610,0.4385
1.1889,0.0004,0.7073,1.1563,0.4385
4.9380,0.0005,4.6928,1.7583,0.4204
1.0483,0.0004,1.1020,1.1690,0.4204
0.7987,0.0004,0.9886,1.0020,0.4204
4.7492,0.0008,4.4358,1.6923,0.3973
1.0042,0.0005,1.1394,1.4885,0.3973
1.0751,0.0006,0.9160,1.0496,0.3973
4.7183,0.0006,4.5156,1.6201,0.4060
0.9507,0.0004,0.9644,0.9671,0.4060
0.9881,0.0004,1.0325,1.0453,0.4042
5.1045,0.0005,5.0342,1.8512,0.4151
0.7542,0.0004,0.9628,1.0186,0.4151
0.9168,0.0005,0.6623,0.9473,0.4151
4.8805,0.0007,4.5053,1.5031,0.4281
0.7378,0.0006,1.0938,1.1035,0.4281
0.8549,0.0005,0.6304,1.0907,0.4281
4.4387,0.0005,4.1279,1.2770,0.4100
0.6920,0.0003,0.9311,1.0456,0.4100
1.7165,0.0003,0.6234,1.6221,0.4004
5.3513,0.0005,5.1365,0.7608,0.4355
0.7798,0.0003,1.0641,1.3187,0.4355
1.4834,0.0005,0.7505,1.3118,0.4349
4.8549,0.0005,4.7296,1.4105,0.4090
0.9793,0.0004,1.0145,1.0522,0.4090
0.7421,0.0003,0.9124,0.9376,0.4090
4.7145,0.0004,4.4039,1.4762,0.4084
1.1107,0.0004,0.9891,1.5176,0.4084
1.0625,0.0005,0.7717,0.9026,0.4084
4.9981,0.0007,4.6312,1.9299,0.3956
1.0354,0.0005,1.1140,1.2535,0.3956
0.8033,0.0004,0.9523,0.8711,0.3956
5.0752,0.0005,4.8049,1.5527,0.4100
0.9854,0.0005,1.0117,1.4506,0.4100
1.3133,0.0003,0.7357,1.1460,0.4100
4.9871,0.0006,4.6007,1.7316,0.4265
1.3212,0.0007,1.1408,1.2189,0.4265
0.7729,0.0005,1.2740,0.9833,0.4040
4.8065,0.0008,4.5507,1.3689,0.4009
0.7633,0.0005,1.0224,1.1971,0.4009
1.0936,0.0004,0.6507,1.1734,0.4009
4.6584,0.0007,4.3423,1.3982,0.4082
1.2199,0.0006,1.0500,1.5754,0.4082
1.3421,0.0003,0.8336,1.2816,0.4082
4.9253,0.0006,4.7715,1.7343,0.3992
1.0507,0.0003,1.0611,1.5289,0.3992
1.5538,0.0003,0.6946,1.5756,0.4060
4.7467,0.0007,4.5130,0.8435,0.4055
1.0942,0.0003,0.9368,1.5784,0.4055
1.3356,0.0003,0.6654,1.2253,0.4055
5.2343,0.0007,4.9190,1.4519,0.4111
1.2542,0.0005,1.1867,1.8120,0.4111
1.4695,0.0003,0.7421,1.5560,0.4263
5.1809,0.0009,4.8803,1.4431,0.4088
1.1862,0.0004,0.9840,1.6802,0.4088
1.4520,0.0003,0.6628,1.4339,0.4190
5.4192,0.0007,5.0036,1.4108,0.4246
1.1067,0.0005,1.1259,1.6329,0.4246
1.4925,0.0006,0.8266,1.4767,0.4121
4.6056,0.0007,4.6779,1.1832,0.3915
1.2484,0.0005,0.9156,1.6084,0.3915
1.6404,0.0003,0.6930,1.6508,0.3955
5.0929,0.0008,4.6729,1.3157,0.4373
0.9236,0.0006,1.2332,1.2307,0.4373
1.0109,0.0004,0.7964,1.2018,0.4373
5.6896,0.0006,5.3334,1.4777,0.4022
1.0563,0.0005,1.1006,1.5895,0.4022
1.4179,0.0004,0.7340,1.4124,0.4061
4.8738,0.0006,4.6106,1.3460,0.4241
1.1761,0.0004,1.0409,1.7113,0.4241
1.0627,0.0004,0.6821,0.8686,0.4241
4.8028,0.0008,4.5207,1.7590,0.4001
0.9255,0.0003,0.9821,1.4413,0.4001
1.0112,0.0003,0.6398,0.8954,0.4001
4.9349,0.0005,4.5715,1.4103,0.3938
0.8047,0.0004,1.1093,1.3738,0.3938
1.5090,0.0004,0.6873,1.0906,0.3938
5.0574,0.0006,4.7797,2.2678,0.4175
1.1615,0.0003,1.0462,1.7066,0.4175
1.0594,0.0003,0.6673,0.8282,0.4175
4.7741,0.0005,4.5070,1.7208,0.4136
1.1801,0.0004,0.9453,1.6642,0.4136
1.4591,0.0003,0.6419,1.3280,0.4078
5.0212,0.0009,4.7420,1.3603,0.4166
1.0722,0.0005,1.1656,1.2159,0.4166
1.2157,0.0006,1.0101,1.5794,0.4058
4.8298,0.0007,4.5495,1.3335,0.3929
0.8619,0.0006,1.0839,1.2576,0.3929
1.8012,0.0005,0.7812,1.7347,0.4061
5.6808,0.0007,5.4687,1.3839,0.4141
0.8120,0.0006,1.1641,1.2427,0.4141
1.1626,0.0003,0.7107,1.3614,0.4141
5.3313,0.0005,4.9382,1.3069,0.4232
1.0543,0.0003,1.0755,1.1183,0.4232
1.1385,0.0003,0.9608,1.5753,0.4220
4.9371,0.0007,4.5926,1.4641,0.4076
0.8337,0.0004,1.1248,1.2462,0.4076
1.1603,0.0005,0.7458,1.1928,0.4076
4.7041,0.0007,4.4612,2.1568,0.4033
1.1347,0.0008,0.9881,1.6095,0.4033
1.0003,0.0004,0.7397,0.9738,0.4186
4.7361,0.0008,4.4248,1.4191,0.4096
1.1399,0.0003,1.0756,1.6608,0.4096
1.6512,0.0004,0.6605,1.5795,0.4060
5.0175,0.0007,4.6943,1.0636,0.4553
0.9469,0.0003,1.1246,1.5122,0.4553
1.1254,0.0006,0.7469,1.1668,0.4553
4.8192,0.0007,4.4066,1.3470,0.4133
1.2710,0.0006,1.1416,1.7356,0.4133
1.0147,0.0006,0.8598,0.9226,0.4133
5.0807,0.0008,4.8363,1.9600,1.2299
1.0411,0.0006,1.1365,1.2459,1.2299
1.0503,0.0003,0.9448,1.0510,1.2299
4.9555,0.0007,4.8531,1.8651,0.3873
0.8089,0.0004,1.1136,1.1581,0.3873
1.2484,0.0007,0.7402,1.3646,0.3873
5.0953,0.0009,4.6633,1.4665,0.3920
0.9648,0.0006,1.2819,1.4465,0.3920
1.5127,0.0005,0.7813,1.5957,0.4396
5.4293,0.0006,5.0425,1.2286,0.4034
1.3707,0.0005,1.1704,1.8569,0.4034
1.5749,0.0004,0.8403,1.6688,0.4079
4.7220,0.0008,4.4682,1.6303,0.4106
1.0088,0.0006,1.0165,1.5293,0.4106
1.4767,0.0004,0.8059,1.4611,0.4106
4.8730,0.0006,4.6848,1.4401,0.4150
1.0243,0.0005,1.1232,1.2703,0.4150
1.1673,0.0005,0.9363,1.4780,0.4150
5.2769,0.0007,4.9847,1.7576,0.4168
1.1296,0.0006,0.9860,1.6348,0.4168
1.0656,0.0007,0.6950,1.1124,0.4168
4.8434,0.0009,4.5031,1.4603,0.4506
0.8229,0.0003,1.0562,1.2219,0.4506
1.7584,0.0003,0.7107,1.7162,0.4218
5.3945,0.0004,5.3080,1.2702,0.4009
0.8716,0.0003,0.9722,1.3336,0.4009
1.2343,0.0004,0.6589,0.9933,0.4009
4.6183,0.0008,4.2767,1.4756,1.0993
0.8117,0.0009,1.0553,1.1338,1.0993
1.3084,0.0006,0.7053,1.0617,1.0993
4.6112,0.0007,4.3809,2.1494,0.4070
0.7575,0.0004,0.9114,1.3122,0.4070
0.9712,0.0003,0.6220,0.9661,0.4070
4.3369,0.0003,4.1199,1.0598,0.4011
1.0110,0.0003,0.8545,1.3274,0.4011
1.7615,0.0007,0.7429,1.7285,0.4307
5.1358,0.0006,4.9224,1.4121,0.4232
0.7999,0.0005,1.1146,1.1186,0.4232
1.1011,0.0003,0.6997,1.3469,0.4232
5.3569,0.0006,5.1516,0.9934,0.3941
0.7241,0.0005,0.9669,1.0317,0.3941
1.4542,0.0006,0.7281,1.5622,0.4076
5.0399,0.0006,4.8946,1.3088,0.4544
1.0171,0.0012,1.0950,1.2585,0.4544
0.9131,0.0005,0.9177,1.2291,0.4544
5.5215,0.0006,5.2665,1.1700,0.4074
0.7588,0.0005,1.0024,1.0581,0.4074
1.1042,0.0005,0.6596,0.9980,0.4074
6.0250,0.0007,5.6099,1.5321,0.4124
1.3051,0.0007,1.2446,1.8911,0.4124
1.1959,0.0005,0.8733,1.1405,0.4124
4.4307,0.0005,4.3489,1.4871,0.4281
0.5970,0.0003,0.7523,0.8655,0.4281
1.4443,0.0003,0.5641,1.4779,0.4060
4.3542,0.0008,4.0445,1.3961,0.4249
1.0347,0.0005,1.0498,1.5107,0.4249
1.1726,0.0003,0.7055,1.1835,0.4249
4.6364,0.0003,4.4290,1.2514,0.4032
0.8743,0.0003,0.8706,0.9207,0.4032
1.0196,0.0003,0.8257,1.2667,0.4078
4.3973,0.0005,4.2259,1.1172,0.4260
1.1783,0.0004,0.9438,0.7250,0.4260
0.5821,0.0004,1.0997,0.7250,0.4212
4.6599,0.0005,4.3089,1.0980,0.9249
0.6995,0.0003,0.9767,1.0980,0.9249
1.0034,0.0004,0.6184,1.0222,0.9249
5.1499,0.0003,5.0128,1.1648,0.4239
0.6132,0.0003,0.8003,0.9190,0.4239
0.9606,0.0003,0.5788,0.9354,0.4239
4.1761,0.0005,3.9409,1.3853,0.4292
1.2048,0.0004,0.8595,1.6154,0.4292
1.2287,0.0007,0.6849,1.0020,0.4292
4.6424,0.0007,4.5540,2.0257,0.3968
1.0376,0.0004,0.9504,1.5075,0.3968
1.1385,0.0003,0.6558,0.8489,0.3968
5.2174,0.0005,5.0399,1.2852,0.4012
0.7820,0.0003,0.9831,1.1069,0.4012
1.1100,0.0003,0.6258,1.1057,0.4012
4.6919,0.0006,4.3745,1.3270,0.6446
0.6859,0.0003,0.9534,1.0754,0.6446
1.1177,0.0003,0.6404,1.0334,0.4238
5.1916,0.0005,5.1245,1.2136,0.4127
0.6317,0.0002,0.8110,0.9205,0.4127
1.1139,0.0003,0.5854,0.9291,0.4127
4.2965,0.0003,4.1030,1.5974,0.4162
0.7376,0.0003,0.8913,0.9496,0.4162
1.0634,0.0003,0.6631,1.0616,0.4162
4.6399,0.0004,4.4037,1.6885,0.4208
0.7079,0.0004,0.9570,0.9693,0.4208
0.7752,0.0005,0.6339,0.9315,0.4208
4.4990,0.0006,4.3409,1.3672,0.4360
0.6831,0.0003,0.9584,0.9492,0.4360
0.6860,0.0002,0.5947,0.8256,0.4360
4.4171,0.0007,4.0688,1.3359,0.4130
0.8094,0.0007,1.0385,1.1079,0.4130
1.0745,0.0005,0.7220,1.2739,0.4177
4.3526,0.0006,4.2476,1.5368,0.4121
0.5766,0.0003,0.7054,0.8604,0.4121
1.1006,0.0003,0.5538,0.9590,0.4052
4.2856,0.0005,4.1651,1.4253,0.4173
0.6997,0.0002,0.8814,0.9575,0.4173
0.8221,0.0002,0.6455,0.9673,0.4173
4.2941,0.0004,4.0643,1.1500,0.4228
0.8011,0.0003,0.8613,1.2029,0.4228
1.3385,0.0004,0.6125,1.3422,0.4146
4.2988,0.0004,3.9028,0.8618,0.4277
0.7453,0.0004,0.9878,1.3425,0.4277
0.9351,0.0003,0.6177,0.9473,0.4277
3.9977,0.0005,3.8684,1.1027,0.4113
0.8327,0.0003,0.7232,0.9783,0.4113
0.7765,0.0003,0.7796,0.8541,0.4113
4.5420,0.0008,4.2054,1.4636,0.4046
0.9131,0.0005,0.9985,1.0895,0.4046
0.9743,0.0011,0.9888,0.7828,0.4239
4.8666,0.0004,4.9455,1.0707,0.4326
1.3192,0.0004,0.7675,1.6595,0.4326
0.9324,0.0003,0.5999,0.9054,0.4326
4.3975,0.0004,4.0722,1.3597,0.4026
0.7901,0.0005,1.0486,0.9899,0.4026
1.2785,0.0004,0.6531,1.5163,0.4228
4.4453,0.0006,4.2241,1.2862,0.4233
1.0922,0.0004,0.8638,1.4883,0.4233
0.9680,0.0004,0.6625,0.7897,0.4233
4.3050,0.0004,4.0852,1.3750,0.4314
0.6696,0.0003,0.8482,0.9217,0.4314
0.9236,0.0004,0.6630,0.7995,0.4314
5.4776,0.0007,5.4301,1.2386,0.4135
0.9982,0.0003,1.0035,1.2142,0.4135
0.8193,0.0003,0.9433,1.0386,0.4135
4.3472,0.0004,4.1824,1.3629,0.4104
0.8549,0.0003,0.8285,0.8995,0.4104
0.8626,0.0003,0.9120,0.7162,0.4212
4.3639,0.0006,4.3427,1.4553,0.4198
0.7125,0.0003,0.8309,1.0195,0.4198
1.1623,0.0003,0.6567,1.2136,0.4198
4.5640,0.0005,4.3634,1.5818,0.4229
0.6884,0.0004,0.8808,0.9298,0.4229
0.8309,0.0003,0.6096,0.8479,0.4229
4.3674,0.0006,4.1434,1.4608,0.4293
0.6436,0.0003,0.8327,0.9758,0.4293
0.9117,0.0003,0.6190,0.8885,0.4293
4.4296,0.0006,4.0695,1.2614,0.4165
0.7691,0.0005,1.0438,1.1100,0.4165
0.8546,0.0004,0.6780,0.8323,0.4165
4.4670,0.0005,4.2957,1.7196,0.3986
0.8943,0.0003,0.8363,0.9160,0.3986
1.0519,0.0004,0.8864,0.8539,0.4120
4.2631,0.0004,4.4966,1.5302,0.3940
0.8735,0.0003,0.8182,0.9448,0.3940
1.0809,0.0002,0.8037,1.3947,0.4122
4.8114,0.0008,4.5668,0.9432,0.4093
0.7724,0.0005,1.0387,1.3329,0.4093
1.2916,0.0005,0.6278,1.2912,0.4253
4.6570,0.0004,4.4270,1.1122,0.4176
0.6743,0.0003,0.8559,0.9435,0.4176
1.0005,0.0004,0.6059,0.9192,0.4227
4.1581,0.0007,4.0587,1.3385,0.4013
0.8097,0.0006,0.8744,1.1901,0.4013
1.1861,0.0006,0.7260,1.0635,0.4013
4.9836,0.0006,4.7980,2.0713,0.4359
0.7185,0.0005,0.9912,0.9452,0.4359
0.8802,0.0004,0.6500,0.9170,0.4359
4.2381,0.0003,4.1675,1.7299,0.3982
0.6670,0.0003,0.8264,0.9128,0.3982
0.8505,0.0004,0.6116,0.9005,0.4424
4.5098,0.0006,4.2841,1.1774,0.4174
0.7625,0.0004,1.0313,1.1611,0.4174
1.6853,0.0004,0.6487,1.6662,0.4333
4.6950,0.0007,4.5495,1.0995,0.4336
0.9030,0.0007,0.8969,0.9439,0.4336
0.8076,0.0004,0.8362,1.0113,0.4336
4.2991,0.0005,4.0488,1.6089,0.4279
0.6569,0.0003,0.8819,0.9092,0.4279
1.2762,0.0004,0.6028,1.3272,0.4279
4.9862,0.0006,4.7583,1.4789,0.4156
1.1221,0.0003,0.9926,1.6762,0.4156
1.0957,0.0003,0.6037,0.9891,0.4156
4.7334,0.0004,4.5273,1.9590,0.4243
0.8042,0.0003,0.8721,1.2780,0.4243
1.5557,0.0004,0.6056,1.5514,0.4158
5.5714,0.0007,5.2396,1.4447,0.4136
0.7311,0.0005,0.9811,1.0519,0.4136
1.1816,0.0004,0.6455,1.3585,0.4264
4.2012,0.0003,4.0240,1.2095,0.4118
0.8630,0.0003,0.8086,0.8955,0.4118
0.7726,0.0010,0.7932,0.9112,0.4118
4.4668,0.0006,4.3362,1.5519,0.4086
1.0564,0.0005,0.9802,1.5564,0.4086
1.5157,0.0004,0.7672,1.2234,0.4086
5.7060,0.0005,5.8581,2.0749,0.4133
0.6795,0.0003,0.9457,1.1133,0.4133
1.1877,0.0003,0.5902,1.2469,0.4127
4.1741,0.0005,3.9311,1.3771,0.4126
0.9314,0.0003,0.8449,0.9193,0.4126
0.8275,0.0003,0.8721,0.9475,0.4126
4.6193,0.0008,4.3345,2.2941,0.4447
0.7314,0.0006,0.9828,1.0012,0.4447
1.0194,0.0004,0.6562,1.0433,0.4447
4.3875,0.0004,4.2359,1.4862,0.4152
0.7117,0.0003,0.8641,0.9225,0.4152
1.1006,0.0003,0.6404,0.9294,0.4146
4.8185,0.0007,4.5122,1.8790,0.4138
1.2665,0.0010,1.1612,1.3342,0.4138
0.8024,0.0007,1.2117,1.1008,0.4138
5.5819,0.0008,5.2668,1.7294,0.4126
1.1497,0.0007,1.1518,1.7252,0.4126
1.2691,0.0004,0.7143,1.2713,0.4126
5.7591,0.0005,5.4618,1.2749,0.3921
0.8459,0.0004,1.0778,1.3634,0.3921
1.2950,0.0005,0.6937,1.0516,0.3921
4.8300,0.0005,4.5300,1.8305,0.4076
1.0019,0.0004,1.0586,1.1458,0.4076
0.8603,0.0003,0.9882,0.9502,0.4076
4.6668,0.0008,4.5318,1.4188,0.3985
1.2684,0.0005,0.9814,1.6386,0.3985
1.1813,0.0005,0.8828,1.0970,0.3985
6.2760,0.0007,6.0696,1.6532,0.4200
0.8196,0.0004,1.1424,1.2879,0.4200
1.5380,0.0011,0.7092,1.4691,0.4234
5.6418,0.0008,5.3807,1.3891,0.4004
0.8491,0.0005,1.1823,1.2938,0.4004
1.3780,0.0003,0.8349,1.1801,0.4004
5.1242,0.0006,4.9512,2.3178,0.6272
0.8785,0.0007,1.1426,1.4640,0.6272
1.4739,0.0005,0.7704,1.4792,0.6272
5.7863,0.0005,5.4417,1.5535,0.3934
1.2782,0.0003,1.0886,1.8147,0.3934
1.2510,0.0004,0.8202,1.0580,0.3934
5.6787,0.0007,5.3344,1.8759,0.4317
1.1930,0.0006,1.2215,1.7988,0.4317
1.0436,0.0007,0.7573,1.0748,0.4317
4.9873,0.0007,4.6522,1.4228,0.4112
1.0285,0.0006,1.0786,1.1530,0.4112
1.1188,0.0005,0.9273,1.4962,0.4162
4.6596,0.0006,4.4146,1.4973,0.4141
1.0585,0.0007,1.0487,1.1207,0.4141
1.0830,0.0005,1.0666,0.9652,0.4141
4.9848,0.0008,4.8315,1.5545,0.4146
1.0766,0.0005,1.2129,1.2207,0.4146
0.9556,0.0004,0.9520,1.1467,0.4146
5.0845,0.0006,4.7383,1.9392,0.4173
0.7771,0.0003,1.0863,1.1063,0.4173
1.2879,0.0003,0.6737,1.5239,0.4173
5.0522,0.0005,4.6648,1.3721,0.4186
0.7561,0.0004,1.0601,1.3330,0.4186
1.3810,0.0006,0.6664,1.0594,0.4186
4.9280,0.0006,4.6417,1.7606,0.4265
0.7481,0.0004,1.0500,1.0677,0.4265
1.1443,0.0003,0.6766,1.2522,0.4265
4.7505,0.0004,4.4995,1.5483,0.4031
0.7572,0.0005,1.0442,1.3074,0.4031
1.2228,0.0003,0.6925,1.2188,0.4320
5.0186,0.0006,4.6954,1.4431,0.3997
1.0751,0.0007,1.0829,1.1327,0.3997
0.7271,0.0006,0.9474,0.9561,0.3997
4.6078,0.0007,4.3462,1.8943,0.4159
0.6739,0.0004,0.9231,1.0421,0.4159
0.9118,0.0003,0.6324,0.7781,0.4159
5.0436,0.0005,4.6539,2.1369,0.4407
0.8996,0.0003,1.0868,1.3530,0.4407
0.8271,0.0003,0.7851,0.8147,0.4407
4.7237,0.0004,4.5872,1.7689,0.4059
0.9659,0.0003,0.9991,1.0392,0.4059
0.8967,0.0004,0.9020,1.1029,0.4059
6.1780,0.0009,5.8684,1.5642,0.4011
1.0761,0.0004,1.2851,1.4231,0.4011
1.3610,0.0005,1.0385,1.7248,0.4011
5.0667,0.0007,4.8114,1.5885,0.4124
1.0559,0.0006,1.0993,1.6321,0.4124
1.5246,0.0005,0.7613,1.5311,0.4124
4.9799,0.0007,4.2975,1.3704,0.4069
0.9410,0.0007,1.4620,1.2034,0.4069
1.5284,0.0005,0.8094,1.8514,0.4444
4.6474,0.0006,4.4654,0.9140,0.4052
0.7237,0.0005,0.9461,1.0130,0.4052
1.3318,0.0003,0.7112,1.4662,0.4157
4.6632,0.0004,4.3972,1.0956,0.4320
0.9229,0.0003,0.9573,1.0293,0.4320
0.7969,0.0003,0.8533,1.0447,0.4320
5.0625,0.0005,4.6911,2.0396,0.4268
0.7803,0.0003,1.0746,1.0741,0.4268
1.0853,0.0003,0.6889,1.1443,0.4268
4.5156,0.0004,4.4093,1.9580,0.4094
0.7368,0.0003,0.9206,0.9998,0.4094
1.0621,0.0004,0.6978,0.9622,0.4094
4.9628,0.0007,4.6449,1.5648,0.3970
0.8276,0.0002,1.1914,1.3214,0.3970
1.1571,0.0005,0.7173,1.3238,0.3970
4.8186,0.0005,4.4980,1.2400,0.4037
0.7227,0.0006,0.9811,1.0455,0.4037
1.0434,0.0007,0.6628,0.9322,0.4037
5.6373,0.0007,5.4809,2.0042,0.4143
1.0798,0.0007,1.0678,1.1578,0.4143
1.2077,0.0004,1.0274,1.5764,0.4143
4.9481,0.0006,4.6971,2.1146,0.4112
1.0364,0.0007,1.0769,1.0208,0.4112
0.8660,0.0004,1.0188,0.9011,0.4045
5.4547,0.0005,5.2948,1.9516,0.4224
0.9585,0.0004,1.0094,1.1029,0.4224
0.8485,0.0003,0.8892,0.9493,0.4224
5.0021,0.0007,4.7485,2.2432,0.4226
1.0196,0.0006,1.1446,1.1523,0.4226
0.9198,0.0006,0.9908,0.8887,0.4358
4.6825,0.0006,4.5975,2.0497,0.4431
0.7888,0.0007,0.9932,1.1486,0.4431
1.1921,0.0004,0.7041,1.1131,0.4431
4.8543,0.0004,4.4061,1.8654,0.4232
1.0119,0.0005,1.3013,1.3780,0.4232
0.9604,0.0003,0.8154,0.9024,0.4232
4.7587,0.0005,4.5350,1.8124,0.4362
0.7919,0.0005,1.0218,1.0680,0.4362
0.9091,0.0003,0.7348,1.1095,0.4362
5.0539,0.0008,4.8458,1.4996,0.4252
0.9780,0.0005,1.0925,1.5293,0.4252
1.1397,0.0004,0.7141,1.1488,0.4252
5.0676,0.0007,4.6603,1.5028,0.4304
0.8098,0.0007,1.1332,1.2258,0.4304
0.9216,0.0004,0.6968,1.0169,0.4304
5.5070,0.0005,5.1949,1.3803,0.4139
1.3533,0.0003,1.0174,1.8123,0.4139
1.1253,0.0004,0.7517,0.9196,0.4139
4.8815,0.0009,4.6160,2.0146,0.3935
0.7493,0.0003,1.0515,1.1304,0.3935
1.6256,0.0005,0.6595,1.7093,0.4164
5.2227,0.0005,4.8664,0.8403,0.4019
1.1930,0.0004,1.0867,1.7684,0.4019
1.1018,0.0003,0.7138,1.1257,0.4019
5.5016,0.0008,5.0471,1.2029,0.4105
1.3879,0.0005,1.2143,1.8998,0.4105
1.0785,0.0006,0.8789,0.8907,0.4105
6.1937,0.0007,5.8643,1.4000,0.4110
0.9581,0.0006,1.3186,1.5620,0.4110
1.0858,0.0003,0.8632,1.1136,0.4110
4.9433,0.0007,4.5986,1.4970,0.4103
1.1464,0.0005,1.0895,1.6975,0.4103
1.2546,0.0003,0.7394,1.2804,0.4103
4.9819,0.0006,4.5859,1.2499,0.3974
1.0957,0.0004,1.1324,1.6417,0.3974
1.4922,0.0003,0.7768,1.4234,0.4076
4.8066,0.0007,4.6280,1.6228,0.4109
0.7605,0.0007,1.0243,1.1150,0.4109
0.9115,0.0003,0.6803,0.9803,0.4109
5.2492,0.0008,4.6843,2.0379,0.4280
0.8356,0.0005,1.2862,1.2215,0.4280
0.9825,0.0003,0.7331,1.1025,0.4280
4.8627,0.0007,4.5447,2.0883,0.4046
1.1907,0.0005,0.9763,1.7163,0.4046
1.5763,0.0004,0.6531,1.5188,0.4187
4.9626,0.0007,4.6429,1.0158,0.4104
1.0577,0.0004,1.0690,1.5862,0.4104
1.4028,0.0004,0.7305,1.4192,0.4299
4.8248,0.0005,4.6701,1.7068,0.4087
1.0732,0.0004,1.0984,1.6241,0.4087
1.5187,0.0004,0.6511,1.4715,0.4247
4.9023,0.0008,4.4996,1.4910,0.4138
1.3875,0.0007,1.2396,1.2753,0.4138
0.9611,0.0003,1.2799,1.4501,0.4535
4.9259,0.0007,4.8835,1.6304,0.3989
0.8179,0.0005,1.0336,1.3424,0.3989
1.3566,0.0004,0.7210,1.2225,0.3989
4.6935,0.0007,4.3817,2.0100,0.4121
1.1764,0.0003,1.0061,1.6929,0.4121
1.5712,0.0006,0.6388,1.5162,0.4121
5.2353,0.0007,4.8855,1.7201,0.4310
0.8204,0.0004,1.1577,1.2971,0.4310
1.4296,0.0003,0.6927,1.5608,0.4060
5.5389,0.0004,5.1712,0.9998,0.4086
1.1873,0.0003,1.0222,1.7106,0.4086
1.5289,0.0006,0.6917,1.5216,0.4259
5.1572,0.0008,4.7878,1.3860,0.4104
1.1207,0.0004,1.0820,1.6238,0.4104
0.9847,0.0004,0.7711,1.0666,0.4104
5.6597,0.0005,5.3091,1.2939,0.4392
1.3651,0.0003,1.0349,1.7866,0.4392
1.3778,0.0007,0.8021,1.4621,0.4207
5.2550,0.0009,4.9001,1.5553,0.4240
0.8323,0.0004,1.1910,1.2531,0.4240
0.8195,0.0004,0.7397,0.9864,0.4240
4.7334,0.0006,4.4396,1.7975,0.4146
1.0554,0.0005,1.0031,1.5474,0.4146
1.1491,0.0005,0.6817,0.8152,0.4146
4.8736,0.0011,4.4764,2.0685,0.4238
0.8991,0.0006,1.1771,1.2978,0.4238
1.3698,0.0006,0.7569,1.4296,0.4228
4.7973,0.0007,4.5387,1.6114,0.4118
1.0235,0.0007,1.0814,1.1065,0.4118
1.0870,0.0006,0.9154,1.5239,0.4301
5.6234,0.0007,5.2263,1.0567,0.4036
0.8865,0.0005,1.1104,1.4405,0.4036
1.1726,0.0004,0.7569,1.1834,0.4036
4.8239,0.0007,4.5299,1.2004,0.4104
1.2325,0.0004,1.0171,1.7340,0.4104
1.0265,0.0003,0.6442,0.9550,0.4104
5.5989,0.0007,5.2963,1.1170,0.4352
0.9191,0.0007,1.1926,1.1655,0.4352
1.4057,0.0004,0.9131,1.6640,0.4063
5.3245,0.0009,5.1783,0.9708,0.4552
1.3010,0.0006,1.1218,1.8758,0.4552
1.2490,0.0004,0.7467,1.2256,0.4226
5.3100,0.0008,5.1917,1.0899,0.4038
1.0547,0.0002,1.1142,1.5457,0.4038
1.2476,0.0003,0.7327,0.9747,0.4038
5.5418,0.0007,5.2007,2.0767,1.0355
1.2554,0.0004,1.0830,1.6794,1.0355
1.1354,0.0004,0.8570,1.0682,1.0355
4.6719,0.0010,4.4449,2.0019,0.4351
1.1663,0.0005,0.9509,1.6379,0.4351
1.2271,0.0005,0.7024,1.0036,0.4351
5.0144,0.0008,4.6692,1.7875,0.4267
0.7475,0.0003,1.0952,1.2243,0.4267
1.4563,0.0003,0.6677,1.4167,0.4338
4.5801,0.0004,4.4575,1.2256,0.4107
0.6628,0.0003,0.8632,0.9660,0.4107
1.1362,0.0003,0.7060,1.0004,0.4107
5.6134,0.0007,5.3585,1.6792,0.4190
0.8824,0.0007,1.0551,1.0352,0.4190
1.3550,0.0003,0.7937,1.6682,0.4190
5.4579,0.0007,5.2104,1.6069,0.4217
0.7355,0.0004,0.9757,1.0653,0.4217
1.3604,0.0003,0.6435,1.5615,0.4193
4.7380,0.0006,4.4474,1.3274,0.4027
1.0076,0.0006,1.0238,1.0727,0.4027
0.9068,0.0004,0.8668,1.0707,0.4027
5.3413,0.0005,5.1042,1.6722,0.4717
1.0548,0.0005,1.0963,1.1563,0.4717
1.0009,0.0003,1.0525,1.0047,0.4238
4.8653,0.0005,4.7954,1.4747,0.4279
0.7386,0.0004,1.0474,1.2303,0.4279
1.4177,0.0004,0.6251,1.3169,0.4279
6.1390,0.0007,5.6820,1.1471,0.4212
0.8298,0.0006,1.2644,1.1811,0.4212
0.7565,0.0004,0.6871,0.8985,0.4212
4.6328,0.0007,4.3232,1.5295,0.4114
0.7281,0.0005,0.9803,1.0351,0.4114
1.2395,0.0004,0.6555,1.0025,0.4114
5.0312,0.0009,4.7098,1.9556,0.4194
0.8965,0.0006,1.1481,1.2495,0.4194
1.1377,0.0004,0.7727,1.1791,0.4194
4.8484,0.0006,4.6039,2.1482,0.4140
1.1574,0.0005,1.1173,1.0779,0.4140
0.6748,0.0004,1.0263,1.1136,0.4140
5.0567,0.0007,4.7459,1.5238,0.4233
0.9395,0.0005,1.0500,1.4416,0.4233
1.5463,0.0004,0.7083,1.5188,0.4028
5.0803,0.0003,4.8052,1.5135,0.4121
0.7950,0.0004,1.0201,1.0782,0.4121
1.0612,0.0004,0.7068,1.0568,0.4121
5.5971,0.0007,5.5138,1.4950,0.4383
0.6926,0.0002,0.9252,0.9959,0.4383
0.8501,0.0003,0.6218,0.8861,0.4383
5.8085,0.0006,5.3294,1.5352,0.4409
0.7636,0.0008,1.1608,1.1077,0.4409
0.8887,0.0003,0.8439,0.8154,0.4367
4.2879,0.0004,4.1912,1.6013,0.4293
0.6723,0.0003,0.8465,0.9547,0.4293
1.0228,0.0003,0.6192,1.1777,0.4293
5.0695,0.0004,4.8442,1.1555,0.4364
0.6188,0.0003,0.7934,0.9162,0.4364
1.0460,0.0004,0.5769,0.8222,0.4364
4.4429,0.0004,4.0868,2.1704,0.4262
0.7030,0.0003,0.9813,1.0139,0.4262
1.1241,0.0003,0.6261,0.9728,0.4262
4.5147,0.0005,4.2979,1.6325,0.4197
0.6288,0.0003,0.8306,1.0142,0.4197
0.9624,0.0004,0.5660,0.8609,0.4197
4.5080,0.0008,4.1503,1.4105,0.4306
1.0468,0.0006,1.0964,1.0916,0.4306
0.9988,0.0005,0.9404,1.3607,0.4306
5.0252,0.0007,4.6639,1.4323,0.4285
0.8493,0.0006,1.1333,1.2226,0.4285
1.5577,0.0005,0.8012,1.7534,0.4178
5.5975,0.0012,5.3534,1.0359,0.4309
0.9809,0.0005,1.1421,1.3333,0.4309
1.0944,0.0004,0.9113,0.9781,0.4309
4.8328,0.0006,4.6325,2.2058,0.4155
0.9935,0.0007,1.0883,1.0829,0.4155
0.7954,0.0003,0.9125,0.9087,0.4155
4.6995,0.0005,4.5215,1.5689,0.4129
0.9490,0.0007,1.0127,1.1588,0.4129
0.7760,0.0004,0.8670,0.8443,0.4129
5.0893,0.0007,4.6389,1.6940,0.4419
0.8357,0.0005,1.1952,1.4715,0.4419
1.3306,0.0004,0.7303,1.1904,0.4419
5.6029,0.0008,5.4007,2.1559,0.3978
0.7564,0.0005,1.0217,1.0287,0.3978
1.1313,0.0004,0.6873,1.3811,0.4270
4.4803,0.0006,4.2004,1.1945,0.4163
0.9619,0.0005,0.9827,1.1492,0.4163
1.2124,0.0006,0.9495,1.4401,0.4163
4.9423,0.0007,4.7182,1.7975,0.4040
0.8222,0.0008,1.0463,1.1000,0.4040
0.9956,0.0006,0.7591,1.0181,0.4040
4.6361,0.0008,4.4000,2.1299,0.4019
0.6974,0.0003,0.9475,1.1667,0.4019
1.1382,0.0003,0.6317,0.9656,0.4162
4.8067,0.0007,4.5681,1.2929,0.4422
1.0126,0.0005,1.0416,1.1112,0.4422
0.8505,0.0004,0.9236,1.1833,0.4170
5.2604,0.0006,5.1433,1.0836,0.4424
0.6117,0.0004,0.8125,0.9542,0.4424
1.6089,0.0004,0.5725,1.5584,0.4190
4.2574,0.0005,3.9968,1.3488,0.4266
0.7462,0.0003,0.9722,1.2399,0.4266
1.2259,0.0003,0.6670,1.2420,0.4266
5.3927,0.0006,5.1827,1.5161,0.4460
0.8803,0.0005,0.8862,0.9558,0.4460
0.7930,0.0154,0.7965,0.8580,0.4159
4.3425,0.0010,4.1346,1.5054,0.4217
1.1455,0.0005,1.0934,1.1180,0.4217
1.0216,0.0004,1.0085,1.0629,0.4318
4.7982,0.0005,4.8381,1.2080,0.4370
0.6895,0.0003,0.9866,1.0770,0.4370
1.1785,0.0003,0.7233,0.9659,0.4370
5.1221,0.0005,5.2192,1.3536,0.4279
0.6592,0.0005,0.7969,0.9438,0.4279
0.9634,0.0005,0.5864,0.9445,0.4279
4.3023,0.0008,4.1289,1.2770,0.4375
0.7588,0.0004,0.9190,1.0476,0.4375
1.1947,0.0004,0.7027,1.3428,0.4375
5.2065,0.0004,4.9907,0.9249,0.4402
0.6255,0.0003,0.8172,0.9580,0.4402
1.5203,0.0003,0.6149,1.5710,0.4276
4.5644,0.0007,4.2984,1.2763,0.4193
0.9239,0.0004,0.9580,1.0320,0.4193
0.8437,0.0003,0.9774,0.8361,0.4193
4.7479,0.0009,4.5449,1.4289,0.4444
0.9438,0.0005,0.9903,1.0635,0.4444
0.8646,0.0004,0.8500,1.2578,0.4444
4.3016,0.0006,4.0544,1.2187,0.4203
1.0567,0.0006,0.9824,0.9993,0.4203
0.7404,0.0003,0.9067,0.9632,0.4203
4.7481,0.0008,4.4272,2.3155,0.4150
1.2202,0.0005,1.1068,1.6304,0.4150
1.4818,0.0006,0.9548,1.4605,0.4150
5.1169,0.0006,4.8994,1.6622,0.4123
1.3204,0.0003,1.0755,1.1449,0.4123
0.6971,0.0004,1.2989,1.1096,0.4370
4.6050,0.0006,4.3911,1.7484,0.4202
0.7060,0.0004,0.9322,1.1154,0.4202
1.1529,0.0004,0.6327,1.0182,0.4342
5.1303,0.0006,4.8719,1.6061,0.4551
0.8084,0.0005,1.1251,1.1681,0.4551
1.0929,0.0004,0.6806,1.2122,0.4551
4.7761,0.0005,4.4817,1.8663,0.4210
0.7478,0.0006,0.9996,1.0187,0.4210
0.9313,0.0004,0.6485,0.8882,0.4210
5.4765,0.0009,5.1692,2.0199,0.4092
1.1794,0.0005,1.1469,1.6487,0.4092
1.1015,0.0006,0.8470,1.1109,0.4092
6.6181,0.0016,6.2051,1.5227,0.4169
0.9689,0.0007,1.4191,1.4122,0.4169
1.3413,0.0004,0.8157,1.6545,0.4169
5.4023,0.0008,4.9758,2.0068,0.4119
1.3405,0.0007,1.2729,1.8646,0.4119
1.3296,0.0003,0.9346,1.3493,0.4119
6.1142,0.0008,5.8683,1.7276,0.4281
0.8747,0.0007,1.2800,1.4810,0.4281
0.9918,0.0006,0.7355,0.9643,0.4281
4.8283,0.0007,4.5157,1.7124,0.4148
1.1906,0.0007,1.0965,1.1656,0.4148
0.7236,0.0005,1.1160,1.1054,0.4148
4.9208,0.0007,4.6246,2.1325,0.4096
0.7774,0.0003,1.0665,1.0717,0.4096
0.7889,0.0004,0.6793,0.8979,0.4096
4.6467,0.0005,4.3712,1.3382,0.4273
0.7613,0.0004,0.9564,1.2106,0.4273
1.2625,0.0005,0.6452,1.1622,0.4273
5.1361,0.0008,4.8112,1.6022,0.4723
0.8097,0.0003,1.1694,1.3349,0.4723
1.1210,0.0004,0.7062,1.0353,0.4723
4.8369,0.0005,4.5636,1.7458,0.4252
0.7427,0.0005,0.9858,1.2157,0.4252
1.2299,0.0004,0.6725,1.1638,0.4231
4.8580,0.0007,4.5497,1.5593,0.4229
1.2098,0.0008,1.1045,1.2031,0.4229
0.7316,0.0002,1.1337,1.1445,0.4229
6.0125,0.0006,5.6886,1.9097,0.4178
1.2574,0.0006,1.1358,1.8484,0.4178
1.1365,0.0005,0.7307,0.8733,0.4178
5.7067,0.0008,5.4169,1.5603,0.4306
0.9695,0.0005,1.1927,1.4950,0.4306
1.9784,0.0007,0.8405,1.9223,0.4422
4.9121,0.0005,4.7959,1.3549,0.4241
0.7616,0.0005,1.0299,1.0468,0.4241
0.8917,0.0004,0.6722,0.9540,0.4241
4.5816,0.0007,4.2982,1.9166,0.4124
0.7112,0.0005,0.9605,1.1512,0.4124
1.4202,0.0005,0.6363,1.4186,0.4124
5.2654,0.0007,4.6286,0.9905,0.6823
0.8630,0.0005,1.4164,1.1998,0.6823
0.5422,0.0005,0.6720,0.8588,0.6823
5.3907,0.0006,5.0872,1.2015,0.4155
0.8085,0.0004,0.9254,1.2385,0.4155
1.3933,0.0005,0.6831,1.2483,0.4146
5.2240,0.0007,4.9429,1.3478,0.4206
0.8903,0.0008,1.2014,1.2444,0.4206
1.0326,0.0006,0.7407,1.2607,0.4206
4.7149,0.0007,4.4471,1.7309,0.4341
0.9943,0.0005,0.9891,1.0874,0.4341
1.1518,0.0004,0.9504,1.4907,0.4191
4.4882,0.0004,4.3472,1.4862,0.4235
0.9969,0.0003,0.9770,1.4499,0.4235
1.4285,0.0003,0.7521,1.4103,0.4235
4.8102,0.0004,4.5275,1.3371,0.4087
0.7560,0.0004,1.0476,1.0245,0.4087
1.3638,0.0003,0.6729,1.4573,0.4240
4.6321,0.0006,4.4948,1.3708,0.4457
0.7435,0.0004,0.9696,1.0515,0.4457
1.2233,0.0004,0.6839,1.0581,0.4457
5.7448,0.0008,5.3445,2.3657,0.4201
0.7685,0.0003,1.1451,1.4004,0.4201
1.5063,0.0002,0.7313,1.2189,0.4201
5.7175,0.0007,5.3917,1.6473,0.4062
1.0369,0.0005,1.1398,1.2179,0.4062
0.8505,0.0004,1.0024,1.0448,0.4062
4.9266,0.0007,4.7387,1.5012,0.4368
0.8087,0.0004,1.0642,1.1432,0.4368
1.3449,0.0003,0.7075,1.1834,0.4368
4.6897,0.0004,4.5573,2.0870,0.4307
0.6575,0.0004,0.9177,1.0197,0.4307
0.9370,0.0004,0.6099,1.0270,0.4307
4.7438,0.0005,4.3897,1.9409,0.4332
0.8213,0.0006,1.0668,1.0029,0.4332
1.1220,0.0004,0.8309,1.0553,0.4332
4.9390,0.0006,4.8180,2.6786,0.4406
0.7472,0.0005,1.0270,1.0472,0.4406
1.0362,0.0004,0.6874,1.1894,0.4406
4.8370,0.0004,4.4940,1.5366,0.4328
1.3069,0.0002,1.1011,1.8245,0.4328
1.1633,0.0003,0.7135,1.0510,0.4328
5.2176,0.0008,4.8876,2.2949,0.4286
1.1293,0.0005,1.1742,1.1095,0.4286
0.8282,0.0004,0.9584,1.3377,0.4245
5.6658,0.0006,5.3024,1.0355,0.4280
1.0236,0.0004,1.0575,1.5751,0.4280
1.7851,0.0006,0.7201,1.7348,0.4210
5.2164,0.0008,4.9429,1.5981,0.4256
0.8110,0.0003,1.1635,1.3114,0.4256
1.1950,0.0003,0.7116,1.0700,0.4256
5.1547,0.0005,4.8731,1.5405,0.4160
1.0896,0.0004,1.0621,1.5885,0.4160
1.5971,0.0005,0.7521,1.6188,0.4204
5.5052,0.0007,5.1081,1.5013,0.4202
1.5203,0.0006,1.1809,2.0280,0.4202
1.3335,0.0004,0.8656,1.4830,0.4291
5.0309,0.0009,4.6882,1.9126,0.4267
1.1857,0.0007,1.1439,1.7754,0.4267
1.4438,0.0004,0.8549,1.0727,0.4267
6.1357,0.0006,5.8255,1.6026,0.4347
1.3136,0.0004,1.1717,1.8545,0.4347
1.1141,0.0005,0.8464,1.0348,0.4347
5.0166,0.0008,4.6976,2.0967,0.4136
1.3048,0.0008,1.0877,1.7894,0.4136
1.5396,0.0007,0.8528,1.4542,0.4179
5.3495,0.0008,5.3657,1.3132,0.4247
0.8660,0.0007,1.0997,1.2525,0.4247
1.2329,0.0008,0.7915,1.3693,0.4247
5.0735,0.0009,4.8777,1.6386,0.4073
0.8449,0.0004,1.1531,1.2609,0.4073
1.4539,0.0005,0.7025,1.5775,0.4251
5.3537,0.0008,5.0213,1.4667,0.4120
1.1845,0.0005,1.0713,1.7248,0.4120
1.4284,0.0005,0.6808,1.4180,0.4120
5.1378,0.0010,4.7490,1.4257,0.4310
0.8290,0.0005,1.1997,1.2708,0.4310
1.1103,0.0006,0.7659,0.9802,0.4310
4.7348,0.0009,4.5434,1.5336,0.4255
0.6998,0.0003,0.9826,1.0901,0.4255
1.7645,0.0004,0.6517,1.7961,0.4361
5.3690,0.0007,4.8908,0.9359,0.4223
0.8911,0.0007,1.2938,1.4853,0.4223
1.1021,0.0006,0.7654,1.1811,0.4223
5.6615,0.0006,5.3215,1.3175,0.4105
1.2602,0.0004,1.0482,1.7873,0.4105
1.3573,0.0004,0.7909,1.3128,0.4105
5.1554,0.0007,4.8722,1.2149,0.4516
1.2888,0.0004,1.2073,1.9158,0.4516
1.3354,0.0005,0.7020,1.0515,0.4516
4.8397,0.0007,4.6482,1.6064,0.4322
1.1250,0.0004,1.0927,1.1053,0.4322
1.0149,0.0004,1.0613,1.4601,0.4160
4.9753,0.0008,4.6142,1.2019,0.4166
0.8693,0.0005,1.1885,1.4498,0.4166
1.6662,0.0006,0.7409,1.4694,0.4166
4.8146,0.0009,4.5536,1.6385,0.4120
1.0800,0.0004,1.0885,1.1071,0.4120
0.9409,0.0004,0.9754,1.3980,0.4217
5.6192,0.0008,5.2272,1.5089,0.4210
0.8151,0.0004,1.1357,1.3531,0.4210
1.5839,0.0007,0.7391,1.5236,0.4210
5.7149,0.0006,5.3873,2.0234,0.4216
1.2883,0.0006,1.1830,1.8772,0.4216
1.0374,0.0007,0.7007,0.9081,0.4216
4.7001,0.0010,4.4388,2.2584,0.4330
1.2546,0.0004,0.9680,1.3331,0.4330
0.8095,0.0003,1.2263,0.8866,0.4330
4.9890,0.0008,4.6474,2.1253,0.4449
1.0604,0.0006,1.0943,1.1871,0.4449
0.7790,0.0005,0.9412,1.0606,0.4449
4.6640,0.0008,4.3626,2.0952,0.4188
0.9853,0.0003,0.9940,1.1050,0.4188
0.8996,0.0003,0.9300,1.1381,0.4188
5.0609,0.0009,4.7113,1.6520,0.4304
0.9587,0.0006,1.2623,1.5221,0.4304
1.6688,0.0005,0.7952,1.6687,0.4480
5.6401,0.0005,5.2999,1.2681,0.4261
0.8289,0.0004,1.1374,1.3434,0.4261
1.6945,0.0004,0.7356,1.7000,0.4211
4.8839,0.0007,4.5201,1.1348,0.4194
1.1857,0.0003,1.2609,1.7033,0.4194
1.5625,0.0004,0.8901,1.5478,0.4194
5.2096,0.0005,5.0033,1.3585,0.4244
1.1858,0.0003,1.0612,1.6432,0.4244
1.5049,0.0003,0.7214,1.5419,0.4229
4.8218,0.0005,4.4917,1.2507,0.4066
1.0928,0.0007,1.0944,1.6224,0.4066
1.2384,0.0005,0.8425,1.2490,0.4066
5.0625,0.0007,4.7454,1.8767,0.4454
1.1851,0.0005,1.1204,1.7459,0.4454
0.9781,0.0004,0.7102,0.9227,0.4454
4.8902,0.0004,4.5442,1.3304,0.4258
0.8357,0.0003,1.1022,1.1573,0.4258
1.4813,0.0004,0.6963,1.5530,0.4222
6.0027,0.0007,5.7396,0.8043,1.0519
1.3233,0.0004,1.0883,1.8236,1.0519
1.3048,0.0003,0.7561,1.1040,0.4346
4.6962,0.0005,4.5261,1.5385,0.4231
1.2339,0.0003,0.9955,1.6522,0.4231
1.0353,0.0003,0.7931,1.1606,0.4231
6.0654,0.0009,5.7577,2.0833,0.4437
0.9242,0.0005,1.1578,1.5496,0.4437
1.2841,0.0004,0.7046,1.1585,0.4437
4.5766,0.0005,4.3723,1.5656,0.3956
1.2214,0.0003,0.8346,1.6238,0.3956
1.0276,0.0155,0.6210,0.8660,0.4348
4.5254,0.0005,4.3652,1.9768,0.4275
1.3151,0.0004,0.9666,1.5463,0.4275
0.8780,0.0004,1.0138,0.9464,0.4275
5.5525,0.0008,5.4031,1.5058,0.4309
0.9387,0.0008,1.0668,1.3605,0.4309
1.2554,0.0004,0.8058,1.0962,0.4309
5.6395,0.0007,5.5110,2.0023,0.4252
1.0085,0.0007,1.0875,1.4597,0.4252
1.8724,0.0006,0.8192,1.8469,0.4483
4.7680,0.0007,4.9082,1.4416,0.4201
0.6890,0.0003,0.9355,1.0786,0.4201
1.2326,0.0003,0.6450,1.2199,0.4201
5.1699,0.0007,4.8622,1.9564,0.4236
0.9803,0.0006,1.0249,1.1053,0.4236
0.7619,0.0004,0.9271,1.0292,0.4236
4.8962,0.0008,4.5232,2.1276,0.4724
0.9838,0.0005,1.1187,1.5034,0.4724
1.4504,0.0005,0.8443,1.1522,0.4724
4.7649,0.0006,4.5890,1.9213,0.4160
0.7915,0.0004,0.9996,1.1338,0.4160
0.9320,0.0003,0.7027,0.7822,0.4160
4.8275,0.0008,4.7660,1.9574,0.4247
0.8433,0.0004,1.1076,1.1905,0.4247
1.3192,0.0003,0.6907,1.5110,0.4247
5.8204,0.0007,5.3828,1.5695,0.4258
0.9316,0.0004,1.1449,1.3109,0.4258
1.1929,0.0005,0.8206,1.1485,0.4258
5.5959,0.0007,5.0501,1.2869,0.4242
0.9788,0.0007,1.7158,1.2869,0.4242
1.0135,0.0004,0.8720,1.3681,0.4522
4.5644,0.0006,4.5026,1.3926,0.4481
0.6126,0.0003,0.7977,0.9823,0.4481
1.0567,0.0002,0.5815,0.8597,0.4481
4.1726,0.0004,4.0574,1.4459,0.4326
0.6090,0.0003,0.7320,0.8614,0.4326
0.9987,0.0003,0.5745,0.9571,0.4326
4.6162,0.0007,4.1634,1.2128,0.6693
0.7553,0.0005,1.1231,1.2003,0.6693
1.1725,0.0003,0.6471,1.0573,0.4279
4.3992,0.0004,4.3798,1.4535,0.4261
0.8241,0.0005,0.8011,0.9074,0.4261
1.2254,0.0003,0.7924,1.5125,0.4319
4.2038,0.0004,3.9867,1.0999,0.4191
1.0000,0.0003,0.8199,0.8944,0.4191
1.2863,0.0004,1.1215,0.9693,0.4507
6.0080,0.0005,6.1204,1.5875,0.4575
0.7661,0.0004,1.0860,1.0613,0.4575
1.1638,0.0003,0.6834,1.0363,0.4575
4.1781,0.0006,4.1247,1.5496,0.4298
0.7811,0.0003,0.8260,1.0572,0.4298
1.0242,0.0003,0.7521,0.7959,0.4298
4.7629,0.0007,4.5248,1.6979,0.4320
0.9624,0.0202,1.0395,1.0880,0.4320
0.8616,0.0006,0.9792,0.9159,0.4320
5.2464,0.0005,5.1348,1.6879,0.4457
0.8426,0.0004,0.7472,0.8361,0.4457
0.8966,0.0003,0.9333,0.8202,0.4336
4.0122,0.0004,4.0704,1.0938,0.4412
0.6528,0.0003,0.7580,0.9201,0.4412
1.6446,0.0002,0.6884,1.5561,0.4525
5.0217,0.0005,4.8827,1.6892,0.4142
0.9185,0.0004,0.9718,1.0410,0.4142
0.8921,0.0004,0.8269,1.1922,0.4142
4.3305,0.0005,4.1641,1.3249,0.4112
1.1576,0.0003,0.8391,1.3533,0.4112
0.8942,0.0004,1.1349,1.0993,0.4112
4.8705,0.0007,4.4625,1.2884,0.4447
0.7612,0.0004,1.1206,1.1053,0.4447
1.0421,0.0004,0.6936,0.9979,0.4337
4.4384,0.0005,4.3586,1.4367,0.4218
1.2454,0.0004,0.8493,1.5486,0.4218
1.3334,0.0004,0.7763,1.3605,0.4359
4.4837,0.0004,4.3095,0.8469,0.5283
0.9821,0.0004,1.0342,0.9955,0.5283
0.7202,0.0004,0.8534,0.8881,0.5283
4.3969,0.0006,4.2694,1.4854,0.4403
0.6153,0.0005,0.7767,0.8498,0.4403
1.0220,0.0005,0.5707,0.9313,0.4403
3.8762,0.0004,3.7487,1.4271,0.4372
0.5903,0.0003,0.7070,0.8544,0.4372
1.0902,0.0005,0.5628,0.9425,0.4372
4.1068,0.0007,3.8799,1.5060,0.4404
0.9779,0.0003,1.0118,1.0360,0.4404
0.9632,0.0003,0.8230,1.1341,0.4404
4.4953,0.0004,4.3653,1.8371,0.4459
0.6555,0.0003,0.8462,0.9131,0.4459
0.7345,0.0003,0.6173,0.7849,0.4459
4.3030,0.0004,4.0696,1.3629,0.4238
0.8727,0.0003,0.8601,0.9332,0.4238
0.8272,0.0002,0.7987,0.9078,0.4238
4.5664,0.0005,4.5231,1.2614,0.4502
0.9559,0.0004,0.9691,1.0866,0.4502
0.5820,0.0003,0.8812,0.7951,0.4502
4.2442,0.0003,4.0318,1.6461,0.4225
0.9224,0.0003,0.8606,0.9442,0.4225
0.5752,0.0004,0.8516,0.8408,0.4225
4.5287,0.0006,4.2639,1.4359,0.4315
0.7130,0.0005,0.8953,0.9308,0.4315
0.8582,0.0003,0.7222,0.9770,0.4315
4.7805,0.0008,4.3599,1.3186,0.4277
0.7535,0.0004,1.1034,1.0664,0.4277
0.7400,0.0004,0.6570,1.0047,0.4277
4.0369,0.0003,3.8743,1.2613,0.4611
0.5924,0.0003,0.7349,0.8466,0.4611
0.9042,0.0003,0.5627,0.9833,0.4611
3.9136,0.0003,3.7839,1.0231,0.4026
0.6082,0.0003,0.7227,0.8579,0.4026
0.9015,0.0003,0.5618,0.9614,0.4026
4.1919,0.0004,3.9692,1.2019,0.4705
0.9102,0.0004,0.8478,0.9285,0.4705
0.5886,0.0003,0.8691,0.7149,0.4278
3.9503,0.0005,3.7917,1.3326,0.4156
0.7018,0.0003,0.7745,1.0936,0.4156
1.0122,0.0003,0.6557,0.9168,0.4156
4.1024,0.0003,3.9885,1.2131,0.4332
0.7943,0.0004,0.7162,0.9636,0.4332
0.7116,0.0003,0.7389,0.7434,0.4332
4.4775,0.0005,4.1557,1.4244,0.4305
0.6847,0.0003,0.9632,0.9530,0.4305
1.1248,0.0003,0.6131,1.3104,0.4379
4.3819,0.0005,4.1264,1.3222,0.4255
0.7316,0.0004,0.8937,1.2028,0.4255
1.1541,0.0003,0.6464,0.8867,0.4255
5.5025,0.0008,5.1613,1.5705,0.4313
0.8827,0.0005,1.1844,1.3916,0.4313
1.2530,0.0004,0.7329,1.1259,0.4313
5.5959,0.0004,5.4807,1.8149,0.4289
0.9064,0.0007,1.0154,1.2660,0.4289
1.1459,0.0003,0.8194,1.1987,0.4289
4.7437,0.0004,4.5986,1.0715,0.4212
1.0500,0.0004,1.0290,1.1319,0.4212
1.3884,0.0003,1.0731,0.9474,0.4497
5.4113,0.0006,5.6728,1.6771,0.4270
0.7547,0.0003,1.1132,1.2442,0.4270
1.2235,0.0003,0.6508,1.3460,0.4270
4.6959,0.0007,4.3827,1.1453,0.4266
0.7112,0.0002,0.9652,1.0780,0.4266
1.0451,0.0004,0.7241,1.0046,0.4266
5.7234,0.0007,5.4686,1.9823,0.6859
1.2375,0.0007,1.2482,1.3182,0.6859
1.0610,0.0007,1.1230,1.2348,0.6859
5.1499,0.0007,4.9493,2.3787,0.4241
1.0252,0.0004,1.1702,1.1735,0.4241
0.9263,0.0009,1.0264,1.0441,0.4241
6.3428,0.0007,6.0346,1.5299,0.4053
0.8694,0.0005,1.1922,1.2836,0.4053
1.3556,0.0005,0.7521,1.2764,0.4053
5.2486,0.0005,4.9364,2.1393,0.4056
0.7970,0.0004,1.0565,1.2007,0.4056
1.0345,0.0004,0.6871,1.1619,0.4056
4.7360,0.0007,4.3423,1.3041,0.4319
1.5657,0.0007,1.0924,0.9148,0.4319
0.7834,0.0005,1.5547,0.9148,0.4319
4.8837,0.0006,4.6638,1.2049,0.4308
0.7658,0.0005,0.9822,1.0341,0.4308
0.8695,0.0006,0.7225,0.9435,0.4308
4.7198,0.0005,4.5142,1.2816,0.4207
0.7372,0.0003,0.9703,1.0425,0.4207
0.9138,0.0004,0.6574,0.9247,0.4207
5.4786,0.0008,5.0624,2.2692,0.4360
1.1555,0.0008,1.1658,1.7617,0.4360
1.1184,0.0004,0.8559,1.1039,0.4360
4.7280,0.0006,4.7181,1.6640,0.4246
0.7274,0.0005,0.9471,0.9919,0.4246
1.0842,0.0004,0.6827,1.3143,0.4246
6.0879,0.0008,5.8413,1.6136,0.4139
0.8090,0.0003,1.0617,1.3701,0.4139
1.6003,0.0003,0.6660,1.5839,0.4139
4.6908,0.0004,4.3729,1.3398,0.4346
0.8439,0.0004,1.0018,1.1556,0.4346
0.8547,0.0003,0.7344,0.9604,0.4346
4.7793,0.0008,4.4169,1.8211,0.4205
0.9320,0.0009,1.1210,1.2653,0.4205
1.2004,0.0004,0.7943,1.0877,0.4205
4.7993,0.0008,4.5664,1.8977,0.4328
0.7625,0.0005,1.0013,1.0626,0.4328
0.8736,0.0004,0.6569,1.0294,0.4328
4.6857,0.0006,4.4265,1.1813,0.4264
0.7635,0.0006,0.9894,1.0570,0.4264
1.2521,0.0006,0.6614,1.2127,0.4264
5.0843,0.0009,4.6783,1.7533,0.4475
0.8106,0.0005,1.1609,1.2240,0.4475
1.3368,0.0005,0.7047,1.4037,0.4475
5.7807,0.0007,5.5619,1.3065,0.4153
1.1278,0.0004,1.0362,1.5871,0.4153
1.3717,0.0005,0.7817,1.4242,0.4153
5.8711,0.0005,5.5112,1.3256,0.4354
1.4211,0.0004,1.1470,1.9026,0.4354
1.2807,0.0005,0.8665,1.3842,0.4468
4.9075,0.0006,4.6581,1.2317,0.4136
0.7516,0.0005,1.0057,1.0444,0.4136
1.1613,0.0004,0.7070,1.0427,0.4136
4.8895,0.0006,4.4750,1.7913,0.4430
0.9171,0.0003,1.1135,1.4395,0.4430
1.4671,0.0003,0.7246,1.4944,0.4367
4.7911,0.0006,4.5103,1.4614,0.4299
0.7561,0.0003,0.9821,0.9907,0.4299
0.9746,0.0005,0.6911,0.9322,0.4299
4.5904,0.0006,4.3224,1.6739,0.4028
0.7378,0.0006,0.9918,1.0438,0.4028
0.9206,0.0004,0.6907,0.9426,0.4028
6.2141,0.0005,5.9772,1.5945,0.4432
1.0570,0.0005,1.1346,1.1468,0.4432
0.8189,0.0003,0.9839,0.8971,0.4197
5.6539,0.0006,5.4634,1.5018,0.4278
1.0594,0.0003,1.0394,1.5695,0.4278
1.2617,0.0004,0.6643,0.9729,0.4278
6.1713,0.0007,5.7669,1.6455,1.0398
0.7965,0.0005,1.2179,1.1949,1.0398
1.0777,0.0005,0.6668,1.2847,1.0398
4.7887,0.0006,4.4808,1.3583,0.4400
0.9625,0.0005,1.0271,1.0587,0.4400
0.8993,0.0003,0.9015,1.1216,0.4400
5.6683,0.0006,5.4986,1.2364,0.4155
0.9915,0.0004,1.1716,1.5961,0.4155
1.1738,0.0005,0.7331,1.1958,0.4155
4.8297,0.0007,4.5296,1.2858,0.4474
0.7613,0.0008,0.9987,1.0208,0.4474
0.9481,0.0003,0.6430,0.8868,0.4474
5.3280,0.0007,5.1265,1.7003,0.4266
1.3950,0.0008,1.1498,1.1146,0.4266
1.1494,0.0004,1.1939,1.2332,0.4699
5.5607,0.0005,5.6300,1.2177,0.4328
0.8198,0.0006,1.1429,1.1982,0.4328
0.9509,0.0003,0.7157,0.9374,0.4328
4.7595,0.0010,4.4846,1.7765,0.4441
0.7915,0.0006,1.0367,1.0251,0.4441
1.3134,0.0006,0.7146,1.3608,0.4332
6.4819,0.0008,6.0559,1.5609,0.4580
0.8914,0.0004,1.4683,1.4057,0.4580
0.8333,0.0003,0.7476,1.1370,0.4580
5.0969,0.0007,4.7212,1.4712,0.4333
0.8456,0.0005,1.1363,1.2791,0.4333
0.8626,0.0003,0.7100,0.9138,0.4333
4.9214,0.0006,4.5738,1.3607,0.4412
0.8181,0.0004,1.1050,1.1842,0.4412
0.9232,0.0005,0.7479,1.1271,0.4412
4.8840,0.0005,4.7206,1.8510,0.4180
0.7125,0.0004,1.0455,1.1811,0.4180
1.0511,0.0006,0.6508,1.0150,0.4180
4.8504,0.0007,4.7477,2.0666,0.4308
1.0259,0.0006,1.1577,1.4516,0.4308
1.2175,0.0007,0.9241,1.2189,0.4308
5.0907,0.0007,4.8084,2.1487,0.4192
1.3453,0.0007,1.1497,1.7102,0.4192
1.4760,0.0005,0.8985,1.6008,0.4247
4.6616,0.0005,4.4669,1.4840,0.4219
0.8221,0.0004,1.0093,1.3224,0.4219
1.7222,0.0004,0.6867,1.6570,0.4219
5.0867,0.0007,4.7783,1.8167,0.4188
1.2873,0.0005,1.1168,1.7906,0.4188
1.7185,0.0005,0.7937,1.6288,0.4295
5.5615,0.0008,5.4714,1.4229,0.4201
1.2795,0.0003,1.0744,1.8470,0.4201
1.2779,0.0003,0.7003,1.2781,0.4201
5.1587,0.0006,4.8185,1.9080,0.4488
1.1380,0.0004,1.0910,1.6679,0.4488
1.2021,0.0005,0.7462,1.1047,0.4488
4.8096,0.0007,4.6845,1.9148,0.4346
1.1807,0.0005,1.0361,1.6384,0.4346
1.2794,0.0003,0.8171,1.3718,0.4346
5.1036,0.0007,4.7296,1.3303,0.4280
0.9901,0.0006,1.1937,1.4778,0.4280
0.9601,0.0004,0.8256,1.0868,0.4280
5.7066,0.0006,5.5160,1.0727,0.4226
0.7015,0.0003,1.0240,1.1365,0.4226
0.9360,0.0004,0.6032,0.7915,0.4226
5.8423,0.0007,5.3811,1.3979,0.4220
1.1897,0.0007,1.2627,1.7190,0.4220
1.6120,0.0006,0.9290,1.7123,0.4522
4.9524,0.0006,4.8279,1.3626,0.4389
1.1473,0.0004,1.0159,1.6926,0.4389
1.1379,0.0003,0.6439,1.1703,0.4410
4.8602,0.0007,4.4395,1.0211,0.4164
1.2827,0.0006,1.1471,1.4264,0.4164
1.3213,0.0004,1.2047,1.1837,0.4164
4.9690,0.0012,5.1456,1.8805,0.4312
0.8064,0.0006,1.1033,1.1479,0.4312
1.5069,0.0003,0.6659,1.6859,0.4246
5.6679,0.0005,5.2619,0.9446,0.4254
1.1753,0.0005,1.1194,1.7610,0.4254
1.4679,0.0009,0.7579,1.1456,0.4516
5.8733,0.0006,5.7677,2.0930,0.4325
1.2292,0.0006,1.1161,1.7914,0.4325
1.0202,0.0004,0.6984,1.0457,0.4325
4.8835,0.0009,4.5519,0.9212,0.4201
1.0727,0.0009,1.0742,1.1775,0.4201
0.7023,0.0006,0.9912,1.0202,0.4201
5.0069,0.0007,4.6168,1.9730,0.4612
1.2940,0.0005,1.0723,1.8376,0.4612
1.0635,0.0003,0.6644,1.0555,0.4612
5.8470,0.0007,5.5236,1.2416,0.4382
1.0216,0.0004,1.1063,1.3606,0.4382
1.3009,0.0003,0.9037,1.5019,0.4526
5.2774,0.0007,5.0658,1.0393,0.7836
0.8512,0.0007,1.1997,1.2900,0.7836
1.4504,0.0005,0.7173,1.5032,0.4371
5.5339,0.0008,5.3397,0.7647,0.4290
1.0523,0.0004,1.2410,1.1817,0.4290
0.8940,0.0004,0.9717,1.0774,0.4290
6.4101,0.0009,6.0354,1.6350,0.4361
0.7961,0.0007,1.2663,1.2740,0.4361
1.0769,0.0006,0.7093,0.9654,0.4361
5.8100,0.0009,5.4416,1.5437,0.4305
1.2101,0.0005,1.1811,1.7861,0.4305
1.3248,0.0003,0.7624,1.0689,0.4305
5.1711,0.0007,4.8129,1.7541,0.4464
1.3314,0.0004,1.1461,1.9223,0.4464
1.1814,0.0005,0.7408,1.1326,0.4464
4.8680,0.0007,4.5742,1.6974,0.4298
1.0156,0.0006,1.1123,1.5080,0.4298
1.5810,0.0005,0.7625,1.6195,0.4388
5.0038,0.0007,4.5850,0.8283,0.4249
0.8805,0.0005,1.1728,1.4718,0.4249
1.7200,0.0006,0.7839,1.6242,0.4402
5.8024,0.0009,5.3846,0.9340,0.4300
1.1070,0.0005,1.2633,1.8516,0.4300
1.4484,0.0005,0.6866,1.0530,0.4300
4.9392,0.0008,4.6502,2.2987,0.4338
0.7558,0.0005,1.0594,1.1802,0.4338
1.4394,0.0004,0.6654,1.1145,0.4338
4.9159,0.0007,4.6293,2.4211,0.4345
1.1457,0.0005,1.0659,1.6580,0.4345
1.5739,0.0007,0.6598,1.5189,0.4217
4.8683,0.0006,4.6157,1.2969,0.4283
0.7449,0.0003,1.0285,1.0570,0.4283
0.9537,0.0004,0.6508,1.1755,0.4283
4.9661,0.0006,4.5626,1.6734,0.4413
1.0370,0.0004,1.1430,1.1064,0.4413
0.8315,0.0003,0.9597,0.9605,0.4413
4.6086,0.0004,4.4434,1.7200,0.4255
0.7200,0.0004,0.9354,1.0110,0.4255
1.4829,0.0003,0.6980,1.5731,0.4348
5.5333,0.0007,5.1446,0.8998,0.4194
0.8812,0.0006,1.2170,1.2774,0.4194
0.9046,0.0004,0.7609,0.9895,0.4194
4.6983,0.0006,4.6336,1.3095,0.4307
0.7137,0.0005,0.9192,1.0700,0.4307
1.0028,0.0003,0.7008,0.9155,0.4307
4.5951,0.0006,4.3680,1.6710,0.4288
0.7039,0.0003,0.9400,1.0580,0.4288
1.6299,0.0008,0.6524,1.7332,0.4294
5.0089,0.0008,4.6354,1.4960,0.4503
0.8614,0.0007,1.1239,1.2024,0.4503
1.1763,0.0005,0.7735,1.3508,0.4503
4.8852,0.0009,4.6588,1.6010,0.4238
0.7277,0.0003,1.0463,1.2805,0.4238
1.0661,0.0003,0.6528,0.9334,0.4238
5.3577,0.0009,4.5820,1.7425,0.4299
1.3287,0.0006,1.6166,0.8608,0.4299
0.7291,0.0005,1.1433,0.8608,0.4524
4.7272,0.0006,4.4962,1.6046,0.4430
0.7292,0.0005,0.9661,1.0388,0.4430
1.0843,0.0004,0.6487,1.1474,0.4430
6.0670,0.0008,5.2505,1.1423,0.4494
1.0012,0.0005,1.6253,1.1423,0.4494
0.6191,0.0005,0.7981,0.9883,0.4494
5.2728,0.0005,4.9187,0.9007,0.4376
0.7657,0.0003,1.0630,1.1864,0.4376
1.1583,0.0003,0.6858,1.2193,0.4376
4.5315,0.0004,4.3247,1.1445,0.4136
0.6978,0.0003,0.8777,1.0385,0.4136
1.1412,0.0003,0.6474,1.2039,0.4136
5.4525,0.0006,4.9758,1.3423,0.4568
0.7611,0.0008,1.1540,1.1498,0.4568
0.9330,0.0004,0.6593,0.9169,0.4568
5.0282,0.0004,5.0968,1.3382,0.4436
0.6744,0.0003,0.8252,0.8726,0.4436
1.0735,0.0004,0.5990,0.9263,0.4436
4.4995,0.0006,4.2205,1.5721,0.4313
0.7085,0.0003,0.9370,1.1725,0.4313
1.4890,0.0003,0.6688,1.5027,0.4643
4.3856,0.0005,4.2116,1.2760,0.4295
0.6434,0.0004,0.8054,0.9167,0.4295
1.1753,0.0005,0.6741,1.2705,0.4338
4.1182,0.0003,4.0852,1.5199,0.4291
0.7191,0.0003,0.8118,0.8600,0.4291
1.4903,0.0004,0.6348,1.5925,0.4350
5.3841,0.0007,5.0601,1.2526,0.4473
0.9380,0.0326,1.1064,1.1892,0.4473
0.8863,0.0002,0.8807,1.1759,0.4473
4.2877,0.0004,4.1189,1.6892,0.4252
0.8018,0.0005,0.7996,0.8665,0.4252
1.2874,0.0004,0.7535,1.5636,0.4439
4.5245,0.0008,4.3317,1.2058,0.4153
0.7888,0.0007,1.0194,1.2881,0.4153
1.5991,0.0003,0.6929,1.6080,0.4153
4.4732,0.0004,4.2544,1.5532,0.4455
0.6522,0.0003,0.8474,0.9276,0.4455
1.0473,0.0003,0.5998,1.1855,0.4447
5.1100,0.0004,4.8991,1.5750,0.4297
0.6866,0.0003,0.8687,0.9051,0.4297
0.9796,0.0002,0.6585,1.0446,0.4297
4.6122,0.0007,4.2571,1.7817,0.4482
0.7284,0.0004,0.9741,1.2271,0.4482
1.0048,0.0003,0.6471,1.0297,0.4482
4.3656,0.0005,4.1392,1.4426,0.4378
0.8610,0.0004,0.8335,0.9250,0.4378
0.8818,0.0003,0.8448,1.0677,0.4378
5.0598,0.0007,5.0289,2.0223,0.4260
1.1399,0.0004,1.0112,1.4985,0.4260
1.3140,0.0003,0.9610,1.4087,0.4260
5.3214,0.0005,5.3798,1.1146,0.4274
0.6781,0.0003,0.8441,0.9113,0.4274
1.0350,0.0003,0.5894,0.8955,0.4274
5.4518,0.0004,5.2688,1.5440,0.4783
0.7393,0.0002,0.9287,1.0507,0.4783
1.1307,0.0002,0.6387,1.3236,0.4310
4.7441,0.0006,4.3655,1.0071,0.4540
0.7188,0.0004,1.0446,1.0806,0.4540
0.8670,0.0003,0.6996,1.0538,0.4540
4.4426,0.0004,4.3370,1.1828,0.4636
0.7175,0.0004,0.8995,0.9369,0.4636
0.8034,0.0004,0.6071,0.9040,0.4636
4.4686,0.0004,4.1569,1.7652,0.4618
0.7737,0.0003,0.9743,1.0686,0.4618
0.8516,0.0003,0.7332,1.0438,0.4618
4.3491,0.0006,4.1544,1.2208,0.4330
0.8740,0.0004,0.8378,0.9044,0.4330
0.9588,0.0004,0.8182,1.0325,0.4330
4.3938,0.0007,4.1849,1.9881,0.4307
1.0713,0.0004,0.9189,1.5427,0.4307
1.1466,0.0004,0.6400,0.9128,0.4307
4.7304,0.0005,4.4015,2.0409,0.6375
0.9668,0.0003,1.0245,1.3181,0.6375
0.7081,0.0003,0.8797,0.9724,0.6375
4.5292,0.0006,4.2125,1.4527,0.4536
0.8359,0.0005,0.9888,1.3073,0.4536
1.2433,0.0005,0.6468,1.2498,0.4349
4.4100,0.0004,4.2388,1.5058,0.4403
0.8516,0.0002,0.8215,0.9642,0.4403
0.7281,0.0003,0.7885,0.9825,0.4403
4.4720,0.0005,4.2328,1.4736,0.4449
0.6608,0.0003,0.9118,0.9335,0.4449
0.8460,0.0003,0.6163,0.9178,0.4449
4.4062,0.0003,4.2039,1.4152,0.4384
0.6985,0.0004,0.8669,0.9636,0.4384
0.9764,0.0003,0.6078,0.8133,0.4272
4.2406,0.0006,4.1454,1.3249,0.4232
0.8676,0.0006,0.9549,1.1107,0.4232
0.9475,0.0002,0.7721,1.0894,0.4232
5.7612,0.0009,5.6112,1.1856,0.4485
0.9701,0.0006,1.0282,1.1298,0.4485
0.8273,0.0004,0.8634,0.9472,0.4485
5.2533,0.0005,5.1406,1.3156,0.4349
0.5990,0.0003,0.7913,0.9260,0.4349
1.0780,0.0003,0.5941,0.9865,0.4349
5.0838,0.0007,4.4516,1.3689,0.4603
0.9589,0.0007,1.5271,1.1521,0.4603
1.1577,0.0006,0.7310,1.4631,0.4516
5.1878,0.0006,5.0406,0.9746,0.4277
1.0369,0.0004,0.8847,1.3860,0.4277
0.9424,0.0003,0.6964,1.0255,0.4277
4.4966,0.0006,4.1133,1.5131,0.4273
0.8492,0.0005,1.0397,1.3815,0.4273
1.3090,0.0006,0.6714,0.9205,0.4273
4.8379,0.0006,4.5502,1.8535,0.4284
0.9739,0.0003,1.0747,1.3382,0.4284
1.0462,0.0002,0.8496,1.1102,0.4284
4.5217,0.0005,4.3154,1.4073,0.4418
0.6503,0.0004,0.8750,1.0107,0.4418
0.9153,0.0004,0.5933,0.7451,0.4418
4.8908,0.0007,4.5656,2.7609,1.1267
0.7381,0.0004,1.0014,0.9514,1.1267
0.6485,0.0003,0.6534,0.8092,1.1267
4.1815,0.0004,3.9915,1.3876,0.4472
0.6932,0.0002,0.8506,0.9258,0.4472
0.9973,0.0003,0.6824,0.9134,0.4289
5.1987,0.0007,4.9500,1.4228,0.4275
0.8352,0.0003,1.0570,1.2012,0.4275
1.4218,0.0003,0.7497,1.5432,0.4570
4.5518,0.0004,4.3578,1.5165,0.4208
0.6985,0.0004,0.8629,0.8993,0.4208
0.9612,0.0003,0.6323,0.8978,0.4208
4.2086,0.0004,4.0161,1.6023,0.4573
0.6837,0.0003,0.8605,1.0588,0.4573
0.9052,0.0003,0.5931,0.7841,0.4573
4.7275,0.0007,4.3326,1.4431,0.6796
0.8103,0.0004,1.0788,1.1433,0.6796
1.1631,0.0003,0.7151,1.3850,0.4540
5.2133,0.0004,5.0159,1.0707,0.4588
0.6264,0.0003,0.8056,0.9315,0.4588
1.0718,0.0003,0.5794,0.8798,0.4588
5.4532,0.0009,5.0678,1.5238,0.4429
0.8405,0.0003,1.0807,1.3030,0.4429
1.5591,0.0004,0.7252,1.6201,0.4645
4.4815,0.0004,4.3312,1.1620,0.4343
0.8059,0.0003,0.7981,0.8806,0.4343
0.8836,0.0002,0.7994,1.1469,0.4343
4.1666,0.0005,4.0681,1.1716,0.4325
1.0666,0.0004,0.7913,0.9492,0.4325
0.6535,0.0004,1.0457,0.8696,0.4325
5.5267,0.0008,5.1542,1.6183,0.4499
0.9806,0.0003,1.0750,1.5558,0.4499
1.1553,0.0003,0.6255,1.0809,0.4499
4.2913,0.0006,4.0825,1.9342,0.4354
0.6228,0.0003,0.8025,0.8804,0.4354
0.8688,0.0003,0.6452,0.8391,0.4354
4.3334,0.0004,4.2842,1.6562,0.4391
1.1168,0.0005,0.9553,0.9735,0.4391
0.8303,0.0003,1.1166,1.0223,0.4391
4.6447,0.0006,4.4883,1.6983,0.4410
0.6912,0.0004,0.8957,0.9861,0.4410
1.0513,0.0004,0.6268,1.2500,0.4410
4.2139,0.0004,3.9920,1.0448,0.4465
0.6138,0.0003,0.7724,0.9693,0.4465
0.9883,0.0003,0.5842,0.9880,0.4465
5.4936,0.0006,5.1893,1.2155,0.4523
0.7814,0.0005,0.9301,1.2549,0.4523
1.2530,0.0003,0.6299,0.9695,0.4396
4.3618,0.0007,4.2267,1.8155,0.4457
0.6928,0.0005,0.9176,0.9525,0.4457
0.6310,0.0003,0.6132,0.8128,0.4457
4.3644,0.0009,4.1212,1.2360,0.4500
0.6360,0.0003,0.8429,0.9579,0.4500
0.8798,0.0003,0.5878,0.8462,0.4500
4.8878,0.0007,4.4835,1.4985,0.4658
0.9919,0.0006,1.1091,1.1461,0.4658
0.6397,0.0003,0.9021,0.8440,0.4658
4.2323,0.0007,4.0726,1.4249,0.4337
0.7531,0.0004,0.7966,0.9454,0.4337
0.7738,0.0003,0.7413,0.9351,0.4337
4.2830,0.0004,4.0716,1.3949,0.4308
0.6822,0.0003,0.8262,0.8943,0.4308
1.1822,0.0004,0.6341,0.9996,0.4308
4.5040,0.0005,4.3005,1.5729,0.4455
0.7024,0.0003,0.9041,0.9286,0.4455
1.1536,0.0003,0.6002,1.0199,0.4322
5.1993,0.0004,5.0440,1.4902,0.4423
0.6520,0.0003,0.8897,1.0579,0.4423
0.8847,0.0003,0.6038,0.7618,0.4423
4.7622,0.0007,4.3628,1.4178,0.4526
0.9818,0.0004,1.0632,1.0933,0.4526
0.9008,0.0003,0.9532,0.9017,0.4392
4.3662,0.0005,4.3882,1.2333,0.4422
0.6313,0.0006,0.8297,1.0322,0.4422
0.9671,0.0003,0.6020,0.9517,0.4422
4.3840,0.0004,4.2219,1.3266,0.4204
0.6620,0.0003,0.8251,0.8776,0.4204
1.1065,0.0003,0.6511,0.9095,0.4204
4.6574,0.0006,4.4704,1.9854,0.4869
0.7329,0.0004,0.9866,1.0589,0.4869
0.8339,0.0004,0.6228,0.7808,0.4869
4.3845,0.0004,4.1517,1.6941,0.4224
0.7039,0.0005,0.8719,1.0886,0.4224
1.1796,0.0004,0.6314,1.2118,0.4470
4.7921,0.0005,4.4564,1.6291,0.4270
0.7817,0.0003,0.9845,1.1468,0.4270
1.5315,0.0004,0.6811,1.6142,0.4700
4.4673,0.0005,4.3332,1.2695,0.4472
0.7641,0.0004,0.9135,0.9501,0.4472
0.9856,0.0004,0.6535,0.9273,0.4472
5.2979,0.0005,5.2759,1.4709,0.4358
0.8256,0.0004,0.8616,1.1365,0.4358
0.9945,0.0003,0.8049,1.0868,0.4358
4.8202,0.0006,4.4925,1.3594,0.4848
0.7549,0.0006,1.0113,1.2572,0.4848
0.8946,0.0004,0.7021,0.8218,0.4848
4.4423,0.0004,4.3201,1.6663,0.4460
0.7043,0.0004,0.8874,0.9610,0.4460
1.1898,0.0003,0.6043,1.1199,0.4460
5.3458,0.0007,5.0029,2.1530,0.4458
0.8152,0.0005,1.0762,1.2216,0.4458
1.1727,0.0003,0.7069,1.3166,0.4329
5.3891,0.0004,5.1561,1.0037,0.4584
0.7130,0.0003,0.8548,0.9347,0.4584
0.8655,0.0004,0.6729,0.8300,0.4584
4.2125,0.0004,4.1072,1.3819,0.4320
0.6371,0.0003,0.8214,0.9262,0.4320
1.1784,0.0003,0.5915,0.8622,0.4596
4.7458,0.0007,4.5026,1.6668,1.1215
0.7770,0.0005,1.0624,1.1371,1.1215
1.0369,0.0003,0.8029,0.9818,1.1215
4.4742,0.0007,4.4567,1.4614,0.4267
0.8694,0.0005,0.8685,0.9352,0.4267
0.8361,0.0004,0.8182,1.0225,0.4267
5.4465,0.0006,5.4015,1.2124,0.4545
1.3866,0.0008,1.0105,1.1047,0.4545
0.7451,0.0005,1.3355,1.2068,0.4545
4.4910,0.0007,4.4033,2.3323,0.4299
0.6273,0.0003,0.7827,0.9450,0.4299
1.0703,0.0003,0.5953,0.8855,0.4299
4.1783,0.0005,3.9950,1.4823,0.4394
0.6758,0.0004,0.8270,0.9302,0.4394
0.8409,0.0003,0.6321,0.9739,0.4394
4.3904,0.0006,4.0553,1.5763,1.0470
0.7338,0.0005,0.9933,1.2609,1.0470
1.2075,0.0003,0.6666,0.9682,1.0470
5.2248,0.0007,5.0462,1.4487,0.4632
0.6572,0.0005,0.8099,0.8868,0.4632
0.7593,0.0003,0.5838,0.9148,0.4632
4.0670,0.0004,3.8426,1.0256,0.4454
0.7691,0.0003,0.8206,1.0924,0.4454
1.2406,0.0006,0.7724,0.9956,0.4549
4.8418,0.0006,5.0583,1.5367,0.4664
0.7299,0.0004,1.0114,1.0228,0.4664
0.9585,0.0006,0.6236,1.1951,0.4664
4.3205,0.0004,4.1299,1.3932,0.4253
0.6258,0.0003,0.7881,0.9776,0.4253
1.2392,0.0004,0.5585,1.2588,0.4391
4.7806,0.0009,4.3383,1.4286,0.4326
0.8893,0.0006,1.1999,1.2622,0.4326
1.0493,0.0006,0.7272,0.9077,0.4326
4.5145,0.0005,4.5223,2.0456,0.4552
0.6757,0.0005,0.8461,0.9045,0.4552
1.0833,0.0002,0.6947,1.1861,0.4552
4.3275,0.0006,4.1557,1.7328,0.4597
0.7003,0.0004,0.9144,0.9596,0.4597
1.0923,0.0003,0.6054,0.9714,0.4217
4.8552,0.0005,4.6882,1.3043,0.6693
0.9605,0.0004,1.0221,1.0923,0.6693
0.6989,0.0003,0.8610,0.9701,0.6693
4.2722,0.0005,4.1777,1.5225,0.4602
0.6056,0.0004,0.7559,0.8747,0.4602
0.9363,0.0003,0.5523,0.8318,0.4602
4.3306,0.0004,4.1349,1.2994,0.4551
0.6440,0.0004,0.8112,0.9804,0.4551
1.4887,0.0008,0.6208,1.4769,0.4551
4.8935,0.0008,4.5610,1.0297,0.4245
0.7600,0.0005,1.0729,1.1187,0.4245
1.0011,0.0003,0.6873,0.9796,0.4245
4.3275,0.0005,4.2940,1.4576,0.4324
0.8167,0.0004,0.8720,1.2595,0.4324
1.6388,0.0005,0.6113,1.6105,0.4310
4.7462,0.0005,4.3158,1.2913,0.4507
0.7231,0.0004,1.0757,1.1298,0.4507
1.3480,0.0004,0.6538,1.5766,0.4242
4.3298,0.0003,4.1316,0.9154,0.4503
0.6328,0.0003,0.8211,0.9642,0.4503
1.0291,0.0004,0.5962,1.0863,0.4503
4.4401,0.0004,4.1869,1.6140,0.4332
0.6979,0.0004,0.8725,0.9318,0.4332
0.8183,0.0003,0.6235,0.9817,0.4332
4.6172,0.0010,4.2848,1.6166,0.4455
0.7317,0.0006,0.9892,1.0049,0.4455
1.0108,0.0003,0.6857,0.8703,0.4455
5.3503,0.0004,5.3063,1.7172,0.4479
0.8969,0.0003,0.9004,0.9572,0.4479
0.8052,0.0005,0.8389,0.9617,0.4479
4.3245,0.0008,4.0788,1.6158,0.4287
0.7346,0.0004,0.9325,1.0300,0.4287
1.0247,0.0003,0.6955,1.1917,0.4287
4.3924,0.0007,4.2124,1.7550,0.4217
0.7010,0.0003,0.8179,0.8884,0.4217
1.5473,0.0004,0.6553,1.7137,0.4531
4.3462,0.0005,4.1687,1.1884,0.4239
0.6212,0.0003,0.7920,0.8879,0.4239
0.9957,0.0003,0.5841,0.9699,0.4239
4.5616,0.0006,4.2541,1.3685,1.1189
0.9448,0.0004,0.9734,1.0275,1.1189
1.3652,0.0003,0.8482,1.6010,0.4384
5.1330,0.0006,4.9969,0.7891,0.4292
0.6609,0.0003,0.9067,1.0789,0.4292
1.1706,0.0004,0.6437,1.1943,0.4397
5.7719,0.0007,5.2768,1.0885,0.4099
0.7907,0.0004,1.2485,1.0446,0.4099
0.6990,0.0002,0.6202,0.8088,0.4099
4.4586,0.0005,4.2378,1.5374,0.4363
0.6459,0.0003,0.8271,0.9594,0.4363
1.1145,0.0004,0.6009,1.1815,0.4358
4.2518,0.0004,4.0587,1.3829,0.4305
0.6467,0.0003,0.8060,0.9190,0.4305
0.9949,0.0003,0.5959,0.9260,0.4305
4.6288,0.0009,4.2903,1.4151,1.0675
0.7132,0.0003,0.9833,1.2148,1.0675
1.3117,0.0004,0.6275,1.2729,0.4282
4.5332,0.0005,4.5480,1.0749,0.4467
0.9410,0.0004,0.8832,0.9419,0.4467
0.6496,0.0005,0.9212,0.8463,0.4467
5.1088,0.0004,4.9453,1.3099,0.4435
0.7728,0.0004,0.8509,1.1099,0.4435
1.4642,0.0005,0.7055,1.1675,0.4435
4.7720,0.0005,4.6497,1.7599,0.4404
0.8819,0.0003,0.9352,0.9400,0.4404
0.7198,0.0003,0.7952,0.8525,0.4404
4.3658,0.0005,4.1137,1.5828,0.4229
0.8488,0.0004,0.8843,0.8504,0.4229
0.9230,0.0003,0.8724,1.0341,0.4277
4.4039,0.0006,4.3533,1.2953,0.4559
0.9228,0.0006,0.9535,1.0373,0.4559
0.5638,0.0003,0.8378,0.8740,0.4559
4.3608,0.0005,4.1294,1.7087,0.4531
0.6592,0.0003,0.8559,1.0021,0.4531
0.7924,0.0003,0.5731,0.8462,0.4531
4.1031,0.0005,3.8923,1.2939,0.4185
1.0372,0.0003,0.8234,0.8953,0.4185
0.7403,0.0003,1.1036,0.8721,0.4308
5.8200,0.0007,5.4958,0.9764,0.4469
0.9179,0.0004,1.0403,1.4608,0.4469
1.4802,0.0005,0.6539,1.4883,0.4427
4.4350,0.0005,4.2107,1.3444,0.4237
0.9842,0.0004,0.8889,0.9623,0.4237
0.7152,0.0003,0.9260,0.8792,0.4237
4.4956,0.0006,4.1879,1.6957,0.4450
1.1402,0.0008,1.0194,1.0219,0.4450
1.1527,0.0004,1.0351,1.3743,0.4626
4.5346,0.0004,4.8636,1.2177,0.4362
0.7372,0.0003,0.8469,1.1634,0.4362
1.2891,0.0004,0.6023,0.8680,0.4223
5.2230,0.0004,5.2381,1.5088,0.4345
0.6884,0.0003,0.8579,0.9374,0.4345
0.9565,0.0003,0.6637,1.0247,0.4345
4.9937,0.0006,4.8115,1.7958,0.4812
0.7080,0.0003,1.0210,1.0641,0.4812
0.8337,0.0003,0.6030,0.9045,0.4812
4.1652,0.0005,3.9592,1.7331,0.4394
0.6235,0.0003,0.7759,0.9149,0.4394
1.2146,0.0003,0.5834,1.3001,0.4394
4.3487,0.0010,3.9836,1.6947,0.4184
1.0489,0.0007,1.0429,1.5519,0.4184
1.3571,0.0005,0.8736,1.4128,0.4184
4.7126,0.0008,4.5015,1.5347,0.4434
0.7745,0.0007,0.9534,0.9809,0.4434
1.0630,0.0005,0.7154,1.1000,0.4434
4.7266,0.0007,4.4855,1.6179,0.4340
0.7268,0.0004,0.9284,0.9515,0.4340
0.9883,0.0004,0.6934,1.0723,0.4340
4.9213,0.0008,4.7600,1.6270,0.4564
0.9335,0.0004,1.1688,1.4373,0.4564
1.2970,0.0003,0.8064,1.3711,0.4564
4.4123,0.0004,4.2211,1.2923,0.4141
0.6176,0.0003,0.7946,0.9535,0.4141
1.0581,0.0003,0.5894,1.0345,0.4141
4.5420,0.0008,4.2247,1.3473,0.6934
0.9309,0.0007,1.0144,1.4059,0.6934
1.1704,0.0006,0.7527,1.1358,0.6934
4.4326,0.0007,4.3206,1.2472,0.4391
0.8491,0.0003,0.8023,0.9320,0.4391
1.2426,0.0003,0.8534,1.4763,0.4354
4.1162,0.0004,4.0623,0.7892,0.4331
0.7405,0.0003,0.8201,1.0876,0.4331
1.1192,0.0004,0.6058,1.1146,0.4150
4.6837,0.0005,4.3267,0.9133,0.6412
0.9249,0.0002,0.9915,1.1307,0.6412
0.8928,0.0003,0.8851,1.0346,0.6412
4.3783,0.0007,4.1969,1.4188,0.4408
0.8722,0.0005,0.8150,0.8983,0.4408
0.7647,0.0002,0.8308,1.0447,0.4408
5.3813,0.0004,5.1078,1.3576,0.4358
0.8715,0.0004,1.0082,0.9681,0.4358
0.9630,0.0003,0.7425,1.0607,0.4358
4.3536,0.0004,4.1855,1.8060,0.4354
0.6798,0.0003,0.8350,0.9306,0.4354
0.9943,0.0003,0.6348,0.8512,0.4154
4.3642,0.0006,4.2557,1.3883,0.4375
0.7839,0.0004,0.8363,1.1489,0.4375
1.1360,0.0003,0.6499,0.9149,0.4375
6.1146,0.0008,5.6825,1.4342,0.4298
0.7643,0.0005,1.1519,1.1305,0.4298
1.0010,0.0004,0.6745,1.2784,0.4527
4.3950,0.0005,4.1063,1.0120,0.4442
0.6966,0.0004,0.8949,0.9319,0.4442
1.0357,0.0003,0.6872,0.9186,0.4366
4.3570,0.0006,4.2910,1.3721,0.4317
0.8763,0.0003,0.8444,0.9353,0.4317
0.8201,0.0004,0.8342,0.9427,0.4317
4.7224,0.0007,4.3626,1.7984,0.4504
0.8153,0.0007,1.0884,1.0541,0.4504
0.8507,0.0003,0.6636,0.9019,0.4504
4.4753,0.0004,4.2942,1.5375,0.4349
0.6461,0.0003,0.8327,0.9535,0.4349
1.0722,0.0005,0.6060,0.9179,0.4244
5.5913,0.0008,5.3983,1.2063,0.4546
0.8615,0.0005,1.0297,1.3884,0.4546
1.0094,0.0003,0.6511,0.9001,0.4546
5.5235,0.0005,5.1919,1.3837,0.4288
0.7364,0.0003,1.0404,1.1356,0.4288
0.9477,0.0004,0.6579,0.9608,0.4288
4.2741,0.0004,4.2193,1.4384,0.4323
1.0987,0.0003,0.8132,1.4857,0.4323
1.3330,0.0003,0.7565,1.2825,0.4323
5.8893,0.0006,5.6032,1.1978,0.4924
0.8693,0.0003,1.0305,1.2905,0.4924
0.9872,0.0003,0.7662,0.9837,0.4924
5.1799,0.0004,4.9669,1.7700,0.4417
0.9011,0.0003,0.9577,0.9971,0.4417
0.6430,0.0003,0.7945,1.0015,0.4417
4.4950,0.0005,4.1933,1.1911,0.4291
0.9889,0.0006,0.9617,1.0213,0.4291
0.9541,0.0006,1.0237,1.0989,0.4427
4.6410,0.0005,4.6531,1.5252,0.4446
0.8980,0.0004,0.8750,0.9323,0.4446
0.5746,0.0003,0.8505,0.8990,0.4446
4.8577,0.0004,4.6225,1.0811,0.4540
0.6082,0.0003,0.8218,0.9288,0.4540
1.2427,0.0005,0.6691,1.0000,0.4540
5.6952,0.0005,5.7187,1.7275,0.4569
0.9483,0.0006,1.0353,1.0430,0.4569
0.9904,0.0003,0.8786,1.0046,0.4344
4.5602,0.0005,4.6255,2.0449,0.4316
0.7920,0.0004,0.9601,1.2750,0.4316
1.2211,0.0003,0.6435,0.9787,0.4316
6.0644,0.0007,5.6583,1.5638,1.0458
1.3956,0.0004,1.1725,1.9527,1.0458
1.2439,0.0004,0.7671,1.2694,1.0458
4.9332,0.0005,4.6168,1.1363,0.4292
1.0406,0.0005,1.1144,1.2128,0.4292
1.0905,0.0005,0.9385,1.3790,0.4292
5.2640,0.0009,4.9066,1.8561,0.6422
0.8790,0.0005,1.2292,1.5154,0.6422
1.1622,0.0003,0.7478,0.9979,0.6422
4.9593,0.0009,4.5701,1.6743,0.4258
1.1333,0.0003,1.1521,1.7235,0.4258
1.5735,0.0007,0.7605,1.0933,0.4258
5.8542,0.0008,5.5801,2.2776,0.4297
1.0579,0.0008,1.3028,1.6970,0.4297
1.5094,0.0005,0.8986,1.5251,0.4297
5.0534,0.0008,4.8709,1.9259,0.4365
0.8305,0.0007,1.0776,1.1294,0.4365
1.2047,0.0006,0.7245,1.2149,0.4365
4.9013,0.0010,4.5462,2.1739,0.4438
1.2154,0.0007,1.1561,1.7237,0.4438
1.5111,0.0006,0.8736,1.5348,0.4438
5.1445,0.0008,4.8523,1.8038,0.4232
1.0795,0.0006,1.1440,1.6234,0.4232
1.4074,0.0007,0.7693,1.3985,0.4232
5.0718,0.0006,4.7629,1.5055,0.4225
1.1757,0.0007,1.1333,1.4915,0.4225
1.5502,0.0005,1.1025,1.4415,0.4414
5.1280,0.0006,5.6088,1.2936,0.4202
0.8124,0.0005,1.0940,1.2962,0.4202
1.3210,0.0003,0.7073,1.4256,0.4202
4.7160,0.0006,4.4194,1.7013,0.4331
0.7971,0.0004,1.0236,1.2124,0.4331
1.4855,0.0004,0.7023,1.4927,0.4459
5.2340,0.0007,4.8678,1.5192,0.4460
0.8120,0.0003,1.1497,1.1680,0.4460
0.9295,0.0003,0.6802,0.9874,0.4460
4.9050,0.0006,4.5500,2.2805,0.4502
0.7900,0.0003,1.0361,1.2876,0.4502
1.1391,0.0003,0.7016,1.0337,0.4502
4.9692,0.0008,4.5592,1.8973,0.4174
0.9086,0.0006,1.1385,1.4644,0.4174
1.2774,0.0007,0.7487,1.0390,0.4174
5.0948,0.0006,4.8477,1.9151,0.4320
0.7234,0.0004,1.0249,1.2840,0.4320
1.2834,0.0004,0.6509,1.1735,0.4320
4.9192,0.0005,4.5412,1.5004,0.4344
1.0142,0.0005,1.0670,1.5773,0.4344
1.4568,0.0003,0.7376,1.2426,0.4344
4.9887,0.0008,4.9831,1.7476,0.4492
0.7890,0.0005,1.0594,1.2742,0.4492
1.1877,0.0005,0.7175,1.0026,0.4492
4.7466,0.0006,4.4756,1.9876,0.4379
0.7258,0.0004,0.9657,1.2236,0.4379
1.1861,0.0004,0.6316,0.9595,0.4379
5.5969,0.0008,5.1393,1.7709,0.4780
1.2386,0.0005,1.3056,1.8093,0.4780
1.5494,0.0005,0.8757,1.5380,0.4401
4.8952,0.0006,4.6902,1.3110,0.4198
0.9347,0.0003,1.0148,1.4694,0.4198
1.2003,0.0004,0.6726,1.2109,0.4308
5.0050,0.0006,4.6111,1.0466,0.4191
0.8074,0.0006,1.0919,1.1549,0.4191
1.0938,0.0004,0.6799,1.2206,0.4191
5.1955,0.0007,4.8171,1.4446,0.4292
0.9583,0.0004,1.0797,1.5036,0.4292
1.4670,0.0003,0.7056,1.4652,0.4292
4.7638,0.0004,4.4407,1.5646,0.4375
1.3602,0.0003,1.0379,1.8555,0.4375
1.4842,0.0004,0.8774,1.4596,0.4375
5.0053,0.0006,4.8068,1.5404,0.4371
0.7965,0.0004,1.0835,1.2609,0.4371
1.4249,0.0004,0.7157,1.5147,0.4371
4.6932,0.0006,4.4356,1.8472,0.4256
0.7021,0.0003,0.9286,1.1619,0.4256
1.4308,0.0003,0.6514,1.4111,0.4256
5.5578,0.0007,5.1776,1.1091,0.4430
0.8156,0.0005,1.1132,1.2797,0.4430
1.0077,0.0003,0.6959,1.1272,0.4430
4.8053,0.0007,4.4519,1.2150,0.4425
0.7264,0.0004,1.0137,1.0604,0.4425
0.7376,0.0003,0.6391,0.8222,0.4425
4.7553,0.0006,4.3977,1.2781,0.4382
0.8285,0.0005,1.0073,1.3458,0.4382
1.1064,0.0004,0.6585,0.8771,0.4382
4.6803,0.0006,4.3823,1.7944,0.4458
0.7533,0.0004,0.9598,1.1680,0.4458
1.3491,0.0005,0.6975,1.3438,0.4408
4.9289,0.0008,4.5718,1.2670,0.4415
0.7378,0.0003,1.0813,1.3028,0.4415
1.3342,0.0004,0.6511,1.3252,0.4192
5.0330,0.0007,4.6374,1.1967,0.4469
0.7929,0.0007,1.0782,1.2866,0.4469
1.1796,0.0003,0.6820,0.9989,0.4469
5.0474,0.0006,4.7291,2.0662,0.4376
0.8212,0.0005,1.1343,1.2040,0.4376
1.1903,0.0004,0.8114,1.1932,0.4376
6.7411,0.0008,6.3203,1.5697,0.7921
0.8827,0.0006,1.2027,1.2944,0.7921
1.4139,0.0004,0.7600,1.5751,0.7921
4.9912,0.0003,4.7146,1.2521,0.4316
1.2818,0.0003,1.0500,1.7817,0.4316
1.1006,0.0003,0.7245,1.1044,0.4316
4.9818,0.0008,4.6060,1.7185,1.1493
1.2621,0.0005,1.1118,1.8159,1.1493
1.1473,0.0004,0.7089,0.9896,1.1493
4.9041,0.0005,4.6202,2.2421,0.4325
0.9362,0.0003,1.0600,1.4985,0.4325
1.5826,0.0004,0.7017,1.5429,0.4314
5.1055,0.0006,4.7655,1.3104,0.4259
0.8380,0.0004,1.1395,1.2848,0.4259
1.5572,0.0005,0.7382,1.6572,0.4526
5.0455,0.0006,4.7040,1.1647,0.4311
18.1236,0.0008,17.7423,1.3197,0.4242
1.2616,0.0006,1.3574,1.9348,0.4242
5.2048,0.0008,5.0373,1.5986,0.4435
1.2662,0.0005,1.1077,1.7233,0.4435
1.4386,0.0004,0.8819,1.1428,0.4435
5.0450,0.0007,4.9179,1.5893,0.4488
0.8213,0.0004,1.1385,1.0983,0.4488
1.2544,0.0004,0.7079,1.4782,0.4346
4.6409,0.0004,4.4403,1.8558,0.4175
0.8336,0.0002,0.9561,1.3124,0.4175
1.2667,0.0004,0.6605,1.1505,0.4175
5.3582,0.0008,4.9051,2.1131,0.7038
0.8658,0.0004,1.2301,1.2174,0.7038
0.8689,0.0004,0.7124,1.1764,0.7038
4.7120,0.0009,4.3949,1.6487,0.4299
0.9583,0.0003,0.9630,1.4537,0.4299
1.4254,0.0004,0.6617,1.4240,0.4299
5.5560,0.0007,4.9509,1.5584,0.4486
0.8720,0.0006,1.3634,1.2737,0.4486
0.8273,0.0005,0.7465,0.7988,0.4486
4.8557,0.0007,4.5242,2.2733,0.4289
0.7741,0.0005,1.0529,1.2536,0.4289
1.2663,0.0004,0.6718,1.3290,0.4435
5.0327,0.0006,4.5819,1.3407,0.4342
1.0536,0.0004,1.1904,1.3236,0.4342
1.7057,0.0004,1.0061,1.5215,0.4478
5.5263,0.0006,5.7663,1.1715,0.4277
0.8228,0.0004,1.1253,1.2111,0.4277
0.9745,0.0004,0.6700,0.9680,0.4277
4.9052,0.0007,4.5102,1.7280,0.4220
0.7467,0.0003,1.0829,1.1353,0.4220
1.3244,0.0003,0.6727,1.1534,0.4220
4.9725,0.0007,4.5747,1.8397,0.4311
0.7765,0.0003,1.1170,1.4242,0.4311
1.7124,0.0004,0.6777,1.6406,0.4233
4.8202,0.0005,4.4927,1.3457,0.4339
0.8508,0.0003,1.0553,1.4374,0.4339
1.5130,0.0006,0.6626,1.5000,0.4336
6.2647,0.0007,5.7493,1.2548,1.0394
1.1017,0.0006,1.2258,1.7804,1.0394
1.7035,0.0005,0.7134,1.6880,0.4480
4.9665,0.0008,4.6161,1.0579,0.4313
0.7943,0.0005,1.0814,1.1954,0.4313
0.9437,0.0004,0.6722,1.1084,0.4313
6.0033,0.0007,5.5616,1.3990,0.4378
0.7725,0.0005,1.1313,1.3484,0.4378
1.2488,0.0003,0.6799,1.2946,0.4378
4.9133,0.0007,4.5227,1.5000,0.4263
0.8829,0.0007,1.1354,1.4509,0.4263
1.0719,0.0004,0.7008,1.0793,0.4263
4.7068,0.0010,4.4437,1.3371,0.4291
1.2537,0.0008,0.9890,1.7178,0.4291
1.3510,0.0006,0.7409,1.3628,0.4291
5.0459,0.0008,4.7918,1.6181,0.4403
1.1461,0.0002,1.0344,1.7345,0.4403
1.2494,0.0005,0.6953,1.2650,0.4403
4.8939,0.0006,4.5739,1.8227,0.4122
0.7915,0.0004,1.0623,1.3178,0.4122
1.4032,0.0007,0.6916,1.1793,0.4122
4.8788,0.0007,4.5412,2.4529,0.4304
0.8495,0.0004,1.0760,1.3673,0.4304
1.5372,0.0005,0.6917,1.4540,0.4363
4.9141,0.0007,4.6556,1.2356,0.4286
1.1833,0.0005,1.0245,1.7143,0.4286
1.1883,0.0006,0.6891,0.9737,0.4286
5.0802,0.0009,4.7505,2.0527,0.4523
1.3261,0.0003,1.0674,1.8826,0.4523
1.3786,0.0004,0.7425,1.3708,0.4523
4.9145,0.0007,4.5432,1.4147,0.4274
0.8733,0.0005,1.1050,1.4026,0.4274
1.2859,0.0004,0.7570,1.3390,0.4274
4.8892,0.0006,4.4716,1.6924,0.4149
1.2896,0.0005,1.1893,1.8596,0.4149
1.4913,0.0003,0.7415,1.5330,0.4394
5.0395,0.0008,4.7152,1.4823,0.4552
1.2131,0.0003,1.0655,1.7608,0.4552
1.5492,0.0005,0.7417,1.5511,0.4301
4.8774,0.0008,4.6535,1.2953,0.4308
1.3468,0.0005,1.1500,1.8638,0.4308
1.4695,0.0005,0.8554,1.5004,0.4308
5.1434,0.0007,4.8010,1.3222,0.4416
0.8772,0.0003,1.1039,1.3919,0.4416
1.5010,0.0002,0.7520,1.5666,0.4248
4.9322,0.0008,4.5496,1.3101,0.4299
1.1646,0.0006,1.1914,1.7301,0.4299
1.2103,0.0006,0.7454,1.0475,0.4299
5.1601,0.0007,4.7876,1.7724,0.4778
0.8188,0.0005,1.1871,1.1288,0.4778
0.9040,0.0006,0.7167,0.9983,0.4778
4.6114,0.0008,4.3253,1.6476,0.4184
1.1672,0.0005,0.9226,1.6395,0.4184
1.4174,0.0006,0.6571,1.3954,0.4349
4.9687,0.0006,4.6482,1.0714,1.1456
0.8579,0.0005,1.0963,1.4105,1.1456
1.1769,0.0006,0.7037,1.1283,1.1456
4.6863,0.0007,4.4642,1.3720,0.4238
0.9394,0.0007,0.9934,1.3265,0.4238
1.0542,0.0003,0.8582,0.8097,0.4238
4.6092,0.0007,4.3052,1.8081,0.4251
1.0277,0.0004,0.9868,1.5010,0.4251
1.1897,0.0005,0.7020,1.1315,0.4251
4.7877,0.0006,4.6368,1.2314,0.4060
1.1211,0.0003,0.9505,1.5747,0.4060
1.1683,0.0003,0.6528,1.1879,0.4230
4.3536,0.0007,4.1519,1.3531,0.4254
0.9593,0.0003,0.8213,1.3562,0.4254
1.4653,0.0003,0.6325,1.4697,0.4254
5.0188,0.0007,4.6264,0.8565,0.4242
0.9399,0.0003,1.1155,1.4911,0.4242
1.3466,0.0004,0.7091,1.2135,0.4242
4.7739,0.0004,4.4652,1.7161,0.4260
0.8043,0.0002,0.9960,1.2433,0.4260
1.0504,0.0003,0.6616,1.1139,0.4260
4.7596,0.0007,4.3862,1.5048,0.4437
1.1375,0.0003,1.0581,1.6730,0.4437
1.1224,0.0003,0.6942,1.0718,0.4437
4.9228,0.0005,4.6567,1.7811,0.4393
0.8042,0.0005,1.0344,1.1591,0.4393
1.1039,0.0003,0.6764,1.2382,0.4393
4.6891,0.0005,4.3807,1.3661,0.4431
0.8392,0.0004,0.9716,1.3012,0.4431
1.5071,0.0006,0.6990,1.4452,0.4431
5.1529,0.0007,4.8596,1.2240,0.4344
1.0816,0.0005,1.1145,1.6739,0.4344
1.2621,0.0004,0.7421,1.2363,0.4344
4.4685,0.0004,4.3584,1.7294,0.4301
0.6381,0.0003,0.7750,1.0396,0.4301
1.2166,0.0003,0.5904,1.2119,0.4449
4.6403,0.0006,4.3111,1.2658,0.4693
0.7488,0.0006,0.9830,1.0874,0.4693
1.1439,0.0002,0.6703,1.1530,0.4693
4.2713,0.0005,4.0837,1.8174,0.4284
0.8759,0.0004,0.8195,0.8859,0.4284
0.8912,0.0004,0.8337,1.2725,0.4353
4.1356,0.0003,3.9356,1.3185,0.4244
0.7128,0.0003,0.8046,1.0725,0.4244
0.9621,0.0003,0.6243,0.9005,0.4244
6.1351,0.0008,5.7150,1.8663,0.4184
1.0676,0.0005,1.1473,1.6621,0.4184
0.9093,0.0005,0.7038,0.8937,0.4184
4.4168,0.0005,4.2010,1.5377,0.4588
0.6332,0.0003,0.8379,1.0508,0.4588
0.9573,0.0003,0.5963,0.9449,0.4588
4.6627,0.0008,4.3457,1.2362,0.4375
0.7330,0.0005,0.9703,1.0562,0.4375
0.9117,0.0010,0.6367,0.9472,0.4375
4.1838,0.0004,4.0455,1.3924,0.4562
0.7085,0.0004,0.7444,1.0257,0.4562
1.0365,0.0003,0.6228,1.0561,0.4562
3.9822,0.0005,3.7848,1.1702,0.4370
0.6990,0.0004,0.8015,1.0991,0.4370
1.0575,0.0003,0.5831,0.8439,0.4370
4.6825,0.0008,4.3094,2.2639,0.4323
0.7541,0.0005,1.0295,1.2275,0.4323
1.2690,0.0004,0.6820,1.2769,0.4415
4.3411,0.0005,4.1922,1.3197,0.4450
0.7514,0.0002,0.8047,1.1308,0.4450
0.9998,0.0004,0.5913,1.0033,0.4450
4.3997,0.0004,4.1513,1.2039,0.4231
0.6802,0.0003,0.8706,1.0644,0.4231
0.9697,0.0004,0.6234,0.7732,0.4231
4.5629,0.0007,4.3111,1.5578,0.4574
0.8943,0.0004,0.9487,0.9664,0.4574
0.8850,0.0003,0.8033,1.2576,0.4382
4.3863,0.0006,4.1665,1.1195,0.4162
0.7203,0.0004,0.8375,1.1168,0.4162
1.3262,0.0004,0.6980,1.3471,0.4336
4.5780,0.0005,4.2050,1.0922,0.4573
0.7538,0.0004,1.0387,1.2008,0.4573
1.2454,0.0003,0.6628,1.2676,0.4470
4.1777,0.0004,4.0551,1.2855,0.4433
0.5972,0.0004,0.7217,0.8606,0.4433
0.7636,0.0003,0.5458,0.7715,0.4433
4.1027,0.0004,3.9043,1.2575,0.4491
0.7210,0.0003,0.8213,1.1062,0.4491
1.2258,0.0004,0.5837,1.2137,0.4453
4.1298,0.0005,3.9049,1.2874,0.6467
0.6860,0.0005,0.8587,1.1116,0.6467
1.1797,0.0003,0.5904,1.1666,0.6467
4.1082,0.0003,3.8858,1.0265,0.4632
0.7180,0.0003,0.8350,1.0999,0.4632
1.0393,0.0003,0.6201,1.0456,0.4632
3.8929,0.0005,3.7501,1.6415,0.4564
0.6608,0.0003,0.7422,0.9982,0.4564
1.2364,0.0003,0.5900,1.1990,0.4333
4.3836,0.0007,4.1346,1.4263,0.4459
0.7090,0.0004,0.9300,1.0646,0.4459
0.8949,0.0004,0.6391,0.9897,0.4282
4.0392,0.0004,3.8844,1.3351,0.4647
0.7521,0.0004,0.7348,1.0681,0.4647
0.9291,0.0003,0.6049,0.7366,0.4647
3.9256,0.0004,3.7884,1.3712,0.4503
0.6976,0.0003,0.7450,1.0341,0.4503
1.1522,0.0004,0.5902,0.8941,0.4503
4.3875,0.0003,4.1629,2.3191,0.4596
0.6739,0.0004,0.9072,0.9616,0.4596
0.8791,0.0003,0.5870,0.8909,0.4596
4.1756,0.0003,4.0297,1.4547,0.4301
0.6304,0.0003,0.7732,0.8808,0.4301
1.0694,0.0003,0.5976,1.1505,0.4223
3.9846,0.0003,3.8477,1.0468,0.4553
0.8343,0.0004,0.7116,1.1302,0.4553
1.4182,0.0005,0.6721,1.2779,0.4553
4.8854,0.0006,4.6096,2.2475,0.4227
0.7564,0.0004,0.9983,1.1614,0.4227
1.0060,0.0003,0.7274,0.9053,0.4227
4.2915,0.0005,4.2232,1.8447,0.4405
0.6666,0.0003,0.8219,0.9131,0.4405
1.1302,0.0003,0.6161,1.2242,0.4510
4.3653,0.0006,4.0725,1.0907,1.0711
0.7175,0.0003,0.9507,1.1292,1.0711
1.0776,0.0002,0.6565,1.1280,1.0711
4.3801,0.0007,4.1507,1.5086,0.4267
0.6957,0.0003,0.8730,1.0916,0.4267
1.1875,0.0003,0.6197,1.1679,0.4362
4.1706,0.0005,4.0053,1.3623,0.4583
0.6725,0.0003,0.8148,0.8990,0.4583
1.1178,0.0004,0.6195,0.9953,0.4583
4.7785,0.0006,4.4174,1.7017,0.4782
0.8986,0.0005,1.0627,1.4283,0.4782
1.0729,0.0003,0.6691,0.9442,0.4782
4.4658,0.0007,4.3192,1.8854,0.4343
0.6745,0.0004,0.8869,0.9854,0.4343
1.1248,0.0003,0.6193,1.2552,0.4301
4.5175,0.0008,4.1729,1.5528,0.4359
0.8458,0.0006,1.0266,1.3416,0.4359
1.8187,0.0005,0.7308,1.7272,0.4661
5.0435,0.0009,4.7199,1.3085,0.4089
0.8617,0.0006,1.1795,1.1442,0.4089
0.9558,0.0005,0.7119,0.9306,0.4089
4.9907,0.0006,4.5971,1.7583,0.4345
0.7894,0.0005,1.1144,1.2759,0.4345
1.1696,0.0005,0.6798,1.2565,0.4345
5.4557,0.0007,5.0332,1.6128,0.4261
1.0973,0.0003,1.2072,1.6895,0.4261
1.5315,0.0004,0.7783,1.5015,0.4276
5.0345,0.0007,4.7351,1.4411,0.4289
0.8451,0.0004,1.0934,1.4116,0.4289
1.8257,0.0005,0.6630,1.6042,0.4326
5.2058,0.0007,5.2769,1.0223,0.4585
1.3424,0.0006,1.2078,1.9261,0.4585
1.5065,0.0005,0.8014,1.5035,0.4585
4.8938,0.0005,4.6901,1.7139,0.4466
0.8732,0.0003,0.9996,1.3503,0.4466
1.1750,0.0004,0.6818,0.9572,0.4466
5.2156,0.0008,4.8212,1.8808,0.4262
1.2107,0.0005,1.2076,1.4955,0.4262
0.9564,0.0005,1.1285,0.9751,0.4262
5.1810,0.0007,5.0590,2.2006,0.4274
1.1684,0.0004,1.1327,1.7522,0.4274
1.2527,0.0004,0.7364,1.2539,0.4274
5.4530,0.0009,4.9952,1.8054,0.4317
0.8513,0.0004,1.2521,1.4162,0.4317
1.1207,0.0003,0.7173,1.2683,0.4317
5.1525,0.0006,4.7365,1.2426,0.4185
1.2018,0.0003,1.1058,1.7961,0.4185
1.1774,0.0003,0.8249,0.8251,0.4185
4.9165,0.0004,4.5639,2.3264,0.4320
0.8810,0.0004,1.1246,1.4357,0.4320
1.4895,0.0003,0.7990,1.4290,0.4320
4.9947,0.0005,4.9298,1.4812,0.4272
1.0235,0.0005,1.0450,1.5839,0.4272
1.2170,0.0004,0.6711,1.0710,0.4272
5.0495,0.0006,4.8302,1.2226,0.4220
0.7788,0.0004,1.0534,1.1419,0.4220
1.1202,0.0007,0.6967,1.2691,0.4220
4.9212,0.0008,4.5610,1.8650,0.4573
0.8525,0.0004,1.0729,1.2793,0.4573
1.1490,0.0004,0.7727,1.0322,0.4573
4.7926,0.0007,4.4446,2.1060,0.4321
0.7920,0.0007,1.0568,1.3251,0.4321
1.4168,0.0007,0.7534,1.3864,0.4239
4.9883,0.0007,4.6308,0.9975,0.4222
0.9417,0.0002,1.1353,1.5686,0.4222
1.6879,0.0004,0.6896,1.6524,0.4222
5.3558,0.0004,5.1786,1.3736,0.4352
0.7162,0.0002,0.8314,1.1351,0.4352
1.3384,0.0003,0.6229,1.3596,0.4352
4.6030,0.0007,4.2117,1.5051,0.4353
0.8160,0.0004,1.0337,1.3466,0.4353
1.1894,0.0005,0.7025,1.1522,0.4353
4.9363,0.0007,4.6133,1.4991,0.4395
0.9106,0.0003,1.0928,1.4531,0.4395
1.3317,0.0006,0.7389,0.9916,0.4395
5.2226,0.0006,4.9006,2.2461,0.4349
0.8050,0.0004,1.0946,1.1136,0.4349
1.1419,0.0005,0.6775,1.3810,0.4246
4.9878,0.0008,4.6073,1.2676,0.4362
0.8201,0.0007,1.1077,1.1388,0.4362
1.0253,0.0007,0.6972,1.2375,0.4362
4.7684,0.0009,4.4525,1.7344,0.4271
0.9155,0.0005,1.0012,1.3899,0.4271
1.7056,0.0006,0.6790,1.6602,0.4172
5.0058,0.0008,4.6539,1.7017,0.4220
0.8449,0.0005,1.1314,1.1919,0.4220
0.9513,0.0004,0.7308,1.1945,0.4220
4.7576,0.0008,4.3875,1.5940,0.4229
0.8434,0.0004,1.0653,1.2387,0.4229
1.2748,0.0004,0.7916,1.4059,0.4229
4.9033,0.0008,4.6277,1.6387,0.4246
0.7561,0.0005,0.9882,1.1302,0.4246
1.1726,0.0004,0.6665,1.2240,0.4246
5.2686,0.0007,4.9530,1.9982,0.4306
0.8504,0.0003,1.1526,1.3311,0.4306
0.9850,0.0003,0.7026,0.9521,0.4306
4.8853,0.0004,4.5943,2.0480,0.4254
0.7404,0.0006,1.0090,1.1903,0.4254
1.0955,0.0003,0.6373,1.1507,0.4254
5.0331,0.0007,4.5624,1.3342,0.4397
0.8403,0.0008,1.1670,1.2874,0.4397
1.3588,0.0003,0.7202,0.9833,0.4397
4.9281,0.0006,4.5416,1.8051,0.4106
1.2891,0.0004,1.1319,1.8505,0.4106
1.2320,0.0002,0.6885,1.2635,0.4106
4.8900,0.0006,4.4882,1.7773,0.4157
1.0680,0.0004,1.1982,1.6020,0.4157
1.3983,0.0003,0.8369,0.9394,0.4157
5.1630,0.0007,4.8378,1.9809,0.4549
1.0188,0.0003,1.1307,1.6097,0.4549
1.4958,0.0005,0.6702,1.4811,0.4275
5.1264,0.0008,4.7978,1.2897,0.4295
0.8049,0.0004,1.0741,1.3790,0.4295
1.4503,0.0006,0.7067,1.4213,0.4295
5.0698,0.0006,4.8494,1.6175,0.4280
0.7503,0.0003,1.0006,1.2228,0.4280
1.2584,0.0007,0.6832,1.1759,0.4280
4.7161,0.0006,4.5149,1.0751,0.4211
0.7020,0.0003,0.9554,1.1655,0.4211
1.7093,0.0002,0.6501,1.6793,0.4363
5.0513,0.0007,4.6554,1.0912,0.4441
0.8527,0.0006,1.0868,1.3876,0.4441
1.2434,0.0004,0.6766,1.2132,0.4441
4.7126,0.0007,4.4352,1.7083,0.4228
0.9296,0.0005,0.9870,1.4053,0.4228
1.0405,0.0004,0.6678,0.9241,0.4228
4.7384,0.0007,4.4147,1.5523,0.4427
1.0278,0.0005,1.1341,1.4970,0.4427
1.7081,0.0004,0.7804,1.6485,0.4598
4.9214,0.0007,4.7982,1.7492,0.4470
0.7569,0.0005,0.9932,1.0619,0.4470
0.9930,0.0003,0.6825,1.2023,0.4470
4.5583,0.0005,4.2910,1.6662,0.4148
0.7206,0.0003,0.8972,1.1492,0.4148
1.4537,0.0005,0.6680,1.4433,0.4148
5.2727,0.0009,4.8820,1.8957,0.4299
0.8218,0.0005,1.1335,1.3387,0.4299
1.1650,0.0007,0.6698,1.2553,0.4338
4.7355,0.0006,4.4146,1.3686,0.4272
0.7472,0.0003,0.9878,1.0574,0.4272
1.0961,0.0003,0.6904,0.9952,0.4272
5.4610,0.0006,5.0488,2.5554,0.4243
0.8207,0.0004,1.1151,1.3970,0.4243
1.4559,0.0004,0.6985,1.4657,0.4243
5.6115,0.0010,5.2978,1.1258,0.4311
0.7710,0.0008,1.0250,1.1108,0.4311
0.7801,0.0004,0.6743,0.8024,0.4311
5.0602,0.0008,4.5954,1.7909,0.4241
1.0478,0.0005,1.2112,1.4832,0.4241
1.2714,0.0006,0.9583,1.4513,0.4241
4.9559,0.0007,4.7107,0.9479,0.4137
1.2547,0.0005,0.9753,1.7489,0.4137
0.8841,0.0002,0.6780,0.8161,0.4137
4.7765,0.0008,4.4624,1.5239,0.4367
0.7929,0.0005,1.0664,1.1644,0.4367
1.3247,0.0005,0.6955,1.4284,0.4367
4.9257,0.0006,4.6297,1.2255,0.4549
1.1807,0.0004,1.0207,1.7020,0.4549
1.1258,0.0006,0.7014,0.9125,0.4549
5.8314,0.0006,5.4845,1.5232,0.4262
1.2833,0.0004,1.0348,1.8051,0.4262
0.8900,0.0003,0.6650,0.9109,0.4262
5.9354,0.0007,5.5037,1.7652,0.4745
0.8934,0.0005,1.2049,1.2857,0.4745
1.4132,0.0006,0.7534,1.6266,0.4368
5.0016,0.0007,4.6751,1.1259,0.4216
1.2744,0.0005,1.0792,1.8172,0.4216
0.9977,0.0004,0.6937,0.8819,0.4216
5.9777,0.0007,5.5820,1.8366,0.4369
1.3634,0.0004,1.1057,1.9168,0.4369
1.0892,0.0003,0.7029,1.1390,0.4369
4.8930,0.0007,4.5736,1.2502,0.4281
1.3075,0.0003,1.0199,1.7976,0.4281
1.2484,0.0003,0.6804,1.2767,0.4281
5.0921,0.0011,4.6816,1.3197,0.4369
0.9294,0.0006,1.2112,1.2474,0.4369
1.4711,0.0004,0.7603,1.7192,0.4307
5.0240,0.0007,4.7178,1.4571,0.4298
1.3819,0.0005,1.0312,1.8430,0.4298
1.0686,0.0006,0.7069,1.0556,0.4298
4.7582,0.0007,4.4440,1.7515,0.4422
1.1549,0.0007,1.1131,1.6553,0.4422
1.2081,0.0005,0.9471,0.9079,0.4422
5.1121,0.0005,4.7222,1.9757,0.4257
0.9475,0.0005,1.1849,1.5758,0.4257
1.2550,0.0004,0.8561,0.9479,0.4257
4.8992,0.0007,4.6929,2.0061,0.4282
0.8049,0.0005,1.0639,1.2470,0.4282
1.5016,0.0006,0.7086,1.4834,0.4297
5.1808,0.0007,4.8860,1.4306,0.4621
1.2178,0.0004,1.0800,1.8133,0.4621
1.0132,0.0003,0.6955,0.9598,0.4621
5.0454,0.0009,4.6822,2.0456,0.4194
1.2145,0.0005,1.1124,1.7761,0.4194
1.6167,0.0004,0.7227,1.6171,0.4221
6.1765,0.0009,5.8076,1.1433,0.4485
1.1839,0.0004,1.1131,1.7166,0.4485
1.2601,0.0004,0.8228,1.3040,0.4485
4.8942,0.0008,4.6498,2.1247,0.4072
1.1595,0.0004,1.0039,1.6574,0.4072
1.4274,0.0003,0.6727,1.3560,0.4401
5.1800,0.0008,4.8616,0.8265,0.4496
1.1990,0.0002,1.1078,1.7869,0.4496
1.1509,0.0005,0.6811,0.9931,0.4496
5.1270,0.0006,4.8373,1.9170,0.4173
1.2479,0.0005,1.1076,1.8518,0.4173
0.9388,0.0003,0.7018,0.8509,0.4173
4.9203,0.0013,4.5596,1.4007,0.4170
1.1625,0.0004,1.0879,1.7186,0.4170
1.5334,0.0005,0.6927,1.5396,0.4511
4.9649,0.0007,4.6184,1.0656,0.4363
1.2282,0.0004,1.0377,1.7532,0.4363
1.0812,0.0005,0.6763,1.0972,0.4363
4.8620,0.0007,4.5432,1.5687,0.4490
1.0396,0.0006,1.0168,1.5429,0.4490
1.9874,0.0005,0.7730,1.8786,0.4638
5.4429,0.0007,5.2901,1.3214,0.4091
1.2129,0.0004,1.0450,1.7600,0.4091
0.9800,0.0003,0.7414,0.8428,0.4091
4.8051,0.0007,4.4783,1.6309,0.4484
0.8332,0.0008,1.0682,1.3714,0.4484
1.2721,0.0006,0.6775,1.0096,0.4484
5.3646,0.0007,5.0196,1.6416,0.4187
0.8348,0.0005,1.1273,1.3924,0.4187
1.1687,0.0004,0.7167,1.0852,0.4241
4.8995,0.0008,4.6603,1.1096,0.4253
1.2159,0.0003,1.0266,1.7484,0.4253
1.1745,0.0009,0.6553,1.1354,0.4253
5.3080,0.0007,4.8433,2.0736,0.4402
0.8527,0.0007,1.2208,1.5138,0.4402
1.3533,0.0006,0.7245,1.3488,0.4402
4.9846,0.0009,4.6814,1.7386,0.4357
0.7448,0.0007,1.0040,1.1828,0.4357
1.4895,0.0007,0.6704,1.5378,0.4168
5.0218,0.0006,4.5882,1.5737,0.4453
0.9136,0.0004,1.1629,1.5508,0.4453
1.4803,0.0003,0.7137,1.4747,0.4453
4.8294,0.0005,4.5656,1.2391,0.4134
0.8670,0.0003,0.9636,1.3523,0.4134
1.6695,0.0004,0.6473,1.6306,0.4223
4.5177,0.0005,4.2634,1.3472,0.4235
1.2359,0.0003,0.9096,1.6619,0.4235
1.5638,0.0004,0.6685,1.5246,0.4773
5.4742,0.0005,5.2506,1.3367,0.4138
1.1912,0.0003,1.0121,1.7082,0.4138
1.1934,0.0003,0.6555,1.1696,0.4138
4.5407,0.0008,4.2608,1.4748,0.4204
0.9558,0.0003,0.9936,1.4256,0.4204
1.1729,0.0004,0.6792,0.9741,0.4204
4.8349,0.0006,4.5040,2.1742,0.4322
0.7456,0.0004,1.0187,1.2671,0.4322
1.1840,0.0004,0.6634,1.1269,0.4322
4.5389,0.0008,4.2694,1.7517,0.4306
0.8922,0.0006,0.9768,1.3587,0.4306
1.2202,0.0004,0.6600,0.9450,0.4306
5.9440,0.0007,5.5732,1.9145,0.4283
0.8049,0.0004,1.1273,1.1991,0.4283
1.0498,0.0003,0.6717,1.2540,0.4283
4.5603,0.0006,4.2945,1.5967,0.4059
0.7934,0.0004,0.9398,1.2197,0.4059
1.1012,0.0003,0.6326,0.9009,0.4059
4.6535,0.0004,4.3467,1.8978,0.4373
0.7361,0.0003,0.9684,1.2151,0.4373
1.4078,0.0005,0.6526,1.3311,0.4373
4.9148,0.0005,4.5904,1.8149,0.4253
0.8030,0.0004,1.0518,1.4594,0.4253
1.1199,0.0004,0.7084,1.2069,0.4253
4.9174,0.0007,4.6903,1.1922,0.4375
0.9583,0.0008,1.0782,1.3585,0.4375
1.1147,0.0004,0.8903,1.2748,0.4375
5.0498,0.0007,4.6792,1.3269,0.4448
0.7523,0.0006,1.0700,1.3101,0.4448
1.6523,0.0006,0.6635,1.6249,0.4448
4.6299,0.0005,4.4273,1.0775,0.4436
0.7521,0.0005,0.8457,1.0817,0.4436
0.9712,0.0004,0.7350,0.8267,0.4436
4.4618,0.0006,4.2732,1.5959,0.4080
0.8524,0.0004,0.8883,1.0366,0.4080
0.9582,0.0004,0.7993,1.1833,0.4080
4.6283,0.0009,4.3842,1.6330,0.4251
0.7394,0.0005,0.9027,1.1898,0.4251
1.1455,0.0004,0.6363,1.0811,0.4252
4.6025,0.0006,4.4197,1.5520,0.6456
0.6874,0.0006,0.8875,1.1158,0.6456
1.1210,0.0004,0.6220,1.0051,0.6456
4.6291,0.0007,4.3660,1.7187,0.4378
0.7632,0.0004,1.0277,1.0961,0.4378
1.0523,0.0003,0.6453,1.2825,0.4518
4.4040,0.0004,4.1702,1.5991,0.4277
0.8728,0.0003,0.8137,1.2095,0.4277
1.0115,0.0004,0.6495,1.0650,0.4277
4.2840,0.0004,4.0661,1.7744,0.4338
0.6745,0.0003,0.8099,1.0637,0.4338
1.2931,0.0003,0.6113,1.2672,0.4338
4.5610,0.0007,4.2304,1.1140,0.4536
0.7319,0.0006,1.0134,1.1833,0.4536
1.0767,0.0007,0.6780,1.1600,0.4177
4.4340,0.0008,4.1959,1.7580,0.4277
0.6467,0.0005,0.8380,1.0693,0.4277
1.0260,0.0005,0.6061,1.0178,0.4277
4.2694,0.0008,4.0423,1.3856,0.4275
1.1012,0.0004,0.8949,1.4289,0.4275
1.3904,0.0004,0.9666,1.4496,0.4394
4.6154,0.0004,4.6365,1.2269,0.4286
0.8180,0.0003,0.8714,1.2358,0.4286
1.0397,0.0002,0.6494,0.9136,0.4286
4.7967,0.0005,4.4181,2.1030,0.4311
0.7966,0.0004,1.0898,1.3234,0.4311
1.0575,0.0003,0.6718,1.1096,0.4311
4.6899,0.0006,4.3958,1.6314,0.4625
0.7406,0.0004,0.9447,0.9667,0.4625
0.7303,0.0004,0.6595,0.9557,0.4625
4.2125,0.0004,4.0583,1.3070,0.4315
0.6727,0.0003,0.7784,1.0236,0.4315
1.2456,0.0003,0.5814,1.2275,0.4325
4.0032,0.0004,3.8758,1.2901,0.4137
0.6886,0.0003,0.7188,1.0150,0.4137
1.4119,0.0005,0.5940,1.2572,0.4583
4.7917,0.0006,4.5499,1.5154,0.4439
1.1448,0.0004,1.0195,1.7017,0.4439
1.1313,0.0004,0.6595,1.0666,0.4439
4.3392,0.0006,4.1335,1.9212,0.4345
0.6474,0.0004,0.8366,1.0617,0.4345
1.0753,0.0002,0.5882,1.0601,0.4345
4.4682,0.0006,4.1707,1.6934,0.4297
0.8171,0.0004,0.9527,1.2696,0.4297
1.1881,0.0004,0.6794,1.1812,0.4381
4.6184,0.0005,4.3452,1.4736,0.4281
0.6856,0.0006,0.9005,1.1404,0.4281
1.1382,0.0003,0.6353,0.8919,0.4281
4.1708,0.0006,4.0479,1.7602,0.4213
0.6534,0.0003,0.8105,1.0524,0.4213
1.1224,0.0003,0.6057,1.1254,0.4213
4.7640,0.0006,4.3129,1.3434,0.4648
0.8184,0.0007,1.1283,1.3448,0.4648
1.6867,0.0009,0.7179,1.6749,0.4480
4.8014,0.0006,4.5479,1.4018,0.4314
0.9216,0.0004,1.0077,1.4203,0.4314
1.1166,0.0003,0.6902,0.9815,0.4314
4.8425,0.0006,4.4839,2.0828,0.4384
0.8335,0.0006,1.1271,1.1960,0.4384
1.5648,0.0004,0.7198,1.7758,0.4623
4.8652,0.0004,4.5924,1.4748,0.4156
0.7806,0.0004,1.0192,1.2246,0.4156
1.5657,0.0004,0.6825,1.1908,0.4156
4.6089,0.0005,4.3552,2.2160,0.4130
0.8275,0.0005,0.9599,1.2888,0.4130
1.4414,0.0006,0.8635,1.3777,0.4130
4.9193,0.0010,4.9608,1.8266,0.4365
0.8239,0.0005,1.0666,1.1588,0.4365
1.0219,0.0006,0.7008,1.2274,0.4384
4.9017,0.0008,4.5275,1.2914,0.4179
0.8039,0.0004,1.0995,1.3043,0.4179
1.5680,0.0007,0.7013,1.5562,0.4179
5.4951,0.0006,5.1333,1.7896,0.4585
0.8540,0.0009,1.1957,1.3946,0.4585
1.5226,0.0004,0.7309,1.5664,0.4427
4.9355,0.0005,4.6150,1.3533,0.4298
1.0427,0.0005,1.0389,1.5748,0.4298
1.0087,0.0004,0.7053,0.8081,0.4298
4.9659,0.0007,4.5553,1.6967,0.4439
0.8734,0.0006,1.1731,1.4043,0.4439
1.2128,0.0003,0.7677,1.0840,0.4439
5.1171,0.0009,4.7631,2.1811,0.4219
0.8491,0.0005,1.1320,1.3198,0.4219
1.2255,0.0004,0.7155,1.2947,0.4256
4.8870,0.0006,4.6070,1.3929,0.4671
1.0586,0.0006,1.0604,1.5677,0.4671
1.6139,0.0004,0.8735,1.6003,0.4524
4.8753,0.0008,4.6816,1.5495,0.4158
0.7214,0.0006,0.9507,1.1878,0.4158
1.0133,0.0004,0.6511,0.7710,0.4158
5.1624,0.0007,4.7126,1.9001,0.4229
0.8369,0.0005,1.1647,1.1618,0.4229
0.8978,0.0003,0.7339,1.0522,0.4229
5.1521,0.0009,4.6989,1.9727,0.4617
0.8091,0.0002,1.1791,1.1984,0.4617
0.9824,0.0003,0.7047,1.2227,0.4617
4.6488,0.0007,4.4064,1.4546,0.4353
0.6946,0.0003,0.9061,1.1107,0.4353
1.3603,0.0005,0.6256,1.3502,0.4353
4.7712,0.0005,4.3841,1.6023,0.4262
0.7512,0.0004,1.0614,1.1895,0.4262
1.0888,0.0003,0.6615,1.1000,0.4262
4.7604,0.0005,4.4847,2.2062,0.4317
0.7321,0.0005,0.9427,0.9783,0.4317
1.1708,0.0003,0.6370,1.3854,0.4218
4.6710,0.0005,4.3509,1.5346,0.4441
0.8067,0.0006,0.9689,1.2797,0.4441
1.0934,0.0005,0.6814,0.9101,0.4441
5.1437,0.0008,4.7411,2.0956,0.4450
0.8043,0.0005,1.1224,1.3560,0.4450
1.1573,0.0003,0.6998,1.0973,0.4450
4.9708,0.0006,4.6152,1.9417,0.4196
0.7839,0.0008,1.0502,1.1051,0.4196
1.2247,0.0006,0.6924,1.3783,0.4196
5.0073,0.0013,4.7112,1.2370,0.4186
0.7935,0.0005,1.0738,1.3673,0.4186
1.0509,0.0007,0.7225,0.9651,0.4186
4.9365,0.0008,4.5989,1.4559,0.4467
0.8239,0.0003,1.0886,1.1938,0.4467
1.0296,0.0004,0.6949,1.0892,0.4467
4.6808,0.0004,4.3754,1.6884,0.4054
1.1188,0.0003,0.9796,1.6059,0.4054
1.2038,0.0003,0.7136,0.9527,0.4054
4.8747,0.0005,4.8174,1.4271,0.4584
0.7858,0.0004,1.0525,1.2742,0.4584
1.4449,0.0004,0.7694,1.4113,0.4286
4.8130,0.0006,4.6483,1.3965,0.4408
0.7487,0.0004,0.9834,1.1997,0.4408
1.3148,0.0004,0.6745,1.2114,0.4408
5.7578,0.0006,5.2647,1.4218,1.1688
0.8152,0.0007,1.2083,1.1548,1.1688
0.6289,0.0003,0.7070,0.7876,1.1688
4.6589,0.0005,4.3614,1.5853,0.4471
0.7546,0.0005,0.9578,0.9653,0.4471
1.0205,0.0005,0.7066,1.2402,0.4471
5.5779,0.0006,5.1980,1.5026,0.4198
0.9122,0.0003,1.1117,1.1534,0.4198
0.9168,0.0003,0.8399,0.9920,0.4198
4.9866,0.0007,4.7348,1.9545,0.4273
0.7666,0.0005,0.9984,1.0393,0.4273
0.9468,0.0003,0.6782,1.1841,0.4273
4.3893,0.0005,4.1794,1.6248,0.4249
0.7180,0.0003,0.8124,1.1027,0.4249
1.2532,0.0003,0.6351,1.2316,0.4196
5.0633,0.0005,4.4452,1.2972,0.4402
0.8299,0.0004,1.3607,1.4417,0.4402
1.0777,0.0003,0.7011,1.2823,0.4425
4.7490,0.0010,4.4201,1.5662,0.4107
1.0311,0.0006,1.0296,1.4288,0.4107
1.1117,0.0005,0.7988,1.0311,0.4107
5.0614,0.0007,4.6867,2.0452,0.4215
0.8932,0.0004,1.1421,1.4829,0.4215
1.5035,0.0004,0.7543,1.4938,0.4401
4.8489,0.0006,4.5497,1.6762,0.4530
0.8260,0.0003,0.9943,1.3285,0.4530
1.0830,0.0003,0.6629,0.8233,0.4530
4.6205,0.0006,4.3017,1.6866,0.4167
0.7769,0.0005,0.9993,1.0590,0.4167
1.2351,0.0007,0.6829,1.3390,0.4146
5.2245,0.0007,4.8577,1.5710,0.4508
0.7846,0.0004,1.1498,1.3084,0.4508
1.4868,0.0004,0.7408,1.5556,0.4313
4.5781,0.0006,4.3712,1.1085,0.4464
0.7150,0.0005,0.9000,1.1491,0.4464
1.1104,0.0004,0.6407,1.0888,0.4464
5.0706,0.0006,4.6490,1.5343,0.4351
0.9182,0.0003,1.1924,1.4876,0.4351
1.5024,0.0004,0.7323,1.4794,0.4351
4.9388,0.0007,4.6082,1.5518,0.4253
0.7199,0.0004,1.0218,1.0457,0.4253
1.0663,0.0004,0.6656,1.2593,0.4253
5.3749,0.0011,4.4505,1.2992,0.4273
0.8942,0.0008,1.6782,1.6777,0.4273
0.9828,0.0005,0.8061,1.2916,0.4273
5.1060,0.0010,4.7777,1.8206,0.4257
1.3648,0.0005,1.1051,1.9320,0.4257
1.3099,0.0006,0.6860,1.3235,0.4300
4.9057,0.0006,4.5801,0.8674,0.4377
1.1089,0.0003,1.0053,1.6547,0.4377
1.0243,0.0002,0.6429,0.8638,0.4377
5.1446,0.0010,4.8429,1.7611,0.4184
1.1135,0.0005,1.0394,1.6694,0.4184
1.1252,0.0004,0.6872,0.8640,0.4184
4.6458,0.0006,4.4050,1.9246,0.4356
0.7351,0.0004,0.9565,1.2139,0.4356
1.1678,0.0004,0.6612,0.9502,0.4356
4.9157,0.0008,4.6129,1.4232,0.4544
0.8279,0.0005,1.1322,1.1700,0.4544
1.0868,0.0003,0.6912,1.3283,0.4331
4.8614,0.0007,4.5064,1.0892,0.4326
0.7294,0.0005,1.0132,1.1016,0.4326
1.0905,0.0006,0.6383,0.9332,0.4326
4.9273,0.0005,4.5356,2.4711,0.4288
1.1149,0.0004,1.0782,1.6800,0.4288
1.4634,0.0004,0.7272,1.4301,0.4288
4.9679,0.0007,4.7034,1.1894,0.4293
1.2183,0.0003,1.0440,1.7445,0.4293
1.4695,0.0003,0.7666,1.4816,0.4532
5.1170,0.0006,4.8038,0.9602,0.4210
0.7891,0.0004,1.1668,1.4101,0.4210
1.4468,0.0005,0.6725,1.4233,0.4210
5.0808,0.0008,4.7116,1.2400,0.4206
0.8278,0.0004,1.0870,1.3832,0.4206
1.6456,0.0003,0.7033,1.5836,0.4272
4.9373,0.0008,4.6296,1.2967,0.4332
0.8855,0.0004,1.0556,1.4047,0.4332
1.4548,0.0005,0.7334,1.5138,0.4419
5.0186,0.0008,4.6228,1.8399,0.6799
1.1897,0.0003,1.0670,1.7692,0.6799
1.4203,0.0003,0.6881,1.2813,0.6799
5.9427,0.0008,5.5754,1.6191,0.4252
1.2093,0.0004,1.1710,1.7581,0.4252
1.5356,0.0004,0.7433,1.6327,0.4283
4.9347,0.0006,4.5566,1.3752,1.1344
1.1664,0.0004,1.0982,1.7253,1.1344
1.5944,0.0006,0.6715,1.5966,0.4318
4.8474,0.0007,4.4781,0.9566,0.4621
1.3733,0.0003,1.0763,1.8336,0.4621
0.9910,0.0005,0.7580,1.1263,0.4453
4.8856,0.0007,4.4760,1.5734,0.4409
1.1745,0.0005,1.2491,1.2631,0.4409
1.0434,0.0005,0.9729,1.5249,0.4394
5.0975,0.0008,4.6944,1.7954,0.4330
0.8093,0.0005,1.1346,1.3262,0.4330
1.3188,0.0005,0.6818,1.3057,0.4330
4.7461,0.0005,4.4589,1.7779,0.4385
1.0558,0.0005,1.0424,1.6000,0.4385
1.3552,0.0006,0.7227,1.3152,0.4385
5.1687,0.0007,5.0171,1.6887,0.4309
1.1931,0.0004,1.1303,1.7263,0.4309
1.0834,0.0006,0.7341,1.1227,0.4309
4.8810,0.0009,4.5546,1.7354,0.4272
0.7880,0.0007,1.0661,1.3040,0.4272
1.5948,0.0003,0.6702,1.6148,0.4327
5.4175,0.0009,4.9151,1.0789,0.4497
0.9670,0.0006,1.3246,1.3099,0.4497
0.8734,0.0002,0.7897,1.1191,0.4497
4.9657,0.0006,4.7334,2.0064,0.4248
0.7941,0.0004,1.0532,1.1311,0.4248
1.1965,0.0003,0.6992,1.4335,0.4423
5.1344,0.0010,4.6978,1.5758,0.4324
1.2438,0.0003,1.1207,1.8368,0.4324
1.1035,0.0003,0.7128,1.1275,0.4324
4.8089,0.0006,4.5183,1.7063,0.4348
0.8823,0.0006,1.0389,1.4023,0.4348
1.4840,0.0004,0.6918,1.4760,0.4329
4.6701,0.0007,4.4202,1.4618,0.4239
0.7152,0.0003,0.9687,1.2272,0.4239
1.6952,0.0009,0.6552,1.5735,0.4239
5.2654,0.0008,4.9874,1.2125,0.4339
0.8314,0.0004,1.1763,1.2431,0.4339
1.0457,0.0004,0.6854,1.2503,0.4339
5.0483,0.0009,4.6229,1.5483,0.4385
0.8538,0.0003,1.1567,1.3821,0.4385
1.6800,0.0004,0.7241,1.6527,0.4227
5.1319,0.0007,4.8131,1.3914,0.4376
0.8043,0.0004,1.1252,1.3637,0.4376
1.7520,0.0004,0.6858,1.7589,0.4362
4.9139,0.0005,4.5782,1.0780,0.4167
1.2957,0.0004,1.0750,1.8139,0.4167
1.1394,0.0003,0.6757,0.8188,0.4167
5.4311,0.0008,5.0055,2.0918,0.4471
0.9715,0.0004,1.2421,1.5864,0.4471
1.4951,0.0004,0.8225,1.1834,0.4471
4.9053,0.0005,4.7109,1.8158,0.4211
0.8192,0.0004,1.0426,1.0583,0.4211
1.1709,0.0004,0.7564,1.3052,0.4414
5.0566,0.0009,4.7755,1.6548,0.4129
0.9683,0.0003,1.2227,1.2621,0.4129
1.1363,0.0003,0.8361,1.4010,0.4129
5.0735,0.0008,4.7806,1.5297,0.4285
0.8679,0.0004,1.1202,1.3239,0.4285
1.4765,0.0004,0.7874,1.6187,0.4285
5.2815,0.0008,4.8627,2.0512,0.4236
1.1211,0.0006,1.1674,1.5325,0.4236
1.3989,0.0007,1.1443,1.2808,0.4236
5.1215,0.0007,4.9341,2.4563,0.4186
1.2281,0.0006,1.2333,1.8318,0.4186
1.5327,0.0005,0.7578,1.5406,0.4349
5.0932,0.0006,4.7883,1.8179,0.4242
0.8318,0.0004,1.0886,1.2987,0.4242
1.2723,0.0003,0.7391,1.3860,0.4242
4.9145,0.0005,4.5626,1.1797,0.4298
0.7704,0.0005,1.0353,1.1939,0.4298
0.9785,0.0003,0.6760,0.9947,0.4298
4.3880,0.0006,4.1439,1.7221,0.4114
0.7212,0.0004,0.9031,1.1875,0.4114
1.3010,0.0003,0.6626,1.2729,0.4114
4.6687,0.0009,4.3494,1.6656,0.4475
0.8399,0.0003,1.0645,1.2031,0.4475
1.2246,0.0003,0.7062,1.3883,0.4475
4.7066,0.0004,4.3765,1.2810,0.4221
0.7484,0.0002,0.9566,1.2409,0.4221
1.1976,0.0003,0.6457,1.0886,0.4221
4.9079,0.0006,4.7791,1.6684,0.4572
0.8555,0.0006,1.0868,1.2662,0.4572
1.4317,0.0004,0.7109,1.4802,0.4572
4.8223,0.0007,4.5860,1.2107,0.4334
0.7205,0.0004,0.9811,1.1622,0.4334
1.3456,0.0003,0.6235,1.3937,0.4364
4.5787,0.0005,4.2820,1.4555,0.4255
0.7081,0.0003,0.9361,1.1528,0.4255
0.9065,0.0004,0.6329,0.8499,0.4255
4.6232,0.0009,4.2417,1.4787,0.4320
0.7739,0.0004,1.0549,1.1361,0.4320
1.0432,0.0003,0.6477,1.0068,0.4320
4.2006,0.0003,4.1062,1.6232,0.4136
0.7276,0.0003,0.7267,1.0572,0.4136
1.0484,0.0003,0.6568,1.0551,0.4136
3.9653,0.0003,3.8450,1.3184,0.4664
0.6859,0.0003,0.7237,1.0166,0.4664
1.3083,0.0003,0.5747,1.2918,0.4460
4.4612,0.0005,4.1584,1.3292,0.4480
0.7681,0.0004,0.9597,1.2286,0.4480
1.4414,0.0003,0.6321,1.3619,0.4368
4.4316,0.0006,4.2962,1.3828,0.4392
0.7205,0.0005,0.8504,1.0561,0.4392
1.2978,0.0003,0.6923,1.3672,0.4381
4.3034,0.0005,4.1117,0.9139,0.4387
1.0155,0.0006,0.8863,1.3762,0.4387
1.3755,0.0005,0.7256,1.2504,0.4387
4.6548,0.0004,4.5181,1.7279,0.4299
0.6907,0.0003,0.8944,1.1191,0.4299
1.0933,0.0002,0.6167,0.8825,0.4299
4.2626,0.0004,4.0701,1.3554,0.4334
0.6849,0.0004,0.8257,1.0863,0.4334
1.7044,0.0004,0.6140,1.6869,0.4385
4.4690,0.0005,4.1842,0.8266,0.4331
0.7218,0.0003,0.9316,1.2170,0.4331
1.1144,0.0002,0.6428,0.9188,0.4331
4.1579,0.0004,4.0412,1.9075,0.4231
0.6984,0.0003,0.7061,1.0008,0.4231
1.2863,0.0003,0.6025,1.3028,0.4259
3.9740,0.0004,3.8284,1.2682,0.4231
0.6818,0.0003,0.7609,1.0479,0.4231
0.9821,0.0002,0.5616,0.7136,0.4231
4.8014,0.0007,4.4229,2.0999,0.4580
1.0174,0.0006,1.0660,1.0960,0.4580
1.0350,0.0006,0.9246,1.4764,0.4396
4.4988,0.0005,4.2658,1.0355,0.4344
0.7072,0.0003,0.8466,1.1199,0.4344
1.1011,0.0003,0.6532,0.9020,0.4344
4.5248,0.0006,4.1824,1.4645,0.4223
0.7861,0.0004,1.0537,1.2650,0.4223
1.1880,0.0004,0.6521,1.2307,0.4223
4.6771,0.0006,4.3919,1.3671,0.4338
1.0621,0.0005,0.9168,1.5324,0.4338
1.0647,0.0003,0.7271,0.8952,0.4338
4.2604,0.0004,4.2089,1.9970,0.4376
0.6736,0.0003,0.8204,0.9331,0.4376
0.9401,0.0004,0.6051,1.0455,0.4376
4.7873,0.0006,4.4026,1.3243,0.4578
0.7505,0.0004,1.0408,1.2382,0.4578
0.8855,0.0004,0.7055,0.8713,0.4578
4.2282,0.0004,4.1296,1.7178,0.4234
0.7576,0.0002,0.7222,1.0833,0.4234
1.2472,0.0003,0.5779,1.2391,0.4392
3.8852,0.0003,3.7665,1.3006,0.4371
0.6391,0.0004,0.7157,0.9747,0.4371
1.1311,0.0004,0.5729,1.0348,0.4371
4.7157,0.0005,4.4229,1.5468,0.4405
0.7426,0.0004,1.0055,1.0274,0.4405
1.0472,0.0005,0.6324,1.2860,0.4405
4.2217,0.0005,4.0265,1.8909,0.4363
0.6695,0.0003,0.8106,0.9394,0.4363
1.2712,0.0004,0.6229,1.3746,0.4332
4.4926,0.0007,4.0791,1.4067,0.4317
0.8111,0.0004,1.0922,1.2122,0.4317
0.9682,0.0003,0.6962,0.8620,0.4317
4.5556,0.0005,4.3624,1.9833,0.4532
0.6644,0.0004,0.8215,0.9322,0.4532
1.2676,0.0003,0.6136,1.3634,0.4198
4.1396,0.0004,3.9757,1.3036,0.4497
0.7126,0.0003,0.7798,1.0803,0.4497
1.3706,0.0005,0.6115,1.3364,0.4497
4.9044,0.0007,4.5543,1.3031,0.4813
0.8015,0.0008,1.0874,1.1968,0.4813
1.0614,0.0006,0.6944,1.2513,0.4813
4.2797,0.0005,4.1082,1.3903,0.4118
0.7298,0.0004,0.7736,1.0986,0.4118
1.1773,0.0004,0.5939,1.1735,0.4124
4.1012,0.0006,3.9154,1.3183,0.4211
0.6097,0.0003,0.7957,0.9344,0.4211
1.3212,0.0006,0.6098,1.2832,0.4211
4.7111,0.0005,4.6843,1.7796,0.4411
0.6543,0.0003,0.9216,1.1838,0.4411
1.0764,0.0008,0.5875,1.0635,0.4411
4.0006,0.0004,3.8629,1.2077,0.4568
0.6009,0.0003,0.6964,0.8938,0.4568
1.1054,0.0004,0.5661,1.1431,0.4568
4.5247,0.0005,4.1578,1.7842,0.4760
1.1546,0.0005,1.0512,1.6571,0.4760
1.2005,0.0004,0.7238,1.2458,0.4473
4.4718,0.0003,4.3524,1.4775,0.4154
0.7183,0.0003,0.8040,1.1040,0.4154
1.0709,0.0003,0.6293,0.9794,0.4154
4.3473,0.0004,4.2205,1.0879,0.4193
0.6946,0.0003,0.8400,1.0980,0.4193
1.2536,0.0003,0.5851,1.2452,0.4286
4.8064,0.0007,4.4375,1.4592,0.4803
0.7383,0.0005,1.0529,1.2845,0.4803
1.2643,0.0004,0.6569,1.0164,0.4803
4.5811,0.0005,4.3649,1.8603,0.4198
0.8063,0.0003,0.9749,1.0963,0.4198
1.1473,0.0003,0.6642,0.9929,0.4198
4.4720,0.0006,4.2131,2.1307,0.4251
0.7562,0.0005,0.9363,1.0449,0.4251
1.1908,0.0006,0.6861,0.9666,0.4251
4.2754,0.0005,4.1076,2.1301,0.4300
0.7349,0.0003,0.8116,1.0960,0.4300
1.1108,0.0003,0.6467,0.9741,0.4300
5.4117,0.0004,5.2039,1.4974,0.4390
0.6699,0.0003,0.8404,0.9682,0.4390
1.1749,0.0003,0.6058,1.2455,0.4390
5.4680,0.0010,5.1246,1.6465,0.4439
0.9451,0.0008,1.0245,1.0878,0.4439
0.8172,0.0004,0.8421,1.2192,0.4439
4.3445,0.0007,4.1403,1.7197,0.4341
0.6755,0.0003,0.8399,0.9360,0.4341
1.1040,0.0002,0.6106,0.9790,0.4341
4.1531,0.0009,3.9177,2.0562,0.4080
1.0517,0.0004,0.8947,1.4073,0.4080
1.4085,0.0004,0.7847,1.4442,0.4672
4.5704,0.0004,4.4307,1.2209,0.4195
0.6891,0.0003,0.8209,1.0919,0.4195
1.1303,0.0003,0.6183,1.1380,0.4195
4.2878,0.0005,4.0499,1.6801,0.4389
0.6722,0.0003,0.8614,1.1035,0.4389
1.1201,0.0003,0.5993,0.9731,0.4389
4.6223,0.0006,4.3663,1.5467,0.4447
0.7702,0.0003,1.0082,1.3690,0.4447
1.4543,0.0003,0.6670,1.4523,0.4423
5.3209,0.0004,5.0940,0.9945,0.4435
0.8212,0.0004,0.8419,1.1396,0.4435
0.9840,0.0003,0.6790,0.8311,0.4435
4.4301,0.0004,4.1620,2.2322,0.4390
1.3842,0.0005,1.1719,0.9972,0.4390
0.6290,0.0003,1.1044,0.9399,0.4390
4.4199,0.0004,4.2137,0.9009,0.4221
0.7721,0.0003,0.8516,1.1824,0.4221
1.1865,0.0003,0.6043,1.1796,0.4221
4.3916,0.0004,4.1867,1.4473,0.4298
0.6436,0.0003,0.8267,0.8824,0.4298
1.3168,0.0003,0.5847,1.4237,0.4309
4.5241,0.0005,4.2140,1.4166,0.4116
0.7132,0.0004,0.9862,1.1170,0.4116
1.0860,0.0003,0.6552,0.9309,0.4116
4.4512,0.0006,4.2022,1.7646,0.4208
0.6929,0.0004,0.8713,1.0800,0.4208
1.0043,0.0004,0.6573,0.9190,0.4208
5.2700,0.0004,5.0613,1.2687,0.4446
0.8365,0.0004,0.8279,1.2115,0.4446
1.0772,0.0003,0.6193,1.0771,0.4446
4.5612,0.0009,4.3209,1.5673,0.4078
0.7109,0.0005,0.9121,0.9829,0.4078
0.9640,0.0003,0.6304,1.1255,0.4078
4.2829,0.0006,4.0507,1.3548,0.4324
0.6852,0.0003,0.8204,1.0898,0.4324
1.2380,0.0003,0.6016,1.2277,0.4406
5.3008,0.0005,4.8920,0.8631,0.4375
0.8787,0.0004,1.0633,1.3119,0.4375
0.9666,0.0004,0.8162,0.9021,0.4375
4.4809,0.0004,4.2781,1.8970,0.4207
0.7225,0.0003,0.8434,1.1167,0.4207
1.1112,0.0003,0.6487,1.1034,0.4334
4.5259,0.0006,4.1810,1.3936,0.4225
0.6994,0.0003,0.9919,1.1088,0.4225
1.2724,0.0003,0.6736,1.3782,0.4151
4.7202,0.0006,4.4347,1.4223,1.1115
0.7235,0.0004,0.9646,1.2051,1.1115
1.2309,0.0004,0.6560,1.2406,0.4449
4.3341,0.0004,4.1000,0.9411,0.4306
0.6734,0.0003,0.8673,0.9398,0.4306
1.0374,0.0005,0.7220,0.9652,0.4306
6.0002,0.0006,5.7120,1.4225,0.4220
0.7810,0.0004,1.1351,1.1782,0.4220
1.1714,0.0004,0.6812,1.2989,0.4350
4.6515,0.0004,4.5028,0.8312,0.4311
0.7104,0.0003,0.8581,1.1165,0.4311
1.0582,0.0003,0.6398,1.0805,0.4311
4.4030,0.0004,4.1363,1.2514,0.4399
0.7158,0.0003,0.9051,1.1612,0.4399
1.0919,0.0003,0.6422,0.8153,0.4399
5.8759,0.0007,5.8924,1.4400,0.4677
0.7406,0.0005,1.0351,1.0026,0.4677
0.7826,0.0005,0.6514,0.8974,0.4677
4.2249,0.0004,4.0096,1.8266,0.4216
0.6835,0.0003,0.8183,1.0582,0.4216
1.0755,0.0003,0.5917,0.8536,0.4216
4.5274,0.0007,4.0935,1.4060,0.4410
1.0016,0.0005,1.1479,1.5848,0.4410
1.1381,0.0004,0.6975,0.9051,0.4410
4.6167,0.0004,4.5372,1.9214,0.4296
0.8854,0.0003,0.8248,1.1661,0.4296
0.7558,0.0003,0.7120,0.8738,0.4296
4.1515,0.0004,3.9388,1.7159,0.4296
0.6745,0.0003,0.8331,1.0353,0.4296
1.0791,0.0008,0.6049,0.9692,0.4296
4.8349,0.0008,4.6435,1.9032,0.4351
0.7525,0.0007,1.0216,1.0067,0.4351
0.8115,0.0007,0.6708,1.0256,0.4351
4.3158,0.0004,4.1300,1.4739,0.4485
0.6596,0.0003,0.8191,0.8885,0.4485
0.9886,0.0003,0.5970,0.9262,0.4485
4.2869,0.0004,4.0845,1.6913,0.4360
0.7666,0.0003,0.8737,1.1898,0.4360
1.1179,0.0004,0.6369,1.0935,0.4360
4.7773,0.0005,4.5275,1.5908,0.4177
0.6762,0.0003,0.9382,1.1140,0.4177
1.1893,0.0006,0.5922,1.2157,0.4114
4.2749,0.0004,4.0772,1.1292,0.4153
0.7068,0.0004,0.8259,1.0820,0.4153
1.3269,0.0004,0.6656,1.3097,0.4301
5.3562,0.0012,4.7636,1.1775,0.4311
0.8700,0.0004,1.3345,1.6818,0.4311
1.8983,0.0007,0.7743,1.4692,0.4360
6.5623,0.0010,5.9570,2.2828,0.4388
1.0426,0.0006,1.9424,1.8532,0.4388
0.9363,0.0004,0.8457,1.3150,0.4388
5.1715,0.0007,4.8476,1.6494,0.4220
0.8230,0.0009,1.1001,1.4015,0.4220
1.1553,0.0004,0.7071,1.0055,0.4220
6.1910,0.0007,5.6955,1.7712,0.4137
0.8286,0.0006,1.2387,1.1890,0.4137
0.9560,0.0005,0.7149,1.0457,0.4137
4.7831,0.0007,4.7899,1.8141,0.4616
0.8437,0.0007,1.0698,1.3203,0.4616
1.5314,0.0005,0.7330,1.5787,0.4458
4.7451,0.0008,4.4293,0.9579,0.4177
0.8517,0.0005,1.0438,1.3472,0.4177
1.4370,0.0008,0.6652,1.2714,0.4177
5.3497,0.0007,4.9796,1.7487,0.4362
0.8859,0.0006,1.2665,1.3273,0.4362
1.2014,0.0009,0.7924,1.3664,0.4362
5.0764,0.0007,4.8897,1.8330,0.4316
0.8922,0.0006,1.1329,1.2360,0.4316
1.1234,0.0006,0.7623,1.3381,0.4316
4.9517,0.0007,4.6199,1.4293,0.4388
1.0686,0.0006,1.1309,1.5880,0.4388
1.3712,0.0007,0.7959,1.2948,0.4251
5.3323,0.0007,5.1100,1.4091,0.4619
0.8131,0.0004,1.0980,1.1886,0.4619
1.0725,0.0004,0.7239,0.9447,0.4619
4.7117,0.0009,4.4748,1.8064,0.4310
0.7527,0.0008,0.9690,1.0295,0.4310
1.2158,0.0005,0.6750,1.3565,0.4242
4.9238,0.0008,4.5173,1.9282,0.4668
0.9200,0.0005,1.1640,1.2694,0.4668
1.3310,0.0005,0.8361,1.5537,0.4651
5.1254,0.0007,4.7883,1.2447,0.4319
0.7473,0.0004,1.0683,1.1534,0.4319
1.1737,0.0004,0.6644,1.0768,0.4319
4.8535,0.0006,4.5237,1.6292,0.4492
0.7780,0.0004,1.0263,1.3164,0.4492
1.4249,0.0006,0.6574,0.9939,0.4492
5.2997,0.0006,5.0553,2.1899,0.4555
0.8521,0.0005,1.1505,1.4977,0.4555
1.2211,0.0005,0.6877,1.1713,0.4555
4.6655,0.0005,4.3898,1.5204,0.4275
0.8699,0.0004,1.0070,1.2216,0.4275
1.2719,0.0007,0.9562,0.9875,0.4275
5.0010,0.0007,4.7971,1.8718,0.6481
0.9514,0.0004,1.1245,1.3523,0.6481
1.1991,0.0005,0.8641,1.0764,0.6481
4.8637,0.0006,4.6569,1.7078,0.4417
0.7567,0.0004,0.9876,1.0396,0.4417
1.0102,0.0005,0.6690,0.8385,0.4417
4.7144,0.0008,4.5374,1.4842,0.4542
1.1323,0.0008,1.0486,1.2757,0.4542
1.0630,0.0005,1.1457,1.3469,0.4542
4.9959,0.0006,4.9164,1.5462,0.4327
0.7652,0.0004,1.0475,1.1091,0.4327
1.1951,0.0006,0.7036,1.0173,0.4269
4.4520,0.0006,4.3533,1.5269,0.4277
0.7406,0.0004,0.9293,1.1566,0.4277
1.0910,0.0004,0.7317,1.1365,0.4277
5.9744,0.0007,5.6259,1.2770,0.4603
0.8358,0.0005,1.1231,1.4099,0.4603
1.2787,0.0003,0.7004,1.2510,0.4399
4.6830,0.0005,4.4629,1.1351,0.4398
0.7493,0.0005,0.9370,1.1929,0.4398
1.2207,0.0004,0.7223,1.1702,0.4398
4.9117,0.0008,4.5904,1.8079,0.4521
0.8953,0.0006,1.0768,1.4407,0.4521
1.2160,0.0006,0.7704,1.1928,0.4432
4.8466,0.0006,4.5574,1.4649,0.4426
0.7313,0.0004,0.9876,1.2558,0.4426
1.0712,0.0003,0.6124,1.0756,0.4426
4.7740,0.0006,4.4444,1.3279,0.4486
0.7561,0.0006,1.0038,1.2655,0.4486
1.2528,0.0006,0.6771,0.9116,0.4486
5.0315,0.0007,4.7069,1.9163,0.4336
0.9545,0.0007,1.0939,1.4476,0.4336
0.9469,0.0006,0.8443,0.8297,0.4336
4.5546,0.0014,4.3872,1.3842,0.4501
0.7535,0.0006,0.8872,1.1618,0.4501
1.2147,0.0003,0.6728,1.1629,0.4501
4.8060,0.0005,4.6772,1.6059,0.4447
0.9595,0.0004,1.0289,1.4582,0.4447
1.0558,0.0004,0.6862,0.8602,0.4447
4.8002,0.0007,4.5368,1.6961,0.4477
0.7643,0.0007,0.9932,1.0712,0.4477
1.0039,0.0007,0.6783,1.2344,0.4477
4.9104,0.0008,4.5509,1.6837,0.4341
1.3577,0.0004,1.0376,1.8507,0.4341
1.5714,0.0004,0.7882,1.5478,0.4341
5.1002,0.0007,4.9031,1.4791,0.4210
0.8019,0.0005,1.0652,1.2379,0.4210
1.0697,0.0004,0.7180,1.0479,0.4210
4.7159,0.0007,4.2890,1.4643,0.4410
0.8474,0.0006,1.1748,1.2290,0.4410
1.2657,0.0004,0.7430,1.2995,0.4410
5.1437,0.0007,4.8394,1.7791,0.4243
0.8073,0.0006,1.0693,1.3096,0.4243
1.2332,0.0005,0.7395,1.2446,0.4243
4.8678,0.0006,4.5886,1.3923,0.4244
0.7747,0.0005,1.0341,1.0505,0.4244
1.3287,0.0007,0.7842,1.1388,0.4244
4.8789,0.0007,4.7037,2.2103,0.4409
0.9044,0.0005,1.1351,1.3565,0.4409
1.2893,0.0004,0.8087,1.1901,0.4409
4.9722,0.0010,4.6518,1.5339,0.4252
0.8577,0.0006,1.1036,1.3491,0.4252
1.0549,0.0007,0.7280,1.0505,0.4252
4.9192,0.0005,4.6578,1.6394,0.4462
0.8874,0.0003,0.9805,1.0254,0.4462
1.2875,0.0003,0.8264,1.6107,0.4462
4.7305,0.0004,4.4218,1.2713,0.4527
0.7166,0.0003,0.9690,1.2178,0.4527
0.9329,0.0003,0.6212,0.8763,0.4527
4.4727,0.0006,4.2694,1.6675,0.4298
2.1499,0.0004,0.8189,2.4725,0.4298
1.5771,0.0005,0.7815,1.0535,0.4298
6.2683,0.0008,6.0847,2.2011,0.4536
0.8605,0.0006,1.1717,1.2662,0.4536
0.9759,0.0004,0.7565,1.1850,0.4536
4.4836,0.0008,4.2890,0.9759,0.4385
0.7710,0.0003,0.8272,1.1554,0.4385
1.0810,0.0003,0.6460,0.8831,0.4385
4.3969,0.0006,4.1333,1.4726,0.4209
0.7903,0.0003,0.9186,1.2213,0.4209
1.0552,0.0003,0.6453,0.9653,0.4209
4.5874,0.0007,4.3630,1.3960,0.4350
0.7221,0.0004,0.8891,1.1261,0.4350
0.9140,0.0004,0.6536,0.7823,0.4350
4.5089,0.0005,4.3277,1.5647,0.4240
0.7138,0.0002,0.8583,1.1048,0.4240
1.2481,0.0003,0.6556,1.1700,0.4432
4.6359,0.0007,4.3876,1.0866,1.0504
0.7242,0.0004,0.9981,1.1152,1.0504
0.9904,0.0004,0.6649,1.0322,1.0504
4.5390,0.0007,4.2492,1.6922,0.4256
0.6996,0.0003,0.9229,1.1678,0.4256
1.1243,0.0003,0.6038,1.0406,0.4256
4.3909,0.0004,4.1912,1.4055,0.4380
0.6905,0.0003,0.8915,1.1071,0.4380
1.1466,0.0004,0.6215,1.1124,0.4380
4.7253,0.0005,4.4474,1.0919,0.4221
0.7387,0.0004,0.9635,1.1377,0.4221
1.1347,0.0003,0.6341,1.0829,0.4221
4.2087,0.0004,4.0645,1.3589,0.4399
0.6744,0.0003,0.7584,1.0097,0.4399
1.1760,0.0003,0.6071,1.1802,0.4288
4.2017,0.0009,3.9241,1.6957,0.4279
0.7971,0.0004,0.9680,1.1505,0.4279
1.3012,0.0005,0.6920,0.9852,0.4279
4.6468,0.0006,4.4467,1.7835,0.4356
0.6819,0.0003,0.8378,1.1107,0.4356
1.2951,0.0002,0.6223,1.3078,0.4366
4.3291,0.0007,4.0977,0.8981,0.4298
0.6914,0.0005,0.9053,1.1015,0.4298
1.5108,0.0005,0.6059,1.5161,0.4147
4.7760,0.0006,4.3851,1.2878,0.4835
0.7600,0.0003,1.0567,1.1665,0.4835
1.1210,0.0004,0.6521,1.3036,0.4835
4.5867,0.0005,4.3223,1.8956,0.4275
0.7455,0.0003,0.8903,1.2306,0.4275
0.9515,0.0003,0.5965,0.8615,0.4275
4.3117,0.0005,4.0878,1.6077,0.4338
1.0541,0.0007,0.8946,1.4855,0.4338
1.4565,0.0004,0.8617,1.4578,0.4338
4.6266,0.0006,4.5096,1.7618,0.4281
1.1714,0.0004,0.8292,1.5198,0.4281
0.8701,0.0003,0.5926,0.8820,0.4281
4.1294,0.0004,3.9869,1.6456,0.4498
0.7232,0.0003,0.7633,1.0747,0.4498
0.9598,0.0003,0.6132,0.9493,0.4498
5.0624,0.0007,4.6520,1.4083,0.4527
0.8417,0.0005,1.0992,1.3795,0.4527
1.0231,0.0004,0.6753,0.8678,0.4527
4.2960,0.0006,4.1184,1.8258,0.4478
0.6842,0.0004,0.8079,1.0951,0.4478
1.2930,0.0006,0.6262,1.3002,0.4219
4.4565,0.0005,4.2145,1.4816,0.4262
1.0201,0.0004,0.8864,1.4171,0.4262
1.5720,0.0003,0.7449,1.5424,0.4714
4.7139,0.0004,4.5473,1.6039,0.4424
0.6809,0.0004,0.9001,0.9531,0.4424
0.9504,0.0003,0.6162,1.0659,0.4424
4.5912,0.0003,4.2462,1.2704,0.4643
0.8804,0.0004,1.0519,1.2667,0.4643
1.0984,0.0004,0.7563,1.1930,0.4643
5.2345,0.0009,4.8452,2.0620,0.4331
0.8651,0.0006,1.1778,1.3228,0.4331
1.1057,0.0009,0.7435,1.1138,0.4331
4.9052,0.0006,4.6383,1.6443,0.4350
1.2329,0.0004,1.0218,1.7211,0.4350
1.2496,0.0003,0.6624,1.2520,0.4350
4.9960,0.0006,4.6837,1.5041,0.4180
0.8358,0.0005,1.0896,1.3208,0.4180
0.9488,0.0004,0.7391,1.0411,0.4180
4.9315,0.0006,4.6278,1.7467,0.4412
0.8272,0.0005,1.0603,1.2559,0.4412
1.2603,0.0004,0.6822,1.3411,0.4303
5.3292,0.0009,4.8772,1.3414,0.4311
0.8949,0.0012,1.2432,1.3940,0.4311
1.7852,0.0009,0.8540,1.8400,0.7698
5.5608,0.0008,5.3806,2.0982,0.4028
0.9513,0.0006,1.2325,1.3723,0.4028
1.2085,0.0004,0.8606,1.3841,0.4028
5.5371,0.0009,5.1222,2.0579,0.6781
1.2508,0.0008,1.2302,1.8623,0.6781
1.7187,0.0005,0.8749,1.6753,0.4386
5.6735,0.0008,5.3983,1.1461,0.4247
1.2928,0.0006,1.2453,1.9562,0.4247
1.2104,0.0006,0.8193,1.1386,0.4247
6.2741,0.0006,5.8719,1.7657,0.4131
1.1884,0.0004,1.2651,1.8675,0.4131
1.5553,0.0007,0.8330,1.3535,0.4131
5.1365,0.0005,5.0936,2.1598,0.4268
0.8832,0.0004,1.1528,1.2888,0.4268
1.2570,0.0005,0.8383,1.3693,0.4206
5.1116,0.0005,4.8474,1.7983,0.4184
0.7784,0.0003,1.0962,1.2947,0.4184
1.1459,0.0003,0.6822,0.9586,0.4184
5.8328,0.0006,5.4641,1.7321,0.4577
0.7943,0.0005,1.0968,1.3676,0.4577
1.3886,0.0005,0.7126,1.3637,0.4577
5.1997,0.0008,4.7673,1.4982,0.4413
1.0026,0.0005,1.1738,1.6144,0.4413
1.3182,0.0006,0.7634,1.1329,0.4413
4.9942,0.0006,4.6969,2.1112,1.1284
0.8220,0.0003,1.0558,1.2882,1.1284
1.1459,0.0004,0.7217,1.1883,1.1284
4.9802,0.0005,4.6625,1.9167,0.4255
1.3158,0.0004,1.0442,1.8036,0.4255
1.5677,0.0003,0.7539,1.6528,0.4490
5.0254,0.0005,4.6205,1.4753,0.4431
1.3478,0.0005,1.1394,1.7282,0.4431
1.1817,0.0004,0.9918,1.1839,0.4431
5.0255,0.0006,4.7713,2.2021,0.4181
0.8753,0.0005,1.0638,1.3850,0.4181
1.5695,0.0004,0.6813,1.5490,0.4341
4.6380,0.0012,4.3626,1.3388,0.4163
0.7133,0.0005,0.9678,1.1556,0.4163
1.5626,0.0004,0.6559,1.5428,0.4163
5.2918,0.0007,5.0167,1.2888,0.4391
1.3484,0.0005,1.1009,1.9418,0.4391
1.6360,0.0003,0.7119,1.6435,0.4282
5.7497,0.0007,5.4426,1.6043,0.4219
1.0204,0.0004,1.0281,1.5470,0.4219
1.3565,0.0005,0.7044,1.3199,0.4427
5.6169,0.0009,5.3251,1.2504,0.4341
0.8090,0.0003,1.0731,1.3356,0.4341
1.3440,0.0004,0.7311,1.3531,0.4377
4.7149,0.0005,4.4353,1.8955,0.4097
0.8009,0.0004,1.0315,1.1343,0.4097
1.4147,0.0003,0.6746,1.5955,0.4097
5.0893,0.0008,4.7055,1.6291,0.4286
0.8079,0.0005,1.0827,1.2797,0.4286
1.1222,0.0003,0.6890,0.9436,0.4286
4.5971,0.0006,4.2926,1.8752,0.4401
0.9397,0.0003,0.9714,1.0270,0.4401
0.9017,0.0004,0.8685,1.0605,0.4401
4.9020,0.0007,4.5316,1.6307,0.4636
1.2928,0.0009,1.2536,1.3439,0.4636
0.7487,0.0007,1.2315,1.2067,0.4636
4.8673,0.0006,4.6236,1.7136,0.4309
0.7407,0.0004,0.9968,1.2084,0.4309
1.3551,0.0004,0.6499,1.3530,0.4473
4.6875,0.0005,4.4091,1.0896,0.4410
0.7362,0.0003,0.9211,1.1971,0.4410
1.5446,0.0004,0.6727,1.4866,0.4410
5.0687,0.0007,4.7378,1.9222,0.4495
0.7374,0.0003,1.0451,1.1149,0.4495
1.3525,0.0004,0.6710,1.5108,0.4411
4.8345,0.0007,4.5418,0.9399,0.4639
0.7386,0.0003,0.9840,1.2073,0.4639
1.3820,0.0003,0.6780,1.4055,0.4639
5.1923,0.0006,4.7443,1.2282,0.4277
1.2892,0.0005,1.1077,1.8569,0.4277
1.3704,0.0005,0.6957,1.2951,0.4407
4.9264,0.0006,4.7750,1.7545,0.4458
0.8010,0.0005,1.0306,1.0742,0.4458
0.9211,0.0005,0.7463,1.0556,0.4458
5.0777,0.0012,4.4614,1.3956,0.4294
1.0643,0.0008,1.3583,1.7920,0.4294
1.3880,0.0004,0.8369,1.4216,0.4294
4.7802,0.0004,4.5357,1.2063,0.4522
0.7064,0.0004,0.9777,1.2318,0.4522
1.2165,0.0003,0.6322,1.1689,0.4522
4.3797,0.0005,4.1584,1.9013,0.4386
0.6876,0.0003,0.8679,1.1138,0.4386
1.5868,0.0005,0.6462,1.5073,0.4241
5.2285,0.0005,4.9079,1.7801,0.4711
0.8221,0.0005,1.0897,1.3127,0.4711
1.0968,0.0002,0.7341,1.1504,0.4711
4.8248,0.0006,4.5828,1.6507,0.4259
0.7579,0.0004,1.0239,1.0706,0.4259
1.0418,0.0003,0.6743,1.2547,0.4259
4.9834,0.0006,4.5558,1.3868,0.4351
0.9241,0.0005,1.1082,1.4725,0.4351
1.6591,0.0004,0.7781,1.6325,0.4475
4.8575,0.0004,4.5984,1.4523,0.4556
0.7792,0.0004,1.0204,1.2538,0.4556
1.2337,0.0004,0.6814,1.2862,0.4556
4.9330,0.0007,4.5932,1.2450,0.4208
0.9553,0.0009,1.0833,1.4287,0.4208
1.6825,0.0009,0.8632,1.3186,0.4208
5.1383,0.0009,5.0063,2.6663,0.4292
1.0874,0.0003,1.0674,1.6163,0.4292
0.9597,0.0003,0.6866,0.9854,0.4292
4.6697,0.0004,4.3894,1.4333,0.4237
0.7105,0.0002,0.9522,1.0350,0.4237
1.2485,0.0004,0.6616,1.2122,0.4237
4.9103,0.0006,4.5323,2.3049,1.1278
1.1816,0.0005,1.0725,1.7263,1.1278
1.1590,0.0004,0.6905,1.0383,1.1278
4.7933,0.0006,4.5011,2.1038,0.4242
0.9649,0.0004,1.0003,1.4867,0.4242
1.5554,0.0005,0.6706,1.5306,0.4242
6.2067,0.0020,5.2873,1.8410,0.4269
1.3391,0.0007,1.6928,2.2384,0.4269
1.0191,0.0004,0.8819,1.1014,0.4269
5.4600,0.0011,4.8699,1.7173,0.4365
0.8231,0.0005,1.4461,1.3415,0.4365
1.2956,0.0005,0.7020,1.5638,0.4497
5.2564,0.0007,4.8611,1.1710,0.4301
1.0864,0.0002,1.1445,1.6976,0.4301
1.2329,0.0003,0.6717,1.2314,0.4301
4.9402,0.0008,4.6234,1.6087,0.4263
0.8480,0.0003,1.0262,1.3779,0.4263
1.2768,0.0005,0.6440,0.9402,0.4263
4.7600,0.0009,4.5402,1.6014,0.4318
1.1187,0.0003,0.9792,1.6300,0.4318
1.4141,0.0004,0.7349,1.0579,0.4318
6.4646,0.0008,6.0726,1.9412,0.4443
0.8418,0.0004,1.3990,1.5063,0.4443
1.1736,0.0003,0.6970,1.3256,0.4443
4.7945,0.0005,4.4658,1.9499,0.4197
1.1048,0.0003,1.0519,1.6392,0.4197
1.5688,0.0006,0.6640,1.4989,0.4197
4.9171,0.0006,4.6855,1.5442,0.4267
0.7800,0.0003,1.0375,1.3408,0.4267
1.5248,0.0004,0.6929,1.4135,0.4267
4.8136,0.0008,4.5235,1.4448,0.4105
1.1463,0.0005,1.0012,1.6618,0.4105
1.5309,0.0005,0.6258,1.5143,0.4245
5.3040,0.0006,4.9054,1.3856,0.4626
1.2253,0.0005,1.1550,1.7605,0.4626
1.2523,0.0004,0.7163,1.2703,0.4626
4.7185,0.0005,4.4673,1.9024,0.4241
0.9897,0.0005,0.9958,1.5127,0.4241
0.9746,0.0005,0.6665,0.7846,0.4241
6.1296,0.0009,5.7578,2.1375,1.0550
1.0679,0.0004,1.0809,1.6736,1.0550
1.2439,0.0003,0.6742,1.1523,1.0550
4.8927,0.0006,4.5407,1.3600,0.4221
1.2167,0.0004,1.0405,1.7182,0.4221
1.0931,0.0004,0.7507,1.1413,0.4221
5.0437,0.0007,4.6117,1.2332,0.4334
1.0281,0.0004,1.1704,1.5733,0.4334
1.3301,0.0003,0.9008,0.9701,0.4334
5.1989,0.0006,4.9476,2.6106,0.4240
0.8372,0.0004,1.1263,1.1420,0.4240
1.3232,0.0006,0.7253,1.5335,0.4460
4.8297,0.0005,4.5089,1.4057,0.4258
1.1582,0.0003,1.0363,1.6612,0.4258
1.7503,0.0005,0.7072,1.7319,0.4602
5.0848,0.0007,4.7742,1.4164,0.4287
0.7867,0.0003,1.1370,1.1759,0.4287
1.4059,0.0005,0.6767,1.4969,0.4425
4.7595,0.0008,4.5257,1.3346,0.4432
0.7431,0.0004,1.0362,1.3320,0.4432
1.5396,0.0004,0.6535,1.5156,0.4431
5.3195,0.0008,4.8880,1.1335,0.4489
0.8503,0.0005,1.1892,1.3431,0.4489
0.8748,0.0003,0.7161,0.9833,0.4489
4.9303,0.0007,4.5731,1.7835,0.4341
1.0351,0.0004,1.0354,1.5804,0.4341
1.3860,0.0004,0.7321,1.1687,0.4341
5.2732,0.0006,4.9778,1.7494,0.6401
1.2414,0.0005,1.1454,1.7409,0.6401
1.5940,0.0004,0.7723,1.6526,0.4484
4.8798,0.0006,4.5878,1.3577,0.4512
1.2199,0.0003,1.0032,1.7393,0.4512
1.5494,0.0004,0.6611,1.4931,0.4292
5.2801,0.0009,4.8775,1.2039,0.4343
0.8028,0.0004,1.2376,1.2786,0.4343
1.0606,0.0003,0.6677,1.1029,0.4343
4.8459,0.0007,4.5277,1.7378,0.4149
1.2106,0.0003,0.9872,1.7260,0.4149
1.1877,0.0003,0.6550,1.0029,0.4149
4.7064,0.0006,4.4721,1.6181,0.4297
0.8197,0.0005,0.9897,1.2955,0.4297
1.2929,0.0004,0.7025,1.2458,0.4297
4.7351,0.0005,4.5869,1.9243,0.4612
0.7451,0.0004,0.9776,1.1638,0.4612
1.0758,0.0004,0.6416,1.0940,0.4612
5.5040,0.0006,5.1748,1.5406,0.4321
1.2082,0.0002,1.0372,1.7369,0.4321
0.9169,0.0003,0.6878,0.7992,0.4321
4.9716,0.0007,4.7842,1.8733,0.4468
1.2235,0.0005,1.0368,1.6119,0.4468
0.9327,0.0004,0.8235,0.8800,0.4468
4.6797,0.0005,4.4821,1.6691,0.4291
0.7541,0.0004,0.9307,1.0055,0.4291
1.1533,0.0004,0.6758,1.0135,0.4291
5.1540,0.0012,4.6619,1.7770,0.4335
0.8933,0.0007,1.2734,1.3852,0.4335
1.1573,0.0003,0.7577,1.3563,0.4335
4.6550,0.0006,4.4381,1.1901,0.4425
0.8483,0.0003,0.8947,1.2690,0.4425
1.8196,0.0004,0.6372,1.6622,0.4400
4.4024,0.0005,4.3174,1.4432,0.4192
1.0299,0.0003,0.8847,1.4878,0.4192
1.5368,0.0006,0.6419,1.4830,0.4192
5.1217,0.0006,4.7275,1.5542,0.4673
1.0237,0.0006,1.1614,1.2313,0.4673
0.7201,0.0004,0.8967,1.0215,0.4673
4.5825,0.0004,4.3385,1.8723,0.4426
1.0532,0.0005,0.8989,1.1835,0.4426
1.1180,0.0003,1.0379,1.4174,0.4426
4.9647,0.0007,4.6007,1.5653,0.4377
0.8047,0.0004,1.0759,1.3960,0.4377
1.2419,0.0004,0.6722,1.2534,0.4377
4.6831,0.0007,4.3889,1.9337,0.4568
0.7032,0.0005,0.9455,1.1676,0.4568
1.1584,0.0003,0.6517,1.1439,0.4568
4.9033,0.0006,4.5404,1.6285,0.4321
0.8275,0.0005,1.0654,1.3462,0.4321
1.0943,0.0004,0.7322,0.9068,0.4321
5.1467,0.0006,4.8658,1.6946,0.4429
0.7717,0.0003,1.0853,1.3344,0.4429
1.3438,0.0003,0.6896,1.3925,0.4282
4.8407,0.0005,4.5044,1.2260,0.4384
1.2238,0.0004,1.0760,1.7323,0.4384
1.3035,0.0002,0.7265,1.0542,0.4384
5.1739,0.0009,4.8423,2.8745,0.4557
0.9823,0.0006,1.1048,1.0990,0.4557
1.1687,0.0004,0.8938,1.0588,0.4397
4.7781,0.0005,4.9940,1.7974,0.4416
0.8516,0.0003,0.9934,1.3553,0.4416
1.3210,0.0003,0.6771,1.2795,0.4416
5.0970,0.0007,4.6928,1.9331,0.4242
0.9370,0.0005,1.2148,1.2572,0.4242
1.0313,0.0004,0.8063,1.3566,0.4242
4.7927,0.0006,4.4992,1.8464,0.4383
0.7275,0.0003,0.9851,1.1929,0.4383
1.0831,0.0004,0.6390,1.0720,0.4383
4.9346,0.0004,4.5594,1.9579,0.4342
0.7551,0.0003,1.0177,1.2073,0.4342
1.3655,0.0003,0.7113,1.4236,0.4342
5.3179,0.0006,4.8410,1.8972,0.4366
1.0591,0.0007,1.2620,1.7084,0.4366
1.3244,0.0007,0.8453,1.3174,0.4366
4.8853,0.0006,4.6720,1.7245,0.4282
0.7923,0.0004,1.0305,1.1645,0.4282
1.3899,0.0003,0.7212,1.5171,0.4282
5.2777,0.0007,4.8926,1.7010,0.4231
0.9860,0.0007,1.1234,1.3674,0.4231
1.2006,0.0006,0.9000,1.3661,0.4231
5.1117,0.0007,4.7370,1.3122,0.4280
0.7966,0.0004,1.1417,1.3998,0.4280
1.4270,0.0004,0.7142,1.4105,0.4468
6.1785,0.0007,5.7824,1.2054,0.4447
1.0441,0.0007,1.1792,1.2118,0.4447
1.2459,0.0004,0.9231,1.5360,0.4585
5.7224,0.0007,5.5174,1.6071,0.4508
0.7487,0.0004,1.0019,1.2395,0.4508
1.3724,0.0004,0.6853,0.9915,0.4508
4.8439,0.0008,4.4237,1.8636,0.4271
1.1794,0.0007,1.1828,1.7339,0.4271
1.3398,0.0005,0.8028,1.1885,0.4271
4.9593,0.0005,4.6970,1.7589,0.4415
0.7497,0.0004,1.0845,1.2020,0.4415
0.9817,0.0003,0.6772,0.9944,0.4415
4.5191,0.0006,4.2367,1.9254,0.4432
0.7912,0.0006,1.0057,1.0031,0.4432
1.1616,0.0005,0.6698,1.3857,0.4432
5.1660,0.0008,4.7649,1.2181,0.4924
0.8096,0.0003,1.1041,1.3750,0.4924
1.2205,0.0006,0.6625,1.0392,0.4924
4.6523,0.0006,4.3766,1.4985,0.4604
0.7056,0.0005,0.9441,1.0071,0.4604
1.2047,0.0003,0.6336,1.3889,0.4576
4.9294,0.0007,4.4934,1.4753,0.4390
0.8022,0.0004,1.1007,1.2710,0.4390
1.0501,0.0003,0.7214,1.2204,0.4390
4.7628,0.0006,4.4681,1.4176,0.4360
0.7451,0.0005,0.9357,1.2090,0.4360
1.0366,0.0004,0.6338,1.0617,0.4360
4.5121,0.0005,4.2043,1.6516,0.4333
0.7278,0.0004,0.9523,1.2016,0.4333
1.5381,0.0005,0.6473,1.4747,0.4333
4.8191,0.0007,4.5612,1.4543,0.4437
0.7425,0.0003,0.9948,1.0168,0.4437
1.1314,0.0004,0.6399,1.3188,0.4520
4.5491,0.0004,4.2765,1.1400,0.4452
0.7572,0.0005,0.9780,1.2286,0.4452
1.3803,0.0003,0.6892,1.3640,0.4452
6.3504,0.0007,5.7827,1.2140,0.4372
1.2707,0.0004,1.3278,1.9434,0.4372
1.5116,0.0006,0.9627,1.4636,0.4455
5.7251,0.0006,5.4091,1.8315,0.4329
1.0399,0.0005,1.2698,1.3972,0.4329
0.6508,0.0003,0.9285,0.9836,0.4329
5.9302,0.0008,5.4055,1.3800,1.1535
0.9269,0.0007,1.2810,1.3283,1.1535
1.1851,0.0006,0.8179,1.4979,1.1535
5.2776,0.0007,4.9091,1.7645,0.4377
0.8216,0.0005,1.1161,1.2309,0.4377
1.0865,0.0005,0.7351,1.0197,0.4377
5.1522,0.0008,4.9815,2.0239,0.4444
0.9868,0.0007,1.2334,1.5877,0.4444
1.3762,0.0005,0.8463,1.1300,0.4444
5.1172,0.0008,4.7943,1.7164,0.4396
0.8594,0.0007,1.1486,1.1785,0.4396
1.1171,0.0007,0.7167,1.1912,0.4396
4.9999,0.0008,4.6008,2.1893,0.4256
0.8800,0.0009,1.1591,1.3591,0.4256
1.8350,0.0009,0.8849,1.8087,0.4604
5.3311,0.0008,5.1888,2.0726,0.4325
0.8261,0.0007,1.1616,1.4076,0.4325
1.5198,0.0004,0.7303,1.5110,0.4382
4.9713,0.0007,4.6514,1.5263,0.4384
0.8067,0.0007,1.0690,1.1709,0.4384
1.3784,0.0006,0.7648,1.5740,0.4376
5.4831,0.0008,5.0791,1.4402,0.4676
0.9591,0.0007,1.1972,1.3806,0.4676
1.1897,0.0005,0.8524,1.3076,0.4394
5.3952,0.0007,5.0595,2.0418,0.4469
1.6169,0.0007,1.2188,2.2013,0.4469
1.6158,0.0006,0.8429,1.5951,0.4350
6.2228,0.0008,5.8201,1.4251,0.4577
0.8615,0.0008,1.2918,1.4023,0.4577
0.8773,0.0007,0.7670,0.9593,0.4577
5.0237,0.0009,4.7318,1.8567,0.4593
0.8296,0.0007,1.0821,1.1112,0.4593
1.0586,0.0007,0.7569,0.9390,0.4593
5.2955,0.0007,4.8154,2.3850,0.4256
0.9026,0.0004,1.2576,1.2713,0.4256
1.1539,0.0005,0.7980,1.4407,0.4256
5.1471,0.0007,4.8211,1.7188,0.4512
0.8520,0.0005,1.1020,1.2815,0.4512
1.2366,0.0004,0.7376,1.3468,0.4512
5.0867,0.0007,4.7082,1.5376,0.4433
1.3388,0.0006,1.2034,1.6797,0.4433
1.1115,0.0004,1.1391,1.0960,0.4433
5.3045,0.0008,5.0899,1.9982,0.4564
1.0954,0.0006,1.1889,1.3113,0.4564
0.8185,0.0005,0.9920,1.0368,0.4564
4.9019,0.0004,4.6416,1.8872,0.4377
1.0388,0.0004,1.0652,1.5134,0.4377
1.6960,0.0006,0.7691,1.5999,0.4375
5.5634,0.0007,5.3348,1.8309,0.4362
1.0536,0.0007,1.2147,1.7174,0.4362
1.3216,0.0005,0.8440,1.3533,0.4362
4.8724,0.0007,4.6343,1.5502,0.4292
1.2128,0.0004,0.9937,1.7065,0.4292
1.2268,0.0004,0.6948,1.0093,0.4292
5.5400,0.0007,5.2880,2.7484,0.4444
0.9644,0.0007,1.1662,1.5609,0.4444
1.3093,0.0007,0.7558,1.0192,0.4444
5.0274,0.0007,4.7858,1.8669,0.4288
1.1719,0.0006,1.0941,1.6974,0.4288
1.4135,0.0006,0.7356,1.0796,0.4288
5.5295,0.0009,5.1341,1.8981,0.4437
1.2693,0.0004,1.1968,1.9070,0.4437
1.5468,0.0004,0.7289,1.4111,0.4424
5.8557,0.0007,5.6884,1.6719,0.4290
0.7478,0.0004,1.1021,1.3472,0.4290
1.4630,0.0003,0.6415,1.2687,0.4290
5.2308,0.0007,4.8031,2.2808,0.4488
1.1158,0.0004,1.1560,1.6300,0.4488
1.7081,0.0004,0.7566,1.6707,0.4531
4.8148,0.0008,4.6321,1.2217,0.4297
1.1969,0.0002,1.0009,1.6602,0.4297
1.1891,0.0003,0.6970,0.9856,0.4297
5.1819,0.0011,4.7189,1.9726,0.4244
1.2201,0.0004,1.2608,1.8277,0.4244
1.2903,0.0005,0.9646,1.3169,0.4244
5.1129,0.0008,4.7967,1.8428,0.4227
1.0888,0.0003,1.1127,1.6707,0.4227
1.2508,0.0004,0.6871,1.2313,0.4227
5.0633,0.0009,4.4817,1.7610,0.4331
1.0598,0.0007,1.3753,1.5366,0.4331
1.3542,0.0004,0.9714,1.5477,0.4331
4.9307,0.0007,4.6597,2.0529,0.4421
1.1616,0.0005,1.0670,1.6465,0.4421
1.0793,0.0005,0.6824,1.1534,0.4421
4.9130,0.0007,4.4990,1.8296,0.4412
0.7780,0.0005,1.1170,1.3671,0.4412
1.6376,0.0009,0.7174,1.5903,0.4450
5.1807,0.0006,4.8994,1.6275,0.4295
0.7983,0.0004,1.1217,1.3503,0.4295
1.6887,0.0003,0.6653,1.6880,0.4365
4.8780,0.0005,4.5199,1.4601,0.4300
1.2384,0.0005,1.0890,1.8082,0.4300
1.1315,0.0008,0.7402,0.9588,0.4300
5.1502,0.0006,4.8700,2.0764,0.4358
1.2981,0.0003,1.1473,1.8177,0.4358
1.5534,0.0003,0.7527,1.2857,0.4358
4.8410,0.0005,4.5237,2.2276,0.4130
1.0283,0.0004,1.0634,1.5524,0.4130
1.6644,0.0005,0.6811,1.6484,0.4330
5.1168,0.0009,4.7696,1.3194,0.4281
1.3080,0.0004,1.0892,1.8499,0.4281
1.5912,0.0005,0.6518,1.6233,0.4450
4.8778,0.0006,4.5621,1.0968,0.4208
1.2410,0.0003,1.0343,1.6654,0.4208
1.1476,0.0004,0.7842,1.2102,0.4400
5.0808,0.0007,4.7544,1.5170,0.4252
1.4991,0.0004,1.1320,2.0667,0.4252
1.2439,0.0004,0.7361,1.0529,0.4252
4.9090,0.0006,4.5982,2.0649,0.4257
1.2666,0.0008,1.0370,1.7560,0.4257
1.6658,0.0003,0.7128,1.6755,0.4398
4.8569,0.0007,4.5307,1.2536,0.4561
0.9982,0.0008,1.1410,1.4597,0.4561
1.1495,0.0004,0.8798,1.2524,0.4561
4.8899,0.0007,4.6056,1.6360,0.4391
1.2172,0.0004,1.0873,1.7689,0.4391
1.2056,0.0004,0.6910,1.0751,0.4391
5.1162,0.0007,4.8265,1.7416,0.4377
0.7805,0.0003,1.1376,1.4058,0.4377
1.7180,0.0005,0.7329,1.6278,0.4377
5.1528,0.0008,4.7539,1.2512,0.4307
0.8338,0.0003,1.1626,1.3729,0.4307
1.5409,0.0006,0.7326,1.5567,0.4215
5.3095,0.0008,4.9407,0.9861,0.4296
0.8469,0.0003,1.1912,1.4114,0.4296
1.5578,0.0004,0.6768,1.5941,0.4296
5.2052,0.0006,4.7663,1.2825,0.4319
1.3325,0.0004,1.1623,1.9234,0.4319
1.1830,0.0006,0.7224,1.2337,0.4319
4.7571,0.0010,4.5004,1.3530,0.4059
0.8052,0.0007,0.9564,1.0372,0.4059
1.2879,0.0003,0.6973,1.5209,0.4059
4.8495,0.0007,4.4613,1.4192,0.4273
0.8263,0.0006,1.1308,1.2598,0.4273
1.2112,0.0002,0.6891,1.3355,0.4273
4.6927,0.0006,4.3786,1.4720,0.4224
0.9566,0.0004,0.9659,1.0421,0.4224
1.5151,0.0006,0.8653,1.8649,0.4463
4.4695,0.0005,4.2419,1.1948,0.4313
0.6581,0.0005,0.8865,1.0839,0.4313
1.4070,0.0008,0.6317,1.1108,0.4313
6.0180,0.0008,5.6684,1.8536,0.4212
1.0588,0.0003,1.1768,1.7167,0.4212
1.6533,0.0004,0.6649,1.6373,0.4350
4.6147,0.0012,4.3708,1.5138,0.4276
1.0159,0.0003,0.8955,1.4829,0.4276
1.3461,0.0003,0.6598,1.2411,0.4276
4.8157,0.0006,4.5811,1.3755,0.4362
0.9198,0.0005,1.1121,1.4427,0.4362
1.0509,0.0003,0.7005,0.8137,0.4362
4.5704,0.0004,4.3098,2.1492,0.4244
0.6974,0.0003,0.9082,1.1930,0.4244
1.2064,0.0004,0.6695,1.2012,0.4345
4.7652,0.0006,4.4584,1.5979,0.4310
1.0379,0.0003,1.0253,1.5532,0.4310
1.3249,0.0004,0.6866,1.2508,0.4333
4.9654,0.0005,4.6884,1.8799,0.4261
0.7970,0.0003,1.0719,1.2505,0.4261
1.4852,0.0003,0.6858,1.6191,0.4285
4.8255,0.0006,4.4685,1.4768,0.4439
1.2361,0.0005,1.0171,1.7695,0.4439
1.8339,0.0004,0.7820,1.7638,0.4499
5.3101,0.0007,4.8811,1.3732,0.4325
0.7942,0.0005,1.2638,1.2209,0.4325
1.2878,0.0005,0.6763,1.5581,0.4537
4.8306,0.0007,4.4959,1.3964,0.4274
0.6979,0.0004,0.9765,1.1830,0.4274
1.2740,0.0003,0.6134,1.2404,0.4375
4.9484,0.0005,4.5608,1.4056,0.4694
0.7606,0.0004,1.0641,1.2971,0.4694
1.1674,0.0003,0.6614,0.9947,0.4694
4.3233,0.0008,4.1331,1.8767,0.4433
0.7591,0.0003,0.8422,1.1614,0.4433
1.1912,0.0003,0.6722,1.1861,0.4293
4.4008,0.0005,4.1312,1.3877,0.4235
1.0202,0.0006,0.9664,1.0433,0.4235
0.7911,0.0004,0.9384,0.9689,0.4235
4.6152,0.0006,4.4688,2.0734,0.4474
0.7011,0.0005,0.8595,1.0947,0.4474
1.4325,0.0004,0.5981,1.4249,0.4519
4.1935,0.0003,4.0241,0.7316,0.4565
0.7441,0.0003,0.7875,1.0886,0.4565
1.2078,0.0003,0.6325,1.1734,0.4429
4.8201,0.0008,4.4899,1.3450,1.2014
0.8036,0.0005,1.0374,1.2991,1.2014
1.2624,0.0005,0.6602,1.2764,0.4430
4.3896,0.0006,4.1976,1.2033,0.4505
0.6769,0.0004,0.8353,0.9191,0.4505
0.8756,0.0004,0.6189,0.8758,0.4505
4.2551,0.0005,4.0299,1.7935,0.4363
0.6926,0.0004,0.8484,0.8995,0.4363
1.1259,0.0004,0.6387,1.1507,0.4363
4.5907,0.0005,4.4288,1.8364,0.4420
0.7095,0.0004,0.8909,1.0364,0.4420
0.7647,0.0004,0.6523,0.7449,0.4420
4.0564,0.0004,4.1272,1.7969,0.4438
0.6627,0.0003,0.6817,0.9644,0.4438
1.2947,0.0004,0.5770,1.2860,0.4344
4.1507,0.0009,3.7487,1.2747,0.4407
0.8990,0.0004,1.1401,1.0617,0.4407
0.8911,0.0003,0.7373,1.2064,0.4407
4.5710,0.0004,4.4002,1.5416,0.4446
0.6899,0.0003,0.8296,1.0881,0.4446
1.2806,0.0003,0.6018,1.2821,0.4272
4.2395,0.0003,4.0494,1.3109,0.4394
0.6826,0.0003,0.8089,0.9168,0.4394
1.1506,0.0003,0.6761,1.2684,0.4394
4.7454,0.0007,4.3962,1.3259,1.1577
0.7974,0.0005,1.0598,1.2729,1.1577
1.1553,0.0005,0.6943,1.0887,1.1577
4.4924,0.0004,4.2741,1.4248,0.4630
0.6957,0.0003,0.8889,1.1222,0.4630
1.2514,0.0005,0.6253,1.2072,0.4555
4.3763,0.0005,4.1843,0.8451,0.4362
0.8222,0.0005,0.8243,1.1955,0.4362
1.9533,0.0005,0.6849,1.8157,0.4665
4.7178,0.0004,4.5920,1.4411,0.4495
0.6894,0.0004,0.8803,1.0903,0.4495
1.1602,0.0003,0.6588,1.1775,0.4517
3.9596,0.0003,3.8187,1.2932,0.4301
0.6595,0.0003,0.7603,0.8471,0.4301
1.2047,0.0003,0.5978,1.2636,0.4333
4.3217,0.0006,4.0299,1.6952,0.4415
0.8444,0.0006,0.9118,1.3102,0.4415
1.0674,0.0004,0.6513,0.9716,0.4415
4.3613,0.0006,4.1675,1.7040,0.4314
0.6727,0.0004,0.8349,0.9028,0.4314
1.0942,0.0003,0.6078,1.2657,0.4314
4.3878,0.0008,4.1213,1.4740,0.4595
0.6790,0.0004,0.8887,1.1024,0.4595
1.0978,0.0003,0.6288,1.1148,0.4595
4.8096,0.0006,4.3582,1.4760,0.4434
0.7738,0.0004,1.1217,1.2708,0.4434
1.0236,0.0002,0.6585,0.8794,0.4434
4.2603,0.0006,4.0439,1.9851,0.4408
0.9957,0.0003,0.8325,1.4318,0.4408
1.1196,0.0003,0.6138,0.9357,0.4408
4.5099,0.0006,4.3021,1.3768,0.4384
0.7557,0.0005,0.9489,1.0330,0.4384
1.4564,0.0003,0.6841,1.5665,0.4773
4.2812,0.0004,4.2294,0.7676,0.4397
0.6985,0.0003,0.7396,1.0431,0.4397
1.1357,0.0003,0.5783,1.1109,0.4319
4.4192,0.0004,4.1619,1.4296,0.4478
1.2121,0.0004,0.8844,1.5321,0.4478
0.7871,0.0003,0.7398,0.8203,0.4478
4.7650,0.0007,4.4848,1.4283,0.6701
0.7292,0.0006,0.9683,1.0546,0.6701
1.0786,0.0003,0.6407,0.9038,0.6701
4.1989,0.0005,4.0442,1.9638,0.4394
0.6006,0.0004,0.7633,0.9649,0.4394
0.8374,0.0004,0.6085,0.9000,0.4394
4.0028,0.0003,3.8525,1.5396,0.4609
0.7133,0.0008,0.7358,1.0475,0.4609
0.8575,0.0003,0.6159,0.7905,0.4609
4.5669,0.0006,4.2359,1.6844,0.4637
0.7338,0.0003,0.9979,1.1796,0.4637
1.3595,0.0003,0.6531,1.4104,0.4465
4.3616,0.0005,4.1878,1.3934,0.4243
0.7005,0.0003,0.8274,1.0800,0.4243
1.3499,0.0003,0.6259,1.3454,0.4325
4.3140,0.0006,4.0954,1.1461,0.4556
0.8057,0.0004,0.8986,1.2485,0.4556
1.2131,0.0005,0.6871,1.0873,0.4556
4.9611,0.0006,4.7550,1.8702,0.4348
0.6904,0.0005,0.8896,1.1018,0.4348
1.3816,0.0003,0.6068,1.3550,0.4540
4.3028,0.0005,4.1610,0.7801,0.4230
0.7496,0.0003,0.8038,1.0971,0.4230
1.3224,0.0004,0.6292,1.3156,0.4568
4.6206,0.0006,4.3086,1.2902,0.6521
1.1528,0.0006,1.0563,1.0160,0.6521
0.6116,0.0003,1.0214,0.8127,0.6521
5.2342,0.0004,5.0556,1.2698,0.4392
0.6713,0.0006,0.8229,1.0291,0.4392
1.2362,0.0004,0.6545,1.2526,0.4417
4.1995,0.0004,3.9872,1.3207,0.4461
0.7601,0.0005,0.8718,0.9445,0.4461
0.9356,0.0004,0.7076,1.1058,0.4461
4.6273,0.0006,4.4497,2.1416,0.4408
0.6331,0.0003,0.8594,1.1440,0.4408
1.3697,0.0004,0.5619,1.3304,0.4578
4.2249,0.0003,4.0582,1.1059,0.4373
0.6288,0.0003,0.8140,0.9945,0.4373
1.1739,0.0004,0.5912,1.2420,0.4268
4.5090,0.0005,4.1242,1.0455,0.4422
0.7581,0.0003,1.0722,1.1200,0.4422
1.1174,0.0003,0.6516,1.2714,0.4422
4.2797,0.0004,4.1206,1.7500,0.4270
0.6746,0.0003,0.7289,1.0068,0.4270
1.2128,0.0004,0.5955,1.2175,0.4372
3.8835,0.0005,3.7367,1.2551,0.4592
0.6389,0.0002,0.7454,0.9855,0.4592
1.0861,0.0003,0.5813,1.0782,0.4592
5.0852,0.0007,4.6778,1.6368,0.4775
0.8041,0.0004,1.1074,1.3280,0.4775
1.1768,0.0004,0.6998,1.1858,0.4289
4.3243,0.0005,4.2228,1.4964,0.4315
0.8337,0.0005,0.8185,1.0972,0.4315
1.0026,0.0005,0.7751,0.9487,0.4315
4.7139,0.0008,4.4166,2.3969,0.4305
0.7847,0.0005,1.0411,1.0730,0.4305
0.9255,0.0006,0.7120,1.0595,0.4305
4.6797,0.0005,4.3819,1.9357,0.4359
0.8942,0.0005,0.9604,1.0406,0.4359
1.1096,0.0003,0.7895,1.4627,0.4491
4.2724,0.0004,4.0617,1.4372,0.4215
0.7091,0.0003,0.7955,1.0817,0.4215
1.1683,0.0002,0.6586,0.9808,0.4215
4.7353,0.0006,4.3700,1.7490,0.4409
0.7452,0.0004,1.0624,1.2437,0.4409
1.1530,0.0003,0.6527,0.9535,0.4409
5.1894,0.0004,5.0269,1.6676,0.4483
0.6702,0.0004,0.7787,0.8465,0.4483
1.1105,0.0003,0.6272,1.2809,0.4383
4.2024,0.0004,3.9926,1.6005,0.4547
0.7871,0.0004,0.8786,1.1762,0.4547
1.2223,0.0004,0.6433,1.1638,0.4547
5.1342,0.0005,4.9648,1.2843,0.4414
0.6800,0.0004,0.8799,0.9434,0.4414
0.8570,0.0003,0.6121,0.8370,0.4414
4.2753,0.0004,4.0695,1.4945,0.4442
0.7296,0.0004,0.8350,1.1010,0.4442
1.3236,0.0002,0.6295,1.3340,0.4684
4.5614,0.0006,4.1931,0.7360,0.4541
0.7936,0.0003,1.0206,1.2949,0.4541
15.1026,0.0010,14.4564,1.2747,0.4429
4.8195,0.0005,5.0833,1.3720,0.4794
1.0688,0.0003,1.2733,1.0154,0.4794
0.9807,0.0004,0.7707,1.2484,0.4404
4.7563,0.0004,4.4831,1.4048,0.4510
0.8163,0.0003,1.0559,1.1578,0.4510
1.0309,0.0003,0.7659,0.8486,0.4510
4.7264,0.0006,4.7190,1.3685,0.4692
0.8353,0.0004,1.0867,1.2869,0.4692
1.0884,0.0003,0.7510,1.1729,0.4692
4.5687,0.0004,4.3488,1.8094,0.4322
0.7464,0.0003,0.9323,1.1131,0.4322
1.0236,0.0003,0.6883,0.8652,0.4322
4.2776,0.0004,4.0503,1.5056,0.4308
0.7291,0.0004,0.9001,1.1775,0.4308
1.2298,0.0004,0.6398,0.9275,0.4308
4.7484,0.0004,4.5055,1.7969,0.4406
0.7588,0.0003,1.0019,1.2200,0.4406
1.3305,0.0004,0.6960,1.3184,0.4406
5.1010,0.0006,4.8348,1.8378,0.4252
0.7672,0.0003,1.0905,1.3854,0.4252
1.3218,0.0003,0.6389,1.2947,0.4252
5.0435,0.0007,4.6763,1.8722,0.4692
0.8586,0.0005,1.1056,1.3502,0.4692
1.2491,0.0003,0.7269,1.1921,0.4692
5.1790,0.0008,4.7925,1.7678,0.4265
0.8461,0.0005,1.1506,1.2071,0.4265
1.3137,0.0003,0.7089,1.5327,0.4265
4.8034,0.0006,4.4249,1.3315,0.4351
0.7998,0.0003,1.0817,1.3852,0.4351
1.4311,0.0003,0.6988,1.3655,0.4351
5.8277,0.0006,5.4670,1.7187,0.4317
0.8273,0.0003,1.0933,1.1436,0.4317
1.1298,0.0003,0.7097,1.3468,0.4217
5.0096,0.0007,4.6217,1.4716,0.4411
1.2726,0.0010,1.1044,1.5637,0.4411
1.5206,0.0005,0.9867,1.7286,0.4411
5.3848,0.0007,5.2397,1.7038,0.4459
0.8991,0.0006,1.1654,1.3506,0.4459
1.3513,0.0004,0.7425,1.4225,0.4459
5.0236,0.0005,4.7068,1.6277,0.4357
0.7560,0.0004,1.0424,1.2974,0.4357
1.2624,0.0003,0.6933,0.9672,0.4357
5.2857,0.0005,4.9571,2.7510,0.4440
0.7891,0.0004,1.0867,1.2622,0.4440
1.3932,0.0004,0.6563,1.4976,0.4440
4.6726,0.0003,4.3893,1.5326,0.4364
0.7213,0.0004,0.8968,1.1502,0.4364
1.1113,0.0005,0.6422,0.9107,0.4364
5.0254,0.0007,4.6516,1.9674,0.6602
1.1243,0.0003,1.0923,1.6955,0.6602
1.4594,0.0004,0.6486,1.4444,0.4400
4.8156,0.0008,4.4562,1.3886,0.4240
1.1424,0.0008,1.1058,1.6819,0.4240
1.6828,0.0006,0.7621,1.6718,0.4240
4.9209,0.0007,4.6053,1.4000,0.4596
0.8482,0.0005,1.0885,1.1646,0.4596
1.2282,0.0003,0.7371,1.4658,0.4596
4.8200,0.0004,4.5296,1.2705,0.4345
0.7246,0.0003,0.9787,1.2310,0.4345
1.3892,0.0004,0.6299,1.3141,0.4492
4.8012,0.0005,4.3802,1.1390,0.4343
0.7324,0.0003,1.1551,1.0806,0.4343
0.9124,0.0004,0.6196,0.9847,0.4343
6.4966,0.0007,6.2570,1.8373,0.4615
0.8085,0.0006,1.1162,1.3784,0.4615
1.4210,0.0006,0.6935,1.3872,0.4501
4.7138,0.0008,4.4646,1.4036,0.4298
0.8121,0.0006,0.9960,1.2627,0.4298
1.3271,0.0006,0.6900,1.2582,0.4363
5.0252,0.0007,4.7299,1.4722,1.1899
0.7748,0.0004,1.0511,1.3218,1.1899
1.1581,0.0004,0.6852,1.1646,1.1899
4.7207,0.0006,4.4452,1.4563,0.4632
0.7675,0.0004,0.9859,1.0841,0.4632
1.1262,0.0004,0.6677,1.2980,0.4632
6.1774,0.0007,5.4957,1.6097,0.4278
0.8091,0.0004,1.3915,1.3623,0.4278
0.9630,0.0002,0.6853,1.2903,0.4278
4.6913,0.0004,4.4048,1.2638,0.4358
0.9002,0.0003,0.9795,1.1902,0.4358
1.3782,0.0003,0.8326,1.5712,0.4427
4.8709,0.0005,4.5822,1.2329,0.4421
0.7338,0.0004,0.9799,1.2128,0.4421
1.4234,0.0004,0.6737,1.3531,0.4421
4.8804,0.0008,4.6069,1.4077,0.4317
0.7450,0.0005,1.0459,1.1510,0.4317
1.2893,0.0003,0.6611,1.4475,0.4359
4.6332,0.0005,4.3333,1.1066,0.4492
0.7307,0.0003,0.9931,1.0945,0.4492
1.0971,0.0003,0.6512,1.1666,0.4492
4.9246,0.0008,4.5376,1.6182,0.4319
0.8670,0.0005,1.1336,1.1986,0.4319
0.9297,0.0004,0.7202,1.1615,0.4319
4.7904,0.0005,4.4856,1.6813,0.4248
0.7603,0.0003,0.9996,1.1996,0.4248
1.1574,0.0003,0.6780,1.1914,0.4248
4.6434,0.0006,4.4074,1.3271,0.4126
0.7192,0.0002,0.8987,1.0785,0.4126
1.2705,0.0005,0.6895,1.3177,0.4126
4.8008,0.0008,4.5697,1.4517,0.4628
0.7235,0.0005,0.9827,1.1679,0.4628
1.0600,0.0003,0.6211,0.9324,0.4628
4.6016,0.0004,4.3131,1.8765,0.4468
0.7768,0.0003,0.9633,1.2450,0.4468
1.1699,0.0003,0.6629,1.1780,0.4468
4.9422,0.0007,4.5345,1.4350,0.4490
0.9019,0.0004,1.1205,1.4601,0.4490
1.1459,0.0003,0.7048,1.1596,0.4490
4.7236,0.0008,4.3905,1.1774,0.4404
0.7606,0.0005,0.9975,1.2764,0.4404
1.2159,0.0006,0.6288,1.2071,0.4330
4.7051,0.0008,4.3483,1.1180,0.4294
0.8464,0.0004,1.0133,1.3318,0.4294
1.4761,0.0005,0.7830,1.4663,0.4294
4.8790,0.0005,4.6263,1.8047,0.4409
0.6978,0.0003,0.9894,1.2070,0.4409
1.1892,0.0003,0.6179,1.1625,0.4409
4.8485,0.0006,4.7022,1.4755,0.4248
0.7208,0.0003,0.9988,1.2100,0.4248
1.1440,0.0003,0.6562,1.1375,0.4396
5.0594,0.0008,4.7057,1.1363,0.6413
0.8101,0.0005,1.1159,1.2414,0.6413
1.1183,0.0003,0.7266,0.8803,0.4315
4.7081,0.0004,4.8761,1.2217,0.4575
0.7801,0.0004,0.9852,1.2478,0.4575
1.1084,0.0005,0.6582,0.9841,0.4575
5.0135,0.0006,4.6646,2.0417,0.4421
1.0035,0.0007,1.1622,1.4606,0.4421
1.2264,0.0009,0.9520,1.3848,0.4421
5.0205,0.0005,4.7966,1.6325,0.4438
0.8110,0.0004,1.0639,1.2822,0.4438
1.1130,0.0003,0.7224,1.1788,0.4438
4.8271,0.0005,4.5182,1.7884,0.4463
0.8011,0.0003,1.0110,1.2704,0.4463
1.0042,0.0003,0.7239,1.0783,0.4463
5.2994,0.0007,4.8221,1.7251,0.4437
0.9307,0.0005,1.2167,1.5323,0.4437
1.2263,0.0005,0.7827,0.8925,0.4437
5.0391,0.0006,4.7045,2.3588,0.4403
1.2089,0.0004,1.0649,1.7153,0.4403
1.3127,0.0010,0.7051,1.3677,0.4403
5.2467,0.0009,4.8155,1.2290,0.4271
1.0193,0.0004,1.1323,1.6235,0.4271
1.6540,0.0004,0.7491,1.6717,0.4512
4.7117,0.0005,4.4738,1.1001,0.4314
0.7205,0.0005,0.9518,1.0729,0.4314
0.9202,0.0003,0.6549,0.9291,0.4314
4.4932,0.0008,4.2413,1.6905,0.4201
1.2626,0.0004,0.9222,1.6715,0.4201
1.2586,0.0003,0.7536,1.1624,0.4201
5.2457,0.0005,4.9468,1.2396,0.4324
0.8034,0.0003,1.1814,1.4789,0.4324
1.7418,0.0004,0.7150,1.7259,0.4324
4.8080,0.0006,4.4878,1.4469,0.4344
1.0964,0.0003,1.0244,1.6452,0.4344
1.3375,0.0005,0.6550,1.3100,0.4344
5.2778,0.0010,4.8892,1.5191,0.4179
0.7763,0.0003,1.1659,1.1842,0.4179
1.2338,0.0003,0.6755,1.0893,0.4179
4.8543,0.0007,4.5185,2.2833,0.4317
1.2468,0.0003,0.9940,1.8047,0.4317
0.9111,0.0003,0.6622,0.9465,0.4317
5.1822,0.0007,4.7757,1.5207,0.4546
1.4292,0.0004,1.0817,1.9998,0.4546
1.5353,0.0004,0.6667,1.2141,0.4546
4.8905,0.0008,4.6062,1.9973,0.4375
1.1927,0.0004,0.9681,1.6724,0.4375
1.6455,0.0004,0.6813,1.6204,0.4390
5.1791,0.0009,4.7491,1.1254,0.4425
0.8082,0.0004,1.2006,1.5089,0.4425
1.1332,0.0003,0.6572,0.9431,0.4425
4.8397,0.0006,4.4915,2.2252,0.4340
0.7711,0.0004,1.0449,1.1139,0.4340
0.9571,0.0003,0.6811,1.0508,0.4340
4.8350,0.0008,4.4512,1.6197,0.4438
1.3969,0.0008,1.1119,1.8594,0.4438
1.2900,0.0004,0.9144,1.3286,0.4438
5.1195,0.0007,4.9040,1.5749,0.4325
0.7447,0.0004,1.0948,1.2360,0.4325
1.1908,0.0003,0.6681,1.1797,0.4325
4.7008,0.0008,4.4462,1.7560,0.4094
1.0974,0.0006,1.0106,1.0618,0.4094
0.7455,0.0007,0.9819,1.0281,0.4094
5.5099,0.0007,5.1915,1.8105,1.1474
1.3909,0.0004,1.0833,1.8548,1.1474
1.0095,0.0006,0.7760,1.1152,0.4574
4.8985,0.0006,4.5906,1.5438,0.4548
1.1533,0.0004,0.9988,1.6799,0.4548
1.5637,0.0005,0.6473,1.1785,0.4548
5.2582,0.0008,4.9913,2.5917,0.4550
1.2445,0.0003,1.1090,1.8482,0.4550
1.5596,0.0004,0.6699,1.5775,0.4341
4.8045,0.0007,4.4407,1.4405,0.4296
1.3607,0.0004,1.1057,1.8792,0.4296
1.6843,0.0004,0.7548,1.5963,0.4347
5.1939,0.0006,5.0067,1.1915,0.4487
1.1687,0.0003,1.1182,1.7652,0.4487
1.5509,0.0004,0.7011,1.5616,0.4487
4.7594,0.0006,4.4520,1.4000,0.4203
1.0370,0.0004,1.0352,1.5635,0.4203
1.3366,0.0004,0.6700,1.0402,0.4203
4.7715,0.0009,4.4977,2.3928,0.4251
0.8984,0.0008,1.1081,1.1131,0.4251
0.8420,0.0004,0.8040,1.1178,0.4251
5.0503,0.0006,4.7417,2.1458,0.4351
0.8227,0.0006,1.1061,1.1971,0.4351
1.2388,0.0003,0.7012,1.1170,0.4351
4.8831,0.0006,4.5519,1.9544,0.4271
1.0024,0.0003,1.0943,1.5122,0.4271
1.3454,0.0004,0.7425,1.3446,0.4481
5.2118,0.0007,4.8815,1.9168,0.4846
1.1068,0.0004,1.1492,1.7310,0.4846
1.5359,0.0004,0.7019,1.5512,0.4486
4.8652,0.0007,4.6778,1.7379,0.4208
1.1651,0.0004,1.0252,1.6733,0.4208
1.5433,0.0003,0.6850,1.5429,0.4448
5.1097,0.0006,4.7044,1.0192,0.4403
0.7759,0.0003,1.1363,1.2289,0.4403
1.5592,0.0003,0.6791,1.6972,0.4385
5.0500,0.0007,4.5875,1.6380,0.4646
0.8389,0.0007,1.1993,1.2638,0.4646
1.2838,0.0005,0.6759,1.5426,0.4646
4.8602,0.0007,4.5199,1.6170,0.4548
0.9325,0.0003,1.0090,1.4906,0.4548
1.2470,0.0004,0.6596,1.0455,0.4548
4.9523,0.0007,4.5835,1.7786,0.4604
0.7610,0.0003,1.0367,1.2872,0.4604
1.2988,0.0004,0.6908,1.1728,0.4604
4.7566,0.0004,4.5052,2.0864,0.4660
1.1044,0.0004,0.9443,1.6048,0.4660
1.4995,0.0005,0.6584,1.2100,0.4660
6.1335,0.0005,6.0484,1.5346,0.4546
1.1759,0.0003,1.1006,1.7634,0.4546
1.3789,0.0003,0.6403,1.3508,0.4353
4.6142,0.0004,4.3367,1.3469,0.4164
1.0237,0.0003,0.9847,1.5171,0.4164
1.1478,0.0002,0.6805,1.0058,0.4164
4.9607,0.0005,4.4806,1.5825,0.4531
1.0567,0.0004,1.2132,1.6883,0.4531
1.4088,0.0003,0.8528,1.2127,0.4531
4.7239,0.0004,4.5758,1.8847,0.4214
0.7465,0.0003,0.9506,1.2498,0.4214
1.2026,0.0003,0.6298,1.2253,0.4214
4.7738,0.0008,4.3107,1.3902,0.4270
0.8417,0.0006,1.1582,1.2285,0.4270
1.1784,0.0005,0.7387,1.3749,0.4585
4.9807,0.0005,4.6826,1.2515,0.4252
0.7844,0.0004,1.0261,1.0706,0.4252
0.9983,0.0004,0.7094,1.2220,0.4252
5.7817,0.0005,5.4016,1.2412,0.4491
1.0286,0.0005,1.1365,1.3137,0.4491
1.0078,0.0003,0.9578,1.0865,0.4491
5.1165,0.0006,4.7441,1.7366,0.4386
0.9511,0.0005,1.1471,1.3412,0.4386
1.2431,0.0005,0.9032,1.1174,0.4386
5.0988,0.0004,4.7925,2.1216,0.4407
1.1441,0.0004,1.1191,1.2497,0.4407
1.1099,0.0003,1.0600,1.5448,0.4407
6.6207,0.0007,6.4693,1.3924,0.4990
0.8728,0.0005,1.3201,1.3827,0.4990
1.2137,0.0007,0.7399,1.3205,0.4990
4.9504,0.0007,4.7027,1.7076,0.4462
0.7544,0.0004,1.0332,1.0730,0.4462
1.1096,0.0004,0.6776,1.3086,0.4462
5.1376,0.0008,4.7584,1.6524,0.6538
0.8300,0.0002,1.1006,1.3849,0.6538
1.4311,0.0002,0.7205,1.4280,0.4424
4.6727,0.0006,4.4081,1.7118,0.4364
0.6998,0.0006,0.9237,1.1632,0.4364
1.1908,0.0002,0.6231,1.1898,0.4430
5.2640,0.0009,4.4852,1.2489,0.4268
0.9313,0.0005,1.4946,1.8044,0.4268
1.3233,0.0005,0.8710,1.3538,0.4268
5.1541,0.0006,5.1858,1.7915,0.4215
0.8514,0.0006,1.1306,1.1473,0.4215
1.1684,0.0005,0.7288,1.4599,0.4215
4.8906,0.0007,4.4660,1.3029,0.4358
0.7358,0.0002,1.0899,1.3454,0.4358
1.4169,0.0003,0.6829,1.1554,0.4358
4.8150,0.0005,4.8965,1.6344,0.4564
0.6672,0.0003,0.9611,1.1522,0.4564
1.0951,0.0003,0.6103,0.8844,0.4564
4.0395,0.0004,3.8795,1.4472,0.4343
0.6835,0.0002,0.7608,1.0329,0.4343
1.3042,0.0003,0.5834,1.3018,0.4402
4.3160,0.0005,4.0170,1.2650,0.4303
0.9846,0.0002,0.9455,1.4195,0.4303
1.2333,0.0003,0.6533,1.2369,0.4598
4.3351,0.0004,4.1526,1.2436,0.4357
0.7125,0.0003,0.8232,1.0897,0.4357
1.0614,0.0003,0.5919,1.0763,0.4357
4.3234,0.0009,3.9673,1.1012,0.4162
0.6889,0.0004,0.9800,1.2326,0.4162
1.5160,0.0003,0.6284,1.3574,0.4162
5.3652,0.0006,5.0045,1.5621,0.4184
1.1786,0.0004,1.0755,1.7342,0.4184
1.4195,0.0004,0.6999,0.9560,0.4184
4.8413,0.0005,4.5069,2.2916,0.4340
0.8224,0.0005,1.0705,1.1695,0.4340
1.3568,0.0005,0.7545,1.4735,0.4419
5.9884,0.0006,5.6125,1.3917,0.6569
0.8322,0.0004,1.1914,1.2415,0.6569
1.1664,0.0004,0.6941,1.0245,0.6569
4.3844,0.0005,4.2065,2.2300,0.4446
0.8242,0.0003,0.8146,1.2266,0.4446
1.0949,0.0003,0.6089,1.1117,0.4446
4.4671,0.0006,4.1841,1.6208,0.4389
0.8646,0.0005,1.0318,1.0675,0.4389
1.2797,0.0005,0.6884,1.3771,0.4389
4.7349,0.0005,4.4509,1.7023,0.4221
0.6663,0.0003,0.9626,1.1125,0.4221
0.9615,0.0003,0.6262,0.8491,0.4221
4.5238,0.0004,4.3025,1.4928,0.4434
0.7216,0.0003,0.8795,1.1307,0.4434
1.2777,0.0003,0.6105,1.2738,0.4508
5.2933,0.0009,4.9380,1.0528,0.4718
0.7904,0.0005,1.0548,1.3428,0.4718
1.2098,0.0003,0.6790,1.2269,0.4489
4.5011,0.0006,4.2767,1.1543,0.4296
0.6966,0.0004,0.8560,1.0991,0.4296
1.2630,0.0003,0.6132,1.1642,0.4342
4.5490,0.0004,4.2544,1.3695,0.4390
0.7723,0.0003,1.0384,1.3018,0.4390
1.5707,0.0004,0.6709,1.5469,0.4592
4.3775,0.0003,4.2124,0.9970,0.4587
0.6586,0.0003,0.7853,1.0155,0.4587
1.3501,0.0004,0.6653,1.3355,0.4403
4.2423,0.0005,4.0749,1.3775,0.4285
0.6567,0.0003,0.8222,1.0180,0.4285
1.1188,0.0005,0.6317,1.0252,0.4285
5.2441,0.0005,4.8926,1.2778,0.6977
1.1740,0.0002,1.0767,1.6979,0.6977
1.0441,0.0003,0.7234,0.9516,0.6977
4.7041,0.0007,4.4992,1.6376,0.4154
1.1716,0.0003,0.9014,1.5929,0.4154
1.1082,0.0003,0.6128,0.9304,0.4154
4.3793,0.0005,4.0787,2.1004,0.4228
0.7686,0.0003,0.9968,1.1751,0.4228
1.2677,0.0003,0.6581,1.3108,0.4584
4.6841,0.0004,4.3549,1.4420,0.4410
0.7339,0.0003,1.0312,1.1230,0.4410
1.0254,0.0004,0.6319,1.0491,0.4410
4.3310,0.0004,4.1115,1.3569,0.4641
0.7241,0.0004,0.8468,1.0972,0.4641
1.0482,0.0003,0.6372,0.8754,0.4641
4.6929,0.0007,4.3358,1.6532,0.4338
0.7295,0.0003,1.0083,1.0681,0.4338
0.9569,0.0003,0.6285,1.1238,0.4338
4.5152,0.0004,4.2454,1.3649,0.4270
1.0709,0.0003,0.8663,1.5111,0.4270
1.0926,0.0004,0.6141,0.8929,0.4270
4.1482,0.0004,4.0273,1.7368,0.4625
0.6653,0.0003,0.7438,1.0046,0.4625
1.2398,0.0004,0.6141,1.0664,0.4625
4.8900,0.0007,4.7234,1.6496,0.4928
0.6938,0.0003,0.9629,1.1601,0.4928
1.1757,0.0003,0.6474,1.1834,0.4493
4.1915,0.0008,3.9920,1.3784,0.4391
0.6707,0.0004,0.8323,1.0769,0.4391
1.0233,0.0003,0.5688,0.7922,0.4391
4.4601,0.0005,4.1584,1.4458,0.4410
0.8606,0.0005,1.0157,1.1961,0.4410
1.5889,0.0005,0.7632,1.7365,0.4554
4.4827,0.0004,4.2863,1.0026,0.4391
0.7799,0.0004,0.8324,1.1672,0.4391
0.9047,0.0004,0.6088,0.9162,0.4391
4.4403,0.0006,4.1367,1.1836,0.4476
0.6900,0.0003,0.9545,0.9970,0.4476
0.9713,0.0004,0.6215,1.0119,0.4476
5.0918,0.0007,4.8432,1.3673,0.4774
0.7588,0.0005,1.0291,1.0685,0.4774
0.9229,0.0003,0.6631,1.1661,0.4774
4.0344,0.0003,3.8777,1.6158,0.4405
0.6386,0.0004,0.7316,0.9658,0.4405
0.9168,0.0003,0.5651,0.7782,0.4405
3.9172,0.0003,3.8026,1.7427,0.4448
0.6907,0.0003,0.7911,0.9786,0.4448
1.3040,0.0004,0.6042,1.2813,0.4448
4.5199,0.0005,4.3192,1.1641,0.4401
0.6950,0.0004,0.8773,1.0937,0.4401
1.2230,0.0005,0.6335,1.2447,0.4560
3.9312,0.0005,3.8096,1.2253,0.4470
0.6801,0.0003,0.7162,0.9956,0.4470
1.1097,0.0003,0.6127,1.0849,0.4292
4.0154,0.0003,3.7807,1.3204,0.4290
0.6946,0.0003,0.8681,1.0257,0.4290
1.1242,0.0003,0.6246,1.2009,0.4347
4.1797,0.0004,3.9826,1.2084,0.4484
0.6575,0.0003,0.7976,1.1070,0.4484
1.2758,0.0004,0.6090,1.2282,0.4418
3.9716,0.0004,3.8576,1.1862,0.4357
0.6819,0.0003,0.7413,1.0172,0.4357
1.2907,0.0005,0.5880,1.2780,0.4468
4.5487,0.0007,4.1966,1.3402,0.4508
0.7779,0.0003,1.0277,1.2895,0.4508
1.2461,0.0003,0.6697,1.2655,0.4526
4.1673,0.0005,4.0103,1.2317,0.4548
0.6523,0.0004,0.7859,0.8635,0.4548
0.9180,0.0003,0.6693,0.8312,0.4548
4.2641,0.0007,3.9985,2.1684,0.4499
0.6871,0.0004,0.9098,0.9654,0.4499
0.9731,0.0004,0.6082,1.1475,0.4499
4.4895,0.0006,4.1697,1.1640,0.4457
0.7131,0.0005,0.9607,1.0264,0.4457
0.9330,0.0003,0.6310,0.9834,0.4457
4.3093,0.0005,4.0654,1.8602,0.4236
0.6535,0.0003,0.8599,1.0558,0.4236
1.2545,0.0004,0.5942,1.2565,0.4403
4.4299,0.0004,4.1978,1.2515,0.4700
0.7073,0.0004,0.9232,1.1115,0.4700
1.1104,0.0004,0.6184,1.0001,0.4700
4.7652,0.0005,4.4885,2.1854,0.4270
0.7125,0.0003,0.9674,1.1185,0.4270
1.0229,0.0003,0.6340,1.1095,0.4270
4.3645,0.0009,4.0901,1.2405,0.4454
0.7377,0.0004,0.9170,1.1914,0.4454
1.0854,0.0004,0.6354,0.9128,0.4454
4.5207,0.0006,4.2113,1.7353,0.4444
0.7782,0.0005,0.9659,1.2534,0.4444
1.1651,0.0004,0.6239,1.1136,0.4444
4.3343,0.0006,4.1559,1.8096,0.4333
0.6452,0.0004,0.8188,1.0564,0.4333
1.1549,0.0005,0.6314,0.9650,0.4333
4.2666,0.0006,4.0592,1.4496,0.4367
0.8625,0.0003,0.8401,0.9174,0.4367
0.5411,0.0003,0.8047,0.8017,0.4367
5.3111,0.0006,4.8009,1.3979,0.4538
0.7655,0.0003,1.1578,1.1000,0.4538
1.2914,0.0003,0.6559,1.5659,0.4384
4.3546,0.0004,4.1265,1.3212,0.4313
0.7390,0.0002,0.8628,1.1210,0.4313
1.0366,0.0003,0.6317,1.0459,0.4453
4.2121,0.0004,4.0300,1.5038,0.4575
1.1183,0.0003,0.8360,0.9523,0.4575
0.7511,0.0004,1.1351,1.0033,0.4575
4.5892,0.0004,4.4383,1.4827,0.4314
0.6951,0.0004,0.8537,1.1056,0.4314
1.6402,0.0002,0.6154,1.6133,0.4488
4.1921,0.0004,4.0304,1.2724,0.4251
0.6899,0.0003,0.7680,1.0578,0.4251
1.1405,0.0003,0.6147,1.1315,0.4251
4.5958,0.0007,4.2007,1.2705,0.4501
0.7283,0.0003,1.0288,1.2502,0.4501
1.1286,0.0003,0.6720,0.9427,0.4501
4.7335,0.0006,4.4318,1.7161,0.4270
0.7268,0.0005,0.9705,1.2268,0.4270
1.2980,0.0005,0.6514,1.2632,0.4483
4.2956,0.0006,4.0733,1.1655,0.4245
0.6843,0.0004,0.8591,1.1240,0.4245
1.1052,0.0004,0.6460,0.9754,0.4245
4.6999,0.0003,4.4019,1.4050,0.4726
0.8147,0.0003,1.0368,1.3464,0.4726
1.1728,0.0003,0.6348,1.1829,0.4726
4.2965,0.0004,4.1226,1.5071,0.4348
0.7189,0.0003,0.7793,1.0765,0.4348
1.2367,0.0004,0.6190,1.2207,0.4273
4.4701,0.0006,4.1093,1.3495,0.4419
0.7652,0.0004,1.0478,1.0960,0.4419
1.0996,0.0004,0.6847,1.3268,0.4419
4.5793,0.0006,4.2597,1.3492,0.4418
1.1291,0.0004,0.9615,1.6500,0.4418
1.2788,0.0003,0.6448,1.0740,0.4418
4.7102,0.0005,4.4967,1.5601,0.4404
0.6920,0.0004,0.8699,0.9177,0.4404
1.0319,0.0004,0.6277,1.0805,0.4404
4.5568,0.0006,4.2499,1.6761,0.4408
0.7175,0.0005,0.9353,1.1964,0.4408
1.2449,0.0004,0.6599,1.2053,0.4263
4.6265,0.0006,4.3573,1.6672,0.4228
0.7168,0.0004,0.9775,1.0865,0.4228
0.8639,0.0003,0.6447,1.0320,0.4228
4.1515,0.0008,3.9006,1.6308,0.4311
0.9329,0.0005,0.8984,1.0400,0.4311
1.4078,0.0005,0.8674,1.0150,0.4311
4.6877,0.0006,5.1946,1.7836,0.4679
0.6476,0.0003,0.8915,1.1143,0.4679
1.2404,0.0003,0.6068,1.2208,0.4297
4.1819,0.0003,4.0160,1.4777,0.4193
0.7889,0.0003,0.8205,1.1293,0.4193
1.2132,0.0003,0.6314,1.1886,0.4333
4.6771,0.0005,4.3669,1.5157,0.4446
0.7004,0.0003,0.9835,1.2335,0.4446
1.1098,0.0003,0.6376,1.1025,0.4446
4.3794,0.0003,4.1789,1.7063,0.4232
0.6636,0.0003,0.8192,1.0407,0.4232
0.9523,0.0003,0.5981,0.9621,0.4232
4.1293,0.0006,3.9241,1.1600,0.4281
0.7341,0.0003,0.8224,1.1112,0.4281
1.4564,0.0006,0.6130,1.3948,0.4497
4.8407,0.0007,4.5098,1.2763,0.4322
0.6983,0.0003,1.0366,1.2202,0.4322
0.8711,0.0003,0.6375,0.8871,0.4322
4.8877,0.0005,4.6334,1.2782,0.4120
0.7251,0.0003,0.9236,1.2205,0.4120
1.2937,0.0004,0.6601,1.2827,0.4254
4.8095,0.0006,4.4635,1.2192,0.4293
0.8247,0.0006,0.9874,1.3925,0.4293
1.1196,0.0004,0.6453,1.1202,0.4293
4.3296,0.0005,4.1384,1.1368,0.4291
0.6826,0.0005,0.8207,1.0805,0.4291
0.9918,0.0004,0.6196,1.0033,0.4291
4.2863,0.0007,4.0144,1.2609,0.4368
0.6840,0.0005,0.8692,1.1078,0.4368
1.4388,0.0003,0.6114,1.4523,0.4447
4.8641,0.0006,4.5040,1.2811,0.4594
0.7515,0.0005,1.0185,1.5472,0.4594
1.1177,0.0003,0.6463,1.1485,0.4594
4.2696,0.0004,4.0504,1.9042,0.4206
0.6719,0.0003,0.8364,0.8958,0.4206
0.9243,0.0004,0.6138,0.8502,0.4206
4.5460,0.0006,4.1446,1.5574,0.4367
0.9593,0.0005,1.1270,1.5352,0.4367
1.6919,0.0003,0.8259,1.7126,0.4628
4.8573,0.0006,4.5888,1.2153,0.4179
0.7927,0.0006,0.9761,1.2576,0.4179
1.2100,0.0003,0.8016,0.9573,0.4179
4.7587,0.0004,4.6030,1.6672,0.4293
0.7412,0.0003,0.9227,1.2256,0.4293
1.3840,0.0004,0.6289,1.3974,0.4412
4.8338,0.0004,4.4809,1.1560,1.1841
0.7419,0.0004,1.0204,1.2212,1.1841
1.0902,0.0003,0.6494,1.1106,0.4379
4.3323,0.0004,4.1570,0.8646,0.4314
0.7312,0.0003,0.8110,1.1052,0.4314
1.2140,0.0003,0.6201,1.1909,0.4351
4.4719,0.0006,4.2518,1.3741,0.4519
0.7551,0.0004,0.9821,1.0481,0.4519
0.7665,0.0003,0.7102,0.8895,0.4519
4.3793,0.0004,4.3164,1.4244,0.4199
0.6757,0.0003,0.7950,1.0929,0.4199
1.3031,0.0003,0.6018,0.9857,0.4199
4.5662,0.0004,4.2458,1.7258,0.4266
0.7329,0.0003,0.9739,1.0266,0.4266
0.8356,0.0002,0.6433,1.0419,0.4266
4.7493,0.0007,4.3813,1.8673,1.0608
0.7406,0.0007,1.0136,1.2290,1.0608
0.9344,0.0007,0.6427,0.8755,1.0608
4.3676,0.0006,4.1553,1.8461,0.4353
0.6795,0.0003,0.8415,0.9336,0.4353
1.1044,0.0003,0.6190,1.1460,0.4447
5.4294,0.0005,5.2364,1.4659,0.4246
0.8139,0.0004,0.9727,1.2623,0.4246
1.2381,0.0003,0.8351,0.9970,0.4246
4.5969,0.0006,4.4948,1.7338,0.4339
0.6849,0.0003,0.8685,1.1170,0.4339
1.0865,0.0003,0.6190,0.8844,0.4339
4.4662,0.0004,4.2137,2.0689,0.4358
0.6967,0.0003,0.8909,1.1269,0.4358
1.0553,0.0003,0.6159,0.8760,0.4358
4.6148,0.0008,4.2403,1.3847,0.4350
0.7607,0.0004,1.0510,1.1335,0.4350
0.9156,0.0003,0.6650,0.9516,0.4350
4.6974,0.0005,4.3383,1.3033,0.4240
0.6886,0.0003,0.9813,1.1254,0.4240
1.3594,0.0003,0.6274,1.2890,0.4319
4.2713,0.0004,4.2178,1.3132,0.4095
0.6837,0.0002,0.8023,1.0572,0.4095
1.4734,0.0004,0.6396,1.4171,0.4365
4.5435,0.0006,4.3208,1.1907,0.4896
0.6705,0.0004,0.9063,1.1634,0.4896
1.1822,0.0003,0.5813,1.1683,0.4896
4.4847,0.0005,4.2065,1.0589,0.4567
0.7902,0.0004,0.9068,1.2250,0.4567
0.9106,0.0007,0.6272,0.8954,0.4481
4.3868,0.0007,4.0954,1.2376,0.4533
0.7948,0.0003,0.9558,1.0736,0.4533
0.8940,0.0004,0.7177,0.9156,0.4533
4.6657,0.0005,4.4457,1.3858,0.4420
1.2284,0.0003,0.8588,1.5490,0.4420
0.7336,0.0002,0.7037,0.8300,0.4420
4.3583,0.0007,4.1792,1.5914,0.4534
0.7446,0.0006,0.8485,1.1477,0.4534
1.1956,0.0004,0.6424,1.1691,0.4534
4.9133,0.0006,4.5964,1.5949,1.0810
0.6773,0.0003,0.9870,1.2058,1.0810
1.2362,0.0003,0.6037,1.0270,1.0810
4.3286,0.0004,4.2287,1.3389,0.4454
0.6966,0.0002,0.8018,1.0665,0.4454
1.2648,0.0003,0.6108,1.2556,0.4327
4.2167,0.0005,4.0462,1.2322,0.4511
0.7756,0.0003,0.8051,1.1547,0.4511
1.3540,0.0005,0.6607,1.3014,0.4511
4.6879,0.0007,4.5065,1.5194,0.4282
0.7393,0.0005,0.9229,1.1126,0.4282
1.1942,0.0005,0.6609,1.2649,0.4384
4.3292,0.0005,4.1310,1.3431,0.4393
0.6148,0.0003,0.7896,0.9623,0.4393
1.1816,0.0003,0.5778,1.2758,0.4393
4.6404,0.0008,4.2731,1.6497,0.4369
0.8049,0.0007,1.0015,1.1160,0.4369
1.1631,0.0004,0.7056,1.3459,0.4562
4.7453,0.0005,4.4400,0.9521,0.4398
0.7291,0.0003,0.9697,1.2343,0.4398
1.1975,0.0003,0.6448,1.2127,0.4398
4.5574,0.0005,4.3003,1.3942,0.4386
0.6481,0.0003,0.8700,1.0979,0.4386
0.9454,0.0003,0.6113,0.8227,0.4386
4.7897,0.0005,4.5213,1.8542,0.4447
0.7471,0.0004,0.9997,1.1849,0.4447
1.2881,0.0003,0.6573,1.3107,0.4231
4.2975,0.0004,4.1380,1.2364,0.4292
0.7153,0.0003,0.8214,1.0992,0.4292
1.0945,0.0003,0.6063,1.1162,0.4292
4.4928,0.0005,4.1899,1.2121,0.4515
0.9282,0.0003,0.9982,1.4372,0.4515
1.0950,0.0003,0.6678,0.9773,0.4515
4.3697,0.0005,4.1713,1.9362,0.4364
0.6449,0.0003,0.8192,0.9394,0.4364
0.9055,0.0003,0.5831,0.9475,0.4364
4.3574,0.0006,4.0889,1.8469,0.4290
0.7108,0.0003,0.9070,1.0860,0.4290
0.9794,0.0003,0.6304,1.0053,0.4290
4.7694,0.0100,4.3748,1.1583,0.4335
0.7501,0.0005,1.0711,1.3470,0.4335
1.4082,0.0003,0.6594,1.4136,0.4495
4.2898,0.0005,4.0597,1.3500,0.4507
0.7184,0.0003,0.8187,1.1171,0.4507
1.0442,0.0004,0.6255,1.0109,0.4507
4.3453,0.0005,4.1742,1.1633,0.4365
0.6989,0.0003,0.8533,0.9347,0.4365
1.3299,0.0003,0.6410,1.4607,0.4365
4.5770,0.0006,4.3521,1.4673,0.4280
0.7065,0.0003,0.8730,1.1317,0.4280
1.1519,0.0003,0.6615,0.9032,0.4280
4.2561,0.0003,4.0431,1.5877,0.4121
0.6770,0.0002,0.8382,1.1029,0.4121
1.0275,0.0004,0.6031,0.8159,0.4121
6.3618,0.0011,5.8185,1.8179,0.4399
0.9635,0.0006,1.2686,1.1549,0.4399
0.8594,0.0004,0.8380,1.2734,0.4399
4.4665,0.0006,4.2822,1.6381,0.4319
