frame_ms,scenario_ms,game_ms,render_ms,gpu_ms
1.3277,0.0006,0.6791,1.3384,0.3400
21.7902,0.0029,16.7919,1.4042,0.3521
2.0046,0.0006,3.8508,1.4042,0.3521
1.1666,0.0008,1.9353,1.7520,0.3521
1.2829,0.0006,1.0470,1.6723,0.4598
2.1214,0.0006,1.0664,1.9952,0.4318
1.5019,0.0006,1.3199,1.6296,0.4309
1.7950,0.0005,1.2224,1.6105,0.4190
1.5276,0.0006,1.1794,1.4879,0.4352
1.4176,0.0006,1.6187,1.6288,0.4352
1.7846,0.0007,1.1920,1.7472,0.4380
1.7831,0.0005,1.1512,1.6540,0.4380
1.9617,0.0045,1.2364,2.0776,0.4406
1.4158,0.0006,1.1671,1.2136,0.4314
1.6125,0.0005,0.9355,1.9587,0.4261
2.0083,0.0004,0.7527,1.8971,0.3407
1.4402,0.0003,0.8974,1.3849,0.3407
1.3402,0.0005,0.8581,1.4765,0.3548
1.6315,0.0007,0.9281,1.2995,0.3699
1.4935,0.0046,0.9708,1.4683,0.3699
1.4718,0.0006,0.8575,1.7990,0.3358
1.6348,0.0006,0.9498,1.4081,0.3533
1.4903,0.0007,1.3072,1.5617,0.3575
1.7418,0.0005,1.0438,1.8519,0.3788
1.6739,0.0006,1.1535,1.6680,0.3722
1.7322,0.0003,0.8830,1.7111,0.3515
1.4059,0.0005,1.1041,1.4530,0.3547
1.6749,0.0024,1.0138,1.5760,0.3411
1.5558,0.0004,0.9618,1.6431,0.3665
1.5355,0.0008,0.8147,1.5305,0.3487
1.3380,0.0006,1.0230,1.1551,0.3487
2.3149,0.0008,1.0975,2.1790,0.3382
1.8017,0.0009,1.2364,1.9389,0.3382
2.1089,0.0008,1.5062,2.1143,0.3584
1.6388,0.0009,1.3468,1.6229,0.3466
1.8431,0.0006,1.1841,1.9694,0.3502
1.6563,0.0006,0.8566,1.5375,0.3526
1.5499,0.0007,0.9504,1.6668,0.3526
1.3591,0.0008,0.9088,1.1046,0.3497
1.6421,0.0006,0.9024,1.9074,0.3457
1.5013,0.0006,0.7450,1.5056,0.3371
1.3677,0.0007,0.7179,1.3486,0.3371
1.9833,0.0006,0.6896,1.9255,0.3611
1.2439,0.0005,0.8193,1.1834,0.3611
1.8210,0.0006,0.9425,1.9046,0.3386
1.8111,0.0005,0.8984,1.7898,0.3654
1.6408,0.0009,0.9835,1.5728,0.3654
1.7679,0.0006,0.8591,1.8367,0.3430
1.3847,0.0008,0.7102,1.2341,0.3430
1.9914,0.0005,1.2116,2.0260,0.3356
1.5807,0.0004,1.1480,1.7008,0.3451
1.7034,0.0005,0.7021,1.6361,0.3451
1.5194,0.0009,0.9603,1.4258,0.3440
1.8032,0.0006,0.9105,1.9119,0.3694
1.8425,0.0005,0.8140,1.7319,0.3436
1.4355,0.0007,0.9470,1.5507,0.3436
1.8969,0.0007,0.9295,1.8301,0.3428
1.3602,0.0004,0.8989,1.1868,0.3424
1.5648,0.0008,0.7889,1.6024,0.3708
1.8075,0.0006,0.8742,1.9817,0.3396
1.4378,0.0168,0.8919,1.3204,0.3487
1.8663,0.0006,0.9076,1.9576,0.3486
1.3974,0.0005,0.7907,1.1611,0.3486
2.1214,0.0005,0.8803,2.3026,0.3888
1.4331,0.0006,0.9462,1.1443,0.3629
1.6032,0.0007,1.0856,1.9462,0.3423
1.8008,0.0008,0.7637,1.6346,0.3471
1.1487,0.0006,0.9291,1.1828,0.3453
1.5529,0.0007,0.8921,1.6491,0.3453
1.1775,0.0005,0.7698,1.0220,0.3582
1.4701,0.0006,0.7356,1.5543,0.3448
1.6523,0.0004,0.8349,1.6576,0.3415
1.1484,0.0005,1.0507,1.1541,0.3419
1.8121,0.0006,0.8509,1.8195,0.3471
1.6102,0.0005,1.1455,1.5960,0.3588
1.7178,0.0006,0.9234,1.7215,0.3627
1.9063,0.0006,0.8776,1.8894,0.3450
1.4394,0.0005,0.8989,1.4421,0.3579
1.5780,0.0005,0.8762,1.3594,0.3489
1.4620,0.0005,1.0742,1.4018,0.3489
1.5624,0.0005,1.1001,1.8016,0.3351
1.5183,0.0005,0.7529,1.4292,0.3537
1.5835,0.0005,0.9793,1.7023,0.3462
1.3439,0.0006,0.9785,1.3273,0.3462
1.7504,0.0008,0.9879,1.6994,0.3459
1.3899,0.0006,1.1856,1.2229,0.3419
1.4412,0.0006,1.2698,1.3480,0.3419
1.4091,0.0008,1.0213,1.7224,0.3769
1.7088,0.0006,0.7308,1.6846,0.3498
1.1384,0.0005,0.7535,1.0909,0.3498
1.4576,0.0005,0.7827,1.3503,0.3330
1.7070,0.0006,0.9090,1.5085,0.3455
1.4266,0.0006,0.9891,1.6305,0.3455
1.4295,0.0006,0.8177,1.4702,0.3316
1.3223,0.0005,0.7346,1.4162,0.3623
1.2882,0.0007,0.9287,1.1186,0.3524
1.8024,0.0005,0.8452,1.6570,0.3468
1.4938,0.0006,0.9196,1.7717,0.3547
1.1790,0.0006,0.7376,1.1826,0.3547
1.4452,0.0008,0.7473,1.3803,0.3423
1.3142,0.0007,0.9628,1.3340,0.3544
1.4366,0.0005,0.9969,1.3751,0.3439
2.0598,0.0006,0.7609,2.1423,0.3473
0.9970,0.0005,0.7370,0.7860,0.3473
1.5756,0.0006,0.8250,1.4004,0.3611
1.5552,0.0010,0.8426,1.9307,0.3448
1.8030,0.0006,0.7044,1.7473,0.3884
1.7051,0.0006,0.8284,1.6096,0.3621
1.2778,0.0006,1.0912,1.3715,0.3494
1.5378,0.0006,0.8167,1.4830,0.3529
1.4109,0.0005,0.8832,1.3749,0.3425
1.2098,0.0004,1.0212,1.1751,0.3425
1.5543,0.0005,0.8561,1.6799,0.3502
1.4647,0.0005,0.7671,1.2077,0.3502
1.5602,0.0005,0.7283,1.7447,0.3417
1.5166,0.0007,0.8201,1.5734,0.3410
1.4107,0.0008,0.9548,1.2797,0.3390
2.0662,0.0007,0.7618,2.1104,0.3671
1.0393,0.0007,0.8857,0.9853,0.3393
1.3771,0.0005,1.0625,1.4795,0.3676
1.6272,0.0005,0.9868,1.4193,0.3526
1.7001,0.0007,0.7486,1.6146,0.3276
1.4690,0.0007,1.0671,1.4675,0.3276
1.7059,0.0006,1.1264,1.6847,0.3598
1.3684,0.0008,1.0953,1.6847,0.3598
1.3392,0.0005,0.7435,1.1239,0.3644
1.4597,0.0007,0.7438,1.6446,0.3504
1.4753,0.0007,0.8874,1.3543,0.3518
2.0366,0.0009,0.9366,1.7807,0.3530
1.4067,0.0008,1.4331,1.7266,0.3530
1.7144,0.0007,1.0480,1.7170,0.3584
1.4366,0.0006,0.9634,1.3869,0.3584
1.8404,0.0006,0.9683,1.9040,0.3419
1.4603,0.0005,0.7799,1.2675,0.3573
1.3426,0.0006,0.9801,1.5242,0.3470
1.4382,0.0005,0.8552,1.2287,0.3496
1.0403,0.0005,0.9076,1.2622,0.3496
1.5378,0.0007,0.7235,1.3290,0.3473
1.5730,0.0007,0.7151,1.7062,0.3348
2.0111,0.0007,0.8572,1.8213,0.3668
1.6062,0.0007,1.2748,1.6278,0.5320
1.2633,0.0009,1.0445,1.0529,0.3563
1.7993,0.0007,1.0285,1.9995,0.3508
1.2072,0.0005,1.1688,1.1768,0.3688
1.1239,0.0006,1.0500,1.1070,0.3688
1.4281,0.0005,0.7966,1.4501,0.3569
1.5473,0.0008,0.7228,1.4418,0.3669
1.5221,0.0008,0.9199,1.5253,0.3458
1.2442,0.0010,1.2477,1.2441,0.3458
2.1172,0.0008,0.7958,2.2412,0.3352
1.2897,0.0007,0.8582,1.1523,0.3352
2.1391,0.0007,1.3592,2.2237,0.8975
1.4359,0.0006,1.0444,1.4797,0.3462
1.1436,0.0005,0.9330,1.1568,0.3462
1.6804,0.0006,0.7794,1.2492,0.3308
1.1509,0.0007,0.9603,1.5884,0.3308
1.3998,0.0005,0.9964,1.2260,0.3566
1.4962,0.0005,0.7164,1.5019,0.3429
0.9398,0.0004,0.9070,1.0917,0.3429
1.6557,0.0014,0.6744,1.5146,0.3450
1.5632,0.0007,0.8275,1.5711,0.3516
2.0976,0.0006,0.9201,2.1265,0.3727
1.8423,0.0006,1.1577,1.8552,0.3784
1.2384,0.0007,0.9771,1.2597,0.3552
1.2941,0.0006,0.8994,1.3031,0.3481
1.1754,0.0007,0.8207,1.1304,0.3426
1.5995,0.0005,0.9951,1.6486,0.3362
1.3510,0.0005,0.9889,1.2422,0.3362
1.5820,0.0005,0.9557,1.5093,0.3518
1.6087,0.0007,0.9728,1.4581,0.3602
1.4699,0.0006,1.3708,1.4302,0.3602
1.7955,0.0006,1.1124,2.1102,0.3330
1.3026,0.0007,0.9710,0.9775,0.3330
2.0470,0.0007,0.9999,2.2917,0.3591
1.4132,0.0005,0.9922,1.4708,0.3476
1.3023,0.0005,0.8921,1.3262,0.3398
1.1680,0.0006,0.7607,1.0161,0.3398
1.7046,0.0005,0.9435,1.8378,0.3342
1.8483,0.0004,0.7752,1.8510,0.3413
1.2412,0.0004,0.7668,1.2052,0.3364
1.1362,0.0003,0.8735,1.0026,0.3364
1.5088,0.0004,1.0100,1.3875,0.3487
1.7928,0.0008,0.7920,1.5938,0.3423
1.9327,0.0008,0.7956,2.1644,0.3285
2.5079,0.0005,1.0693,2.6748,0.3655
1.4188,0.0004,0.9643,1.4426,0.3379
1.4129,0.0004,0.8323,1.4235,0.3594
1.6120,0.0005,0.7638,1.6131,0.3565
1.8394,0.0005,0.7642,1.8062,0.3483
1.4709,0.0005,0.7661,1.3362,0.3527
1.3287,0.0006,0.9852,1.2960,0.3527
1.7552,0.0006,0.8037,1.6986,0.3632
1.6162,0.0006,0.9301,1.8161,0.3370
1.6339,0.0010,0.8860,1.5948,0.3528
2.1918,0.0009,1.1771,2.0943,0.3578
1.3269,0.0005,1.1183,1.4405,0.3578
1.1655,0.0005,0.8884,1.1789,0.3628
1.5345,0.0007,0.7966,1.5062,0.3524
1.5394,0.0004,0.8373,1.5283,0.3456
1.6327,0.0007,0.8800,1.6214,0.3429
2.6384,0.0007,0.8052,2.5899,0.3367
1.0809,0.0006,0.8929,1.1510,0.3482
1.6922,0.0007,0.8382,1.6800,0.3438
1.7019,0.0007,0.7555,1.4186,0.3438
1.7938,0.0005,0.8114,2.0392,0.3578
2.1768,0.0008,0.9503,2.1657,0.3492
0.9709,0.0006,0.9579,0.9894,0.3492
2.0266,0.0004,0.8394,2.0117,0.3486
1.3236,0.0004,0.7753,1.3420,0.3365
1.8795,0.0004,0.8821,1.7872,0.3514
1.6032,0.0003,0.9579,1.6068,0.3453
1.1883,0.0003,0.9994,1.2816,0.3453
1.6690,0.0005,0.6938,1.5841,0.3333
1.3212,0.0005,0.8329,1.3506,0.3351
1.6928,0.0009,0.8947,1.5634,0.3351
1.5229,0.0005,0.9997,1.5810,0.3726
1.2737,0.0008,1.2165,1.3318,0.3759
2.0717,0.0006,0.7990,2.0410,0.3440
1.3542,0.0007,1.1492,1.1274,0.3585
1.9499,0.0006,0.8971,1.8666,0.3702
1.8953,0.0004,1.0365,2.1714,0.3479
1.5159,0.0005,0.9957,1.4789,0.3478
1.4963,0.0005,0.8538,1.5599,0.3376
1.5351,0.0006,0.8469,1.3983,0.3499
1.0984,0.0005,1.1056,1.0133,0.3499
1.5713,0.0006,0.8699,1.7327,0.3445
1.8694,0.0008,0.9177,1.5661,0.3535
1.9544,0.0008,1.0091,2.1797,0.3577
1.4073,0.0009,0.9293,1.3393,0.3577
1.7761,0.0006,0.8684,1.6517,0.3598
1.4649,0.0006,0.8535,1.6247,0.3437
1.7309,0.0004,0.9485,1.8229,0.3465
1.3266,0.0005,0.9008,1.0595,0.3512
1.5340,0.0005,1.0002,1.4153,0.3512
1.6991,0.0005,0.9162,1.7543,0.3498
1.7129,0.0006,0.8690,1.9868,0.3431
2.0454,0.0007,0.9713,1.8971,0.3480
2.3651,0.0006,1.1685,2.4124,0.3478
1.6930,0.0005,1.0977,1.6180,0.3716
1.1147,0.0004,1.3309,0.8585,0.3716
1.1223,0.0003,0.9928,1.4052,0.3400
1.8807,0.0006,1.0070,2.0112,0.3462
1.3444,0.0005,0.6907,1.3160,0.3462
2.3784,0.0007,0.7731,2.2307,0.3607
1.2083,0.0006,0.9403,1.3474,0.3607
1.3618,0.0007,0.7855,1.1064,0.3722
2.0298,0.0010,0.8732,2.2258,0.3723
1.6747,0.0007,0.9330,1.6710,0.3489
1.5708,0.0005,0.9032,1.5486,0.3489
2.3124,0.0005,0.7590,2.0430,0.3526
1.8606,0.0005,0.9242,2.1483,0.3514
1.8119,0.0007,1.0182,1.7871,0.3514
1.2561,0.0006,0.8585,1.2868,0.3494
2.0701,0.0007,0.8100,1.9175,0.3410
1.8289,0.0007,1.0531,1.8880,0.3688
1.9384,0.0006,1.8349,1.8924,0.3669
1.4891,0.0006,1.3515,1.4775,0.3596
1.5418,0.0005,1.1528,1.3587,0.3596
1.6271,0.0006,0.9879,1.6038,0.3529
1.4374,0.0006,1.0730,1.5568,0.3372
2.2256,0.0006,0.8251,2.2796,0.3508
1.4014,0.0004,1.0604,1.4660,0.3371
1.4066,0.0007,0.8741,1.4613,0.3482
1.4724,0.0005,0.8832,1.4807,0.3482
2.1128,0.0010,0.7500,1.7897,0.5233
0.9847,0.0006,1.1829,1.0430,0.3907
2.0886,0.0006,0.9390,2.1120,0.3531
1.0551,0.0006,1.1941,0.8933,0.3531
1.2516,0.0005,1.0101,1.6282,0.3393
1.9529,0.0006,0.8348,1.9177,0.3532
1.3235,0.0004,0.8547,1.3386,0.3313
1.9470,0.0005,0.8232,1.9197,0.3489
1.1257,0.0005,0.9079,1.0495,0.3489
1.7945,0.0005,0.8110,1.5328,0.3455
1.8895,0.0008,0.8382,1.6784,0.3409
1.8123,0.0009,0.9409,2.1759,0.3440
1.9403,0.0007,0.9567,2.0684,0.3592
1.9315,0.0006,0.9682,1.5795,0.3405
1.9283,0.0005,1.0669,2.2876,0.3561
1.7078,0.0007,0.9730,1.7090,0.3468
1.5742,0.0007,0.8275,1.4859,0.3471
1.8806,0.0008,0.8313,1.5483,0.3412
1.8833,0.0006,0.9037,2.3002,0.3493
1.4512,0.0005,0.7607,1.2967,0.3493
1.9525,0.0007,0.9875,1.7381,0.3448
2.1383,0.0006,1.2473,2.4348,0.3475
1.4938,0.0007,0.9717,1.5229,0.3591
1.6623,0.0005,0.9032,1.6372,0.3359
1.7464,0.0005,0.7876,1.7464,0.3482
1.2747,0.0003,0.8099,1.3363,0.3482
1.5617,0.0003,0.6961,1.4194,0.3403
1.7333,0.0004,0.7420,1.6372,0.3416
1.8592,0.0004,0.8116,2.0410,0.3410
1.3332,0.0007,0.7114,1.3145,0.3349
1.7437,0.0009,0.8449,1.6576,0.3514
1.6450,0.0009,1.3850,1.5622,0.3629
1.7169,0.0006,1.0387,1.6443,0.3629
1.8011,0.0005,0.7312,1.8299,0.3562
2.0691,0.0005,0.7384,2.1887,0.3339
1.4087,0.0003,0.8364,1.4981,0.3339
1.9179,0.0005,0.7085,1.8610,0.3421
1.0160,0.0004,0.7304,1.0666,0.3421
1.4154,0.0004,0.6832,1.3061,0.3403
1.7707,0.0003,0.6924,1.5748,0.3390
2.1063,0.0008,0.8672,2.2473,0.3774
1.8611,0.0009,0.9677,1.9544,0.3759
1.4741,0.0006,0.8157,1.4792,0.3437
2.1260,0.0004,0.7657,2.1188,0.3562
1.3739,0.0004,0.9177,1.3746,0.3371
1.3054,0.0003,0.6875,1.0417,0.3371
1.6814,0.0007,0.6942,1.7747,0.3427
1.6541,0.0007,0.7353,1.5579,0.3312
1.6593,0.0006,0.9395,1.8458,0.3537
2.1460,0.0006,0.9482,1.9861,0.3575
1.7916,0.0010,1.3697,1.5442,0.3497
1.2734,0.0007,1.4902,1.6242,0.3839
1.5787,0.0005,0.9638,1.6362,0.3839
1.5975,0.0004,0.8754,1.5364,0.3436
1.9206,0.0006,0.8074,1.9642,0.3479
1.6574,0.0006,0.8397,1.6069,0.3479
1.4758,0.0005,1.0154,1.2312,0.3436
1.7960,0.0005,0.7839,2.0241,0.3399
1.6429,0.0006,1.0237,1.6103,0.3399
1.7850,0.0007,0.9590,1.8029,0.3420
1.4127,0.0006,1.0244,1.2215,0.3589
1.9282,0.0010,0.9389,2.1110,0.5626
1.9637,0.0008,0.8935,1.8639,0.3430
1.4762,0.0006,1.1437,1.2646,0.3430
1.5386,0.0009,1.1144,1.8523,0.3375
1.9069,0.0008,1.0306,1.8726,0.3470
1.9451,0.0007,0.8998,1.9559,0.3470
1.9118,0.0006,0.9431,1.8987,0.3454
1.8596,0.0006,1.1398,1.8538,0.3320
2.0115,0.0008,1.2653,1.8099,0.3320
1.6328,0.0006,1.3954,1.5106,0.3724
1.7628,0.0006,1.3915,2.0873,0.3724
1.4745,0.0006,0.8172,1.5062,0.3397
1.5495,0.0006,0.7675,1.3525,0.3388
1.7692,0.0006,0.7302,1.6416,0.3388
1.2843,0.0005,0.9328,1.4803,0.3388
2.0736,0.0003,0.7643,1.7199,0.3377
1.4128,0.0005,1.0236,1.8559,0.3510
1.5075,0.0005,0.6922,1.5233,0.3420
1.3213,0.0005,0.6733,1.3143,0.3420
1.4366,0.0005,1.0900,1.3580,0.3705
1.5333,0.0005,0.8329,1.4494,0.3560
1.6075,0.0004,0.8669,1.7632,0.3612
1.0922,0.0004,0.7616,1.0013,0.3612
1.4565,0.0004,0.6478,1.3903,0.3514
1.9089,0.0005,0.7053,2.0206,0.3488
1.1885,0.0006,0.8233,1.1844,0.3410
1.2210,0.0004,0.9322,1.0736,0.3410
1.4967,0.0003,0.6809,1.4198,0.3618
1.6573,0.0005,0.6920,1.5076,0.3553
1.4553,0.0005,0.8083,1.6169,0.3326
1.9464,0.0006,0.9209,2.0397,0.3667
1.3806,0.0004,1.0022,1.4577,0.3714
1.1049,0.0004,0.9204,1.1295,0.3714
1.3457,0.0005,0.6629,1.2073,0.3584
1.5879,0.0004,0.7989,1.6873,0.3422
0.8650,0.0004,0.7105,0.8413,0.3422
1.4575,0.0003,0.6742,1.4898,0.3451
1.3719,0.0005,0.6675,1.1682,0.3466
1.2242,0.0005,0.7979,1.4099,0.3622
1.5307,0.0005,0.7314,1.5428,0.3393
1.2558,0.0006,0.6612,1.2558,0.3451
1.4558,0.0006,0.7055,1.0753,0.3403
1.4706,0.0005,0.9825,1.5669,0.3403
1.4069,0.0004,0.9446,1.5339,0.8505
1.4375,0.0003,1.0081,1.1585,0.3629
1.5411,0.0004,0.8667,1.7349,0.3465
1.3788,0.0003,0.9761,1.4443,0.3465
1.7539,0.0005,0.7244,1.8811,0.3571
1.3959,0.0004,0.6992,1.2033,0.3571
1.8355,0.0004,0.6732,1.9241,0.3316
1.3101,0.0007,0.7568,1.4174,0.3516
1.1187,0.0003,0.6342,1.1196,0.3516
1.4995,0.0004,0.6894,1.1376,0.3554
1.0569,0.0003,0.7693,1.3988,0.3554
1.9037,0.0008,0.6790,1.8260,0.3445
1.4656,0.0005,0.8304,1.5243,0.3585
1.1898,0.0005,0.7598,1.1283,0.3537
1.3465,0.0006,0.6867,1.2657,0.3380
1.2966,0.0006,0.7084,1.4340,0.3509
1.5196,0.0005,0.6722,1.0423,0.3402
1.2123,0.0005,0.8163,1.6830,0.3402
1.4235,0.0005,0.6344,1.1363,0.3317
1.5425,0.0008,0.8639,1.4878,0.3436
1.2911,0.0006,0.8472,1.5891,0.3436
1.5023,0.0005,0.7456,1.3077,0.3569
1.8735,0.0009,0.9130,2.0242,0.3690
1.5419,0.0006,1.0668,1.5609,1.0584
1.3587,0.0005,0.7915,1.3839,0.3681
1.0989,0.0003,0.7015,1.1142,0.3681
1.3527,0.0003,0.6903,1.3379,0.3360
1.2688,0.0004,0.9318,1.0591,0.3485
1.4075,0.0005,0.6834,1.5638,0.3459
1.1586,0.0004,0.6671,1.1301,0.3568
1.2550,0.0007,0.7035,1.3203,0.3648
1.1572,0.0005,0.6624,1.1316,0.3648
1.1824,0.0005,0.6582,1.1898,0.3359
1.1913,0.0005,0.7032,1.0515,0.3336
1.4373,0.0004,0.7469,1.3772,0.3566
2.1804,0.0261,0.8241,1.6975,0.3997
1.3644,0.0007,1.3510,1.8239,0.3759
1.1766,0.0008,1.2047,0.9235,0.3597
1.4975,0.0005,1.1665,1.7904,0.3745
1.0190,0.0004,0.9002,1.1557,0.3745
1.2393,0.0005,0.9517,1.2696,0.3490
1.1609,0.0005,0.7341,1.1526,0.3369
1.1262,0.0005,0.6327,1.1128,0.3392
1.5658,0.0004,0.5973,1.5491,0.3618
1.0955,0.0005,0.6519,1.1104,0.3591
0.9733,0.0010,0.7147,0.7402,0.3569
1.1401,0.0004,0.9395,1.3622,0.3569
1.2108,0.0006,0.7327,1.2199,0.3424
1.6071,0.0005,0.7403,1.3716,0.3619
1.7893,0.0005,0.9444,1.9657,0.3921
1.2197,0.0004,0.7717,1.2254,0.3438
1.2258,0.0006,0.7350,1.0841,0.3438
1.4395,0.0008,0.6837,1.3230,0.3350
1.2511,0.0006,0.9314,1.0255,0.3349
1.0392,0.0005,1.3802,1.0566,0.3476
1.2039,0.0004,0.8871,1.3726,0.3460
1.1834,0.0004,0.8172,1.3041,0.3460
1.3198,0.0004,0.7676,1.2831,0.3550
1.2941,0.0003,0.7155,1.4331,0.3547
1.7459,0.0004,0.6457,1.7211,0.3556
1.3922,0.0006,0.7094,1.3505,0.5280
1.7618,0.0006,0.8171,1.7475,0.3752
0.9351,0.0006,0.8839,0.9041,0.3752
1.3272,0.0005,0.8317,1.3865,0.3438
1.1571,0.0005,0.8367,1.1838,0.3515
1.1359,0.0004,0.6522,1.0525,0.3588
1.2220,0.0004,0.6927,1.3043,0.3489
1.1758,0.0005,0.6715,1.1657,0.3431
1.4780,0.0009,0.6775,1.1770,0.3742
1.3516,0.0006,0.8747,1.5407,0.3524
1.0149,0.0004,0.9244,0.9715,0.3524
1.3794,0.0006,0.7112,1.5137,0.3407
1.1133,0.0005,0.6902,1.1083,0.3407
1.2311,0.0006,0.8785,1.0698,0.3370
1.7084,0.0006,0.8361,1.5665,0.3710
1.8855,0.0007,0.9590,2.0014,0.3822
1.1767,0.0006,0.9622,0.7952,0.3524
0.9320,0.0004,1.1582,1.1048,0.3543
1.0166,0.0005,0.8654,1.3806,0.3543
1.1572,0.0005,0.6839,0.9156,0.3636
1.6175,0.0005,0.6308,1.7452,0.3452
1.1551,0.0005,0.7531,1.2711,0.3452
1.7159,0.0008,0.6184,1.7042,0.3576
1.0146,0.0005,0.6341,0.9407,0.3530
1.2841,0.0005,0.7303,1.0456,0.3530
1.8888,0.0005,0.6456,1.9215,0.3443
1.1161,0.0006,0.9969,1.2567,0.3443
1.5505,0.0005,1.1296,1.4574,0.3746
1.4024,0.0004,1.0035,1.5348,0.3709
1.5244,0.0003,0.7325,1.4249,0.3402
1.1558,0.0004,0.8182,1.2909,0.3402
1.3552,0.0010,0.6653,1.3886,0.3544
1.1527,0.0005,0.6682,1.1433,0.3536
1.1359,0.0006,0.7803,1.0560,0.3482
1.5085,0.0005,0.8761,1.2868,0.3523
1.2669,0.0004,0.8330,1.3298,0.3440
1.0539,0.0004,0.8602,1.2736,0.3440
1.4574,0.0004,0.6527,1.2827,0.3509
2.0108,0.0008,0.7488,2.0353,0.3539
1.7506,0.0006,1.1117,1.8332,0.3661
1.1583,0.0003,0.9697,0.9511,0.3708
1.1797,0.0005,1.1510,1.2583,0.3708
1.2638,0.0004,0.8811,1.4239,0.3565
1.0776,0.0005,0.9081,1.0670,0.3587
1.3365,0.0003,0.8794,1.3408,0.3563
1.0239,0.0003,0.8438,1.0155,0.3563
1.5058,0.0003,0.7766,1.1374,0.3537
1.2392,0.0003,0.9525,1.4328,0.3439
1.4425,0.0004,0.9983,1.6091,0.3524
1.4670,0.0006,0.6544,1.2665,0.3524
1.4955,0.0006,1.2091,0.9483,0.3669
1.2169,0.0006,1.3166,1.8977,0.3659
1.4126,0.0006,0.9269,1.1826,0.3561
1.2267,0.0007,1.0161,1.3604,0.3561
1.2226,0.0006,0.8177,1.2789,0.3447
1.3735,0.0005,0.7150,1.4014,0.3389
1.4669,0.0005,0.8188,1.2317,0.3365
1.2249,0.0005,0.8009,1.3404,0.3448
1.4725,0.0005,0.7765,1.4975,0.3457
1.0908,0.0005,0.7794,1.0826,0.3418
1.1634,0.0006,0.9119,1.0113,0.3357
1.5442,0.0005,1.0339,1.6032,0.3357
1.6704,0.0007,0.6489,1.8384,0.3477
1.5910,0.0006,0.7121,1.5560,0.3509
1.8251,0.0005,0.7884,1.8500,0.3390
1.5777,0.0006,0.7157,1.6007,0.3536
1.2597,0.0007,0.6962,1.2370,0.3558
1.0225,0.0004,0.7152,1.0577,0.3579
1.2702,0.0005,0.6638,1.2272,0.3579
1.3432,0.0006,0.6239,1.3626,0.3656
1.2392,0.0006,0.6504,1.2198,0.3537
1.6721,0.0005,0.7394,1.6496,0.3450
1.0644,0.0005,0.8666,1.0964,0.3450
1.3353,0.0005,0.7285,1.2787,0.3431
1.4219,0.0006,0.7074,1.4383,0.3502
1.8178,0.0009,0.8919,1.7564,0.3568
1.4035,0.0006,0.8947,1.1367,0.3568
1.4149,0.0006,0.8537,1.6969,0.3439
1.5289,0.0005,0.8447,1.3711,0.3540
1.3266,0.0005,0.7134,1.5403,0.3409
1.2939,0.0006,0.7365,1.1961,0.3465
1.1236,0.0005,1.0217,1.1300,0.3552
1.1836,0.0003,0.9248,1.1480,0.3481
1.4080,0.0005,0.6536,1.3402,0.3458
1.4264,0.0006,0.7656,1.5705,0.3489
1.4074,0.0005,0.7788,1.2142,0.3397
1.5732,0.0008,0.8822,1.7550,0.3397
1.7447,0.0006,0.7608,1.7175,0.3614
1.1462,0.0006,0.7756,1.1438,0.3614
1.3646,0.0005,0.7196,1.3017,0.3466
1.2576,0.0005,1.0798,1.0965,0.3466
1.3621,0.0005,0.6785,1.5740,0.3426
1.3958,0.0004,0.6855,1.3561,0.3479
1.3021,0.0003,0.7455,1.2999,0.3433
1.3436,0.0006,0.6556,1.3959,0.3421
1.5105,0.0007,0.6611,1.3583,0.3421
1.5667,0.0004,0.7398,1.7236,0.3530
1.5219,0.0004,0.6541,1.2994,0.3435
1.8394,0.0008,0.6953,1.9655,0.3537
1.5635,0.0005,0.8982,1.0499,0.3674
1.6345,0.0006,1.2911,2.1868,0.3641
1.2116,0.0004,0.8246,1.0239,0.3492
1.0469,0.0004,1.0019,1.2735,0.3492
1.4743,0.0003,0.7018,1.3774,0.3569
1.7596,0.0007,0.7549,1.8158,0.3432
1.2601,0.0006,0.7077,1.2711,0.3652
1.1303,0.0005,0.6986,0.9734,0.3479
1.0740,0.0006,0.8692,1.1813,0.3479
1.5111,0.0007,0.8998,1.3510,0.3475
1.0850,0.0006,0.8525,1.0730,0.3398
1.0976,0.0006,0.7920,1.2595,0.3398
1.3265,0.0004,1.0922,1.2761,0.3583
1.5409,0.0006,0.9142,1.3902,0.3838
1.3330,0.0007,0.8652,1.5440,0.3412
1.3129,0.0005,1.0401,1.0351,0.3450
0.8251,0.0005,1.1102,1.1165,0.3450
1.4130,0.0005,0.7200,1.1695,0.3462
1.3579,0.0005,0.9063,1.5694,0.3462
1.3613,0.0004,0.8937,1.2830,0.3550
1.3503,0.0006,0.7140,1.2872,0.3553
0.9641,0.0004,0.9121,1.0404,0.3553
1.4603,0.0005,0.8281,1.3826,0.3588
1.3669,0.0005,0.8280,1.2265,0.3397
1.4371,0.0006,0.8951,1.4663,0.3397
1.7310,0.0007,0.8188,1.8221,0.3760
1.3694,0.0005,0.9842,1.3116,0.3748
0.8589,0.0005,0.9413,0.9986,0.3748
1.5274,0.0004,0.6756,1.4337,0.3415
1.3928,0.0005,0.6561,1.3813,0.3568
1.4464,0.0005,0.8093,1.5894,0.3521
1.3267,0.0003,0.7978,1.0511,0.3481
1.5261,0.0003,0.7880,1.7834,0.3649
0.9641,0.0004,0.6609,0.9780,0.3649
1.0506,0.0004,0.6850,1.0071,0.3324
1.4201,0.0004,0.9356,1.1805,0.3625
1.5397,0.0006,0.8404,1.4916,0.3489
1.5060,0.0005,1.1139,1.7725,0.3492
1.3832,0.0005,0.9308,1.0547,0.3695
1.2513,0.0007,0.8570,1.4956,0.3537
1.2216,0.0007,0.8192,1.1131,0.3537
1.5522,0.0007,0.7486,1.7435,0.3442
1.3075,0.0005,0.8801,1.3184,0.3519
1.6373,0.0005,0.6988,1.2326,0.3361
1.0326,0.0006,0.8605,1.4295,0.3361
1.1372,0.0006,0.6977,1.1388,0.3506
1.4564,0.0005,0.6694,1.3343,0.3613
1.3018,0.0005,0.8037,1.0538,0.3511
1.3045,0.0005,0.9294,1.4459,0.3588
1.5503,0.0007,1.1791,1.6953,0.3588
1.6246,0.0006,0.8530,1.6425,0.3551
1.6505,0.0009,0.8374,1.6417,0.3534
1.2716,0.0007,0.7739,1.2880,0.3659
1.5045,0.0005,0.7600,1.5003,0.3631
1.2251,0.0006,0.7337,1.2092,0.3638
1.2907,0.0005,0.7340,1.3186,0.3446
1.2260,0.0005,0.6888,1.0825,0.3616
1.2658,0.0005,0.8388,1.2742,0.3616
1.1752,0.0006,0.7678,1.2959,0.3553
1.2015,0.0005,0.6510,1.2055,0.3425
1.2889,0.0006,0.6948,1.1294,0.3564
1.8336,0.0008,0.7166,1.8888,0.3517
1.6245,0.0009,0.9045,1.3575,0.3691
1.1011,0.0005,1.0437,1.2982,0.3503
1.0030,0.0006,1.0410,1.1330,0.3503
1.2882,0.0005,0.9455,1.1933,0.3579
1.1519,0.0004,0.7212,1.2608,0.3601
1.1882,0.0003,0.6336,1.1790,0.3517
0.9783,0.0004,0.6914,0.8840,0.3517
1.1912,0.0006,0.6573,1.2098,0.3530
1.2354,0.0005,0.8040,1.0861,0.3368
1.0072,0.0007,1.1942,1.0753,0.3326
1.1127,0.0008,0.9543,1.0924,0.3326
1.2021,0.0005,0.7714,1.3450,0.3412
1.3167,0.0006,0.6212,1.1605,0.3593
1.4710,0.0007,0.6921,1.5758,0.3612
1.6247,0.0008,0.7626,1.2545,0.3697
1.5206,0.0006,1.1090,1.8796,0.3446
1.2248,0.0007,0.8635,1.0444,0.3559
1.6012,0.0006,1.0372,1.7697,0.3619
1.3236,0.0006,0.7278,1.3013,0.3489
1.2496,0.0004,0.7610,1.2717,0.3414
1.2892,0.0006,0.6867,1.2920,0.3454
1.2644,0.0004,0.6848,1.2508,0.3573
1.3173,0.0005,0.7292,0.8834,0.3514
1.6164,0.0006,0.9307,1.9618,0.3474
0.9113,0.0005,0.8453,1.0079,0.3474
1.6972,0.0006,0.6844,1.3084,0.3690
1.8926,0.0006,1.3716,1.3534,0.3729
1.0203,0.0004,1.8126,1.3085,0.3695
0.7721,0.0004,0.7617,0.8136,0.3695
1.4735,0.0005,0.6568,1.5326,0.3614
0.9549,0.0004,0.8839,1.1482,0.3614
1.5513,0.0005,0.8541,1.2994,0.3571
1.3156,0.0004,0.8590,1.4586,0.3371
1.0915,0.0004,0.7699,1.0769,0.3371
1.3101,0.0006,0.6963,1.4072,0.3552
1.1037,0.0005,0.6423,0.9850,0.3464
1.4958,0.0006,0.6946,1.5855,0.3421
1.4245,0.0008,0.6781,1.4268,0.3467
1.3143,0.0008,0.7397,1.2696,0.3467
1.7155,0.0006,0.9230,1.7151,0.4009
1.1984,0.0007,0.7936,1.2261,0.3652
1.2812,0.0008,0.6985,1.2524,0.3419
1.2129,0.0005,0.6921,1.2339,0.3557
1.2156,0.0004,0.6576,1.2280,0.3511
1.1666,0.0005,0.6265,1.1341,0.3551
1.2301,0.0006,0.6482,1.2647,0.3400
1.2341,0.0004,0.6112,1.2260,0.3491
1.1789,0.0007,0.5919,1.1578,0.3517
1.0114,0.0005,0.6460,1.0233,0.3517
1.4008,0.0006,0.6148,1.2211,0.3462
1.2498,0.0005,0.8160,1.2167,0.3462
1.6356,0.0006,0.8135,1.5520,0.3430
1.5867,0.0006,0.7761,1.7297,0.3812
1.3278,0.0005,0.9271,1.4042,0.3460
1.1350,0.0004,0.8561,1.0025,0.3357
1.0909,0.0005,1.1481,1.2227,0.3464
1.3092,0.0005,0.8648,1.1922,0.3521
1.5454,0.0004,0.8154,1.6424,0.3698
1.2546,0.0005,0.7136,1.2504,0.3553
1.1633,0.0007,0.7055,1.1690,0.3621
1.0464,0.0004,0.7071,0.9954,0.3621
1.2426,0.0005,0.6798,1.3011,0.3464
1.6134,0.0005,0.8543,1.3566,0.3572
1.7678,0.0006,1.1500,1.7083,0.3838
1.1848,0.0006,1.6032,1.4416,0.3838
1.5812,0.0005,0.8804,1.4819,0.3782
1.4084,0.0006,0.7757,1.5394,0.3490
1.3902,0.0006,0.6911,1.3772,0.3401
1.2343,0.0006,0.7250,1.1126,0.3430
1.4589,0.0004,0.8549,1.3158,0.3414
1.2307,0.0007,0.8523,1.5074,0.3414
1.6046,0.0007,0.7279,1.3327,0.3616
1.5186,0.0004,0.8150,1.5903,0.3436
1.2293,0.0005,0.8854,1.3547,0.3436
1.9497,0.0005,1.0052,1.7888,0.3344
1.1862,0.0006,1.2264,1.0433,0.3344
2.1885,0.0007,0.8614,2.5078,0.3783
1.3026,0.0004,0.7792,1.3021,0.3603
1.2409,0.0005,0.7265,1.2510,0.3410
1.1090,0.0004,0.6805,1.0341,0.3410
1.0831,0.0004,0.7335,1.1600,0.3696
1.2456,0.0005,0.7603,1.2092,0.3495
1.4895,0.0004,0.6497,1.4566,0.3521
1.4689,0.0006,0.6819,1.3728,0.3471
0.9935,0.0006,0.8095,0.8362,0.3471
1.4168,0.0006,1.0238,1.5683,0.3579
1.7620,0.0007,0.8233,1.8381,0.3466
1.5285,0.0007,0.8598,1.4971,0.3564
1.4754,0.0006,1.2684,1.4600,0.3934
1.9232,0.0007,0.9105,1.8069,0.3719
1.7564,0.0005,1.0151,1.8697,0.3522
1.3035,0.0005,1.0411,1.2095,0.3417
1.8381,0.0006,0.8145,1.6547,0.3423
1.4521,0.0005,0.9074,1.7584,0.3484
1.8915,0.0006,0.9734,1.4821,0.3555
1.3940,0.0006,1.3818,1.5457,0.3598
1.2249,0.0011,1.2695,1.3358,0.3598
1.5946,0.0008,0.9781,1.6785,0.3572
2.0013,0.0009,0.7775,1.9490,0.3580
1.2382,0.0006,0.9413,1.2914,0.3580
1.4308,0.0008,0.8760,1.4328,0.3336
1.3424,0.0004,1.0292,1.3316,0.3521
1.3879,0.0006,0.7417,1.0662,0.3521
1.6337,0.0005,0.9423,1.9197,0.3509
1.4670,0.0005,0.8444,1.1340,0.3509
1.5801,0.0007,0.8367,1.9206,0.3598
1.3262,0.0005,0.7705,1.2244,0.3457
1.6309,0.0005,0.7246,1.5167,0.3339
1.5494,0.0007,0.7550,1.3865,0.3481
1.3450,0.0010,0.8728,1.6387,0.3518
1.3956,0.0007,0.9175,1.1985,0.3613
1.5577,0.0006,0.8842,1.6777,0.3752
1.6387,0.0007,1.0327,1.6763,0.3447
1.3751,0.0008,1.1771,1.3201,0.3447
1.6864,0.0006,0.8954,1.4780,0.3529
1.8982,0.0006,1.1112,2.1539,0.3541
1.6292,0.0007,1.0218,1.6554,0.3541
1.5301,0.0008,0.9089,1.3708,0.3412
1.8215,0.0007,0.9764,1.9712,0.3554
2.0014,0.0008,1.0233,1.9294,0.3715
1.8375,0.0007,1.1112,1.8628,0.3506
1.7926,0.0007,1.3319,1.7744,0.3399
1.2100,0.0007,0.9372,1.1371,0.3399
1.6151,0.0007,0.8920,1.6832,0.3484
1.8322,0.0008,0.9056,1.6311,0.3424
1.9058,0.0008,0.9991,2.1079,0.3439
1.3112,0.0006,1.0601,1.1411,0.3439
1.7695,0.0006,0.8286,1.9621,0.3500
1.6467,0.0009,0.7762,1.4579,0.3459
1.8207,0.0006,0.8121,1.9661,0.3980
1.0815,0.0009,0.8915,0.8884,0.3980
1.5537,0.0006,0.9530,1.7415,0.3448
1.7727,0.0006,0.9530,1.7216,0.3431
1.3696,0.0006,1.0822,1.4376,0.3530
1.3555,0.0004,0.8855,1.4007,0.3530
1.6601,0.0006,0.7898,1.4763,0.3435
1.3421,0.0007,0.8864,1.3329,0.3435
1.8007,0.0006,0.8076,1.5361,0.3442
1.2549,0.0006,0.9994,1.5115,0.3614
1.5509,0.0007,0.9334,1.6907,0.3410
1.4416,0.0006,0.7587,1.3394,0.3410
1.6451,0.0005,0.9151,1.6128,0.3627
1.5428,0.0005,0.8696,1.5077,0.3410
1.2451,0.0005,1.0533,1.3268,0.3458
1.6703,0.0006,0.8123,1.7118,0.3545
1.1513,0.0004,0.7997,1.1633,0.3572
1.0275,0.0004,0.7493,0.9378,0.3572
1.7151,0.0007,0.7177,1.7400,0.3571
1.4524,0.0008,0.8594,1.4572,0.3571
1.0711,0.0008,0.8533,1.0167,0.3469
1.2095,0.0006,0.8879,1.2697,0.3477
1.6635,0.0009,0.8792,1.4570,0.3400
1.4219,0.0008,0.9265,1.5984,0.3400
1.7228,0.0008,0.8673,1.6959,0.3765
1.6062,0.0008,0.8485,1.6091,0.3896
1.5437,0.0008,0.9166,1.3798,0.3366
1.8283,0.0007,1.1920,1.9604,0.3304
1.4018,0.0008,0.9381,1.4465,0.3435
1.3484,0.0005,0.7789,1.2845,0.3633
1.6501,0.0004,0.7404,1.7014,0.3392
1.5775,0.0006,0.7133,1.5596,0.3443
1.3679,0.0005,0.8467,1.1623,0.3413
1.7481,0.0007,0.9884,1.9001,0.3413
1.6763,0.0006,0.8511,1.6714,0.3427
1.5953,0.0006,0.9290,1.4957,0.3427
1.7897,0.0005,0.9973,1.9187,0.3413
1.0985,0.0005,0.8662,0.9652,0.3413
1.7516,0.0006,0.8555,1.8813,0.3582
1.3519,0.0005,0.8393,1.2458,0.3582
1.4044,0.0004,1.0821,1.4937,0.3451
1.7737,0.0004,0.7929,1.6581,0.3420
1.3004,0.0004,0.9290,1.3816,0.3420
1.3592,0.0005,0.8911,1.3642,0.3367
1.8567,0.0006,0.7681,1.7743,0.3484
2.1890,0.0006,0.9448,2.1272,0.3829
1.1766,0.0004,1.1172,1.3194,0.3829
1.4742,0.0005,0.9783,1.4185,0.3613
1.5788,0.0004,1.0319,1.5101,0.3416
1.4596,0.0008,0.8490,1.2055,0.3584
1.5205,0.0005,0.7168,1.8166,0.3420
1.6158,0.0004,0.7502,1.5585,0.3772
1.5797,0.0006,0.7519,1.7064,0.3661
1.4281,0.0005,0.7348,1.4282,0.3604
1.6469,0.0004,0.8110,1.6289,0.3510
1.9533,0.0008,0.7483,1.5594,0.5127
1.0194,0.0005,1.3111,1.0607,0.5127
1.5937,0.0005,0.8479,1.8288,0.3654
2.0713,0.0005,0.7319,2.1698,0.3452
1.4862,0.0005,0.8084,1.2845,0.3452
1.6476,0.0006,1.0221,1.7953,0.3453
1.2711,0.0007,0.8542,1.0496,0.3453
1.7777,0.0006,0.9707,1.8760,0.3464
1.1752,0.0008,1.2145,1.0315,0.3464
2.3206,0.0007,0.7650,2.5547,0.3448
1.3710,0.0010,0.8216,0.9802,0.3448
2.0394,0.0008,1.2219,2.0704,0.3642
1.4177,0.0007,1.1141,1.7791,0.3642
1.3834,0.0007,0.8504,1.1280,0.3624
1.4804,0.0008,0.8360,1.4758,0.3471
1.6095,0.0005,0.7884,1.6504,0.3380
1.7993,0.0005,0.8579,2.0165,0.3545
1.3509,0.0005,0.7587,1.3537,0.3622
1.5820,0.0005,0.7884,1.5361,0.3481
1.3999,0.0005,0.7948,1.4511,0.3484
1.3403,0.0005,0.7757,0.9992,0.3491
1.8429,0.0006,0.9428,2.0688,0.3844
1.3260,0.0008,0.9141,1.3791,0.3756
1.4553,0.0007,0.8664,1.4450,0.3595
1.3161,0.0003,0.7650,1.3566,0.3306
1.3446,0.0005,0.6897,1.1231,0.3306
1.4688,0.0004,0.8321,1.5519,0.3464
1.4236,0.0004,0.7382,1.4574,0.3413
1.3185,0.0006,0.8105,1.3180,0.3427
1.3684,0.0006,0.9897,1.2868,0.3326
1.5546,0.0006,0.8127,1.5257,0.3394
1.2550,0.0007,0.7177,1.4418,0.3494
1.6355,0.0009,0.7037,1.2700,0.3553
1.8560,0.0007,1.1805,2.1261,0.3621
1.8323,0.0004,0.9267,1.7014,0.3698
1.2161,0.0004,1.0865,0.9528,0.3524
1.1332,0.0005,1.1380,1.5023,0.3524
1.2112,0.0005,0.8281,1.1701,0.3375
1.5706,0.0006,0.8412,1.5093,0.3477
1.5980,0.0006,0.8469,1.7523,0.3442
1.4473,0.0006,0.9346,1.2666,0.3482
1.4986,0.0004,0.8692,1.4378,0.3549
1.4196,0.0006,0.7619,1.4498,0.3476
1.6775,0.0006,0.8217,1.6345,0.3350
1.4954,0.0007,1.2532,1.3551,0.3350
1.4278,0.0006,1.5106,1.2729,0.3732
1.4594,0.0004,1.0621,1.6492,0.3512
1.3869,0.0004,0.9901,1.5397,0.3517
1.2465,0.0003,0.9593,1.2286,0.3517
1.5608,0.0004,0.7647,1.5982,0.3487
1.5222,0.0007,0.9495,1.3431,0.3487
1.8211,0.0006,1.0811,2.1212,0.3431
1.5128,0.0004,0.8506,1.2259,0.3419
1.5632,0.0007,0.9647,1.7787,0.3810
2.1866,0.0007,1.4675,2.1648,0.3515
1.4347,0.0006,1.1300,1.4558,0.3515
1.8765,0.0006,1.0024,1.7652,0.3718
1.4239,0.0006,1.2037,1.0572,0.3559
1.3244,0.0006,1.3928,1.1554,0.3386
0.9229,0.0007,1.2216,1.6033,0.3386
1.4228,0.0006,0.7796,1.2099,0.3531
1.1741,0.0006,0.7958,1.2992,0.3431
1.6550,0.0007,1.0263,1.6976,0.3434
1.7780,0.0008,0.7877,1.7434,0.3718
1.0668,0.0008,0.8204,0.9625,0.3718
1.5337,0.0005,0.8912,1.6578,0.3498
1.3627,0.0007,1.1049,1.2725,0.3498
1.7859,0.0006,1.0671,1.6629,0.3663
1.7177,0.0007,1.3057,1.7226,0.3390
1.3670,0.0007,0.9825,1.4457,0.3390
1.5997,0.0006,0.7892,1.6828,0.3388
1.2395,0.0005,0.8133,1.2636,0.3388
1.8025,0.0007,0.7863,1.7821,0.3525
1.1760,0.0007,0.8054,1.1805,0.3525
1.5639,0.0005,0.7921,1.5459,0.3524
1.3458,0.0006,0.8867,1.1957,0.3524
2.0696,0.0008,1.0031,1.9438,0.3470
1.3354,0.0006,1.0913,1.1259,0.3470
1.6056,0.0006,1.0342,2.0263,0.3594
1.5408,0.0007,0.8582,1.5464,0.3428
1.3207,0.0007,0.7863,1.3760,0.3469
1.5096,0.0007,0.7081,1.1514,0.3513
1.4275,0.0006,0.9260,1.4334,0.3513
1.4251,0.0007,0.9653,1.7325,0.3482
1.5840,0.0004,0.8851,1.2606,0.3409
1.4781,0.0004,0.9316,1.7424,0.3409
1.5920,0.0005,0.8674,1.2905,0.3385
1.2732,0.0007,1.0707,1.6038,0.3385
1.9021,0.0007,1.0441,1.2883,0.3358
1.5631,0.0009,1.1850,2.1313,0.3358
1.2433,0.0007,1.1629,1.2124,0.3830
1.4495,0.0006,1.0479,1.3901,0.3509
1.3840,0.0006,0.9677,1.3455,0.3537
1.6798,0.0006,0.8228,1.5774,0.3406
2.1557,0.0007,0.9331,2.1684,0.3664
1.1331,0.0006,1.3975,0.9444,0.3664
1.3571,0.0007,1.0545,1.4821,0.3446
1.6544,0.0004,0.8224,1.7813,0.3384
1.6020,0.0004,0.8251,1.6860,0.3423
1.8620,0.0008,0.8498,1.7861,0.3386
1.6033,0.0008,1.0576,1.3535,0.3624
2.1330,0.0009,1.2246,2.4596,0.3592
1.7450,0.0006,0.8729,1.6610,0.3516
1.0443,0.0007,0.9942,1.1103,0.3463
2.0438,0.0006,0.9878,1.9981,0.3527
1.3928,0.0005,1.0830,1.5035,0.3613
0.8907,0.0005,0.7461,0.8795,0.3613
1.2071,0.0005,0.6996,1.1325,0.3519
2.0477,0.0005,0.8039,1.9259,0.3599
1.1759,0.0006,1.0253,1.2475,0.3539
1.3037,0.0005,1.0555,1.3818,0.3539
1.5392,0.0006,0.8956,1.0392,0.3788
1.3579,0.0005,1.3431,1.6631,0.3653
1.7377,0.0005,0.8906,1.6442,0.3468
1.4796,0.0005,0.8465,1.3651,0.3457
2.0783,0.0005,0.9669,2.4491,0.3541
1.8101,0.0005,0.9524,1.6567,0.3692
1.3980,0.0004,0.9682,1.4599,0.3387
1.4878,0.0006,0.8811,1.5549,0.3444
1.5898,0.0007,0.7294,1.5322,0.3431
1.4590,0.0008,1.1487,1.0462,0.3628
1.5177,0.0006,1.3483,1.5825,0.3671
1.1067,0.0004,1.4787,1.5142,0.3938
1.1816,0.0006,0.8128,0.9754,0.3938
1.9005,0.0006,0.8148,2.0483,0.3529
1.3621,0.0006,0.9359,1.1204,0.3828
1.9856,0.0005,1.0615,2.2262,0.3662
1.5881,0.0004,0.8523,1.6128,0.3624
1.1238,0.0007,0.8290,1.1223,0.3679
1.1402,0.0006,0.8248,0.8740,0.3679
1.3529,0.0005,0.9004,1.4297,0.3485
2.6792,0.0006,0.8070,2.4501,0.3600
1.2255,0.0004,1.3733,1.5989,0.3672
1.4074,0.0005,0.9241,1.4150,0.3386
1.3160,0.0004,0.7550,1.2064,0.3360
1.7254,0.0006,0.9490,1.7799,0.3538
1.7970,0.0007,0.9004,1.7874,0.3620
1.3904,0.0005,0.8661,1.4306,0.3455
1.3319,0.0005,0.7907,1.3082,0.3544
1.2591,0.0005,0.7753,1.2810,0.3392
1.6140,0.0004,0.7235,1.5390,0.3623
1.0141,0.0005,0.8109,1.0230,0.3623
1.4779,0.0005,0.7596,1.3627,0.3553
2.4966,0.0008,0.8294,2.1839,0.3669
1.1887,0.0007,1.3452,1.4316,0.3704
1.7554,0.0005,1.0916,1.9455,0.3615
1.1085,0.0004,0.8349,0.8692,0.3615
1.5510,0.0004,1.0442,1.5555,0.3441
2.2160,0.0006,0.7497,2.3436,0.3521
1.2717,0.0005,0.9412,1.3816,0.3486
1.6413,0.0005,0.8831,1.5535,0.3486
1.4562,0.0005,0.9283,1.4275,0.3524
1.9972,0.0004,0.7469,1.8976,0.3557
1.4200,0.0006,1.0510,1.5506,0.3401
2.0029,0.0007,1.2185,1.5253,0.3809
1.6718,0.0005,0.9929,1.8983,0.3513
1.8139,0.0009,1.0033,1.8811,0.3450
1.8536,0.0006,0.9734,2.0547,0.3414
1.5523,0.0005,0.8083,1.3725,0.3434
1.6515,0.0006,0.9136,1.8249,0.3488
1.9931,0.0005,0.9613,1.9680,0.3572
1.6192,0.0006,0.8981,1.3543,0.3572
1.9573,0.0006,0.9335,2.0771,0.3521
1.5687,0.0008,1.0670,1.2548,0.3535
1.5745,0.0006,1.3950,1.7860,0.3583
1.6107,0.0006,1.2454,1.8193,0.3636
1.6365,0.0004,0.7914,1.6060,0.3636
1.7212,0.0007,0.8857,1.7511,0.3470
1.7491,0.0006,0.7179,1.5579,0.3313
1.7812,0.0006,0.7714,1.9589,0.3388
1.2810,0.0007,0.8164,1.0299,0.3388
1.4853,0.0005,0.8561,1.4846,0.3478
1.8406,0.0006,0.9293,2.0519,0.3492
1.6080,0.0006,0.8076,1.5193,0.3521
1.4380,0.0008,0.9849,1.4005,0.3946
1.7232,0.0004,0.9602,1.7697,0.3797
1.3474,0.0004,0.9054,1.2609,0.3375
1.5968,0.0005,0.8423,1.5523,0.3364
2.0232,0.0004,0.8472,2.1296,0.3576
1.6537,0.0005,1.1150,1.5647,0.3423
1.9618,0.0004,1.0892,1.9920,0.3403
1.4572,0.0006,1.0026,1.4882,0.3461
1.4222,0.0005,0.9792,1.5282,0.3461
2.0459,0.0007,0.8148,1.9672,0.3518
1.9568,0.0005,0.9600,1.8395,0.3784
2.0538,0.0006,0.9600,2.0114,0.3389
1.6338,0.0005,1.1425,1.5122,0.3389
1.8877,0.0005,0.9789,2.1009,0.3305
1.7671,0.0005,0.9760,1.8731,0.3493
1.8988,0.0007,0.8779,1.8191,0.3604
1.1482,0.0006,0.9234,1.1590,0.3604
1.7032,0.0006,1.1340,1.5948,0.3409
1.8293,0.0006,1.0889,1.9177,0.3409
1.6117,0.0008,1.2326,0.9810,0.3487
1.7732,0.0005,1.0309,2.2807,0.3472
1.9214,0.0005,0.9611,1.9278,0.3529
1.2565,0.0003,1.4215,0.8178,0.3512
1.4699,0.0005,1.0836,1.8798,0.3512
1.7296,0.0005,0.9345,1.3346,0.3423
1.4202,0.0006,0.9831,1.5754,0.3435
1.8638,0.0008,1.0280,2.1603,0.3486
1.2684,0.0006,1.0206,1.0066,0.3486
2.0035,0.0007,0.7381,2.1996,0.3308
1.9895,0.0010,0.8775,1.4755,0.3679
1.7100,0.0007,1.3814,2.2569,0.3394
1.4331,0.0003,0.8567,1.3593,0.3490
1.7820,0.0005,0.9062,1.8678,0.3627
1.4417,0.0005,0.7727,1.1757,0.3627
1.8383,0.0006,0.8607,1.9607,0.3494
1.9579,0.0006,0.9319,1.8523,0.3493
1.6180,0.0007,1.1270,1.8268,0.3571
1.2680,0.0005,1.0660,1.2845,0.3571
2.2996,0.0007,0.7977,2.1964,0.5329
1.5007,0.0006,1.0742,1.5629,0.3771
1.3715,0.0005,0.8881,1.3834,0.3394
1.6744,0.0004,0.7892,1.3784,0.3477
1.6527,0.0007,0.9389,1.7947,0.3591
1.3578,0.0004,0.9318,1.4337,0.3591
1.9064,0.0006,0.8612,1.9265,0.3377
2.2119,0.0007,0.8303,2.1978,0.3559
1.1603,0.0008,0.9762,1.0293,0.3559
1.6822,0.0005,0.9261,1.4864,0.3339
1.7118,0.0005,1.0666,1.9879,0.3451
1.9365,0.0005,0.9239,1.9398,0.3788
1.1419,0.0004,0.9359,1.2008,0.3788
1.9520,0.0006,0.7646,1.9065,0.3465
1.7311,0.0007,0.7189,1.6094,0.3465
1.7776,0.0006,0.8999,1.7506,0.3473
1.3089,0.0007,1.2283,1.4378,0.3473
1.6246,0.0006,0.8305,1.3825,0.3345
1.8310,0.0005,0.7985,2.0773,0.3417
1.5079,0.0004,0.7286,1.4791,0.3296
1.7710,0.0005,0.7156,1.4913,0.4466
1.5484,0.0004,1.0442,1.8382,0.3450
1.5652,0.0005,0.8000,1.5736,0.3757
1.7461,0.0004,0.7555,1.7438,0.3355
1.5686,0.0005,0.8604,1.5529,0.3355
1.6689,0.0005,0.7723,1.6588,0.3458
1.7258,0.0005,0.7362,1.7149,0.3553
1.5519,0.0007,0.8954,1.5398,0.3582
1.4407,0.0005,0.9969,1.4411,0.3540
1.6660,0.0006,0.7426,1.6685,0.3362
1.6122,0.0007,0.7359,1.4729,0.3420
1.5550,0.0006,0.9658,1.5841,0.3746
1.7683,0.0006,0.8899,1.8391,0.3600
1.2545,0.0006,0.8903,1.0858,0.3600
1.4095,0.0010,0.7595,1.3731,0.3455
2.0399,0.0007,0.9119,2.1568,0.3378
1.7523,0.0009,1.0296,1.7403,0.3512
1.1634,0.0007,1.2228,0.9524,0.3512
1.8218,0.0005,0.8854,2.0415,0.3536
2.1629,0.0005,1.0118,1.9905,0.3500
1.3897,0.0008,1.4687,0.8824,0.3521
1.4602,0.0007,1.3029,2.0410,0.3521
1.9258,0.0008,1.0819,1.9260,0.3470
1.6613,0.0007,0.9561,1.2621,0.3509
1.8407,0.0008,1.0796,1.9635,0.3509
1.9630,0.0009,0.9648,2.2264,0.3528
1.7922,0.0007,1.1042,1.7540,0.3370
1.5162,0.0008,0.9463,1.3439,0.3370
1.7760,0.0008,0.9001,1.6721,0.3454
1.4409,0.0007,0.9132,1.8042,0.3363
1.4597,0.0008,0.7261,1.1362,0.3562
2.2314,0.0009,0.8009,2.4166,0.3603
1.2417,0.0011,0.9881,1.2724,0.3603
1.4537,0.0007,1.0062,1.4915,0.3496
1.6720,0.0008,1.0451,1.6404,0.3476
1.5839,0.0008,0.9599,1.4861,0.3370
1.1507,0.0006,0.9843,1.2544,0.3370
1.6135,0.0007,0.9224,1.5990,0.3441
1.7224,0.0004,0.9361,1.7285,0.3416
1.6200,0.0005,0.8863,1.6193,0.3509
1.6920,0.0004,0.9537,1.5833,0.3509
1.5415,0.0007,0.9839,1.5930,0.3354
1.7988,0.0007,1.0164,1.2658,0.5328
1.7411,0.0009,1.1713,2.0918,0.5328
1.6636,0.0008,1.3973,1.8374,0.3325
1.6100,0.0007,1.0953,1.4020,0.3325
2.1661,0.0007,0.9268,2.3106,0.3448
1.8771,0.0009,1.0601,1.8885,0.3471
1.8355,0.0007,1.1157,1.7957,0.3437
2.0034,0.0006,1.3532,2.0178,0.3468
1.7814,0.0007,1.0412,1.7503,0.3551
1.7987,0.0010,0.9847,1.3085,0.3551
2.2337,0.0008,1.2247,2.7293,0.3570
1.7695,0.0007,1.0151,1.7912,0.3489
1.5280,0.0005,1.0134,1.5353,0.3438
1.4548,0.0009,1.0275,1.2954,0.3438
2.0139,0.0006,0.8587,2.0309,0.3482
2.2421,0.0007,0.8318,2.3686,0.3515
1.6128,0.0004,0.9300,1.6718,0.3515
1.8028,0.0006,0.9761,1.4791,0.3444
2.0371,0.0007,1.2035,2.2021,0.3484
1.4155,0.0008,1.1106,1.4923,0.3797
1.4458,0.0008,0.8767,1.4421,0.3392
1.7064,0.0008,0.8133,1.7053,0.3518
1.4744,0.0005,0.7950,1.4946,0.3518
2.1493,0.0006,0.7872,2.1022,0.3570
1.0494,0.0007,0.9888,0.8829,0.3570
1.6595,0.0006,0.9651,1.7374,0.3441
1.6061,0.0006,0.8922,1.6974,0.3440
1.6483,0.0007,0.7690,1.1883,0.3440
2.1254,0.0008,0.8803,2.1052,0.3798
1.7133,0.0005,1.5296,2.1407,0.3511
1.3218,0.0005,1.0395,1.2246,0.3544
1.4593,0.0006,0.9229,1.4862,0.3389
1.2345,0.0005,0.9696,1.2900,0.3389
1.9187,0.0007,0.9343,1.8834,0.3475
1.7350,0.0008,0.9582,1.7464,0.3386
1.6596,0.0006,0.9354,1.6445,0.3441
1.3838,0.0005,1.0891,1.3841,0.3642
1.4016,0.0006,0.9288,1.3061,0.3642
1.8445,0.0007,0.7984,1.8857,0.3311
1.8401,0.0006,0.9737,1.6118,0.8476
1.9417,0.0006,1.0316,2.1970,0.3428
1.6473,0.0008,0.8890,1.6432,0.3442
1.4213,0.0006,0.8490,1.4521,0.3375
1.4692,0.0004,0.7556,1.4447,0.3375
1.5317,0.0006,0.7828,1.3266,0.3411
1.5471,0.0004,0.8574,1.5580,0.3394
1.7487,0.0005,0.7310,1.7858,0.3389
1.8114,0.0005,1.1409,1.6295,0.3481
1.8889,0.0007,0.8532,2.1645,0.3861
1.6010,0.0007,1.2170,1.2928,0.3861
1.5014,0.0005,1.0032,1.8327,0.3415
1.4663,0.0007,0.7612,1.4808,0.3502
1.7553,0.0004,0.7411,1.7579,0.3502
1.6159,0.0004,0.6958,1.4639,0.3479
1.8781,0.0004,0.7174,1.9950,0.3332
1.6629,0.0005,0.7180,1.5519,0.3450
1.3742,0.0007,0.9930,1.2126,0.3384
1.7816,0.0005,0.8333,1.8540,0.3470
1.9907,0.0006,0.9236,2.0372,0.3403
1.4513,0.0007,1.1443,1.5491,0.3978
1.3564,0.0006,0.9305,1.0130,0.3404
1.3876,0.0007,0.8713,1.5513,0.3404
1.5602,0.0006,0.7756,1.4592,0.3440
1.5949,0.0010,0.8459,1.7191,0.3440
1.5729,0.0007,0.9307,1.4445,0.3675
1.6819,0.0006,0.7733,1.7172,0.3557
1.7066,0.0008,0.8129,1.7475,0.3347
1.9237,0.0007,1.0296,2.0469,0.3606
1.3897,0.0008,1.1505,1.3601,0.3606
2.2633,0.0007,1.2532,2.2474,0.3747
1.7475,0.0005,1.0954,1.7655,0.3490
1.3342,0.0005,0.9492,1.0993,0.3490
1.6869,0.0007,0.9830,1.7560,0.3474
1.8258,0.0009,1.2060,1.9543,0.3442
1.8856,0.0007,1.0112,1.8470,0.3478
2.0420,0.0006,1.0036,2.0381,0.3522
1.3578,0.0006,0.9728,1.4417,0.3750
1.1882,0.0006,0.8991,1.2155,0.3481
1.5658,0.0006,0.7874,1.4992,0.3481
1.9663,0.0006,1.0733,1.9791,0.3722
1.5277,0.0006,0.9275,1.5452,0.3503
1.6768,0.0006,0.8506,1.6736,0.3556
1.4999,0.0006,0.9225,1.1553,0.3571
1.5275,0.0006,1.2025,1.8925,0.3499
1.5657,0.0006,0.6778,1.5353,0.3516
1.6186,0.0006,0.9714,1.0400,0.3522
1.5650,0.0005,1.0766,1.9949,0.3522
1.5500,0.0005,0.8372,1.6234,0.3471
1.5091,0.0006,0.8630,1.4071,0.3449
1.7672,0.0007,0.9157,1.8516,0.3449
1.2154,0.0007,1.0192,1.2099,0.3902
1.6483,0.0006,0.8878,1.6151,0.3594
1.4322,0.0007,0.7634,1.5330,0.3558
1.7058,0.0006,0.8097,1.6453,0.3524
1.2370,0.0005,0.9113,1.2394,0.3524
1.8673,0.0007,0.8550,1.8864,0.3497
1.0719,0.0005,0.8633,1.1019,0.3497
1.6664,0.0008,0.7720,1.6539,0.3580
1.6621,0.0006,0.7346,1.5064,0.3424
1.3831,0.0006,0.9101,1.2346,0.3436
1.6099,0.0006,0.9779,1.6159,0.3472
1.4127,0.0006,1.0402,1.5018,0.8436
2.0551,0.0004,0.8228,2.2119,0.3542
1.0791,0.0005,0.7756,0.9516,0.3542
1.5656,0.0007,0.7266,1.5970,0.3464
2.0529,0.0007,0.7699,1.9483,0.3462
1.7593,0.0007,1.2326,1.9028,0.3608
1.7507,0.0006,1.0168,1.6862,0.3608
1.7071,0.0005,0.8167,1.7791,0.3552
1.4951,0.0004,0.7296,1.2796,0.3373
1.4004,0.0007,0.9130,1.5640,0.3373
1.2615,0.0008,0.9342,1.1722,0.5375
1.2797,0.0010,1.2573,1.2233,0.3633
1.3315,0.0007,0.9999,1.5171,0.3734
1.5000,0.0008,0.7347,1.3887,0.3426
1.5134,0.0005,0.8842,1.5776,0.3393
1.9758,0.0006,0.8254,1.9161,0.3476
1.0878,0.0006,0.9795,1.0503,0.3476
1.9050,0.0005,0.9301,2.0117,0.3519
1.2881,0.0005,0.7425,1.2788,0.3526
1.3533,0.0005,0.7361,1.3469,0.3526
1.2620,0.0005,0.8124,1.1845,0.3527
1.8164,0.0008,0.7880,1.4512,0.3564
1.3321,0.0006,1.2789,1.7162,0.3564
1.5215,0.0007,1.0575,1.4920,0.3320
1.4285,0.0008,0.9054,1.4506,0.3320
1.3799,0.0008,0.8758,1.0440,0.3590
1.6908,0.0007,0.8506,1.8610,0.3346
1.2154,0.0007,0.8904,1.2915,0.3346
1.6719,0.0006,0.7937,1.5305,0.3549
1.3886,0.0007,1.2672,1.4578,0.3552
1.4799,0.0005,1.0678,1.2522,0.3521
1.8467,0.0006,0.9685,2.1639,0.3521
1.8553,0.0007,0.9106,1.8358,0.3897
1.2762,0.0007,1.0347,1.2812,0.3897
1.6000,0.0006,1.0519,1.6244,0.3645
1.1585,0.0006,0.8888,0.9838,0.3645
1.3948,0.0007,0.7647,1.5884,0.3454
1.5067,0.0007,0.7540,1.2799,0.3512
1.9219,0.0006,0.7356,2.1300,0.3385
1.3948,0.0007,0.7042,1.3257,0.3413
1.2703,0.0006,0.8325,1.1721,0.3412
1.8997,0.0007,0.7410,1.9839,0.3413
1.2983,0.0007,0.8117,1.3379,0.3413
1.1629,0.0006,0.7486,0.9700,0.3663
1.4947,0.0009,0.7984,1.6786,0.3760
1.6827,0.0008,0.8512,1.6907,0.3776
1.6028,0.0005,0.8484,1.5165,0.3642
1.5948,0.0006,0.7782,1.5475,0.3423
1.6095,0.0006,0.7901,1.5733,0.3510
1.3846,0.0007,1.0818,1.2225,0.3364
1.6234,0.0005,1.0609,1.5743,0.3491
1.3743,0.0005,1.0247,1.7378,0.3491
1.6170,0.0007,0.7258,1.3268,0.3563
1.8100,0.0007,0.8833,2.0378,0.3623
2.0755,0.0008,1.0050,1.8964,0.3420
1.3384,0.0006,1.2524,1.3628,0.3420
1.7630,0.0007,1.1291,1.9387,0.3470
1.6336,0.0008,0.8079,1.1976,0.3377
1.7976,0.0005,0.9709,2.2339,0.3508
1.6383,0.0005,0.7533,1.6203,0.3508
1.4247,0.0006,0.9635,1.3562,0.3434
1.7154,0.0008,0.9143,1.7528,0.3394
1.4122,0.0004,0.9165,1.2076,0.3370
1.9551,0.0005,0.8332,2.0915,0.3423
1.4841,0.0005,1.0293,1.5139,0.3483
2.1854,0.0004,0.9423,2.1822,0.3596
1.0468,0.0003,0.8392,1.0810,0.3596
2.3304,0.0004,0.8600,2.1465,0.3487
1.7988,0.0005,1.0745,1.8658,0.3487
1.0854,0.0005,0.9361,1.0167,0.3487
2.0518,0.0004,0.8811,2.1993,0.3250
1.4357,0.0006,0.7201,1.4678,0.3589
1.9304,0.0007,0.7419,1.9079,0.3524
1.1467,0.0006,0.7572,1.1384,0.3524
1.8609,0.0007,0.8120,1.7629,0.3509
1.6145,0.0008,1.0833,1.6726,0.3679
1.7348,0.0007,1.1575,1.6833,0.3511
1.9550,0.0004,0.9084,2.0019,0.3353
1.6301,0.0005,0.8891,1.5742,0.3353
1.3841,0.0007,0.8851,1.4399,0.3352
1.6601,0.0006,0.7676,1.5546,0.3519
1.9529,0.0008,0.8725,1.9846,0.3519
1.7582,0.0007,0.9235,1.4106,0.3462
2.4717,0.0009,1.1899,2.7041,0.3636
1.4153,0.0007,1.2189,1.5371,0.3655
1.5887,0.0005,0.9870,1.6344,0.3503
1.8552,0.0005,0.8224,1.8385,0.3543
1.6273,0.0006,0.8213,1.5994,0.3513
1.6453,0.0005,0.8116,1.6484,0.3547
1.4761,0.0006,0.7900,1.5029,0.3547
1.5382,0.0006,0.7698,1.1835,0.3402
1.6944,0.0007,0.8121,1.9395,0.3407
2.0083,0.0007,0.8255,1.5327,0.3502
1.6496,0.0010,1.2396,2.0637,0.3502
1.9321,0.0009,1.5829,1.6935,0.3498
2.1251,0.0006,1.3190,2.3716,0.3609
1.6325,0.0005,0.9278,1.5759,0.3380
0.9488,0.0007,0.9738,1.0637,0.3380
2.3242,0.0006,0.8079,2.2047,0.3353
1.2698,0.0005,0.9068,1.4122,0.3479
1.7444,0.0005,0.7887,1.4628,0.3479
1.5292,0.0006,0.8509,1.4900,0.3385
1.8505,0.0005,0.9505,2.1178,0.3381
1.6139,0.0005,0.7850,1.5878,0.3496
1.2926,0.0006,0.8926,1.1597,0.3605
2.1773,0.0007,0.8071,2.2891,0.3416
1.3578,0.0006,0.7644,1.3455,0.3416
1.4755,0.0005,0.9017,1.4319,0.3310
1.4184,0.0005,0.9981,1.4896,0.3498
1.6406,0.0008,1.0104,1.4786,0.3373
1.7777,0.0004,0.9476,1.8373,0.3584
1.4537,0.0006,0.9627,1.1698,0.3584
1.8517,0.0007,1.1138,1.6494,0.3493
2.2516,0.0006,1.1160,2.3040,0.3665
1.4882,0.0005,2.0390,1.7529,0.3808
1.5169,0.0005,0.9981,1.6639,0.3543
1.2556,0.0005,0.8659,1.2715,0.3531
1.9196,0.0004,0.8472,1.9024,0.3591
1.3349,0.0004,0.8188,1.4260,0.3591
1.7210,0.0005,0.7454,1.3085,0.3327
2.1908,0.0007,0.9886,2.4108,0.3607
1.6802,0.0007,1.0047,1.6841,0.3582
1.2139,0.0006,1.0452,1.0535,0.3582
1.9089,0.0006,0.9926,1.7737,0.3409
1.6588,0.0005,1.6871,1.5022,0.3816
1.9937,0.0007,1.2821,2.5043,0.3299
1.4247,0.0006,1.0675,1.4631,0.3397
1.5031,0.0004,0.7934,1.5045,0.3598
1.1136,0.0005,0.8854,0.9792,0.3598
1.9366,0.0005,1.0212,2.0334,0.3528
1.2339,0.0005,0.8030,1.2602,0.3528
1.8039,0.0005,0.9024,1.8027,0.3606
1.8112,0.0003,0.8275,1.6616,0.3470
1.9596,0.0005,1.0589,1.7985,0.3508
1.4957,0.0006,1.3752,1.2889,0.3508
2.2283,0.0007,1.4184,2.6426,0.3457
1.7619,0.0006,0.9894,1.6560,0.3465
1.0259,0.0004,1.0751,1.0374,0.3601
1.8342,0.0004,1.0537,1.9642,0.3476
1.7875,0.0005,0.8891,1.7594,0.3334
1.4772,0.0004,0.8786,1.4854,0.3334
1.7050,0.0006,0.9173,1.3102,0.3522
1.8270,0.0005,0.9277,2.2104,0.3379
1.7188,0.0007,0.7746,1.6780,0.3397
1.8166,0.0008,0.9178,1.7516,0.5113
2.0792,0.0007,0.8541,2.1406,0.3562
1.2890,0.0004,0.8868,1.2524,0.3562
1.6515,0.0004,0.8045,1.4960,0.3333
1.7699,0.0007,0.7204,1.8663,0.3402
2.0245,0.0006,1.1406,2.0382,0.3597
1.4797,0.0004,1.0310,1.4470,0.3597
1.6648,0.0004,1.0310,1.6372,0.3403
1.8357,0.0007,1.0808,1.7098,0.3531
1.5622,0.0007,1.2137,1.7430,0.3568
1.4126,0.0009,1.0935,1.3794,0.3568
2.0622,0.0006,1.2751,1.9440,0.3356
1.7593,0.0007,1.0692,1.9345,0.3356
1.5538,0.0008,0.8700,1.3568,0.3454
1.9919,0.0007,1.1827,2.1780,0.3436
1.5963,0.0004,0.8448,1.4717,0.3436
1.8364,0.0006,0.7616,1.9882,0.3578
2.0411,0.0007,0.7394,2.0347,0.3659
1.1464,0.0007,0.7829,1.1376,0.3659
1.8646,0.0005,0.8645,1.5745,0.3324
2.2461,0.0006,0.8749,2.3321,0.3435
1.3376,0.0014,1.0203,1.5080,0.3458
1.3405,0.0007,0.7559,1.2534,0.3458
1.4986,0.0005,0.9272,1.4818,0.3602
1.9594,0.0006,0.8795,1.7353,0.3343
1.8820,0.0005,0.8872,2.1648,0.3411
1.6090,0.0005,0.8639,1.4604,0.3356
1.4799,0.0006,0.9713,1.5748,0.3417
1.8212,0.0012,0.9991,1.6059,0.3598
1.7606,0.0009,1.2210,1.9420,0.3598
1.8833,0.0006,1.1737,1.9359,0.3446
1.7774,0.0007,0.9757,1.6220,0.3521
2.2723,0.0005,1.1198,2.2925,0.3722
0.8936,0.0004,0.9188,1.0208,0.3722
2.2468,0.0004,0.7021,2.1152,0.3487
2.4552,0.0006,0.6903,2.4225,0.3661
1.0620,0.0005,0.9933,1.1589,0.3661
1.3252,0.0006,0.9759,1.1604,0.3369
2.3969,0.0011,0.9101,2.5121,0.3491
1.5539,0.0007,1.0271,1.6029,0.3491
1.4503,0.0007,0.8791,1.3258,0.3445
1.7279,0.0005,0.8137,1.5966,0.3440
2.0017,0.0004,0.8817,2.1989,0.3273
1.4634,0.0005,0.9285,1.5612,0.3450
1.5634,0.0005,0.8672,1.5695,0.3450
1.2353,0.0005,0.7285,1.2335,0.3398
1.2362,0.0006,0.8934,1.0757,0.3470
2.0874,0.0006,0.7216,2.2027,0.3482
1.3676,0.0007,0.6902,1.3083,0.3482
1.7236,0.0006,0.9753,1.4259,0.3799
1.3699,0.0006,1.3129,1.6956,0.3453
1.5284,0.0007,1.1047,1.3024,0.3453
2.0169,0.0006,0.9239,2.2495,0.3566
1.1282,0.0005,0.8496,0.8581,0.3520
1.6506,0.0006,1.0584,1.9085,0.3580
1.4105,0.0006,0.7408,1.4209,0.3620
1.1151,0.0007,0.8413,1.0373,0.3409
0.9362,0.0005,1.0196,1.0419,0.3409
1.4838,0.0006,0.6400,1.1833,0.3413
1.2910,0.0005,0.8420,1.5253,0.3377
1.8043,0.0004,0.7895,1.5418,0.3409
1.5440,0.0005,0.8746,1.7643,0.3705
1.5317,0.0006,0.9143,1.4068,0.3516
1.2836,0.0005,1.0387,1.3283,0.3516
1.6637,0.0009,1.0233,1.6217,0.3605
1.6223,0.0006,0.8023,1.4761,0.3549
1.7564,0.0006,0.8577,2.0046,0.3436
1.6066,0.0006,0.9142,1.4808,0.3454
1.4244,0.0006,1.3277,1.5799,0.3469
1.2700,0.0005,0.7414,1.2115,0.3469
1.7030,0.0006,0.7404,1.7089,0.3565
1.8277,0.0006,0.8513,1.8082,0.3836
1.2106,0.0008,0.9397,1.2381,0.3486
1.2208,0.0007,0.9085,1.2008,0.3486
1.7945,0.0005,0.9703,1.7886,0.3416
1.1095,0.0006,0.7489,1.1125,0.3416
1.4252,0.0007,0.7409,1.4468,0.3395
1.5235,0.0007,0.7141,1.5070,0.3429
1.4278,0.0004,0.6974,1.2084,0.3325
1.5411,0.0006,0.9190,1.6362,0.3354
1.2673,0.0003,0.8016,1.2061,0.3354
1.2848,0.0005,0.8317,1.1427,0.3528
1.5515,0.0006,0.7120,1.7625,0.3505
2.0307,0.0005,0.8214,2.0396,0.3652
1.2340,0.0005,0.9069,1.1586,0.3652
1.7033,0.0007,0.7641,1.4426,0.3495
1.5372,0.0007,0.9749,1.8870,0.3571
1.1797,0.0005,0.8036,1.2002,0.3571
1.3657,0.0004,0.7609,1.2094,0.3480
1.7244,0.0006,0.9910,1.8405,0.3349
1.3461,0.0005,0.8077,1.3499,0.3384
1.3638,0.0007,0.8164,1.2823,0.3384
1.5583,0.0006,0.7533,1.5230,0.3286
1.7504,0.0008,0.7584,1.7298,0.3506
2.1269,0.0009,1.1319,2.1521,0.3520
1.1750,0.0003,1.3380,1.2757,0.3520
1.6279,0.0005,0.9777,1.2260,0.3333
1.6208,0.0003,0.9552,2.0108,0.3491
1.9048,0.0005,0.7257,1.8845,0.3333
1.6686,0.0006,0.7439,0.9848,0.3333
1.1721,0.0004,1.1963,1.8601,0.3624
1.4745,0.0005,0.7281,1.4275,0.3624
1.4077,0.0005,0.7704,1.2743,0.3452
1.8769,0.0006,1.0396,1.5084,0.3472
1.4432,0.0005,1.2145,1.7745,0.3497
1.4403,0.0006,0.9426,1.3088,0.3514
1.2691,0.0004,0.8298,1.4759,0.3514
1.6403,0.0005,0.8191,1.4048,0.3320
1.2376,0.0004,0.8255,1.3405,0.3320
2.0198,0.0005,0.6707,2.2578,0.3506
1.4962,0.0007,0.6317,1.2294,0.3414
1.7273,0.0004,0.7735,1.9978,0.3706
1.1496,0.0005,0.6119,0.8324,0.3706
2.0663,0.0005,0.7815,1.8557,0.3320
2.0239,0.0010,0.9872,2.3593,0.3320
1.8765,0.0006,1.4365,1.8644,0.3905
1.6995,0.0007,1.1282,1.4786,0.3905
1.7517,0.0006,1.1429,1.9720,0.3576
1.2934,0.0005,1.0118,1.4421,0.3576
1.4128,0.0004,0.6735,1.1411,0.3420
1.6180,0.0006,0.6775,1.5864,0.3480
1.6796,0.0004,0.8142,1.9354,0.3701
1.3020,0.0005,0.8130,1.2800,0.3527
1.5335,0.0009,1.0020,1.4193,0.3527
1.6699,0.0006,0.9593,1.7264,0.3462
1.4400,0.0005,0.8922,1.0490,0.5381
1.1127,0.0011,1.1181,1.5434,0.5381
1.5057,0.0006,1.0449,1.0923,0.3582
1.4006,0.0006,0.9480,1.4763,0.3484
1.7277,0.0005,0.9279,1.6550,0.3430
1.7061,0.0005,0.8539,1.9405,0.3528
1.4989,0.0004,1.0296,1.5254,0.3479
1.7056,0.0005,0.8778,1.8186,0.3394
1.3998,0.0004,0.6501,1.2088,0.3394
1.9538,0.0008,0.8272,2.1117,0.3420
1.6189,0.0005,0.9691,1.1768,0.3420
1.7666,0.0006,1.4821,2.0743,0.3500
1.4597,0.0005,0.9781,1.5796,0.3394
1.5239,0.0005,0.9196,0.9756,0.3509
1.2646,0.0006,0.8778,1.6290,0.3572
1.1574,0.0003,0.9408,1.1803,0.3480
1.2953,0.0004,1.1245,1.4346,0.3480
1.6182,0.0005,0.6567,1.5352,0.3466
1.0858,0.0004,0.7400,1.0430,0.3466
1.4352,0.0003,0.6536,1.5158,0.3406
1.6514,0.0006,0.6738,1.7269,0.3457
1.1399,0.0005,0.8312,1.1150,0.3457
1.9673,0.0157,0.9942,1.4902,0.9677
1.3158,0.0005,1.3300,1.3218,0.3534
0.9961,0.0003,1.1789,1.2742,0.3406
1.4902,0.0005,0.8039,1.6469,0.3682
1.3364,0.0005,0.6685,1.3001,0.3413
1.0457,0.0005,0.7222,1.0933,0.3413
1.4002,0.0003,0.6932,1.2862,0.3434
1.3744,0.0006,0.7281,1.4668,0.3628
1.2423,0.0007,0.9509,1.0125,0.3497
1.4063,0.0006,1.0682,1.3305,0.5460
0.8671,0.0005,1.1171,1.1739,0.5460
1.4829,0.0005,0.7081,1.2464,0.3449
1.4316,0.0006,0.7930,1.3852,0.3690
1.6174,0.0007,1.1200,1.2738,0.3840
0.7815,0.0006,1.5246,1.2596,0.3840
1.3052,0.0005,0.7501,1.1956,0.3670
1.4970,0.0006,0.6548,1.6021,0.3395
1.1469,0.0004,0.9392,1.0811,0.3398
0.9143,0.0004,1.0197,1.0766,0.3398
1.2445,0.0192,0.6760,1.2021,0.3535
1.3451,0.0007,0.8273,1.0883,0.3598
1.1940,0.0006,1.0526,1.4818,0.3450
1.4265,0.0005,0.9280,1.1909,0.3554
1.5453,0.0005,0.7983,1.7701,0.3409
1.0926,0.0004,0.7733,1.0951,0.3409
1.5451,0.0005,0.6821,1.0061,0.3469
1.5525,0.0005,1.1774,1.9087,0.3979
0.8357,0.0005,1.1916,1.0210,0.3979
1.3032,0.0005,0.6532,1.2671,0.3709
1.5885,0.0005,0.6476,1.5667,0.3506
1.2375,0.0005,0.6787,1.2654,0.3576
0.9067,0.0005,0.6302,0.8284,0.3576
1.4882,0.0005,0.6419,1.2483,0.3418
1.2399,0.0005,0.7539,1.5242,0.3550
1.5335,0.0005,1.1430,1.4965,0.3561
1.4515,0.0005,0.7110,1.1680,0.3350
1.4271,0.0007,0.8608,1.5231,0.3350
1.5130,0.0012,0.8311,1.6275,0.3265
1.7974,0.0009,0.8123,1.7622,0.3703
1.5813,0.0007,1.2326,1.6679,0.3429
1.0726,0.0007,0.8188,0.9745,0.3429
1.2396,0.0005,0.7054,1.3533,0.3289
1.1663,0.0004,0.6691,1.1220,0.3539
1.4231,0.0004,0.7042,1.4407,0.3414
1.8649,0.0007,0.8639,1.4932,0.3609
1.7317,0.0006,0.8928,2.0941,0.3492
1.1558,0.0006,0.6981,1.1614,0.3492
1.6479,0.0006,0.7196,1.5106,0.3486
1.4709,0.0006,0.7127,1.5030,0.3458
1.8929,0.0007,0.7437,1.9283,0.3910
1.5486,0.0005,0.8880,1.5823,0.3910
1.3824,0.0006,0.8480,1.1910,0.3399
2.0417,0.0006,0.8657,2.1912,0.3505
1.1989,0.0009,0.7944,1.1865,0.3505
2.1997,0.0008,0.8147,2.1763,0.3371
1.0657,0.0008,0.8581,1.1214,0.3371
1.7435,0.0006,0.8253,1.5683,0.3407
1.6141,0.0006,0.9421,1.6528,0.3405
2.1232,0.0007,0.8366,2.1756,0.3426
2.4147,0.0010,0.8732,1.8017,0.5205
1.1750,0.0009,1.7837,1.2451,0.5205
1.2332,0.0007,0.9947,1.5718,0.3789
1.9134,0.0009,0.9107,1.6663,0.3413
2.2318,0.0007,1.4048,2.3397,0.3623
1.3039,0.0005,1.2529,1.4911,0.3459
1.5975,0.0006,0.9264,1.5899,0.3529
1.2980,0.0004,0.7728,1.3288,0.3529
1.3370,0.0007,0.9614,1.1494,0.3517
2.1426,0.0006,1.0167,2.2264,0.3411
1.4889,0.0007,0.9125,1.4859,0.3411
1.9258,0.0007,1.0481,1.9209,0.3730
1.3815,0.0014,1.0143,1.1447,0.3730
1.5595,0.0006,1.2238,1.7888,0.3526
1.9073,0.0005,0.9276,1.9258,0.3450
1.3629,0.0006,0.9468,1.1621,0.3450
1.7912,0.0004,0.9727,1.9872,0.3584
1.4306,0.0007,0.8101,1.2561,0.3584
1.7853,0.0006,0.8996,1.9598,0.3426
1.7078,0.0005,0.9766,1.6895,0.3369
2.4873,0.0009,0.9553,1.8805,0.3659
1.1933,0.0008,1.5938,1.0128,0.3872
1.0200,0.0006,1.0776,1.5723,0.3872
1.9873,0.0008,1.1308,1.9298,0.3558
2.2786,0.0009,1.1371,2.2539,0.3696
1.4636,0.0008,1.1737,1.3732,0.3371
1.7706,0.0007,1.1931,1.5317,0.3388
2.1608,0.0008,1.2023,2.4744,0.3433
1.2825,0.0007,0.9080,1.1998,0.3433
1.9208,0.0007,1.0652,1.9907,0.3540
2.1447,0.0009,0.9922,2.0689,0.3440
1.7180,0.0007,1.1548,1.6342,0.3440
2.1992,0.0007,1.0333,2.2564,0.3441
1.6475,0.0007,1.2996,1.7046,0.3416
1.7826,0.0009,1.0809,1.5768,0.3416
2.4887,0.0007,1.0858,2.6633,0.3398
1.5802,0.0007,1.0760,1.6343,0.3544
1.3752,0.0004,0.8703,1.3896,0.3405
1.7398,0.0009,0.7143,1.6783,0.3405
1.8761,0.0007,0.8741,1.8294,0.3504
1.6879,0.0009,1.2913,1.7204,0.3573
1.4517,0.0007,1.1371,1.4634,0.3483
1.2504,0.0006,1.0054,1.2604,0.3452
1.4429,0.0006,0.9866,1.4310,0.3452
1.4379,0.0007,0.7703,1.1693,0.3296
1.3689,0.0005,0.7264,1.6360,0.3414
1.5913,0.0007,0.7448,1.3998,0.3535
1.7968,0.0005,0.8736,1.9721,0.3535
1.7604,0.0006,0.7888,1.6267,0.3512
1.7020,0.0007,0.9250,1.7558,0.3512
1.9530,0.0005,1.2808,2.0111,0.3807
1.2454,0.0005,1.1197,1.2381,0.3807
1.7185,0.0006,0.7554,1.7326,0.3692
1.4014,0.0005,0.7272,1.1844,0.3618
1.5976,0.0003,0.9791,1.8140,0.3550
1.6282,0.0006,0.7972,1.6004,0.3550
1.7200,0.0004,0.7088,1.5856,0.3536
1.5662,0.0005,0.8676,1.6729,0.3562
2.0619,0.0007,0.7851,1.8131,0.3455
1.2733,0.0006,1.1977,1.1962,0.3455
2.0027,0.0007,1.0499,2.0298,0.3739
1.3029,0.0006,1.2598,1.4641,0.3739
1.7533,0.0005,1.1936,1.6942,0.3401
1.7563,0.0005,0.9241,1.9260,0.3419
1.5658,0.0006,0.9288,1.5638,0.3379
1.7447,0.0006,0.7988,1.7561,0.3433
1.3447,0.0004,0.8450,1.3547,0.3433
1.4186,0.0003,0.6678,1.3992,0.3493
1.6525,0.0005,0.6738,1.2807,0.3518
1.6228,0.0008,0.9117,1.8533,0.3396
1.4340,0.0005,1.2041,1.3073,0.3765
1.6561,0.0007,1.3522,1.7475,0.3765
1.4848,0.0005,1.3515,1.3063,0.3557
1.4632,0.0007,1.0098,1.5444,0.3547
1.4233,0.0006,1.0053,1.2750,0.3547
1.7606,0.0005,1.0510,1.9709,0.3403
1.4556,0.0005,0.9929,1.4783,0.3403
1.5219,0.0007,0.8403,1.5793,0.3414
1.7961,0.0009,0.8141,1.6601,0.3441
1.3920,0.0004,1.0345,1.4333,0.3441
1.6951,0.0005,1.1031,1.4939,0.3539
1.6765,0.0007,0.8911,1.9143,0.3419
1.9026,0.0006,1.0883,1.8335,0.3370
1.4732,0.0006,0.9743,1.5629,0.3430
1.5509,0.0005,0.8633,1.4312,0.3557
1.4963,0.0005,0.9003,1.2229,0.3557
1.7576,0.0007,0.9450,2.1517,0.3436
1.2943,0.0007,0.7576,1.2042,0.3436
1.9096,0.0007,0.7505,1.9759,0.3499
1.5164,0.0003,0.8061,1.5490,0.3531
1.5701,0.0005,0.7252,1.5353,0.3531
1.4706,0.0005,0.7327,1.2242,0.3542
2.0481,0.0006,0.9292,2.2480,0.3530
1.8158,0.0005,1.0003,1.8056,0.3610
1.5073,0.0006,0.7752,1.5071,0.3456
1.4242,0.0005,0.8116,1.4219,0.3524
1.2554,0.0005,0.9452,1.2645,0.3524
1.5914,0.0005,0.7859,1.5270,0.3347
1.5046,0.0006,0.9258,1.5191,0.3756
1.7420,0.0003,0.8337,1.7576,0.3756
1.4340,0.0003,0.7629,1.2086,0.3471
1.8580,0.0006,0.7011,1.9282,0.3403
2.2981,0.0009,1.0202,2.2613,0.3572
1.2911,0.0007,1.2208,1.3957,0.3378
1.2118,0.0006,1.0972,1.1036,0.3378
1.5448,0.0005,0.9892,1.6019,0.3468
1.6146,0.0006,0.8863,1.5065,0.3488
1.6030,0.0005,0.7618,1.7767,0.3388
1.6362,0.0006,0.8382,1.5046,0.3525
1.9919,0.0005,0.7800,2.0963,0.3409
1.4275,0.0005,0.8752,1.3687,0.3409
2.1476,0.0006,0.9280,2.0944,0.3328
1.5624,0.0006,0.9585,1.6699,0.3684
1.9282,0.0005,0.9083,1.8957,0.3480
1.3782,0.0003,0.8349,1.3206,0.3570
1.6013,0.0005,0.8682,1.6966,0.3504
1.5383,0.0005,0.7161,1.4402,0.3504
1.8537,0.0005,0.8838,1.8850,0.3432
1.6379,0.0005,0.9082,1.6646,0.3432
1.6205,0.0006,0.7756,1.6059,0.3479
1.2465,0.0006,0.7776,1.0010,0.3425
2.0724,0.0006,0.7867,2.2282,0.3591
1.7734,0.0005,0.9220,1.5995,0.3719
1.6409,0.0005,1.0980,1.8665,0.3719
1.5291,0.0003,0.7584,1.5456,0.3357
1.8468,0.0003,0.7587,1.8056,0.3639
2.0231,0.0004,0.7947,2.0198,0.3560
1.4875,0.0003,0.8757,1.4929,0.3500
1.7462,0.0005,0.8263,1.6753,0.3409
0.9820,0.0005,0.8277,1.0028,0.3409
1.2217,0.0006,0.8507,1.2606,0.3315
1.8878,0.0006,0.8885,1.8463,0.3651
1.4001,0.0005,0.8963,1.2418,0.3556
2.0137,0.0005,0.8650,2.1135,0.3470
1.1026,0.0005,0.8412,1.0088,0.3432
1.6796,0.0006,0.9402,1.4744,0.3432
1.3171,0.0005,0.7538,1.6597,0.3529
1.4087,0.0007,0.7475,1.4121,0.3620
1.6189,0.0007,0.7256,1.4948,0.3487
1.1134,0.0166,0.9786,1.0938,0.3487
1.3228,0.0004,1.0496,1.4374,0.3554
1.1550,0.0006,0.7321,1.0946,0.3387
1.7746,0.0008,0.7537,1.3551,0.3409
1.6454,0.0007,1.0492,2.0551,0.3409
1.7010,0.0007,0.8909,1.6795,0.3871
1.1416,0.0007,0.9349,1.1949,0.3686
1.3838,0.0006,0.7923,1.3815,0.3686
1.6604,0.0007,0.8086,1.6264,0.3420
1.0980,0.0005,0.8834,1.1269,0.3420
1.6519,0.0006,0.7902,1.5952,0.3402
1.7266,0.0007,0.9699,1.6088,0.3631
1.5133,0.0007,1.3072,1.6262,0.3278
1.5823,0.0007,1.0086,1.5979,0.3507
1.2808,0.0006,0.8889,1.2990,0.3507
1.5259,0.0007,0.9711,1.4409,0.3321
1.5670,0.0007,0.8953,1.2975,0.3834
1.2408,0.0005,1.1868,1.1949,0.3478
1.5538,0.0005,1.2174,1.6266,0.3478
1.4167,0.0006,1.0940,1.4258,0.3557
1.3427,0.0005,0.9194,1.4910,0.3453
1.4053,0.0006,0.8154,1.3476,0.3330
1.6343,0.0005,0.7224,1.8041,0.3429
1.2857,0.0005,0.7609,1.1650,0.3522
1.5515,0.0005,0.8631,1.6199,0.3543
1.4830,0.0008,0.9313,1.2539,0.3543
2.4604,0.0007,0.9969,2.4677,0.3508
1.8417,0.0007,1.3967,1.1224,0.3758
1.0245,0.0006,1.7225,1.4450,0.3897
1.3209,0.0006,0.9608,1.6599,0.3897
1.6718,0.0005,0.8837,1.3075,0.3590
1.7971,0.0007,0.9421,2.1802,0.3487
1.3003,0.0006,1.2142,1.3103,0.3487
1.6940,0.0006,0.8017,1.7199,0.3457
1.5603,0.0005,0.7661,1.3796,0.3447
1.3648,0.0006,0.7562,1.5311,0.3444
1.3505,0.0007,0.7763,1.2127,0.3593
1.6798,0.0007,0.8170,1.6099,0.3611
2.0262,0.0006,1.0132,2.1712,0.3579
1.2972,0.0006,0.9332,1.2009,0.3579
1.8401,0.0006,0.8053,1.8263,0.3564
1.0726,0.0006,0.9946,1.0885,0.3564
1.7281,0.0007,0.8094,1.6194,0.3689
1.1832,0.0006,1.0521,1.1207,0.3689
1.2332,0.0006,1.1477,1.3570,0.3509
1.6372,0.0006,0.9189,1.7816,0.3330
1.2189,0.0005,0.8727,1.0407,0.3435
1.7457,0.0005,0.9608,1.5911,0.3377
2.1972,0.0008,0.9541,2.3181,0.3377
1.5702,0.0006,1.0551,1.7230,0.3845
1.1330,0.0008,0.9640,0.9662,0.3845
1.5999,0.0004,0.8597,1.7806,0.3560
1.7378,0.0005,0.9879,1.3831,0.3560
1.8720,0.0004,1.0809,2.2267,0.3309
1.5274,0.0004,0.8030,1.5285,0.3510
1.7123,0.0004,0.7452,1.6406,0.3441
1.7411,0.0004,0.8141,1.7027,0.3368
1.5032,0.0002,1.0454,1.3558,0.3472
1.9547,0.0005,0.8843,2.1454,0.5245
1.4823,0.0006,0.8367,1.3560,0.5245
2.1487,0.0005,0.9284,2.2646,0.3525
1.2308,0.0004,0.9913,1.2680,0.3560
1.2075,0.0005,0.7826,1.0736,0.3560
1.6154,0.0003,0.8545,1.4128,0.3429
1.6038,0.0004,0.8322,1.9165,0.3409
1.5312,0.0005,0.8532,1.5050,0.3344
1.2486,0.0003,1.0097,0.9773,0.3344
1.7433,0.0004,0.8988,1.8618,0.3489
1.5182,0.0006,1.1308,1.5109,0.3489
1.7601,0.0008,0.9719,1.8310,0.3537
1.6799,0.0007,1.0488,1.2729,0.3761
2.1948,0.0007,0.9832,2.6263,0.3440
1.5057,0.0004,0.8375,1.5459,0.3504
1.6260,0.0005,0.7794,1.4649,0.3560
1.3419,0.0005,0.9369,1.4961,0.3497
1.4415,0.0005,0.7907,1.4191,0.3616
1.5993,0.0005,0.7069,1.5865,0.3465
2.0742,0.0004,0.7920,1.9671,0.3653
1.4063,0.0005,0.9695,1.2723,0.3653
2.3737,0.0007,0.8507,2.4740,0.3772
1.3368,0.0006,1.3378,1.2821,0.3772
1.9176,0.0005,0.8247,2.0969,0.3487
1.5834,0.0004,0.7638,1.3479,0.3487
1.7873,0.0005,0.8763,1.6238,0.3522
1.7413,0.0006,0.8758,1.8124,0.3479
1.6959,0.0008,0.8141,1.9512,0.3589
1.7051,0.0007,0.8828,1.7316,0.3549
1.3769,0.0005,0.9012,1.4053,0.3549
1.8618,0.0007,0.7921,1.3337,0.3492
1.5493,0.0007,1.2108,1.9813,0.3614
2.0233,0.0006,0.9720,1.9380,0.3517
1.3139,0.0005,0.9630,1.4423,0.3340
1.5032,0.0005,0.8756,1.3972,0.3444
1.4943,0.0006,1.0572,1.5947,0.3341
1.5324,0.0006,0.8724,1.5211,0.3341
1.7375,0.0007,0.8287,1.7163,0.3364
2.1211,0.0008,0.9011,1.9917,0.3528
1.3511,0.0006,0.9719,1.4839,0.3528
1.2995,0.0007,0.8490,0.9405,0.3448
1.9029,0.0007,1.0342,2.1894,0.3448
1.7697,0.0007,0.8579,1.7836,0.3828
1.5267,0.0007,0.8464,1.5206,0.3399
1.4658,0.0007,0.8538,1.3620,0.3399
1.9294,0.0006,0.9342,1.9629,0.3463
1.5734,0.0006,0.8697,1.6182,0.3463
1.7285,0.0007,0.9509,1.7167,0.3566
1.8461,0.0006,0.9109,1.8379,0.3340
1.7085,0.0006,0.9442,1.6950,0.3399
1.8405,0.0006,0.8788,1.8157,0.3558
1.6993,0.0010,1.2728,1.0440,0.3740
1.1548,0.0006,1.7557,1.1188,0.3438
1.4131,0.0010,0.9961,1.7424,0.3419
1.6177,0.0007,0.9419,1.7027,0.3419
1.7706,0.0007,0.9301,1.7388,0.3414
1.2166,0.0009,1.1130,1.2076,0.3414
1.8900,0.0007,0.9649,1.8827,0.3365
1.6400,0.0007,0.8048,1.5746,0.3365
1.2951,0.0006,0.8783,1.2678,0.3371
1.8136,0.0007,0.7175,1.5414,0.3460
1.8619,0.0010,0.8887,1.8344,0.3347
1.7628,0.0006,1.3024,2.1093,0.5539
1.9189,0.0007,1.1864,1.9233,0.3663
1.2739,0.0007,0.8521,1.2905,0.3520
1.9733,0.0008,0.9688,1.9602,0.3489
1.5931,0.0007,0.8144,1.4862,0.3489
1.5664,0.0005,0.8734,1.4901,0.3464
1.7152,0.0006,0.7594,1.8754,0.3569
1.8715,0.0004,0.7993,1.3496,0.3406
1.6905,0.0004,0.8261,2.0116,0.3314
2.1255,0.0007,0.8670,2.2361,0.3427
1.7423,0.0006,1.1752,1.6340,0.3666
1.3049,0.0004,1.3282,1.4831,0.3549
1.3350,0.0005,0.8725,0.9639,0.3549
1.8189,0.0006,1.0137,2.0411,0.3500
2.4104,0.0005,0.9393,2.3729,0.3452
1.5750,0.0006,1.2383,1.5874,0.3528
0.9073,0.0004,1.1228,1.0451,0.3528
1.5279,0.0003,0.7378,1.5192,0.3533
1.5208,0.0003,0.7429,1.4152,0.3426
1.9897,0.0005,0.8102,2.0193,0.3418
1.5710,0.0006,0.9265,1.6013,0.3605
1.1609,0.0004,0.8382,1.0322,0.3605
2.3436,0.0006,0.7385,2.4388,0.3545
1.4908,0.0003,0.9651,1.5508,0.3413
1.5739,0.0005,0.8081,1.5340,0.3413
1.7869,0.0007,0.8154,1.8116,0.3391
1.7614,0.0004,0.7907,1.7291,0.3418
1.7670,0.0004,0.7351,1.5786,0.3352
1.9985,0.0005,0.7693,2.1593,0.3505
1.4112,0.0007,0.8666,1.2655,0.3505
2.2041,0.0008,1.1974,2.1442,0.3552
1.5510,0.0007,1.0622,1.1607,0.3552
2.2080,0.0008,1.5318,2.6242,0.3532
1.3316,0.0003,1.0991,1.4945,0.3532
1.9886,0.0007,0.8053,1.5385,0.3537
1.9925,0.0006,0.9750,2.2813,0.3528
1.2838,0.0006,0.9634,1.1385,0.3528
1.8443,0.0005,0.7880,2.0760,0.3320
1.7124,0.0007,0.7791,1.6580,0.3320
1.5286,0.0008,0.9386,1.5442,0.3587
1.1580,0.0005,0.8923,1.1306,0.3587
1.6242,0.0006,0.8269,1.6163,0.3514
2.1516,0.0006,0.8880,2.0436,0.3530
1.5987,0.0004,1.1700,1.7493,0.3421
0.9004,0.0005,0.9271,0.9423,0.3421
1.6967,0.0005,0.7027,1.6575,0.3507
1.6589,0.0006,0.7778,1.1754,0.3378
2.1082,0.0006,0.9227,2.5439,0.3315
1.6416,0.0006,0.8363,1.5939,0.3587
1.8870,0.0010,0.9336,1.5198,0.3587
1.5319,0.0010,1.2422,1.7347,0.3738
1.8339,0.0009,1.0285,1.7288,0.3413
2.4748,0.0006,1.1880,2.7433,0.3528
1.4781,0.0005,0.9679,1.5471,0.3333
1.5550,0.0005,0.7635,1.5084,0.3478
1.2968,0.0007,0.7275,1.2542,0.3395
1.2404,0.0008,0.7856,1.1587,0.3395
1.5981,0.0006,0.6971,1.5243,0.3577
2.4401,0.0008,0.6704,2.5390,0.3772
1.4778,0.0007,0.9363,1.5315,0.3435
1.6877,0.0007,0.9822,1.6117,0.3435
1.4504,0.0004,0.9079,1.5546,0.3455
1.6269,0.0005,0.7546,1.4161,0.3339
1.5946,0.0005,0.8521,1.6314,0.3495
1.9498,0.0009,0.7041,2.0908,0.3397
1.6462,0.0009,0.7736,1.6341,0.3460
1.6103,0.0008,0.8597,1.6094,0.3357
1.2271,0.0006,0.9305,1.0558,0.3491
1.6518,0.0009,0.9216,1.6069,0.3491
2.0726,0.0007,0.8995,1.7876,0.3460
1.7762,0.0005,1.3099,1.9284,0.3708
2.0890,0.0005,0.8510,2.2734,0.3410
1.2754,0.0007,0.9761,1.4033,0.3410
1.4961,0.0004,0.8265,1.1307,0.3434
2.1581,0.0005,0.7153,2.4991,0.3459
1.3806,0.0007,0.7607,1.3973,0.3459
1.4572,0.0005,0.7213,1.4060,0.3441
1.8964,0.0012,0.7830,1.9074,0.3544
19.7388,0.0009,19.0767,1.5555,0.3677
1.0135,0.0005,1.4839,1.5481,0.3677
1.2787,0.0004,1.0933,1.4393,0.3677
1.6931,0.0005,0.8528,1.4437,0.3381
1.6134,0.0003,1.0192,1.9178,0.3381
1.7084,0.0004,0.8007,1.6211,0.3441
1.9671,0.0005,0.9007,1.8557,0.3445
1.6646,0.0004,1.0218,1.7261,0.3445
1.7506,0.0009,0.8911,1.5439,0.3565
1.6244,0.0008,1.2871,2.0019,0.3565
1.8399,0.0006,0.8593,1.8111,0.3681
1.7152,0.0006,1.1403,1.6565,0.3738
1.1188,0.0007,0.9656,1.1208,0.3470
1.5489,0.0007,0.9315,1.3815,0.3498
1.4782,0.0005,0.8432,1.6133,0.3359
1.5995,0.0007,0.7306,1.3824,0.3717
1.9989,0.0005,1.0631,2.1758,0.3523
1.3636,0.0004,1.0180,1.4907,0.3523
2.6867,0.0006,1.2007,1.7143,0.3547
1.9848,0.0008,1.2209,2.8734,0.3417
1.7605,0.0008,1.2158,1.3968,0.3751
1.9151,0.0006,1.5822,2.3159,0.3421
1.2268,0.0006,0.9916,1.1230,0.3421
1.8883,0.0008,0.9797,1.9741,0.3502
1.5662,0.0005,0.8590,1.5886,0.3427
1.7248,0.0004,0.7278,1.6385,0.3360
1.3779,0.0004,0.8803,1.3931,0.3597
1.7732,0.0005,0.8680,1.8295,0.3401
1.8254,0.0007,0.8163,1.8376,0.3464
1.7383,0.0007,0.6549,1.2393,0.3725
1.3216,0.0005,1.3004,1.0437,0.3752
0.9929,0.0006,1.1834,1.5003,0.3752
1.5827,0.0008,0.7250,1.6791,0.3645
1.2525,0.0006,0.9179,1.1781,0.3571
1.7376,0.0005,1.0149,1.8764,0.3533
1.0129,0.0005,0.6947,0.9656,0.3533
1.5321,0.0005,0.6544,1.3749,0.3412
1.6005,0.0007,0.7352,1.6305,0.3429
1.4010,0.0005,0.8510,1.5539,0.3577
1.4622,0.0004,0.7324,1.4777,0.3406
1.7093,0.0005,0.7117,1.3201,0.3397
1.9742,0.0004,0.9571,2.2827,0.3620
1.7046,0.0005,1.0837,1.5443,0.3359
1.0383,0.0003,0.9314,1.1525,0.3359
1.5355,0.0004,0.6854,1.3933,0.3408
1.3541,0.0004,0.7018,1.4846,0.3406
1.3112,0.0003,0.9375,1.3859,0.3463
1.5604,0.0006,0.7582,1.3462,0.3393
1.6847,0.0005,0.7177,1.8008,0.3418
1.1461,0.0004,0.8760,1.1068,0.3418
1.9372,0.0004,0.7220,2.0377,0.3439
1.4678,0.0004,0.6994,1.4194,0.3433
1.1946,0.0004,0.8346,1.1012,0.3433
2.0599,0.0008,1.1521,2.0922,0.3997
1.3027,0.0006,0.8772,1.3740,0.3344
0.9654,0.0006,0.8164,0.8972,0.3344
1.4241,0.0005,0.7455,1.3037,0.3571
1.3405,0.0006,0.7132,1.4888,0.3505
1.4391,0.0005,0.8295,1.2034,0.3659
1.3154,0.0005,0.9066,1.6081,0.3382
1.8148,0.0006,0.6800,1.7206,0.3421
1.0550,0.0005,0.7861,1.0432,0.3486
1.1710,0.0004,0.8685,1.2691,0.3603
1.5304,0.0005,0.6167,1.2392,0.3505
1.4871,0.0006,0.6661,1.5970,0.3446
1.6343,0.0006,0.9363,1.3563,0.3685
1.1497,0.0005,1.6867,1.4226,0.3685
1.8008,0.0005,0.8861,1.9305,0.3497
1.3336,0.0004,0.6906,1.3262,0.3408
1.4260,0.0005,0.7072,1.4191,0.3500
1.2740,0.0005,0.8172,1.2806,0.3648
1.0609,0.0004,0.7786,0.9980,0.3648
1.4431,0.0006,0.6523,1.4453,0.3613
1.2096,0.0005,0.8151,1.1795,0.3587
1.0295,0.0004,1.1399,1.1094,0.3587
1.3619,0.0004,0.6589,1.2743,0.3569
1.6792,0.0006,0.7914,1.2998,0.3858
1.6054,0.0005,1.2311,1.2909,0.3706
0.7288,0.0003,1.5116,1.0426,0.3405
1.0858,0.0004,0.6626,1.1359,0.3405
1.1255,0.0005,0.6279,1.3027,0.3465
1.3047,0.0005,0.7126,1.1714,0.3570
1.1651,0.0005,0.8223,1.2070,0.3570
1.3401,0.0007,0.7084,1.3102,0.3491
1.2599,0.0005,0.7227,1.3823,0.3460
1.5668,0.0005,0.8294,1.3210,0.3355
1.1676,0.0004,0.8638,1.3069,0.3355
1.4658,0.0005,0.7084,1.2725,0.3543
1.7732,0.0005,0.8390,2.0130,0.3406
1.6208,0.0008,0.7693,1.5716,0.3761
1.0950,0.0006,0.8939,1.0126,0.3792
1.6429,0.0008,0.9309,1.7461,0.3515
1.6612,0.0014,0.8559,1.4649,0.3623
1.4884,0.0007,1.3759,1.2082,0.3551
1.3883,0.0007,1.3093,1.8496,0.3687
1.0196,0.0005,0.7926,0.8867,0.3687
1.5271,0.0007,0.9026,1.3739,0.3492
1.0075,0.0006,0.9250,1.3109,0.3484
1.2483,0.0005,0.7006,0.9402,0.3592
1.3019,0.0004,1.0775,1.4931,0.3592
1.1842,0.0005,0.6349,1.3053,0.3488
1.8052,0.0006,0.8181,1.7536,0.3779
1.4526,0.0004,0.7293,1.3710,0.3779
1.1188,0.0004,0.8556,1.1040,0.3729
1.7232,0.0004,0.7814,1.8086,0.3684
1.7174,0.0003,1.1455,1.4782,0.3656
1.5142,0.0005,0.7002,1.4622,0.3301
1.2679,0.0005,0.7875,1.5772,0.3538
1.3612,0.0005,0.6735,1.0071,0.3508
1.2369,0.0006,0.9241,1.3730,0.3585
1.1763,0.0006,1.0102,1.2372,0.3512
1.2216,0.0004,0.7933,1.1988,0.3512
1.6938,0.0004,0.6717,1.8092,0.3417
1.9154,0.0005,0.7555,1.5356,0.3755
1.1670,0.0005,1.2614,1.3079,0.3343
1.3988,0.0004,1.1251,1.6360,0.3343
1.4936,0.0005,0.7987,1.1415,0.3621
1.5438,0.0005,0.8128,1.8864,0.3566
1.2640,0.0004,0.6839,1.1789,0.3566
1.4153,0.0004,0.8109,1.4924,0.3500
1.1240,0.0006,0.6770,1.1366,0.3571
1.3999,0.0004,0.6662,1.3782,0.3571
1.2143,0.0004,0.6507,1.2077,0.3382
2.0274,0.0005,0.6662,1.8576,0.3327
1.3363,0.0006,0.8287,1.4334,0.3643
1.4225,0.0007,0.9230,1.2276,0.3739
1.1459,0.0005,1.1459,0.9014,0.3363
1.2631,0.0006,0.9391,1.7126,0.3363
1.3613,0.0004,0.6600,1.3553,0.3486
1.2909,0.0004,0.6882,1.3146,0.3555
1.1909,0.0004,0.7039,0.9954,0.3382
1.2289,0.0005,0.8507,1.3725,0.3382
1.0935,0.0004,0.8897,1.0771,0.3602
1.1430,0.0004,0.9495,1.0083,0.3615
1.3084,0.0003,0.7570,1.1443,0.3384
1.4277,0.0003,0.7510,1.3620,0.3468
1.4010,0.0006,0.7435,1.4518,0.3468
1.5050,0.0007,0.9222,1.4710,0.3519
1.9275,0.0007,1.2805,2.2004,0.3649
1.2327,0.0005,0.8681,1.3058,0.3407
1.2054,0.0006,0.7840,1.0045,0.3516
1.0891,0.0004,0.9194,1.2112,0.3516
1.7353,0.0006,0.7368,1.7842,0.3571
0.9814,0.0005,0.7060,1.0296,0.3571
1.4593,0.0006,0.6385,1.3206,0.3416
1.4644,0.0006,0.6512,1.4768,0.3412
1.6573,0.0005,0.7052,1.4147,0.3543
1.1754,0.0004,0.9154,1.3304,0.3543
1.5136,0.0009,0.9033,1.4682,0.3713
1.8083,0.0008,0.8825,1.9242,0.3713
1.3502,0.0005,1.2786,1.1095,0.3849
1.5719,0.0004,0.9551,1.8776,0.3550
1.2629,0.0003,0.7517,0.8836,0.3550
1.3809,0.0005,0.7921,1.6520,0.3341
1.4324,0.0005,0.6584,1.5234,0.3481
1.2680,0.0004,0.7434,1.2767,0.3623
1.3751,0.0004,0.6843,1.0946,0.3600
1.1868,0.0004,0.8819,1.3477,0.3600
1.5522,0.0004,0.9245,1.5344,0.3661
1.1791,0.0004,0.9698,1.1048,0.3661
1.5255,0.0008,0.7017,1.6148,0.3588
2.0128,0.0007,0.7316,1.6336,0.3759
1.4955,0.0006,1.3017,1.9293,0.3585
1.1381,0.0006,0.8578,1.0244,0.3585
1.5203,0.0005,0.7523,1.3924,0.3563
1.2250,0.0005,0.7305,1.4792,0.3516
1.8560,0.0005,0.6751,1.8280,0.3456
1.0926,0.0004,0.7130,1.1100,0.3456
1.4374,0.0007,0.6872,1.3160,0.3420
1.0868,0.0003,0.8267,1.0434,0.3420
1.3712,0.0004,0.7005,1.5261,0.3405
1.5528,0.0005,0.6825,1.2272,0.3583
1.4660,0.0005,0.9269,1.5692,0.3480
1.6134,0.0005,1.5699,1.7520,0.3745
1.4677,0.0004,0.7514,1.3895,0.3490
1.0593,0.0006,0.8788,1.1057,0.3490
1.2909,0.0006,0.8938,1.1863,0.3413
1.4254,0.0005,0.8481,1.4581,0.3487
1.0908,0.0004,0.8858,1.0256,0.3487
1.2851,0.0007,0.6809,1.4978,0.3434
1.1740,0.0005,0.6499,1.1334,0.3506
1.3491,0.0004,0.6183,1.2504,0.3377
1.6418,0.0003,0.6484,1.3930,0.3469
1.1097,0.0005,0.7962,1.4189,0.3469
1.4971,0.0005,0.6795,1.4997,0.3446
1.9774,0.0008,0.7463,1.8737,0.3887
1.7334,0.0007,1.0632,1.5481,0.3708
0.8942,0.0005,1.2435,0.8395,0.3708
1.5936,0.0007,0.8127,1.7152,0.3477
1.5906,0.0008,0.9454,1.6877,0.3498
1.4676,0.0006,0.9496,1.3154,0.3497
2.0629,0.0007,0.8496,2.1812,0.3485
1.3749,0.0016,0.9629,1.4525,0.3408
1.3860,0.0008,0.8346,1.1430,0.3557
2.0602,0.0006,1.1348,2.2524,0.3449
1.5683,0.0005,1.2832,1.0525,0.3449
1.7402,0.0009,0.9941,2.1909,0.3519
1.2577,0.0007,0.9815,1.3465,0.3826
1.7917,0.0004,0.8743,1.3823,0.3467
1.2058,0.0004,1.0810,1.6308,0.3467
1.1639,0.0006,0.8485,1.1317,0.3411
2.2697,0.0006,0.9926,2.1763,0.3527
1.1081,0.0003,0.8526,0.9273,0.3527
1.6910,0.0173,0.8094,1.8130,0.3370
1.5217,0.0008,0.9725,1.3024,0.3362
1.9048,0.0006,0.9698,2.2310,0.3336
1.7218,0.0008,0.8764,1.6706,0.3336
1.3139,0.0007,0.9754,1.3553,0.3964
1.3428,0.0007,0.9213,1.3641,0.3964
1.7987,0.0007,0.8215,1.4801,0.3456
1.4636,0.0007,1.0190,1.7145,0.3456
1.7413,0.0006,0.9593,1.5729,0.3474
1.7140,0.0005,0.7997,1.9067,0.3454
1.7658,0.0006,0.8696,1.5486,0.3643
1.5719,0.0004,1.7849,1.7842,0.3643
1.8579,0.0006,0.8668,1.7103,0.3410
1.6986,0.0006,1.3579,1.5728,0.3552
1.3862,0.0006,1.5483,1.4793,0.3552
1.9618,0.0005,1.2316,2.0544,0.3497
1.5304,0.0007,0.9535,1.5422,0.3418
1.7376,0.0007,0.9362,1.7054,0.3430
1.2974,0.0003,1.1688,1.3540,0.3430
2.3259,0.0004,0.8277,2.1194,0.3321
1.1767,0.0007,1.1093,0.9763,0.3321
1.8592,0.0005,1.1069,1.8872,0.3548
1.9327,0.0007,0.9723,2.2141,0.3415
1.5994,0.0009,1.1487,1.5902,0.3415
2.0750,0.0008,1.0363,2.0381,0.4020
1.0712,0.0008,0.9821,1.1316,0.4020
1.4771,0.0008,0.8508,1.4751,0.3421
1.3206,0.0007,0.7951,1.3199,0.3387
1.3802,0.0008,0.7838,1.2494,0.3333
1.6107,0.0010,1.0276,1.5687,0.3389
2.0455,0.0006,0.9631,2.1486,0.3369
1.4362,0.0007,0.8641,1.4462,0.3629
1.2767,0.0005,0.9582,1.2787,0.3629
1.5814,0.0007,1.1355,1.2560,0.3472
2.3817,0.0006,1.0499,2.6026,0.3740
1.5366,0.0006,1.0140,1.6097,0.3469
1.5000,0.0009,0.9140,1.4469,0.3492
1.1772,0.0005,0.8959,1.2625,0.3492
1.5843,0.0006,0.8662,1.5484,0.3316
1.4537,0.0007,0.7957,1.1257,0.3480
1.4209,0.0006,0.9027,1.7476,0.3448
1.3997,0.0006,0.7525,1.1317,0.3539
1.2407,0.0006,0.8321,1.5266,0.3424
1.7786,0.0009,0.8686,1.5174,0.3507
1.9459,0.0008,0.9188,2.0670,0.3388
2.3698,0.0007,1.3166,2.2541,0.4029
1.2386,0.0008,1.3069,0.9608,0.4029
1.3998,0.0008,1.1047,1.8554,0.3519
1.4188,0.0012,0.8941,1.1629,0.3363
1.6294,0.0005,0.9704,1.8140,0.3363
1.8332,0.0007,0.8759,1.5441,0.3446
1.4719,0.0006,1.0294,1.8303,0.3446
1.4971,0.0006,0.8140,1.1578,0.3552
2.1136,0.0006,1.0295,2.4303,0.3363
1.4113,0.0007,0.8837,1.0660,0.3483
1.2821,0.0006,1.4258,1.1235,0.3950
1.4519,0.0007,1.2408,1.6473,0.3950
1.3368,0.0006,1.3448,1.5364,0.3726
1.5486,0.0005,0.7678,1.4978,0.3611
1.8543,0.0007,0.8061,1.4480,0.3597
1.8242,0.0009,0.9954,2.2536,0.3338
1.2527,0.0006,0.9517,0.9683,0.3533
1.7717,0.0006,1.1355,2.0997,0.3480
1.3135,0.0009,0.9020,1.1287,0.3480
1.7220,0.0009,1.1223,1.9249,0.3552
1.5423,0.0007,0.8988,1.3038,0.3552
1.3381,0.0006,1.5183,1.4455,0.3445
2.2092,0.0008,0.9140,2.2897,0.3563
1.3580,0.0007,0.8594,1.2656,0.3498
1.0858,0.0007,1.0257,1.1878,0.3498
1.6058,0.0007,0.9887,1.4563,0.3292
1.3984,0.0007,1.0263,1.1957,0.3292
1.5530,0.0005,0.9054,1.5678,0.3548
1.7397,0.0006,0.9957,2.0117,0.3527
1.1428,0.0005,1.1437,1.1524,0.3527
1.8416,0.0006,0.7759,1.8653,0.3502
1.2062,0.0008,0.8189,1.2001,0.3502
2.0227,0.0006,0.8433,2.0079,0.8287
1.3849,0.0006,0.9026,1.3513,0.3563
1.1442,0.0006,0.9834,1.0854,0.3563
1.9578,0.0007,0.7905,2.0333,0.3507
1.2426,0.0008,1.2010,1.2721,0.3507
1.7279,0.0004,0.9338,1.7177,0.3449
1.5519,0.0003,0.8005,1.4743,0.3454
1.7255,0.0004,0.8466,1.6270,0.3369
1.4350,0.0006,0.8147,1.3747,0.3320
1.6492,0.0006,0.7887,1.6562,0.3480
2.3519,0.0009,0.8664,2.3369,0.5551
1.6713,0.0007,1.5270,1.3954,0.3599
1.0837,0.0006,1.3895,1.3080,0.3599
1.9241,0.0007,0.8328,1.7957,0.3626
2.0074,0.0007,0.9583,2.2160,0.3398
1.4015,0.0006,0.9772,1.3828,0.3562
1.5366,0.0010,0.9761,1.6965,0.3562
1.6805,0.0007,0.7693,1.3748,0.3395
1.5645,0.0005,0.9127,1.8717,0.3604
1.2801,0.0007,0.7860,1.1908,0.3604
1.8329,0.0008,0.8607,1.6025,0.3299
1.7316,0.0006,0.9918,1.9916,0.3554
1.7994,0.0005,0.9902,1.8062,0.3670
1.5093,0.0005,0.7898,1.4269,0.3670
1.5215,0.0006,0.8848,1.6068,0.3465
1.6209,0.0005,0.8436,1.2896,0.3382
1.8208,0.0006,0.8622,2.0961,0.3515
0.9936,0.0004,0.8171,1.0440,0.3515
1.5897,0.0006,0.8494,1.3426,0.3525
1.5434,0.0007,0.9638,1.5766,0.3413
1.7431,0.0007,0.8154,1.4552,0.3493
1.8453,0.0007,1.2226,2.2328,0.3472
1.2428,0.0008,1.2401,1.2969,0.3472
1.7002,0.0007,0.8918,1.2738,0.3414
1.4615,0.0006,1.2410,1.5974,0.3453
1.5695,0.0005,1.0121,1.7742,0.3521
1.9531,0.0006,0.8982,2.0056,0.3554
1.2579,0.0004,0.9645,1.2815,0.3554
1.7764,0.0005,0.7311,1.4055,0.3474
1.8996,0.0005,0.6779,2.0877,0.3375
1.6396,0.0007,0.9876,1.3840,0.3375
1.8602,0.0005,0.9152,2.2153,0.3463
1.5746,0.0006,0.8600,1.5985,0.3470
1.5566,0.0005,0.8507,1.4077,0.3352
1.6328,0.0011,0.7678,1.5268,0.3511
1.6941,0.0006,0.7472,1.8840,0.3408
1.4657,0.0006,0.8462,1.4889,0.3523
1.4172,0.0005,0.8623,1.2666,0.3520
1.0404,0.0005,0.9244,1.1285,0.3520
1.7413,0.0004,0.7856,1.5228,0.3449
1.7916,0.0005,0.9547,1.8267,0.3299
1.6515,0.0008,0.9293,1.3380,0.3574
1.9416,0.0007,1.2242,2.4043,0.3564
1.1514,0.0008,1.0577,1.2259,0.3536
1.6996,0.0005,0.9012,1.6995,0.3633
1.4030,0.0005,0.8917,1.0834,0.3616
1.6585,0.0007,0.9005,1.9108,0.3330
1.4001,0.0004,0.8413,1.1437,0.3398
1.4722,0.0005,0.9266,1.7129,0.3398
1.7246,0.0007,0.9450,1.4852,0.3559
1.5824,0.0005,1.0974,1.8491,0.3541
1.6206,0.0004,0.8659,1.4644,0.3370
1.8634,0.0008,0.9946,1.6339,0.3370
1.4603,0.0006,1.6772,1.5403,0.5850
1.2021,0.0019,1.1254,1.2625,0.5850
1.4997,0.0006,0.8452,1.7321,0.3441
1.6796,0.0006,0.8777,1.6708,0.3386
1.3653,0.0006,0.7886,1.2897,0.3423
1.3056,0.0004,0.9885,1.0964,0.3423
1.6826,0.0005,0.7447,1.8566,0.3521
1.1196,0.0004,0.8943,1.1360,0.3521
1.6556,0.0005,0.7867,1.3415,0.3524
1.3709,0.0008,1.0227,1.5596,0.3448
1.6482,0.0007,1.2654,1.8124,0.3664
2.0272,0.0006,1.0314,2.0035,0.3756
1.3591,0.0005,1.0104,1.3861,0.3756
1.8534,0.0006,0.9468,1.8290,0.3608
1.4277,0.0007,0.9656,1.4472,0.3608
1.6729,0.0004,0.9542,1.6631,0.3393
1.4594,0.0006,0.9515,1.4557,0.3478
1.7940,0.0004,0.8290,1.7308,0.3478
1.8598,0.0004,0.8432,1.8956,0.3526
1.2252,0.0006,0.7600,1.2228,0.3549
1.7540,0.0009,0.8581,1.3059,0.3549
1.5938,0.0005,1.5753,1.9211,0.3383
1.5146,0.0005,1.0399,1.5643,0.3549
1.4958,0.0006,0.8972,1.5284,0.3549
1.7621,0.0007,0.8673,1.6309,0.3419
1.3502,0.0006,0.9927,1.4709,0.3349
1.5351,0.0009,0.9819,1.4036,0.3349
2.0075,0.0007,0.8126,2.0717,0.3352
1.5051,0.0010,0.9397,1.1620,0.3352
1.7056,0.0007,0.9256,1.9334,0.3365
1.8623,0.0008,0.9214,1.5969,0.3576
1.0636,0.0007,1.3043,1.0938,0.3576
2.2651,0.0008,0.9645,2.5892,0.3383
1.6979,0.0009,1.0723,1.7123,0.3529
1.5193,0.0006,0.9478,1.5461,0.3529
1.9633,0.0006,0.8615,1.7899,0.3498
1.0688,0.0738,1.0554,1.0502,0.3498
1.7440,0.0008,1.1315,1.3105,0.3807
1.5892,0.0006,0.9807,1.8896,0.3807
1.7484,0.0004,0.9547,2.0068,0.3430
1.7943,0.0005,0.7262,1.7785,0.3380
1.6506,0.0006,0.8147,1.6467,0.3428
1.9665,0.0008,0.8284,1.8522,0.3480
1.3391,0.0005,0.9380,1.4637,0.3395
1.8510,0.0006,0.7537,1.7949,0.3395
1.2482,0.0006,0.9556,1.2817,0.3386
1.9753,0.0005,0.8863,1.9318,0.3388
1.1530,0.0005,0.7854,1.1620,0.3460
1.9009,0.0004,0.9522,1.8447,0.3479
1.4155,0.0004,1.0440,1.4827,0.3564
1.1612,0.0004,0.8315,1.0205,0.3564
2.1473,0.0008,0.9050,2.1123,0.3402
1.3678,0.0005,1.3237,1.3289,0.3641
2.1416,0.0005,0.9624,2.2618,0.3456
1.2804,0.0005,1.0005,0.9365,0.3634
1.7631,0.0006,1.1064,1.9799,0.3495
0.9234,0.0006,1.1049,0.8595,0.3495
2.0759,0.0005,0.8494,2.1342,0.3513
1.4256,0.0005,1.0503,1.5129,0.3455
1.0426,0.0006,0.8859,0.9234,0.3455
1.9217,0.0007,0.8684,1.6604,0.3317
1.6209,0.0007,0.9830,1.7106,0.3317
1.5499,0.0008,1.4137,1.7965,0.3807
1.4704,0.0004,1.1142,1.4830,0.3555
1.8713,0.0005,0.8870,1.3856,0.3761
1.6769,0.0004,1.1362,2.2094,0.3377
2.5210,0.0005,0.8244,2.3180,0.3561
0.8877,0.0005,1.0579,0.7891,0.3532
1.1264,0.0007,0.8154,1.4433,0.3532
1.9782,0.0004,0.8097,1.9684,0.3668
0.8541,0.0004,0.9840,0.7643,0.3668
1.3708,0.0005,0.7429,1.3406,0.3485
1.7385,0.0006,0.7197,1.6223,0.3491
1.7101,0.0006,0.9169,1.8597,0.5269
1.4740,0.0004,1.1543,1.3135,0.3542
1.7504,0.0006,0.8050,1.8885,0.3504
1.9460,0.0007,0.8419,1.9095,0.3588
1.4486,0.0005,1.1196,0.9281,0.3622
0.8419,0.0004,1.3000,1.4578,0.3622
1.4573,0.0006,0.7258,1.3150,0.3366
1.7430,0.0012,0.9170,1.5194,0.3443
1.2795,0.0006,1.0300,1.5996,0.3443
1.5580,0.0005,1.0821,1.3129,0.3359
1.6307,0.0008,0.9551,1.7666,0.3359
2.0219,0.0009,0.9961,1.9241,0.3699
1.3577,0.0007,1.1369,1.5024,0.3699
2.1644,0.0007,1.0137,2.1323,0.3399
1.1586,0.0006,0.9847,0.8970,0.3651
1.2388,0.0006,1.0296,1.5733,0.3651
1.7217,0.0004,0.7518,1.3632,0.3486
1.7303,0.0006,0.7736,1.8523,0.3345
2.1965,0.0005,0.9438,2.3152,0.3493
1.0163,0.0004,1.2117,1.0149,0.3493
1.8989,0.0008,0.7663,1.8927,0.3497
1.7527,0.0007,0.8814,1.5748,0.3821
1.1483,0.0004,1.2448,1.3610,0.3821
1.6737,0.0006,0.8744,1.6813,0.3555
1.6328,0.0005,0.7607,1.4685,0.3406
1.3822,0.0005,0.9532,1.5332,0.3406
1.6558,0.0004,0.9318,1.6076,0.3616
1.8876,0.0006,0.8591,1.5928,0.3437
1.4940,0.0006,0.8660,1.7993,0.3437
2.2434,0.0008,0.7280,2.0419,0.3666
0.9228,0.0475,0.9823,0.8612,0.3666
1.8964,0.0008,0.9277,1.7551,0.3694
2.4063,0.0005,1.1580,2.5849,0.3724
1.7623,0.0006,1.3015,1.8128,0.3424
1.0185,0.0005,1.3019,0.9672,0.3424
1.5419,0.0004,0.9274,1.4733,0.3413
1.8075,0.0004,0.9951,2.0741,0.3413
1.8244,0.0007,0.8055,1.7009,0.3427
1.1426,0.0004,0.9161,1.2682,0.3427
1.5351,0.0004,0.7537,1.2287,0.3561
1.8956,0.0006,0.7175,1.9630,0.3522
2.2293,0.0007,0.9218,2.3352,0.3292
1.3855,0.0006,1.2501,1.4471,0.3547
1.5910,0.0008,0.8902,1.6176,0.3547
1.5150,0.0007,0.7510,1.5101,0.3433
1.8099,0.0004,0.7689,1.7739,0.3374
1.2760,0.0005,0.7918,1.3107,0.3312
1.4927,0.0005,0.7589,1.4722,0.3312
2.2841,0.0007,0.9456,2.1843,0.3345
1.4409,0.0005,1.0356,1.5023,0.3474
1.7191,0.0008,0.8925,1.6475,0.3474
1.5328,0.0007,0.8869,1.1627,0.3599
2.2068,0.0007,0.9149,2.6082,0.3500
1.2839,0.0004,0.8199,1.0016,0.3500
1.6463,0.0007,0.8258,1.7043,0.3394
1.6835,0.0006,1.0426,1.9325,0.3619
1.7163,0.0006,1.0382,1.7012,0.3379
1.3650,0.0006,0.8908,1.0880,0.3379
1.6643,0.0007,0.8989,1.9224,0.3559
1.9817,0.0006,0.9604,1.6932,0.3425
1.2829,0.0006,1.2455,1.2523,0.3468
1.5870,0.0007,1.2581,1.8549,0.3468
1.4575,0.0007,0.9533,1.4088,0.3820
1.6129,0.0005,1.0049,1.6463,0.3503
1.1342,0.0005,1.0256,1.0835,0.3588
1.4473,0.0004,0.7745,1.3640,0.3408
1.8068,0.0004,0.7829,1.9632,0.3404
1.6515,0.0004,0.7864,1.6694,0.3385
1.2678,0.0005,0.8000,1.2611,0.3348
1.4070,0.0003,0.8756,1.2567,0.3323
1.5269,0.0005,0.7166,1.5365,0.3463
1.7512,0.0008,0.8477,1.3323,0.3381
1.4221,0.0006,1.0650,1.6166,0.3680
1.4572,0.0008,1.4549,1.5002,0.3680
1.6112,0.0007,1.1069,1.8750,0.3442
1.4096,0.0005,0.7887,1.1424,0.3442
1.8990,0.0006,0.9167,2.1448,0.3384
1.4124,0.0006,0.9515,1.2826,0.3384
1.9107,0.0005,1.0226,2.0296,0.3411
1.1849,0.0004,0.8786,0.9718,0.3694
1.4345,0.0008,1.0011,1.5228,0.3608
1.6426,0.0006,1.1534,1.6524,0.5404
1.1597,0.0007,1.5676,0.9361,0.5404
2.0743,0.0008,1.0601,2.2571,0.3502
1.6074,0.0007,1.0854,1.3027,0.3502
2.2114,0.0007,1.1790,2.5419,0.3452
1.0979,0.0006,0.8700,0.8563,0.3452
1.3261,0.0006,0.8544,1.6721,0.3521
2.0959,0.0005,0.6823,1.9979,0.3343
1.0586,0.0005,0.9805,0.9350,0.3403
1.5387,0.0008,1.1243,1.4454,0.3403
1.7398,0.0009,0.8985,1.7989,0.3424
2.0230,0.0009,0.8402,2.1429,0.3555
1.4968,0.0008,1.0368,1.3642,0.3555
2.2360,0.0006,1.3204,2.3611,0.3683
1.3349,0.0007,1.3106,1.2868,0.3484
1.7450,0.0006,1.1199,1.8676,0.3484
1.8046,0.0004,0.7927,1.7768,0.3449
1.2740,0.0003,0.8501,1.3062,0.3449
1.6204,0.0004,0.6989,1.1772,0.3265
1.7609,0.0003,0.7537,2.1249,0.3393
1.1730,0.0005,0.7817,1.1458,0.3393
1.8641,0.0005,0.7932,1.7907,0.3407
1.6206,0.0006,0.9732,1.3828,0.3407
1.4773,0.0007,1.0456,1.7815,0.3680
1.7983,0.0006,1.1082,1.7912,0.3602
1.6047,0.0004,0.8913,1.6438,0.3577
1.6150,0.0004,0.9327,1.4833,0.3485
1.7635,0.0003,0.9511,1.8413,0.3581
1.3044,0.0005,0.7782,1.0615,0.3581
1.8762,0.0003,0.9156,2.0887,0.3441
0.9064,0.0006,1.2933,0.8445,0.3441
1.5865,0.0006,0.7536,1.4773,0.3378
2.2319,0.0007,0.7218,2.1628,0.3633
1.5316,0.0006,1.2315,0.8916,0.3827
0.7652,0.0004,1.3702,1.5285,0.3827
2.0064,0.0004,0.7308,2.0435,0.3540
1.2884,0.0003,0.7482,0.8889,0.3530
1.9411,0.0006,0.7848,1.8561,0.3456
1.6674,0.0005,0.8496,2.1291,0.3581
1.2420,0.0004,0.7771,1.1673,0.3581
2.2010,0.0005,0.8511,2.2395,0.3406
1.2285,0.0005,0.8680,1.2425,0.3645
1.4398,0.0005,0.7898,1.0485,0.3645
1.4974,0.0008,0.7826,1.8574,0.3488
1.8255,0.0008,0.8348,1.4207,0.3686
1.4148,0.0007,1.1507,1.7051,0.3527
1.5964,0.0007,0.9225,1.7170,0.3421
1.7203,0.0004,0.7863,1.7081,0.3648
1.4856,0.0007,0.8977,1.2233,0.3501
1.4528,0.0008,1.0234,1.6715,0.3501
1.2349,0.0006,0.8257,1.0339,0.3637
1.6495,0.0006,0.7409,1.8441,0.3432
1.4934,0.0007,0.8591,1.5274,0.3626
1.4482,0.0005,0.8676,1.1218,0.3304
1.6067,0.0008,1.0183,1.8611,0.3508
1.7665,0.0008,1.0352,1.7597,0.3676
1.4107,0.0004,1.0005,1.4489,0.3676
1.7837,0.0005,0.7767,1.7639,0.3496
1.3787,0.0006,0.8488,1.2297,0.3496
1.3499,0.0006,1.1681,1.2247,0.3482
1.5752,0.0006,0.8644,1.8302,0.3728
1.8336,0.0006,0.8000,1.3471,0.3472
1.6181,0.0007,0.9829,2.0584,0.3472
1.3611,0.0007,0.8751,1.3977,0.3487
1.3203,0.0008,0.8178,1.2863,0.3409
1.6222,0.0006,0.7863,1.6041,0.3458
1.5731,0.0006,0.8735,1.4861,0.3648
1.4345,0.0005,1.4775,1.5546,0.3580
1.4485,0.0005,0.7383,1.4343,0.3445
1.3551,0.0006,0.7169,1.3420,0.3500
1.6530,0.0005,0.8671,1.4765,0.3686
1.2621,0.0004,1.0738,1.4747,0.3243
1.3627,0.0004,0.7129,1.2038,0.3499
1.3949,0.0006,0.8398,1.4525,0.3515
1.5889,0.0003,0.7905,1.6717,0.3449
1.5427,0.0005,0.7281,1.5167,0.3394
1.5935,0.0004,0.9397,1.1800,0.3547
1.4313,0.0006,1.1559,1.4640,0.3821
1.6929,0.0006,0.9742,1.6303,0.3612
1.2811,0.0005,0.9260,1.6937,0.3514
1.4329,0.0005,0.7505,1.4704,0.3514
1.4352,0.0006,0.6127,1.3134,0.3444
1.4732,0.0008,0.6582,1.4937,0.3369
1.5629,0.0005,0.7999,1.2180,0.3543
1.0162,0.0003,1.0265,1.4341,0.3543
1.2768,0.0004,0.6558,1.2772,0.3307
1.1021,0.0004,0.7049,1.0370,0.3307
1.2179,0.0006,0.7843,1.2472,0.3436
1.2771,0.0005,0.6844,1.2906,0.3529
1.7679,0.0009,0.9765,1.2704,0.3609
1.1583,0.0005,1.3359,1.5190,0.3846
1.6839,0.0005,0.9815,1.7762,0.3623
1.3099,0.0004,0.7372,1.3330,0.3408
1.1669,0.0005,0.7035,1.1713,0.3568
1.3305,0.0005,0.6799,1.3193,0.3430
1.1185,0.0004,0.7046,1.1041,0.3408
1.3865,0.0004,0.7179,1.2589,0.3408
1.4625,0.0005,0.8100,1.4131,0.3463
1.4738,0.0006,0.7148,1.3421,0.3417
1.1103,0.0005,0.9578,1.2737,0.3602
0.9663,0.0006,0.8825,1.0994,0.3602
1.5909,0.0008,0.8114,1.5212,0.3413
1.3196,0.0006,0.7732,1.0254,0.3646
1.3984,0.0004,1.1724,1.4853,0.3646
1.6566,0.0008,0.8943,1.6243,0.3381
1.1088,0.0006,0.8488,1.3415,0.3381
1.4384,0.0006,0.7009,1.3763,0.3556
1.5251,0.0004,0.7026,1.4969,0.3403
1.2302,0.0005,0.8691,1.3465,0.3468
1.3091,0.0004,0.9115,1.2773,0.3562
1.3428,0.0005,0.7116,0.9679,0.3386
0.9934,0.0003,0.8267,1.3869,0.3510
1.1584,0.0003,0.6726,1.1371,0.3510
1.6624,0.0004,0.6534,1.3726,0.3616
2.2992,0.0011,0.8552,2.4231,0.3722
1.3328,0.0007,1.0350,1.4211,0.3394
1.3205,0.0006,0.8510,1.2982,0.3474
0.9724,0.0006,0.8815,0.8268,0.3474
1.5566,0.0004,0.7946,1.5930,0.3378
1.2947,0.0004,0.8367,1.2035,0.3576
1.3723,0.0003,0.7936,1.5400,0.3453
1.4295,0.0009,0.6838,1.4643,0.3588
1.1934,0.0005,0.6656,1.2022,0.3658
1.2106,0.0004,0.6500,1.2015,0.3479
1.3048,0.0007,0.6397,1.2409,0.3545
1.0674,0.0005,0.6873,1.0878,0.3545
2.2192,0.0005,0.7080,1.8769,0.3735
1.2132,0.0004,1.3962,1.4361,0.3735
1.3050,0.0004,0.8098,1.4505,0.3468
1.1055,0.0004,0.6827,1.0951,0.3630
1.2505,0.0003,0.6787,1.2632,0.3575
1.4952,0.0006,0.8007,1.2536,0.3443
1.2265,0.0004,0.8628,1.4169,0.3443
1.3216,0.0004,0.9538,1.2977,0.3461
1.4098,0.0003,0.7603,1.3267,0.3518
1.3067,0.0005,0.7127,1.4162,0.3379
1.2356,0.0005,0.6857,1.2327,0.3379
1.1552,0.0006,0.7037,1.0703,0.3508
2.0404,0.0006,0.9168,1.6372,0.3717
0.9364,0.0008,1.4485,1.0878,0.3620
1.3733,0.0003,0.8366,1.5894,0.3620
1.6431,0.0005,0.7751,1.6109,0.3619
1.1422,0.0004,0.9567,1.0892,0.3619
1.3637,0.0005,0.6633,1.4420,0.3495
0.9776,0.0004,0.8213,1.0625,0.3643
1.2895,0.0005,0.6757,1.1041,0.3470
1.3576,0.0003,0.7032,1.5401,0.3345
1.6534,0.0005,0.6484,1.2733,0.3494
1.2312,0.0005,0.8166,1.5760,0.3494
1.4834,0.0008,0.6910,1.4153,0.3524
1.8111,0.0007,0.7848,1.8255,0.3621
1.2833,0.0006,1.2926,1.1659,0.3742
1.5440,0.0005,0.9811,1.5094,0.3794
1.6627,0.0005,0.7687,1.4310,0.3302
1.2626,0.0005,1.0053,1.6995,0.3392
1.3605,0.0006,0.6691,1.1069,0.3384
1.3084,0.0003,0.7240,1.5517,0.3537
1.1985,0.0006,0.6590,1.1163,0.3396
1.6498,0.0004,0.7419,1.5784,0.3627
1.5286,0.0005,0.8377,1.3728,0.3328
1.5589,0.0007,0.9130,1.6957,0.3481
1.9128,0.0010,0.9390,1.9591,0.3570
1.2401,0.0006,1.0135,1.0255,0.3694
1.6287,0.0006,1.0751,1.9023,0.3579
1.3588,0.0005,0.7487,1.3776,0.3486
1.7157,0.0005,0.7020,1.5896,0.3462
1.2003,0.0005,0.8518,1.3308,0.3462
1.6253,0.0004,0.7696,1.3529,0.3437
1.3972,0.0004,0.6567,1.5104,0.3556
1.5982,0.0004,0.6718,1.4210,0.3465
1.1571,0.0007,0.8038,1.4698,0.3465
1.6003,0.0006,0.6712,1.2988,0.3506
1.2931,0.0005,0.8043,1.3886,0.3506
2.0163,0.0005,0.6959,2.1427,0.3798
1.3429,0.0004,0.8094,1.4035,0.3559
1.4586,0.0004,0.7069,1.3342,0.3562
1.2688,0.0006,0.7031,1.3844,0.3415
1.1966,0.0004,0.6737,1.1803,0.3492
1.2671,0.0005,0.6869,1.2689,0.3321
1.1540,0.0005,0.6870,0.9750,0.3321
1.5092,0.0005,0.8303,1.5034,0.3463
1.4893,0.0006,0.6529,1.4547,0.3607
1.5743,0.0005,0.7532,1.5495,0.3454
1.1009,0.0005,1.0671,1.3143,0.3454
1.4410,0.0004,0.7020,1.3346,0.3497
1.8706,0.0006,0.7816,1.6267,0.3633
1.2473,0.0005,1.1930,1.4783,0.3633
1.3108,0.0005,0.8861,1.1919,0.3409
0.9947,0.0005,0.8095,1.2174,0.3409
1.4080,0.0006,0.7239,1.2616,0.3617
0.9252,0.0006,0.9333,1.0607,0.3506
1.7447,0.0005,0.6604,1.7207,0.3437
1.0603,0.0004,0.6804,0.8935,0.3437
1.7387,0.0007,0.7242,1.7414,0.3541
1.4056,0.0008,0.7495,1.4491,0.3457
1.0206,0.0005,0.9524,1.1218,0.3525
1.6092,0.0006,0.9336,1.2517,0.3469
1.8723,0.0007,1.1553,1.7848,0.3768
1.2340,0.0005,1.2190,1.5077,0.3622
1.1472,0.0004,1.2087,1.2833,0.3622
1.1537,0.0004,0.7439,1.1837,0.3465
1.2314,0.0006,0.9463,1.2244,0.3410
1.0317,0.0004,0.8288,0.8886,0.3384
1.3391,0.0006,0.7201,1.4784,0.3653
1.4041,0.0006,0.6631,1.2400,0.3508
1.1535,0.0006,1.3428,1.1224,0.3601
1.3991,0.0004,0.8643,1.5711,0.3422
1.1493,0.0006,0.8249,0.9542,0.3422
1.2156,0.0007,0.7798,1.3979,0.3392
1.5296,0.0006,0.6460,1.4409,0.3589
1.5384,0.0006,0.7484,1.5843,0.3687
1.6541,0.0007,0.7954,1.6417,0.3698
1.2616,0.0007,0.7920,1.2747,0.3550
1.2370,0.0006,0.7307,1.2344,0.3531
1.2390,0.0004,0.6965,1.2538,0.3428
1.0085,0.0003,0.6545,1.0086,0.3428
1.6237,0.0004,0.6602,1.2299,0.3409
1.1699,0.0003,0.8293,1.4939,0.3409
1.3309,0.0003,0.6680,1.2460,0.3375
1.5250,0.0003,0.8121,1.6356,0.3450
1.2211,0.0004,0.7121,1.1986,0.3399
0.9381,0.0004,0.7487,0.9343,0.3399
1.6795,0.0010,0.8336,1.6361,0.3438
1.2187,0.0009,0.7875,1.2315,0.3707
1.5081,0.0007,0.8608,1.5037,0.3698
1.5814,0.0006,0.7988,1.4444,0.3605
1.3408,0.0005,0.7857,1.4985,0.3550
1.4304,0.0005,0.7181,1.3044,0.3418
1.5457,0.0006,0.8626,1.6465,0.3704
1.3354,0.0004,1.0796,1.2799,0.3579
1.5477,0.0008,0.7943,1.5972,0.3572
1.1174,0.0007,0.8603,0.9554,0.3572
1.2848,0.0007,0.8993,1.2499,0.3554
1.3732,0.0006,1.0631,1.2036,0.3490
1.3687,0.0007,1.1187,1.6319,0.3490
1.7328,0.0007,1.1896,1.4541,0.3650
0.9743,0.0007,1.0471,1.3325,0.3650
1.5548,0.0005,0.7925,1.1510,0.3276
1.0054,0.0008,0.9897,1.3711,0.3276
1.1676,0.0005,0.9628,1.2105,0.3649
1.3354,0.0004,0.7617,1.2055,0.3393
1.1061,0.0005,0.7551,1.0661,0.3393
1.3302,0.0004,0.5987,1.4759,0.3436
1.5337,0.0003,0.6224,1.2317,0.3645
1.0836,0.0004,0.8279,1.3977,0.3645
1.2852,0.0003,0.9724,1.2436,0.3541
1.4242,0.0006,0.6214,1.4568,0.3497
1.2542,0.0006,0.6427,1.2283,0.3607
1.5830,0.0007,1.0731,1.2312,0.3751
1.3355,0.0005,0.8650,1.5777,0.3610
0.7597,0.0004,0.8800,0.8739,0.3610
1.3865,0.0005,0.6676,1.1855,0.3678
0.9633,0.0004,0.8720,1.1274,0.3678
1.1981,0.0005,0.6795,1.2190,0.3464
1.2809,0.0006,0.7107,1.2728,0.3328
1.2107,0.0005,0.7665,1.1107,0.3328
1.1930,0.0005,0.9036,1.0806,0.3551
1.4232,0.0006,0.8605,1.6033,0.3562
1.4458,0.0005,0.6653,1.1012,0.3541
1.1460,0.0005,0.9115,1.4701,0.3541
1.6943,0.0007,0.8289,1.3352,0.3379
1.8408,0.0007,0.9014,2.0005,0.3859
1.4635,0.0006,0.9443,1.6192,0.3559
1.6332,0.0009,0.9716,1.4957,0.3471
1.3163,0.0010,1.0516,1.4621,0.3499
1.5840,0.0006,0.8092,1.5919,0.3451
1.2984,0.0007,0.7181,1.3016,0.3496
1.3652,0.0006,0.7211,1.2087,0.3525
0.9211,0.0005,0.8008,1.0950,0.3525
1.1526,0.0005,0.7562,1.1181,0.3450
1.4532,0.0004,0.6413,1.3350,0.3408
1.1034,0.0003,0.8334,1.1111,0.3408
1.3501,0.0006,0.6948,1.3727,0.3481
1.7954,0.0011,0.8560,1.7646,0.9444
1.7930,0.0006,0.7674,1.7599,0.3560
1.4534,0.0007,0.9309,1.2935,0.3474
1.3675,0.0006,1.2220,1.6298,0.3414
1.3809,0.0005,0.8833,1.2784,0.3503
1.1821,0.0008,0.6257,1.3240,0.3420
1.2448,0.0005,0.6404,1.2405,0.3308
1.0726,0.0006,0.6575,1.0668,0.3474
1.1703,0.0004,0.6226,1.1700,0.3612
1.3668,0.0004,0.6201,1.0698,0.3484
1.0193,0.0003,0.7722,1.2070,0.3484
1.5310,0.0005,0.6460,1.5885,0.3583
1.8505,0.0005,0.7167,1.7964,0.3737
1.3185,0.0006,0.8633,1.3563,0.3634
1.1082,0.0004,0.7590,1.1313,0.3475
1.0769,0.0006,0.6787,0.9193,0.3493
1.1748,0.0004,0.8178,1.2758,0.3493
1.2851,0.0005,0.7012,1.1077,0.3398
1.5465,0.0005,0.7055,1.7208,0.3414
1.3476,0.0004,0.6747,1.3655,0.3445
1.4492,0.0005,0.6768,1.1643,0.3281
1.2384,0.0005,0.9852,1.3197,0.3473
1.3080,0.0006,1.0307,1.1982,0.3504
1.1991,0.0005,0.9366,1.3869,0.3504
1.6997,0.0005,0.7085,1.6188,0.3677
2.2954,0.0007,0.8698,2.4160,0.3528
1.2210,0.0006,0.9576,0.9761,0.3528
1.1913,0.0005,0.9027,1.5081,0.3658
1.2921,0.0005,0.6604,1.2740,0.3450
1.2152,0.0004,0.6610,1.1932,0.3769
1.4745,0.0007,0.7140,1.1606,0.3424
1.3257,0.0007,0.8757,1.4027,0.3424
1.3078,0.0005,0.8155,1.5630,0.3433
1.3233,0.0003,0.6635,1.1978,0.3432
1.2679,0.0006,0.7121,1.3690,0.3386
1.1463,0.0004,0.7552,1.0904,0.3374
1.4634,0.0010,0.9419,1.4363,0.3376
1.7361,0.0006,0.8586,1.7758,0.3873
1.2393,0.0005,0.8096,1.2690,0.3555
1.3591,0.0005,0.7108,1.1744,0.3634
1.0407,0.0005,0.9101,1.0679,0.3401
1.2823,0.0005,1.0221,1.0660,0.3536
0.9946,0.0004,0.8818,1.3421,0.3536
1.2385,0.0004,0.8183,1.2487,0.3443
1.3341,0.0006,0.7271,1.0094,0.3523
1.1722,0.0005,0.8748,1.2778,0.3523
1.5543,0.0004,0.8062,1.5367,0.3524
1.1071,0.0004,0.9021,0.9601,0.3422
1.0562,0.0004,1.1777,1.1649,0.3422
1.1768,0.0005,0.9772,1.2812,0.5570
1.4175,0.0005,1.1454,1.2260,0.5570
1.4356,0.0005,0.7492,1.7387,0.3546
1.2172,0.0006,0.8788,1.1462,0.3546
1.3358,0.0005,0.6755,1.2676,0.3447
1.3749,0.0004,0.7244,1.3896,0.3381
1.2476,0.0004,0.8981,1.3591,0.3527
1.2612,0.0004,0.6739,1.1731,0.3443
1.5319,0.0006,0.7942,1.5461,0.3633
1.1806,0.0006,0.7438,1.2134,0.3515
1.2110,0.0006,0.6966,1.2224,0.3570
1.1112,0.0006,0.7132,0.8762,0.3570
1.5124,0.0004,0.7123,1.5970,0.3304
1.9693,0.0006,0.7561,1.8213,0.3434
1.5379,0.0007,0.9333,1.6083,0.3598
1.4273,0.0005,0.8078,1.5896,0.3490
1.3155,0.0008,0.7044,1.3626,0.3502
1.1893,0.0004,0.6948,1.0823,0.3547
1.3534,0.0004,0.7647,1.3120,0.3387
1.4020,0.0004,0.6794,1.2044,0.3476
1.0164,0.0004,0.8260,1.2906,0.3476
1.8017,0.0005,0.7451,1.6297,0.3676
1.4626,0.0007,0.8747,1.4271,0.3535
1.3445,0.0004,1.0575,1.2683,0.3535
1.4942,0.0004,0.9898,1.7206,0.3447
1.2933,0.0005,0.8069,1.2255,0.9119
1.3936,0.0004,0.7758,1.5094,0.3876
1.4820,0.0005,0.6919,1.2470,0.3400
1.4743,0.0005,0.8886,1.5934,0.3585
1.1213,0.0004,0.7623,0.9793,0.3521
1.4961,0.0006,1.0755,1.4066,0.3499
1.2430,0.0004,0.8126,1.3645,0.3501
1.4226,0.0006,0.8243,1.2816,0.3423
1.2539,0.0005,1.0614,1.4928,0.3489
1.2102,0.0006,0.8620,1.3141,0.3489
1.3170,0.0006,0.6986,1.0145,0.3439
1.2663,0.0007,1.0333,1.2747,0.3439
1.3434,0.0007,1.3944,1.5570,0.3578
1.6660,0.0008,1.0471,1.4396,0.3578
1.5470,0.0006,1.0035,1.5033,0.3480
1.1299,0.0005,0.8387,1.2721,0.3466
1.1727,0.0005,0.8609,1.1598,0.3466
1.3824,0.0006,0.8177,1.5395,0.3542
1.0855,0.0004,0.6616,1.0731,0.3430
1.5214,0.0005,0.6717,1.2173,0.3399
1.7280,0.0007,0.8493,2.0061,0.3566
0.9553,0.0006,0.8113,0.8758,0.3566
1.0855,0.0005,0.8372,1.1818,0.3601
1.5581,0.0006,0.6873,1.3023,0.3483
1.4911,0.0006,0.9640,1.6478,0.3483
1.3349,0.0005,1.1749,1.1062,0.3552
1.4042,0.0003,0.8894,1.5372,0.3977
1.4857,0.0005,0.6675,1.6536,0.3424
1.5736,0.0005,0.6740,1.2464,0.3524
0.9878,0.0005,0.7976,1.3135,0.3390
1.6705,0.0006,0.6386,1.4413,0.3751
0.8555,0.0004,0.9666,0.8172,0.3751
1.6443,0.0005,0.7534,1.6991,0.3487
1.1590,0.0005,0.9168,1.2078,0.3541
1.3912,0.0005,0.9286,1.5276,0.3554
1.4336,0.0005,0.6517,1.4431,0.3585
2.1447,0.0007,0.6422,1.9977,0.3891
1.2362,0.0009,0.9471,1.3027,0.3785
1.2554,0.0007,0.8711,1.2705,0.3470
1.2174,0.0006,0.7375,1.2342,0.3475
0.9307,0.0006,0.7309,0.9336,0.3475
1.1645,0.0006,0.6688,1.1092,0.3551
1.2702,0.0007,0.7025,1.1561,0.3746
1.3541,0.0005,0.8200,1.4340,0.3471
1.4138,0.0004,0.6610,1.2598,0.3469
1.1841,0.0006,0.8552,1.2195,0.3469
1.2131,0.0004,0.8780,1.3997,0.3510
1.3215,0.0007,0.6712,1.1919,0.3555
1.6211,0.0005,0.6277,1.7238,0.3424
1.3565,0.0004,0.6938,1.3279,0.5588
1.1764,0.0005,0.7654,0.8481,0.3858
1.3806,0.0006,0.8444,1.4338,0.3423
1.1547,0.0005,0.9355,1.3085,0.3423
1.5000,0.0005,1.0136,1.6348,0.3498
1.0878,0.0005,0.6585,1.0728,0.3498
1.2941,0.0005,0.8986,1.2726,0.3465
1.4414,0.0004,1.0166,1.3390,0.3452
1.5714,0.0004,0.7839,1.6819,0.3696
0.9291,0.0003,0.7227,0.9419,0.3622
1.4420,0.0005,0.9096,1.4356,0.3622
1.8288,0.0008,0.6545,1.5892,0.3455
1.2372,0.0006,0.9375,1.1927,0.3455
1.6982,0.0005,0.9383,1.7909,0.3546
1.8666,0.0005,0.8203,1.8331,0.3414
1.0744,0.0006,0.9463,1.1341,0.3414
1.4942,0.0007,0.7813,1.4195,0.3526
1.3063,0.0006,0.8547,1.3319,0.3494
1.0344,0.0004,0.9622,1.1866,0.3494
1.6427,0.0004,0.8469,1.6260,0.3575
1.0747,0.0003,0.6751,1.0723,0.3575
1.3886,0.0004,0.6461,1.4028,0.3521
1.4833,0.0005,0.6996,1.1574,0.3447
1.2753,0.0003,0.8100,1.5839,0.3456
1.1200,0.0007,0.7089,1.0303,0.3456
2.0363,0.0007,0.8143,2.0631,0.4054
1.3225,0.0003,0.7531,1.0958,0.4054
1.7324,0.0004,0.7215,2.0119,0.3454
1.2230,0.0005,0.7293,1.0732,0.3370
1.5401,0.0005,0.9674,1.5440,0.3563
1.5226,0.0004,0.6706,1.2336,0.3521
1.1656,0.0004,0.7782,1.3979,0.3521
1.2591,0.0004,0.6340,1.3088,0.3483
1.8401,0.0003,0.6501,1.8504,0.3398
1.0129,0.0004,0.7864,0.8589,0.3398
1.3010,0.0006,0.6175,1.4911,0.3341
1.6002,0.0005,0.7152,1.5855,0.3531
1.3465,0.0008,0.8379,0.9028,0.3834
1.3195,0.0005,0.9739,1.5975,0.3651
1.3123,0.0005,0.9549,1.3890,0.3651
1.8678,0.0006,0.8000,1.9680,0.3580
1.5303,0.0005,0.7132,1.5381,0.3386
1.2494,0.0004,0.7062,1.2680,0.3386
1.2335,0.0006,0.6910,1.1748,0.3347
1.2589,0.0006,0.7237,1.1297,0.3429
1.2536,0.0003,0.6882,1.4328,0.3415
1.1612,0.0004,0.6735,1.1375,0.3425
1.5813,0.0005,0.7828,1.1755,0.3524
1.9656,0.0004,0.7164,2.3128,0.3638
1.1749,0.0007,0.8149,1.1569,0.3638
1.1683,0.0006,0.9088,1.0479,0.3517
1.5556,0.0004,1.0635,1.5964,0.3344
1.1906,0.0003,0.8812,1.3209,0.3344
1.4249,0.0005,0.6717,1.3264,0.3402
1.6586,0.0007,0.6988,1.3482,0.3443
1.1868,0.0006,0.8471,1.5297,0.3443
1.0860,0.0004,0.8310,1.1435,0.3487
1.3634,0.0004,0.6845,1.2344,0.3517
1.0934,0.0004,0.8230,1.0723,0.3492
1.5584,0.0008,0.6438,1.4797,0.3519
1.9534,0.0006,0.6997,2.0581,0.3743
1.4408,0.0005,1.0154,0.9608,0.3437
1.2829,0.0005,1.3182,1.5424,0.3466
1.6651,0.0008,1.0432,1.9088,0.3523
1.6214,0.0005,0.9868,1.6336,0.3523
1.3092,0.0005,0.7928,0.9597,0.3490
1.8269,0.0006,0.8547,1.9629,0.3429
1.4105,0.0005,1.0670,1.3878,0.3429
1.5152,0.0007,0.7579,1.7513,0.3564
1.5299,0.0006,0.7629,1.5289,0.3439
1.3172,0.0008,0.7579,1.0708,0.3357
1.5281,0.0007,1.2798,1.5601,0.3711
1.7096,0.0007,0.9525,1.6628,0.3565
1.6467,0.0006,0.8975,1.7963,0.3969
1.1375,0.0006,0.8929,1.2081,0.3410
2.0768,0.0006,0.7557,2.0769,0.3508
1.1581,0.0007,0.8418,0.9057,0.3508
1.6146,0.0004,1.0824,1.7238,0.3514
1.2288,0.0006,0.9964,1.3546,0.3332
1.4067,0.0005,0.8724,1.4103,0.3471
1.2352,0.0005,0.7710,1.2320,0.3539
1.4050,0.0006,0.8557,1.2783,0.3543
1.9049,0.0008,0.9278,1.7435,0.3613
1.8817,0.0006,1.4123,2.0287,0.3731
1.2955,0.0005,1.1548,1.3675,0.3731
1.4649,0.0005,0.8797,1.2012,0.3459
1.9287,0.0006,0.8034,2.0855,0.3431
1.3434,0.0007,1.0035,1.2514,0.3318
1.5125,0.0007,1.2151,1.3766,0.3318
1.5554,0.0005,0.9992,1.8509,0.3524
1.6206,0.0008,0.9595,1.4060,0.3334
1.7549,0.0006,1.1343,1.7385,0.3281
2.0986,0.0009,1.1232,2.1292,0.3466
1.4924,0.0010,2.1063,1.5321,0.3466
2.1043,0.0005,1.1301,2.2045,0.3476
1.3878,0.0010,0.9916,1.4093,0.3480
1.6550,0.0006,0.9106,1.4367,0.3480
1.6423,0.0009,0.8932,1.6825,0.3516
1.5790,0.0007,0.8518,1.5605,0.3477
1.4332,0.0006,1.1037,1.6323,0.3563
1.7584,0.0006,1.0847,1.7438,0.3563
1.7126,0.0006,0.8555,1.0881,0.3614
1.9953,0.0006,1.4677,2.5151,0.3543
1.7058,0.0006,1.0565,1.5586,0.5501
1.8508,0.0012,0.9660,1.9049,0.3606
2.0569,0.0007,0.8937,2.1372,0.3357
1.1997,0.0006,0.9200,1.2468,0.3581
1.4426,0.0006,0.9540,1.4130,0.3581
1.5133,0.0006,0.8856,1.4251,0.3479
1.6509,0.0010,0.7850,1.7280,0.3484
1.2261,0.0005,0.8362,1.2292,0.3465
1.7519,0.0006,0.8310,1.5011,0.3404
1.9076,0.0008,1.1018,1.5857,0.3405
1.9720,0.0007,0.8940,2.1104,0.3405
1.5590,0.0007,1.1287,1.9578,0.3748
1.8691,0.0004,0.8467,1.6924,0.3410
1.7339,0.0004,0.9010,1.9292,0.3529
1.5671,0.0006,0.9133,1.5356,0.3549
1.0828,0.0005,0.9582,1.0331,0.3549
1.9036,0.0004,0.8870,1.9740,0.3563
1.5078,0.0004,0.7206,1.3705,0.3317
1.5663,0.0005,0.7975,1.6803,0.3619
1.6852,0.0006,0.7357,1.3025,0.3522
1.4001,0.0006,1.2355,1.4221,0.3775
1.8758,0.0006,1.3706,2.1583,0.3775
1.6173,0.0006,1.0441,1.3371,0.3448
1.5312,0.0005,1.2256,1.6488,0.3448
1.7705,0.0005,0.9647,1.9608,0.3451
1.4564,0.0005,0.9150,1.4525,0.3451
1.4819,0.0004,0.7357,1.2902,0.3595
1.5803,0.0005,0.7227,1.6506,0.3468
1.9045,0.0004,0.7821,2.0341,0.3486
1.0983,0.0006,0.7563,0.8873,0.3486
1.9971,0.0010,0.7635,1.9569,0.3750
1.6709,0.0006,0.9405,1.7910,0.3811
2.1204,0.0008,0.8814,1.8907,0.3297
1.3865,0.0006,0.9972,1.6857,0.3297
1.4564,0.0006,0.8085,1.4622,0.3587
1.4323,0.0005,0.8635,1.4233,0.3489
1.9021,0.0006,0.7433,1.8848,0.3505
1.8077,0.0005,0.7995,1.8308,0.3392
1.5532,0.0003,0.7843,1.5719,0.3469
2.0227,0.0006,0.8011,1.8380,0.3585
1.3329,0.0006,1.2386,1.3641,0.3585
1.6645,0.0007,1.0217,1.4606,0.3759
1.6730,0.0005,1.0470,1.9645,0.3495
1.8175,0.0009,0.7620,1.7979,0.3367
1.1522,0.0005,0.8986,1.0583,0.3367
1.8691,0.0006,0.9677,1.4478,0.3533
1.3948,0.0006,0.8296,1.9206,0.3358
1.7939,0.0008,0.7513,1.7329,0.3409
1.2086,0.0007,0.8282,1.1203,0.3779
1.4594,0.0006,0.9358,1.5654,0.3779
1.9580,0.0007,0.8000,1.9030,0.3515
1.0674,0.0006,0.9021,1.0261,0.3378
1.4450,0.0006,0.8612,1.5570,0.3804
1.5197,0.0005,0.7296,1.2422,0.3379
1.2254,0.0005,0.7971,1.4137,0.3442
1.7178,0.0007,0.8722,1.7489,0.3526
0.9804,0.0006,0.8292,1.0106,0.3526
1.5721,0.0006,0.7729,1.3479,0.3339
1.5238,0.0007,0.9592,1.7221,0.3355
1.7119,0.0006,0.9609,1.5054,0.3355
2.0354,0.0008,1.0294,2.0650,0.3405
1.6380,0.0005,1.3125,1.1238,0.3581
1.6330,0.0009,1.3710,1.9970,0.3557
1.3749,0.0006,1.2057,1.5779,0.3557
2.2333,0.0006,1.0783,2.2342,0.3399
1.4479,0.0005,1.0118,1.5153,0.3370
1.4799,0.0005,0.9523,1.3204,0.3370
1.6655,0.0007,1.0031,1.7817,0.3498
1.6503,0.0010,0.9451,1.6668,0.3496
1.3812,0.0006,0.9397,1.0400,0.3513
1.2002,0.0006,1.0390,1.6008,0.3513
1.3109,0.0006,0.6555,1.2853,0.3489
1.7927,0.0006,0.6930,1.7156,0.3391
1.6946,0.0007,1.1236,1.4550,0.3512
1.6286,0.0006,1.0471,1.7610,0.3601
1.6939,0.0006,0.7938,1.5315,0.3478
2.0387,0.0005,0.9015,2.3141,0.3507
1.0849,0.0006,1.0046,0.8184,0.3507
1.5132,0.0009,0.7700,1.7758,0.3375
1.7281,0.0004,0.7944,1.6182,0.3343
1.2435,0.0007,1.0110,1.1559,0.3343
1.7319,0.0005,0.8167,1.5892,0.3472
1.3882,0.0006,1.0152,1.6955,0.3472
2.6622,0.0007,1.1608,2.5916,0.3789
1.2441,0.0006,1.0163,1.3406,0.3443
1.2043,0.0004,0.8378,1.1191,0.3443
1.5471,0.0005,0.8193,1.5088,0.3423
1.8474,0.0003,0.9956,1.9369,0.3409
1.7908,0.0003,0.7779,1.7103,0.3409
1.5484,0.0005,0.9015,1.6396,0.3278
1.0139,0.0003,0.8731,0.7702,0.3278
1.2501,0.0004,1.0020,1.4884,0.3508
1.4448,0.0005,0.8226,1.3474,0.3349
1.5809,0.0006,0.9725,1.6128,0.3416
1.2974,0.0006,0.9099,1.1709,0.3599
1.5008,0.0005,0.8374,1.5544,0.3614
1.4722,0.0004,0.7732,1.3528,0.3517
1.4916,0.0005,1.0423,1.4186,0.3500
1.3836,0.0003,0.9290,1.3759,0.3500
1.4363,0.0005,0.9339,1.6211,0.3437
1.7574,0.0006,0.8198,1.5175,0.3506
1.5566,0.0008,0.9736,1.8854,0.3402
1.3109,0.0006,0.7594,1.2201,0.3510
1.3060,0.0005,0.8520,1.2746,0.3510
1.6981,0.0006,0.9036,1.7096,0.3729
1.6164,0.0006,0.9301,1.6409,0.3868
1.3032,0.0338,1.0622,1.0247,0.3868
1.5332,0.0006,1.1361,1.7502,0.3623
1.6521,0.0005,0.9626,1.4184,0.3378
1.2315,0.0007,1.1157,1.5265,0.3378
2.0504,0.0006,0.8321,1.9276,0.3470
1.0195,0.0007,0.9512,1.1834,0.3470
1.6141,0.0008,0.7602,1.5863,0.3369
1.4514,0.0006,0.8723,1.1669,0.3446
1.1254,0.0005,1.0361,1.3655,0.3446
1.6352,0.0005,0.8244,1.6568,0.3528
1.4072,0.0006,0.7770,1.3866,0.3507
1.4287,0.0009,0.8896,1.2019,0.3772
1.6847,0.0006,1.1134,1.7517,0.3506
1.9754,0.0006,1.1468,2.0765,0.3392
1.3774,0.0006,0.8809,1.1055,0.3474
1.4574,0.0005,0.9928,1.4633,0.3575
1.3522,0.0006,1.1354,1.6712,0.3575
1.4272,0.0006,0.7834,1.3317,0.3554
1.7226,0.0014,0.8335,1.5023,0.3557
1.4781,0.0006,1.1774,1.5912,0.3557
1.5088,0.0006,0.9179,1.6331,0.3455
2.3650,0.0009,0.9954,2.3071,0.3715
1.3339,0.0008,1.0106,1.2744,0.3398
1.3827,0.0005,1.1442,1.2030,0.3454
1.6212,0.0007,1.1071,1.5954,0.3367
1.4907,0.0005,1.0400,1.5310,0.3461
1.7233,0.0006,1.2512,1.9702,0.3461
1.6494,0.0004,0.8451,1.6611,0.3434
1.5293,0.0005,0.9010,1.5234,0.3400
1.5858,0.0005,0.7591,1.4748,0.3621
1.8070,0.0010,0.7295,1.8846,0.3485
2.0683,0.0006,0.9293,2.0435,0.3846
1.2302,0.0007,1.0618,1.2822,0.3769
1.6842,0.0005,0.8858,1.7022,0.3561
1.6273,0.0007,0.7589,1.2217,0.3506
1.1484,0.0005,0.9298,1.4818,0.3506
1.7043,0.0005,0.7916,1.6844,0.3452
1.4628,0.0005,1.0637,1.5463,0.3452
1.3891,0.0007,0.7914,1.1441,0.3489
1.5381,0.0006,0.7875,1.6708,0.3519
1.7660,0.0005,0.7995,1.4776,0.3390
1.9189,0.0007,0.8729,2.2042,0.3458
1.8634,0.0006,0.9218,1.8819,0.3699
1.2888,0.0005,1.0963,1.2124,0.3699
1.6954,0.0006,1.1892,1.4583,0.3468
2.0291,0.0004,0.9826,2.3538,0.3407
1.2414,0.0004,0.8131,0.9883,0.3407
1.9005,0.0007,0.9492,1.9989,0.3324
1.8456,0.0004,1.0667,1.9424,0.3375
2.0354,0.0005,1.1470,2.0001,0.3571
1.2525,0.0007,1.0599,1.0322,0.3498
1.2739,0.0009,1.1490,1.4726,0.3498
2.2492,0.0004,0.9425,2.1758,0.3742
1.8647,0.0006,1.1361,2.0025,0.3742
1.1548,0.0003,0.9202,1.1370,0.3633
1.9337,0.0005,0.9275,1.9478,0.3771
1.0401,0.0005,0.8035,1.0680,0.3488
1.2154,0.0006,0.8033,1.0387,0.3488
1.5374,0.0005,0.7668,1.6024,0.3588
1.4047,0.0005,0.7703,1.4961,0.3630
1.3439,0.0005,0.9013,1.1930,0.3594
1.6793,0.0004,1.0676,1.4984,0.3606
2.3916,0.0006,0.8986,2.5811,0.3514
1.5845,0.0006,1.0971,1.6317,0.3604
1.5096,0.0006,1.0925,1.3253,0.3367
1.8415,0.0006,1.3315,1.6689,0.3474
1.9797,0.0006,1.2583,2.3064,0.3437
1.7802,0.0006,0.9628,1.7939,0.3340
1.2397,0.0005,1.0412,1.1774,0.3340
1.8116,0.0006,1.0850,1.8533,0.3692
2.1694,0.0007,1.0168,2.1614,0.3459
1.7074,0.0007,1.0819,1.6833,0.3459
1.1722,0.0007,0.9650,1.1617,0.3651
1.7731,0.0008,0.9445,1.5182,0.3681
1.9000,0.0007,0.7894,1.9154,0.3424
1.7587,0.0007,0.9312,1.7472,0.3419
1.6947,0.0005,0.9717,1.5793,0.3447
1.3456,0.0003,0.9890,1.7722,0.3459
1.9961,0.0005,0.8157,1.6116,0.3385
1.8342,0.0007,1.2000,2.0500,0.3426
1.2562,0.0005,1.0791,1.0991,0.3585
1.2085,0.0006,1.1879,1.1980,0.3585
2.1666,0.0008,0.8641,1.7956,0.3561
1.9031,0.0008,1.7232,2.3966,0.3553
1.7257,0.0007,1.2137,1.7841,0.3372
1.3510,0.0008,1.1869,1.3628,0.3533
2.5673,0.0009,1.0519,1.7997,0.3533
2.0213,0.0012,1.3104,2.7288,0.3527
2.6957,0.0010,1.2511,2.1492,0.3466
3.0797,0.0008,1.3432,3.5846,0.3900
1.9846,0.0007,1.2983,1.7654,0.3712
1.4739,0.0009,1.3965,1.2611,0.3712
2.0817,0.0007,1.0573,2.5844,0.3333
1.3631,0.0008,1.1855,1.3788,0.3581
1.7019,0.0007,0.8810,1.5364,0.3581
2.2064,0.0008,1.0393,2.2446,0.3480
2.2982,0.0012,1.2036,2.3606,0.3417
1.5252,0.0006,1.3255,1.4497,0.3465
1.4151,0.0010,1.1969,1.3752,0.3465
2.0209,0.0009,1.1609,2.0401,0.3360
2.1564,0.0009,1.3326,2.0923,0.3424
1.3895,0.0007,1.2856,1.3309,0.3554
2.3811,0.0010,1.2290,2.1089,0.3481
2.5203,0.0008,1.3629,2.8800,0.3598
1.7554,0.0009,1.1608,1.7887,0.3561
1.9732,0.0009,1.7304,1.9633,0.3447
2.0289,0.0009,1.2867,1.8831,0.3447
2.4888,0.0008,1.4728,2.2012,0.3837
2.2249,0.0007,1.7213,2.6547,0.3520
1.3966,0.0008,1.1004,1.2736,0.3439
1.7043,0.0008,1.3246,1.6803,0.3439
2.6304,0.0008,1.0802,2.6326,0.3566
1.4227,0.0008,1.1514,1.5430,0.3504
1.7284,0.0008,1.0938,1.2207,0.3504
3.1382,0.0008,1.1338,3.5260,0.3363
1.8519,0.0012,1.6314,1.6843,0.3744
1.9702,0.0008,1.8916,1.7453,0.5986
1.8135,0.0011,1.5714,1.9741,0.5986
2.9228,0.0008,1.2266,2.9439,0.3500
1.3280,0.0008,1.4718,1.5928,0.3431
2.0307,0.0011,1.1347,1.9907,0.3402
1.7564,0.0010,1.1296,1.7469,0.3481
1.7859,0.0010,1.2587,1.7719,0.3545
2.3151,0.0009,1.2110,2.1596,0.3454
1.9940,0.0009,1.4309,2.1377,0.3454
2.2011,0.0010,1.2822,2.1582,0.3420
1.7134,0.0010,1.6898,1.6457,0.3469
2.2422,0.0009,1.5379,2.1747,0.3556
1.2144,0.0007,1.3086,1.3340,0.3556
2.6737,0.0008,1.0739,2.5877,0.3543
1.8409,0.0011,1.2738,1.9701,0.3387
1.8332,0.0018,1.4730,1.7766,0.3474
1.8760,0.0011,1.2059,1.7946,0.3899
1.3527,0.0008,1.4434,1.2853,0.3899
2.0974,0.0008,1.2856,2.1811,0.3679
2.3272,0.0007,1.1723,2.2254,0.3410
1.0778,0.0007,1.3709,1.1213,0.3410
1.8260,0.0008,1.0125,1.9789,0.3534
2.2438,0.0010,0.9386,2.0388,0.3542
1.8286,0.0007,1.2158,1.9738,0.3574
1.1610,0.0008,1.1491,1.2126,0.3641
2.0395,0.0007,1.0019,1.9683,0.3641
2.3369,0.0009,1.1084,2.2529,0.3537
1.2305,0.0009,1.1814,1.2607,0.3537
2.4797,0.0007,1.1585,2.4351,0.3335
1.5750,0.0007,1.2660,1.2567,0.3451
2.4027,0.0010,1.4636,2.7695,0.3396
1.5045,0.0008,0.9803,1.4740,0.3363
1.9489,0.0007,1.0736,1.7285,0.3363
2.0945,0.0007,1.0420,2.0279,0.3504
2.4099,0.0010,1.1092,2.5813,0.3632
1.5759,0.0008,1.5379,1.5915,0.3632
2.0929,0.0008,1.3728,2.0070,0.3645
2.0651,0.0007,1.2379,2.2021,0.3329
1.9119,0.0009,1.1953,1.9350,0.3329
1.6254,0.0008,1.0323,1.4244,0.3399
1.9702,0.0007,1.0928,2.1368,0.3591
2.0598,0.0007,1.2366,1.7694,0.3528
2.3989,0.0009,1.1397,2.6346,0.3525
1.8686,0.0007,1.2194,1.9257,0.3775
1.3173,0.0013,1.1610,0.9798,0.3775
1.4082,0.0009,1.2580,1.4840,0.3499
2.2467,0.0008,1.0058,2.4290,0.3483
1.4599,0.0012,1.2139,1.5075,0.3364
2.0217,0.0008,1.1968,1.8983,0.3556
1.5504,0.0008,1.1544,1.5065,0.3556
1.9655,0.0010,1.0378,1.9800,0.3442
2.0411,0.0008,1.2048,1.9416,0.3550
2.3743,0.0010,1.1204,2.5519,0.3630
1.6160,0.0010,1.3917,1.6593,0.3615
1.3676,0.0009,1.0933,1.3242,0.3615
2.5225,0.0008,0.9431,2.3170,0.3498
1.7921,0.0009,1.1410,1.7640,0.3354
2.1636,0.0009,1.1136,2.4131,0.3431
2.0835,0.0009,0.9933,2.0650,0.3626
1.5137,0.0007,1.1997,1.4923,0.3626
2.2566,0.0009,1.2937,2.2003,0.3531
2.0897,0.0010,1.2074,2.1426,0.3712
1.9192,0.0010,1.2252,1.9018,0.3444
2.0773,0.0009,1.0258,2.1027,0.3348
1.2809,0.0006,1.0011,1.0407,0.3348
2.5566,0.0008,0.8795,2.7393,0.3525
1.6303,0.0008,0.9343,1.6102,0.3416
1.7122,0.0005,1.1263,1.5012,0.3416
2.2240,0.0009,1.6305,2.3404,0.3412
2.4100,0.0012,1.1065,2.4213,0.3572
1.4121,0.0009,1.1883,1.5020,0.3472
1.9726,0.0009,0.9992,1.9098,0.3472
1.9944,0.0009,1.0655,2.0286,0.3515
1.8854,0.0008,1.1588,1.8789,0.3383
1.6800,0.0010,1.2333,1.6655,0.3383
2.1418,0.0009,0.9386,2.0332,0.3405
2.0012,0.0007,1.1222,2.0099,0.3405
1.8162,0.0009,1.1307,1.8585,0.3402
1.5188,0.0007,1.0548,1.3248,0.3803
1.9829,0.0007,1.0183,2.1620,0.3493
2.2960,0.0007,0.9906,2.2914,0.3515
2.0011,0.0010,1.0071,1.9945,0.3313
1.5131,0.0009,0.9844,1.4890,0.3389
1.9116,0.0008,0.9935,1.9023,0.3497
1.7129,0.0008,1.0282,1.7086,0.3497
2.1888,0.0006,1.0005,2.1493,0.3433
1.8012,0.0008,1.2132,1.3086,0.3683
1.7728,0.0006,1.6669,2.2464,0.3500
1.5668,0.0011,1.1201,1.5379,0.3427
1.8156,0.0007,1.2390,1.7635,0.3427
1.6148,0.0007,1.1619,1.7230,0.3440
1.9139,0.0006,1.1646,1.4526,0.3461
2.0323,0.0006,1.0987,2.2038,0.3454
2.3712,0.0009,1.0767,2.5877,0.3508
1.9589,0.0007,1.1837,1.6969,0.3518
2.1812,0.0007,1.1076,2.4104,0.3614
1.4423,0.0006,1.1250,1.5168,0.3691
1.8688,0.0010,0.9132,1.8351,0.3421
1.9051,0.0009,1.1113,1.8969,0.3421
1.9113,0.0007,0.9499,1.9107,0.3275
1.6007,0.0007,0.9305,1.6115,0.3414
1.3787,0.0006,0.9356,1.2578,0.3414
1.5920,0.0007,0.8422,1.5926,0.3486
2.0156,0.0005,1.0049,2.1184,0.3430
1.6605,0.0008,1.1327,1.6330,0.3653
1.8534,0.0009,1.1525,1.8186,0.5239
1.5903,0.0008,1.0853,1.5007,0.3509
1.3897,0.0006,1.0828,1.3835,0.3509
1.8177,0.0007,0.8854,1.9159,0.3418
2.0086,0.0006,0.8950,1.9472,0.3518
1.6695,0.0007,1.2172,1.7507,0.3692
1.4911,0.0009,0.8690,1.4859,0.3692
2.1062,0.0006,0.8496,1.6591,0.3414
1.9357,0.0009,1.1123,1.8516,0.3414
1.7837,0.0009,1.4952,1.9539,0.3887
2.0402,0.0007,1.4474,2.3058,0.3887
2.2611,0.0009,1.2111,2.1168,0.3488
1.6148,0.0014,1.1304,1.8021,0.3488
2.0768,0.0008,1.0267,2.0738,0.3472
1.7290,0.0007,1.0715,1.6919,0.3305
1.8567,0.0008,0.9484,1.7998,0.3569
1.4497,0.0007,1.0614,1.5595,0.3569
1.8067,0.0007,1.0397,1.7964,0.3547
1.9505,0.0008,0.9218,1.8949,0.3537
1.8441,0.0007,0.9549,1.8359,0.3427
0.8890,0.0005,0.9262,0.9399,0.3427
2.0230,0.0008,0.8187,1.9248,0.3405
2.0018,0.0007,1.1723,1.9791,0.3795
1.5071,0.0007,1.2513,1.2636,0.3441
1.8302,0.0005,1.0260,2.0827,0.3441
1.6827,0.0005,0.9667,1.6089,0.3436
1.9991,0.0007,1.1885,2.1087,0.3423
1.9741,0.0006,0.8876,1.4977,0.3538
0.9362,0.0004,1.3645,1.2192,0.3538
1.6400,0.0007,0.8616,1.7906,0.3497
2.2374,0.0011,0.8918,2.0663,0.3364
1.1423,0.0007,1.2591,1.1796,0.3364
1.8317,0.0008,0.9490,1.9669,0.3468
1.3016,0.0007,0.7973,1.1660,0.3549
1.9793,0.0007,0.9391,2.0220,0.3516
2.1072,0.0009,1.0932,2.0323,0.3516
2.6197,0.0009,1.9389,2.4043,0.3475
2.2542,0.0009,1.7436,1.6457,0.5587
1.1365,0.0005,2.0651,1.5080,0.3806
1.1780,0.0008,0.8803,1.5596,0.3639
1.3228,0.0005,0.8082,1.3272,0.3532
1.4677,0.0006,0.8065,1.2123,0.3532
1.9966,0.0005,0.8747,2.2299,0.3435
1.7647,0.0005,0.9572,1.2187,0.3435
1.5446,0.0005,0.8937,1.7099,0.3455
2.0661,0.0005,0.7764,2.4342,0.3377
1.7020,0.0006,0.7544,1.7037,0.3432
1.4972,0.0004,0.8041,1.1848,0.3401
1.8583,0.0005,0.8388,1.8679,0.3701
1.8525,0.0005,1.0292,1.7641,0.3701
1.5305,0.0005,1.1008,1.7423,0.3400
1.8779,0.0004,1.0275,2.0081,0.3529
1.7029,0.0006,0.8695,1.5776,0.3447
1.6792,0.0005,0.9034,1.7804,0.3573
2.0376,0.0005,0.8012,1.9690,0.3514
1.5778,0.0004,0.9156,1.5614,0.3500
2.0541,0.0004,0.7357,2.0682,0.3389
1.6650,0.0004,0.8897,1.4782,0.3389
1.7989,0.0007,1.0697,2.0197,0.3449
1.6142,0.0005,0.8029,1.5856,0.3514
1.7658,0.0005,0.8621,1.7057,0.3342
1.6068,0.0004,1.0436,1.5764,0.3595
1.6459,0.0004,0.8288,1.6460,0.3575
1.4971,0.0005,0.9071,1.5524,0.3469
1.6249,0.0008,0.8231,1.3605,0.3311
1.6470,0.0005,0.8765,1.6497,0.3311
1.5319,0.0004,0.8239,1.8009,0.3346
1.6639,0.0007,0.9448,1.5445,0.3465
1.6667,0.0005,1.0655,1.5176,0.3384
1.6484,0.0003,0.9056,1.9029,0.3409
1.8576,0.0003,0.7223,1.8480,0.3681
1.4373,0.0005,0.7542,1.4362,0.3506
1.2659,0.0005,0.7239,1.2583,0.3506
1.5226,0.0003,0.7082,1.4361,0.3457
1.8561,0.0005,0.7550,1.9251,0.3338
1.5844,0.0005,0.8671,1.0259,0.3385
1.6050,0.0007,0.9020,1.8970,0.3350
1.9498,0.0008,0.9558,2.0869,0.3447
1.6078,0.0008,1.2670,1.6694,0.3730
1.8446,0.0008,0.9551,1.4710,0.3309
1.6266,0.0005,0.9252,1.8523,0.3422
1.9308,0.0005,0.7558,1.9729,0.3453
1.3378,0.0005,0.9381,1.2075,0.3453
1.3901,0.0004,0.8630,1.6452,0.3354
1.8265,0.0005,0.7288,1.8184,0.3465
1.6849,0.0005,0.6999,1.6695,0.3472
2.0600,0.0007,0.7493,1.6913,0.3482
1.2491,0.0009,1.2834,1.5506,0.3482
2.2758,0.0007,1.0915,2.2262,0.3405
2.1388,0.0006,1.0738,2.1003,0.3430
1.8982,0.0008,1.1056,1.6932,0.3430
1.9532,0.0005,0.9515,1.9262,0.3347
1.9575,0.0004,0.9799,2.2380,0.3453
2.1294,0.0005,0.8982,1.9840,0.3616
1.4792,0.0008,1.0576,1.3950,0.3521
2.4143,0.0008,1.3246,2.4318,0.3588
1.4185,0.0008,1.3976,1.4887,0.3718
1.5273,0.0006,1.0946,1.5613,0.3718
2.2669,0.0005,0.9137,2.3166,0.3345
1.4332,0.0007,1.0119,1.4529,0.3463
1.6728,0.0006,0.8301,1.3488,0.3463
2.2152,0.0008,0.9385,2.3775,0.3550
1.7203,0.0005,1.1351,1.8588,0.3484
1.3657,0.0006,0.9922,1.3657,0.3547
1.7343,0.0006,0.8585,1.6936,0.3547
1.9065,0.0008,0.8461,1.8561,0.3507
2.0146,0.0005,0.9318,2.0224,0.3508
1.8625,0.0008,0.9700,1.7589,0.3308
1.5777,0.0007,0.9644,1.7248,0.3542
1.7963,0.0005,0.9218,1.3309,0.3361
2.4075,0.0005,1.0051,2.7080,0.3358
1.2101,0.0005,0.9717,1.3758,0.3424
1.7729,0.0006,0.9449,1.7480,0.3404
1.0776,0.0004,0.8434,1.1185,0.3404
1.5181,0.0005,0.9648,1.3215,0.3589
1.9029,0.0008,0.8543,1.9964,0.3763
1.6851,0.0004,0.9725,1.6151,0.3763
1.8455,0.0005,0.9623,1.9090,0.3466
1.3769,0.0004,0.9132,1.4055,0.3541
1.6798,0.0005,0.9100,1.6647,0.3415
1.5621,0.0004,0.7738,1.4287,0.3445
1.0534,0.0003,0.9182,0.9780,0.3445
1.9011,0.0003,0.8004,2.1070,0.3363
1.9281,0.0005,0.7254,1.7286,0.3348
2.0166,0.0005,0.8348,2.1464,0.3442
1.4149,0.0007,1.0795,1.4418,0.3442
1.5289,0.0004,0.8997,1.4498,0.3687
1.8625,0.0005,0.9849,1.8356,0.3496
1.7361,0.0004,0.9751,1.8299,0.3368
1.2865,0.0004,0.7854,1.2887,0.3558
1.7823,0.0004,0.7714,1.7658,0.3523
1.1497,0.0004,0.8199,1.1157,0.3523
1.7587,0.0006,0.8367,1.7923,0.3475
2.3025,0.0005,0.7749,2.2377,0.3519
1.5006,0.0006,0.8801,1.5118,0.3492
1.5299,0.0007,0.9704,1.5092,0.3492
1.4008,0.0005,0.9614,1.4012,0.3419
1.8617,0.0006,0.8380,1.5410,0.3366
1.9713,0.0008,0.8878,2.3097,0.3355
1.7302,0.0003,0.8459,1.7617,0.3572
1.3793,0.0006,0.7485,1.3576,0.3582
1.7253,0.0006,0.9443,1.4174,0.3588
1.9294,0.0004,1.0222,2.2011,0.3588
1.6605,0.0006,0.8688,1.6685,0.3407
1.7078,0.0006,0.8067,1.3779,0.3407
1.5555,0.0005,1.2561,1.6341,0.3667
1.9739,0.0008,0.9230,2.1859,0.3746
1.7533,0.0006,0.9044,1.6654,0.3364
1.3846,0.0005,1.0523,1.3855,0.3364
1.7485,0.0006,0.8434,1.5590,0.3582
1.8957,0.0008,0.9643,2.1648,0.3631
1.6808,0.0005,0.7768,1.7076,0.3387
1.2923,0.0003,0.7088,1.2502,0.3477
1.2844,0.0136,0.7483,1.1613,0.3501
2.0944,0.0008,0.9124,1.9427,0.3378
1.5919,0.0007,1.1175,1.4973,0.3451
1.4315,0.0005,1.3381,1.7692,0.3451
1.4686,0.0006,0.7838,1.4405,0.3530
1.6879,0.0006,0.9876,1.4830,0.3532
1.4580,0.0005,0.8520,1.6959,0.3384
1.5021,0.0005,1.2545,1.4847,0.3511
1.1231,0.0006,0.7990,1.1448,0.3511
1.6620,0.0009,0.7572,1.6408,0.3405
1.8438,0.0007,0.7882,1.8197,0.3667
1.1360,0.0007,1.0617,1.1323,0.3545
1.2150,0.0006,0.8500,1.0610,0.3545
2.2975,0.0008,0.7902,2.2257,0.3449
1.3462,0.0009,1.0712,1.5415,0.3449
1.5576,0.0003,0.8564,1.4250,0.3494
1.8495,0.0009,0.8453,1.8536,0.3399
1.5813,0.0006,1.1962,1.2705,0.3564
1.4128,0.0008,1.0709,1.5811,0.3495
1.3258,0.0008,1.0342,1.4562,0.3495
1.2519,0.0006,0.7650,1.3794,0.3553
1.5325,0.0005,0.7929,1.2119,0.3496
1.9453,0.0007,0.8991,2.0910,0.3496
1.2809,0.0006,0.9584,1.0189,0.3462
2.1050,0.0006,1.2517,2.4845,0.3523
1.8384,0.0007,0.8708,1.8294,0.3402
1.2560,0.0004,0.9073,1.0416,0.3402
1.8611,0.0004,0.9984,2.0892,0.3552
1.3453,0.0003,1.0140,1.2279,0.3267
1.6960,0.0007,0.9806,1.6454,0.3463
1.7292,0.0004,0.8470,1.8881,0.3475
1.2680,0.0003,0.6934,1.2998,0.3475
1.4840,0.0002,0.6709,1.3161,0.3419
1.3639,0.0003,0.7159,1.5000,0.3496
1.9190,0.0005,0.6892,1.6129,0.3643
1.5317,0.0008,1.3154,1.7764,0.3328
1.3580,0.0006,1.0222,1.2589,0.3328
1.7173,0.0004,0.8351,1.8328,0.3427
1.3869,0.0006,0.8870,1.3723,0.3428
1.6716,0.0006,1.0225,1.5166,0.3407
1.5781,0.0005,1.0122,1.7257,0.3489
1.6207,0.0172,0.7913,1.5390,0.3453
1.6867,0.0004,0.8640,1.7799,0.3455
1.4176,0.0007,0.6999,1.2888,0.3590
1.5818,0.0006,0.9164,1.5257,0.3590
1.8413,0.0005,1.0529,1.9189,0.3590
1.7353,0.0009,1.4137,1.5777,0.3634
1.5463,0.0004,0.9274,1.5487,0.3423
1.6406,0.0003,0.7768,1.8491,0.3539
1.7274,0.0005,0.7365,1.6672,0.3380
1.2264,0.0004,0.8630,0.8472,0.3332
1.6324,0.0005,1.1735,2.0454,0.3544
1.5060,0.0004,0.8204,1.3924,0.3544
1.6518,0.0006,0.8232,1.6798,0.3474
1.5597,0.0007,0.9299,1.6025,0.3439
1.6289,0.0007,1.0316,1.4844,0.3671
1.8002,0.0007,0.9180,1.9195,0.3685
1.2886,0.0005,0.9010,1.3142,0.3521
1.3694,0.0006,0.9345,1.2865,0.3521
1.5517,0.0007,1.1352,1.6332,0.3519
1.6780,0.0005,0.7769,1.6155,0.3443
1.6411,0.0006,0.8219,1.5554,0.3443
1.6392,0.0006,0.7901,1.5340,0.3514
1.6088,0.0005,0.7519,1.6632,0.3473
1.4710,0.0004,0.7616,1.6742,0.3491
1.6367,0.0008,0.8364,1.5294,0.3438
1.0486,0.0008,1.0487,1.0861,0.3438
1.8038,0.0006,0.9369,1.8268,0.3733
1.3075,0.0004,0.8786,1.1614,0.3532
1.6486,0.0003,0.8989,1.5009,0.3429
1.2642,0.0004,0.9577,1.3085,0.3429
1.3713,0.0004,0.6687,1.6433,0.3484
1.4604,0.0004,0.6482,1.2566,0.3506
1.3064,0.0006,0.8659,1.4036,0.3506
1.7225,0.0005,0.7720,1.7950,0.3339
1.3944,0.0006,0.6771,1.3345,0.3339
1.6206,0.0007,0.6974,1.4985,0.3407
1.6096,0.0008,0.8715,1.4815,0.3592
1.7489,0.0007,0.9485,1.8644,0.3545
2.3401,0.0004,0.8663,2.4246,0.3548
1.3029,0.0004,0.9192,1.2430,0.3384
1.3468,0.0004,0.8453,1.4851,0.3353
1.2521,0.0004,0.6671,1.2628,0.3353
1.4289,0.0006,0.6439,1.1590,0.3460
1.6975,0.0004,0.8066,1.8970,0.3445
1.2746,0.0004,0.6911,1.3291,0.3445
1.4744,0.0005,0.6580,1.3295,0.3478
1.8818,0.0005,0.7040,1.9089,0.3437
1.4872,0.0011,0.8594,1.2067,0.3571
2.0306,0.0006,0.9757,2.2716,0.3468
1.3086,0.0005,0.9048,1.3668,0.3400
1.7990,0.0007,0.7662,1.7150,0.3421
1.1240,0.0004,0.9142,1.0257,0.3421
1.4341,0.0004,0.8070,1.6358,0.3447
1.3473,0.0004,0.6364,1.1877,0.3506
1.4585,0.0003,0.6415,1.5525,0.3465
1.3186,0.0006,0.7829,1.1043,0.3575
1.6563,0.0004,0.7282,1.9101,0.3411
1.6190,0.0005,0.6793,1.5729,0.3287
1.5168,0.0004,0.8327,1.5276,0.3944
1.3349,0.0004,0.8927,1.3474,0.3944
1.5308,0.0006,0.6972,1.1575,0.3662
1.6928,0.0006,0.8366,2.0395,0.3330
1.4802,0.0006,0.7602,1.1198,0.3495
1.2098,0.0005,1.0394,1.3736,0.3495
1.9112,0.0004,0.7499,2.1344,0.3493
1.4898,0.0005,0.7596,1.4476,0.3317
1.8612,0.0006,0.8743,1.6140,0.3668
1.8917,0.0008,0.9211,2.0650,0.3343
1.7950,0.0006,1.0628,1.8175,0.3343
1.6855,0.0006,0.9058,1.3849,0.3684
1.6565,0.0006,0.9174,1.7550,0.3684
1.6111,0.0005,0.9103,1.6880,0.3625
1.8312,0.0006,0.7394,1.9561,0.3421
1.2831,0.0005,0.8022,1.0504,0.3421
1.6645,0.0004,0.8792,1.8712,0.3480
2.0873,0.0006,0.8748,2.0674,0.3500
1.5373,0.0010,0.9123,1.5326,0.3500
1.9167,0.0007,0.9707,1.8602,0.3458
1.7460,0.0007,1.0783,1.5656,0.3638
1.9412,0.0004,1.0357,2.0682,0.3434
1.1165,0.0005,0.8427,1.0110,0.3434
1.4433,0.0005,0.7480,1.5218,0.3555
1.3722,0.0007,0.9521,1.4888,0.3609
1.8294,0.0005,0.8718,1.6768,0.3340
1.8756,0.0005,0.9093,1.9811,0.3568
1.5236,0.0004,1.0029,1.5494,0.3432
1.5396,0.0004,0.7925,1.5488,0.3546
1.3043,0.0004,0.7773,1.0889,0.3545
1.5469,0.0006,0.8488,1.4502,0.3545
1.8579,0.0004,0.9463,2.0801,0.3624
1.5118,0.0004,1.2179,1.1671,0.3658
1.8722,0.0005,1.0002,2.1309,0.3474
1.7931,0.0005,0.9992,1.8698,0.3411
1.4762,0.0007,0.8257,1.4937,0.3411
1.5553,0.0004,0.8041,1.3659,0.3604
1.8846,0.0004,0.7836,2.0483,0.3575
1.7397,0.0004,0.8013,1.2961,0.3330
1.4014,0.0005,0.8936,1.6675,0.3396
2.0508,0.0008,0.8688,2.1440,0.3374
1.4753,0.0007,0.9415,1.3526,0.3912
1.7245,0.0004,1.1698,1.6529,0.3672
1.8234,0.0005,0.7887,2.0545,0.3463
1.4844,0.0006,0.8411,1.1034,0.3463
1.9101,0.0005,0.8199,2.2826,0.3387
1.3035,0.0007,0.8092,1.1744,0.3387
2.0895,0.0005,0.8798,2.2242,0.3354
1.7841,0.0005,0.9434,1.7576,0.3495
1.4572,0.0006,0.7992,1.4624,0.3495
2.2257,0.0007,0.8298,2.0224,0.3514
1.4462,0.0007,1.0405,1.3019,0.3628
1.2357,0.0005,1.0430,1.6019,0.3628
1.3754,0.0006,0.9224,1.1940,0.3458
1.7382,0.0008,0.9844,1.8122,0.3400
1.6054,0.0007,1.0384,1.6589,0.3426
1.4541,0.0007,0.8141,1.2140,0.3547
1.7294,0.0006,1.0341,1.9502,0.3498
1.5985,0.0005,0.7770,1.5819,0.3450
1.4972,0.0006,0.6763,1.5040,0.3450
1.7596,0.0008,1.0793,1.3756,0.3452
1.7512,0.0006,0.8928,1.8255,0.5153
1.6940,0.0152,0.9640,1.7046,0.3582
1.3327,0.0007,1.2002,1.3321,0.3582
1.3529,0.0006,0.8187,1.4874,0.3552
1.6370,0.0003,0.7873,1.7797,0.3535
1.8977,0.0005,0.6661,1.8680,0.3529
1.2707,0.0006,0.6730,1.1722,0.3529
1.9971,0.0006,0.6872,1.8723,0.3469
1.6707,0.0007,1.0263,1.7888,0.3469
1.4797,0.0007,0.9490,1.5275,0.3509
2.0103,0.0009,0.9550,1.8538,0.3503
1.3526,0.0005,0.9979,1.2682,0.3503
1.7777,0.0009,0.8965,1.8395,0.3439
1.8615,0.0006,0.9942,1.9157,0.3498
1.8012,0.0004,0.9749,1.5603,0.3370
1.6835,0.0006,0.8104,2.0237,0.3349
1.5938,0.0005,0.8269,1.4797,0.3349
1.6061,0.0006,0.7029,1.3420,0.3452
1.6786,0.0004,0.8953,1.7557,0.3356
1.5409,0.0007,0.9137,1.6127,0.3356
1.5682,0.0005,0.9690,1.3909,0.3707
1.6907,0.0005,1.0681,2.0751,0.3707
1.6881,0.0005,0.9119,1.7000,0.3457
1.7041,0.0006,0.7313,1.7005,0.3430
1.2741,0.0004,0.6825,0.9098,0.3430
1.6551,0.0005,0.6954,1.9751,0.3499
1.2491,0.0004,0.6875,0.9337,0.3503
1.2828,0.0003,0.8046,1.6298,0.3503
1.4786,0.0004,0.6397,1.4782,0.3576
1.4943,0.0004,0.6989,1.4749,0.3650
1.0812,0.0006,0.6476,1.0768,0.3650
1.9248,0.0004,0.6806,1.8502,0.3486
1.7758,0.0005,0.9060,1.7855,0.3505
1.7256,0.0006,0.8760,1.7453,0.3339
1.5355,0.0006,0.8154,1.5393,0.3452
1.3254,0.0005,0.6768,1.3451,0.3452
1.4009,0.0003,0.6307,1.1289,0.3441
1.9235,0.0004,0.6367,2.0501,0.3511
1.7404,0.0004,0.7858,1.7587,0.3375
1.1287,0.0005,0.7786,1.0460,0.3375
1.9371,0.0007,0.6617,1.8858,0.3542
1.3419,0.0006,0.7523,1.4443,0.3464
1.7295,0.0005,1.1382,1.3425,0.3483
1.2795,0.0005,0.8833,1.7621,0.3475
1.9985,0.0006,0.6883,1.9713,0.3531
1.4649,0.0006,0.6746,0.9572,0.3473
1.4247,0.0006,0.8021,1.4655,0.3473
1.2365,0.0005,0.7798,1.5632,0.3436
1.8481,0.0005,0.7140,1.9887,0.3510
1.7348,0.0004,0.7305,1.6161,0.3482
1.3242,0.0004,0.8306,1.0867,0.3402
1.1345,0.0005,0.9931,1.3246,0.3402
1.6636,0.0014,0.8779,1.7242,0.3374
1.9252,0.0006,1.3067,1.9600,0.3589
1.1293,0.0009,0.9978,1.0269,0.3589
1.7094,0.0007,0.8948,1.8394,0.3418
1.6466,0.0005,0.7406,1.3021,0.3343
1.8580,0.0005,0.9490,2.1219,0.3490
1.6023,0.0003,0.7867,1.6307,0.3363
1.2731,0.0003,0.7584,1.3185,0.3342
1.7495,0.0004,0.6501,1.7373,0.3381
1.6733,0.0005,0.6503,1.6655,0.3580
1.6110,0.0007,0.7935,1.4151,0.3453
1.6567,0.0003,0.9981,1.6206,0.3534
1.1801,0.0004,0.9674,1.1791,0.3534
1.5072,0.0004,0.7572,1.5511,0.3387
0.9879,0.0004,0.9007,1.0021,0.3387
1.2560,0.0005,0.9883,1.4000,0.3502
1.2592,0.0004,0.7913,1.0530,0.3484
1.6060,0.0004,0.7130,1.8008,0.3357
1.1186,0.0003,0.6895,0.9641,0.3555
1.2581,0.0004,0.6150,1.4147,0.3350
1.2765,0.0004,0.6381,1.0917,0.3553
1.5849,0.0004,0.8178,1.7402,0.3613
1.5028,0.0008,0.6751,1.4606,0.3692
1.0302,0.0004,0.7551,0.9171,0.3692
1.7743,0.0006,1.0080,1.8693,0.3763
1.1308,0.0003,0.8040,0.8720,0.3314
1.1797,0.0004,0.9097,1.3765,0.3314
1.2615,0.0005,0.6792,1.2587,0.3584
1.0735,0.0003,0.8205,1.1226,0.3584
1.3814,0.0005,0.7674,1.2018,0.3509
1.4173,0.0006,0.8886,1.4262,0.3459
1.3881,0.0006,0.7655,1.5777,0.3428
1.7579,0.0005,0.6883,1.3278,0.3362
1.7875,0.0004,0.9259,2.0626,0.3545
1.4282,0.0005,0.9287,1.5134,0.3545
1.9269,0.0007,1.1524,1.9007,0.3622
1.2856,0.0006,0.9709,1.3294,0.3622
1.1382,0.0005,0.9676,1.1677,0.3328
1.4455,0.0005,0.6762,1.4200,0.3408
1.1398,0.0005,0.7635,0.7884,0.3414
1.7513,0.0004,1.0991,2.0876,0.3619
1.4589,0.0005,0.7618,1.4503,0.3572
0.8962,0.0003,0.6761,0.9118,0.3572
1.6804,0.0006,0.6471,1.6381,0.3515
2.0040,0.0005,0.6987,2.0027,0.3485
1.3485,0.0005,0.8310,1.3318,0.3485
1.7277,0.0008,0.8268,1.6782,0.3301
1.6030,0.0007,0.8510,1.5742,0.3500
1.1572,0.0005,0.9388,1.2119,0.3500
1.6587,0.0005,0.9109,1.6303,0.3427
1.5187,0.0004,0.6612,1.5103,0.3485
1.8703,0.0003,0.6692,1.6815,0.3446
1.0987,0.0005,0.8092,0.9938,0.3446
1.4687,0.0003,0.8168,1.7796,0.3308
1.6550,0.0003,0.6945,1.2630,0.3380
1.3700,0.0003,0.9712,1.7328,0.3380
1.3389,0.0004,0.7264,1.3491,0.3550
1.9076,0.0005,0.6316,1.8302,0.5392
1.3417,0.0005,0.7899,0.9777,0.3576
1.5406,0.0004,0.9542,1.9417,0.3576
1.3642,0.0003,0.6719,1.2710,0.3524
1.3800,0.0003,0.6745,1.4037,0.3368
1.2257,0.0005,0.7583,1.2215,0.3561
1.2813,0.0005,1.0478,1.3470,0.3641
1.3335,0.0007,0.6404,1.2882,0.3336
1.6963,0.0004,0.7362,1.7222,0.3425
1.7079,0.0005,0.7431,1.7005,0.3649
1.0180,0.0003,0.8165,0.8936,0.3649
1.7626,0.0006,0.6669,1.3693,0.3538
1.7796,0.0005,0.8141,2.2351,0.3823
1.6363,0.0005,0.9599,1.6698,0.3823
1.4499,0.0005,0.7463,1.3755,0.3399
1.9489,0.0006,0.8035,1.9884,0.3432
1.5872,0.0007,0.7077,1.5928,0.3410
1.7402,0.0005,0.7193,1.7204,0.3410
1.6143,0.0004,0.8955,1.5582,0.3455
1.5320,0.0004,0.7837,1.5997,0.3430
1.4420,0.0005,0.6646,1.0770,0.3553
1.5516,0.0004,0.7714,1.7335,0.3400
1.2825,0.0005,1.0780,1.4238,0.3606
1.2601,0.0005,0.7776,1.2784,0.3611
1.5505,0.0006,0.7020,1.3292,0.3553
1.6715,0.0005,0.8175,1.8772,0.3483
1.1345,0.0004,0.6671,1.0122,0.3632
1.3680,0.0007,0.8760,1.2297,0.3632
1.2830,0.0005,0.8268,1.4940,0.3567
1.0781,0.0004,0.8275,1.1435,0.3450
1.1195,0.0004,0.6020,1.1065,0.3554
1.8821,0.0006,0.6146,1.6924,0.3559
1.3332,0.0003,0.7863,1.4385,0.3537
1.0899,0.0003,0.7204,1.0140,0.3537
1.4886,0.0005,0.6418,1.4662,0.3321
2.1161,0.0008,0.7890,2.1869,0.3802
1.3461,0.0004,0.8975,1.3953,0.3428
1.1676,0.0004,0.7567,1.1858,0.3686
1.2593,0.0003,0.6640,1.1411,0.3686
1.5132,0.0005,0.9931,1.3315,0.3460
1.7711,0.0005,0.9440,2.0096,0.3343
1.4434,0.0006,0.9142,1.3200,0.3447
1.4069,0.0006,1.1882,1.5260,0.3368
1.4154,0.0005,1.0205,1.3263,0.3587
1.2285,0.0005,0.7855,1.3111,0.3587
1.2811,0.0006,0.7038,1.2934,0.3416
1.8101,0.0008,0.9751,1.4824,0.3487
1.8375,0.0005,0.8209,2.1366,0.3394
1.3511,0.0005,0.8801,1.2197,0.3394
1.5628,0.0008,0.6911,1.6751,0.3373
1.1727,0.0004,0.7333,1.0739,0.3537
1.2432,0.0006,0.8061,1.3644,0.3529
1.8458,0.0006,0.6981,1.6160,0.3491
1.5705,0.0005,0.7739,1.7785,0.3515
1.2933,0.0006,0.6671,1.2485,0.3380
1.0794,0.0004,0.7684,1.1049,0.3490
1.6131,0.0004,0.7258,1.3081,0.3478
1.2962,0.0007,1.0229,1.1012,0.3684
1.0160,0.0004,1.3498,1.3021,0.3684
1.5255,0.0003,0.7765,1.4247,0.3395
1.2514,0.0005,0.9638,1.3087,0.3427
1.5415,0.0006,1.1417,1.4065,0.3506
1.0494,0.0004,1.0396,1.3249,0.3486
1.1804,0.0004,0.9877,1.2820,0.3504
1.2459,0.0009,0.7813,1.1549,0.3504
1.0178,0.0006,0.9076,1.0801,0.3570
1.2045,0.0005,0.7486,1.0985,0.3504
0.9628,0.0004,1.0752,1.0764,0.3504
1.6341,0.0008,0.8287,1.6039,0.3424
1.2110,0.0003,0.6113,1.1237,0.3447
1.1966,0.0004,0.9672,0.8012,0.3447
1.0899,0.0004,1.0686,1.3416,0.3658
1.2854,0.0005,1.1178,1.4804,0.3533
1.2528,0.0004,0.7218,1.0845,0.3533
1.6423,0.0005,0.7625,1.5308,0.3596
1.0851,0.0005,0.9573,1.3569,0.3596
1.5364,0.0007,0.7226,1.2511,0.3567
1.3238,0.0007,0.8573,1.2651,0.3575
1.3399,0.0007,0.8833,1.4061,0.3619
1.3797,0.0005,0.8010,1.6399,0.3509
1.0480,0.0005,0.6414,1.0495,0.3509
1.2414,0.0004,0.6505,1.2306,0.3620
1.4761,0.0005,0.6722,1.2259,0.3450
1.3389,0.0007,0.8909,1.2154,0.5217
1.4875,0.0005,1.3359,1.6030,0.5217
1.6489,0.0006,1.4735,1.6617,0.3518
1.0270,0.0004,0.9837,1.1576,0.3518
1.5371,0.0004,0.7315,1.6145,0.3492
1.7448,0.0005,0.6847,1.4212,0.3457
15.1586,0.0008,14.7877,1.6045,0.3493
1.0351,0.0006,1.3798,1.2901,0.3493
1.4476,0.0007,1.2599,0.9638,0.3541
0.9944,0.0005,1.0714,1.2900,0.3541
1.2684,0.0004,0.7810,1.5923,0.3428
1.3901,0.0008,0.8432,1.3902,0.3547
1.6719,0.0005,0.6557,1.6515,0.3454
1.0091,0.0004,0.6800,0.8391,0.3454
1.6994,0.0008,0.6701,1.7206,0.3530
1.9318,0.0008,0.8476,1.7868,0.3800
1.4201,0.0005,1.1049,1.5543,0.3800
1.8464,0.0008,0.8657,1.7187,0.3459
1.7803,0.0005,1.0944,1.8723,0.3516
1.5429,0.0006,0.8984,1.6921,0.3609
1.8021,0.0004,0.7295,1.7691,0.3568
1.6048,0.0004,0.6979,1.4679,0.3612
1.1713,0.0004,0.8978,1.2578,0.3464
1.6276,0.0004,0.7668,1.6723,0.3541
1.2097,0.0005,0.7648,0.9925,0.3541
2.1929,0.0005,1.0646,2.2895,0.3440
1.3262,0.0004,0.9127,1.3640,0.3440
1.4771,0.0003,0.7838,1.3079,0.3455
1.6526,0.0004,0.7668,1.8035,0.3256
1.3899,0.0004,0.9548,1.1623,0.3361
1.5730,0.0003,0.8809,1.5361,0.3361
1.6515,0.0005,0.6796,1.8206,0.3451
1.5146,0.0005,0.6488,1.5849,0.3396
1.3105,0.0005,0.8048,1.2854,0.3595
1.6390,0.0006,0.7276,1.5138,0.3532
1.2975,0.0007,1.1151,1.3400,0.3532
1.8464,0.0007,1.0822,1.7043,0.3555
1.7194,0.0005,0.9303,1.7488,0.3879
1.3397,0.0003,1.1245,1.4888,0.3514
1.2182,0.0004,0.7706,1.3274,0.3547
1.5116,0.0004,0.6729,1.2914,0.3496
1.8858,0.0003,0.6878,2.0512,0.3397
1.3696,0.0005,0.6999,1.4365,0.3313
1.1660,0.0003,0.6382,1.1509,0.3366
1.5827,0.0003,0.6407,1.5819,0.3393
1.7137,0.0003,0.7895,1.6906,0.3562
1.1859,0.0004,0.9681,1.1658,0.3562
1.5701,0.0004,0.9193,1.5794,0.3593
1.4144,0.0007,0.6996,1.1024,0.3431
1.1173,0.0005,1.0005,1.3418,0.3431
1.2754,0.0005,1.1021,1.1258,0.3439
1.5787,0.0006,0.8068,1.5356,0.3452
1.7927,0.0004,0.8032,1.9507,0.3571
1.2668,0.0004,0.7912,1.3563,0.3514
1.3983,0.0006,0.6518,1.2925,0.3364
1.0523,0.0006,0.8306,1.0180,0.3541
1.1271,0.0004,1.1177,1.1260,0.3541
1.8093,0.0004,0.9387,1.9108,0.3422
1.2953,0.0008,0.9074,1.1013,0.3422
1.6917,0.0006,0.9779,1.8308,0.3390
1.9123,0.0006,0.8978,1.8298,0.3373
1.3810,0.0004,0.8453,1.3651,0.3373
1.5707,0.0006,0.6583,1.5368,0.3564
1.7231,0.0005,0.7054,1.4577,0.3418
1.3565,0.0005,0.9431,1.3947,0.3662
1.3781,0.0009,1.0360,1.5659,0.3662
2.3412,0.0008,0.7873,2.4200,0.3448
1.4220,0.0005,1.0813,1.3059,0.3448
2.4753,0.0009,1.0162,2.4793,0.3776
1.9516,0.0007,1.1621,1.9977,0.3466
1.3124,0.0006,1.1300,1.4096,0.3466
1.4012,0.0006,0.9409,1.4108,0.3644
1.2348,0.0006,0.7330,1.1047,0.3362
1.7099,0.0007,0.8023,1.5328,0.3480
1.7179,0.0005,1.0480,2.0215,0.3565
1.7716,0.0006,0.8247,1.7201,0.3527
1.4556,0.0005,0.9685,1.4547,0.3373
1.3509,0.0007,0.7881,1.0212,0.3373
1.6624,0.0007,0.9835,1.9818,0.3516
1.9989,0.0009,0.9156,1.9306,0.3685
1.7380,0.0011,1.0246,1.7931,0.3815
1.6747,0.0008,0.9404,1.2427,0.3540
1.7837,0.0005,1.0704,2.2289,0.3560
1.2006,0.0004,0.9048,1.1464,0.3560
1.7192,0.0004,0.8240,1.5936,0.3477
1.5088,0.0006,1.0810,1.4864,0.3488
1.4580,0.0005,0.8294,1.5521,0.3282
1.3030,0.0007,0.8857,1.2917,0.3582
1.6538,0.0009,1.0263,1.5924,0.3330
1.7426,0.0010,0.8628,1.8345,0.3399
1.6434,0.0008,0.9066,1.4090,0.3547
1.9056,0.0009,1.2414,1.7417,0.3368
1.4065,0.0007,0.9298,1.7835,0.3368
1.5341,0.0006,0.8693,1.6124,0.3431
1.9171,0.0007,0.7555,1.6934,0.3599
1.5041,0.0008,1.0419,1.6083,0.3353
1.6282,0.0006,1.3213,1.2188,0.3353
1.7650,0.0007,1.0776,2.0264,0.3388
1.8351,0.0005,0.8470,1.6134,0.3545
1.9769,0.0007,1.1448,2.3286,0.3498
1.5921,0.0010,1.0515,1.4332,0.8369
1.5340,0.0007,0.9902,1.5942,0.3473
1.8177,0.0009,0.8456,1.5582,0.3395
1.5692,0.0009,0.9927,1.8999,0.3487
1.9373,0.0010,1.1470,1.7173,0.3499
1.9428,0.0007,1.1795,1.9171,0.3499
1.8615,0.0007,1.1500,2.1681,0.3344
1.4281,0.0009,0.8286,1.4221,0.3344
1.3757,0.0006,0.8035,1.1006,0.3538
1.7686,0.0006,0.8229,1.8360,0.3837
1.7785,0.0006,0.9468,1.6509,0.3754
1.9556,0.0007,0.8775,2.2467,0.3727
1.3215,0.0008,0.7998,1.1833,0.3423
1.7932,0.0006,0.8676,1.6801,0.3465
1.4665,0.0006,0.8591,1.5557,0.3433
2.1902,0.0007,0.8194,2.3097,0.3641
1.3633,0.0006,0.9482,1.4004,0.3366
0.7581,0.0006,0.7938,0.7716,0.3366
1.7435,0.0006,0.7167,1.4800,0.3326
1.8819,0.0006,0.9609,2.0312,0.3358
1.6960,0.0006,1.1578,1.3537,0.3931
1.6194,0.0006,1.1514,1.7991,0.3931
1.7714,0.0007,0.8521,1.9819,0.3479
1.5761,0.0007,0.8318,1.5755,0.3479
1.4184,0.0005,0.8736,1.4070,0.3469
1.9109,0.0006,0.8252,1.7660,0.3538
1.9184,0.0006,0.9774,1.9864,0.3541
1.8186,0.0004,0.9391,1.8893,0.3497
1.0913,0.0006,0.8294,1.0256,0.3497
2.0039,0.0009,0.7560,1.9269,0.3609
1.7035,0.0007,1.0531,1.8044,0.3720
1.7398,0.0008,0.9131,1.7369,0.3407
1.4915,0.0007,0.8457,1.5060,0.3407
1.7166,0.0006,0.8644,1.2285,0.3427
1.3660,0.0006,0.9770,1.6532,0.3462
1.4843,0.0006,0.9083,1.6362,0.3462
1.9823,0.0010,0.8449,1.9971,0.3655
1.3484,0.0006,0.9013,1.0836,0.3655
1.6302,0.0006,0.8108,1.8668,0.3415
1.9864,0.0008,1.0130,1.8513,0.3548
1.2171,0.0005,1.2683,1.0572,0.3548
1.7902,0.0007,0.9145,1.7703,0.3749
1.9309,0.0006,0.8160,2.2556,0.3507
1.1434,0.0003,0.8185,1.1545,0.3507
1.6020,0.0004,0.7655,1.5951,0.3483
1.7753,0.0006,0.7726,1.6779,0.3377
1.5335,0.0005,1.0992,1.6301,0.3514
1.4942,0.0005,0.7728,1.3778,0.3514
1.7352,0.0004,0.9524,1.7056,0.3433
1.6249,0.0016,1.0049,1.6625,0.3433
1.9255,0.0007,0.9031,1.9260,0.3390
1.4420,0.0006,1.0165,1.4226,0.3622
1.5030,0.0007,0.9233,1.3713,0.3717
1.8151,0.0008,0.9323,1.8001,0.3493
1.7016,0.0006,0.9921,1.6738,0.3540
1.6978,0.0006,1.0861,1.6429,0.3570
1.7211,0.0005,0.9421,1.8188,0.3475
1.6694,0.0007,0.8865,1.7709,0.3609
1.7793,0.0007,0.8145,1.4758,0.3442
2.1279,0.0009,1.0062,2.0951,0.3604
2.1100,0.0008,1.1384,2.3881,0.5498
1.2042,0.0007,1.1099,1.1427,0.5498
2.0767,0.0006,0.8852,2.0774,0.3374
1.4488,0.0006,0.9715,1.5842,0.3331
1.4440,0.0006,0.8345,1.4429,0.3331
1.5893,0.0008,0.7436,1.1576,0.3590
1.5488,0.0008,0.9766,1.9639,0.3453
1.5732,0.0007,0.8033,1.1663,0.3283
1.3726,0.0008,0.8766,1.7670,0.3455
1.3555,0.0009,0.7307,0.9769,0.3455
2.5388,0.0006,1.1859,2.8280,0.3772
1.6460,0.0005,1.0436,1.5344,0.3443
1.4365,0.0007,0.9637,1.2728,0.3443
1.8323,0.0005,0.8455,1.8985,0.3514
1.9557,0.0005,0.9232,2.2005,0.3473
1.3288,0.0005,0.7690,1.1869,0.3393
1.4878,0.0005,0.8962,1.6141,0.3531
1.3797,0.0003,0.7854,1.4060,0.3531
1.5700,0.0003,0.7152,1.1240,0.3390
1.4572,0.0010,0.9946,1.5542,0.3390
1.8705,0.0006,1.0046,2.1223,0.3706
1.4202,0.0005,1.0364,1.4769,0.3411
1.5646,0.0006,0.8703,1.1958,0.3343
1.0932,0.0006,0.9192,1.3937,0.3343
1.5935,0.0005,0.6954,1.6559,0.3463
1.6747,0.0005,0.7106,1.5933,0.3463
1.6093,0.0007,0.8746,1.3597,0.3386
1.6808,0.0005,0.9706,1.7134,0.3353
1.8705,0.0004,0.7399,2.1115,0.3597
1.8948,0.0008,0.6834,1.8553,0.3566
1.6703,0.0005,0.8818,1.5327,0.3566
1.4298,0.0006,1.1258,1.5751,0.3423
1.1554,0.0004,0.9994,1.0667,0.3423
1.5835,0.0004,0.7986,1.3652,0.3483
1.4757,0.0004,0.8281,1.4480,0.3310
1.4523,0.0003,0.9703,1.7773,0.3600
1.6794,0.0004,0.7421,1.5609,0.3505
1.8842,0.0005,0.8226,1.6662,0.3609
1.4231,0.0005,1.0312,1.7728,0.3609
1.4685,0.0005,0.7748,1.1203,0.3697
1.6022,0.0005,0.7281,1.7174,0.3526
1.6033,0.0007,0.9035,1.7694,0.3372
1.3893,0.0007,1.0945,1.3325,0.3831
1.5051,0.0006,0.9211,1.2440,0.3696
1.2868,0.0005,0.7364,1.6649,0.3379
1.5652,0.0003,0.6706,1.1598,0.3442
1.2586,0.0003,0.8230,1.4564,0.3442
1.5849,0.0004,0.6585,1.7856,0.3508
1.5669,0.0004,0.6302,1.1639,0.3381
1.2539,0.0004,0.9086,1.4273,0.3510
1.9107,0.0009,0.9684,2.0796,0.3485
1.3459,0.0005,0.7585,1.3704,0.3485
1.1498,0.0005,0.7546,0.9132,0.3341
2.0009,0.0004,0.7957,1.8979,0.3325
1.4615,0.0003,0.8103,1.6153,0.3393
1.2860,0.0003,0.7922,1.3632,0.3393
1.5457,0.0003,0.6997,1.3659,0.3551
1.3976,0.0004,0.6612,1.6582,0.3455
1.5318,0.0003,0.8378,0.9575,0.3363
0.9445,0.0005,0.9594,1.4986,0.3363
2.3116,0.0006,0.8827,2.2387,0.3461
1.2669,0.0004,0.8072,1.3460,0.3461
1.2081,0.0004,0.6572,1.0812,0.3436
1.5944,0.0006,0.6357,1.4187,0.3828
1.6063,0.0006,0.9930,1.8245,0.3635
1.4385,0.0006,0.8264,1.4550,0.3452
1.4095,0.0006,0.8441,1.1001,0.3536
1.1577,0.0008,1.0332,1.4207,0.3536
1.5808,0.0005,0.9827,1.6452,0.3514
1.9273,0.0008,0.6525,1.7274,0.3401
1.7268,0.0005,0.8005,1.9201,0.3274
1.1997,0.0004,0.7007,1.1730,0.3274
1.0888,0.0005,0.8680,1.0810,0.3469
1.7090,0.0004,0.6902,1.6922,0.3445
1.3217,0.0003,0.7784,1.0885,0.3501
1.5131,0.0003,0.6983,1.7187,0.3423
1.5838,0.0003,1.0390,1.3710,0.3906
1.3473,0.0004,0.8554,1.4911,0.3473
1.8486,0.0003,0.6969,1.7496,0.3329
1.5587,0.0007,0.7378,1.6077,0.3384
1.1972,0.0005,0.9832,1.1482,0.3547
1.2558,0.0005,1.0623,1.2575,0.3547
1.3787,0.0005,0.6744,1.5424,0.3598
1.5338,0.0004,0.6575,1.5471,0.3402
1.6841,0.0005,0.8385,1.6596,0.3402
1.5559,0.0004,0.6676,1.5478,0.3434
1.4499,0.0005,0.6773,1.2131,0.3306
1.7941,0.0007,0.8646,1.8624,0.5148
1.9420,0.0007,0.8261,2.0316,0.3394
1.6083,0.0006,0.7523,1.3019,0.3424
1.7816,0.0014,0.7147,2.0367,0.3543
1.1225,0.0007,0.8808,1.1896,0.3543
1.7701,0.0003,0.7861,1.6413,0.3339
1.3285,0.0004,1.0234,1.4603,0.3339
1.7564,0.0005,0.7625,1.4065,0.3573
2.1850,0.0006,0.8092,2.2722,0.3318
2.0435,0.0009,1.1220,2.1724,0.3902
1.4947,0.0008,1.0375,1.5489,0.3827
1.2993,0.0010,0.9251,1.3067,0.3412
1.4950,0.0009,0.8734,1.3303,0.3412
1.5560,0.0006,0.8575,1.7113,0.3649
1.2417,0.0006,0.8893,1.2266,0.3530
1.8759,0.0006,1.1199,1.8706,0.3461
1.0570,0.0006,0.8271,0.8999,0.3461
1.3081,0.0007,0.7760,1.4716,0.3558
1.4912,0.0005,0.7643,1.4600,0.3503
1.3116,0.0007,0.9077,1.1105,0.3503
2.1927,0.0008,0.8355,2.3034,0.3485
1.6102,0.0007,0.9496,1.5507,0.3717
1.9361,0.0010,1.0594,1.5546,0.3654
1.5269,0.0010,1.1517,1.9203,0.3516
1.4906,0.0008,0.9153,1.4558,0.3490
2.1381,0.0006,0.7859,2.1636,0.3343
1.4118,0.0005,0.8766,1.5376,0.3540
1.3295,0.0004,0.7973,1.3423,0.3458
1.4812,0.0005,0.7252,1.1791,0.3458
2.1749,0.0007,0.8155,2.2407,0.3408
1.1401,0.0005,0.9993,1.3166,0.3408
1.6009,0.0007,0.9128,1.1481,0.3986
1.9252,0.0005,0.9789,1.8289,0.3506
1.4893,0.0005,1.2967,1.9131,0.3506
1.5825,0.0007,1.1766,1.5392,0.3482
1.8420,0.0006,0.9125,1.9402,0.3497
1.5348,0.0009,0.9904,1.5577,0.3468
1.6363,0.0009,0.9532,1.6366,0.3468
1.6674,0.0006,0.9494,1.7011,0.3389
1.4402,0.0005,0.8785,1.3297,0.3486
1.8310,0.0007,0.9907,1.8706,0.3454
1.7373,0.0009,0.8516,1.6748,0.3526
1.9781,0.0008,1.1512,1.7940,0.3526
1.5390,0.0006,1.0737,1.7401,0.3571
1.6521,0.0006,0.8868,1.5905,0.3507
1.5648,0.0005,1.1361,1.6853,0.3493
1.5374,0.0007,0.8149,1.3298,0.3493
1.6659,0.0009,0.8650,1.7668,0.3425
1.5714,0.0007,1.0912,1.5830,0.3517
1.7193,0.0006,0.8816,1.7801,0.3547
2.1671,0.0009,0.9872,1.9436,0.3578
1.0863,0.0007,1.2769,1.0736,0.3578
1.7630,0.0006,0.9177,1.6843,0.3483
1.5367,0.0006,0.9469,1.5253,0.3483
1.6324,0.0005,1.0664,1.6844,0.3339
2.0465,0.0005,1.0940,2.1332,0.3493
1.2641,0.0006,0.9264,1.2332,0.3493
1.7569,0.0006,0.8056,1.6427,0.3421
1.3827,0.0007,0.9317,1.5928,0.3421
1.4870,0.0004,0.8855,1.2542,0.3517
1.6736,0.0006,0.8990,1.9178,0.3517
1.8870,0.0010,0.8568,1.7837,0.3407
1.9548,0.0007,0.9872,1.9634,0.3382
1.6607,0.0004,1.0073,1.6606,0.3523
1.5162,0.0005,1.0221,1.6326,0.3523
1.8836,0.0007,0.8591,1.7705,0.3406
1.5008,0.0006,0.9645,1.5166,0.3406
1.4714,0.0008,0.8579,1.5550,0.3497
1.7146,0.0006,0.7730,1.4095,0.3442
1.7376,0.0004,0.8424,1.8079,0.3370
2.0576,0.0005,0.9632,1.7174,0.3401
2.4634,0.0009,0.8527,2.8353,0.3648
1.3408,0.0006,1.1629,1.4968,0.3407
1.4194,0.0006,1.0583,1.0510,0.3407
2.0358,0.0005,0.7406,2.3888,0.3391
1.6775,0.0006,0.7750,1.6651,0.3391
1.8401,0.0009,0.7661,1.8380,0.3377
1.5792,0.0008,0.8064,1.3335,0.3377
1.3896,0.0006,0.9031,1.6485,0.3426
1.8827,0.0007,0.9523,1.8565,0.3401
1.3928,0.0008,1.0478,1.3387,0.3574
1.9249,0.0008,0.9335,1.9558,0.3788
1.8251,0.0004,0.8241,1.8201,0.3369
1.3435,0.0003,0.8076,1.0387,0.3369
1.8877,0.0004,0.8521,2.2006,0.3651
1.3592,0.0005,0.7259,1.3579,0.3651
1.9140,0.0004,0.7656,1.8574,0.3400
1.4527,0.0003,0.8073,1.3209,0.3426
2.1671,0.0007,0.7536,2.2514,0.3602
1.0514,0.0007,0.9071,0.9307,0.3602
2.1494,0.0007,0.8618,2.2011,0.3395
1.5138,0.0005,0.9542,1.5971,0.3565
1.5026,0.0006,0.9042,1.5446,0.3444
1.7870,0.0009,0.7702,1.5013,0.3416
2.1209,0.0008,0.9443,2.2145,0.3499
1.2334,0.0005,1.0613,1.3927,0.3344
1.6219,0.0006,0.9195,1.5920,0.3344
1.6746,0.0006,0.9326,1.4030,0.3621
1.9982,0.0006,0.9253,2.2847,0.3476
1.4325,0.0006,0.7949,1.4050,0.3476
2.2223,0.0008,0.8166,1.9169,0.3491
1.2374,0.0003,1.2471,1.5571,0.3491
1.4463,0.0003,0.9392,1.4557,0.3657
1.3132,0.0004,1.0139,1.2602,0.3422
1.9220,0.0004,1.0778,1.9514,0.3522
1.5283,0.0009,0.8561,1.3153,0.3522
1.8429,0.0004,0.8275,2.0269,0.3350
1.8912,0.0009,0.8335,1.8567,0.3301
1.3748,0.0006,0.9590,1.0684,0.3517
1.9850,0.0007,1.0608,2.2567,0.3517
1.8594,0.0005,1.1055,1.8698,0.3422
1.6421,0.0007,1.0041,1.5799,0.3372
1.2456,0.0006,1.1183,1.1543,0.3368
1.6385,0.0006,1.2411,1.7546,0.3368
1.5254,0.0006,1.0133,1.5901,0.3376
1.3646,0.0004,0.7645,1.3577,0.3376
1.8329,0.0013,0.7550,1.5358,0.3464
1.4600,0.0005,1.1923,1.7257,0.3464
1.8058,0.0004,0.8652,1.8228,0.3525
1.7122,0.0004,0.7869,1.6972,0.3525
2.0628,0.0008,0.7279,1.9388,0.3550
1.6223,0.0007,1.1185,1.6357,0.3550
1.3566,0.0004,1.1772,1.4337,0.3528
1.7453,0.0004,0.7612,1.7396,0.3528
1.7498,0.0003,0.7626,1.6748,0.3375
1.8474,0.0005,0.8779,1.5748,0.3427
1.5689,0.0006,1.1435,1.7684,0.3375
1.4613,0.0006,0.9124,1.3382,0.3375
1.7298,0.0005,0.7159,1.9881,0.3517
1.5906,0.0005,0.6797,1.3396,0.3513
1.6389,0.0007,0.9950,1.4874,0.3672
1.8703,0.0005,1.0544,2.2034,0.3778
1.4628,0.0003,1.1258,1.5102,0.3778
1.6224,0.0006,0.7178,1.1802,0.3414
1.9564,0.0008,0.8497,2.2385,0.3471
1.6327,0.0006,1.0889,1.7315,0.3502
1.6079,0.0004,0.9966,1.6178,0.3645
1.5525,0.0006,0.7438,1.5476,0.3403
1.5218,0.0005,0.7558,1.4150,0.3403
1.5291,0.0008,0.7015,1.6154,0.3425
1.6293,0.0007,0.7364,1.5581,0.3537
1.6153,0.0007,0.9796,1.6285,0.3935
1.1960,0.0005,0.9414,1.2394,0.3935
1.7006,0.0007,0.7989,1.4442,0.3637
1.5817,0.0006,1.0952,1.8138,0.3637
2.1319,0.0181,0.9724,1.9951,0.3498
1.5248,0.0004,1.0268,1.5840,0.3617
1.3706,0.0005,0.8929,1.1429,0.3617
1.6609,0.0007,0.8684,1.9383,0.3488
1.5181,0.0005,0.7536,1.2625,0.3522
1.6918,0.0007,0.7708,1.8720,0.3467
1.3476,0.0008,0.8535,1.1915,0.3575
2.2662,0.0006,0.9340,2.3069,0.3552
1.7265,0.0006,1.0241,1.7814,0.3478
1.6580,0.0007,0.9524,1.7572,0.3528
1.3124,0.0006,0.8044,1.1012,0.3528
1.6427,0.0005,0.8004,1.8363,0.3388
1.5799,0.0004,0.8970,1.5007,0.3388
1.7280,0.0005,0.8113,1.6844,0.3497
1.3817,0.0005,0.8196,1.2222,0.3497
1.7374,0.0013,0.7073,2.0129,0.3396
1.8043,0.0006,0.7217,1.7222,0.3604
1.6283,0.0005,0.9606,1.5800,0.3527
1.8573,0.0007,1.0633,1.9275,0.3560
1.5508,0.0007,0.9951,1.2675,0.3560
1.9134,0.0007,1.3480,1.9324,0.3533
1.8949,0.0007,0.9007,1.8004,0.3404
2.0066,0.0007,1.1554,2.3366,0.3533
1.3103,0.0005,1.1333,0.9285,0.3468
1.5714,0.0006,0.9772,1.7188,0.3468
1.8606,0.0008,0.8327,2.0538,0.3523
2.1198,0.0007,0.8886,2.1233,1.0777
1.4005,0.0006,0.9568,1.3937,1.0777
1.8742,0.0005,0.9182,1.8092,0.3707
1.2087,0.0006,1.0588,1.1291,0.3732
1.3753,0.0006,1.0536,1.3847,0.3732
1.7946,0.0008,0.7311,1.8219,0.3501
1.2328,0.0005,0.9338,1.3520,0.3286
1.5881,0.0006,0.8610,1.6046,0.3286
1.3936,0.0174,0.8137,1.3290,0.3480
1.8219,0.0007,0.8655,1.3675,0.3503
1.5227,0.0008,1.0827,1.9101,0.3503
1.8222,0.0006,0.9597,1.8947,0.5497
1.9107,0.0010,0.8905,1.9191,0.3503
1.8908,0.0010,0.8619,1.8143,0.3483
1.4604,0.0004,0.8800,1.5267,0.3483
1.5184,0.0006,0.9024,1.2693,0.3500
2.0397,0.0007,0.9466,2.1611,0.3372
1.3307,0.0004,0.9492,1.3541,0.3372
1.3942,0.0004,0.7563,1.4224,0.3525
1.5930,0.0006,0.7382,1.5877,0.3550
1.9116,0.0009,0.7991,1.8600,0.3804
1.2453,0.0004,0.9844,1.3429,0.3804
1.7264,0.0005,0.8289,1.2786,0.3747
1.4703,0.0006,0.9583,1.5393,0.3303
1.4352,0.0004,1.0376,1.4860,0.3555
1.1193,0.0004,0.9933,1.4357,0.3453
1.6332,0.0004,0.7424,1.2079,0.3476
1.7231,0.0006,0.8636,2.0677,0.3387
1.2890,0.0006,0.9079,1.1277,0.3387
1.8109,0.0007,0.8544,1.8450,0.3395
1.5314,0.0007,1.0538,1.2663,0.3395
1.4278,0.0006,1.1059,1.8197,0.3488
2.0384,0.0009,0.9553,1.8805,0.3693
1.0698,0.0009,1.0213,1.2549,0.3536
1.9418,0.0010,0.8718,1.9008,0.3551
1.1144,0.0007,1.2342,0.8917,0.3479
1.2072,0.0007,0.9648,1.4592,0.3479
1.7064,0.0007,0.8666,1.6847,0.3462
1.3119,0.0007,0.7577,1.3152,0.3546
1.4307,0.0009,0.8025,1.4234,0.3492
1.1500,0.0009,0.7955,1.1213,0.3425
1.5222,0.0010,0.8752,1.2454,0.3425
1.8427,0.0007,1.1086,2.0707,0.5254
1.3643,0.0005,0.9194,1.3954,0.3708
1.3325,0.0006,0.8320,1.1113,0.3708
1.4768,0.0007,1.0483,1.4611,0.3508
1.3940,0.0007,1.1181,1.5197,0.3386
2.0434,0.0007,0.9320,2.1494,0.3511
1.1776,0.0007,0.8372,0.8898,0.3486
2.2480,0.0010,0.7730,2.5263,0.3577
1.1343,0.0007,0.8404,0.9155,0.3572
1.4000,0.0007,1.0069,1.3556,0.3572
1.4166,0.0005,0.7598,1.6390,0.3469
1.6709,0.0008,0.7088,1.3927,0.3371
2.5746,0.0008,0.9277,2.7786,0.3675
0.9580,0.0006,1.0935,1.0526,0.3675
1.4580,0.0005,0.8453,1.2323,0.3660
1.9452,0.0007,0.7998,2.1240,0.3518
1.1428,0.0006,0.8114,1.0090,0.3518
1.5853,0.0006,0.9340,1.5495,0.3660
1.2941,0.0005,0.9615,1.2311,0.3660
2.0610,0.0008,0.8291,2.2718,0.3499
1.6587,0.0008,0.8536,1.6657,0.3511
1.2219,0.0004,1.0552,1.0258,0.3511
2.5640,0.0006,0.8492,2.7110,0.3541
1.3791,0.0005,0.8859,1.4099,0.3439
1.7564,0.0005,0.8396,1.4443,0.3439
1.4704,0.0004,0.8962,1.5721,0.3462
1.8130,0.0006,0.7849,1.9956,0.3428
1.5631,0.0006,0.8890,1.4575,0.3428
1.8219,0.0006,0.9926,1.6462,0.3519
1.5463,0.0005,1.0930,1.5781,0.3519
1.6435,0.0003,0.8723,1.6611,0.3359
1.8028,0.0009,0.7913,1.7831,0.3482
2.0712,0.0007,0.9335,2.2488,0.3404
1.4662,0.0005,1.0996,1.1838,0.3404
1.4529,0.0007,1.2195,1.5170,0.3456
1.6756,0.0006,0.9863,1.8697,0.3429
1.7567,0.0007,0.9770,1.6378,0.3388
1.9710,0.0010,0.9601,2.1202,0.3423
1.1839,0.0004,1.1196,0.9510,0.3423
1.6473,0.0004,1.0148,1.8833,0.3442
1.4611,0.0004,0.7727,1.4811,0.3442
2.0822,0.0006,0.8428,2.0292,0.3534
1.5867,0.0007,0.9958,1.5848,0.3534
2.0881,0.0005,0.9491,2.0874,0.3501
1.8760,0.0005,0.9918,1.8916,0.3530
1.7212,0.0004,0.8026,1.6102,0.3530
1.5713,0.0004,0.9269,1.5906,0.3482
1.5955,0.0004,0.8031,1.5074,0.3412
1.5077,0.0004,0.9707,1.5323,0.3412
1.8817,0.0004,0.8330,2.0104,0.3429
2.3949,0.0009,0.7699,2.1393,0.3412
0.9967,0.0006,1.0962,0.9576,0.3412
1.7805,0.0007,0.9286,1.8674,0.3742
2.2930,0.0004,0.8412,2.1281,0.3372
1.4480,0.0007,1.1126,1.6161,0.3372
1.8550,0.0006,0.9396,1.9558,0.3579
1.6386,0.0007,0.8846,1.6226,0.3520
1.3925,0.0004,0.9226,1.1296,0.3520
1.7652,0.0005,0.9707,2.0459,0.3330
2.1502,0.0007,0.9315,2.0130,0.3446
1.5694,0.0007,1.1744,1.4807,0.3652
1.2005,0.0007,1.4157,1.2501,0.3652
1.8873,0.0007,0.9061,1.6651,0.3759
1.4800,0.0004,0.9786,1.4990,0.3562
1.5745,0.0004,0.9107,1.5792,0.3393
1.5984,0.0005,0.9922,1.8211,0.3452
2.1260,0.0006,0.9445,2.2232,0.3572
1.8135,0.0006,0.8676,1.7120,0.3442
1.6308,0.0003,0.9059,1.7548,0.3583
1.0322,0.0003,0.8981,0.9552,0.3614
1.2265,0.0005,0.9234,1.0127,0.3614
1.7476,0.0008,0.7883,1.7530,0.3613
2.2684,0.0008,1.0980,2.4499,0.3715
1.5726,0.0006,1.2947,1.6099,0.3510
1.1331,0.0005,0.7891,1.1557,0.3510
1.6666,0.0006,0.9512,1.3199,0.3376
1.6863,0.0006,1.1728,1.5988,0.3676
2.0242,0.0007,1.1959,2.2551,0.3623
1.5013,0.0004,1.1348,1.5338,0.3503
0.9839,0.0008,0.9196,1.0195,0.3477
2.1685,0.0008,0.8410,2.1716,0.3549
1.7835,0.0006,1.0146,1.5987,0.3624
1.2940,0.0007,1.3644,1.0671,0.3752
1.6491,0.0006,1.0291,2.1151,0.3577
1.3564,0.0005,0.7265,1.3147,0.3577
1.4782,0.0003,1.0140,1.5267,0.3571
1.8352,0.0005,0.7898,1.4075,0.3571
1.9525,0.0007,0.8360,2.3476,0.3520
1.5786,0.0007,0.7765,1.4141,0.3544
1.7304,0.0005,1.0907,1.8690,0.3544
1.3437,0.0004,0.8392,1.0927,0.3393
1.6576,0.0007,0.9060,1.7738,0.3453
1.3277,0.0006,0.9803,0.9761,0.3503
2.2597,0.0006,1.0977,2.4879,0.3426
1.2919,0.0006,1.2648,1.4835,0.3446
0.9960,0.0006,1.0238,1.0481,0.3531
0.9167,0.0006,0.7914,0.8056,0.3531
1.9643,0.0006,0.7654,2.0298,0.3436
1.2694,0.0005,0.7730,1.0624,0.3436
1.6033,0.0004,0.7592,1.4579,0.3374
1.7265,0.0004,0.7068,2.1179,0.3344
1.5661,0.0004,0.6327,1.2541,0.3468
1.5142,0.0005,0.6819,1.5880,0.3295
1.5206,0.0004,0.8003,1.6805,0.3439
1.5982,0.0007,1.0125,1.3025,0.3515
2.1754,0.0007,0.9474,2.4240,0.3484
1.4175,0.0006,0.9592,1.3387,0.3484
1.5550,0.0019,1.1600,1.2310,0.3418
1.8029,0.0005,1.1818,1.9403,0.3418
1.8931,0.0005,1.0414,2.0644,0.3518
1.4900,0.0007,1.0479,1.6281,0.3389
1.5839,0.0006,0.7333,1.1392,0.3389
1.5487,0.0006,0.7983,1.8961,0.3462
2.1753,0.0007,0.8348,2.1579,0.3576
1.8240,0.0005,1.2631,1.8242,0.3519
1.6885,0.0006,0.9290,1.7082,0.3595
1.2713,0.0006,0.8121,1.2736,0.3351
1.3685,0.0004,0.8049,1.4056,0.3351
1.6536,0.0005,0.8982,1.2603,0.3391
1.6891,0.0005,0.7659,1.8272,0.3505
2.0689,0.0006,0.8524,2.2595,0.3258
1.7387,0.0005,0.9114,1.7217,0.3381
1.6746,0.0006,0.8683,1.4873,0.3381
1.7598,0.0005,1.8552,1.9201,0.3814
1.5878,0.0006,1.1355,1.6175,0.3606
1.7701,0.0011,0.8575,1.7560,0.3606
1.3579,0.0007,0.8425,1.3888,0.3600
1.8050,0.0007,0.7500,1.7983,0.3557
1.8917,0.0005,0.7549,1.7901,0.3537
1.6428,0.0005,0.7931,1.7050,0.3567
1.3825,0.0007,0.7439,1.1744,0.3567
1.5546,0.0007,0.7076,1.6707,0.3405
2.3101,0.0009,0.7354,2.1845,0.5559
1.3022,0.0010,1.0527,1.4683,0.5559
1.7065,0.0007,0.9466,1.6844,0.3637
1.3999,0.0008,0.8578,1.3603,0.3581
1.7089,0.0007,0.9011,1.6698,0.3330
1.1522,0.0006,1.0131,1.2687,0.3330
1.3697,0.0009,0.8015,1.3100,0.3612
1.7479,0.0005,0.9834,1.7723,0.3393
1.0939,0.0006,1.0104,1.0121,0.3393
1.6171,0.0005,0.8514,1.3317,0.3404
1.6998,0.0008,0.9100,2.0594,0.3404
1.5916,0.0006,0.8996,1.5468,0.3495
1.7454,0.0006,1.2126,1.6904,0.3689
1.4906,0.0005,1.0750,1.1266,0.3737
1.8288,0.0006,0.7964,2.2579,0.3395
1.5826,0.0007,0.7756,1.2404,0.3448
1.7765,0.0006,0.9299,1.9487,0.3347
1.4987,0.0009,0.9252,1.6692,0.3447
1.7612,0.0006,0.8223,1.7503,0.3447
1.8285,0.0009,0.9206,1.3835,0.3267
1.7726,0.0005,0.9960,1.7622,0.3438
2.0359,0.0009,1.1887,2.0180,0.3872
1.0871,0.0006,1.7585,1.3775,0.3872
1.7585,0.0008,0.9423,1.6620,0.3617
1.8837,0.0010,0.8475,2.1035,0.3416
1.6262,0.0006,0.8307,1.3748,0.3422
1.6501,0.0004,0.7502,1.7664,0.3360
1.6416,0.0003,0.7174,1.6452,0.3310
1.5657,0.0004,0.6941,1.4547,0.3563
1.6714,0.0003,0.7362,1.8493,0.3580
1.7617,0.0003,0.8036,1.4534,0.3591
1.4492,0.0007,1.0011,1.6800,0.3591
1.5302,0.0006,0.8215,1.6437,0.5421
1.6869,0.0012,0.7841,1.5233,0.3704
0.8873,0.0005,0.9639,1.0872,0.3704
1.3530,0.0004,0.7722,1.1817,0.3523
1.2943,0.0007,0.7325,1.4079,0.3345
1.2149,0.0005,0.8271,1.2091,0.3378
1.2076,0.0003,0.8249,1.1394,0.3464
1.2800,0.0006,0.6684,1.3892,0.3529
1.3129,0.0006,0.7515,1.1512,0.3442
1.4727,0.0007,1.0689,1.5088,0.3648
1.4174,0.0007,0.7691,1.5162,0.3538
1.3675,0.0008,0.8784,1.3165,0.3538
1.2763,0.0006,0.7976,1.0738,0.3658
1.6245,0.0008,0.8919,1.8396,0.3497
1.4397,0.0005,0.7972,1.2771,0.3353
1.3657,0.0006,1.0471,1.1843,0.3428
1.2871,0.0007,0.9147,1.4894,0.3428
1.3728,0.0006,0.6735,1.5267,0.3419
1.2737,0.0005,0.6654,1.2722,0.3528
1.1882,0.0005,0.6906,1.1811,0.3666
1.0800,0.0004,0.7463,1.0671,0.3478
1.4212,0.0004,0.7982,1.2364,0.3538
0.8752,0.0005,0.9270,0.9721,0.3538
1.6551,0.0005,0.7062,1.4332,0.3354
1.2107,0.0008,1.0609,1.1529,0.3354
1.5339,0.0006,0.7996,1.6458,0.3686
1.2129,0.0006,0.8788,1.4327,0.3686
1.4685,0.0006,0.7401,1.3086,0.3488
1.3999,0.0004,0.9324,1.4409,0.3416
1.3971,0.0006,0.7943,1.5166,0.3667
1.0987,0.0004,0.7132,1.1144,0.3667
1.4637,0.0004,0.6674,1.3714,0.3540
1.3133,0.0003,0.6803,1.2755,0.3471
1.3276,0.0005,0.6582,1.3972,0.3418
1.2692,0.0005,0.6629,1.2838,0.3523
1.4685,0.0004,0.6382,1.2676,0.3681
1.6100,0.0007,0.7901,1.4062,0.3583
1.0696,0.0005,1.1597,1.3610,0.3583
1.5464,0.0003,0.8087,1.6336,0.3751
1.4114,0.0004,0.7091,1.1622,0.3458
1.0745,0.0007,0.9095,1.2377,0.3458
1.4810,0.0005,0.8783,1.5604,0.3340
1.3356,0.0007,0.6736,1.3053,0.3532
1.1190,0.0007,0.8101,1.1368,0.3532
1.7830,0.0008,0.7445,1.6194,0.3395
0.7957,0.0004,0.9108,0.9736,0.3395
1.4317,0.0004,0.7243,1.2697,0.3373
1.4535,0.0005,0.6787,1.5176,0.3344
1.3610,0.0005,0.7730,1.2703,0.3356
1.6620,0.0007,1.3873,1.5093,0.3657
1.4192,0.0007,1.2713,1.2808,0.3495
1.2903,0.0005,0.8693,1.5356,0.3495
1.8742,0.0006,0.8747,2.0160,0.3713
1.2982,0.0004,0.7913,1.2411,0.3460
1.4993,0.0006,0.8387,1.4700,0.3471
1.1053,0.0005,0.8151,1.0410,0.3471
1.4845,0.0004,0.6882,1.4424,0.3566
1.2794,0.0004,0.7789,1.2846,0.3479
1.8977,0.0003,0.9686,2.0667,0.3449
1.3048,0.0004,0.7173,1.3303,0.3449
1.6024,0.0007,0.7568,1.3226,0.3415
1.9145,0.0009,1.2570,2.0828,0.3658
1.2027,0.0005,1.1243,1.2782,0.3658
1.2842,0.0004,0.7082,1.1244,0.3455
1.4721,0.0006,0.7007,1.3233,0.3698
2.2282,0.0004,0.8441,2.4861,0.3478
0.9629,0.0009,0.7508,1.0057,0.3478
1.7798,0.0004,0.6661,1.2109,0.3355
1.1305,0.0004,0.7405,1.5974,0.3355
1.1020,0.0003,0.6397,1.1353,0.3442
1.6248,0.0005,0.6415,1.3911,0.3492
1.1080,0.0004,0.8146,1.3328,0.3492
1.4201,0.0005,0.8983,1.4214,0.3678
1.8755,0.0005,0.7473,1.7474,0.3612
1.2882,0.0005,0.8973,1.1578,0.3506
1.2113,0.0006,0.8941,1.3376,0.3637
1.3499,0.0005,0.8368,1.2882,0.3637
1.8369,0.0005,0.8620,1.8286,0.3748
1.8330,0.0005,0.7273,1.6823,0.3470
1.6316,0.0005,0.9473,1.9347,0.3737
1.2115,0.0004,0.8050,0.9861,0.3497
1.2286,0.0004,0.9366,1.3696,0.3497
1.5180,0.0005,1.0018,1.4513,0.3507
1.6051,0.0008,0.8515,1.7249,0.3406
1.2857,0.0008,1.0535,1.2574,0.3688
1.6071,0.0008,0.8960,1.6873,0.3506
1.3593,0.0006,0.7012,1.1713,0.3506
1.3041,0.0007,0.9038,1.3219,0.3505
1.2050,0.0006,1.1503,1.3407,0.3550
1.2472,0.0003,0.7549,1.0624,0.3550
1.3134,0.0003,0.6843,1.4199,0.3426
1.5059,0.0004,0.6629,1.4546,0.3492
1.0716,0.0004,0.8421,1.0610,0.3492
1.4073,0.0007,0.7520,1.3504,0.3443
1.3355,0.0005,0.9115,1.5159,0.3459
1.5821,0.0006,0.8694,1.2711,0.3552
1.4984,0.0004,1.0202,1.7937,0.3785
1.3951,0.0006,0.9105,1.1877,0.3561
1.2080,0.0006,0.9998,1.1073,0.3561
1.5882,0.0004,0.7671,1.8904,0.3625
0.9652,0.0004,0.6958,0.8636,0.3657
1.3805,0.0003,0.7741,1.4989,0.3527
1.2170,0.0003,0.6132,1.2416,0.3527
1.3028,0.0004,0.6874,1.1791,0.3502
1.2749,0.0005,0.6255,1.1845,0.3584
1.3110,0.0005,0.7240,1.4575,0.3389
1.3689,0.0005,0.7820,1.1827,0.3572
1.4589,0.0009,1.0160,1.6207,0.3572
1.4887,0.0007,0.8205,1.2139,0.3580
1.6148,0.0008,0.9711,1.6032,0.3830
1.1603,0.0005,0.9607,1.3468,0.3830
1.2569,0.0004,0.7518,1.3559,0.3496
1.5589,0.0004,0.7064,1.2820,0.3494
1.2384,0.0007,0.8413,1.3795,0.3494
1.7632,0.0006,0.6700,1.5923,0.3593
1.1776,0.0006,0.9242,1.4505,0.3593
1.1413,0.0004,0.7604,1.1780,0.3616
1.3260,0.0003,0.8701,1.1470,0.3596
1.5242,0.0004,1.0201,1.4767,0.3441
0.6831,0.0006,0.9731,0.8264,0.3441
1.6447,0.0372,0.6750,1.5265,0.3700
1.7944,0.0006,1.1872,1.5821,0.3630
1.5383,0.0005,1.5276,1.6342,0.3630
1.8975,0.0006,1.0132,2.1176,0.3416
1.5637,0.0004,0.9459,1.5647,0.3641
0.8913,0.0004,0.7915,0.9333,0.3641
1.6354,0.0004,0.6893,1.2495,0.3466
1.1538,0.0005,0.8980,1.5338,0.3466
1.1846,0.0005,0.6703,1.1785,0.3431
1.3599,0.0005,0.6694,1.1583,0.3385
1.0557,0.0004,0.8155,1.2584,0.3385
1.4435,0.0008,0.6838,1.2190,0.3457
2.0238,0.0009,1.1147,1.8275,0.3563
1.3565,0.0006,1.5881,1.5419,0.3450
0.9717,0.0006,1.1585,1.1193,0.3450
1.1807,0.0003,0.7671,1.0983,0.3444
1.3893,0.0005,0.7405,1.3582,0.3389
1.2171,0.0006,0.7888,1.2765,0.3469
1.6362,0.0006,0.6688,1.2799,0.3438
1.0334,0.0006,0.7857,1.4812,0.3438
1.4744,0.0004,0.6626,1.3483,0.3547
1.8335,0.0005,0.7960,1.9491,0.3426
1.1720,0.0004,0.6752,1.1877,0.3534
1.2961,0.0005,0.6327,1.2648,0.3534
1.3343,0.0005,0.9248,1.1108,0.3696
1.3591,0.0005,0.9208,1.3457,0.3769
1.1351,0.0003,1.4025,1.1654,0.3769
1.3783,0.0004,0.6492,1.5301,0.3416
1.5529,0.0005,0.6686,1.5851,0.3483
1.3012,0.0004,0.7035,1.2830,0.3792
1.1466,0.0004,0.7435,1.1842,0.3597
1.5332,0.0003,0.6828,1.4156,0.3488
1.1323,0.0005,0.9163,1.1222,0.3506
1.1814,0.0004,1.0651,1.1093,0.3397
1.0542,0.0005,1.1125,1.1205,0.3397
1.3213,0.0004,0.7006,1.4021,0.3639
1.7311,0.0013,0.9880,1.6682,0.3519
1.4762,0.0007,1.2415,1.4754,0.3967
1.3464,0.0006,0.9022,1.2513,0.3967
1.1229,0.0006,0.7706,1.2625,0.3468
1.4786,0.0004,0.7217,1.2140,0.3583
1.5829,0.0006,0.7212,1.5973,0.3504
1.0711,0.0004,0.8310,1.2298,0.3504
1.2789,0.0003,0.7942,1.3682,0.3577
1.3989,0.0004,0.7829,1.1686,0.3501
1.2615,0.0004,0.7422,1.3744,0.3386
1.3766,0.0004,1.1250,1.3242,0.3471
1.5457,0.0005,0.6899,1.4204,0.3377
1.3937,0.0007,0.7653,1.4700,0.3771
1.5598,0.0006,0.8440,1.5124,0.3554
1.2970,0.0006,0.8772,1.5102,0.3722
1.3127,0.0005,0.7133,1.3068,0.3630
1.2186,0.0006,1.0425,1.2182,0.3477
1.6193,0.0012,0.9496,1.4203,0.3327
1.2695,0.0007,1.0890,1.0088,0.3514
0.9345,0.0003,1.1767,1.3361,0.3514
1.1614,0.0004,0.6630,1.2390,0.3510
1.1402,0.0004,0.5893,1.0935,0.3560
1.2789,0.0004,0.6516,1.2665,0.3417
1.3030,0.0005,0.6249,1.1639,0.3444
1.1110,0.0005,0.8720,1.1067,0.3444
1.7383,0.0007,0.8629,1.8321,0.3583
1.3424,0.0008,0.7489,1.3396,0.3583
1.4922,0.0005,0.8837,0.9529,0.3709
1.1385,0.0004,1.0076,1.5953,0.3550
1.4295,0.0003,1.0002,1.4047,0.3550
1.2580,0.0004,0.6830,1.3836,0.3586
1.2434,0.0003,0.8541,1.1117,0.3287
1.4420,0.0004,0.7322,1.4262,0.3451
1.4281,0.0004,0.8784,1.4141,0.3632
1.5420,0.0006,0.9919,1.6559,0.3410
1.0600,0.0005,0.8314,0.9538,0.3410
1.1382,0.0005,1.0631,1.1634,0.3521
1.5310,0.0003,0.7998,1.4666,0.3501
1.5438,0.0006,0.8981,1.4688,0.3534
1.4786,0.0005,1.0691,1.6461,0.3784
1.4547,0.0005,0.7286,1.3818,0.3546
1.4034,0.0004,1.1041,1.3113,0.3481
1.0542,0.0007,0.9944,1.2417,0.3481
1.6667,0.0004,0.7766,1.1588,0.3336
1.2362,0.0005,0.9151,1.5945,0.3336
1.4346,0.0004,0.6712,1.2883,0.3469
1.2632,0.0004,0.8031,1.2550,0.3534
1.2997,0.0007,0.8463,1.4466,0.3534
1.4878,0.0006,0.7095,1.4404,0.5615
1.4174,0.0005,0.8257,1.4239,0.3536
1.3057,0.0005,0.9741,1.3132,0.3655
1.7660,0.0004,1.0253,1.6387,0.3543
1.0828,0.0005,0.9497,1.3045,0.3543
1.3554,0.0006,0.9208,1.3730,0.3465
1.4359,0.0005,0.6910,1.3731,0.3382
1.2030,0.0005,0.6573,1.2632,0.3404
1.2808,0.0004,0.7999,1.3547,0.3584
1.2598,0.0003,0.6358,1.1578,0.3614
1.6028,0.0006,0.6556,1.6399,0.3563
1.0508,0.0005,0.6704,0.9758,0.3563
1.3796,0.0004,0.6986,1.4691,0.3490
0.9879,0.0005,0.7079,1.0105,0.3490
1.3270,0.0006,0.8256,1.1903,0.3581
2.2494,0.0005,0.6618,2.0578,0.3460
1.0321,0.0004,1.1283,1.0268,0.3466
1.1230,0.0004,0.9966,1.3362,0.3466
1.2470,0.0007,0.8598,1.2296,0.3517
1.1882,0.0008,0.6486,1.1634,0.3351
1.0361,0.0006,0.8149,1.1182,0.3351
1.2699,0.0006,0.9594,1.2996,0.3478
1.1366,0.0007,0.8397,1.1120,0.3478
1.4196,0.0005,0.7376,1.4326,0.3599
1.1877,0.0004,0.6669,1.0026,0.3599
1.2372,0.0006,0.6975,1.4168,0.3661
1.3074,0.0007,0.6594,1.2985,0.3620
1.6425,0.0006,0.6782,1.2501,0.3382
1.1839,0.0006,1.1712,1.3062,0.3382
1.3855,0.0005,0.8473,1.6335,0.3498
1.1773,0.0005,0.6801,1.0423,0.3403
1.0091,0.0007,0.8726,1.1044,0.3403
1.2169,0.0005,0.7125,1.2487,0.3358
1.2883,0.0006,0.6952,1.1284,0.3632
1.4604,0.0006,0.6887,1.3794,0.3433
1.4202,0.0005,0.8397,1.3259,0.3433
1.3123,0.0005,0.7587,1.6209,0.3432
1.3500,0.0006,0.7902,1.0626,0.3432
1.1630,0.0005,1.2022,1.3745,0.3620
1.3456,0.0008,0.8312,1.4254,0.3555
1.1347,0.0006,0.6545,1.0536,0.3555
1.3689,0.0005,0.7970,1.3843,0.3906
1.3860,0.0005,0.8531,1.4099,0.8881
1.3402,0.0005,0.8238,1.2297,0.3704
1.2959,0.0004,0.8228,1.4239,0.3522
1.3330,0.0005,0.6476,1.2699,0.3604
1.4250,0.0008,0.6573,1.4005,0.3458
1.2181,0.0005,1.0982,1.2596,0.3530
1.1161,0.0008,1.0014,1.0459,0.3530
1.2910,0.0004,0.6976,1.3743,0.3462
1.2024,0.0004,0.7000,1.1635,0.3576
1.2892,0.0004,0.6808,1.3203,0.3429
1.4359,0.0004,0.7623,1.0208,0.3539
1.3005,0.0004,0.9646,1.6605,0.3539
1.3978,0.0006,0.7910,0.9939,0.3655
1.3814,0.0005,0.8310,1.7764,0.3405
1.5023,0.0006,0.7737,1.2044,0.3459
1.3775,0.0005,0.8740,1.6671,0.3501
1.1486,0.0006,0.7833,1.1688,0.3434
1.2665,0.0006,0.7651,1.2512,0.3313
1.1736,0.0007,0.9686,1.0593,0.3639
1.1345,0.0005,1.0719,1.2601,0.3639
1.6397,0.0004,0.6454,1.4444,0.3655
1.2241,0.0004,0.9436,1.2115,0.3428
1.1856,0.0004,0.9862,1.2312,0.3425
1.6750,0.0004,0.8368,1.7895,0.3425
1.1816,0.0005,0.7325,0.9024,0.3611
1.5831,0.0006,0.8087,1.8640,0.3484
1.2336,0.0004,0.9331,1.0498,0.3484
2.0124,0.0004,0.7695,2.0943,0.3375
1.4438,0.0006,0.8045,1.2243,0.3375
1.4584,0.0005,0.9542,1.5949,0.3602
1.2484,0.0005,0.9724,1.4041,0.3484
1.1537,0.0004,0.6760,0.9766,0.3484
1.2025,0.0003,0.6916,1.3218,0.3486
1.1409,0.0003,0.7473,1.1788,0.3424
1.4691,0.0005,0.6682,1.4260,0.3536
1.1351,0.0009,0.7071,1.0100,0.3536
1.6350,0.0006,1.4301,1.4390,0.3820
0.9412,0.0006,1.3613,1.2551,0.3820
1.5803,0.0006,0.8014,1.5189,0.3517
1.4325,0.0006,0.8450,1.4937,0.3401
1.2916,0.0004,0.7461,1.2680,0.3407
1.3800,0.0004,0.7053,1.1737,0.3440
1.1531,0.0004,0.8291,1.2621,0.3440
1.2195,0.0003,0.7077,1.3186,0.3493
1.4049,0.0003,0.7594,1.3196,0.3499
1.4250,0.0004,0.7625,1.4222,0.3499
1.3637,0.0004,0.8344,1.2446,0.3420
1.7149,0.0004,0.7634,1.7399,0.3458
1.1477,0.0005,0.9123,1.2668,0.3458
1.6116,0.0004,1.0188,1.6618,0.3831
1.2083,0.0004,0.7674,1.2148,0.3831
1.3780,0.0005,0.7790,1.3750,0.3398
1.4737,0.0006,0.7101,1.3282,0.3523
1.3224,0.0004,0.9186,1.4653,0.3471
1.3235,0.0003,0.6887,1.3100,0.3536
1.4959,0.0004,0.7035,1.2250,0.3547
1.0872,0.0003,0.9918,1.3444,0.3547
1.1662,0.0004,0.6527,1.1365,0.3456
1.5585,0.0005,0.6859,1.3198,0.3641
1.4514,0.0005,0.6908,1.7226,0.3438
1.9547,0.0006,0.6622,1.8433,0.3407
1.6532,0.0010,0.9174,1.6966,0.3625
1.6428,0.0007,0.9023,1.6812,0.3625
1.0877,0.0007,0.8421,1.0384,0.3538
1.4240,0.0005,0.8581,1.3930,0.3363
1.4649,0.0004,0.7477,1.1097,0.3468
1.4235,0.0004,0.8084,1.4453,0.3378
1.1959,0.0004,0.9335,1.4353,0.3378
1.5547,0.0004,0.8400,1.5847,0.3479
1.3745,0.0006,0.6844,1.3659,0.3532
1.0010,0.0008,0.8089,1.1049,0.3532
1.5177,0.0006,0.9865,1.3873,0.3592
1.4623,0.0008,0.7772,1.4527,0.3642
2.2149,0.0007,0.9013,2.3061,0.3529
1.2253,0.0004,0.8716,1.2697,0.3522
1.1750,0.0005,0.7529,1.0103,0.3522
1.9292,0.0004,0.7407,2.0364,0.3569
1.0294,0.0004,0.7298,0.9298,0.3569
1.3394,0.0006,0.6346,1.4871,0.3445
1.2400,0.0005,0.6385,1.2506,0.3563
1.2847,0.0005,0.6308,1.1675,0.3396
0.9245,0.0003,0.8542,1.0488,0.3396
1.3493,0.0003,0.8113,1.1575,0.3395
1.1978,0.0004,0.7180,1.3326,0.3501
1.7232,0.0008,0.6201,1.6550,0.3613
1.9450,0.0004,0.9077,1.9780,0.4049
1.0885,0.0005,0.9119,0.9870,0.4049
1.1205,0.0005,0.9366,1.1797,0.3492
1.0443,0.0006,0.9467,1.1296,0.3494
1.3991,0.0005,0.8208,1.3901,0.3479
1.3012,0.0004,0.6485,1.1813,0.3564
1.0995,0.0007,0.7927,1.1716,0.3564
1.2982,0.0006,0.7443,1.3372,0.3691
1.2840,0.0004,0.7528,1.2536,0.3449
1.1199,0.0169,0.7891,1.0443,0.3411
1.1132,0.0007,0.8524,1.1414,0.3411
1.2158,0.0005,0.9911,1.2778,0.3442
1.4564,0.0007,0.6735,1.2759,0.3654
1.7697,0.0006,1.1549,1.4971,0.3649
1.4379,0.0006,1.1749,1.5943,0.3649
1.6064,0.0007,0.9611,1.8303,0.3381
1.5841,0.0006,0.9873,1.5670,0.3421
1.4982,0.0005,0.7853,1.5191,0.3713
1.2150,0.0007,0.8219,1.2123,0.3713
1.8128,0.0008,0.7702,1.4837,0.3363
1.6932,0.0006,0.8617,1.8207,0.3463
1.6559,0.0005,1.0632,1.8402,0.3299
1.5162,0.0008,0.8115,1.2388,0.3361
2.0914,0.0011,0.8992,2.1274,0.3896
1.5745,0.0009,1.2582,1.6510,0.3635
1.2673,0.0008,1.2857,1.3999,0.3635
1.2756,0.0009,0.8247,1.2848,0.3351
1.5294,0.0008,0.7864,1.5371,0.3348
1.4818,0.0006,0.8088,1.4079,0.3552
1.5811,0.0004,0.9042,1.4090,0.3598
1.4812,0.0004,0.9803,1.4269,0.3442
1.5244,0.0004,0.8226,1.6237,0.3517
1.9204,0.0005,0.8799,1.9771,0.3609
0.9195,0.0004,0.8920,0.9020,0.3609
2.2852,0.0007,1.0856,2.3236,0.5377
1.3695,0.0004,0.9259,1.4207,0.3483
1.0633,0.0007,0.9395,1.0065,0.3483
1.7064,0.0006,0.9076,1.5470,0.3613
1.6295,0.0007,0.7203,1.7475,0.3460
1.4177,0.0007,1.1189,1.5021,0.3649
1.9491,0.0008,1.0740,1.9030,0.3459
1.3498,0.0006,0.9031,1.2378,0.3459
2.1518,0.0009,0.8985,2.2276,0.3302
1.4464,0.0007,0.9775,1.2666,0.3302
1.9563,0.0005,1.0171,1.9830,0.3577
1.5771,0.0006,1.2417,1.4163,0.3485
1.2449,0.0005,1.3735,1.5117,0.3485
1.3533,0.0005,0.8024,1.2996,0.3509
1.6299,0.0009,0.8455,1.6543,0.3587
1.6537,0.0007,0.8542,1.6785,0.3440
2.1092,0.0005,0.8586,2.0768,0.3421
1.3139,0.0008,0.8884,1.3259,0.3421
1.7008,0.0007,0.8779,1.6278,0.3446
1.8663,0.0007,1.0231,1.6305,0.3504
1.5422,0.0007,1.2047,1.5912,0.3504
1.8352,0.0008,1.4316,2.0535,0.3845
1.5632,0.0006,0.9274,1.5512,0.3613
1.9290,0.0007,0.8108,1.9265,0.3437
1.3963,0.0007,0.8389,1.4176,0.3437
1.4751,0.0005,0.7546,1.3498,0.3425
1.5441,0.0005,0.7194,1.6509,0.3655
1.1440,0.0005,0.7385,0.9738,0.3655
1.6324,0.0006,0.8868,1.5395,0.3433
1.3282,0.0007,1.0971,1.4206,0.3329
1.6291,0.0007,0.9390,1.7954,0.3329
1.3816,0.0007,1.0012,1.2826,0.3533
1.6239,0.0008,1.1784,1.5095,0.3624
1.4487,0.0005,0.8932,1.5911,0.3694
1.6779,0.0004,0.9027,1.7233,0.3686
1.6654,0.0005,0.8375,1.3176,0.3590
1.4446,0.0007,0.8304,1.6587,0.3383
1.6287,0.0006,0.8510,1.6370,0.3398
1.7206,0.0007,0.9411,1.7388,0.3498
1.7284,0.0007,1.0677,1.7275,0.3498
1.4593,0.0006,0.9716,1.4716,0.3354
1.4673,0.0008,0.9564,1.4683,0.3357
2.1865,0.0006,0.9089,2.0865,0.3593
1.4045,0.0005,1.3379,1.5252,0.3456
1.3600,0.0005,0.8208,1.2369,0.3456
2.1179,0.0006,0.7641,2.0048,0.3530
1.2029,0.0009,1.0920,1.0261,0.3535
1.2967,0.0008,1.1536,1.2255,0.3712
2.2275,0.0006,0.9979,2.6134,0.3479
1.1240,0.0004,0.9623,1.1746,0.3479
2.0128,0.0007,0.8592,1.9538,0.3338
1.3512,0.0005,1.0452,1.1678,0.3338
1.7569,0.0007,0.9739,1.8911,0.3517
1.9741,0.0008,1.0103,1.8895,0.3536
1.6040,0.0007,1.0593,1.7541,0.3450
1.6203,0.0007,0.8632,1.2818,0.3595
1.3890,0.0008,1.1687,1.7276,0.3595
1.7221,0.0006,0.7866,1.6110,0.3628
1.4797,0.0007,0.9339,1.4739,0.3399
1.4168,0.0005,0.9294,1.5220,0.3385
1.7969,0.0007,0.7811,1.1373,0.3424
1.5484,0.0006,0.8533,1.7251,0.3424
1.6970,0.0006,0.8228,2.0808,0.3581
1.7427,0.0007,0.9078,1.6751,0.3540
1.2389,0.0004,0.9673,1.2299,0.3586
1.2181,0.0006,0.9076,1.3690,0.3586
1.4916,0.0005,0.7915,1.4825,0.3606
1.7982,0.0006,0.8720,1.7308,0.3647
1.4227,0.0007,0.8988,1.2576,0.3453
1.5338,0.0005,0.9658,1.3437,0.3633
1.6266,0.0006,1.0556,2.0074,0.3433
1.1523,0.0007,1.0283,0.8646,0.3433
1.5153,0.0008,0.9547,1.6522,0.3416
1.5214,0.0007,0.9356,1.6274,0.3437
1.5628,0.0007,0.9881,1.3578,0.3905
1.2365,0.0004,1.5836,1.4686,0.3905
1.9901,0.0006,0.8921,1.9483,0.3496
1.6227,0.0006,0.9735,1.5087,0.3631
2.0786,0.0007,0.9344,2.1937,0.3490
1.5134,0.0005,0.9568,1.2899,0.3490
1.6191,0.0009,0.8902,1.4192,0.3408
1.4465,0.0007,0.8072,1.8684,0.3321
1.4695,0.0007,0.8057,1.2812,0.3541
1.8944,0.0007,1.1610,1.9043,0.3491
1.0941,0.0006,1.2091,1.1435,0.3491
2.2513,0.0006,0.9211,2.2558,0.3789
1.3293,0.0006,1.1186,1.4080,0.3410
1.3184,0.0007,0.9479,1.2061,0.3392
1.8155,0.0008,0.7828,1.5393,0.3582
2.0584,0.0005,1.1246,2.2302,0.3509
0.8194,0.0004,1.1203,0.9565,0.3509
1.3925,0.0003,0.7433,1.4873,0.3506
1.2803,0.0005,0.6673,1.2544,0.3374
1.2885,0.0005,0.6530,1.2835,0.3587
1.7296,0.0008,0.6803,1.3659,0.3529
1.8992,0.0012,1.1329,2.2181,0.3801
1.2729,0.0005,0.9387,1.2697,0.3597
1.2804,0.0006,0.7921,1.2906,0.3510
1.5352,0.0007,0.8883,1.5247,0.3605
1.3687,0.0007,0.9287,1.2792,0.3631
1.5217,0.0007,0.9367,1.5429,0.3631
1.5688,0.0009,1.1040,1.2784,0.3474
1.8183,0.0008,1.3085,2.1333,0.3545
1.5506,0.0006,1.1254,1.5687,0.3545
1.1831,0.0006,0.9234,1.2031,0.3655
1.9503,0.0008,0.7747,1.8438,0.3398
1.8026,0.0008,0.9684,1.6172,0.3820
1.1605,0.0008,1.7987,1.3972,0.3820
1.7234,0.0009,1.1521,1.5400,0.3429
1.9386,0.0007,1.4333,2.0918,0.3366
2.0180,0.0009,0.8822,1.9924,0.3364
1.6827,0.0008,1.1245,1.5751,0.3514
1.3013,0.0327,1.3332,1.0055,0.3436
1.2531,0.0008,1.3330,1.6787,0.3436
1.6028,0.0006,0.9651,1.3113,0.3438
1.8377,0.0008,0.9158,2.0009,0.3426
2.4089,0.0009,1.0536,2.3770,0.3925
1.7940,0.0009,1.2502,1.8702,0.3511
1.2355,0.0010,1.0544,0.9701,0.3511
1.9719,0.0006,0.9484,2.2592,0.3417
2.1407,0.0006,0.9100,2.1360,0.3541
1.2368,0.0008,0.9553,0.9192,0.3541
2.2293,0.0007,0.9158,2.5367,0.3294
1.4784,0.0007,0.9349,1.4670,0.3463
1.3097,0.0007,1.0632,1.0047,0.3463
1.9904,0.0013,1.0727,2.1284,0.3646
1.4917,0.0007,1.5851,1.5038,0.3748
2.2042,0.0008,1.0646,2.2759,0.3618
1.4618,0.0008,1.0148,1.5076,0.3618
2.2432,0.0007,1.0972,1.9608,0.3666
1.5391,0.0008,1.3307,1.3790,0.3666
2.0564,0.0006,1.1014,2.2184,0.3437
1.7856,0.0009,1.2579,1.9065,0.3437
2.3041,0.0006,1.0305,2.3652,0.3461
1.7550,0.0009,1.0321,1.7772,0.3461
1.8861,0.0007,1.0958,1.9003,0.3647
1.5446,0.0009,0.9780,1.4448,0.3440
1.8465,0.0008,0.9942,1.8440,0.3371
1.6189,0.0010,1.0467,1.3994,0.3411
1.5760,0.0010,1.0275,1.7608,0.3538
2.2321,0.0006,0.8643,2.2976,0.3508
1.2371,0.0004,1.0520,1.1714,0.3503
1.7416,0.0009,1.1349,1.4767,0.3395
2.4396,0.0008,1.1349,2.4868,0.3395
1.0844,0.0006,1.4395,1.3567,0.3371
2.1488,0.0007,0.9057,2.1519,0.3584
1.1692,0.0007,0.9223,1.2337,0.3584
1.4606,0.0006,0.8488,1.3446,0.3416
1.5264,0.0009,0.7962,1.4756,0.3431
1.9840,0.0005,0.8202,2.1428,0.3475
1.3160,0.0006,0.8210,0.9379,0.3470
1.2458,0.0005,1.0143,1.3944,0.3470
1.7247,0.0007,0.8376,1.6668,0.3602
2.2019,0.0011,1.0709,2.3148,0.3607
1.3280,0.0006,1.4030,1.4255,0.3607
1.6931,0.0007,1.0223,1.5681,0.3568
1.5165,0.0006,0.8554,1.6379,0.3479
1.6954,0.0006,0.8401,1.5979,0.3491
1.5398,0.0007,1.1407,1.6447,0.3553
1.3066,0.0005,0.8710,1.2976,0.3426
1.1146,0.0005,0.8270,1.0900,0.3426
1.4314,0.0006,1.1151,1.4001,0.3558
1.5499,0.0006,0.7784,1.6061,0.3572
1.3554,0.0005,0.7753,1.2217,0.3663
1.5984,0.0006,0.7889,1.7048,0.3556
1.5143,0.0005,0.9380,1.5048,0.3483
1.3592,0.0006,0.8762,1.1787,0.3714
1.4418,0.0006,0.8799,1.6155,0.3835
1.5194,0.0010,0.9898,1.5286,0.3481
1.6880,0.0005,0.8106,1.5027,0.3589
1.3430,0.0007,1.0576,1.4700,0.3589
2.1289,0.0010,1.0557,2.1420,0.3659
1.1114,0.0006,0.8209,1.1613,0.3538
1.5378,0.0006,0.8484,1.4082,0.3517
1.1776,0.0005,1.0280,1.1394,0.3438
1.2865,0.0006,1.0834,1.3425,0.3438
1.8119,0.0007,0.7598,1.8227,0.5284
1.2963,0.0008,0.9439,1.2969,0.3902
1.2125,0.0005,0.9756,1.2269,0.3902
1.6606,0.0006,0.8602,1.5319,0.3407
1.7012,0.0004,1.0055,1.5861,0.3536
1.4979,0.0009,0.9813,1.4689,0.3536
1.3879,0.0007,0.9245,1.6860,0.3455
1.3104,0.0004,1.0655,1.1292,0.3526
1.1722,0.0006,1.1545,1.3208,0.3526
1.4331,0.0005,0.8357,1.4165,0.3625
1.6698,0.0004,0.8687,1.6880,0.3558
1.1744,0.0006,0.7342,1.0848,0.3558
1.9227,0.0006,0.8080,1.5175,0.3655
1.3008,0.0006,1.1961,1.5325,0.3655
1.4973,0.0005,0.8669,1.6642,0.3568
1.2515,0.0004,0.9320,1.1950,0.3471
1.3360,0.0005,1.1587,1.4583,0.3471
2.0490,0.0006,0.7850,1.5067,0.3546
1.4835,0.0007,1.0018,1.9615,0.3531
2.0990,0.0006,1.0078,1.9368,0.3395
0.8769,0.0004,1.2812,0.8720,0.3526
1.5402,0.0004,0.8178,1.7266,0.3526
1.7510,0.0009,0.7556,1.4113,0.3515
2.1214,0.0007,0.9328,2.3978,0.3663
1.4629,0.0007,1.0453,1.2543,0.3663
1.8145,0.0006,0.9241,2.0474,0.3504
1.4390,0.0005,0.8900,1.0475,0.3504
1.7401,0.0005,1.0136,1.9651,0.3465
2.0421,0.0007,0.9112,1.8279,0.3547
1.9767,0.0007,1.1103,2.3095,0.3568
1.0790,0.0006,0.9008,1.1373,0.3511
1.6716,0.0008,0.8242,1.6305,0.3502
1.4842,0.0008,0.8182,1.4521,0.3475
1.8940,0.0006,0.9810,1.7975,0.3678
1.4113,0.0006,1.5565,1.5255,0.3485
1.3195,0.0006,0.9265,1.3163,0.3485
1.6055,0.0008,0.8755,1.6077,0.3402
1.4244,0.0007,0.7400,1.3359,0.3402
1.4660,0.0006,0.8944,1.5456,0.3605
1.6996,0.0006,0.8062,1.4451,0.3520
1.5783,0.0005,0.7657,1.6803,0.3502
2.0437,0.0005,0.7250,2.1864,0.3526
1.0492,0.0004,0.7695,0.7405,0.3611
1.5735,0.0005,1.0486,1.4691,0.3604
1.8402,0.0006,1.4378,2.1649,0.3586
1.4644,0.0005,0.8919,1.3109,0.3554
1.5822,0.0007,1.0162,1.7669,0.3567
1.3617,0.0008,0.7811,1.0123,0.3567
2.2650,0.0007,0.8262,2.5493,0.3621
1.0372,0.0005,0.9293,0.9447,0.3621
2.1712,0.0008,0.8681,2.2186,0.3676
0.9512,0.0004,1.0954,0.8506,0.3676
1.2531,0.0005,0.8522,1.4286,0.3673
2.0898,0.0005,0.7408,2.0377,0.3501
1.6454,0.0006,0.8953,1.5512,0.3876
1.3144,0.0005,1.0833,1.3566,0.3370
1.2496,0.0005,1.0062,1.2760,0.3370
2.0439,0.0004,0.8634,2.0803,0.3536
1.3501,0.0003,0.8806,1.3705,0.3536
1.6922,0.0006,0.7905,1.6723,0.3370
1.5401,0.0007,0.7579,1.5294,0.3370
1.5403,0.0007,0.8780,1.2481,0.3422
1.9439,0.0008,1.2741,2.0886,0.3342
1.5554,0.0005,1.1899,1.6697,0.3522
1.4414,0.0007,0.8726,1.3905,0.3522
1.6915,0.0008,0.9964,1.6898,0.3861
1.3312,0.0010,0.9500,1.2063,0.3861
2.0716,0.0008,0.9564,2.1104,0.3730
1.4304,0.0007,1.0143,1.5006,0.3590
1.4355,0.0004,0.9757,1.1988,0.3590
1.8487,0.0006,0.8498,1.8211,0.3530
1.4244,0.0005,0.9529,1.4886,0.3335
1.7325,0.0005,0.9336,1.9045,0.3388
1.8799,0.0006,1.0107,1.6924,0.3481
1.9357,0.0009,1.2066,2.0606,0.3481
1.4931,0.0008,1.4817,1.5191,0.5220
2.2704,0.0009,1.0673,2.0565,0.3345
1.2826,0.0005,1.4313,1.2962,0.3345
1.9461,0.0007,0.9876,1.9802,0.3543
1.5922,0.0006,1.1967,1.7498,0.3543
2.1243,0.0006,1.0456,2.0905,0.3369
1.0054,0.0010,0.9773,1.0590,0.3369
1.8632,0.0007,0.8442,1.4783,0.3409
1.7709,0.0006,0.9951,1.6041,0.3347
1.7550,0.0010,1.2055,2.1405,0.3563
1.4321,0.0008,1.7478,1.3724,0.3563
1.8058,0.0005,1.2165,1.9627,0.3639
1.6318,0.0009,0.9847,1.6433,0.3417
1.8784,0.0008,1.1272,1.8296,0.3438
1.1871,0.0006,0.9354,1.1136,0.3438
1.5136,0.0007,0.8445,1.6355,0.3454
2.0645,0.0007,0.8373,2.0042,0.3557
1.3354,0.0007,0.9959,1.3835,0.3557
1.9795,0.0009,1.1010,1.5361,0.3427
2.6964,0.0010,1.1433,2.8697,0.3679
1.8543,0.0011,1.3991,1.8709,0.3585
1.5062,0.0009,1.3522,1.6189,0.3636
1.7506,0.0014,1.0969,1.5829,0.3636
1.6435,0.0008,1.3089,1.6488,0.3461
1.7807,0.0008,1.4105,1.8800,0.3461
1.9475,0.0008,1.2339,1.9973,0.3308
1.3643,0.0008,1.0476,1.3279,0.3308
2.1721,0.0009,1.0010,2.1337,0.3488
2.1064,0.0007,1.1121,2.0796,0.3488
1.6968,0.0008,1.4061,1.7367,0.3428
1.8135,0.0015,1.1255,1.6264,0.3806
1.9503,0.0010,0.9818,2.1299,0.3548
1.8120,0.0011,1.0402,1.8000,0.3380
1.5651,0.0009,1.2200,1.3274,0.3531
2.0549,0.0009,1.4463,2.2709,0.3531
1.9445,0.0007,1.0459,1.8634,0.3384
2.0644,0.0008,1.1230,2.0882,0.3384
1.7409,0.0006,1.1416,1.8111,0.3640
2.2020,0.0009,1.0883,2.0314,0.3580
1.4564,0.0008,1.2715,1.5084,0.3580
2.3139,0.0009,1.1584,2.2632,0.3517
1.7188,0.0010,1.3325,1.5673,0.3360
2.0521,0.0010,1.2454,1.8791,0.3425
2.2315,0.0009,1.5416,2.6478,0.3602
1.5833,0.0011,1.3274,1.6150,0.3629
1.4605,0.0011,1.0592,1.2801,0.3629
1.8441,0.0008,1.1168,1.9689,0.3515
2.1674,0.0008,1.2219,2.1610,0.3485
1.4882,0.0008,1.2960,1.4947,0.3485
1.9686,0.0005,1.0376,1.9990,0.3357
1.8957,0.0007,1.1742,1.8536,0.3570
1.5874,0.0007,1.2840,1.6094,0.3570
2.0581,0.0006,1.0655,1.9060,0.3376
2.3640,0.0008,1.0298,2.4109,0.3392
1.8699,0.0010,1.6093,1.8973,0.3576
1.9942,0.0011,1.3856,1.8864,0.3576
2.1702,0.0010,1.4565,1.8212,0.3449
2.0649,0.0009,1.3195,2.1933,0.3449
2.4513,0.0010,1.0392,2.6208,0.3475
1.6689,0.0009,1.2101,1.8472,0.3475
2.0042,0.0007,1.0815,1.9676,0.3434
2.4656,0.0007,1.0486,2.3502,0.3519
1.3472,0.0008,1.4211,1.4735,0.3519
2.1203,0.0008,1.0469,2.1023,0.3584
1.5636,0.0008,1.0305,1.5576,0.3584
1.7521,0.0008,1.0494,1.7694,0.3441
1.4097,0.0008,1.1948,1.4150,0.3329
1.9535,0.0008,1.0383,1.8176,0.3501
1.8806,0.0007,1.0644,1.9846,0.3501
1.5459,0.0007,0.9570,1.5322,0.3376
2.0426,0.0007,0.9528,2.0006,0.3579
1.5597,0.0008,0.9210,1.5799,0.3342
1.7761,0.0006,0.9405,1.7200,0.3342
1.7568,0.0006,1.0397,1.6735,0.3660
1.9119,0.0007,0.9918,1.9483,0.3422
1.4218,0.0006,1.0032,1.4202,0.3422
1.5064,0.0007,1.1798,1.0933,0.3331
2.0180,0.0008,0.8881,2.1213,0.3442
2.1885,0.0006,0.9487,2.5439,0.3461
1.4018,0.0004,0.9105,1.3075,0.3461
1.9881,0.0006,0.8102,2.0699,0.3491
2.3856,0.0006,0.8061,2.3027,0.3617
1.7037,0.0005,1.0167,1.7349,0.3497
1.0761,0.0004,1.0092,1.1307,0.3497
1.6102,0.0006,0.8047,1.2847,0.3544
1.8075,0.0006,0.9098,1.9934,0.3366
1.3136,0.0007,1.1302,1.4353,0.3366
1.7892,0.0008,0.7951,1.7377,0.3516
1.5640,0.0009,0.8662,1.0485,0.3390
1.3946,0.0007,1.1050,1.6763,0.3363
1.6701,0.0008,1.3091,1.7531,0.3538
1.4032,0.0009,1.0875,1.4747,0.3538
1.7083,0.0006,0.9571,1.7216,0.3744
1.6241,0.0006,1.0401,1.2919,0.3950
2.0106,0.0010,1.0879,2.3392,0.3455
1.3817,0.0006,1.0870,1.3894,0.3455
2.0859,0.0009,0.8626,1.9163,0.3515
1.4270,0.0007,1.0891,1.5911,0.3577
1.7508,0.0010,0.9182,1.6938,0.3464
1.9155,0.0008,0.8591,1.6497,0.3563
1.7669,0.0010,1.2525,2.0696,0.3563
1.6480,0.0010,1.2159,1.5176,0.3501
2.0226,0.0009,1.6878,1.9035,0.3746
1.4485,0.0006,1.7769,1.5697,0.3578
1.4347,0.0006,1.0703,1.4312,0.3578
1.8306,0.0006,1.1248,1.8527,0.3476
1.5888,0.0006,1.0988,1.3735,0.3588
1.6960,0.0008,1.2599,1.7312,0.3588
2.3441,0.0004,0.9917,2.5814,0.3472
1.1528,0.0004,0.8593,1.1666,0.3472
1.6173,0.0004,0.8055,1.3280,0.3486
1.4580,0.0008,0.8717,1.7681,0.3486
1.8228,0.0006,0.8069,1.6698,0.3742
1.5432,0.0007,0.8803,1.5111,0.3574
1.9624,0.0004,0.8357,1.9538,0.3455
1.7081,0.0005,0.9005,1.8459,0.3359
1.8725,0.0003,0.8430,1.8329,0.3417
1.7532,0.0005,1.1564,1.5673,0.3423
1.5331,0.0004,1.1276,1.3703,0.3423
1.8092,0.0007,0.8890,2.0701,0.3446
1.8640,0.0007,0.9597,1.7764,0.3362
1.4051,0.0005,1.0312,1.5620,0.3362
1.5999,0.0008,1.0942,1.4439,0.3832
1.7713,0.0006,1.3671,1.9607,0.3366
1.5790,0.0004,0.7586,1.5698,0.3366
1.7126,0.0005,0.8284,1.7209,0.3569
1.7867,0.0006,0.9538,1.4172,0.3350
2.0437,0.0006,1.0059,2.3971,0.3563
1.1663,0.0005,0.8411,0.8698,0.3563
1.4810,0.0004,0.9034,1.5542,0.3273
1.5050,0.0005,0.7949,1.5663,0.3514
1.9590,0.0006,0.7825,1.8836,0.3403
1.1163,0.0005,1.2888,1.1255,0.3630
1.4438,0.0006,0.7959,1.5551,0.3979
1.6794,0.0009,0.7224,1.5076,0.3553
2.1487,0.0006,1.0625,2.2552,0.3651
1.5162,0.0005,1.1279,1.5160,0.3651
1.5262,0.0006,1.2046,1.6051,0.3635
1.8560,0.0004,0.8884,1.9146,0.3552
1.3901,0.0004,0.6895,1.3775,0.3552
1.1999,0.0004,0.8594,1.2074,0.3471
1.6979,0.0007,0.9909,1.4523,0.3396
2.0402,0.0007,0.8692,2.1572,0.3583
1.5973,0.0004,0.9176,1.6345,0.3538
1.4367,0.0006,0.9492,1.2903,0.3494
1.3007,0.0005,1.1614,1.2426,0.3494
1.3444,0.0006,0.8513,1.5747,0.3445
1.1667,0.0006,0.7623,1.1646,0.3442
1.6820,0.0005,0.7757,1.6435,0.3663
1.6615,0.0005,0.7809,1.6828,0.3436
1.8871,0.0006,0.7522,1.7615,0.3310
1.3883,0.0005,0.9012,1.4353,0.3310
1.5447,0.0008,0.9023,1.5524,0.3353
1.8956,0.0008,1.1969,1.9047,0.3644
2.1128,0.0008,0.9003,1.5920,0.3687
2.1116,0.0010,1.1710,2.5839,0.3412
1.3880,0.0007,1.0785,1.3027,0.3412
1.5291,0.0007,1.0563,1.4174,0.3456
1.8867,0.0006,1.0028,1.7553,0.3400
1.6020,0.0007,1.0922,1.6009,0.3453
1.4128,0.0007,1.2091,1.7792,0.3377
2.0201,0.0009,0.9455,1.9795,0.3339
1.7524,0.0011,0.9880,1.6631,0.3339
1.5377,0.0011,1.1945,1.6057,0.3790
1.8493,0.0019,1.0221,1.7814,0.3517
1.5545,0.0007,0.9437,1.6320,0.3405
1.4268,0.0006,0.8705,1.3745,0.3602
1.3229,0.0006,0.8104,1.2782,0.3602
1.6395,0.0005,0.9345,1.4643,0.3431
1.7478,0.0006,0.8389,1.9874,0.3391
1.5691,0.0006,0.9311,1.5411,0.3524
1.8350,0.0005,0.8029,1.7761,0.3507
1.8948,0.0009,0.8216,1.8862,0.3507
1.5868,0.0006,1.0199,1.1691,0.3817
2.1402,0.0006,1.4302,2.5711,0.3606
1.3643,0.0005,0.8359,1.4030,0.3606
1.9353,0.0005,0.7302,1.7987,0.3385
1.2493,0.0006,0.9053,1.3592,0.3385
1.3605,0.0004,0.8442,1.3300,0.3511
1.8812,0.0003,0.8808,1.8514,0.3243
1.4280,0.0004,0.7848,1.4653,0.3243
2.2632,0.0006,0.7690,1.8575,0.3277
1.9920,0.0009,1.1346,2.2681,0.3277
1.5462,0.0007,1.1596,1.5326,0.3778
1.2283,0.0007,1.0164,1.0095,0.3725
1.7436,0.0005,0.7654,1.9187,0.3365
2.0557,0.0006,0.7868,1.7426,0.3357
2.1470,0.0005,0.9890,2.4409,0.3439
0.9451,0.0004,0.9453,1.1113,0.3439
1.6419,0.0004,0.7346,1.3603,0.3545
1.8096,0.0006,0.8352,1.6934,0.3475
1.5230,0.0007,0.9563,1.7401,0.3304
2.1074,0.0006,0.9299,2.1513,0.3369
1.3150,0.0007,0.9488,1.0950,0.3670
2.0842,0.0008,0.9982,2.1926,0.3640
0.9139,0.0006,1.0379,1.0761,0.3640
1.7358,0.0008,0.8483,1.5532,0.3294
1.5824,0.0008,0.9463,1.6080,0.3517
1.8713,0.0006,1.0177,1.9914,0.3517
1.3401,0.0006,0.8283,1.3745,0.3484
1.6201,0.0006,0.7697,1.4444,0.3392
2.0383,0.0007,0.7443,2.1376,0.3462
1.5442,0.0008,0.8827,1.4087,0.3462
2.3405,0.0008,0.9793,2.3443,0.3626
1.2090,0.0004,1.1073,1.1903,0.3626
1.7820,0.0006,1.0200,1.7768,0.3625
1.6390,0.0009,0.9139,1.4353,0.3375
1.2740,0.0008,0.8931,1.4427,0.3467
1.5431,0.0005,0.9624,1.5102,0.3467
1.5253,0.0007,0.8807,1.3914,0.3459
2.0769,0.0007,1.1493,2.3679,0.3486
1.1876,0.0008,1.0403,1.2134,0.3486
1.9538,0.0006,0.8185,1.5422,0.5478
1.4419,0.0008,1.2373,1.4947,0.3479
1.4222,0.0007,1.4302,1.7759,0.3479
1.7871,0.0008,0.8410,1.2115,0.3491
1.7045,0.0005,0.9526,1.9817,0.3423
2.0926,0.0005,0.9768,2.3162,0.3426
1.3522,0.0009,0.8071,1.2892,0.3611
1.1656,0.0005,0.9582,1.0621,0.3611
1.4026,0.0008,1.1242,1.4405,0.3567
1.7524,0.0006,1.0267,1.8688,0.3627
1.4538,0.0006,0.7880,1.4703,0.3597
1.2719,0.0005,1.2123,1.0050,0.3597
1.9574,0.0006,1.2373,2.0187,0.3583
1.6017,0.0004,1.0350,1.6263,0.3632
1.3827,0.0005,1.0113,1.5318,0.3437
1.5815,0.0005,0.8631,1.5676,0.3472
1.3233,0.0006,0.7686,1.3268,0.3346
1.8764,0.0007,0.8062,1.7961,0.3706
1.2964,0.0008,1.1284,1.2489,0.3706
2.0947,0.0006,1.2072,2.0718,0.3537
1.5271,0.0009,1.1273,1.6216,0.3713
1.8797,0.0011,0.8775,1.8331,0.3623
1.5546,0.0008,1.0507,0.8787,0.3699
1.5559,0.0009,1.4582,1.9444,0.3699
2.0158,0.0007,1.1746,2.3086,0.3704
1.3036,0.0007,1.1610,1.3189,0.3704
1.8430,0.0008,0.9967,1.7366,0.3436
1.5486,0.0006,0.9243,1.5921,0.3481
1.6689,0.0005,1.0711,1.4312,0.3597
2.0095,0.0005,1.0843,2.1312,0.3553
1.4026,0.0005,0.9835,1.5423,0.3553
1.6870,0.0010,1.0869,1.2471,0.3390
1.9205,0.0011,1.3087,2.2685,0.3620
2.3285,0.0007,1.0328,2.3108,0.3456
1.2457,0.0008,1.1268,1.2664,0.3456
1.8366,0.0008,0.9657,1.8548,0.3526
1.7560,0.0009,0.8731,1.6408,0.3398
1.9276,0.0007,1.0492,2.0005,0.3400
1.4585,0.0006,1.1487,1.4752,0.3451
1.7060,0.0005,0.9168,1.5826,0.3451
1.6052,0.0007,1.0735,1.5056,0.3406
2.4408,0.0007,1.0661,2.5725,0.3581
1.7494,0.0006,1.1432,1.7088,0.3609
1.7975,0.0006,1.0764,1.7247,0.3383
1.7576,0.0006,1.2183,1.7860,0.3383
1.6278,0.0007,1.0800,1.7128,0.3475
2.2105,0.0006,0.9697,2.1806,0.3418
1.4441,0.0006,1.1218,1.5030,0.3418
1.4560,0.0007,1.1191,1.2527,0.3528
1.7050,0.0009,1.0748,1.8758,0.3369
1.5830,0.0008,1.0240,1.4423,0.3593
1.8321,0.0006,1.2956,1.6332,0.3940
2.2462,0.0008,1.4049,2.3917,0.3405
1.1284,0.0010,1.1447,1.2312,0.3405
2.1892,0.0006,1.0957,2.1863,0.3639
1.5000,0.0008,1.1240,1.5440,0.3490
1.9405,0.0007,0.8635,1.6992,0.3684
1.3260,0.0006,1.0560,1.5723,0.3480
1.4594,0.0004,0.7760,1.4572,0.3428
1.5303,0.0005,0.7992,1.0384,0.3428
1.5914,0.0006,0.9797,2.0295,0.3442
1.6781,0.0007,0.9140,1.6689,0.3700
1.6660,0.0005,0.8975,1.6838,0.3378
1.7642,0.0005,0.8163,1.6608,0.3378
1.8488,0.0004,1.1377,1.9503,0.3449
1.3972,0.0007,0.8491,1.1238,0.3449
1.7982,0.0009,0.7538,2.0606,0.3551
1.6259,0.0006,0.8146,1.5512,0.3437
1.0684,0.0007,0.9079,1.1078,0.3437
1.4989,0.0004,1.0500,1.3678,0.3682
2.6681,0.0008,0.7721,2.3659,0.3657
1.4456,0.0007,1.4720,1.2900,0.3621
0.8775,0.0003,1.2061,1.4161,0.3621
1.6058,0.0006,0.8589,1.3515,0.3402
1.8971,0.0006,1.0499,1.8779,0.3540
1.5854,0.0007,0.9195,1.7090,0.3463
1.6883,0.0005,1.1895,1.8893,0.3467
1.8283,0.0004,0.8391,1.7251,0.3366
1.3040,0.0004,0.8066,1.2849,0.3366
1.6897,0.0004,0.9900,1.5964,0.3442
2.0582,0.0008,0.8295,1.7105,0.3297
1.6489,0.0006,1.1174,2.0559,0.3297
2.0490,0.0007,1.0142,2.0763,0.3400
1.8203,0.0005,1.1225,1.8640,0.3400
1.6900,0.0004,0.9166,1.6355,0.3513
1.8233,0.0005,1.0342,1.6594,0.3325
1.5548,0.0006,0.8946,1.6650,0.3399
1.4295,0.0006,0.8433,1.3553,0.3364
2.0662,0.0005,0.7399,2.1627,0.3377
1.6363,0.0006,0.8689,1.6887,0.3377
1.9094,0.0006,0.8433,1.8393,0.3646
1.4477,0.0007,0.9277,1.2244,0.3867
1.7010,0.0004,1.1856,1.7084,0.3656
1.7830,0.0004,0.8253,1.7600,0.3293
1.8123,0.0004,0.8952,2.0742,0.3347
1.2386,0.0004,0.8177,1.0460,0.3347
1.5730,0.0004,0.8579,1.7920,0.3321
2.0507,0.0005,0.7213,1.9474,0.3540
1.6501,0.0007,0.8165,1.7296,0.3428
1.5456,0.0005,0.7156,1.5055,0.3428
1.6326,0.0004,0.7957,1.5886,0.3546
1.2666,0.0005,0.9069,1.2604,0.3594
1.5189,0.0005,0.8447,1.4321,0.3353
1.6246,0.0006,0.9329,1.3062,0.3353
1.6242,0.0005,0.8449,1.9024,0.3509
1.9628,0.0006,0.7614,1.9674,0.3378
2.0179,0.0005,0.7160,2.0310,0.3387
1.5028,0.0004,0.9330,1.6502,0.3480
1.2611,0.0005,0.7546,1.0173,0.3480
1.8871,0.0005,0.7375,2.1073,0.3564
1.3028,0.0008,0.8732,0.9621,0.3474
1.9620,0.0007,1.2234,2.2429,0.6047
1.5793,0.0006,1.0112,1.3118,0.3596
1.5214,0.0006,0.8728,1.8095,0.3504
1.9645,0.0004,0.7342,1.9946,0.3421
1.5268,0.0179,0.7268,1.4532,0.3421
1.7207,0.0005,0.8972,1.6439,0.3435
1.6025,0.0007,0.9144,1.6125,0.3435
1.9008,0.0009,1.0315,1.9897,0.3453
1.8348,0.0005,0.7767,1.7373,0.3503
1.4352,0.0008,0.9510,1.1155,0.3503
2.0460,0.0006,0.8912,2.4210,0.3341
1.4265,0.0005,0.8418,1.1424,0.3498
1.8885,0.0005,1.0073,2.1757,0.3472
1.3190,0.0003,0.8917,1.3392,0.3260
1.5759,0.0004,0.7021,1.1711,0.3260
1.9252,0.0004,0.8775,2.1699,0.3461
1.4421,0.0007,1.0800,1.1617,0.3585
1.5606,0.0006,0.9767,1.6149,0.3585
1.3978,0.0005,1.0258,1.5855,0.3523
2.0242,0.0008,1.0214,2.0712,0.3498
1.9647,0.0006,1.0384,2.0122,0.3753
1.8249,0.0008,1.0820,1.7359,0.3423
1.7816,0.0006,0.9220,1.7649,0.3463
1.5367,0.0005,0.7799,1.5043,0.3401
1.5770,0.0004,0.8761,1.7319,0.3436
1.5575,0.0003,0.7246,1.3281,0.3601
1.7925,0.0005,0.9161,1.9284,0.3601
1.3922,0.0004,0.8221,1.3479,0.3452
1.4575,0.0005,0.6788,1.3920,0.3580
1.9561,0.0005,0.6843,2.0909,0.3404
1.5472,0.0006,0.8501,1.4219,0.3663
1.3161,0.0005,1.0471,1.1661,0.3482
0.6992,0.0004,1.2473,0.9504,0.3482
1.6542,0.0004,0.6694,1.4568,0.3573
1.2208,0.0004,0.9023,1.2432,0.3573
1.2744,0.0004,1.0423,1.4767,0.3462
0.9399,0.0003,0.6956,0.9201,0.3462
1.4998,0.0005,0.6963,1.3287,0.3350
1.1277,0.0005,0.9432,1.0426,0.3622
1.1134,0.0006,1.0715,1.2661,0.3622
1.3174,0.0003,0.7019,1.3865,0.3530
1.2819,0.0003,0.7455,1.2837,0.3583
1.6213,0.0004,0.8755,1.6017,0.3735
1.0822,0.0007,0.8531,1.1141,0.3676
1.2394,0.0004,0.8105,1.1077,0.3534
1.2893,0.0004,0.7027,1.4463,0.3449
1.1217,0.0005,0.7676,1.1246,0.3563
1.2941,0.0005,0.9508,1.1330,0.3288
1.1997,0.0007,0.9870,1.3453,0.3402
1.0873,0.0005,0.7324,1.0983,0.3402
1.5308,0.0007,0.6595,1.1651,0.3564
1.2352,0.0010,0.8715,1.5727,0.3604
1.1574,0.0006,0.8854,1.0509,0.3552
1.1886,0.0005,0.8993,1.0597,0.3552
1.3399,0.0004,0.8471,1.5779,0.3409
1.6621,0.0005,0.6801,1.6019,0.3590
1.5262,0.0005,0.8096,1.5442,0.3632
1.0747,0.0004,0.7755,1.0621,0.3632
1.2794,0.0003,0.8024,1.2822,0.3563
1.2978,0.0004,0.8404,1.1772,0.3432
1.1768,0.0003,0.8164,1.3134,0.3492
1.1623,0.0005,0.6208,1.1439,0.3496
1.2501,0.0004,0.6306,1.2254,0.3617
1.7975,0.0012,0.6336,1.7110,0.3621
0.9422,0.0005,0.7804,0.8299,0.3621
1.3861,0.0004,0.7200,1.5479,0.3499
1.2317,0.0005,0.8076,1.0829,0.3499
1.6463,0.0005,0.6694,1.6291,0.3602
1.0909,0.0007,0.9474,0.9203,0.3602
1.7737,0.0006,0.8951,1.8707,0.3616
1.7204,0.0006,1.2285,1.9223,0.3564
1.0960,0.0004,0.7606,1.1310,0.3549
1.3280,0.0005,0.7035,1.1749,0.3549
1.5253,0.0006,0.7070,1.6357,0.3375
1.4361,0.0004,0.7210,1.3029,0.3375
1.4116,0.0003,0.6874,1.5403,0.3471
1.4220,0.0004,0.7030,1.4224,0.3349
1.6070,0.0004,0.6674,1.3425,0.3467
1.1802,0.0003,0.8867,1.4447,0.3467
1.5410,0.0004,0.6776,1.4967,0.3578
1.8356,0.0004,0.7833,1.8465,0.3795
1.0388,0.0004,0.7899,0.8421,0.3795
1.5184,0.0006,0.7237,1.7255,0.3540
1.3021,0.0004,0.6871,1.0210,0.3540
1.5196,0.0006,0.8205,1.7787,0.3347
1.1243,0.0005,0.7192,1.0550,0.3347
1.4193,0.0004,0.7258,1.4929,0.3469
0.9930,0.0004,0.6711,1.0052,0.3469
1.3999,0.0004,0.6861,1.1138,0.3519
1.2502,0.0004,0.8353,1.5336,0.3519
1.2611,0.0008,0.6156,1.0637,0.3540
1.7240,0.0006,0.6826,1.5577,0.3600
1.7306,0.0007,0.8110,1.7019,0.3816
1.2403,0.0007,1.0568,0.9792,0.3816
1.4262,0.0006,0.9196,1.5946,0.3416
1.5950,0.0007,0.8315,1.6607,0.3551
1.4091,0.0008,0.8280,1.1425,0.3551
1.6399,0.0005,0.7668,1.7297,0.3301
1.3640,0.0004,0.8203,1.6387,0.3301
1.9161,0.0004,0.6263,1.7623,0.3502
0.9057,0.0003,0.8636,0.8156,0.3502
1.1056,0.0004,0.9236,1.1560,0.3415
1.3069,0.0004,0.7943,1.4050,0.3400
1.8484,0.0006,0.7756,1.7821,0.3638
1.6946,0.0005,0.8443,1.7486,0.3797
1.5324,0.0005,1.3671,1.4794,0.3631
1.2847,0.0007,1.0010,1.1801,0.3441
1.3253,0.0005,1.1851,1.5023,0.3441
1.9876,0.0007,0.8120,1.9615,0.3445
1.0184,0.0006,0.8255,0.8792,0.3327
1.2910,0.0006,0.8226,1.4343,0.3327
1.5324,0.0005,0.6709,1.3128,0.3409
1.4632,0.0005,0.6595,1.6767,0.3433
1.6734,0.0004,0.6665,1.5644,0.3489
1.2701,0.0007,0.7880,1.1349,0.3489
1.8848,0.0006,0.9679,1.8936,0.3771
1.3097,0.0010,1.0455,1.1878,0.3771
1.7115,0.0005,1.0238,1.8805,0.3544
1.5042,0.0004,0.8520,1.4398,0.3436
1.4265,0.0005,0.9205,1.6296,0.3436
1.2517,0.0003,0.6759,1.2421,0.3642
1.2347,0.0003,0.7060,1.2426,0.3420
1.1219,0.0003,0.6596,1.1200,0.3420
1.7188,0.0003,0.7055,1.5917,0.3397
1.3591,0.0003,0.9270,1.2282,0.3472
1.4094,0.0003,0.8197,1.1876,0.3382
1.6015,0.0007,0.9660,1.9994,0.3382
1.1332,0.0007,0.8578,0.9006,0.3974
1.9183,0.0006,0.8103,2.1462,0.3816
1.3654,0.0003,0.9905,0.9913,0.3816
2.0431,0.0003,0.7426,2.4368,0.3368
1.0001,0.0004,0.7820,0.9227,0.3744
1.0651,0.0004,0.9430,1.0137,0.3744
1.6162,0.0003,0.6661,1.4409,0.3378
1.1567,0.0003,0.8780,1.3101,0.3378
1.4140,0.0004,0.7680,1.3618,0.3496
1.4036,0.0003,0.6838,1.4125,0.3508
1.3060,0.0007,0.8271,1.4042,0.3380
1.7770,0.0005,0.9463,1.7707,0.3709
1.4434,0.0007,0.9078,1.4709,0.3442
1.4782,0.0007,0.8320,1.3561,0.3561
0.7934,0.0006,0.8556,0.7383,0.3561
1.3704,0.0007,0.6788,1.4662,0.3541
1.4038,0.0004,0.6460,1.3928,0.3404
1.3198,0.0005,0.6975,1.4243,0.3472
1.1597,0.0004,0.7051,1.1674,0.3545
1.2241,0.0006,0.9203,1.0668,0.3567
1.1457,0.0007,1.0519,1.2879,0.3567
1.3545,0.0007,0.6456,1.2022,0.3611
1.0085,0.0006,0.8044,1.1632,0.3611
1.4878,0.0006,0.6650,1.4229,0.3595
1.3882,0.0007,0.7842,1.1577,0.3667
1.5325,0.0005,1.2062,1.7842,0.3718
1.3055,0.0009,0.7336,1.2815,0.3686
1.2221,0.0007,0.7367,1.2523,0.3526
1.5017,0.0003,0.6840,1.3494,0.3461
1.3510,0.0003,0.7073,1.4696,0.3588
1.1550,0.0006,0.6856,1.1874,0.3516
1.6821,0.0006,0.7949,1.6441,0.3467
0.9382,0.0005,0.9085,0.9573,0.3467
1.2739,0.0006,0.6975,1.1035,0.3599
1.1242,0.0005,0.9024,0.9767,0.3531
1.1824,0.0006,1.1081,1.3033,0.3531
2.0298,0.0009,0.8895,1.7120,0.3553
1.2328,0.0006,1.4482,1.6506,0.3594
1.1270,0.0005,0.9131,1.1691,0.3594
1.2288,0.0006,0.7788,1.0855,0.3446
1.5203,0.0006,1.1146,1.6690,0.3470
1.8427,0.0006,0.8669,1.8188,0.3386
1.6074,0.0003,0.7078,1.5977,0.3462
0.9633,0.0003,0.7831,0.9846,0.3462
1.4456,0.0003,0.6867,1.2385,0.3532
1.3354,0.0003,0.7663,1.5191,0.3434
1.1537,0.0003,0.8484,1.0956,0.3419
1.7306,0.0007,0.8917,1.6130,0.3561
1.9929,0.0009,1.2642,2.0001,0.3519
1.3938,0.0008,1.0540,1.2535,0.3515
1.8611,0.0008,1.0308,1.9382,0.3516
2.1267,0.0007,1.1068,2.0408,0.3523
1.4014,0.0007,1.1392,1.4323,0.3443
1.5409,0.0005,1.3185,1.3545,0.3614
1.8141,0.0006,1.1896,2.0580,0.3570
1.6419,0.0007,0.9855,1.3446,0.3433
1.8352,0.0009,1.6237,2.1424,0.3580
1.4427,0.0008,1.0286,1.4364,0.3580
1.5603,0.0007,0.9763,1.5548,0.3568
1.9125,0.0008,1.0684,1.9309,0.3607
1.6608,0.0007,1.0555,1.5281,0.3457
1.9166,0.0008,1.1092,1.8110,0.3507
2.1593,0.0009,0.9599,2.3378,0.3475
1.2904,0.0006,1.0047,1.1257,0.3475
1.7092,0.0007,0.9344,1.7064,0.3326
2.1958,0.0007,0.9086,2.3613,0.3576
1.4788,0.0007,1.0447,1.3462,0.3576
1.9228,0.0005,0.9440,2.0327,0.3463
1.4643,0.0005,1.1368,1.4959,0.3954
1.3609,0.0006,1.3235,1.1356,0.3898
1.9969,0.0006,0.8576,2.1671,0.3474
2.1252,0.0006,0.9410,2.0861,0.3367
1.8244,0.0007,1.2266,1.8612,0.3468
1.6247,0.0008,1.0773,1.3030,0.3468
1.8057,0.0007,1.2638,2.0422,0.3482
2.3565,0.0008,1.1447,2.3624,0.3512
2.0343,0.0008,1.2691,1.9793,0.4035
1.8954,0.0007,1.5824,1.8355,0.4035
2.2150,0.0007,1.7539,2.2191,0.3379
1.8928,0.0008,1.4087,1.9119,0.3531
1.7382,0.0010,1.1497,1.8682,0.3531
1.7361,0.0011,1.0793,1.5414,0.3429
1.8114,0.0008,1.1590,1.8706,0.3491
1.4785,0.0007,1.4022,1.3781,0.3524
2.1430,0.0010,0.8969,1.9280,0.3378
1.5798,0.0007,1.2631,1.9670,0.3378
1.8069,0.0007,1.2860,1.5782,0.3791
2.0874,0.0008,1.2501,2.2122,0.3440
1.5810,0.0005,1.7653,1.6856,0.3440
1.7831,0.0006,1.3383,1.5552,0.3354
1.9800,0.0006,1.1394,2.0123,0.3516
1.3559,0.0006,1.2415,1.3807,0.3516
1.5642,0.0006,0.9350,1.5851,0.3492
1.4240,0.0005,0.7625,1.4841,0.3452
2.0538,0.0008,0.7946,2.0947,0.3356
1.5858,0.0007,0.8866,1.5843,0.3690
1.4364,0.0005,1.0727,1.4120,0.3455
1.5146,0.0005,0.9358,1.6074,0.3455
1.6389,0.0007,0.7894,1.4949,0.3437
1.0823,0.0007,1.0552,1.1399,0.3399
1.8250,0.0007,0.8110,1.5238,0.3411
1.6509,0.0005,1.0910,1.9799,0.3540
1.8211,0.0005,0.9476,1.8432,0.3633
1.3956,0.0009,0.6990,1.3791,0.3633
1.2167,0.0007,0.7274,1.2114,0.3472
2.4330,0.0006,0.7714,2.0268,0.3595
1.4691,0.0006,1.2904,1.6048,0.3664
1.2369,0.0006,1.4023,1.1740,0.3664
1.3630,0.0008,0.9069,1.3999,0.3476
1.7908,0.0007,0.8920,2.0314,0.3324
1.5485,0.0006,0.9480,1.5702,0.3324
1.5624,0.0007,0.8138,1.3022,0.3432
1.8714,0.0006,0.8971,1.7441,0.3487
1.2787,0.0006,0.8989,1.6566,0.3487
1.7910,0.0005,0.7513,1.7571,0.3500
1.5981,0.0006,0.7378,1.6034,0.3389
1.9941,0.0008,0.7970,1.6182,0.3389
1.5578,0.0005,1.1649,1.8570,0.3568
2.1165,0.0005,0.8478,2.0871,0.3534
1.2896,0.0008,0.9649,1.3829,0.3534
1.7572,0.0005,0.9416,1.3856,0.3363
2.0018,0.0004,0.7384,2.3447,0.3483
1.6758,0.0005,0.7363,1.6843,0.3434
1.3533,0.0006,0.8097,1.0052,0.3434
1.8705,0.0005,0.8633,2.1125,0.3413
1.3295,0.0008,0.9878,1.3725,0.3413
2.0262,0.0007,1.2452,2.0336,0.3537
1.4039,0.0006,1.1452,1.0959,0.3846
1.9074,0.0007,0.9555,2.0879,0.3328
1.1798,0.0007,0.9801,1.1874,0.3328
1.7129,0.0004,0.8566,1.8781,0.3382
1.5803,0.0005,0.6871,1.2949,0.3439
1.4889,0.0006,0.8680,1.5037,0.3439
1.7566,0.0005,0.8983,1.9784,0.3469
1.7087,0.0005,0.8363,1.6983,0.3444
1.2496,0.0006,0.6823,1.1211,0.3444
1.5522,0.0006,1.0341,1.3209,0.3613
1.9208,0.0008,1.0782,2.1192,0.3747
1.3074,0.0008,1.4062,1.2814,0.3747
1.5734,0.0008,0.9657,1.7259,0.3416
1.3017,0.0007,0.9047,1.0628,0.3584
1.7791,0.0010,0.8616,2.0084,0.3404
1.6145,0.0006,0.8217,1.5793,0.3497
1.7912,0.0004,0.8901,1.5377,0.3356
2.0110,0.0004,1.1171,2.2560,0.3432
1.3401,0.0007,0.8510,1.0791,0.3432
2.0233,0.0013,0.8380,2.1973,0.3424
1.9079,0.0008,1.0615,1.9303,0.3524
1.6310,0.0006,1.0434,1.6439,0.3524
1.8411,0.0005,0.8677,1.7750,0.3436
18.9202,0.0008,18.3498,1.5023,0.3372
1.0267,0.0008,1.4747,1.4728,0.3372
1.3284,0.0006,1.1369,1.5168,0.3616
1.0828,0.0007,0.9667,0.8892,0.3519
1.4174,0.0006,1.0568,1.7150,0.3685
1.8979,0.0010,0.8980,1.9300,0.3573
1.5725,0.0005,0.8750,1.1734,0.3573
1.7927,0.0005,1.1592,2.2180,0.3425
1.4911,0.0004,0.8239,1.4144,0.3425
1.4739,0.0006,0.9085,1.3313,0.3453
1.5127,0.0003,0.8200,1.6858,0.3484
1.2846,0.0004,0.7620,1.3474,0.3480
1.7634,0.0006,0.7257,1.6667,0.3461
1.3129,0.0004,0.9780,1.2088,0.3461
1.6119,0.0004,0.9674,1.6863,0.3332
1.7177,0.0005,0.8918,1.5595,0.3395
1.8668,0.0006,1.0028,1.8715,0.3574
2.2618,0.0007,1.0903,2.3685,0.3941
1.7231,0.0007,1.2073,1.5657,0.3536
1.1526,0.0005,1.3092,1.3984,0.3580
1.4483,0.0003,0.8331,1.2082,0.3580
1.6328,0.0006,0.8598,1.5557,0.3445
1.8883,0.0004,1.0639,2.0789,0.3589
0.9632,0.0007,0.8762,0.7504,0.3589
1.4067,0.0003,0.9463,1.6040,0.3443
1.8556,0.0006,0.7074,1.9758,0.3457
1.5764,0.0004,0.7341,1.4334,0.3417
2.0584,0.0012,0.9372,2.1289,0.3768
1.5892,0.0007,1.1491,1.4863,0.3584
1.2924,0.0007,1.0108,1.3325,0.3437
1.4768,0.0169,0.9397,1.2644,0.3449
1.2267,0.0008,1.0072,1.4942,0.3449
1.5710,0.0007,1.0578,1.5993,0.3499
1.6477,0.0009,0.9297,1.4327,0.3428
1.5869,0.0007,0.9878,1.7154,0.3529
1.3188,0.0011,0.9681,1.4126,0.3529
2.1508,0.0008,1.0258,1.9870,0.3384
1.6034,0.0007,0.9763,1.6773,0.3384
2.1789,0.0009,0.9294,2.1053,0.3592
1.5405,0.0007,1.1191,1.6015,0.3903
1.6606,0.0009,1.0616,1.6708,0.3597
1.2209,0.0006,1.0861,0.9658,0.3597
1.7705,0.0007,0.9713,1.6017,0.3277
1.3405,0.0006,0.9929,1.5576,0.3564
1.8107,0.0008,0.9816,1.8726,0.3435
1.8019,0.0010,0.9903,1.5206,0.3621
1.4666,0.0007,1.1762,1.8978,0.3621
1.3507,0.0006,0.9456,1.1085,0.3501
1.7843,0.0007,0.7816,1.9481,0.3810
1.6688,0.0006,0.9410,1.3379,0.3810
1.5960,0.0009,1.0342,1.6474,0.3625
2.1237,0.0007,1.1952,2.3848,0.3623
1.4444,0.0005,1.2506,1.4708,0.3402
1.5779,0.0005,1.0896,1.4038,0.3509
1.1766,0.0006,1.0441,0.9595,0.3509
2.1166,0.0007,0.9396,2.4783,0.3424
1.9904,0.0006,0.9201,1.9603,0.3427
1.3822,0.0005,0.9588,1.4150,0.3358
1.8308,0.0008,0.9121,1.7246,0.3358
1.9657,0.0006,1.1298,1.9991,0.3428
1.2237,0.0008,1.2187,1.2458,0.3367
1.6268,0.0006,0.8924,1.5631,0.3555
1.2859,0.0006,0.9499,1.2649,0.3555
1.6257,0.0006,0.9720,1.5968,0.3638
2.1937,0.0006,0.9949,2.2950,0.3401
1.5004,0.0005,0.9525,1.4338,0.3524
1.1476,0.0005,0.9370,1.0406,0.3524
1.6080,0.0006,0.8715,1.6216,0.3578
1.8010,0.0005,0.7530,1.7612,0.3328
2.0030,0.0005,1.1791,2.0879,0.3619
1.8335,0.0005,0.9849,1.6757,0.3664
1.4551,0.0006,0.8702,1.7176,0.3626
1.7168,0.0008,0.8102,1.5367,0.3383
1.9745,0.0006,0.8089,2.0625,0.3437
1.6637,0.0005,1.0575,1.3388,0.3625
1.5002,0.0005,1.2163,1.7590,0.3566
1.7156,0.0006,0.9998,1.6736,0.3566
1.7486,0.0004,0.8538,1.7706,0.3343
1.6000,0.0006,0.9944,1.5367,0.3776
2.0599,0.0006,0.9835,2.2273,0.3567
1.4483,0.0004,0.8637,1.2012,0.3567
1.9842,0.0006,0.9492,2.2385,0.3472
1.3960,0.0007,0.9127,1.1567,0.3329
1.7235,0.0005,1.1994,1.9470,0.3427
1.6478,0.0005,0.9044,1.5191,0.3417
1.7429,0.0007,1.0110,1.5472,0.3424
1.9233,0.0007,0.9298,1.8340,0.3367
1.7848,0.0007,1.0011,2.1167,0.3539
1.3041,0.0007,0.8613,1.0250,0.3539
2.0441,0.0007,0.9301,2.2042,0.3378
1.8993,0.0004,1.0345,1.9143,0.3550
1.3739,0.0004,0.9197,1.4907,0.3550
1.9422,0.0006,0.7628,1.8984,0.3537
1.7914,0.0005,0.8266,1.8031,0.3309
1.5279,0.0005,0.9688,1.4440,0.3422
1.3894,0.0004,0.8248,1.4971,0.3422
1.3759,0.0005,0.7298,1.3231,0.3330
1.5460,0.0006,0.9369,1.3181,0.3553
2.1178,0.0008,0.8803,2.0746,0.3719
1.2739,0.0005,1.9809,1.4827,0.3850
1.1799,0.0007,1.0257,1.0244,0.3850
1.2848,0.0006,0.9054,1.4166,0.3479
1.6991,0.0005,0.8767,1.4855,0.3510
1.7178,0.0005,0.9532,1.8191,0.3379
1.1074,0.0007,0.9421,1.2813,0.3379
1.2572,0.0004,0.7701,1.2386,0.3619
1.3991,0.0005,0.7653,1.3925,0.3463
1.4274,0.0005,0.7705,1.4209,0.3490
1.6592,0.0006,0.8145,1.6672,0.3627
1.6217,0.0008,0.9488,1.3173,0.3627
1.4443,0.0009,1.1968,1.6324,0.3595
1.6365,0.0004,0.8659,1.6612,0.3706
1.5066,0.0006,1.0016,1.2517,0.3358
1.5883,0.0006,0.9369,1.8055,0.3539
1.3275,0.0005,0.9643,1.1430,0.3539
1.7424,0.0008,0.9974,1.7114,0.3452
1.6898,0.0007,0.8673,1.9243,0.3547
1.3669,0.0007,1.0451,1.1093,0.3420
1.5680,0.0010,0.9947,1.6894,0.3420
1.6742,0.0007,0.9646,1.8437,0.3453
1.6083,0.0008,0.8713,1.2959,0.3453
2.0203,0.0008,1.2875,2.1354,0.3573
1.5698,0.0004,1.3388,1.6984,0.3573
1.9318,0.0004,0.9287,1.9178,0.3354
1.8243,0.0005,0.8513,1.8566,0.3548
1.1250,0.0006,0.8477,0.9838,0.3548
1.7513,0.0006,0.7684,1.8602,0.3446
1.5837,0.0004,0.8505,1.5784,0.3558
1.4718,0.0004,0.9034,1.5084,0.3558
1.5145,0.0005,0.7492,1.5188,0.3557
1.7290,0.0006,0.7338,1.1631,0.5125
1.5998,0.0005,0.9394,2.0990,0.5125
1.6906,0.0006,1.3324,1.2888,0.3852
1.0150,0.0006,0.9937,1.4421,0.3466
1.6805,0.0007,0.8000,1.5764,0.3443
1.4738,0.0005,0.7668,1.5715,0.3569
1.4624,0.0004,0.7769,1.3754,0.3610
1.5973,0.0006,0.8059,1.4295,0.3359
1.7183,0.0008,0.8697,1.7433,0.3446
0.9422,0.0007,1.0366,1.1024,0.3446
1.4982,0.0007,0.8490,1.2336,0.3473
1.7437,0.0008,1.0693,1.4583,0.3450
2.4407,0.0007,1.3064,2.9413,0.3925
1.0548,0.0006,1.0984,0.9618,0.3556
1.4500,0.0007,0.9650,1.4592,0.3556
1.3223,0.0008,0.9852,1.4532,0.3526
1.2921,0.0007,1.1536,1.2817,0.3501
1.3065,0.0006,1.1216,1.3300,0.3501
1.3803,0.0005,0.8002,0.9913,0.3418
1.6137,0.0007,0.9529,1.9684,0.3551
1.2208,0.0007,0.9108,0.9449,0.3551
1.6786,0.0007,0.9457,1.8168,0.3431
1.6554,0.0007,0.9473,1.6751,0.3860
1.7545,0.0007,1.4406,1.7620,0.3860
1.6345,0.0005,1.3851,1.7278,0.3368
1.5273,0.0008,0.8623,1.1246,0.3451
1.2294,0.0007,1.0638,1.4720,0.3607
1.3656,0.0004,1.0792,1.2298,0.3607
2.0696,0.0006,0.7828,2.1185,0.3327
1.1507,0.0007,1.0375,1.3653,0.3327
1.7558,0.0003,0.8306,1.6869,0.3420
1.5497,0.0006,0.6994,1.5291,0.3257
1.5394,0.0010,0.7545,1.2521,0.3549
1.7868,0.0009,1.3528,2.0585,0.3608
1.6216,0.0008,0.9800,1.5292,0.3796
1.6519,0.0006,1.0571,1.5518,0.3612
1.3900,0.0009,1.0238,1.6596,0.3434
1.8026,0.0008,0.7370,1.6192,0.3379
1.6078,0.0005,1.0303,1.3507,0.3509
2.1091,0.0007,1.1747,2.3262,0.3589
0.9786,0.0005,1.0313,1.1911,0.3547
1.7191,0.0005,0.7776,1.6740,0.3400
0.8542,0.0005,0.8030,0.8668,0.3400
1.2506,0.0005,0.8082,1.2529,0.3440
2.0803,0.0006,0.8947,1.5398,0.3652
1.4674,0.0006,1.2715,1.7175,0.3376
1.0728,0.0006,1.3272,1.3046,0.3376
1.4936,0.0007,0.8506,1.5057,0.3498
1.2641,0.0005,0.7736,1.1293,0.3491
1.3291,0.0006,0.9500,1.4722,0.3491
1.9840,0.0006,0.8418,1.8760,0.3346
1.3695,0.0004,0.8455,1.4827,0.3400
1.5712,0.0006,0.8082,1.3001,0.3400
1.6754,0.0003,1.0025,1.8848,0.3315
1.1677,0.0005,0.8565,1.1835,0.3315
1.7188,0.0008,0.9713,1.5999,0.3602
1.7961,0.0006,0.9523,1.4291,0.3818
1.3906,0.0005,1.1940,1.6988,0.3441
1.9045,0.0006,1.1877,2.0015,0.3484
1.5269,0.0006,0.8205,1.5078,0.3463
1.2507,0.0004,0.8747,1.3156,0.3463
1.5791,0.0004,0.7376,1.5044,0.3616
1.2368,0.0009,0.7772,1.3047,0.3616
1.9458,0.0007,0.7684,1.8476,0.3451
1.3500,0.0005,0.8813,1.4326,0.3451
1.9001,0.0006,0.7730,1.8596,0.3367
1.7729,0.0009,0.8316,1.7604,0.3490
1.5822,0.0006,0.8747,1.2751,0.3490
1.6640,0.0006,0.8962,1.7565,0.3697
1.9102,0.0004,0.8895,2.1545,0.3334
1.4978,0.0005,0.7712,1.2071,0.3334
2.0100,0.0006,0.8665,2.0845,0.3385
1.5880,0.0008,1.0792,1.2633,0.3385
1.9358,0.0006,1.5374,2.3695,0.3341
0.9880,0.0004,1.1550,1.0344,0.3341
2.0784,0.0008,0.7754,1.9783,0.3583
1.7395,0.0008,0.9305,1.7911,0.3583
1.8397,0.0006,0.9803,1.5899,0.3304
1.6035,0.0007,0.9182,1.6476,0.3304
1.7184,0.0008,0.7667,1.7255,0.3496
1.6872,0.0006,0.7230,1.6094,0.3411
1.5090,0.0004,0.8336,1.5222,0.3380
1.5443,0.0006,0.9195,1.7128,0.3442
1.8375,0.0004,0.7258,1.9304,0.3545
1.5788,0.0004,0.7699,1.5400,0.3455
1.7950,0.0008,0.9178,1.7749,0.3425
1.5273,0.0006,0.8428,1.1061,0.3610
1.6812,0.0004,1.0284,2.0520,0.3610
1.5896,0.0005,0.9561,1.2276,0.3427
2.1905,0.0004,1.1354,2.5621,0.3370
1.6834,0.0007,1.0832,1.5726,0.3370
1.5398,0.0004,0.9785,1.7026,0.3538
2.0473,0.0003,0.7841,1.9004,0.3449
1.1051,0.0004,0.9677,1.0411,0.3540
1.0347,0.0003,1.0368,1.2427,0.3540
1.7098,0.0005,0.9096,1.2424,0.3409
1.2841,0.0009,1.2191,1.6874,0.3409
1.8935,0.0007,0.9243,1.5965,0.3702
1.3713,0.0006,1.0413,1.5277,0.3604
1.4777,0.0005,1.0158,1.5495,0.3381
1.1580,0.0005,0.9775,1.1984,0.3563
1.6519,0.0005,0.9814,1.5237,0.3471
1.4310,0.0005,0.8026,1.5880,0.3459
1.5339,0.0005,0.8104,1.5139,0.3459
1.4879,0.0005,0.9299,1.4883,0.3331
1.4551,0.0004,0.7315,1.4728,0.3331
1.4459,0.0006,0.6796,1.2791,0.3457
1.8704,0.0006,1.1177,1.9767,0.3350
1.8185,0.0006,0.9200,1.8100,0.3582
1.3354,0.0008,0.7604,1.2173,0.3447
1.4139,0.0004,0.9573,1.2510,0.3447
1.7303,0.0007,1.1653,2.0229,0.3394
1.6977,0.0006,0.9445,1.6892,0.3557
1.6233,0.0006,0.8950,1.6227,0.3478
1.6458,0.0005,0.7354,1.6043,0.3517
1.3004,0.0005,0.7239,1.1821,0.3517
1.9261,0.0005,0.7371,1.4729,0.3427
1.9314,0.0007,1.0521,2.3989,0.3762
1.6213,0.0006,0.9788,1.6548,0.3511
1.2172,0.0007,0.9766,1.1950,0.3511
1.5085,0.0007,0.9044,1.4275,0.3502
1.8476,0.0008,1.0204,1.6150,0.3467
1.8210,0.0006,1.1416,2.1618,0.3467
1.8449,0.0006,0.9033,1.7767,0.3558
1.5789,0.0005,1.1140,1.6279,0.3357
1.9512,0.0006,1.2172,1.9625,0.3415
1.3681,0.0005,0.7346,0.9514,0.3514
1.2645,0.0005,0.9228,1.5540,0.3514
1.7595,0.0005,0.7329,1.5795,0.3798
1.4979,0.0005,1.0963,1.3044,0.3798
1.8701,0.0005,1.0438,2.3119,0.3440
1.3519,0.0005,0.9663,1.0817,0.3362
1.7058,0.0005,0.9908,2.0102,0.3362
1.8783,0.0004,0.6721,1.7940,0.3472
1.3204,0.0004,0.8258,1.0544,0.3333
1.9232,0.0004,0.9172,1.9381,0.3353
1.7189,0.0005,0.7985,2.0494,0.3353
2.0041,0.0008,0.6383,1.8733,0.3834
1.4682,0.0006,0.9325,1.4819,0.3834
1.6627,0.0005,0.9298,1.6538,0.3649
2.0711,0.0003,0.7563,2.0330,0.3397
1.4609,0.0003,0.8193,1.5832,0.3397
1.4112,0.0005,0.7251,1.4243,0.3541
1.8146,0.0003,0.6634,1.6093,0.3599
1.7825,0.0004,0.6876,1.9342,0.3260
1.2554,0.0004,0.7084,1.2720,0.3376
1.3969,0.0005,0.6847,1.3153,0.3525
1.3052,0.0004,0.9353,1.2960,0.3514
1.4084,0.0006,1.0882,1.3837,0.3350
2.0869,0.0007,1.1616,2.0209,0.3555
1.3768,0.0005,1.0901,1.4886,0.3644
1.2181,0.0005,0.6880,1.1060,0.3644
1.9946,0.0006,0.6740,1.9884,0.3370
1.2473,0.0004,0.7962,1.2116,0.3370
1.6571,0.0004,0.7133,1.7334,0.3375
1.9511,0.0003,0.8459,1.9403,0.3551
1.4627,0.0004,0.7697,1.4605,0.3373
1.2041,0.0004,0.7470,1.2934,0.3373
1.7847,0.0006,0.6191,1.3685,0.3749
1.8543,0.0006,0.8388,1.7383,0.3823
1.2890,0.0005,1.1286,1.5701,0.3823
1.6468,0.0004,0.7740,1.5443,0.3620
1.3589,0.0006,0.8086,1.3121,0.3591
1.2203,0.0007,0.8955,1.4671,0.3591
1.4530,0.0004,0.8992,1.4107,0.3539
1.1898,0.0005,0.8280,1.2729,0.3470
1.5787,0.0005,0.7671,1.2654,0.3506
1.1510,0.0006,0.8304,1.3451,0.3506
1.3057,0.0009,0.6995,1.4185,0.3484
1.2599,0.0006,0.7033,1.1076,0.3528
1.9729,0.0007,0.7483,2.0501,0.3628
1.4368,0.0005,1.0082,1.4064,0.3927
1.3537,0.0005,0.9887,1.4890,0.3927
1.5150,0.0005,0.7323,1.1355,0.3415
1.3472,0.0004,0.8515,1.3883,0.3415
1.7831,0.0005,0.8549,2.0013,0.3528
0.9934,0.0002,0.8821,1.0076,0.3388
1.0713,0.0004,1.0459,1.0294,0.3388
1.4641,0.0005,0.8664,1.4360,0.3376
1.5717,0.0314,0.7180,1.4040,0.3526
1.7595,0.0005,1.0153,2.0317,0.3573
1.1837,0.0005,0.7779,1.1634,0.3573
1.5183,0.0003,0.7998,1.5202,0.3342
1.5992,0.0006,0.7617,1.3661,0.3757
1.3551,0.0005,0.7610,1.4977,0.3358
1.8105,0.0005,1.0662,1.7960,0.3411
1.3182,0.0004,0.8953,1.4395,0.3517
1.4379,0.0004,0.6997,1.3577,0.3517
1.5552,0.0004,0.7552,1.2268,0.3371
1.2672,0.0005,0.8759,1.3645,0.3409
1.3079,0.0006,0.8501,1.3198,0.3678
1.5961,0.0006,0.8388,1.8302,0.3545
1.6731,0.0005,0.7334,1.6438,0.3700
1.4073,0.0007,0.7966,1.1462,0.3700
1.8985,0.0007,1.0849,2.1101,0.3776
1.6172,0.0006,1.0557,1.4850,0.3560
1.6097,0.0007,1.0811,1.7638,0.3578
1.2850,0.0006,1.2824,1.2514,0.3578
1.5001,0.0006,0.8239,1.3808,0.3539
1.6861,0.0007,0.8934,1.8300,0.3550
1.3951,0.0005,0.8559,1.0610,0.3444
1.0844,0.0004,1.0014,1.4503,0.3409
1.5737,0.0005,0.7489,1.5530,0.3777
1.1847,0.0005,0.9301,1.0560,0.3777
1.8799,0.0006,0.8212,1.8882,0.3565
1.6756,0.0013,1.3015,1.1822,0.3954
0.9522,0.0004,1.4092,0.9254,0.3445
1.3667,0.0006,0.7785,1.6974,0.3452
1.1408,0.0005,0.6663,1.1002,0.3452
1.5321,0.0006,0.7138,1.4693,0.3470
1.4851,0.0005,0.7442,1.4219,0.3479
1.4706,0.0005,0.7581,1.3852,0.3500
1.9721,0.0006,0.9179,2.1498,0.3471
1.4438,0.0005,0.8783,1.4558,0.3341
1.2324,0.0006,0.7970,1.0085,0.3341
1.6871,0.0005,0.9305,1.7474,0.3399
1.8280,0.0006,1.0086,1.9589,0.3511
1.2245,0.0010,0.9737,0.9979,0.3511
1.7702,0.0006,0.9980,1.9735,0.3449
1.9012,0.0006,0.9579,1.9235,0.3421
1.2564,0.0006,0.8868,1.2727,0.3421
1.7767,0.0006,0.8213,1.7230,0.3377
1.1965,0.0004,0.9456,1.1154,0.3377
1.7579,0.0007,0.8493,1.8314,0.3594
1.3267,0.0006,0.8722,1.3332,0.3321
1.5602,0.0006,0.8106,1.5048,0.3404
1.5067,0.0006,1.0476,1.4949,0.3641
1.4990,0.0006,1.2702,1.4337,0.3641
1.9961,0.0007,0.9115,1.7818,0.3480
1.3469,0.0008,1.1599,1.6076,0.3480
1.6718,0.0006,1.1426,1.7017,0.3441
1.5492,0.0006,0.8520,1.4142,0.3379
1.6672,0.0008,0.8360,1.6075,0.3553
1.9161,0.0006,0.9901,2.0866,0.3546
1.4644,0.0007,1.0939,1.4526,0.3349
1.8610,0.0007,0.8721,1.8445,0.3469
1.4321,0.0009,1.0161,1.3912,0.3469
1.4034,0.0009,0.9872,1.2632,0.3578
1.5210,0.0006,0.9402,1.6467,0.3996
1.4098,0.0007,0.8355,1.4712,0.3463
1.3903,0.0008,0.7682,1.1698,0.3680
1.8573,0.0007,0.8109,2.0451,0.3386
1.6251,0.0010,0.9099,1.5881,0.3386
1.6310,0.0006,1.2039,1.6037,0.3316
1.2780,0.0009,0.8805,1.1460,0.3316
1.6971,0.0008,0.8092,1.8630,0.3589
1.7877,0.0009,0.8425,1.7685,0.3573
0.9950,0.0005,0.9208,1.0020,0.3573
2.1630,0.0007,0.8952,2.0879,0.3650
1.1059,0.0006,0.9527,1.1936,0.3650
1.9271,0.0005,0.8547,1.7970,0.3476
1.6166,0.0005,0.8847,1.7359,0.3456
1.3323,0.0006,0.8289,1.2318,0.3377
1.6052,0.0004,0.8867,1.6289,0.3486
1.4455,0.0005,0.8780,1.2134,0.3486
1.9771,0.0004,0.7770,2.2853,0.3450
1.4099,0.0005,0.6955,1.0885,0.3450
2.1011,0.0008,0.8901,2.2854,0.3540
1.5930,0.0008,1.0142,1.6126,0.3540
1.9399,0.0010,1.1706,1.9601,0.3500
1.6968,0.0006,0.9579,1.3492,0.3500
2.0464,0.0004,0.9705,2.3871,0.3467
1.2911,0.0006,0.8930,1.2455,0.3467
1.6482,0.0003,0.9476,1.7049,0.3545
1.9465,0.0003,0.8346,1.9606,0.3393
1.6028,0.0005,0.8769,1.6159,0.3393
1.4272,0.0004,0.8541,1.4241,0.3422
1.8814,0.0005,0.7741,1.8017,0.5279
1.6137,0.0006,0.8853,1.6294,0.3766
1.4546,0.0008,0.9212,1.1711,0.3766
1.6939,0.0010,0.9786,1.9449,0.3404
1.8848,0.0008,0.9363,1.8030,0.3331
1.6256,0.0008,1.0756,1.7347,0.3412
1.2977,0.0005,0.9691,1.3212,0.3412
1.6712,0.0005,0.7774,1.3749,0.3333
1.4328,0.0005,1.0630,1.6212,0.3333
1.7473,0.0008,0.8338,1.7222,0.3453
1.7205,0.0007,0.8638,1.7382,0.3453
1.3090,0.0005,1.1311,1.1269,0.5224
1.5635,0.0008,1.0516,1.6883,0.3804
1.4970,0.0008,0.9051,1.5807,0.3399
1.5973,0.0004,0.8127,1.5359,0.3528
1.6112,0.0006,0.8675,1.6651,0.3427
1.4316,0.0006,0.7078,1.3080,0.3498
1.4103,0.0007,0.9624,1.3227,0.3498
1.6226,0.0004,0.7805,1.6180,0.3503
1.8456,0.0005,0.7525,2.0576,0.3505
1.1688,0.0008,1.0399,1.0899,0.3505
1.5769,0.0006,0.9990,1.3390,0.3650
1.4810,0.0009,0.8596,1.5418,0.3677
1.3195,0.0006,0.8633,1.5445,0.3422
1.4201,0.0006,0.9009,1.2998,0.3659
1.4832,0.0007,0.9618,1.3901,0.3427
1.4552,0.0005,0.9249,1.3932,0.3460
1.2508,0.0006,0.9830,1.3120,0.3460
1.3427,0.0005,0.8475,1.4149,0.3470
1.7382,0.0006,0.7950,1.4766,0.3445
1.2904,0.0008,0.9346,1.6154,0.3445
1.4405,0.0007,1.0545,1.4497,0.3489
1.8249,0.0011,0.8845,1.4779,0.3615
1.5409,0.0010,1.3082,1.7391,0.3615
1.7263,0.0010,1.0567,1.8210,0.3449
1.0962,0.0007,0.9647,0.9689,0.3449
1.6520,0.0005,0.8988,1.7748,0.3392
1.5610,0.0006,0.8024,1.6004,0.3562
1.2365,0.0005,0.9384,1.0624,0.3544
1.1666,0.0004,0.9377,1.3515,0.3544
1.4678,0.0005,0.7333,1.4203,0.3421
1.7670,0.0006,0.7630,1.5471,0.3292
1.9212,0.0005,0.9796,2.0664,0.3446
1.2935,0.0012,0.8294,0.9312,0.3446
2.0551,0.0009,1.3658,2.3604,0.3604
1.9186,0.0007,1.3358,1.7716,0.3493
1.8670,0.0005,1.2286,2.0875,0.3519
1.2330,0.0005,0.9305,1.0545,0.3519
1.5648,0.0007,0.8205,1.7554,0.3522
1.0427,0.0006,0.9973,1.0569,0.3522
1.5605,0.0005,0.7093,1.4972,0.3485
1.4952,0.0006,0.7666,1.3005,0.3403
1.8276,0.0008,0.9141,2.0940,0.3406
1.6463,0.0006,0.7578,1.1814,0.3402
1.6429,0.0007,1.1733,1.8109,0.3825
1.4964,0.0006,1.0547,1.3478,0.3825
1.4598,0.0006,1.4099,1.8587,0.3701
1.8214,0.0007,0.7038,1.8114,0.3487
1.8568,0.0007,0.7119,1.7696,0.3292
1.3196,0.0005,0.9319,1.0920,0.3292
1.6235,0.0005,0.9762,1.6251,0.3434
1.6524,0.0007,0.8408,1.7364,0.3489
1.5283,0.0006,0.9202,1.7026,0.3577
1.4064,0.0008,0.9405,1.2877,0.3368
1.8078,0.0007,1.0405,1.8506,0.3514
1.5344,0.0007,1.1431,1.5589,0.3607
1.0128,0.0006,0.9622,1.0519,0.3607
2.2193,0.0007,0.8582,1.5871,0.3490
1.4276,0.0006,1.0991,1.8479,0.3523
1.9500,0.0005,0.7886,1.9940,0.3484
1.7210,0.0005,0.8530,1.8503,0.3446
1.7937,0.0006,0.8921,1.4042,0.3406
1.5794,0.0009,1.1205,1.9467,0.3565
1.3988,0.0007,1.1458,1.4016,0.3731
2.1010,0.0008,0.7742,2.0382,0.3508
1.0499,0.0007,0.8626,0.9525,0.3536
1.8940,0.0007,0.8469,1.6456,0.3435
1.7889,0.0007,1.0020,1.9933,0.3480
1.8056,0.0006,0.9696,1.9635,0.3519
1.2174,0.0009,0.9378,1.0802,0.3519
2.0155,0.0007,1.1100,2.0963,0.3426
1.4137,0.0009,0.9874,1.3196,0.3368
1.3435,0.0006,1.0356,1.4604,0.3368
1.2578,0.0005,1.0109,1.0970,0.3446
1.6735,0.0004,0.7470,1.8833,0.3362
1.6820,0.0007,0.7019,1.6175,0.3817
1.4905,0.0007,0.8347,1.4955,0.3518
1.4987,0.0006,0.8416,1.3180,0.3432
1.1956,0.0007,0.9903,0.9634,0.3448
1.5376,0.0004,1.0350,1.6360,0.3538
1.6459,0.0005,1.0232,1.9331,0.3538
1.6163,0.0008,0.7813,1.6231,0.3461
1.9639,0.0006,0.7374,1.5534,0.3395
1.3136,0.0005,1.2568,1.5128,0.3521
1.8773,0.0005,1.0977,2.0478,0.3596
1.4730,0.0007,1.0389,1.1896,0.3596
2.4518,0.0007,1.0676,2.6016,0.3459
1.0028,0.0006,1.1467,1.0434,0.3459
1.7186,0.0005,0.9524,1.7725,0.3479
1.6183,0.0006,0.8759,1.2945,0.3337
1.7983,0.0005,0.8032,2.1071,0.3530
1.3892,0.0003,0.8809,1.1627,0.3530
1.5391,0.0005,0.9130,1.7397,0.3444
1.5867,0.0005,0.7352,1.4267,0.3387
1.5730,0.0006,0.7458,1.6520,0.3531
1.9412,0.0006,0.8240,1.9842,0.3457
1.3684,0.0007,0.9360,1.1690,0.3541
1.6825,0.0006,0.9327,1.8568,0.4073
1.7220,0.0004,0.9942,1.7628,0.3505
1.5251,0.0004,0.9237,1.5179,0.3493
1.3805,0.0006,0.8720,1.4022,0.3493
1.4674,0.0006,0.9399,1.3917,0.3443
2.0785,0.0005,1.2436,1.9849,0.3430
1.5667,0.0006,1.0923,1.6993,0.3596
1.4144,0.0003,0.8070,1.2889,0.3563
1.4347,0.0002,0.9319,1.1567,0.3416
1.4468,0.0008,0.9005,1.7909,0.3416
1.7495,0.0006,0.9944,1.5519,0.3768
1.2350,0.0005,1.1791,1.4936,0.3363
1.7490,0.0007,0.8709,1.7241,0.3464
1.1884,0.0006,0.9431,0.8125,0.3571
1.2087,0.0007,1.1083,1.2313,0.3492
1.3333,0.0005,1.1436,1.6681,0.3492
1.2080,0.0005,0.7300,1.0641,0.3578
1.5263,0.0007,0.6895,1.5195,0.3630
1.3865,0.0005,1.0068,1.4293,0.3681
1.5096,0.0006,0.9559,1.0456,0.3491
1.3543,0.0006,1.1105,1.8971,0.3491
1.2463,0.0006,1.1341,1.2669,0.3465
1.8571,0.0010,0.8759,1.7632,0.3752
1.6205,0.0008,0.8791,1.6537,0.3653
1.5633,0.0006,1.0761,1.4696,0.3612
1.1072,0.0007,1.0121,1.0193,0.3612
1.9076,0.0007,0.9502,2.0298,0.3434
1.4161,0.0008,1.4818,1.1628,0.3434
1.9473,0.0007,1.0856,2.1839,0.3559
1.1426,0.0008,1.2195,1.0347,0.3469
1.5237,0.0006,1.1257,1.4015,0.3502
1.8343,0.0009,1.1792,1.8005,0.3502
1.6308,0.0014,1.2210,1.8360,0.3473
1.7145,0.0009,1.1730,1.3922,0.4074
2.0000,0.0010,1.3134,2.1518,0.3652
0.9815,0.0008,1.1778,0.8949,0.3652
1.4693,0.0007,0.8910,1.6142,0.3443
1.6621,0.0008,1.0707,1.4575,0.3443
2.0336,0.0008,1.1557,2.3019,0.3476
1.4869,0.0009,1.0987,1.5194,0.3424
1.7547,0.0009,1.1453,1.6438,0.3429
1.8626,0.0009,1.2270,1.4688,0.3534
1.5866,0.0008,1.3020,2.0023,0.3534
1.8584,0.0007,1.1438,1.7556,0.6414
1.4188,0.0007,1.1297,1.4282,0.3692
2.0982,0.0009,1.1376,2.2416,0.3560
1.3067,0.0008,0.9883,1.2888,0.3560
1.8683,0.0008,0.9054,1.9008,0.3598
1.8474,0.0006,1.0587,1.6707,0.3598
1.4742,0.0007,1.2622,1.6488,0.3877
1.5418,0.0008,0.8898,1.5393,0.3521
1.4704,0.0008,0.9037,1.3632,0.3374
1.6007,0.0009,1.1691,1.3930,0.3374
1.6837,0.0010,1.2152,1.8387,0.3799
2.0217,0.0008,1.1576,1.9559,0.3524
1.3806,0.0007,1.1361,1.5227,0.3524
1.5460,0.0008,0.8841,1.6081,0.3601
1.8866,0.0008,0.8520,1.5500,0.3467
1.9098,0.0007,1.0930,2.2070,0.3446
2.0175,0.0006,0.9043,1.9642,0.3372
1.4785,0.0004,0.9341,1.5327,0.3342
1.6886,0.0006,0.8666,1.6792,0.3417
1.6977,0.0007,1.0097,1.6156,0.3487
1.7077,0.0006,1.0615,1.7002,0.3695
1.6518,0.0005,1.0793,1.2292,0.3695
1.7818,0.0008,1.0558,2.2669,0.3508
1.7847,0.0006,0.9009,1.6454,0.3381
2.1940,0.0004,0.9539,2.3183,0.3446
1.1353,0.0004,0.8797,0.9461,0.3444
1.1257,0.0005,1.0507,1.2337,0.3444
1.3687,0.0006,0.7235,1.3096,0.3497
1.6452,0.0005,0.7565,1.6031,0.3392
1.7474,0.0008,0.8393,1.6487,0.3529
1.9933,0.0008,1.0459,1.9154,0.3946
2.1160,0.0007,1.0798,2.4412,0.3517
1.8175,0.0008,0.8700,1.7156,0.3553
1.1417,0.0008,1.0357,1.1258,0.3553
1.6221,0.0008,1.0515,1.5012,0.3516
1.6143,0.0005,0.9929,1.6645,0.3414
1.9443,0.0006,0.7972,2.1158,0.3442
1.7067,0.0004,0.8453,1.7125,0.3442
1.7655,0.0006,0.8786,1.7282,0.3586
1.9123,0.0006,0.7826,1.8956,0.3473
1.2652,0.0006,0.9297,0.9478,0.3473
1.6256,0.0005,1.1692,1.6186,0.3522
1.9378,0.0007,0.8832,2.2499,0.3362
1.5627,0.0007,0.7728,1.3666,0.3444
1.7160,0.0007,0.8898,1.8780,0.3509
1.6358,0.0007,1.0105,1.6452,0.3477
1.4237,0.0005,1.0294,1.4488,0.3477
1.8745,0.0005,0.7659,1.7543,0.3658
1.3604,0.0006,0.9167,1.3789,0.3658
2.2704,0.0008,0.8998,1.9175,0.3448
1.3182,0.0008,1.4575,1.3834,0.3448
1.2455,0.0006,1.1836,1.5590,0.3557
1.5099,0.0007,1.0383,1.2421,0.3482
1.5571,0.0006,0.9011,1.5989,0.3579
1.6027,0.0004,0.8072,1.4863,0.3530
1.8372,0.0008,0.7978,1.9435,0.3762
2.1354,0.0007,0.8895,2.2317,0.3542
1.3762,0.0007,1.0921,1.4661,0.3557
1.4456,0.0007,1.0878,1.4741,0.3557
1.6784,0.0006,0.8839,1.6487,0.3613
2.0446,0.0008,0.9832,1.7031,0.3478
2.2018,0.0009,1.0713,2.3075,0.3469
1.4000,0.0007,1.3551,1.4576,0.3347
1.5721,0.0005,1.2096,1.7141,0.3347
1.9124,0.0007,0.9325,1.9229,0.3633
1.6525,0.0004,1.0228,1.5960,0.3345
1.6345,0.0007,0.8482,1.5677,0.3275
2.1700,0.0006,0.9293,2.0842,0.3504
2.0738,0.0008,1.1313,2.1378,0.3487
1.2259,0.0007,1.1687,1.2825,0.3487
2.1676,0.0006,1.0720,1.6742,0.3478
2.3631,0.0005,1.1734,2.8481,0.3457
1.8757,0.0006,1.1390,1.7750,0.3579
1.1444,0.0004,1.0247,0.8547,0.3579
2.0584,0.0006,1.0008,1.9985,0.3522
2.0824,0.0005,1.1551,2.4235,0.3505
1.8355,0.0006,1.1409,1.8191,0.3330
1.6287,0.0009,1.0452,1.6897,0.3330
1.6140,0.0005,1.1112,1.6160,0.3640
1.6561,0.0007,0.9416,1.4838,0.3476
1.6307,0.0006,1.0941,1.4876,0.3476
1.7189,0.0004,1.1881,1.7783,0.3423
1.7210,0.0005,0.8360,1.7344,0.3455
2.1182,0.0004,0.8341,2.0773,0.3357
1.9761,0.0006,1.0145,2.2468,0.3382
1.9077,0.0008,0.9536,1.9015,0.3305
1.8404,0.0005,0.8287,1.8086,0.3567
1.9016,0.0006,0.8722,1.8553,0.3748
1.6110,0.0005,1.0209,1.6899,0.3748
1.8966,0.0007,0.8861,1.8530,0.3349
1.6417,0.0006,0.9642,1.5478,0.3571
1.5186,0.0006,1.0042,1.6277,0.3571
1.7499,0.0007,1.0709,1.2293,0.3413
2.0564,0.0007,0.9839,2.4458,0.3441
1.4354,0.0005,1.2054,1.3316,0.3372
1.9923,0.0005,1.0309,1.7796,0.3457
1.9094,0.0009,0.8730,2.2496,0.3280
1.9382,0.0004,1.2155,1.6263,0.3970
1.8971,0.0008,0.8790,2.2163,0.3630
1.9882,0.0006,0.8529,1.9072,0.3368
1.4110,0.0008,0.9459,1.5178,0.3580
1.7127,0.0007,1.0431,1.5905,0.3580
1.6521,0.0006,0.9537,1.7350,0.3563
2.0560,0.0005,0.7968,1.9363,0.3314
1.6674,0.0005,0.9345,1.6486,0.3294
1.8078,0.0007,0.9996,1.8230,0.3396
1.9832,0.0008,1.0726,2.0043,0.3634
1.8382,0.0008,1.1266,1.8714,0.3425
1.5007,0.0007,0.9553,1.3713,0.3425
2.0515,0.0006,0.9583,2.1235,0.3494
1.6983,0.0006,1.1247,1.7347,0.3634
2.0379,0.0005,1.0026,1.9826,0.3547
1.5287,0.0005,1.2388,1.4283,0.3547
1.9820,0.0007,0.9797,1.9069,0.3412
1.7996,0.0007,1.0767,1.7998,0.3412
2.6771,0.0006,1.0418,2.7065,0.3480
1.3273,0.0004,1.1655,1.4533,0.3480
1.6048,0.0005,0.9664,1.4500,0.3339
1.9287,0.0007,0.8557,1.9295,0.3320
2.0063,0.0008,1.3244,2.1473,0.3420
2.1775,0.0008,1.1315,2.0031,0.3471
1.8923,0.0007,1.1660,2.0722,0.3505
2.0707,0.0009,1.1325,2.0764,0.3404
2.4989,0.0009,0.9308,2.1767,0.3837
1.7660,0.0007,1.4859,2.0474,0.3428
1.8596,0.0006,1.2344,1.9104,0.3419
2.1425,0.0007,1.0404,1.9994,0.3537
1.3113,0.0009,0.9942,1.4398,0.3455
1.8947,0.0006,0.9426,1.8320,0.3361
1.9289,0.0009,0.9681,1.9499,0.3647
1.7632,0.0007,1.0032,1.7400,0.3348
1.7022,0.0004,1.0256,1.7450,0.3348
2.2024,0.0008,0.8111,1.7199,0.3620
1.2303,0.0008,1.4536,1.3112,0.3679
1.9949,0.0010,1.0267,2.2511,0.3550
2.6100,0.0008,1.0316,2.4653,0.3422
1.5760,0.0007,1.4224,1.5830,0.3422
2.5176,0.0009,1.1946,2.6652,0.3316
1.5403,0.0007,0.9853,1.5870,0.3316
1.5826,0.0008,0.8927,1.4308,0.3327
2.0754,0.0006,1.0094,2.1547,0.3406
1.6877,0.0004,0.9390,1.5281,0.3716
1.8689,0.0007,1.0551,2.0807,0.3467
1.4227,0.0006,1.1128,1.4502,0.3472
2.0520,0.0010,0.9666,1.9891,0.3393
1.6862,0.0007,0.9937,1.7013,0.3458
1.4997,0.0005,1.0587,1.4498,0.3398
1.5487,0.0003,0.8644,1.3854,0.3398
2.0189,0.0004,0.7942,2.2125,0.3293
1.6921,0.0004,0.7529,1.6304,0.3339
1.9857,0.0006,0.8554,1.8033,0.3374
1.9467,0.0007,0.9178,2.0198,0.3675
1.7998,0.0006,1.4119,1.5177,0.3571
2.0372,0.0006,0.9615,2.3737,0.3369
1.3757,0.0005,0.8617,1.4897,0.3377
1.5317,0.0006,0.8139,1.4890,0.3289
2.0019,0.0003,0.8907,1.8911,0.3353
2.4977,0.0009,0.7464,2.5807,0.3503
1.4962,0.0006,0.7846,1.4062,0.3332
1.7102,0.0009,1.0174,1.4907,0.3332
2.0842,0.0006,1.1649,2.3418,0.5713
1.7073,0.0003,1.0333,1.6397,0.3456
2.0881,0.0003,0.9747,1.9258,0.3470
1.6345,0.0005,1.0591,1.7464,0.3470
1.8724,0.0005,0.9856,1.9279,0.3453
1.5981,0.0003,1.0591,1.5693,0.3453
1.8558,0.0004,0.8483,1.4874,0.3463
1.7031,0.0005,0.8117,1.9945,0.3354
2.1951,0.0007,0.7749,2.2127,0.3439
1.3365,0.0006,1.0175,1.5060,0.3472
1.5528,0.0004,0.8958,1.5672,0.3498
1.9221,0.0006,0.8322,1.8195,0.3358
1.1377,0.0005,0.9061,1.2237,0.3415
2.0214,0.0005,0.7676,1.3553,0.3415
1.8477,0.0004,0.9753,2.1218,0.3443
2.0083,0.0004,0.9151,2.3775,0.3449
1.8558,0.0005,0.8188,1.7369,0.3605
1.6321,0.0006,0.7830,1.7262,0.3610
1.5443,0.0006,0.7521,1.5068,0.3849
1.1705,0.0008,0.8874,1.2053,0.3849
1.4241,0.0005,0.7664,1.2893,0.3596
1.6394,0.0006,0.7303,1.6768,0.3505
1.6982,0.0003,0.8221,1.7798,0.3371
1.7048,0.0007,0.7067,1.6297,0.3319
1.7097,0.0006,0.7657,1.6102,0.3418
1.5059,0.0005,0.8012,1.5090,0.3362
1.5492,0.0005,0.6644,1.5698,0.3536
1.5310,0.0004,0.8231,1.6271,0.3536
1.6203,0.0006,0.7375,1.6143,0.3559
1.7184,0.0006,0.7349,1.4249,0.3604
1.7302,0.0006,0.9032,1.6749,0.3552
1.6032,0.0006,1.0186,1.6023,0.3451
1.4688,0.0004,0.8368,1.8332,0.3493
1.2874,0.0005,0.6679,1.1663,0.3478
1.2901,0.0006,0.8326,1.3655,0.3600
1.3510,0.0006,0.6836,1.1816,0.3648
1.2325,0.0005,0.8633,1.1196,0.3485
1.2604,0.0003,0.9152,1.2681,0.3626
1.6562,0.0005,1.0635,1.9379,0.3598
1.1651,0.0004,0.7534,1.1808,0.3714
1.5363,0.0005,0.8480,1.3493,0.5235
1.4377,0.0004,0.7668,1.3412,0.5235
1.2646,0.0004,0.8622,1.5160,0.3524
1.1182,0.0005,0.8195,1.1278,0.3453
1.4257,0.0004,0.6341,1.2165,0.3513
1.5921,0.0007,0.6863,1.4985,0.3313
1.1920,0.0005,0.9658,1.1646,0.3414
1.1669,0.0003,0.9224,1.4246,0.3414
1.6498,0.0005,0.7110,1.4232,0.3395
1.4576,0.0006,0.8492,1.5219,0.3584
1.1965,0.0005,0.9437,1.2507,0.3584
1.3099,0.0006,0.7084,1.4349,0.3637
2.0126,0.0007,0.6844,1.7851,0.3567
1.1309,0.0004,1.1962,1.0910,0.3567
1.4145,0.0004,0.7299,1.5705,0.3458
1.2002,0.0004,0.7133,1.2330,0.3532
1.6524,0.0261,0.7896,1.2502,0.3378
1.2550,0.0004,0.7764,1.7163,0.3378
1.1878,0.0005,0.6560,1.1682,0.3512
1.1156,0.0005,0.7535,1.0961,0.3511
1.6583,0.0009,0.7945,1.5817,0.3557
1.3414,0.0006,1.0471,1.1879,0.3557
1.8495,0.0005,0.7963,1.9513,0.3418
1.0677,0.0004,1.0162,1.1536,0.3418
1.5199,0.0005,1.0121,1.2563,0.3679
1.6235,0.0006,1.1964,1.8981,0.3506
0.9968,0.0007,0.7452,1.0259,0.3506
1.7459,0.0004,0.6964,1.5021,0.3367
1.4820,0.0004,0.7140,1.5647,0.3307
1.3280,0.0005,0.6134,1.3728,0.3604
1.5793,0.0006,0.7340,1.6663,0.3498
1.5764,0.0006,0.7818,1.5571,0.3367
1.2668,0.0004,0.6534,1.2885,0.3548
1.4415,0.0007,0.6653,1.0870,0.3548
1.1660,0.0004,0.8649,1.5036,0.3490
1.4240,0.0003,0.6470,1.4030,0.3550
1.7015,0.0005,0.6602,1.6704,0.3810
1.3403,0.0006,0.7615,1.3686,0.3584
1.2742,0.0005,0.7158,1.3006,0.3534
0.8551,0.0004,0.6514,0.7970,0.3534
1.3114,0.0003,0.6695,1.3562,0.3531
1.2012,0.0004,0.6135,1.0567,0.3326
0.9361,0.0003,0.8372,1.0796,0.3436
1.3927,0.0006,0.7199,1.1029,0.3449
1.3563,0.0004,0.7726,1.2478,0.3451
1.1378,0.0004,0.9152,1.3376,0.3451
1.0243,0.0003,1.0326,1.1769,0.3649
1.1744,0.0006,0.6931,1.1632,0.3519
1.1174,0.0007,0.6791,1.1194,0.3519
1.2121,0.0006,0.7665,0.9224,0.3462
1.6116,0.0005,0.7163,1.8437,0.3631
1.1948,0.0004,0.8011,1.2282,0.3753
1.2557,0.0005,0.7272,1.2021,0.3477
1.4181,0.0006,0.6354,1.1429,0.3541
0.9707,0.0004,0.8930,1.2951,0.3424
1.0535,0.0004,0.6711,1.0471,0.3424
1.4135,0.0006,0.6122,1.0695,0.3525
0.7544,0.0003,0.9880,1.1011,0.3525
1.1584,0.0005,0.7039,1.1419,0.3500
1.0188,0.0003,0.7746,1.0237,0.3568
1.1836,0.0005,0.6056,1.1629,0.3657
1.0770,0.0004,0.6228,1.0449,0.3550
1.0598,0.0006,0.6442,1.0967,0.3431
1.3925,0.0007,0.6311,1.1005,0.3628
1.8824,0.0007,0.6948,2.1204,0.3507
1.1794,0.0004,0.7828,1.0076,0.3730
1.4170,0.0005,0.9769,1.6174,0.3566
1.1046,0.0005,0.7761,0.9415,0.3566
1.4799,0.0007,0.6525,1.4669,0.3528
1.3305,0.0008,1.0146,1.1339,0.3398
1.3103,0.0005,1.1950,1.5738,0.3398
1.4227,0.0006,0.8950,1.1656,0.3359
1.2213,0.0008,0.9298,1.4523,0.3359
1.5426,0.0006,0.7678,1.6279,0.3492
1.2354,0.0004,0.8183,0.9606,0.3492
1.8159,0.0008,0.9330,1.8191,0.3373
1.5050,0.0232,1.2460,0.8612,0.3940
0.9540,0.0005,1.3731,1.1405,0.4028
1.1290,0.0005,0.7852,1.2150,0.4028
1.3590,0.0006,0.7130,1.5867,0.3523
1.6870,0.0008,0.6430,1.4180,0.3418
1.4187,0.0006,0.9012,1.6802,0.3418
1.2783,0.0006,0.6925,1.0998,0.3319
1.2764,0.0006,0.6987,1.4416,0.3465
1.3121,0.0006,0.6855,1.1529,0.3399
1.2252,0.0008,0.9797,1.2396,0.3399
1.4193,0.0006,0.7253,1.3887,0.3449
1.2698,0.0006,1.0210,1.4012,0.3354
1.3170,0.0004,0.7251,1.3071,0.3558
1.4501,0.0005,0.8226,0.8694,0.5611
1.2442,0.0004,1.4568,1.8504,0.3513
1.5087,0.0004,0.6728,1.4496,0.3513
1.1340,0.0005,0.8060,1.1556,0.3627
1.4429,0.0004,0.7510,1.3069,0.3498
1.5412,0.0004,0.8698,1.3203,0.3751
1.5877,0.0006,0.7852,1.8154,0.3317
1.1296,0.0008,0.8738,1.2474,0.3487
1.6474,0.0005,0.9216,1.5318,0.3649
2.0316,0.0004,0.6194,2.0635,0.3580
1.5630,0.0005,0.7371,1.5542,0.3580
2.0219,0.0004,0.8145,2.0185,0.3432
1.4175,0.0008,1.0574,1.3858,0.3662
1.3755,0.0006,1.0046,1.3910,0.3517
1.8629,0.0006,1.3065,1.8021,0.3566
1.9927,0.0008,1.3662,2.0006,0.3484
1.4436,0.0005,0.9583,1.4031,0.3574
1.1672,0.0005,0.9539,1.0281,0.3381
1.2999,0.0008,1.1584,1.5580,0.3552
1.3442,0.0006,0.8053,1.2040,0.3369
1.3976,0.0004,0.8643,1.5268,0.3621
1.2807,0.0006,0.6798,1.2242,0.3621
1.6274,0.0004,0.7668,1.6227,0.3695
1.5138,0.0006,1.1767,1.1470,0.3608
1.1915,0.0005,1.3294,1.2264,0.3614
1.4446,0.0007,1.0250,1.6761,0.3614
1.0539,0.0004,0.8888,1.1430,0.3456
1.3037,0.0005,0.9565,1.3476,0.3377
1.1909,0.0006,0.7357,1.1687,0.3625
1.3451,0.0005,0.6956,1.3615,0.3480
1.5365,0.0004,0.6608,1.5005,0.3520
