frame_ms,scenario_ms,game_ms,render_ms,gpu_ms
1.8069,0.0005,0.7561,2.0089,0.3478
22.7494,0.0008,17.4424,1.7470,0.3600
2.0098,0.0007,4.3315,1.7470,0.3600
1.3055,0.0005,1.8505,1.9717,0.3600
1.2424,0.0005,1.3163,1.3352,0.3600
1.6273,0.0006,1.5145,1.8835,0.4534
1.7941,0.0004,1.3429,1.9767,0.4684
1.4233,0.0005,1.0526,1.4532,0.4478
1.9215,0.0004,1.1342,1.8755,0.4436
1.4917,0.0004,1.0957,1.4960,0.4406
1.4192,0.0005,0.9700,1.5104,0.4406
1.8350,0.0004,0.7738,1.7902,0.4296
1.6320,0.0003,1.0347,1.5528,0.4443
1.2843,0.0004,1.0844,1.3157,0.4443
2.1171,0.0005,0.9117,2.0907,0.4301
1.5879,0.0006,1.1829,1.6098,0.3485
1.4376,0.0007,1.0195,1.4736,0.3659
1.9810,0.0006,0.9341,1.8548,0.3543
1.0710,0.0005,0.9441,1.1762,0.3543
1.8661,0.0007,0.7602,1.7807,0.3440
1.7399,0.0005,0.8637,1.7199,0.3439
1.4829,0.0004,1.0212,1.5295,0.3439
1.6513,0.0003,0.7999,1.7186,0.3386
1.7629,0.0004,0.7376,1.5919,0.3551
1.4631,0.0005,1.0132,1.5237,0.3551
1.8223,0.0005,1.0265,1.8348,0.3455
1.8842,0.0008,0.9381,1.2672,0.3675
1.4936,0.0005,1.0937,2.1216,0.3675
1.8508,0.0006,0.8816,1.7164,0.3538
2.2129,0.0004,1.0030,2.1556,0.3470
1.3082,0.0003,1.0380,1.5236,0.3622
1.3189,0.0006,0.8421,1.2651,0.3622
1.3004,0.0004,0.7743,1.3118,0.3447
1.7708,0.0004,0.7905,1.7343,0.3577
2.1119,0.0004,0.8214,2.1079,0.3436
1.9637,0.0008,1.0030,1.9295,0.3436
1.2560,0.0004,1.0488,1.3617,0.3820
1.5735,0.0005,0.9008,1.4392,0.3515
1.7252,0.0005,1.0185,1.7066,0.3426
1.6385,0.0005,1.1211,1.4161,0.3426
1.5470,0.0005,0.9016,1.8563,0.3578
1.6965,0.0005,0.7232,1.4743,0.3441
1.9183,0.0004,0.8535,2.1166,0.3425
1.7338,0.0004,0.8517,1.6943,0.3387
1.3854,0.0004,0.9550,1.2213,0.3563
1.6177,0.0004,1.0512,1.3853,0.3563
1.8756,0.0004,1.1867,2.2590,0.3756
1.4018,0.0004,0.8736,1.4452,0.3398
1.4529,0.0004,0.7587,1.4297,0.3398
1.7453,0.0004,0.7704,1.4170,0.3637
1.5132,0.0004,0.8987,1.6297,0.3366
1.9043,0.0003,0.8376,2.0720,0.3471
1.6306,0.0004,0.9260,1.4132,0.3471
1.5452,0.0003,0.8555,1.8194,0.3406
1.5900,0.0004,0.7266,1.5281,0.3392
2.3444,0.0006,0.7382,2.2790,0.3724
1.4872,0.0005,0.9582,1.4824,0.3550
1.2691,0.0007,0.9953,1.3748,0.3550
1.6535,0.0004,0.7779,1.6222,0.3388
1.6857,0.0004,0.8236,1.6785,0.3616
1.5400,0.0002,0.8617,1.4433,0.3528
1.3519,0.0004,0.9031,1.4707,0.3686
1.5370,0.0003,0.9599,1.5382,0.3686
1.5552,0.0003,0.7963,1.4172,0.3505
1.7547,0.0003,0.7989,1.8215,0.3505
1.5253,0.0005,0.8697,1.1308,0.3420
2.2725,0.0004,0.8193,2.5391,0.3753
1.7999,0.0004,1.0346,1.9201,0.3453
1.6374,0.0004,0.9719,1.6607,0.3453
1.7926,0.0004,0.7632,1.7711,0.3341
1.5281,0.0004,0.9192,1.5247,0.3344
1.5795,0.0005,0.7796,1.4713,0.3405
1.4862,0.0004,1.0349,1.5816,0.3376
1.5837,0.0003,0.8587,1.5921,0.3376
1.6666,0.0004,0.8543,1.4822,0.3381
2.2450,0.0008,0.8184,2.2633,0.3381
1.3938,0.0004,1.2169,1.2133,0.3709
1.3953,0.0006,1.3338,1.6591,0.3682
2.0415,0.0005,1.1208,2.0397,0.3613
1.4892,0.0005,0.8824,1.4431,0.3613
1.6685,0.0004,0.9030,1.7343,0.3382
1.6584,0.0005,0.8007,1.5374,0.3344
1.8186,0.0005,0.9491,1.7809,0.3553
2.1625,0.0004,0.7574,2.2377,0.3476
1.0528,0.0004,0.7729,1.0286,0.3476
1.8272,0.0006,0.7341,1.6411,0.3548
1.9904,0.0004,0.9766,2.0921,0.3690
1.8760,0.0004,1.3359,1.8780,0.3690
1.5050,0.0006,0.9776,1.2906,0.3690
1.9553,0.0007,0.8472,2.1600,0.3392
1.4521,0.0005,0.9935,1.2606,0.3392
1.7913,0.0006,1.0512,1.9332,0.3500
1.7530,0.0004,1.0930,1.8933,0.3527
1.9121,0.0005,0.7736,1.9193,0.3635
1.5126,0.0009,0.7319,1.3019,0.3471
2.2476,0.0010,1.0472,2.3428,0.3673
1.2082,0.0005,1.1162,1.2821,0.3673
1.6713,0.0005,0.8447,1.5200,0.3444
1.9953,0.0004,0.7389,2.1511,0.3370
1.7294,0.0004,0.8489,1.7454,0.3513
1.6518,0.0003,1.0537,1.6296,0.3513
1.6364,0.0003,0.8944,1.6213,0.3443
1.5713,0.0004,0.7876,1.4917,0.3616
1.3321,0.0004,0.8538,1.3468,0.3483
1.9094,0.0006,0.8292,1.9429,0.3629
1.6826,0.0004,0.8213,1.6099,0.3629
2.0664,0.0006,0.9296,2.1242,0.3461
1.5287,0.0005,0.7926,1.5449,0.3389
1.3434,0.0005,0.7580,1.3328,0.3709
1.6708,0.0004,0.7398,1.5657,0.3709
1.9199,0.0007,0.8231,1.9357,0.3390
1.7340,0.0004,0.8628,1.8013,0.3469
1.6809,0.0003,0.8061,1.6206,0.3469
1.9717,0.0003,0.7864,1.7581,0.3399
2.0752,0.0007,0.9100,2.2350,0.3594
1.9151,0.0003,1.2448,1.8684,0.4038
2.1800,0.0005,0.8486,2.2801,0.3660
1.6660,0.0007,0.8246,1.5886,0.3390
2.0371,0.0005,0.8950,2.0823,0.3373
1.7257,0.0003,0.8786,1.7419,0.3471
1.8937,0.0004,0.7791,1.8866,0.3439
2.6688,0.0008,0.7474,2.4975,0.3452
2.1761,0.0006,1.0139,2.1971,0.3396
1.7309,0.0181,1.1684,1.7850,0.3767
1.4089,0.0005,1.0403,1.4610,0.3767
1.6282,0.0003,0.8382,1.5597,0.3505
2.1665,0.0004,0.8288,1.9096,0.3414
1.9390,0.0005,1.1011,2.2206,0.3491
1.5127,0.0004,1.0221,1.5926,0.3581
1.5922,0.0005,0.9703,1.4659,0.3581
2.2311,0.0013,0.8959,2.3120,0.3359
2.0071,0.0005,0.8059,1.9757,0.3359
1.2673,0.0004,0.9079,0.9196,0.3611
1.8265,0.0004,0.9106,2.2219,0.3565
1.8837,0.0005,0.7590,1.8632,0.3415
1.9260,0.0005,0.8035,1.7670,0.3529
1.3990,0.0003,0.9236,1.1169,0.3529
2.0002,0.0004,0.7681,2.3990,0.3313
1.9710,0.0005,0.9581,1.9446,0.3529
1.1043,0.0004,0.9339,1.0525,0.3529
1.8216,0.0004,0.7482,1.7629,0.3526
1.9468,0.0005,0.7323,2.0344,0.3629
2.2187,0.0004,0.9380,2.2192,0.3636
1.4144,0.0005,1.2746,1.4743,0.3538
1.4115,0.0003,0.7872,1.3684,0.3538
2.1662,0.0006,0.7935,2.0704,0.3354
1.5120,0.0005,0.8786,1.6272,0.3379
1.8654,0.0007,0.8076,1.5428,0.3379
2.0530,0.0006,1.0759,2.3199,0.3556
1.2427,0.0005,1.0087,1.1426,0.3556
1.9612,0.0005,0.9279,1.8232,0.3351
1.8989,0.0006,1.0647,2.0923,0.3667
1.3809,0.0004,0.9875,0.9763,0.3667
1.9899,0.0008,0.9878,2.4495,0.3502
1.9335,0.0005,0.7684,1.7996,0.3502
1.7726,0.0005,0.8862,1.8616,0.3391
1.8801,0.0007,0.8414,1.7102,0.3415
1.5423,0.0005,1.0258,1.5761,0.3415
2.0971,0.0005,0.8696,2.1588,0.3372
1.4677,0.0005,0.8142,1.3295,0.3372
1.6498,0.0004,1.0013,1.4905,0.3320
2.3113,0.0004,0.8978,2.5189,0.3330
1.8106,0.0004,0.9671,1.9172,0.3427
1.4206,0.0004,0.8375,1.3945,0.3427
2.0213,0.0004,0.7096,2.0154,0.3491
1.9234,0.0006,0.8320,1.9428,0.3436
1.5272,0.0003,0.8110,1.5324,0.3408
1.1446,0.0003,0.7683,1.0801,0.3610
1.6313,0.0003,0.8112,1.7212,0.3610
1.8952,0.0005,0.7006,1.8154,0.3570
1.9740,0.0005,0.7876,1.6385,0.3578
1.6843,0.0005,1.3026,1.9839,0.3417
1.7901,0.0005,0.9235,1.7809,0.3446
1.4483,0.0005,0.9128,1.4686,0.3446
1.8797,0.0005,0.9435,1.9149,0.3348
2.1333,0.0005,0.8624,1.9538,0.3496
1.3163,0.0004,1.0413,1.4926,0.3553
1.0666,0.0004,0.8744,0.8225,0.3553
2.1164,0.0005,0.9099,2.3280,0.3426
1.7526,0.0005,0.6904,1.7131,0.3546
1.5550,0.0005,0.8811,1.5628,0.3679
1.5476,0.0004,0.8955,1.3516,0.3679
1.6892,0.0005,0.7893,1.6396,0.3381
1.7200,0.0004,0.7938,1.9172,0.3403
1.8558,0.0004,0.8466,1.6811,0.3641
1.7454,0.0006,0.9533,1.9632,0.3329
2.0190,0.0003,0.9353,1.9549,0.3428
1.2986,0.0004,0.9092,1.2742,0.3428
2.0215,0.0003,0.9275,2.0772,0.3379
2.1059,0.0007,0.8360,1.5590,0.5356
1.3070,0.0003,1.5828,1.4058,0.5356
2.0703,0.0004,0.9791,2.4607,0.3461
1.7098,0.0003,0.8695,1.7482,0.3461
1.7678,0.0003,0.8491,1.7745,0.3243
1.9281,0.0004,0.7794,1.8217,0.3356
1.8777,0.0004,0.8668,1.9584,0.3356
1.5969,0.0004,0.7581,1.6302,0.3471
2.2653,0.0006,0.7366,2.2113,0.3594
1.4117,0.0004,0.8523,1.4128,0.3522
1.6125,0.0003,0.8888,1.6434,0.3522
1.7046,0.0005,0.8627,1.5366,0.3507
1.8485,0.0006,0.9081,1.9818,0.3423
2.0256,0.0004,0.7871,1.9868,0.3461
1.5630,0.0004,0.8397,1.4519,0.3292
2.0417,0.0005,0.9875,2.0756,0.3369
1.8278,0.0003,0.9142,1.8242,0.3489
1.7268,0.0004,0.8455,1.8209,0.3504
1.9033,0.0004,0.7340,1.8448,0.3504
1.6383,0.0004,0.8087,1.1412,0.3509
1.6793,0.0004,1.1932,2.1223,0.3509
1.6913,0.0004,0.9356,1.5703,0.3573
2.0621,0.0003,0.8598,2.0920,0.3541
1.0158,0.0004,1.0865,1.0493,0.3541
1.6802,0.0005,0.8246,1.6073,0.3553
2.2176,0.0005,0.9874,2.3440,0.3508
1.4031,0.0006,0.9803,1.4678,0.3508
1.5105,0.0005,0.8408,1.4498,0.3335
1.9983,0.0006,0.8260,1.6275,0.3894
1.3514,0.0007,1.2398,1.7038,0.3894
2.6010,0.0006,1.1597,2.4763,0.3431
1.9595,0.0008,1.1008,1.9841,0.3521
1.0695,0.0006,1.0817,0.8698,0.3521
1.6816,0.0004,1.0002,1.6602,0.3565
2.1562,0.0004,0.7702,2.4572,0.3494
1.5338,0.0005,0.8801,1.4628,0.3494
1.4643,0.0004,0.8821,1.5582,0.3411
1.9415,0.0004,0.7561,1.7645,0.3336
2.4062,0.0005,0.8523,2.4186,0.3617
2.1304,0.0004,1.0869,2.1928,0.3466
1.4224,0.0003,0.9838,1.5202,0.3466
1.4262,0.0006,0.7850,1.4668,0.3517
1.7771,0.0003,0.7014,1.3396,0.3602
2.1465,0.0005,0.8648,2.3630,0.3460
1.3144,0.0003,0.9909,1.4692,0.3360
1.2408,0.0004,1.0940,1.2707,0.3360
2.1492,0.0005,0.7025,1.9985,0.3396
1.7624,0.0006,0.8695,1.7828,0.3794
1.6847,0.0005,0.9676,1.6119,0.5966
1.8503,0.0006,1.0375,1.9190,0.3611
1.7810,0.0005,0.8312,1.8698,0.3398
1.0871,0.0003,0.6803,1.0227,0.3398
1.5401,0.0004,0.7778,1.4085,0.3567
1.5935,0.0003,0.7684,1.7354,0.3409
1.7850,0.0004,0.7504,1.5831,0.3391
1.6987,0.0005,0.8105,1.7654,0.3498
1.8020,0.0003,0.8577,1.7485,0.3508
1.6083,0.0004,0.9637,1.7482,0.3670
1.5868,0.0004,0.8647,1.5543,0.5195
2.2148,0.0004,0.9235,2.2583,0.3426
1.4384,0.0004,0.7729,1.4623,0.3372
2.0103,0.0004,0.7957,1.8525,0.3498
1.3639,0.0003,0.9949,1.4744,0.3498
1.4625,0.0004,0.7191,1.4378,0.3533
1.6512,0.0003,0.8962,1.5888,0.3536
2.0595,0.0003,0.8323,1.4684,0.3421
2.0064,0.0004,1.1204,2.4911,0.3380
1.9721,0.0005,0.8852,2.1209,0.3632
1.7417,0.0005,1.0023,1.7457,0.3625
1.3560,0.0004,1.0717,1.2500,0.3625
1.8333,0.0003,0.8832,1.9476,0.3392
1.2069,0.0004,0.8012,1.1961,0.3392
1.4640,0.0004,0.8148,1.4431,0.3586
1.4742,0.0004,0.7839,1.4285,0.3458
1.2144,0.0005,0.8206,1.2046,0.3458
1.8079,0.0007,0.8083,1.8048,0.3405
1.8065,0.0005,0.9661,1.8180,0.3531
2.1630,0.0006,0.9465,2.0663,0.3826
1.8194,0.0004,1.0290,1.8225,0.3645
1.4652,0.0006,1.1260,1.5808,0.3645
1.7886,0.0004,0.7507,1.6986,0.3371
1.4900,0.0003,0.9152,1.4627,0.3425
1.9613,0.0003,0.7037,2.0440,0.3444
1.5178,0.0004,0.7160,1.4593,0.3420
1.9677,0.0006,0.7900,1.8908,0.3577
1.6919,0.0005,0.9822,1.6295,0.3422
1.6502,0.0004,1.0855,1.7832,0.3422
1.8759,0.0007,0.9651,1.8753,0.3517
1.3722,0.0004,1.1892,1.3268,0.3573
1.8335,0.0009,0.8628,1.6079,0.3496
1.8026,0.0006,0.9213,1.6860,0.3386
1.8669,0.0006,1.0093,2.1162,0.3380
1.3671,0.0008,1.1831,1.2169,0.3452
1.6993,0.0005,1.0115,1.8689,0.3311
1.5640,0.0005,1.0467,1.6651,0.3615
2.0467,0.0004,0.8059,2.0092,0.3339
1.8913,0.0006,1.0390,1.7386,0.3339
2.0129,0.0007,1.0619,2.1173,0.3842
1.8884,0.0006,0.9590,1.8633,0.3428
1.3694,0.0004,0.8857,1.3599,0.3428
1.9301,0.0004,0.7528,1.4653,0.3468
1.5242,0.0003,0.9423,1.9571,0.3468
2.0468,0.0004,0.7269,2.0812,0.3516
1.5263,0.0003,0.9649,1.6205,0.3516
1.4077,0.0003,0.6408,1.4149,0.3385
1.6951,0.0003,0.6140,1.5045,0.3452
1.6119,0.0005,0.7125,1.7059,0.3465
1.8989,0.0004,0.8071,1.7979,0.3658
1.4464,0.0004,1.2999,1.3335,0.3658
1.8138,0.0004,0.7460,1.6592,0.3579
1.5826,0.0003,0.7677,1.7386,0.3311
1.2719,0.0004,0.8526,1.4850,0.3311
2.1022,0.0006,0.8741,1.9874,0.3409
1.6850,0.0005,0.9167,1.3585,0.3770
1.4960,0.0004,0.9485,1.7731,0.3567
1.9888,0.0004,0.8069,1.8798,0.3672
1.8337,0.0004,0.9727,1.9853,0.3672
1.8193,0.0005,1.0315,1.8419,0.3456
1.5770,0.0003,1.0465,1.6422,0.3510
1.7425,0.0004,0.7575,1.6301,0.3510
1.3898,0.0003,0.8047,1.4006,0.3451
1.5816,0.0006,0.7063,1.6031,0.3391
1.9562,0.0004,0.9614,1.5891,0.3395
1.4097,0.0004,0.9063,1.8248,0.3548
1.9069,0.0004,0.6894,1.9149,0.3466
1.1886,0.0004,0.7718,0.7444,0.3466
1.7749,0.0004,0.6286,2.1032,0.3393
1.9120,0.0003,0.7502,1.9778,0.3515
1.2791,0.0003,0.7340,1.3022,0.3515
1.9864,0.0005,0.6860,1.9643,0.3541
1.0922,0.0003,0.7648,1.1168,0.3541
2.1793,0.0004,0.6025,1.6536,0.3577
1.9402,0.0005,0.8565,2.3641,0.3400
1.4054,0.0003,0.7183,1.3058,0.3400
1.6123,0.0003,0.7314,1.7888,0.3482
1.6100,0.0005,0.5764,1.2006,0.3322
1.7228,0.0005,0.9609,2.0311,0.3368
1.6069,0.0005,0.9080,1.4256,0.3769
2.0749,0.0004,0.9328,2.2410,0.3452
1.4290,0.0003,0.9178,1.4910,0.3452
1.5293,0.0004,0.6815,1.3007,0.3520
2.1014,0.0003,0.8714,2.3112,0.3428
1.7503,0.0003,0.7345,1.6021,0.3428
1.8701,0.0004,0.6739,2.0293,0.3391
1.7378,0.0003,0.6697,1.7124,0.3412
1.8025,0.0005,0.6237,1.5147,0.3412
1.7262,0.0004,1.0542,1.8301,0.3595
1.2346,0.0005,0.8499,1.2665,0.3595
2.4994,0.0006,0.7200,2.2194,0.3621
1.4901,0.0005,1.1193,1.6762,0.3382
1.0378,0.0003,1.0284,0.9280,0.3382
2.0180,0.0003,0.6432,2.1576,0.3676
1.5336,0.0003,0.7224,1.5383,0.3395
1.5843,0.0003,0.7824,1.5826,0.3505
1.3627,0.0004,0.7033,1.4015,0.3505
1.6982,0.0006,0.6153,1.1597,0.3468
1.9765,0.0004,0.7100,2.4432,0.3391
1.6329,0.0006,0.8562,1.3464,0.3622
1.5988,0.0004,0.9112,1.8558,0.3450
1.7108,0.0005,0.7689,1.7643,0.3471
1.5207,0.0004,0.7133,1.5418,0.3471
1.4574,0.0004,0.6936,1.4426,0.3359
1.8024,0.0003,0.7460,1.6889,0.3537
1.3888,0.0004,0.7753,1.4180,0.3473
1.3781,0.0003,0.8115,1.4600,0.3473
1.3947,0.0003,0.6944,1.1130,0.3353
1.8092,0.0004,0.6688,1.5529,0.3325
1.8266,0.0004,0.9979,2.0397,0.5193
2.1545,0.0003,0.8968,2.4279,0.3482
2.0778,0.0003,0.9247,2.0698,0.3564
1.4210,0.0003,0.6461,1.4360,0.3434
1.7837,0.0004,0.6689,1.7807,0.3457
1.2755,0.0006,0.7462,1.2677,0.3457
1.6848,0.0003,0.6651,1.5080,0.3373
1.6958,0.0004,0.9622,1.8555,0.3308
1.6666,0.0003,0.7158,1.6398,0.3366
1.3622,0.0004,0.7574,1.0659,0.3366
2.5992,0.0004,1.0899,2.7270,0.3564
1.1443,0.0003,0.9435,1.2757,0.3462
1.3579,0.0004,0.7598,1.1247,0.3462
2.0241,0.0003,0.6347,2.2865,0.3392
1.4236,0.0004,0.6285,1.3710,0.3462
1.4864,0.0003,0.6806,1.2996,0.3392
1.4344,0.0003,0.7002,1.6682,0.3388
1.5326,0.0004,0.7885,1.3891,0.3378
2.3530,0.0006,0.7301,2.4040,0.3429
1.7787,0.0007,0.8904,1.7401,0.3699
1.0924,0.0005,1.1039,1.1962,0.3699
1.8904,0.0004,0.7428,1.8079,0.3713
1.5213,0.0004,0.7603,1.5759,0.3380
1.7350,0.0005,0.5990,1.7508,0.3338
1.6460,0.0002,0.6257,1.5155,0.3332
1.6344,0.0003,0.7837,1.6325,0.3374
1.4330,0.0003,0.7711,1.5668,0.3374
1.9801,0.0004,0.6226,1.8393,0.3364
1.5632,0.0003,0.7071,1.6302,0.3364
1.8859,0.0007,0.6321,1.8023,0.3376
2.4345,0.0005,1.3376,2.3492,0.3718
1.2561,0.0005,1.2538,1.3642,0.3563
1.4607,0.0004,0.7730,1.5126,0.3563
1.8431,0.0003,0.6411,1.8742,0.3365
1.7192,0.0003,0.6777,1.6980,0.3567
1.7165,0.0003,0.6917,1.5977,0.3565
1.8661,0.0003,0.8229,1.9468,0.3433
1.2532,0.0007,0.6563,1.2508,0.3435
2.0488,0.0005,0.8713,1.9633,0.3468
0.9926,0.0005,0.9441,1.0058,0.3647
1.8557,0.0004,1.0558,1.7648,0.3662
1.7500,0.0005,0.8018,1.5004,0.3371
1.9254,0.0004,0.7775,2.3140,0.3397
1.8242,0.0004,0.7200,1.8195,0.3476
1.2093,0.0003,0.7297,1.0336,0.3476
1.7245,0.0004,0.6446,1.4713,0.3456
1.6248,0.0003,0.7822,1.7231,0.3363
1.7859,0.0005,0.8031,1.9425,0.3336
1.8463,0.0005,0.9335,1.9339,0.3323
1.9341,0.0005,0.9845,1.9401,0.3596
1.5500,0.0003,0.8929,1.5809,0.3446
1.4828,0.0004,0.8144,1.4507,0.3446
1.6961,0.0004,0.7259,1.7295,0.3504
1.9175,0.0004,0.6060,1.9139,0.3408
1.5483,0.0004,0.6652,1.3940,0.3408
1.7251,0.0005,0.6923,1.6099,0.3385
1.7992,0.0005,0.7350,1.4793,0.3367
2.0300,0.0003,0.9703,2.6029,0.3391
1.6074,0.0004,0.6296,1.5692,0.3439
2.0525,0.0004,0.7064,2.0461,0.3681
1.7535,0.0004,0.7233,1.6795,0.3548
1.3531,0.0004,0.7699,1.4445,0.3548
2.0744,0.0004,0.6265,1.9981,0.3506
1.5448,0.0003,0.6866,1.6086,0.3506
1.7740,0.0004,0.7301,1.6768,0.3411
1.9378,0.0005,0.7182,1.5974,0.3554
1.5757,0.0005,0.8866,1.7547,0.3554
1.3327,0.0003,0.6733,1.4675,0.3327
1.7980,0.0005,0.6466,1.5654,0.3491
1.8502,0.0007,0.9030,2.1278,0.3741
1.6501,0.0004,0.8075,1.5574,0.3634
1.5654,0.0003,0.8095,1.6353,0.3378
1.5809,0.0003,0.7161,1.4431,0.3423
1.8894,0.0003,0.6091,2.0701,0.3308
1.5008,0.0005,0.6406,1.3274,0.3379
1.6950,0.0005,0.9732,1.6154,0.3473
2.0368,0.0004,0.6583,2.2474,0.3372
1.3629,0.0003,0.7396,1.3511,0.3372
1.7448,0.0004,0.8696,1.6758,0.3627
1.4230,0.0004,0.8048,1.0257,0.4019
1.8711,0.0007,0.8454,1.8356,0.3506
1.6784,0.0004,0.8331,1.9018,0.3342
1.7962,0.0004,0.8654,1.6054,0.3368
1.9516,0.0006,0.6693,2.3485,0.3328
1.4436,0.0005,0.7689,1.3258,0.3328
1.6929,0.0005,0.8417,1.8532,0.3527
1.8440,0.0006,0.6725,1.7841,0.3362
1.9653,0.0005,0.7113,1.8761,0.3512
1.2636,0.0006,1.0605,1.3355,0.3512
1.8123,0.0005,0.8360,1.8429,0.3725
1.5642,0.0004,0.8092,1.5720,0.3422
1.9239,0.0005,0.7760,1.8448,0.3522
1.5125,0.0004,0.8998,1.5511,0.3643
1.4264,0.0005,0.7039,1.4305,0.3643
1.5514,0.0006,0.7743,1.3411,0.3516
2.1425,0.0004,0.7768,2.0610,0.3410
1.7837,0.0004,0.7273,1.7831,0.3457
1.7130,0.0004,0.7022,1.9910,0.3385
2.0486,0.0003,0.9437,1.6788,0.3500
1.0495,0.0003,0.9872,1.3467,0.3500
1.4436,0.0003,0.8779,1.3549,0.3746
1.6723,0.0004,0.6533,1.6573,0.3646
2.0488,0.0004,0.6333,2.2007,0.3396
1.8875,0.0003,0.6545,1.5767,0.3457
1.6339,0.0003,0.6135,1.8114,0.3385
1.5728,0.0005,0.7036,1.4922,0.3457
1.8483,0.0004,0.7873,1.9939,0.3294
1.6492,0.0004,0.7264,1.6418,0.3474
1.6276,0.0004,0.9198,1.5320,0.3474
1.5683,0.0004,0.8950,1.4314,0.3655
1.3984,0.0004,0.9243,1.4311,0.3526
2.2483,0.0004,0.7205,2.3493,0.3466
1.3054,0.0003,0.9111,1.3185,0.3466
1.9144,0.0003,0.7367,1.8828,0.3370
1.6755,0.0004,0.6832,1.4983,0.3370
1.9589,0.0005,0.7545,2.0913,0.3530
1.5586,0.0004,0.8386,1.6546,0.3373
1.8886,0.0005,0.7138,1.8186,0.3267
1.5224,0.0003,0.8767,1.5092,0.3572
1.3447,0.0004,0.9686,1.3675,0.3572
1.7573,0.0169,0.8430,1.5517,0.3522
1.6168,0.0003,0.9158,1.7137,0.3522
2.2698,0.0004,0.8524,2.4187,0.3479
1.0142,0.0005,0.7345,1.0915,0.3479
1.8966,0.0005,0.6496,1.8736,0.3504
0.8374,0.0003,0.6215,0.8337,0.3504
2.0979,0.0003,0.6163,2.0933,0.3597
1.2194,0.0003,0.5864,1.1987,0.3597
1.3802,0.0005,0.6914,1.3028,0.3413
1.5290,0.0005,1.2162,1.2180,0.3830
1.6696,0.0003,1.1679,1.8611,0.3401
1.8262,0.0004,0.9567,1.9353,0.3332
1.2162,0.0003,0.8183,1.2046,0.3587
1.3859,0.0003,0.8446,1.3902,0.3549
1.5306,0.0004,0.9278,1.6021,0.3549
1.5878,0.0003,0.6291,1.5142,0.3427
1.3035,0.0005,0.6884,1.3801,0.3615
1.3527,0.0004,0.6378,1.3322,0.3442
1.4540,0.0003,0.6024,0.9923,0.3442
1.4588,0.0003,0.8646,1.6222,0.3294
1.8390,0.0004,0.9476,2.0396,0.3845
1.2162,0.0004,1.2199,1.1463,0.3845
1.8472,0.0004,0.8128,1.9770,0.3389
1.8047,0.0006,0.6705,1.7022,0.3456
1.4345,0.0003,0.7466,1.4563,0.3341
1.5405,0.0003,0.8063,1.6168,0.3587
1.6026,0.0004,0.7875,1.4968,0.3335
1.6674,0.0004,0.7042,1.7559,0.3390
1.5904,0.0004,0.7804,1.5908,0.3412
1.4865,0.0007,0.5913,1.4304,0.3412
2.5528,0.0007,0.7237,2.4792,0.3823
1.3643,0.0005,0.9801,1.4400,0.3432
1.5817,0.0005,0.7322,1.5830,0.3432
1.5876,0.0004,0.6654,1.4781,0.3509
1.5785,0.0003,0.7729,1.4055,0.3372
1.3558,0.0005,0.8989,1.6099,0.3372
1.7058,0.0004,0.8323,1.3747,0.3479
1.3273,0.0004,0.8141,1.5217,0.3343
2.1019,0.0003,0.7472,2.2366,0.3485
1.2661,0.0003,0.6092,1.2587,0.3485
1.6429,0.0004,0.6672,1.6098,0.3630
1.5615,0.0004,0.7985,1.4900,0.3661
1.8883,0.0006,0.7503,1.9919,0.3502
1.7822,0.0006,0.7095,1.3493,0.3502
1.5889,0.0005,0.8027,1.8106,0.3413
2.0162,0.0006,0.7105,2.2015,0.3404
1.7959,0.0003,0.7222,1.7746,0.3385
1.5171,0.0003,0.8161,1.4966,0.3436
1.7567,0.0003,0.6380,1.6166,0.3540
1.4940,0.0006,0.7859,0.8982,0.3434
1.4008,0.0004,1.6209,1.5892,0.3837
1.4939,0.0004,1.3873,1.9270,0.3837
1.4604,0.0003,0.9959,1.5492,0.3541
1.3504,0.0004,1.0087,1.3141,0.3541
1.7416,0.0003,0.7353,1.5968,0.3456
1.6994,0.0003,0.7954,1.8860,0.3368
2.0888,0.0004,0.6074,2.0459,0.3358
1.2446,0.0003,0.6499,1.2722,0.3358
1.6248,0.0004,0.6330,1.0226,0.3368
1.7133,0.0005,0.7751,2.2783,0.3372
1.4945,0.0005,0.8798,1.2612,0.3718
1.9185,0.0004,1.2364,1.7064,0.3937
1.9977,0.0004,0.7591,2.3487,0.3500
1.0526,0.0005,0.7902,0.9523,0.3500
1.9096,0.0003,0.6842,2.0057,0.3670
1.2854,0.0002,0.7730,1.3851,0.3384
1.6585,0.0003,0.6618,1.5956,0.3393
1.2704,0.0003,0.7199,1.0610,0.3393
1.8300,0.0004,0.8886,1.9610,0.3531
1.7204,0.0004,0.7826,1.7141,0.3492
1.3552,0.0005,0.8082,1.4309,0.3643
1.8391,0.0005,0.7318,1.8508,0.3713
1.8819,0.0004,0.8116,1.8206,0.3487
1.4291,0.0003,1.0080,1.4930,0.3571
1.4446,0.0003,0.6500,1.4490,0.3376
1.2956,0.0004,0.5631,1.3043,0.3376
1.4056,0.0002,0.5712,1.2483,0.3547
1.8554,0.0003,0.5782,1.9903,0.3418
2.2370,0.0004,0.6172,2.1225,0.3492
1.5006,0.0003,0.8278,1.5228,0.3659
1.4254,0.0003,0.7189,1.4721,0.3659
1.7259,0.0004,0.6708,1.6960,0.3652
1.3961,0.0003,0.7821,1.3609,0.3480
1.4720,0.0003,0.7749,1.3793,0.3480
1.6625,0.0004,0.6693,1.5294,0.3511
1.6536,0.0003,0.7469,1.6768,0.3454
1.9753,0.0003,0.7995,1.9650,0.3458
1.8103,0.0004,0.8161,1.8022,0.3462
1.6441,0.0004,0.7589,1.8307,0.3424
1.3130,0.0005,0.7700,1.0708,0.3511
1.5837,0.0004,0.8339,1.7961,0.3686
1.5760,0.0004,0.9292,1.4909,0.3440
1.7359,0.0005,0.9018,1.8395,0.3570
1.4588,0.0003,0.7781,1.5193,0.3570
1.8367,0.0004,0.6697,1.8427,0.3495
1.5886,0.0004,0.6501,1.2998,0.3543
1.5689,0.0004,0.6921,1.6360,0.3384
1.6562,0.0004,0.7042,1.5478,0.3493
1.6522,0.0004,1.0692,1.7567,0.3451
1.7418,0.0004,1.0802,1.9203,0.3501
1.1446,0.0003,0.8212,1.0912,0.3707
1.4369,0.0004,0.8448,1.2552,0.3707
1.7993,0.0004,0.6956,1.9655,0.3588
1.6259,0.0003,0.7338,1.4326,0.3701
1.7700,0.0004,0.7922,2.0005,0.3407
1.5218,0.0004,0.8095,1.5229,0.3607
1.3622,0.0003,0.7290,1.3762,0.3607
1.6772,0.0005,0.7679,1.2920,0.3503
1.6162,0.0004,0.7230,1.7773,0.3508
1.4849,0.0003,0.7609,1.5792,0.3508
1.5288,0.0004,0.6117,1.6253,0.3495
1.4377,0.0003,0.6079,1.3086,0.3495
1.7864,0.0008,0.6788,1.8262,0.3520
1.4352,0.0010,1.1095,1.4582,0.3520
1.4009,0.0005,0.8890,1.4251,0.3438
1.5824,0.0005,0.8284,1.5055,0.3524
1.1216,0.0004,0.8065,0.8483,0.3524
1.5412,0.0003,0.7934,1.8646,0.3418
1.7006,0.0004,0.9488,1.3247,0.3660
2.0256,0.0003,0.9281,1.9192,0.3504
1.8522,0.0004,0.7152,2.2238,0.3316
1.3293,0.0003,0.8032,1.2614,0.3425
1.4917,0.0004,0.6779,1.3790,0.3415
2.1692,0.0003,0.7443,2.4090,0.3707
1.5412,0.0003,0.8961,1.5718,0.3591
1.6021,0.0004,0.8774,1.5765,0.3344
1.4983,0.0003,0.8162,1.4963,0.3350
1.8005,0.0005,0.8789,1.4516,0.3416
1.5319,0.0003,0.8459,1.6910,0.3416
1.2819,0.0004,0.7614,1.4874,0.3475
1.3971,0.0005,0.6516,1.3990,0.3380
1.5659,0.0004,0.6771,1.5409,0.3484
1.7185,0.0003,0.7824,1.7281,0.3592
1.4167,0.0006,0.8297,1.2362,0.3468
1.7898,0.0005,1.1166,1.7289,0.3907
1.7024,0.0003,0.7244,1.4100,0.3516
1.3331,0.0004,0.8685,1.7217,0.3516
2.0466,0.0004,0.6692,2.1094,0.3581
1.4373,0.0005,0.9366,1.1909,0.3616
1.3819,0.0004,0.9536,1.4188,0.3350
1.6197,0.0006,0.8394,1.5954,0.3599
0.9487,0.0004,1.0160,1.2330,0.3441
1.4961,0.0005,0.6863,1.3441,0.3585
1.5471,0.0006,0.6709,1.6787,0.3544
1.5489,0.0005,0.6537,1.4519,0.3624
1.7167,0.0005,0.8170,1.7120,0.3687
1.5122,0.0004,0.7928,1.5923,0.3687
1.4595,0.0005,0.7451,1.2566,0.3370
1.7096,0.0007,0.9679,1.7064,0.3573
1.5973,0.0007,1.0680,1.5918,0.3507
2.2958,0.0006,0.9328,2.1752,0.3388
1.4572,0.0005,1.0616,1.4408,0.3584
1.5449,0.0006,1.0575,1.6634,0.3524
1.2550,0.0005,0.9955,1.0604,0.3524
2.3585,0.0007,1.1287,2.2985,0.3743
1.3406,0.0005,1.2282,1.5757,0.3743
2.0796,0.0008,0.9607,2.0183,0.3421
1.3648,0.0006,1.0097,1.5210,0.3493
1.5762,0.0006,0.8480,1.4883,0.3493
1.5024,0.0006,0.9562,1.3114,0.3545
2.0122,0.0003,0.9839,2.2806,0.3378
1.3745,0.0003,0.8423,1.2840,0.3378
1.7030,0.0005,0.7000,1.5262,0.3500
1.4759,0.0004,0.8426,1.6450,0.3472
2.2794,0.0005,0.6867,2.3007,0.3438
1.5699,0.0005,1.2084,1.4263,0.3632
1.4357,0.0004,1.2320,1.6237,0.3607
1.3499,0.0003,0.7244,1.1485,0.3607
1.8035,0.0004,0.6623,1.7545,0.3385
1.7418,0.0005,0.7528,1.8721,0.3427
1.5200,0.0004,0.9339,1.2825,0.3484
1.4796,0.0005,0.9591,1.7030,0.3484
1.7472,0.0006,0.9288,1.8489,0.3465
1.5115,0.0004,1.0515,1.3140,0.3465
2.7337,0.0014,0.7933,2.4307,0.3741
1.2349,0.0006,1.4482,1.6425,0.4003
1.8586,0.0006,1.0211,1.8469,0.3360
1.5137,0.0005,0.8534,1.4811,0.3360
2.0502,0.0005,0.9067,2.1070,0.3567
1.3588,0.0006,0.7966,1.2493,0.3567
1.8749,0.0005,0.9301,1.9511,0.3353
1.7013,0.0005,0.8826,1.7256,0.3473
1.7984,0.0005,0.8235,1.7330,0.3427
1.6027,0.0005,0.8736,1.1776,0.3427
1.7029,0.0006,0.9331,2.1057,0.3569
1.6959,0.0005,1.0463,1.7314,0.3531
1.6738,0.0005,0.8642,1.3461,0.3441
1.8937,0.0006,1.0419,2.1898,0.3546
1.4067,0.0005,0.8740,1.2734,0.3443
1.4586,0.0004,0.9363,1.6190,0.3530
1.8421,0.0004,0.7663,1.7778,0.3530
1.7316,0.0003,0.8144,1.7473,0.3481
1.8294,0.0006,0.8541,1.8373,0.3556
1.8504,0.0007,0.8976,1.7255,0.3566
1.5767,0.0006,1.4501,1.3667,0.3566
1.5062,0.0005,1.0220,1.7944,0.3742
2.0185,0.0005,0.9071,2.0418,0.3430
1.4596,0.0005,0.9690,1.4477,0.3430
1.5490,0.0003,0.7387,1.3729,0.3486
1.7670,0.0004,0.7394,1.9496,0.3364
1.6158,0.0004,0.7327,1.4838,0.3364
1.5265,0.0003,0.8104,1.5428,0.3441
2.1050,0.0006,0.8169,2.0185,0.3519
1.7680,0.0005,0.9453,1.8679,0.3595
1.8933,0.0004,0.9755,1.7300,0.3595
1.8436,0.0005,1.1657,2.0226,0.3654
1.1672,0.0004,0.9101,1.2127,0.3654
1.9998,0.0003,0.6828,1.9681,0.3547
1.5278,0.0005,0.7424,1.5286,0.3624
1.3781,0.0006,0.7832,1.3452,0.3447
1.4501,0.0005,1.0346,1.3835,0.3447
1.8054,0.0004,0.8677,1.8916,0.3467
1.5265,0.0004,0.7317,1.4957,0.3500
1.3428,0.0007,0.8015,1.1462,0.3500
1.7618,0.0005,0.9532,1.7915,0.3646
2.0217,0.0004,1.0050,2.1620,0.3791
2.0353,0.0006,0.8877,2.0226,0.3436
1.4605,0.0004,0.9648,1.4784,0.3412
1.6614,0.0005,0.7758,1.5057,0.3359
1.2452,0.0004,0.9337,1.2684,0.3359
1.5344,0.0004,0.8306,1.4363,0.3634
1.9472,0.0004,0.7053,1.7540,0.3359
1.8714,0.0005,1.2251,2.2474,0.3505
2.1190,0.0005,0.9534,2.0703,0.3580
1.4157,0.0003,0.8532,0.9553,0.3580
1.6098,0.0005,0.9872,2.1227,0.3649
1.5500,0.0005,0.7394,1.2840,0.3366
1.8346,0.0003,0.9826,1.6679,0.3520
1.6031,0.0003,0.8811,1.7503,0.3367
1.5391,0.0004,0.8447,1.6804,0.3450
1.7372,0.0004,0.8907,1.7191,0.3417
1.5549,0.0003,0.8501,1.6679,0.3400
1.4715,0.0004,0.7105,1.1949,0.3512
1.9379,0.0008,0.6992,1.8263,0.3337
2.1172,0.0006,0.8110,2.4036,0.3436
1.7438,0.0006,0.9691,1.4474,0.3432
1.9344,0.0004,0.8728,2.1529,0.3463
1.1973,0.0004,0.9044,1.3261,0.3355
1.7915,0.0005,0.7293,1.3937,0.3333
1.3138,0.0004,0.8845,1.7014,0.3333
1.7901,0.0004,0.9904,1.6823,0.3390
1.4184,0.0004,1.1254,1.2466,0.3382
1.7793,0.0005,1.0087,1.7536,0.3380
2.0364,0.0009,0.8665,2.0630,0.3411
1.8551,0.0008,1.0136,1.8966,0.3591
1.9282,0.0008,0.9260,1.7722,0.3405
2.1198,0.0008,0.9450,2.3850,0.3317
1.8511,0.0006,0.9570,1.9334,0.3535
1.5769,0.0007,0.8773,1.4570,0.3580
2.0730,0.0006,0.9680,2.0803,0.3499
1.6337,0.0006,0.9724,1.7463,0.3503
1.5116,0.0004,0.7350,1.1683,0.3503
1.8430,0.0007,0.8152,2.0909,0.3566
1.5301,0.0004,1.1547,1.5673,0.3566
1.6045,0.0004,0.9662,1.5139,0.3820
1.3081,0.0004,0.9885,1.4385,0.3374
1.6666,0.0004,0.7217,1.6404,0.3358
1.5433,0.0004,0.8194,1.5089,0.3386
1.9023,0.0004,0.7308,1.9274,0.3499
1.6716,0.0004,0.7080,1.5440,0.3471
1.3794,0.0003,0.8482,1.3263,0.3471
1.4585,0.0004,0.8593,1.3557,0.3596
1.6360,0.0005,0.9573,1.6030,0.3596
1.9251,0.0005,0.8882,1.9130,0.3618
1.5818,0.0006,0.9583,1.8741,0.3698
1.5865,0.0006,0.8122,1.5894,0.3408
1.3653,0.0005,0.6941,1.0831,0.3408
2.2114,0.0005,0.8694,2.2389,0.3474
1.1042,0.0003,1.1105,1.0720,0.3474
1.4616,0.0004,0.9993,1.5512,0.3474
1.7743,0.0004,0.8935,1.9116,0.3507
1.9727,0.0003,0.8601,1.8125,0.3552
1.5736,0.0004,0.9417,1.7126,0.3552
2.3785,0.0005,0.8473,2.2323,0.3750
1.6113,0.0005,1.0588,1.6219,0.3492
1.3229,0.0003,1.2737,1.3606,0.3553
1.2503,0.0004,0.8197,1.3374,0.3431
1.6014,0.0003,1.0302,1.5788,0.3323
1.4986,0.0004,0.7663,1.5019,0.3323
1.4107,0.0003,0.7249,1.2261,0.3383
1.5361,0.0004,0.7365,1.6148,0.3397
1.9667,0.0003,0.7546,2.0687,0.3389
1.2021,0.0003,0.7290,0.9154,0.3389
1.9211,0.0005,0.7270,2.1098,0.3503
1.6196,0.0007,1.0262,1.6919,0.3979
1.7495,0.0005,1.1977,1.6295,0.3549
1.5268,0.0004,0.8964,1.6162,0.3549
1.3683,0.0005,0.8220,1.3738,0.3448
1.8342,0.0007,0.7488,1.8061,0.3442
2.1105,0.0006,0.8425,2.0146,0.3474
1.3932,0.0005,1.1270,1.4124,0.3474
1.9692,0.0005,1.0441,1.6492,0.3399
1.7361,0.0004,1.1651,2.1524,0.3399
1.4599,0.0006,0.7923,1.3935,0.3441
2.3947,0.0006,0.9031,2.2762,0.3799
1.2610,0.0004,1.1160,1.1318,0.3799
1.7459,0.0005,1.0406,1.7833,0.3573
1.9288,0.0005,1.0702,2.1227,0.3394
1.9532,0.0005,0.9165,1.9546,0.3547
1.7328,0.0005,0.8652,1.7621,0.3455
1.7816,0.0006,0.7703,1.7718,0.3455
2.0691,0.0007,0.8146,2.0146,0.3394
1.9612,0.0008,0.8896,1.9097,0.3394
1.8709,0.0006,1.0635,1.7848,0.3841
1.6262,0.0006,1.3444,1.7554,0.3588
1.9654,0.0008,1.0988,1.9513,0.3536
1.6801,0.0007,0.8783,1.6571,0.3536
1.6084,0.0007,0.8557,1.4792,0.3411
2.1195,0.0007,0.9003,2.0910,0.3438
1.7712,0.0005,1.2060,1.9055,0.3599
1.6457,0.0005,0.9862,1.5954,0.3357
1.6136,0.0006,0.9723,1.6815,0.3357
2.2421,0.0006,0.9313,2.1526,0.3547
1.7356,0.0005,1.1053,1.8032,0.3456
1.8699,0.0006,0.9445,1.8644,0.3526
1.4943,0.0005,0.8791,1.4123,0.3526
1.5290,0.0005,0.8786,1.6421,0.3355
1.9773,0.0004,0.7795,1.9327,0.3621
1.7478,0.0005,0.8443,1.7527,0.3468
1.7175,0.0007,1.0241,1.7154,0.3360
2.1532,0.0004,0.8254,1.6324,0.3360
2.0102,0.0007,1.0254,2.4688,0.3520
1.7787,0.0005,1.0573,1.7095,0.3475
1.6556,0.0005,1.1138,1.5042,0.3353
1.6533,0.0005,0.8910,1.6086,0.3372
1.3675,0.0005,0.9845,1.6401,0.3481
1.7511,0.0006,1.0593,1.7624,0.3736
1.8064,0.0003,0.9475,1.7921,0.3392
1.5911,0.0004,0.8072,1.6130,0.3498
1.4928,0.0003,0.8408,1.4195,0.3282
2.0427,0.0006,1.0350,1.5216,0.3410
2.0256,0.0006,1.1437,2.3801,0.3692
1.7716,0.0005,1.4913,1.4393,0.3692
2.0854,0.0007,1.0384,2.5331,0.3414
2.0360,0.0006,1.0253,2.0861,0.3552
1.2859,0.0007,0.9305,1.2552,0.3552
1.9751,0.0004,0.9360,1.7871,0.3612
1.9856,0.0009,1.0070,1.8586,0.3399
2.4851,0.0007,1.1543,2.5520,0.3323
1.5383,0.0004,1.3552,1.7819,0.3323
2.0078,0.0004,1.1007,1.4096,0.3678
2.2228,0.0005,1.1384,2.7275,0.3339
1.7251,0.0004,1.3381,1.7104,0.3460
1.6940,0.0004,1.1941,1.8282,0.3460
2.0995,0.0004,0.7598,2.0506,0.3443
2.1958,0.0008,0.8627,2.1864,0.3409
1.4508,0.0005,1.0068,1.4699,0.3517
1.3575,0.0004,1.1427,1.3428,0.3404
1.7483,0.0008,0.9510,1.5100,0.3404
2.4595,0.0010,0.9499,2.5996,0.3602
1.8402,0.0008,1.4578,1.8028,0.3602
1.5645,0.0008,1.1798,1.6625,0.3493
2.3587,0.0007,0.8379,2.2263,0.3597
1.7705,0.0007,1.0377,1.8029,0.3677
1.5248,0.0007,1.0309,1.5699,0.3677
2.2559,0.0009,1.5353,2.2099,0.3615
2.3228,0.0004,1.1035,2.2550,0.3544
1.5985,0.0009,1.2034,1.6537,0.3544
2.3684,0.0008,1.1449,2.2885,0.3361
1.7632,0.0006,1.2578,1.8469,0.3427
2.2076,0.0008,1.0737,2.0912,0.3375
1.5679,0.0009,1.0975,1.6983,0.3375
1.7098,0.0008,1.0055,1.6918,0.3525
2.4650,0.0008,0.9369,2.3794,0.3523
1.8289,0.0007,1.1744,1.9132,0.3429
1.5721,0.0007,1.1421,1.5181,0.3429
2.0731,0.0007,1.1455,1.7706,0.3687
1.5875,0.0006,1.7482,1.7936,0.3687
1.9066,0.0008,1.1711,1.8410,0.3564
1.9107,0.0008,1.0818,2.0759,0.3365
1.8322,0.0005,0.9157,1.8179,0.3436
2.0398,0.0005,0.9236,2.0251,0.3436
1.4132,0.0005,0.9482,1.4803,0.3381
2.1121,0.0003,0.8250,1.8684,0.3368
2.1525,0.0005,0.7954,2.0874,0.3576
1.6004,0.0005,1.0522,1.8225,0.3576
1.7614,0.0005,0.9622,1.6987,0.4021
1.8218,0.0006,1.0385,1.6900,0.3490
1.5108,0.0006,1.1050,1.7072,0.3490
1.8298,0.0004,0.9964,1.7201,0.3324
1.7967,0.0004,0.9704,1.6853,0.3544
1.9638,0.0004,1.1023,2.1359,0.3517
1.9560,0.0004,1.1230,1.9711,0.3611
1.3418,0.0004,1.0722,1.3388,0.3611
1.8878,0.0006,0.8434,1.8059,0.3678
2.2501,0.0004,1.0624,2.1424,0.3412
1.5705,0.0005,1.2660,1.6046,0.3460
1.9451,0.0003,1.0914,2.0708,0.3390
2.2082,0.0005,0.8831,1.9606,0.3493
1.4792,0.0004,1.3936,1.6867,0.3486
1.7839,0.0005,1.1498,1.7932,0.3486
1.6515,0.0004,1.0679,1.7000,0.3482
1.8615,0.0006,0.8058,1.5426,0.3482
2.3449,0.0006,1.1606,2.4667,0.3404
1.1523,0.0006,1.0541,1.2308,0.3404
2.2785,0.0006,1.0924,2.2784,0.3565
1.7834,0.0006,1.1026,1.7611,0.3565
2.0982,0.0006,0.9817,2.1106,0.3526
1.2696,0.0003,1.1277,0.8880,0.3526
1.6972,0.0004,0.9876,1.9543,0.3486
2.1238,0.0004,1.1179,2.2601,0.3520
1.6883,0.0003,0.9705,1.7186,0.3429
2.1326,0.0004,0.7851,1.9924,0.3627
1.8467,0.0005,1.0779,1.8396,0.3824
1.9828,0.0004,1.0701,1.9628,0.3437
1.7887,0.0005,0.9593,1.5843,0.3524
1.3871,0.0004,1.3947,1.6854,0.3524
1.6279,0.0005,0.8925,1.2889,0.3692
1.7867,0.0005,0.8808,1.8476,0.3404
1.6784,0.0004,0.9571,1.7796,0.3420
1.8076,0.0005,0.9699,1.7075,0.3265
2.1302,0.0008,1.2084,1.9955,0.3567
1.8948,0.0006,1.2847,2.0469,0.3379
1.8802,0.0005,1.2942,2.0699,0.3491
2.1849,0.0006,1.0104,2.1544,0.3690
1.7620,0.0005,1.0872,1.7286,0.3690
1.9577,0.0004,1.0718,2.0099,0.3413
1.8700,0.0005,0.9590,1.6587,0.3413
1.9094,0.0004,0.8867,1.9587,0.3389
2.1403,0.0008,0.9135,2.1947,0.3588
1.8808,0.0008,1.0390,1.8899,0.3835
2.1237,0.0011,1.1349,2.1120,0.3543
2.0053,0.0007,1.0831,1.9616,0.3543
2.1137,0.0007,1.1273,2.1565,0.3417
1.2465,0.0005,1.0355,1.3239,0.3417
1.4596,0.0005,0.8849,1.3833,0.3563
1.8179,0.0006,0.8208,1.5637,0.3448
1.8295,0.0004,0.8297,2.1307,0.3306
1.8554,0.0006,0.8012,1.5722,0.3380
1.9965,0.0009,1.0678,2.1136,0.3711
2.1114,0.0009,1.3037,2.0562,0.3554
1.4853,0.0007,1.1302,1.5604,0.3676
1.8501,0.0007,1.0931,1.6571,0.3620
1.0111,0.0005,1.1763,0.9777,0.3620
2.3134,0.0007,0.9185,2.5376,0.3331
1.3491,0.0005,0.8899,1.4139,0.3331
1.7163,0.0006,0.8799,1.4208,0.3459
2.2382,0.0006,0.7965,2.4986,0.3438
2.8777,0.0010,0.9078,2.4282,0.3772
1.0656,0.0005,1.6386,1.1231,0.3654
1.4326,0.0006,0.9765,1.6013,0.3654
2.1191,0.0006,0.8753,2.2886,0.3277
1.9546,0.0005,0.9717,1.8432,0.3424
1.2424,0.0005,1.0181,1.4132,0.3270
1.5356,0.0005,0.7642,1.4069,0.3270
2.0349,0.0004,0.8894,2.1122,0.3446
1.9174,0.0003,0.8225,1.9446,0.3570
1.7764,0.0005,0.7721,1.6543,0.3570
1.7935,0.0004,1.1787,1.6476,0.3623
2.4426,0.0007,1.2351,2.5979,0.3477
2.0653,0.0006,1.1607,1.9317,0.3526
1.4344,0.0005,1.1516,1.5875,0.3526
1.7338,0.0004,0.9335,1.7229,0.3367
1.6363,0.0003,0.8537,1.6662,0.3350
2.1666,0.0003,0.7997,2.1281,0.3438
1.7243,0.0003,0.9082,1.6909,0.3438
1.8814,0.0005,0.9381,1.8778,0.3488
1.8083,0.0005,1.3490,1.5096,0.3467
1.9582,0.0004,1.4246,2.1772,0.3394
1.6629,0.0004,1.1646,1.7210,0.3394
2.0096,0.0004,0.9607,1.6609,0.3428
2.1719,0.0005,1.0605,2.4778,0.3740
1.1041,0.0006,1.0098,0.9157,0.3740
2.1601,0.0007,0.9314,2.3819,0.3346
1.5326,0.0005,0.9534,1.5602,0.3566
1.7932,0.0006,0.9001,1.7635,0.3566
2.0561,0.0006,0.9060,2.0330,0.3480
1.5897,0.0003,1.0262,1.5857,0.3480
2.0960,0.0006,0.8160,2.0026,0.3572
1.7094,0.0008,0.9343,1.7268,0.3469
1.6514,0.0007,1.0366,1.7091,0.3469
1.6711,0.0007,1.1938,1.6916,0.3623
2.0657,0.0009,0.9400,2.0442,0.3452
1.8300,0.0007,1.1230,1.7648,0.3452
2.3688,0.0009,1.3353,2.2760,0.3654
1.7316,0.0007,1.2131,1.3456,0.3563
1.1979,0.0005,1.6949,1.7520,0.3563
2.2254,0.0007,0.9775,2.1353,0.3555
1.4295,0.0006,1.0783,1.1099,0.3415
1.8718,0.0004,1.0611,2.2469,0.3448
1.6735,0.0004,0.9838,1.6733,0.3478
1.5699,0.0006,0.8838,1.4172,0.3460
2.0665,0.0005,1.0273,2.0050,0.3591
1.4616,0.0006,1.2279,1.6444,0.3591
2.2803,0.0007,0.9460,2.1940,0.3768
1.7283,0.0006,1.0835,1.6738,0.3656
1.5173,0.0005,1.0885,1.3717,0.3561
1.9550,0.0005,1.1070,2.0936,0.3476
1.5679,0.0006,1.0636,1.4890,0.3476
1.8586,0.0005,0.8652,1.9144,0.3511
1.6453,0.0005,1.0046,1.7506,0.3511
1.7155,0.0008,1.0786,1.7231,0.3532
2.1553,0.0007,0.8643,2.0011,0.3382
2.0634,0.0010,1.0642,2.0078,0.3537
1.5699,0.0008,1.4167,1.7003,0.3537
1.6607,0.0009,1.1247,1.7040,0.3772
2.0950,0.0009,0.9221,2.0672,0.3411
1.2517,0.0005,1.1000,1.1273,0.3411
2.1769,0.0004,1.1274,2.3154,0.3381
2.0998,0.0007,0.8365,1.9484,0.3494
1.9647,0.0004,1.0875,1.9908,0.3442
1.8376,0.0003,1.0219,1.4958,0.3490
1.8972,0.0004,1.0936,2.3293,0.3490
1.3344,0.0005,1.1056,1.3606,0.3535
2.1049,0.0005,0.9096,2.0209,0.3367
1.7179,0.0003,0.9918,1.7346,0.3639
1.5911,0.0005,0.9365,1.6577,0.3639
1.5017,0.0006,0.7248,1.4680,0.3576
1.9540,0.0003,0.8437,1.9309,0.3664
1.8052,0.0003,0.9756,1.7728,0.3497
1.4339,0.0003,0.7956,1.5038,0.3499
1.8256,0.0003,0.8312,1.6532,0.3429
1.3567,0.0004,1.0434,1.4661,0.3456
1.7884,0.0004,0.8414,1.7455,0.3456
1.6730,0.0004,0.8772,1.4661,0.3452
1.6777,0.0004,1.0893,1.8311,0.3608
1.9532,0.0004,1.0073,1.9998,0.3608
1.8094,0.0004,0.8080,1.5007,0.3442
2.2842,0.0004,0.9332,2.5781,0.3497
1.1500,0.0003,1.0241,1.0684,0.3497
1.8712,0.0006,0.8502,1.9804,0.3487
1.7627,0.0006,0.8514,1.3965,0.3487
1.4988,0.0008,1.2357,1.8223,0.3829
1.6460,0.0004,0.9873,1.0785,0.3619
1.9320,0.0005,0.7940,2.5170,0.3472
1.0904,0.0005,0.7893,1.0508,0.3472
1.6295,0.0007,0.7507,1.4374,0.3384
1.6611,0.0004,0.8127,1.7650,0.3508
0.9599,0.0006,0.9173,1.0935,0.3340
1.6725,0.0004,0.7832,1.3641,0.3554
1.9467,0.0003,1.0254,2.2200,0.3377
1.7935,0.0005,0.9519,1.7784,0.3475
1.4525,0.0005,0.8192,1.2993,0.3475
1.8106,0.0004,1.1910,1.9019,0.3908
1.7041,0.0004,0.9047,1.6277,0.3583
2.2948,0.0005,0.9078,2.3016,0.3350
1.5526,0.0004,1.2060,1.6643,0.3589
1.2581,0.0005,0.7760,1.0673,0.3589
1.7214,0.0004,0.7146,1.5917,0.3517
2.0472,0.0004,0.7419,2.3434,0.3434
1.2725,0.0004,0.7922,1.3119,0.3520
1.9084,0.0003,0.7199,1.8621,0.3428
1.5704,0.0003,0.7583,1.3763,0.6303
1.3934,0.0005,1.6119,1.4899,0.6303
1.7121,0.0005,0.8558,1.5595,0.3588
2.2119,0.0005,1.0172,2.4134,0.3397
2.0584,0.0005,0.8120,2.0516,0.3550
1.3511,0.0006,0.8076,1.3746,0.3358
1.5099,0.0004,0.7633,1.4550,0.3358
1.6574,0.0004,0.8360,1.3526,0.3538
1.9847,0.0004,0.8075,2.2261,0.3391
1.4595,0.0005,0.8950,1.4605,0.3385
1.8769,0.0004,0.7706,1.8958,0.3412
1.7118,0.0003,0.9060,1.7508,0.3441
1.7934,0.0003,0.9032,1.8089,0.3441
1.7526,0.0004,0.8143,1.7783,0.3373
1.9152,0.0004,0.7326,1.7995,0.3522
1.6690,0.0005,0.8248,1.7245,0.3392
2.0248,0.0003,0.8413,1.9307,0.3573
1.7528,0.0006,0.9319,1.7984,0.3573
1.6177,0.0003,0.8609,1.6857,0.3449
1.6724,0.0009,0.7556,1.3475,0.3401
2.0411,0.0008,0.9397,2.2575,0.3603
2.0823,0.0008,0.9518,2.0637,0.3531
1.7777,0.0007,0.9976,1.7808,0.3380
1.3291,0.0006,0.9094,1.4191,0.3380
1.5632,0.0008,0.7740,1.2788,0.3429
2.1935,0.0004,0.7992,2.2889,0.3457
1.2847,0.0004,0.9533,1.4650,0.3476
1.9592,0.0007,0.6967,1.9093,0.3406
1.5497,0.0004,0.7265,1.5426,0.3406
1.7470,0.0005,0.9845,1.4911,0.3701
2.4010,0.0006,1.0779,2.6177,0.3437
1.6822,0.0004,0.9109,1.5397,0.3484
1.6976,0.0003,1.0645,1.8863,0.3388
1.5418,0.0004,0.9177,1.2599,0.3388
1.9319,0.0005,0.7130,2.0840,0.3427
1.2466,0.0004,0.8893,1.3395,0.3427
1.6493,0.0003,0.7597,1.6255,0.3434
1.7129,0.0004,0.7545,1.7273,0.3467
1.7077,0.0006,0.7491,1.5353,0.3453
1.5904,0.0005,1.0003,1.7174,0.3648
1.7461,0.0004,0.9019,1.7393,0.3648
1.6500,0.0004,0.8160,1.4406,0.3456
2.0576,0.0005,0.7918,2.2778,0.3409
1.2710,0.0006,0.7866,1.0662,0.3438
2.0007,0.0005,0.7546,2.1934,0.3344
1.8640,0.0004,0.7517,1.8464,0.3368
1.5943,0.0004,0.7747,1.5679,0.3368
1.9860,0.0006,0.8044,1.8037,0.3474
1.2985,0.0005,1.2819,1.4499,0.6701
1.8326,0.0005,1.0032,1.6479,0.6701
2.0088,0.0005,0.9380,2.2078,0.3463
1.6062,0.0005,0.8393,1.6145,0.3498
1.1812,0.0003,0.8083,1.0197,0.3498
2.1636,0.0004,0.7898,2.2785,0.3292
1.5942,0.0004,0.8952,1.6437,0.3383
1.0522,0.0004,0.7820,0.9892,0.3383
1.6989,0.0005,0.7627,1.3609,0.3602
2.0453,0.0005,1.0240,2.1890,0.3546
2.0408,0.0004,1.0969,2.2071,0.3372
1.7273,0.0004,1.1296,1.7595,0.3559
1.6576,0.0004,0.9700,1.6154,0.3480
1.3016,0.0004,0.8950,1.1298,0.3480
2.0129,0.0004,1.0040,2.2063,0.3446
1.3385,0.0004,0.9612,1.3691,0.3399
1.9673,0.0005,0.7492,1.8178,0.3484
1.8412,0.0005,0.9101,1.8091,0.3446
1.7714,0.0004,1.0137,1.6886,0.3446
1.9561,0.0004,0.9942,2.1085,0.3508
1.6965,0.0005,0.9497,1.4762,0.3457
2.0026,0.0003,1.1149,2.2107,0.3396
1.3979,0.0003,1.0408,1.1574,0.3396
2.0271,0.0005,0.8419,2.3144,0.3469
1.7650,0.0005,0.9336,1.7541,0.3415
1.6230,0.0004,0.8554,1.2859,0.3339
2.2489,0.0004,0.8852,2.4505,0.3703
1.7007,0.0004,1.0795,1.6105,0.3397
1.1432,0.0004,1.1362,1.1224,0.3587
1.4901,0.0005,1.0072,1.2893,0.3587
1.9259,0.0004,1.1708,1.7182,0.3708
2.3519,0.0005,1.0827,2.7329,0.3448
0.9210,0.0005,1.1396,0.8728,0.3448
1.7861,0.0005,0.9044,1.7908,0.3403
2.0349,0.0005,1.0342,2.2044,0.3333
1.8327,0.0004,1.0603,1.2366,0.3333
2.2019,0.0004,0.8907,2.8330,0.3326
1.5386,0.0004,0.7878,1.0657,0.3326
2.1277,0.0005,0.7732,2.5988,0.3552
1.3748,0.0005,0.8432,1.3320,0.3552
1.8442,0.0006,0.8269,1.6252,0.3615
1.5528,0.0004,0.8173,1.5430,0.3490
2.1239,0.0004,0.8743,2.3805,0.3635
1.4415,0.0004,0.9146,1.4659,0.3422
1.2269,0.0004,0.8003,1.0981,0.3422
1.7966,0.0003,0.7676,1.8903,0.3551
1.4464,0.0004,0.8139,1.3214,0.3551
1.3818,0.0004,0.8676,1.2961,0.3472
2.2573,0.0005,0.9383,1.9617,0.3833
0.9629,0.0004,1.3846,1.4778,0.3833
1.7756,0.0004,0.7783,1.7460,0.3324
1.6873,0.0004,0.6973,1.6332,0.3324
1.5731,0.0005,0.7804,1.6109,0.3410
2.4564,0.0005,0.6935,2.0733,0.3458
0.9828,0.0004,1.1538,1.3702,0.3458
1.5698,0.0003,0.7410,1.4714,0.3681
2.0049,0.0003,0.8006,1.5752,0.3402
2.3088,0.0005,0.7859,2.5941,0.3458
1.3913,0.0005,1.1325,1.4359,0.3458
2.0653,0.0003,1.2725,2.0645,0.3516
1.4991,0.0004,1.0457,1.5206,0.3567
1.8679,0.0005,0.8272,1.9720,0.3560
1.6729,0.0004,0.7560,1.5363,0.3560
1.7062,0.0005,0.8487,1.8473,0.3383
1.6528,0.0005,0.8002,1.6303,0.3380
1.2335,0.0004,0.8036,1.0877,0.3380
1.7433,0.0004,0.8882,1.8028,0.3413
1.8489,0.0002,0.7624,1.8645,0.3474
1.4124,0.0004,0.7179,1.3366,0.3663
1.6662,0.0004,1.1510,1.7112,0.3663
1.7074,0.0002,0.8104,1.5448,0.3537
1.6829,0.0003,0.8864,1.9094,0.3537
1.5569,0.0004,0.8397,1.2427,0.3384
1.5019,0.0005,1.0444,1.5468,0.3384
1.5712,0.0004,0.8656,1.7296,0.3347
1.7695,0.0004,0.7332,1.8735,0.3498
1.4486,0.0005,0.7940,1.1175,0.3498
1.8653,0.0004,0.9377,2.1672,0.3448
1.5964,0.0007,0.7948,1.4443,0.3448
1.6054,0.0006,0.9022,1.7165,0.5272
1.8720,0.0005,0.9253,1.4727,0.3941
1.9449,0.0006,0.8932,2.3025,0.3502
1.5160,0.0004,1.0736,1.2584,0.3502
1.8480,0.0004,0.9592,2.1348,0.3381
1.6306,0.0004,0.8224,1.5677,0.3295
1.9261,0.0004,0.9289,1.9398,0.3333
1.6566,0.0004,0.9428,1.7321,0.3435
1.6021,0.0004,0.6703,1.6072,0.3454
2.2644,0.0005,0.6313,2.1345,0.3711
1.5980,0.0004,0.8242,1.5687,0.3711
1.9693,0.0005,0.8250,1.8862,0.3464
1.8295,0.0004,0.7568,2.0354,0.3563
1.9495,0.0003,0.6415,1.5199,0.3357
1.7692,0.0003,0.7487,2.1054,0.3342
1.9174,0.0003,0.6122,1.9073,0.3460
1.5935,0.0004,0.7305,1.6792,0.3460
1.6932,0.0004,0.6214,1.2293,0.3462
1.3951,0.0007,0.8298,1.6635,0.3313
1.9368,0.0006,0.8353,1.8876,0.3649
1.7275,0.0005,1.0749,1.8581,0.3399
1.4739,0.0005,0.8738,1.5547,0.3423
1.8504,0.0003,0.7241,1.7673,0.3395
1.2982,0.0004,0.7734,1.3686,0.3395
1.9008,0.0184,0.6639,1.6109,0.3315
1.5141,0.0010,0.7784,1.7933,0.3447
1.7071,0.0004,0.7616,1.5806,0.3413
1.9850,0.0003,0.7130,2.0864,0.3489
1.4871,0.0004,0.6417,1.1946,0.3951
2.3588,0.0004,0.8575,2.2472,0.3719
1.7372,0.0004,1.1638,2.0727,0.3372
1.2260,0.0004,0.9540,1.2843,0.3372
1.5223,0.0004,0.8659,1.2334,0.3467
1.5773,0.0003,0.7508,1.4597,0.3433
1.9357,0.0004,0.6525,2.2951,0.3486
1.3142,0.0004,0.6992,1.1135,0.3406
1.8633,0.0005,0.6768,2.0615,0.3514
1.4178,0.0004,0.6533,1.2621,0.3514
1.9286,0.0006,0.8534,1.8040,0.3391
1.3999,0.0005,1.0379,1.5839,0.3764
2.0462,0.0004,0.8149,2.1210,0.3697
1.6678,0.0004,0.6558,1.6756,0.3495
1.5542,0.0003,0.7054,1.4602,0.3542
1.8125,0.0003,0.9001,1.8985,0.3586
1.2728,0.0004,0.7067,1.1084,0.3586
1.8759,0.0004,0.7849,1.9742,0.3463
1.7334,0.0003,0.7515,1.6970,0.3335
1.9731,0.0003,0.6635,1.4788,0.3259
1.9402,0.0003,0.9358,2.1572,0.3507
1.5757,0.0005,0.8763,1.7501,0.3705
1.4422,0.0003,0.9359,1.5233,0.3428
1.6185,0.0003,0.8701,1.4317,0.3489
1.9072,0.0003,0.7716,2.0003,0.3637
1.3284,0.0003,0.8252,1.4128,0.3395
1.6909,0.0004,0.7142,1.6949,0.3395
1.6739,0.0005,0.7713,1.6778,0.3307
1.3826,0.0004,0.7852,1.4212,0.3308
1.7906,0.0008,0.7536,1.6904,0.3363
1.3823,0.0003,1.5512,1.1507,0.3821
2.2710,0.0006,1.2000,2.3239,0.3735
1.9064,0.0006,1.2681,2.1194,0.3735
1.4426,0.0005,0.8336,1.4440,0.3521
1.4123,0.0005,0.7693,1.4438,0.3686
1.6883,0.0006,0.7024,1.6629,0.3603
0.9352,0.0005,0.7410,0.9590,0.3603
1.7424,0.0004,0.6590,1.6876,0.3528
1.6308,0.0005,0.6491,1.5711,0.3479
1.4556,0.0005,0.7841,1.5251,0.3461
1.2948,0.0004,0.6554,1.2599,0.3461
2.0712,0.0004,0.6993,1.6214,1.0760
1.5641,0.0005,1.0245,2.0426,1.0760
1.2416,0.0003,0.7790,1.2017,0.3383
1.7970,0.0003,0.7739,1.2053,0.3612
1.6602,0.0004,0.8213,2.0098,0.3349
1.4622,0.0004,0.6369,1.7292,0.3285
1.4540,0.0002,0.6136,1.4377,0.3380
1.6824,0.0003,0.6989,1.6967,0.3380
1.5233,0.0004,0.8079,1.1622,0.3345
1.4630,0.0003,0.8927,1.6234,0.3345
2.0318,0.0005,0.7477,2.1371,0.3794
1.3032,0.0005,0.8962,1.0643,0.3794
1.7896,0.0003,0.7816,1.6172,0.3485
1.5911,0.0004,0.8100,1.7653,0.3659
1.4860,0.0003,0.8048,1.7048,0.3659
1.6626,0.0003,0.8155,1.7400,0.3329
1.6258,0.0004,0.6447,1.4423,0.3507
1.6353,0.0003,0.7237,1.6060,0.3712
1.5064,0.0004,0.7940,1.5312,0.3712
1.9470,0.0004,0.6960,2.1210,0.3588
1.6045,0.0005,0.7241,1.4486,0.3506
1.7729,0.0004,0.8883,1.5361,0.5448
1.6189,0.0003,0.8674,1.4147,0.3556
1.3571,0.0003,1.0829,1.8366,0.3556
2.0449,0.0003,0.6189,2.1212,0.3428
1.8451,0.0004,0.6480,1.7202,0.3375
1.7181,0.0004,0.8706,1.6777,0.3465
1.2091,0.0005,0.8347,1.1892,0.3465
1.8581,0.0005,0.7501,1.8591,0.3363
1.2881,0.0004,0.8934,1.3819,0.3542
1.7305,0.0006,0.8163,1.6398,0.3617
2.0459,0.0005,0.8833,2.1284,0.3598
1.5161,0.0004,0.8214,1.5692,0.3598
2.0276,0.0003,0.6726,1.9167,0.3457
1.4387,0.0006,0.7525,1.4777,0.3473
1.3925,0.0005,0.6952,1.3763,0.3384
1.3727,0.0004,0.7651,1.1776,0.3450
2.1013,0.0004,0.8936,2.2538,0.3450
1.4842,0.0004,0.8727,1.4780,0.3450
1.3608,0.0003,0.7972,1.2528,0.3450
1.3758,0.0004,0.7253,1.5479,0.3324
1.8331,0.0004,0.8682,1.4740,0.3982
0.9507,0.0003,1.0651,1.1550,0.3982
1.5014,0.0005,0.7755,1.5307,0.3518
1.3408,0.0004,0.6520,1.4644,0.3542
2.0616,0.0004,0.6594,1.9248,0.3397
0.9795,0.0003,0.8196,1.1059,0.3411
1.2634,0.0004,0.6991,0.9427,0.3411
1.6889,0.0004,0.6942,1.7236,0.3442
1.5387,0.0003,0.8132,1.7289,0.3467
1.2030,0.0003,0.7861,1.1131,0.3461
1.2403,0.0003,0.8835,1.4272,0.3461
1.4307,0.0005,0.5907,1.2214,0.3490
2.0815,0.0004,0.8470,2.2224,0.3627
1.4205,0.0002,0.8460,1.4646,0.3490
1.2745,0.0003,0.7297,1.2360,0.3490
1.6118,0.0004,0.6771,1.3206,0.3535
1.4820,0.0005,0.7530,1.8116,0.3492
1.4808,0.0004,0.6503,1.4217,0.3492
1.5338,0.0003,0.7380,1.4377,0.3495
1.7106,0.0004,0.7378,1.3843,0.3419
1.3472,0.0010,0.8791,1.7920,0.3419
2.2884,0.0004,0.7457,2.2410,0.3467
1.5675,0.0004,0.7138,1.5742,0.9224
1.3432,0.0003,0.7809,1.3611,0.3546
1.2782,0.0004,0.7654,1.0198,0.3546
1.4589,0.0004,0.8362,1.5602,0.3542
1.6647,0.0005,0.6857,1.6521,0.3430
1.2503,0.0004,0.7797,1.3912,0.3504
1.5389,0.0005,0.8794,1.4488,0.3456
1.6669,0.0004,0.7248,1.7470,0.3435
1.9175,0.0004,0.7568,1.9105,0.3398
1.3400,0.0004,0.7977,0.7605,0.3398
2.1037,0.0005,0.7960,2.6558,0.3426
1.0175,0.0004,0.7578,0.9619,0.3426
1.6279,0.0004,0.9483,1.7142,0.3500
1.3455,0.0003,0.6851,1.3172,0.3663
1.6426,0.0004,0.7131,1.2164,0.3663
1.8174,0.0005,0.9899,2.2366,0.3567
1.3507,0.0004,0.8882,1.3762,0.3567
1.6633,0.0004,0.6765,1.6181,0.3724
1.2500,0.0003,0.6494,1.0218,0.3724
1.5803,0.0006,0.6681,1.5815,0.3561
1.8986,0.0004,0.6792,1.6175,0.3440
1.6487,0.0004,1.0022,1.8822,0.3334
1.5654,0.0004,0.7780,1.8242,0.5359
1.9481,0.0004,0.7676,1.8503,0.3650
1.5170,0.0004,1.0360,1.4623,0.3459
1.7152,0.0004,0.8008,1.7131,0.3400
2.0194,0.0004,0.7928,2.1592,0.3439
1.7042,0.0004,0.7383,1.7265,0.3439
1.1642,0.0003,0.7004,1.1173,0.3469
1.5921,0.0004,0.9063,1.2057,0.3431
1.9484,0.0003,0.7647,2.3537,0.3386
1.4745,0.0006,0.6387,1.1843,0.3386
1.7544,0.0005,0.7640,1.9198,0.3877
1.6122,0.0003,0.9223,1.2308,0.3575
1.6872,0.0003,1.0736,2.1475,0.3575
1.7958,0.0004,0.7380,1.6879,0.3456
1.8697,0.0002,0.7236,1.9782,0.3458
1.0703,0.0004,0.6575,0.8887,0.3458
1.5714,0.0003,0.6861,1.3768,0.3510
1.9446,0.0003,0.6309,2.3048,0.3522
1.2176,0.0003,0.6978,1.2154,0.3522
1.7675,0.0004,0.7830,1.7055,0.3526
2.1093,0.0005,0.9697,2.0064,0.5478
1.4976,0.0003,0.9811,1.5287,0.3440
0.9632,0.0003,0.8549,1.0007,0.3440
2.0303,0.0003,0.7026,1.9916,0.3314
1.6679,0.0004,0.7460,1.1946,0.3421
2.1508,0.0004,0.8164,2.5450,0.3528
1.2086,0.0003,0.8071,1.3074,0.3430
1.7747,0.0003,0.6452,1.5056,0.3430
1.2865,0.0003,0.7106,1.4541,0.3463
2.0004,0.0004,0.7344,2.0188,0.3542
1.6279,0.0005,0.8380,1.7000,0.3536
1.4553,0.0003,0.8748,1.3765,0.3536
1.5159,0.0003,0.8206,1.3690,0.3407
1.4977,0.0003,0.8661,1.7634,0.3435
1.4887,0.0004,0.7190,1.2372,0.3489
1.7542,0.0003,0.9526,2.0004,0.3574
1.6964,0.0003,0.6374,1.6521,0.3574
1.1463,0.0004,0.7196,1.1271,0.3360
1.6014,0.0003,0.8705,1.6251,0.3404
1.4522,0.0005,0.6738,1.3621,0.3404
2.0877,0.0009,0.7451,2.1020,0.3477
1.3985,0.0005,0.8429,1.0619,0.3961
2.0447,0.0004,1.1327,2.3347,0.3522
1.4806,0.0003,1.0149,1.4808,0.3506
1.5005,0.0003,0.7893,1.5425,0.3607
1.2736,0.0004,0.8380,1.2779,0.3607
2.0061,0.0003,0.7002,1.8838,0.3355
1.6490,0.0004,0.7492,1.4640,0.3563
1.5552,0.0003,0.8331,1.5815,0.3472
1.9681,0.0003,0.7553,2.0660,0.3667
2.0041,0.0006,1.0351,1.8241,0.3660
0.9420,0.0004,1.4494,1.0107,0.3660
1.7595,0.0004,0.8152,1.7317,0.3307
1.9061,0.0005,0.7621,2.0644,0.3415
1.7420,0.0003,0.8248,1.8925,0.3640
1.1873,0.0004,0.7530,1.1643,0.3403
1.5284,0.0004,0.7597,1.3323,0.3403
1.2695,0.0002,0.8932,1.3225,0.3498
2.1407,0.0004,0.7420,2.1367,0.3444
1.1829,0.0004,0.8674,1.0819,0.3444
1.5979,0.0006,0.8054,1.8078,0.3381
1.6259,0.0004,1.0399,1.5018,0.3507
1.8168,0.0005,1.1867,1.9819,0.3535
1.6947,0.0003,0.7096,1.4812,0.3496
1.4796,0.0003,0.9448,1.5645,0.3545
1.5495,0.0003,0.9070,1.6876,0.3487
2.0925,0.0004,0.6311,1.9156,0.3398
0.9455,0.0003,0.7931,1.0438,0.3398
1.7636,0.0004,0.6522,1.7180,0.3440
1.5388,0.0003,0.7989,1.4902,0.3440
1.7878,0.0003,0.7836,1.8106,0.3513
1.2095,0.0007,0.8250,1.2688,0.3513
1.8503,0.0005,0.8667,1.7644,0.3525
2.0419,0.0004,0.8866,2.1304,0.3542
1.3077,0.0004,0.8970,1.2606,0.3542
1.3400,0.0002,0.7732,1.3051,0.3514
1.7567,0.0003,0.8400,1.5025,0.3636
1.1941,0.0004,0.6797,1.3592,0.3526
1.9342,0.0004,0.6598,2.0552,0.3434
1.7367,0.0003,0.7405,1.7454,0.3469
1.2334,0.0004,0.7330,1.1086,0.3466
1.9774,0.0003,0.6734,2.0779,0.3460
1.5244,0.0004,0.7498,1.2702,0.3560
1.4374,0.0004,1.0845,1.3493,0.5431
1.4015,0.0004,0.9228,1.4405,0.3285
1.0667,0.0004,0.8702,1.3782,0.3369
1.5790,0.0003,0.7804,1.3486,0.3291
1.6397,0.0004,0.6958,1.7660,0.3515
1.1975,0.0003,0.6318,1.2762,0.3352
2.0014,0.0004,0.6295,1.9481,0.3585
1.3190,0.0006,0.7600,0.9650,0.3585
1.7543,0.0003,0.7981,1.9096,0.3350
1.7339,0.0004,0.6396,1.9827,0.3344
1.7340,0.0006,0.6511,1.7229,0.3381
1.5422,0.0004,0.7693,1.5504,0.3372
1.1031,0.0003,0.6894,0.9153,0.3372
1.8117,0.0003,0.6447,2.0088,0.3501
1.5807,0.0003,0.6340,1.5721,0.3501
1.4982,0.0004,0.6539,1.2444,0.3465
1.7709,0.0003,0.8831,1.8983,0.3643
1.5780,0.0004,0.9570,1.5560,0.3483
1.3305,0.0003,0.9031,1.3769,0.3466
1.7996,0.0004,0.7548,1.4041,0.3445
1.5425,0.0005,0.9497,1.7113,0.3851
1.4761,0.0005,1.2485,1.6170,0.3851
2.2522,0.0005,0.9142,1.5635,0.3727
1.9429,0.0004,0.8543,2.7095,0.3370
1.3445,0.0003,0.8746,1.2072,0.3370
1.5095,0.0005,0.8542,1.6401,0.3595
1.7453,0.0004,0.9162,1.3788,0.3442
1.9782,0.0005,0.7775,2.2884,0.3374
1.2286,0.0003,0.7330,1.0530,0.3374
1.9114,0.0003,0.7664,2.1454,0.3443
1.3041,0.0005,0.6684,1.2954,0.3443
1.5742,0.0003,0.7700,1.4710,0.3946
1.6010,0.0004,0.7434,1.4132,0.3588
1.9424,0.0003,0.7887,2.2323,0.3377
1.6345,0.0004,0.6861,1.5269,0.3444
1.1473,0.0004,0.7650,1.2287,0.3480
1.7235,0.0004,1.0503,1.2493,0.3399
1.2754,0.0003,0.8147,1.6178,0.3399
1.9619,0.0002,0.7771,2.1215,0.3542
1.3084,0.0003,0.5448,1.0016,0.3508
1.1580,0.0003,0.7153,1.3247,0.3508
2.0818,0.0003,0.6178,2.1225,0.3536
1.2206,0.0004,0.8077,1.1128,0.5413
1.6951,0.0004,0.7733,1.4505,0.3478
1.2498,0.0004,0.8800,1.6114,0.3465
1.9022,0.0003,0.7951,1.2791,0.3496
1.6498,0.0004,0.8553,2.2209,0.3405
1.5729,0.0003,0.8982,1.5999,0.3397
1.3474,0.0003,0.7282,1.2152,0.3456
1.8537,0.0004,0.6805,1.6019,0.3610
1.5061,0.0004,0.8159,1.7348,0.3610
1.8671,0.0005,0.6213,1.9852,0.3587
1.3454,0.0005,1.1620,1.0703,0.3880
1.5315,0.0004,0.9583,1.8637,0.3880
1.8098,0.0005,0.7427,1.3390,0.3399
2.1565,0.0003,1.0517,2.4150,0.3484
1.6708,0.0003,0.9162,1.7783,0.3484
1.0895,0.0004,0.8432,1.0368,0.3643
1.4969,0.0004,0.9224,1.5193,0.3509
1.1199,0.0004,0.8745,1.0560,0.3509
1.5152,0.0003,0.6164,1.4153,0.3611
1.5874,0.0003,0.6817,1.5823,0.3365
1.8268,0.0006,0.8777,1.7617,0.3557
1.2801,0.0004,1.1552,1.2723,0.5387
1.6482,0.0004,0.9278,1.9184,0.3435
1.7723,0.0005,0.7572,1.6489,0.3600
1.3105,0.0003,0.7940,1.4452,0.3634
1.3343,0.0003,0.6587,1.2881,0.3634
1.4977,0.0003,0.7599,1.2151,0.3401
2.0171,0.0004,0.8101,2.3231,0.3404
1.9675,0.0004,0.6841,1.8438,0.3555
1.3078,0.0003,0.9858,1.4217,0.3555
1.5900,0.0006,0.6302,1.5158,0.3541
1.6320,0.0005,0.8090,1.6350,0.3566
1.8271,0.0003,1.2385,1.8459,0.3523
1.3525,0.0003,0.9389,1.1376,0.3523
1.6205,0.0002,0.7275,1.8452,0.3423
1.6421,0.0005,0.7361,1.2057,0.3447
1.8847,0.0006,0.7706,2.3016,0.3421
1.5337,0.0004,0.7343,1.3119,0.3380
1.9369,0.0003,0.6860,2.1652,0.3388
1.5692,0.0003,0.6060,1.5701,0.3336
1.5645,0.0005,0.5979,1.5257,0.3391
1.5791,0.0007,0.7234,1.2471,0.3732
1.4540,0.0006,1.2066,1.5449,0.3732
1.4851,0.0004,0.8891,1.6186,0.3504
1.6449,0.0005,1.2115,1.6979,0.3485
1.8947,0.0004,0.9197,1.9351,0.3564
1.2891,0.0004,0.7439,1.2923,0.3564
1.5257,0.0003,0.7156,1.4780,0.3538
1.6248,0.0004,0.7593,1.6206,0.3517
1.4237,0.0003,0.7366,1.2055,0.3493
1.8711,0.0004,0.6675,1.9015,0.3431
1.4597,0.0008,0.9101,1.5601,0.3431
1.7852,0.0005,0.9465,1.7886,0.3952
1.4390,0.0005,1.0535,1.1369,0.3952
2.1175,0.0003,1.0095,2.5082,0.3609
1.2064,0.0003,0.6800,1.1191,0.3609
1.5284,0.0004,0.7195,1.3346,0.3450
2.0312,0.0004,0.6754,2.2096,0.3365
1.5985,0.0004,0.9500,1.5367,0.3524
1.4101,0.0005,0.8671,1.5418,0.3367
1.0253,0.0003,0.6845,0.9684,0.3367
1.6674,0.0004,0.9011,1.3190,0.3675
2.3238,0.0004,0.7618,2.6055,0.3732
1.4644,0.0005,0.9438,1.4850,0.3753
1.8413,0.0004,0.9541,1.7497,0.3753
2.0875,0.0003,0.6681,2.2720,0.3510
1.2658,0.0003,0.7232,0.9579,0.3510
2.0368,0.0003,0.8630,2.2689,0.3770
1.3383,0.0003,0.6986,1.3935,0.3770
1.3531,0.0006,0.6811,1.3072,0.3422
1.8137,0.0004,0.6515,1.8428,0.3373
2.2417,0.0005,0.6347,2.1634,0.3649
1.5743,0.0003,0.8360,1.6047,0.3731
1.2841,0.0003,0.8161,1.2664,0.3731
2.4019,0.0004,0.8053,2.2148,0.3512
1.3029,0.0006,0.9377,1.3577,0.3519
1.6309,0.0005,0.9070,1.7789,0.3407
1.4136,0.0003,0.6646,1.4309,0.3407
1.3138,0.0004,0.7040,0.9438,0.3551
1.2516,0.0004,1.0488,1.3913,0.3551
1.8887,0.0004,0.7984,1.9808,0.3497
1.8508,0.0004,0.7193,1.7426,0.3479
1.9273,0.0005,0.9200,2.0916,0.3775
1.4597,0.0003,1.0700,1.2638,0.3880
1.8079,0.0004,0.7503,1.7567,0.3389
1.8302,0.0004,0.9299,2.0382,0.3375
1.7097,0.0006,0.7732,1.4414,0.3392
1.7534,0.0005,0.6984,1.9134,0.3625
1.6112,0.0004,0.7818,1.7367,0.3625
1.6934,0.0005,0.8179,1.5474,0.3549
2.2956,0.0006,0.7816,2.2248,0.3397
2.0158,0.0005,1.0148,2.1043,0.3397
1.5563,0.0004,1.0871,1.5310,0.3829
1.5842,0.0003,0.9226,1.6282,0.3499
2.0036,0.0003,0.7966,1.9367,0.3389
1.3672,0.0003,0.8464,1.1620,0.3375
1.6198,0.0003,0.7362,1.8745,0.3528
1.5735,0.0003,0.7385,1.6420,0.3614
1.2348,0.0003,0.6612,0.9431,0.3614
1.6109,0.0004,0.7702,1.8857,0.3565
1.8161,0.0004,1.2662,1.5603,0.3572
1.6714,0.0007,0.8290,1.8556,0.3661
1.8165,0.0003,0.9641,1.8583,0.6291
1.8583,0.0009,1.1038,1.8635,0.3686
1.5586,0.0002,0.7835,1.5640,0.3495
1.7580,0.0003,0.6209,1.4059,0.3400
1.9527,0.0004,0.6988,2.2116,0.3303
1.5603,0.0005,0.8530,1.4947,0.3443
1.5354,0.0004,0.9244,1.3489,0.3436
1.4793,0.0003,0.9567,1.5072,0.3384
1.7681,0.0006,0.9470,1.5497,0.3486
1.3932,0.0005,0.9222,1.8443,0.3442
1.4171,0.0003,0.8407,1.3593,0.3779
2.0952,0.0004,0.8426,2.1404,0.3410
1.6145,0.0005,0.7856,1.4803,0.3433
1.1024,0.0003,0.7832,1.2533,0.3515
1.5765,0.0004,0.7967,1.3190,0.3515
2.2875,0.0007,0.6391,2.4710,0.3585
1.5351,0.0004,1.0949,1.5922,0.3335
1.6877,0.0003,0.7356,1.3442,0.3418
1.7488,0.0007,0.9081,1.5436,0.3415
1.6459,0.0004,0.9457,2.0452,0.3522
1.7538,0.0004,0.7941,1.8605,0.3883
1.7148,0.0006,0.7929,1.6513,0.3511
1.5314,0.0006,0.9389,1.2931,0.3382
1.5779,0.0004,0.6689,1.5952,0.3388
1.9558,0.0005,0.6559,2.2050,0.3362
1.8888,0.0003,1.1180,1.9090,0.3511
1.6428,0.0003,0.7325,1.6594,0.3488
1.6284,0.0004,0.7190,1.5570,0.3340
1.3095,0.0004,0.7011,0.9778,0.3340
2.1353,0.0005,0.6484,1.9865,0.3928
1.3115,0.0004,1.4356,1.8032,0.3551
1.2044,0.0004,0.9106,1.0311,0.3551
1.9456,0.0004,0.6675,2.1362,0.3400
1.3966,0.0004,0.6244,1.2842,0.3400
1.8940,0.0003,0.7816,1.9911,0.3543
1.6241,0.0003,0.8990,1.4589,0.3319
2.0034,0.0003,0.7211,2.1706,0.3366
1.5760,0.0003,0.6028,1.5014,0.3413
2.0166,0.0004,0.6721,2.0020,0.3470
2.0681,0.0004,0.7826,1.8306,0.3525
1.0922,0.0004,1.1304,1.0854,0.3525
1.7393,0.0003,0.8931,1.5821,0.3395
1.9156,0.0006,0.7632,1.9380,0.3346
1.8763,0.0003,1.1309,2.2947,0.3413
1.6105,0.0003,0.7985,1.6079,0.3635
1.5563,0.0005,0.6165,1.0754,0.3411
1.1949,0.0003,0.7582,1.4964,0.3432
1.6024,0.0003,0.6440,1.6742,0.3538
2.1500,0.0004,0.7523,2.1587,0.3391
1.7008,0.0006,0.9148,1.0573,0.3781
1.1083,0.0003,1.5276,1.7379,0.3781
1.8045,0.0003,0.8609,1.6423,0.3417
1.6941,0.0004,0.8273,1.7075,0.3368
1.7807,0.0003,0.7227,1.9651,0.3676
1.8088,0.0003,0.8100,1.8039,0.3492
1.2904,0.0003,0.6778,1.2976,0.3425
1.7166,0.0004,0.6399,1.7121,0.3573
1.6067,0.0003,0.6420,1.3357,0.3497
1.9364,0.0005,0.8657,2.1616,0.3612
1.4884,0.0004,0.7933,1.5224,0.3612
1.5620,0.0006,0.7908,1.0796,0.3826
1.8224,0.0007,0.9950,2.0521,0.3569
1.8657,0.0006,0.7986,1.7777,0.3388
1.7223,0.0004,0.8779,2.0169,0.3527
1.6113,0.0003,0.7257,1.5880,0.3582
1.1621,0.0002,0.8578,0.9612,0.3582
1.7421,0.0004,0.6441,1.4641,0.3505
2.0076,0.0003,0.6128,2.4739,0.3489
1.4927,0.0004,0.6499,1.4567,0.3489
1.5904,0.0004,0.7397,1.6002,0.3591
1.3514,0.0003,0.8087,1.2668,0.3742
1.4182,0.0003,0.8579,1.5250,0.3754
1.5334,0.0004,0.8037,1.3432,0.3409
1.2381,0.0004,0.9120,1.4038,0.3409
1.6648,0.0003,0.7538,1.6026,0.3438
1.2199,0.0005,0.7071,1.2979,0.3575
1.7514,0.0004,0.6574,1.6592,0.3341
1.3774,0.0004,0.7547,1.4257,0.3341
1.9377,0.0004,0.6639,1.9363,0.3478
1.4913,0.0006,0.8398,1.4885,0.3478
1.9664,0.0007,0.6987,1.8158,0.5576
1.4288,0.0005,0.9152,1.4590,0.3563
1.9010,0.0007,0.8733,2.0119,0.3549
1.2077,0.0005,0.7506,0.9432,0.3541
1.2941,0.0003,0.9180,1.5385,0.3541
1.8578,0.0005,0.8283,1.4666,0.3501
1.2301,0.0003,0.9588,1.6220,0.3501
1.6918,0.0003,0.7401,1.6400,0.3419
1.4941,0.0003,0.7937,1.2611,0.3509
1.7405,0.0003,0.6434,1.4597,0.3433
1.6103,0.0007,0.7985,2.0464,0.3433
1.8075,0.0005,1.0980,1.7138,0.3609
2.1480,0.0004,1.0908,2.1564,0.3568
1.3309,0.0003,0.9188,1.4876,0.3463
1.3180,0.0004,0.6932,1.3018,0.3463
1.5326,0.0003,0.6346,1.2698,0.3433
2.0336,0.0003,0.5906,2.3104,0.3484
1.3888,0.0003,0.6790,1.3963,0.3344
1.9578,0.0003,0.6782,1.6160,0.3344
1.6415,0.0004,0.6765,1.7956,0.3404
1.8648,0.0008,0.7251,1.7706,0.3475
1.9467,0.0006,0.8808,2.1552,0.5426
1.6067,0.0004,0.8134,1.6237,0.3675
1.6381,0.0005,0.6932,1.5012,0.3369
1.6961,0.0005,0.6505,1.7836,0.3436
1.5731,0.0006,0.6427,1.6093,0.3365
1.3309,0.0003,0.6509,1.2697,0.3365
1.8921,0.0003,0.7474,1.8722,0.3649
1.4963,0.0004,0.6626,1.5005,0.3426
1.7223,0.0004,0.6838,1.4446,0.3422
1.6843,0.0006,0.9426,1.6193,0.3447
1.8291,0.0003,1.0439,2.1145,0.3674
1.2853,0.0004,1.4054,1.3322,0.3674
1.8638,0.0004,0.6684,1.9078,0.3462
1.6518,0.0004,0.6385,1.5520,0.3381
1.4973,0.0004,0.7227,1.5107,0.3443
1.3992,0.0003,0.7394,1.3495,0.3391
1.5837,0.0004,0.7300,1.6604,0.3391
1.7173,0.0004,0.7597,1.7073,0.3472
1.6409,0.0005,0.8712,1.6572,0.3579
1.4236,0.0005,0.7621,1.0374,0.3579
2.5826,0.0006,0.7851,2.8918,0.3665
1.3533,0.0003,0.8704,1.1770,0.3665
1.8489,0.0003,0.8471,2.0926,0.3472
1.6499,0.0004,0.6767,1.6429,0.3415
0.9525,0.0003,0.7694,0.9288,0.3415
1.5058,0.0003,0.7337,1.2661,0.3470
1.5179,0.0004,0.7912,1.7991,0.3434
1.7862,0.0004,0.5751,1.5121,0.3411
1.8854,0.0005,0.8443,2.0413,0.3268
1.5695,0.0003,0.7182,1.5876,0.3574
1.4908,0.0005,0.7194,1.4714,0.3574
1.9551,0.0002,1.0424,1.9929,0.3408
1.6361,0.0004,0.7204,1.5583,0.3408
1.5128,0.0004,0.8051,1.5264,0.3595
1.7025,0.0003,0.8243,1.7610,0.3483
1.4762,0.0003,0.6869,1.4890,0.3483
1.8097,0.0006,0.7622,1.7385,0.3403
1.5193,0.0003,0.7411,1.5509,0.3367
1.7895,0.0004,0.7881,1.7522,0.3367
1.4761,0.0003,0.8739,1.4393,0.3522
2.1428,0.0004,0.7249,2.1622,0.3818
1.3604,0.0004,0.8014,1.4141,0.3818
1.6437,0.0003,0.7145,1.6083,0.3335
1.8274,0.0004,0.6984,1.7062,0.3352
2.1097,0.0004,0.6871,2.0191,0.3561
2.2140,0.0005,0.6890,1.9414,0.3312
1.6869,0.0005,1.0171,2.0471,0.3469
1.7002,0.0005,0.9086,1.7248,0.3469
1.8241,0.0003,0.8318,1.4718,0.3591
2.0379,0.0007,0.9467,1.8341,0.3904
2.0632,0.0007,1.7284,2.5641,0.3513
1.4995,0.0006,0.9275,1.3338,0.3513
2.3989,0.0005,0.7877,2.4271,0.3370
1.4403,0.0004,0.9486,1.5458,0.3398
1.6039,0.0004,1.1449,1.1854,0.3398
2.0262,0.0004,0.9546,2.5148,0.3533
1.2278,0.0005,0.7273,1.2187,0.3533
1.6317,0.0003,0.8034,1.5946,0.3563
2.0168,0.0004,0.7985,2.0018,0.3619
1.3571,0.0004,0.7918,1.2477,0.3619
2.1768,0.0004,0.8340,2.2859,0.3322
1.5701,0.0005,0.7524,1.5595,0.3553
1.6582,0.0005,0.8154,1.6545,0.3563
1.6357,0.0004,1.0350,1.6202,0.3487
1.4121,0.0003,1.0550,1.3085,0.3487
1.6733,0.0003,0.7970,1.7142,0.3498
1.5059,0.0004,0.7522,1.5150,0.3551
1.7357,0.0005,0.7049,1.7602,0.3696
1.4717,0.0004,0.7357,1.3863,0.3502
1.8105,0.0005,0.8143,1.6030,0.3469
2.0757,0.0005,1.2349,2.2970,0.3336
0.9551,0.0005,1.2107,1.0256,0.3336
1.5925,0.0005,0.7774,1.3139,0.3507
2.2573,0.0005,0.8697,2.4640,0.3453
1.5507,0.0007,1.0006,1.5658,0.3557
1.6661,0.0007,1.0381,1.6447,0.3380
2.2264,0.0005,0.9064,2.1883,0.3499
1.7935,0.0003,1.1393,1.8059,0.3499
1.9269,0.0010,0.9860,1.7009,0.5036
1.8461,0.0007,1.1107,2.0557,0.3963
1.5661,0.0008,1.0134,1.5534,0.3588
1.5184,0.0005,0.9742,1.5176,0.3588
2.2866,0.0006,1.0806,2.2881,0.3358
1.7031,0.0004,0.8697,1.7124,0.3460
1.7974,0.0005,0.8201,1.7830,0.3460
1.4246,0.0004,0.7926,1.1892,0.3492
1.8454,0.0004,0.8078,1.8354,0.3384
1.7967,0.0008,0.8431,1.6762,0.3407
2.0896,0.0006,0.9099,2.3876,0.3608
1.3150,0.0005,0.9240,1.2948,0.3662
2.2477,0.0004,0.8786,2.1929,0.3626
1.5771,0.0004,0.9355,1.5432,0.3472
1.1769,0.0003,0.9721,1.2493,0.3472
1.9693,0.0003,0.7409,1.8770,0.3347
1.9832,0.0005,0.9728,2.1107,0.3372
1.4947,0.0004,1.1140,1.4918,0.3484
1.7425,0.0003,0.9381,1.7425,0.3501
1.5103,0.0007,0.7796,1.1924,0.3501
1.7182,0.0005,0.9113,1.8927,0.3775
1.9465,0.0004,0.8425,2.0547,0.3455
1.5838,0.0003,0.8153,1.6251,0.3485
1.7152,0.0006,0.7325,1.5866,0.3316
1.4394,0.0003,0.6856,1.5576,0.3370
2.0883,0.0005,0.6706,2.0017,0.3646
1.9094,0.0009,0.8966,1.9287,0.3437
1.6016,0.0008,0.9609,1.6166,0.3437
1.6098,0.0006,0.7951,1.4682,0.3405
1.7149,0.0007,0.8824,1.6991,0.3462
1.6029,0.0008,1.1163,1.6498,0.3644
2.0031,0.0004,0.8406,2.0932,0.3428
1.5704,0.0003,0.7552,1.5260,0.3365
1.6225,0.0005,0.7748,1.6702,0.3477
1.7282,0.0004,0.7137,1.7243,0.3523
1.4758,0.0004,0.7006,1.1502,0.3312
1.3201,0.0004,0.8447,1.5238,0.3402
1.8017,0.0004,0.8034,1.7252,0.3574
1.6391,0.0004,0.8197,1.6592,0.3361
1.9932,0.0004,0.8823,1.7808,0.3534
2.0867,0.0006,1.0271,2.4013,0.3734
1.2777,0.0003,0.9179,1.3312,0.3374
1.7331,0.0004,0.8328,1.7161,0.3374
1.4070,0.0004,0.7679,1.1585,0.3464
2.0436,0.0005,0.7411,2.2861,0.3651
1.4783,0.0006,0.6994,1.1085,0.3493
1.8624,0.0004,0.8773,2.1689,0.3415
1.2705,0.0003,0.9507,1.2904,0.3415
1.2156,0.0006,0.7567,1.1934,0.3317
2.3510,0.0005,0.8468,2.2670,0.3485
1.6404,0.0003,1.0293,1.6221,0.3470
1.9151,0.0004,1.1917,1.9714,0.3460
1.2768,0.0003,0.8014,1.2987,0.3567
1.6993,0.0005,0.7537,1.3115,0.3567
1.7768,0.0007,0.8472,2.1635,0.3504
1.6098,0.0005,0.9172,1.1790,0.3473
1.4499,0.0006,1.1086,1.7433,0.3473
1.6995,0.0005,0.6731,1.6210,0.3470
2.1861,0.0005,0.7745,2.2299,0.3368
1.6442,0.0004,1.1642,1.6860,0.3728
1.7795,0.0004,0.9079,1.7104,0.3540
1.4871,0.0003,0.9212,1.5113,0.3540
2.0703,0.0003,0.8822,2.0112,0.3567
1.3157,0.0003,0.9385,1.4655,0.3327
1.8764,0.0005,0.9115,1.5037,0.3471
1.8029,0.0004,1.1444,2.0963,0.3472
1.3515,0.0004,0.9017,1.4367,0.3354
2.0923,0.0004,0.7377,2.0585,0.3651
1.6478,0.0004,0.9357,1.6123,0.3660
1.7541,0.0004,0.9698,1.7073,0.8895
1.1442,0.0004,0.9763,1.2423,0.8895
2.0039,0.0003,0.7891,1.9532,0.3442
1.4608,0.0005,0.8556,1.3849,0.3442
1.5230,0.0003,1.0053,1.5401,0.3506
1.2086,0.0004,0.7757,1.1380,0.3476
2.1207,0.0004,0.8225,2.2266,0.3449
1.7397,0.0004,0.8159,1.6651,0.3449
1.5339,0.0005,0.8779,1.6237,0.3504
1.3950,0.0004,1.0091,1.1559,0.3554
2.7368,0.0004,1.0297,2.7883,0.3614
1.6199,0.0005,1.0454,1.7460,0.3468
1.4503,0.0006,0.8778,1.4380,0.3622
1.3763,0.0005,0.9143,1.4191,0.3622
1.5405,0.0004,0.9784,1.5527,0.3422
2.0501,0.0004,0.7029,2.0062,0.3463
1.0687,0.0005,0.7356,1.0242,0.3463
1.7841,0.0003,0.7772,1.6620,0.3728
1.8681,0.0003,0.7441,1.9050,0.3484
1.8848,0.0004,0.8139,1.9496,0.3405
1.7457,0.0004,1.1217,1.7726,0.3696
1.5089,0.0009,1.1195,1.3183,0.3696
1.7381,0.0006,0.8916,1.5484,0.3512
1.7711,0.0005,0.9937,1.7789,0.3394
1.2405,0.0003,1.0354,1.5454,0.3394
1.4448,0.0003,0.8607,1.5151,0.3591
1.2870,0.0005,0.7887,1.2880,0.3337
1.7604,0.0004,1.0327,1.4962,0.3432
1.6091,0.0005,0.7512,1.8339,0.3427
1.6864,0.0005,0.6541,1.5297,0.3401
1.8110,0.0004,0.8230,1.8890,0.3462
1.8843,0.0005,0.8614,1.5544,0.3611
1.6898,0.0005,0.9354,1.7460,0.3373
1.6055,0.0003,1.0891,1.7269,0.3546
1.4879,0.0003,0.9567,1.4218,0.3546
1.9942,0.0004,0.9602,2.2279,0.3351
1.5540,0.0003,0.9213,1.5702,0.3351
1.3929,0.0003,0.7550,1.4170,0.3379
1.4381,0.0004,0.7190,1.1994,0.3450
2.0765,0.0004,0.7276,2.1420,0.3415
1.6284,0.0004,1.0999,1.3076,0.3415
1.7654,0.0005,1.4385,2.0214,0.3443
1.4708,0.0003,1.0326,1.5672,0.3443
1.8430,0.0003,0.8586,1.9082,0.3393
1.9386,0.0003,0.7566,1.9170,0.3544
1.3270,0.0004,0.9139,1.3659,0.3447
1.5936,0.0004,0.8179,1.5613,0.3447
1.5620,0.0004,0.8379,1.3806,0.3406
1.9306,0.0004,0.7072,2.0143,0.3357
1.5877,0.0004,0.8468,1.2042,0.3357
1.8721,0.0005,1.1323,2.2816,0.3380
1.4391,0.0004,0.9785,1.1590,0.3608
1.8355,0.0004,1.1668,2.1235,0.3465
1.0792,0.0005,0.7802,1.1097,0.3465
1.8536,0.0006,0.7337,1.6858,0.3530
1.3064,0.0007,0.9584,1.3512,0.3530
1.6596,0.0006,1.2051,1.5666,0.3706
2.0691,0.0005,0.7637,2.2285,0.3393
1.2158,0.0004,0.8048,1.1797,0.3393
1.5402,0.0007,0.8404,1.5795,0.3507
1.8741,0.0006,0.8462,1.5035,0.3505
20.5633,0.0007,20.0850,2.3885,0.3447
1.0455,0.0003,1.4611,1.4069,0.3447
1.4744,0.0004,1.3206,1.1803,0.3447
1.8570,0.0004,1.0982,2.1906,0.3562
1.7010,0.0004,1.0191,1.4735,0.3486
2.0531,0.0003,0.9845,2.2612,0.3545
1.4907,0.0004,1.0040,1.3293,0.3499
2.0347,0.0003,1.1630,1.8008,0.3495
1.3301,0.0004,1.4460,1.8169,0.3495
1.8937,0.0003,1.0133,1.8095,0.3642
2.0089,0.0004,0.7914,2.1518,0.3396
2.1229,0.0007,0.8516,1.9777,0.3480
1.5965,0.0004,1.1837,1.7508,0.3364
1.7914,0.0003,0.7759,1.7207,0.3466
1.5490,0.0187,0.8102,1.3521,0.3466
1.9142,0.0004,0.7866,2.1456,0.3342
1.8452,0.0003,0.7742,1.8379,0.3431
1.8011,0.0004,0.7602,1.7739,0.3431
2.0033,0.0006,0.9122,1.9863,0.3583
1.4642,0.0006,0.9172,1.1185,0.3583
2.3259,0.0008,0.9091,2.4933,0.3336
1.5298,0.0003,1.0114,1.6576,0.3333
1.3783,0.0003,0.9700,1.4552,0.3482
1.6310,0.0004,0.7042,1.3085,0.3482
1.7185,0.0003,0.8013,2.0158,0.3540
1.7731,0.0005,0.7917,1.4138,0.3366
1.8440,0.0007,0.8772,2.1124,0.3447
2.0942,0.0009,0.8584,2.1095,0.3451
1.9224,0.0008,1.1029,1.7132,0.3330
2.3803,0.0006,1.2086,2.3505,0.3500
1.1215,0.0005,1.3034,1.3152,0.3570
1.2950,0.0007,1.0065,1.3862,0.3570
1.8993,0.0004,0.7047,1.7813,0.3566
2.1609,0.0004,0.8025,2.2089,0.3593
1.4001,0.0005,0.7822,1.4348,0.3411
1.5897,0.0004,0.7560,1.5768,0.3587
1.8089,0.0006,0.8025,1.7501,0.5344
1.6158,0.0007,0.9570,1.6194,0.3850
1.7850,0.0004,0.9139,1.7230,0.3538
1.4159,0.0004,1.0038,1.3239,0.3510
1.4949,0.0004,0.9934,1.5512,0.3481
1.6959,0.0004,0.9050,1.5513,0.3481
2.5199,0.0006,0.7749,2.6119,0.3403
1.3380,0.0005,1.0533,1.3971,0.3403
1.8498,0.0008,0.8107,1.9550,0.3373
1.6787,0.0005,0.7213,1.3699,0.3283
2.2128,0.0006,0.9975,2.0921,0.3765
1.5360,0.0011,1.2668,1.8304,0.3497
1.4459,0.0006,1.3584,1.5313,0.3500
1.4282,0.0005,0.8626,1.4221,0.3442
1.5338,0.0005,0.7704,1.4910,0.3336
1.2696,0.0003,0.8022,1.0745,0.3336
1.9707,0.0004,0.7598,2.1982,0.3398
1.5787,0.0003,0.7431,1.5889,0.3504
1.6364,0.0005,0.7465,1.5514,0.3504
1.9123,0.0004,0.8290,1.9664,0.3359
1.6959,0.0008,0.8827,1.6295,0.3539
1.6817,0.0006,1.0313,1.7130,0.3484
1.3800,0.0007,1.0327,1.4210,0.3488
1.8128,0.0005,0.7811,1.4629,0.3488
1.7906,0.0007,0.9666,1.7287,0.3629
1.7898,0.0004,1.1427,2.0470,0.3507
1.8464,0.0005,0.9072,1.8635,0.3559
1.1229,0.0003,1.0481,1.1398,0.3559
1.4607,0.0003,0.7482,1.5278,0.3544
1.5385,0.0004,0.7259,1.3125,0.3449
1.9597,0.0007,0.7712,2.0941,0.3685
1.5280,0.0004,1.2313,1.5083,0.3685
1.7287,0.0005,1.0128,1.8047,0.3409
2.1333,0.0004,0.8282,2.1114,0.3409
1.5050,0.0004,0.8043,1.3847,0.3440
1.5686,0.0004,0.8612,1.6649,0.3535
1.9039,0.0005,0.8988,1.8056,0.3444
2.2671,0.0007,0.7384,2.3841,0.3489
1.7055,0.0004,0.7355,1.6282,0.3568
1.1605,0.0006,0.8108,1.1533,0.3568
2.1761,0.0003,1.1287,2.0355,0.3701
1.6478,0.0003,0.9641,1.8483,0.3497
2.0571,0.0005,0.7954,1.9005,0.3391
1.4435,0.0004,0.9701,1.6036,0.3391
1.9498,0.0005,0.8389,1.9282,0.3403
1.4392,0.0004,0.7144,1.4635,0.3427
1.9181,0.0005,0.6910,1.5302,0.3345
2.1774,0.0004,0.9166,2.3365,0.3356
1.7129,0.0005,1.0178,1.7617,0.3598
1.7544,0.0005,1.4063,1.5018,0.3598
1.9634,0.0005,1.5179,2.1306,0.3612
1.5508,0.0004,1.1653,1.6235,0.3568
1.7057,0.0003,0.8782,1.6891,0.3568
1.6761,0.0004,0.9091,1.6456,0.3312
1.6102,0.0003,0.8924,1.7738,0.3487
1.7874,0.0004,0.7859,1.7715,0.3487
1.8324,0.0005,0.8013,1.3882,0.3423
1.9117,0.0006,1.0287,2.2278,0.3415
1.7409,0.0004,0.9449,1.6341,0.3498
2.0176,0.0004,1.1935,2.2162,0.3644
1.8011,0.0004,0.9134,1.7924,0.3589
1.4901,0.0004,0.8103,0.9644,0.3589
2.3990,0.0005,0.7372,2.7540,0.3507
1.5652,0.0004,0.9833,1.6461,0.3467
1.5078,0.0003,0.9985,1.4892,0.3388
1.4174,0.0004,0.9909,1.5083,0.3470
2.0913,0.0004,0.7626,1.9250,0.3491
1.3398,0.0004,0.9204,1.4934,0.3491
2.0453,0.0005,0.7943,1.7196,0.3514
1.8911,0.0006,1.1651,2.0982,0.3538
1.7641,0.0005,0.9894,1.8332,0.3446
1.7344,0.0004,0.7705,1.7475,0.3545
1.6338,0.0003,0.7394,1.6546,0.3545
1.5373,0.0004,0.7395,1.3255,0.3575
1.6853,0.0004,0.9218,1.6992,0.3575
2.0778,0.0005,0.8865,2.0792,0.3342
1.9284,0.0004,1.1165,1.8886,0.3421
1.8710,0.0005,1.1994,2.0128,0.3421
1.5704,0.0004,1.0152,1.5522,0.3743
2.1279,0.0004,0.9867,2.0864,0.3419
1.8581,0.0004,0.9533,1.8044,0.3536
1.4046,0.0004,0.8794,1.5455,0.3514
1.6603,0.0003,0.7509,1.5637,0.3561
1.7226,0.0004,0.8345,1.6373,0.3561
1.7326,0.0005,1.1985,1.6823,0.3485
2.1359,0.0004,0.8729,2.2002,0.3537
1.7892,0.0010,0.8793,1.7432,0.3437
2.2142,0.0007,0.9829,2.1925,0.3955
1.3777,0.0004,1.1042,1.5392,0.3517
2.0465,0.0004,0.8784,2.0223,0.3374
1.4688,0.0004,0.7484,1.2736,0.3374
2.1730,0.0005,0.7238,2.3108,0.3350
1.8663,0.0003,0.8332,1.9337,0.3350
1.7458,0.0004,0.8931,1.6640,0.3353
1.3160,0.0003,0.7841,1.3516,0.3353
1.7607,0.0003,0.6428,1.6602,0.3526
1.9163,0.0003,0.6703,1.9722,0.3687
1.9339,0.0004,0.7993,1.9645,0.3453
1.7801,0.0003,0.8044,1.6968,0.3590
1.8976,0.0007,0.8820,1.9284,0.3590
1.6499,0.0004,0.9366,1.6839,0.3373
1.9220,0.0003,0.9559,1.9333,0.3529
1.5948,0.0003,0.7107,1.1892,0.3529
1.8409,0.0004,0.7149,2.2422,0.3404
1.6051,0.0003,0.7140,1.5834,0.3458
1.6068,0.0007,0.7703,1.5256,0.3458
1.5631,0.0004,1.0350,1.6245,0.3927
1.2066,0.0004,0.8602,1.2413,0.3927
1.8404,0.0004,0.6989,1.8427,0.3448
1.3243,0.0005,0.7696,1.2960,0.3496
2.1950,0.0004,0.7870,2.1224,0.3611
1.6168,0.0004,0.8312,1.5626,0.3460
1.3831,0.0005,1.0386,1.3978,0.3460
2.1025,0.0004,0.9343,2.1222,0.3527
1.1961,0.0004,0.9131,1.2612,0.3527
2.2093,0.0007,0.7849,2.1070,0.3593
1.7517,0.0007,0.9951,1.8309,0.3407
1.8846,0.0004,0.8253,1.8355,0.3590
1.7498,0.0005,0.8721,1.4908,0.3590
1.8148,0.0004,1.2154,1.9410,0.3498
1.4400,0.0003,0.9291,1.5544,0.3498
1.7157,0.0004,0.7808,1.4846,0.3336
1.8181,0.0004,0.7688,2.0529,0.3418
1.6581,0.0004,0.6745,1.6672,0.3273
1.7639,0.0006,0.7191,1.2670,0.3481
1.6756,0.0008,0.8567,2.1185,0.3351
1.8304,0.0004,0.8764,1.7989,0.3478
1.9830,0.0007,0.9468,1.6660,0.3454
1.5427,0.0005,1.0975,1.7750,0.3372
1.8259,0.0003,0.7995,1.9603,0.3525
1.5926,0.0005,0.7168,1.6031,0.3525
1.7826,0.0004,0.6830,1.7087,0.3445
1.6520,0.0005,0.8723,1.6817,0.3371
1.4028,0.0003,0.6885,1.4239,0.3371
2.0170,0.0005,0.6813,1.8198,0.3450
1.7325,0.0004,0.9311,1.6674,0.3771
1.9079,0.0004,1.1603,2.0187,0.3409
1.3336,0.0003,1.0870,1.1229,0.3409
1.8479,0.0004,0.8057,2.1609,0.3413
1.7151,0.0005,0.7128,1.7043,0.3413
2.1168,0.0006,0.7987,2.0870,0.3389
1.2655,0.0004,0.9131,1.2925,0.3389
1.7443,0.0003,0.7339,1.2734,0.3452
1.9115,0.0004,0.7619,2.2050,0.3405
2.5789,0.0008,0.7693,2.5758,0.3650
1.8814,0.0005,1.4318,1.7803,0.3550
1.6170,0.0004,1.7218,1.7778,0.3458
1.8314,0.0005,1.2064,1.5909,0.3603
1.8358,0.0005,1.0310,2.1086,0.3418
1.5806,0.0003,1.0342,1.6187,0.3608
1.2037,0.0004,0.9575,1.1376,0.3608
1.5746,0.0004,0.8266,1.3268,0.3486
1.4906,0.0003,0.6776,1.5874,0.3413
1.9334,0.0007,0.6384,1.6963,0.3464
1.4670,0.0004,1.0530,1.6720,0.3497
1.9190,0.0004,1.1553,2.1257,0.3426
1.2801,0.0005,0.8835,1.2993,0.3460
1.4641,0.0004,0.6742,1.4582,0.3460
1.7763,0.0003,0.6260,1.7632,0.3489
1.3516,0.0003,0.6904,1.3662,0.3600
1.2007,0.0003,0.8090,1.1898,0.3600
1.6085,0.0003,0.6390,1.4010,0.3712
1.8187,0.0003,0.7155,2.0119,0.3456
1.6315,0.0003,0.6658,1.5887,0.3456
1.6045,0.0006,0.7279,1.4669,0.3448
1.9447,0.0006,1.5798,1.8931,0.3815
1.5097,0.0006,1.1455,1.6506,0.3437
1.6621,0.0004,0.7092,1.6757,0.3530
1.6437,0.0003,0.6291,1.5288,0.3529
1.4774,0.0004,0.7754,1.5920,0.3383
1.4590,0.0003,0.6436,1.4666,0.3524
1.6957,0.0004,0.6242,1.6759,0.3511
1.2574,0.0004,0.6885,1.2091,0.3511
1.4945,0.0003,0.7351,1.4991,0.3425
1.4805,0.0005,0.8127,1.4678,0.3425
2.2817,0.0004,0.9295,2.2562,0.3555
1.3795,0.0003,0.8295,1.4295,0.3476
1.2888,0.0005,0.7089,1.2770,0.3607
1.6815,0.0003,0.7123,1.6624,0.3381
1.8249,0.0003,0.7975,1.8043,0.3381
1.2794,0.0003,0.6534,1.3293,0.3381
1.7312,0.0003,0.6160,1.6979,0.3429
1.5198,0.0004,0.6276,1.4937,0.3456
2.0141,0.0003,0.7133,2.0280,0.3469
1.7227,0.0004,0.6684,1.7173,0.3469
1.9666,0.0009,0.6889,1.8087,0.3495
1.4318,0.0007,0.9970,1.2797,0.3843
1.7765,0.0006,0.9824,1.9164,0.3552
1.9065,0.0005,0.7508,2.0428,0.3478
1.0866,0.0005,0.6653,1.1072,0.3478
1.4969,0.0004,0.6283,1.1715,0.3422
1.6393,0.0004,0.7613,1.9355,0.3422
1.7395,0.0004,0.7530,1.6078,0.3526
1.7577,0.0006,0.7210,1.6473,0.3444
1.6015,0.0005,0.9730,1.7953,0.3465
1.8899,0.0005,0.9085,1.5640,0.3725
1.7290,0.0003,0.8548,1.9837,0.3751
1.7080,0.0003,0.7486,1.8023,0.3435
1.7045,0.0004,0.6551,1.6148,0.3435
1.6205,0.0004,0.7469,1.1604,0.3447
1.9675,0.0004,0.8292,2.4826,0.3396
1.6142,0.0004,0.6536,1.5415,0.3476
1.1547,0.0005,0.7577,1.0750,0.3476
1.9869,0.0007,0.7913,1.9831,0.3546
1.1492,0.0004,1.1089,1.2957,0.3546
1.7984,0.0004,0.8846,1.7224,0.3462
1.5291,0.0003,0.9371,1.4931,0.3815
1.5744,0.0004,1.0904,1.6545,0.3500
2.0222,0.0003,0.8046,1.9169,0.3390
1.8762,0.0003,0.8736,1.8946,0.3509
1.6640,0.0003,0.8304,1.7403,0.3483
1.0891,0.0005,0.8237,1.0891,0.3483
1.5689,0.0003,0.7007,1.2820,0.3506
1.4178,0.0003,0.8302,1.5475,0.3481
1.8530,0.0003,0.6656,1.9419,0.3432
1.1286,0.0003,0.6594,1.1531,0.3444
1.6967,0.0003,0.6772,1.5626,0.3600
1.8319,0.0003,0.7201,1.9683,0.3507
1.3107,0.0004,0.6872,1.1721,0.3507
1.4695,0.0003,0.8409,1.5455,0.3615
1.9272,0.0004,0.7700,1.5396,0.3477
1.6279,0.0006,0.7681,2.0380,0.3477
1.6480,0.0004,0.7159,1.2760,0.3441
1.7195,0.0004,0.8505,1.8115,0.3438
1.2526,0.0004,0.9595,1.3444,0.3438
1.8967,0.0006,0.7608,1.9534,0.3621
2.1494,0.0004,0.8959,2.1763,0.3629
1.3834,0.0003,1.0041,1.3198,0.3567
1.7583,0.0004,0.9441,1.9033,0.3466
1.1445,0.0003,1.0164,1.1482,0.3466
1.6868,0.0003,0.7628,1.5742,0.3492
1.9781,0.0003,0.6927,1.9128,0.3527
1.7244,0.0004,0.8210,1.3523,0.3372
1.9708,0.0003,0.7173,2.4678,0.3458
1.2499,0.0003,0.6676,1.2846,0.3458
1.9559,0.0005,0.7023,1.8774,0.3325
1.5171,0.0005,0.9932,1.2249,0.3400
1.6657,0.0003,0.9613,1.9944,0.3541
1.0180,0.0004,0.8233,0.9422,0.3520
1.9872,0.0004,0.7070,1.9857,0.3495
1.4731,0.0004,0.9522,1.2674,0.3495
2.0466,0.0003,1.0652,2.2366,0.3388
1.7459,0.0003,0.8098,1.8426,0.3451
1.6912,0.0004,0.6519,1.6219,0.3529
1.4528,0.0004,0.8406,1.0907,0.3529
2.0991,0.0004,0.7980,2.4631,0.3678
1.5493,0.0003,0.8178,1.1531,0.3678
1.8130,0.0003,1.1567,2.1253,0.3406
1.8787,0.0004,0.7545,1.9641,0.3516
1.6527,0.0004,0.8421,1.2316,0.3422
1.7264,0.0004,0.9349,2.0032,0.3422
1.9467,0.0003,1.1548,2.0570,0.3322
1.6830,0.0003,0.7168,1.7119,0.3455
1.4353,0.0004,0.7376,1.2066,0.3455
1.6018,0.0003,0.9198,1.4535,0.3467
1.9107,0.0005,0.7851,1.8509,0.3380
1.7806,0.0003,0.9296,1.8952,0.8951
1.5267,0.0005,0.7805,1.7605,0.3691
1.5946,0.0005,0.6387,1.5839,0.3664
1.6521,0.0005,0.7444,1.5140,0.3527
1.7712,0.0004,0.7043,1.6075,0.3420
2.0713,0.0003,0.6750,2.3997,0.3512
1.0673,0.0193,0.6740,1.0421,0.3512
1.5450,0.0003,0.6976,1.5453,0.3447
1.2335,0.0004,0.6886,1.0372,0.3447
1.6255,0.0004,0.7143,1.6313,0.3596
1.4535,0.0006,0.7327,1.6109,0.3362
2.1628,0.0005,0.7906,2.1548,0.3358
1.6070,0.0004,0.8236,1.2491,0.3358
1.4466,0.0004,0.7936,1.6068,0.3443
1.7312,0.0005,0.7737,1.9543,0.3438
1.5991,0.0003,0.8468,1.5250,0.3443
1.6142,0.0003,0.7869,1.6725,0.3513
1.4862,0.0004,0.6041,1.4955,0.3513
1.9829,0.0004,0.5644,1.8534,0.3325
1.2613,0.0005,0.8530,1.1312,0.3325
1.9014,0.0004,1.2163,1.8602,0.3643
1.9811,0.0005,0.8963,1.8467,0.3617
1.9102,0.0003,1.1891,2.1508,0.3436
1.4467,0.0003,0.9019,1.5750,0.3436
1.5911,0.0003,0.7325,1.3219,0.3471
2.0618,0.0004,0.7575,2.3073,0.3367
2.0573,0.0004,0.7446,1.9946,0.3317
1.7529,0.0005,0.8096,1.8126,0.3531
1.6051,0.0004,0.7133,1.1024,0.3531
1.9733,0.0009,0.6450,2.3143,0.3423
2.1252,0.0008,1.0264,2.1499,0.3897
1.7222,0.0006,1.2460,1.6733,0.3453
1.4909,0.0005,1.0576,1.6414,0.3453
1.5901,0.0004,0.8409,1.6157,0.3569
1.7551,0.0004,0.8325,1.6494,0.3333
1.8967,0.0004,0.7911,1.9320,0.3315
1.6991,0.0005,0.8633,1.5202,0.3244
1.7387,0.0004,0.9195,1.8553,0.3430
1.5611,0.0004,1.3098,1.5404,0.3430
1.8360,0.0005,1.0537,1.6530,0.3505
1.2467,0.0005,1.6962,1.3676,0.3607
1.2530,0.0004,1.1971,1.3921,0.3607
1.4403,0.0004,0.9926,1.3476,0.3447
1.3666,0.0005,0.8246,1.3551,0.3447
1.6262,0.0005,0.8162,1.6161,0.3594
1.3753,0.0005,0.8310,1.4040,0.3451
1.2964,0.0003,0.7661,1.3775,0.3379
1.2452,0.0004,0.6640,1.2360,0.3379
1.5835,0.0004,0.7291,1.3629,0.3340
2.1743,0.0003,0.9626,2.3123,0.3408
1.7834,0.0004,0.8528,1.7896,0.3603
1.6711,0.0004,0.9321,1.6820,0.3726
1.4670,0.0005,0.8172,1.4912,0.3503
1.5599,0.0003,0.7175,1.5510,0.3427
1.7020,0.0004,0.7189,1.6436,0.3426
1.5815,0.0003,0.7493,1.5380,0.3355
1.0590,0.0004,0.7703,0.9574,0.3355
1.5386,0.0004,0.7112,1.5584,0.3249
2.0049,0.0005,0.7206,2.0798,0.3351
1.6791,0.0004,0.7654,1.6811,0.3361
2.0300,0.0004,0.8559,1.9381,0.3691
1.6181,0.0005,0.8848,1.7166,0.3807
1.5293,0.0004,0.8432,1.5324,0.3580
1.4929,0.0004,0.7768,1.5007,0.3475
1.5711,0.0003,0.7188,1.5425,0.3421
1.3540,0.0003,0.7361,1.3157,0.3480
1.3674,0.0003,0.7590,1.0349,0.3480
1.6752,0.0003,0.7003,2.0025,0.3424
1.4259,0.0003,0.7164,1.4844,0.3421
1.7114,0.0006,0.6828,1.5922,0.3368
1.7404,0.0005,0.8172,1.3191,0.3364
2.0335,0.0004,0.8848,2.5227,0.3504
1.8000,0.0004,1.1330,1.8268,0.3420
1.4049,0.0004,0.7106,1.3943,0.3404
1.4755,0.0003,0.6704,1.4695,0.3434
1.8457,0.0004,0.6505,1.6969,0.3337
1.3606,0.0003,0.8381,1.4589,0.3510
1.3100,0.0003,0.6510,1.3725,0.3431
1.4302,0.0006,0.7297,1.3825,0.3431
1.6333,0.0003,0.7316,1.2723,0.3692
1.1376,0.0003,1.1160,1.5353,0.3692
1.2465,0.0004,0.7332,1.1874,0.3633
1.8254,0.0004,1.0053,1.6282,0.5266
1.7739,0.0003,0.8667,1.9862,0.3612
1.7667,0.0004,0.6671,1.4258,0.3395
1.9220,0.0004,0.8431,2.2662,0.3570
1.6262,0.0002,0.7437,1.6275,0.3439
1.4000,0.0003,0.6449,1.3455,0.3439
1.2029,0.0004,0.7893,0.9327,0.3605
1.6029,0.0003,0.8429,1.8440,0.3450
1.5948,0.0004,0.7089,1.6651,0.3364
1.9259,0.0004,0.6769,1.2694,0.3373
1.3066,0.0004,1.1487,1.8949,0.3422
2.2278,0.0004,0.8324,2.2326,0.3541
1.1006,0.0002,0.7409,1.1415,0.3541
1.9326,0.0003,0.6694,1.7965,0.3338
1.9790,0.0004,0.6031,2.0834,0.3410
1.6758,0.0006,0.7233,1.6162,0.3554
2.0131,0.0006,0.8486,1.9416,0.3331
1.7623,0.0005,0.8633,1.8692,0.3391
1.6462,0.0005,0.6958,1.6408,0.3391
1.6324,0.0003,0.6406,1.2968,0.3416
1.8516,0.0005,0.7999,2.0209,0.3524
1.8308,0.0003,0.8942,1.9703,0.3648
1.2019,0.0005,0.6897,1.2172,0.3648
1.7808,0.0004,0.7190,1.3341,0.3369
2.0695,0.0005,0.7780,2.4339,0.3536
1.1046,0.0004,0.6889,1.1392,0.3536
1.7567,0.0003,0.7474,1.4713,0.3545
1.8272,0.0003,0.6558,2.1260,0.3539
1.3261,0.0003,0.6202,1.3262,0.3513
2.1189,0.0004,0.5895,2.0499,0.3615
1.3941,0.0004,0.8213,1.0343,0.3615
1.2635,0.0005,0.9567,1.6784,0.3666
1.2777,0.0004,0.7206,1.1408,0.3458
1.2453,0.0004,0.9909,1.3611,0.3518
1.8670,0.0003,0.7719,1.8403,0.3550
1.0878,0.0003,0.6954,1.1109,0.3517
1.2293,0.0005,0.7142,1.0490,0.3622
1.3861,0.0006,0.8404,1.3536,0.3622
1.7448,0.0004,0.7753,1.6743,0.3529
1.5492,0.0003,0.7278,1.3339,0.3370
1.7769,0.0003,0.8057,2.2247,0.3309
1.9316,0.0005,0.7745,1.9029,0.3630
1.2311,0.0003,0.8076,1.2212,0.3401
1.0255,0.0004,0.6692,1.0731,0.3401
1.4026,0.0003,0.6326,1.3916,0.3607
1.7262,0.0003,0.6222,1.6204,0.3519
1.5366,0.0003,0.7804,1.5022,0.3543
1.4638,0.0004,0.7879,1.4862,0.3445
2.2026,0.0006,0.8637,2.1495,0.3449
0.9939,0.0003,0.8273,1.1430,0.3357
1.5582,0.0003,0.6652,1.3150,0.3357
1.5193,0.0003,0.6539,1.3949,0.3676
2.4765,0.0004,0.7468,2.7606,0.3705
1.1388,0.0004,0.9006,1.1866,0.3518
1.3133,0.0003,0.7823,1.2652,0.3518
1.9309,0.0007,0.7458,1.9180,0.3574
1.3413,0.0005,0.8659,1.2356,0.3617
1.0263,0.0003,1.1133,1.2023,0.3586
1.2415,0.0005,0.8351,1.0159,0.3586
2.2371,0.0005,0.7414,2.4336,0.3575
1.3921,0.0005,0.7401,1.1993,0.3474
1.8141,0.0005,0.9098,1.9767,0.3709
1.1765,0.0003,0.7006,0.7957,0.3709
2.7771,0.0006,0.7239,2.9890,0.3667
1.0368,0.0003,0.9292,1.2195,0.3667
1.5647,0.0003,0.7896,1.5483,0.3613
1.4898,0.0003,0.8740,1.4111,0.3613
2.2457,0.0004,0.7133,2.1504,0.3466
1.2147,0.0005,0.9871,1.3904,0.3478
1.2184,0.0006,0.9258,0.9667,0.3478
1.4857,0.0004,0.6823,1.4727,0.3469
1.4035,0.0012,0.7395,1.4341,0.3335
1.8674,0.0006,0.8102,2.0343,0.3384
1.5256,0.0005,0.8249,1.5076,0.3356
1.8531,0.0006,1.0963,1.8676,0.3647
1.3350,0.0003,0.8402,1.0321,0.3582
2.0811,0.0004,0.7614,2.2986,0.3560
1.4267,0.0003,0.9118,1.5149,0.3600
1.3974,0.0003,0.7978,1.3308,0.3600
1.3789,0.0003,0.7411,1.3103,0.3413
2.0167,0.0003,0.6543,2.0032,0.3486
1.3199,0.0003,0.8030,1.4667,0.3486
1.5759,0.0004,0.6132,1.5745,0.3503
1.6135,0.0007,0.6102,1.2056,0.3408
1.9378,0.0004,0.7748,2.3027,0.3590
1.9674,0.0006,0.8385,1.5682,0.3620
2.0848,0.0005,1.2395,2.3099,0.3587
0.9243,0.0003,1.1321,1.0898,0.3587
1.7036,0.0003,0.6789,1.7294,0.3497
1.4907,0.0003,0.5974,1.0648,0.3497
1.4738,0.0004,0.7126,1.7122,0.3512
1.4493,0.0005,0.7095,1.2030,0.3511
1.9584,0.0004,0.6522,1.8971,0.3341
1.3136,0.0004,0.9074,1.7612,0.3341
2.0060,0.0005,0.7434,1.4913,0.3718
1.5517,0.0004,0.9765,1.9324,0.3421
1.6337,0.0004,0.8760,1.7659,0.3421
1.6464,0.0004,0.6700,1.5444,0.3484
1.9344,0.0004,0.6601,2.0195,0.3380
1.4613,0.0003,0.8198,1.4623,0.3487
1.6231,0.0003,0.7625,1.6212,0.3487
1.7674,0.0003,0.6783,1.5515,0.3358
1.2957,0.0003,0.8166,1.3600,0.3358
1.2923,0.0006,0.6529,1.2982,0.3480
2.2838,0.0007,0.8572,2.2931,0.3901
1.6398,0.0004,0.9527,1.5968,0.3441
1.3166,0.0003,0.8936,1.4477,0.3441
1.4796,0.0004,0.7248,1.2994,0.3551
1.6341,0.0003,0.6644,1.7178,0.3509
1.8215,0.0003,0.6700,1.7672,0.3508
1.9226,0.0003,0.6705,1.7501,0.3513
1.6449,0.0003,0.8055,1.6393,0.3476
1.6419,0.0003,0.8260,1.7301,0.3406
1.4714,0.0006,0.8074,1.5050,0.3406
2.4212,0.0005,0.8358,2.5181,0.3831
1.0872,0.0005,0.9604,1.0107,0.3831
1.5593,0.0004,0.8911,1.4775,0.3472
1.5729,0.0003,0.7776,1.7482,0.3532
1.1841,0.0003,0.6338,0.9934,0.3532
1.8915,0.0003,0.6848,2.1014,0.3414
1.1055,0.0003,0.7312,0.7538,0.3414
1.5698,0.0003,0.6699,1.6057,0.3401
2.0666,0.0003,0.6159,2.3562,0.3356
1.3666,0.0005,0.7314,0.9734,0.3675
1.3679,0.0003,1.0684,1.5129,0.3936
1.1168,0.0002,1.1813,1.2012,0.3936
1.4554,0.0005,0.9756,1.4341,0.3668
1.3919,0.0003,0.6448,1.4474,0.3513
1.3354,0.0004,0.8748,1.2979,0.3408
1.3389,0.0003,0.8957,1.2024,0.3408
1.6683,0.0003,0.7692,1.9398,0.3352
1.3609,0.0004,0.6644,1.2513,0.3455
1.0987,0.0004,0.7626,0.8344,0.3455
1.4238,0.0003,0.8109,1.6241,0.3411
1.2353,0.0003,0.8245,1.2627,0.3411
1.9825,0.0005,0.8897,1.9483,0.3430
1.3431,0.0007,1.0098,1.3543,0.3430
1.2846,0.0007,0.9259,1.1827,0.3838
2.2712,0.0006,0.8662,2.2726,0.3394
1.2825,0.0004,1.0951,1.4599,0.3509
1.2740,0.0005,0.8337,1.3040,0.3521
1.4584,0.0004,0.6344,1.4497,0.3594
1.6185,0.0005,0.8016,1.5981,0.3446
1.3269,0.0005,0.6412,1.3335,0.3528
1.1379,0.0003,0.6654,0.9748,0.3528
1.7189,0.0004,0.6502,1.8259,0.3571
1.7942,0.0004,1.1183,1.3075,0.3555
1.3967,0.0004,1.0065,1.8276,0.3555
1.9464,0.0003,0.8699,1.9981,0.3397
1.0795,0.0002,1.0872,1.0548,0.3397
1.7491,0.0004,0.8877,1.3229,0.3522
2.1318,0.0006,0.6484,2.5868,0.3634
0.8283,0.0003,0.6756,0.7845,0.3634
1.6182,0.0004,0.6668,1.3697,0.3678
1.7736,0.0004,0.6432,1.9692,0.3311
1.4959,0.0004,0.7319,1.2910,0.3346
1.5079,0.0004,0.8615,1.7045,0.3531
1.5298,0.0005,0.7253,1.6098,0.3502
1.1646,0.0004,0.6407,0.8630,0.3502
2.0133,0.0003,0.8535,2.2499,0.3655
1.6196,0.0003,0.8539,1.6630,0.3514
1.3877,0.0003,0.8628,0.8711,0.3514
2.0620,0.0003,0.7642,2.5347,0.3441
1.3060,0.0003,0.6809,1.3446,0.3441
1.6336,0.0004,0.6733,1.3901,0.3452
1.7411,0.0005,0.9362,1.4300,0.3347
1.8746,0.0003,1.0449,2.2680,0.3659
1.2588,0.0004,1.0003,1.3390,0.3659
1.8894,0.0005,0.7178,1.7944,0.3363
1.1972,0.0006,0.9527,1.3016,0.3662
2.1239,0.0005,0.7763,1.9938,0.3641
1.4085,0.0004,0.8961,1.2283,0.3493
1.5068,0.0005,1.0349,1.6710,0.3493
1.4339,0.0005,0.8740,1.5736,0.3479
1.8160,0.0005,0.6735,1.1714,0.3545
1.3347,0.0004,1.3210,1.5977,0.3551
1.6268,0.0006,1.1203,1.9689,0.3438
1.5299,0.0003,0.6733,1.4915,0.3438
1.8414,0.0009,0.8626,1.8291,0.3482
1.8449,0.0006,0.9927,1.7293,0.3501
1.3699,0.0005,1.0422,1.4112,0.3501
2.2438,0.0005,0.9479,2.2008,0.3395
1.4588,0.0006,1.0009,1.5766,0.3472
1.7037,0.0006,0.8990,1.4979,0.3472
2.1452,0.0006,0.8205,2.3250,0.3341
1.3201,0.0005,0.8425,1.3521,0.3564
1.6890,0.0004,0.7428,1.6799,0.3564
1.5824,0.0004,0.8679,1.3637,0.3551
2.1187,0.0006,0.8950,2.2506,0.3764
1.4804,0.0006,1.1594,1.4086,0.3764
1.7349,0.0007,1.1922,1.8484,0.3363
1.6320,0.0006,1.0574,1.6291,0.3363
1.8124,0.0007,0.8791,1.4064,0.3573
1.9244,0.0007,0.8391,2.2248,0.3484
1.5937,0.0005,1.0254,1.6927,0.3486
1.3939,0.0004,0.8754,1.2886,0.3486
1.9406,0.0004,0.7178,1.9528,0.3417
1.5553,0.0003,0.8312,1.1681,0.3461
2.0175,0.0006,1.0463,2.3576,0.3867
1.6600,0.0005,1.0080,1.6159,0.3718
1.3879,0.0003,1.0690,1.5253,0.3718
1.8056,0.0004,0.9307,1.7539,0.3608
1.5937,0.0004,0.8586,1.6249,0.3488
1.8738,0.0005,0.8612,1.7397,0.3460
1.8296,0.0005,0.9943,1.9185,0.3460
1.3240,0.0006,1.1469,1.3361,0.3438
2.1281,0.0006,0.8978,1.9749,0.3406
1.4251,0.0009,1.3389,1.5297,0.3406
2.4296,0.0009,0.9697,2.3816,0.3606
1.9324,0.0008,1.0262,1.9780,0.3478
1.3337,0.0007,1.0089,1.3525,0.3386
1.7987,0.0005,1.0028,1.7918,0.3406
1.4130,0.0005,0.8894,1.4198,0.3406
1.9473,0.0004,0.9821,1.9467,0.3523
1.4520,0.0004,0.8004,1.3255,0.3681
1.6011,0.0004,0.9770,1.3782,0.3681
1.7270,0.0004,1.0098,2.0640,0.3361
1.5491,0.0005,0.9288,1.1372,0.3471
1.9075,0.0007,0.9243,2.0787,0.3389
1.9885,0.0008,0.9137,2.0316,0.3484
1.9036,0.0006,1.0250,2.0199,0.3661
1.3419,0.0006,0.8791,1.1235,0.3661
1.9271,0.0005,0.8224,2.1813,0.3348
2.1438,0.0005,0.9075,2.1337,0.3674
1.5119,0.0004,0.9355,1.3523,0.3407
0.9424,0.0004,0.9469,0.9989,0.3407
1.9869,0.0004,0.8314,2.1076,0.3542
1.7215,0.0004,0.7287,1.5225,0.3542
1.8642,0.0004,0.9263,1.8465,0.5293
2.1472,0.0004,1.2885,2.2300,0.3667
1.3963,0.0003,1.6875,1.4628,0.3667
1.8157,0.0005,0.8927,1.6927,0.3521
1.6187,0.0006,1.0684,1.6765,0.3521
2.0909,0.0005,1.0723,2.0871,0.3506
1.5626,0.0004,0.9712,1.4899,0.3506
2.1158,0.0006,0.8863,2.2076,0.3475
1.6637,0.0011,0.8132,1.4789,0.3464
1.3331,0.0004,1.1985,1.4193,0.4084
1.2298,0.0006,0.9900,1.3475,0.4084
1.6574,0.0005,0.8577,1.6550,0.3414
1.6019,0.0004,0.8409,1.5212,0.3414
1.4750,0.0006,0.7885,1.1743,0.3506
1.5778,0.0004,0.8753,1.8002,0.3461
2.1524,0.0005,0.7351,2.2542,0.3459
1.2499,0.0004,0.7761,1.0405,0.3459
2.0324,0.0005,0.8724,1.9932,0.3442
1.7300,0.0004,0.7519,1.7746,0.3404
2.3761,0.0003,0.7794,2.5451,0.3599
1.4847,0.0004,1.0494,1.1441,0.3599
1.8906,0.0004,1.0005,2.2541,0.3434
1.6145,0.0003,0.9199,1.6154,0.3434
1.3386,0.0004,0.9887,1.3500,0.3643
1.2868,0.0004,0.8841,1.2731,0.3512
1.8669,0.0004,0.6898,1.8594,0.3512
1.4221,0.0004,0.7842,1.0351,0.3576
1.9544,0.0004,0.9746,2.2881,0.3380
2.1843,0.0007,0.7740,2.0936,0.3658
1.6316,0.0005,1.4110,1.6511,0.3766
1.6192,0.0004,0.9649,1.5606,0.3321
1.3217,0.0004,0.9069,1.1095,0.3321
1.8204,0.0187,0.8453,1.8893,0.3367
1.9005,0.0003,1.0194,1.8273,0.3463
1.8109,0.0004,0.8837,2.1405,0.3463
1.6907,0.0007,0.7597,1.6609,0.3515
1.3095,0.0003,0.8049,1.3649,0.3515
2.4056,0.0005,0.8179,2.2332,0.3536
1.5326,0.0006,1.0575,1.6054,0.3854
1.5552,0.0005,1.0728,1.5702,0.3414
1.3623,0.0004,0.7887,1.3896,0.3414
2.0541,0.0003,0.7523,1.9427,0.3382
1.5103,0.0003,0.9371,1.4392,0.3382
2.5187,0.0009,0.9560,2.4791,0.3633
1.2558,0.0005,1.0054,1.4179,0.3633
1.5411,0.0005,0.9425,1.5191,0.3473
1.8042,0.0004,0.8096,1.8199,0.3606
1.7730,0.0005,0.9429,1.6084,0.3594
1.4554,0.0006,0.9994,1.4501,0.3594
2.1788,0.0004,1.2783,2.2866,0.3554
1.2317,0.0004,0.9778,1.0669,0.3554
2.2581,0.0004,0.7419,2.3608,0.3478
1.3938,0.0003,0.8564,1.4832,0.3420
1.6742,0.0004,0.7446,1.6690,0.3590
1.4633,0.0004,0.7203,1.4644,0.3590
1.2594,0.0004,0.7414,1.0956,0.3376
2.1005,0.0003,0.7103,1.9141,0.3615
1.9701,0.0004,0.9378,2.2313,0.3615
1.3498,0.0005,1.0527,1.4002,0.4126
1.5357,0.0004,0.9615,1.5572,0.4139
2.1772,0.0005,0.7603,2.0226,0.3374
1.3140,0.0005,0.9340,1.4147,0.3374
1.4225,0.0007,0.9662,1.2305,0.3478
2.0194,0.0006,0.8057,1.9183,0.3383
2.1492,0.0005,0.9388,2.4062,0.3560
1.3267,0.0005,1.0078,1.3717,0.3560
1.9201,0.0005,0.7929,1.7814,0.3523
1.8567,0.0005,0.7853,1.7757,0.3269
1.8235,0.0004,1.1176,1.9362,0.3893
2.0800,0.0005,1.0867,1.9460,0.3512
1.7786,0.0003,0.9556,1.9604,0.3335
1.6651,0.0004,0.9911,1.6121,0.3301
1.5841,0.0004,0.8887,1.5583,0.3316
1.7799,0.0004,0.9324,1.6275,0.3477
2.1577,0.0004,0.7842,2.1882,0.3458
1.1856,0.0004,0.9798,1.3705,0.3458
1.7262,0.0004,0.7634,1.6747,0.3326
1.8774,0.0007,0.8883,1.8164,0.3338
1.5255,0.0008,1.1708,1.3112,0.3492
1.3367,0.0008,1.3275,1.5221,0.3386
1.8119,0.0007,0.8922,1.3552,0.3386
1.5709,0.0004,1.0495,2.0080,0.3429
1.8960,0.0014,0.9026,1.9453,0.3444
1.7961,0.0009,0.9462,1.3543,0.3592
1.7549,0.0010,1.0167,2.0301,0.3592
1.5626,0.0006,1.3232,1.6144,0.3538
2.0485,0.0007,0.8777,2.0996,0.3519
1.7721,0.0005,1.1811,1.6854,0.3519
1.8672,0.0005,1.1620,1.9477,0.3422
1.1736,0.0004,0.9898,1.1390,0.3491
1.7412,0.0005,1.0929,1.8419,0.3491
1.5773,0.0006,0.7580,1.3895,0.3377
2.0755,0.0007,0.7748,1.8239,0.3445
2.2107,0.0007,1.0941,2.4412,0.3541
0.9056,0.0008,1.0943,0.9506,0.3541
1.9979,0.0005,0.8277,2.0512,0.3492
1.9348,0.0006,0.7762,1.8636,0.3492
1.5959,0.0006,1.1352,1.5331,0.3890
2.0370,0.0006,1.2265,2.0350,0.3438
1.5548,0.0007,0.9890,1.5111,0.3659
2.1402,0.0006,1.0043,2.2478,0.3324
1.8855,0.0005,0.9085,1.7270,0.3336
1.2007,0.0004,1.1349,1.3792,0.3421
1.5826,0.0005,0.9759,1.5554,0.3446
1.7276,0.0005,0.8872,1.7129,0.3446
1.8531,0.0005,0.9570,1.6707,0.3520
2.3113,0.0011,1.1141,2.3636,0.3601
1.6325,0.0009,1.1891,1.3959,0.3601
2.5347,0.0008,1.1888,2.6906,0.3512
1.3113,0.0008,1.2036,1.3104,0.3512
2.0080,0.0008,1.0323,1.8492,0.3519
2.4319,0.0008,1.0572,2.5240,0.3667
1.3055,0.0006,1.1544,1.4576,0.3536
1.5003,0.0006,1.0142,1.2432,0.3404
1.9829,0.0005,1.0373,2.2523,0.3404
2.3544,0.0005,1.1608,2.3261,0.3632
1.7842,0.0005,1.1226,1.7060,0.3488
1.7720,0.0005,1.1136,1.6880,0.3488
2.1930,0.0005,1.1191,2.3401,0.3642
1.4633,0.0006,0.9690,1.4961,0.3440
1.3700,0.0005,1.0100,1.3059,0.3440
1.4803,0.0005,1.0347,1.3526,0.3408
1.8291,0.0004,0.8397,1.6365,0.3550
1.3673,0.0005,1.0306,1.6683,0.3550
2.0036,0.0007,1.1263,1.9057,0.3503
2.0977,0.0006,1.0281,2.2183,0.3575
1.7638,0.0005,1.0427,1.6684,0.3505
1.9050,0.0004,1.0386,2.0122,0.3445
1.8819,0.0004,0.8885,1.6863,0.3445
1.9775,0.0005,0.9634,1.7725,0.3391
1.9158,0.0005,1.1103,2.3226,0.3453
1.7653,0.0005,0.9053,1.7390,0.3419
1.9298,0.0006,0.9374,1.8514,0.3301
1.9606,0.0006,0.9928,1.9523,0.3708
1.8006,0.0006,1.2693,1.8507,0.3668
1.6797,0.0008,1.0446,1.6301,0.3668
1.6294,0.0005,0.9298,1.6855,0.3485
1.9393,0.0003,0.9091,1.9125,0.3355
1.8366,0.0005,0.8997,1.4945,0.3355
2.2658,0.0006,0.8697,2.5761,0.3460
2.0189,0.0005,0.8724,2.0298,0.3513
1.6094,0.0006,0.9118,1.5988,0.3526
1.7830,0.0006,0.8907,1.3328,0.3526
2.7066,0.0008,1.0110,2.9806,0.3454
1.0384,0.0006,1.2334,1.0956,0.3454
2.0273,0.0006,0.9051,2.1336,0.3326
2.0100,0.0007,0.7727,1.9608,0.3460
1.9195,0.0010,0.8830,1.7716,0.3460
1.7367,0.0008,1.0270,1.8430,0.3469
2.0896,0.0006,1.0387,2.0419,0.3502
1.7621,0.0005,1.1146,1.8354,0.3502
2.3140,0.0006,0.9258,2.1857,0.3644
2.0260,0.0006,1.2035,1.9522,0.3555
1.9042,0.0008,1.5348,2.0145,0.3459
1.9667,0.0007,1.2694,2.0018,0.3599
2.0184,0.0005,0.9993,1.4073,0.3599
1.9611,0.0003,1.0335,2.1637,0.3504
2.3799,0.0006,0.9610,2.7527,0.3372
1.3982,0.0005,1.0236,1.3673,0.3372
2.4920,0.0005,1.0723,2.4729,0.3553
1.6759,0.0007,1.0727,1.7067,0.3470
1.8385,0.0006,1.0491,1.7589,0.3483
1.8942,0.0010,1.0847,1.9934,0.3483
1.9710,0.0007,0.9959,1.8461,0.3449
1.7064,0.0008,1.2388,1.8277,0.3555
2.0637,0.0007,1.2090,2.0002,0.3472
1.9311,0.0005,1.0702,1.7036,0.3472
2.2842,0.0009,1.4612,2.3398,0.3653
1.8049,0.0006,1.4188,1.9673,0.3716
1.8966,0.0004,1.1907,1.8055,0.3716
1.7632,0.0007,1.2720,1.8901,0.3425
1.7555,0.0005,1.1714,1.7444,0.3330
1.8044,0.0005,1.0649,1.8192,0.3349
1.8573,0.0006,0.9848,1.7325,0.3349
2.0638,0.0005,0.9513,2.1119,0.3401
2.0258,0.0005,1.0988,1.9734,0.3401
2.3200,0.0011,1.2483,2.3039,0.3351
2.1203,0.0010,1.5831,2.1400,0.3522
1.6128,0.0008,1.2239,1.4778,0.3522
2.0527,0.0004,0.9962,2.1275,0.3480
1.6330,0.0006,0.9659,1.7453,0.3480
1.9579,0.0005,0.9248,1.9307,0.3507
1.4497,0.0006,1.0132,1.4844,0.3485
1.5545,0.0003,0.8227,1.5757,0.3485
2.1484,0.0007,0.6763,2.0386,0.3439
1.6538,0.0007,0.9131,1.6897,0.3724
1.7812,0.0005,1.3073,1.6215,0.3724
2.1288,0.0005,0.9791,2.2586,0.3371
1.6176,0.0005,0.8467,1.6177,0.3294
1.4698,0.0005,0.8535,1.4881,0.3294
1.6820,0.0003,0.7846,1.6794,0.3430
2.2069,0.0005,0.7968,2.1500,0.3533
1.1390,0.0004,0.8739,1.1701,0.3533
2.1593,0.0005,0.8403,2.1319,0.3344
1.7189,0.0005,1.0423,1.7002,0.3369
1.9875,0.0005,1.2091,1.9539,0.3463
1.5837,0.0004,1.1875,1.6476,0.3734
1.7391,0.0005,0.8916,1.6300,0.3339
1.7694,0.0007,0.9518,1.7799,0.3339
2.3427,0.0007,0.8922,2.2856,0.3430
1.7499,0.0006,1.2585,1.7416,0.3430
2.1864,0.0008,1.1078,2.1113,0.3396
2.0843,0.0010,1.1962,2.2156,0.3438
2.0824,0.0011,1.1677,2.0068,0.3491
2.3281,0.0005,1.1908,1.5114,0.3491
1.9819,0.0005,1.0711,2.8327,0.3649
1.8986,0.0006,1.0085,1.4664,0.3409
2.1643,0.0006,1.1353,2.5698,0.3550
1.6103,0.0007,1.1413,1.6233,0.3550
2.1484,0.0004,0.8916,2.1765,0.3614
1.5825,0.0004,0.9375,1.3628,0.3614
1.7061,0.0004,1.1344,1.7826,0.3415
2.2193,0.0006,1.1684,2.2559,0.3624
1.9605,0.0006,1.1415,1.9445,0.3820
1.3240,0.0004,1.0463,1.4454,0.3820
2.2696,0.0005,0.9900,2.0129,0.3372
1.5055,0.0004,1.1162,1.5888,0.3438
1.9680,0.0005,1.1905,2.0752,0.3383
2.0594,0.0004,0.9954,2.0543,0.3536
1.6853,0.0004,0.9400,1.5760,0.3416
2.5643,0.0004,1.0649,2.2466,0.3721
1.6840,0.0005,1.4812,1.5207,0.3795
0.9933,0.0005,1.6009,1.5316,0.3795
1.9138,0.0004,0.8885,1.8697,0.3445
1.9815,0.0004,0.8459,1.9573,0.3379
1.7885,0.0005,0.9250,1.6373,0.3379
2.4062,0.0005,1.1402,2.4211,0.3354
1.7646,0.0009,1.4530,1.9417,0.3354
1.8417,0.0003,0.9374,1.7315,0.3611
2.0122,0.0005,0.8627,2.0067,0.3310
2.0235,0.0006,1.0745,2.0387,0.3622
2.0721,0.0007,1.0994,1.9852,0.3465
1.6229,0.0008,1.3421,1.7674,0.3465
2.1012,0.0006,0.9544,2.0850,0.3301
1.6270,0.0005,0.9499,1.4468,0.3301
2.2560,0.0006,0.9336,2.4180,0.3445
1.7117,0.0003,0.9893,1.7530,0.3445
2.2792,0.0003,0.9727,2.1941,0.3393
1.7684,0.0006,1.0492,1.7858,0.3393
2.1246,0.0008,0.9861,1.9934,0.5248
1.7233,0.0006,1.0318,1.8305,0.3707
2.2521,0.0006,0.8484,2.0330,0.3403
2.8297,0.0009,1.0562,2.8379,0.3632
1.6982,0.0008,1.1029,1.8172,0.3485
1.8904,0.0007,0.9680,1.8122,0.3497
1.4156,0.0006,1.0461,1.5617,0.3372
1.9673,0.0009,0.8743,1.8577,0.3372
1.9971,0.0008,1.1538,1.7017,0.3456
2.0211,0.0006,1.2517,2.2854,0.3408
1.3136,0.0005,1.0235,1.1143,0.3408
1.7827,0.0005,0.9419,2.0624,0.3605
2.0993,0.0005,1.0982,2.0024,0.3479
1.5440,0.0004,0.9548,1.3609,0.3479
2.2141,0.0005,0.8954,2.5027,0.3383
1.7003,0.0006,1.0573,1.7009,0.3456
1.7068,0.0006,0.8211,1.6672,0.3456
1.9076,0.0004,0.8807,1.8803,0.3428
2.0763,0.0003,1.0237,1.7314,0.3755
1.8375,0.0004,1.1200,2.1904,0.3538
1.9287,0.0004,1.1230,1.9459,0.3470
1.6458,0.0004,0.8821,1.3250,0.3457
1.7693,0.0005,0.9435,1.8012,0.3471
1.6256,0.0005,1.0239,1.7390,0.3529
2.1396,0.0004,0.9139,2.2779,0.3562
1.7099,0.0004,0.9244,1.6895,0.3562
2.3683,0.0005,0.9034,1.9644,0.3611
1.8117,0.0007,1.2712,2.2155,0.3601
1.3890,0.0004,0.9945,1.2635,0.3601
1.9298,0.0004,0.9064,1.9333,0.3428
1.6902,0.0004,0.9824,1.4997,0.3615
2.0872,0.0005,0.9535,1.9527,0.3442
2.0185,0.0004,1.0521,2.4219,0.3404
1.5907,0.0005,1.0976,1.6244,0.3404
1.8134,0.0006,0.8677,1.7631,0.3497
1.8828,0.0005,0.8292,1.8273,0.3526
1.5968,0.0006,0.9970,1.6258,0.3451
1.4784,0.0003,1.2488,1.2271,0.3451
2.2066,0.0005,1.1386,2.3528,0.3338
1.9385,0.0006,1.1396,1.4932,0.3338
2.0483,0.0007,1.0062,2.5646,0.3349
1.8281,0.0006,1.0698,1.6829,0.3422
1.5421,0.0008,1.1273,1.4849,0.3422
2.1251,0.0006,1.0457,2.2409,0.3549
2.4777,0.0006,0.9462,2.4468,0.3624
1.5916,0.0006,1.1593,1.6706,0.3636
1.6882,0.0004,1.0037,1.7218,0.3636
1.8863,0.0004,0.9271,1.3876,0.3421
2.2735,0.0004,0.9688,2.6322,0.3328
1.8488,0.0004,1.0315,1.8747,0.3466
1.7281,0.0005,1.0809,1.8146,0.3466
2.0932,0.0005,1.0042,1.9618,0.3457
1.3109,0.0004,0.9777,1.4132,0.3457
1.8359,0.0004,0.9266,1.8015,0.3691
2.1239,0.0004,0.9080,2.1340,0.3384
1.3410,0.0004,0.8363,1.3006,0.3384
1.8864,0.0005,0.9097,1.8463,0.3361
1.8675,0.0004,0.8651,1.9634,0.3572
1.4918,0.0003,0.7695,1.4865,0.3572
1.9617,0.0004,0.7289,1.9395,0.3417
1.6122,0.0004,0.7353,1.6338,0.3357
1.7842,0.0003,0.7639,1.7827,0.3422
2.1826,0.0006,0.7337,2.0507,0.3676
1.6227,0.0006,1.1141,1.6358,0.3647
1.4644,0.0004,1.2225,1.5375,0.3647
1.3515,0.0006,0.7552,1.2710,0.3608
1.4133,0.0006,0.7149,1.4928,0.3331
1.7932,0.0005,0.7347,1.3062,0.3457
1.7485,0.0005,0.7605,2.1496,0.3471
1.8793,0.0005,0.8561,1.6166,0.3556
2.2050,0.0007,1.1596,2.4828,0.3531
1.3071,0.0006,0.9802,1.2820,0.3531
1.5567,0.0004,0.9386,1.4750,0.3584
1.7227,0.0005,1.0702,1.6617,0.3693
1.8816,0.0005,0.9101,2.0571,0.3431
1.8369,0.0174,0.7904,1.7751,0.3319
1.7941,0.0004,0.9649,1.8417,0.3405
1.6281,0.0002,0.8688,1.5983,0.3411
2.0693,0.0003,0.7749,2.0874,0.3514
1.4317,0.0003,0.7637,1.1305,0.3514
1.9729,0.0004,0.7494,2.0423,0.3370
2.3785,0.0008,0.9116,2.1838,0.3635
1.4454,0.0004,1.4003,1.4554,0.3635
2.6013,0.0006,1.1428,2.7345,0.3430
1.6462,0.0005,1.1311,1.7315,0.3454
1.0112,0.0004,1.0216,0.9042,0.3454
2.0347,0.0012,0.9911,2.2316,0.3511
1.7886,0.0003,0.8116,1.7872,0.3379
1.7019,0.0004,0.8327,1.7330,0.3340
1.4145,0.0004,0.7907,1.2005,0.3437
1.5848,0.0004,0.9329,1.7072,0.3408
2.1226,0.0004,0.8080,2.1466,0.3569
1.4594,0.0005,0.9249,1.5086,0.3569
1.4617,0.0004,0.9242,1.2327,0.3596
1.6495,0.0003,1.0197,1.8483,0.3374
2.3247,0.0005,0.9153,2.3073,0.3541
1.5083,0.0005,0.8449,1.5224,0.3522
1.1441,0.0004,0.7972,0.9001,0.3522
1.9158,0.0005,0.7608,2.0612,0.3315
2.2142,0.0004,0.8763,2.2318,0.3448
0.9966,0.0006,0.9233,0.9815,0.3448
2.6471,0.0004,0.8780,2.5212,0.3715
1.2422,0.0003,1.1094,0.9714,0.3449
1.7097,0.0005,1.1411,2.1731,0.3590
1.5168,0.0003,0.7458,1.4357,0.3590
1.6853,0.0004,0.7782,1.5457,0.3490
2.0749,0.0004,0.7810,2.2252,0.3443
1.4652,0.0006,0.8906,1.3267,0.3689
1.3369,0.0005,1.0366,1.4024,0.3689
1.9268,0.0004,0.9092,1.9108,0.3488
1.7578,0.0006,0.8326,1.6976,0.3405
1.8203,0.0007,1.1139,1.5796,0.3377
2.2906,0.0008,0.9719,2.4915,0.3572
1.5188,0.0004,1.0630,1.4885,0.3464
1.2250,0.0004,1.1756,1.3531,0.3464
1.3737,0.0004,0.7958,1.2745,0.3444
1.8392,0.0005,0.7822,1.9292,0.3615
1.3866,0.0008,0.8262,1.4777,0.3496
1.6889,0.0004,0.7859,1.4535,0.3487
1.2139,0.0004,1.2036,1.4157,0.3714
1.2384,0.0005,1.0324,1.2205,0.3714
1.9929,0.0007,1.0199,1.9496,0.3556
1.5032,0.0005,0.8937,1.4986,0.3853
1.1037,0.0004,0.8192,0.9271,0.3853
1.6720,0.0003,0.7783,1.9007,0.3537
1.5404,0.0003,0.6812,1.4446,0.3354
1.6690,0.0004,0.8122,1.7513,0.3550
1.3842,0.0005,0.6918,1.3799,0.3550
1.4695,0.0003,0.7449,1.0656,0.3402
2.0372,0.0004,0.7902,2.3325,0.3375
1.6470,0.0005,0.8974,1.7448,0.3375
1.3876,0.0005,0.6871,1.3404,0.3394
2.1367,0.0003,0.8263,2.1485,0.3549
1.4420,0.0003,1.0925,1.2896,0.3697
1.6040,0.0004,0.7381,1.6769,0.3478
1.7311,0.0006,0.7810,1.6870,0.3384
1.4339,0.0005,0.8587,1.3324,0.3384
1.3933,0.0004,1.1631,1.4542,0.3363
1.9755,0.0005,1.1598,1.8761,0.3428
1.7493,0.0007,0.9994,1.8190,0.3422
1.7216,0.0006,0.9191,1.6759,0.3462
1.6808,0.0006,0.9392,1.8254,0.3359
1.5501,0.0011,1.3962,1.4480,0.3736
1.6324,0.0006,1.0746,1.6112,0.3609
1.7853,0.0004,0.8225,1.9473,0.3433
1.5719,0.0007,0.8562,1.5314,0.3510
1.5260,0.0005,0.9966,1.2320,0.3373
1.9446,0.0005,1.0173,1.9674,0.3438
1.8713,0.0004,0.9204,1.8501,0.3377
1.8015,0.0004,1.0481,2.0971,0.3438
1.5754,0.0004,0.7511,1.5762,0.3438
1.3784,0.0003,0.7704,1.2785,0.3399
2.0036,0.0004,0.7637,2.0520,0.3669
1.7815,0.0004,0.8119,1.5438,0.3797
1.8532,0.0006,0.8793,2.0917,0.3407
1.7092,0.0004,0.8536,1.5914,0.3574
1.8401,0.0003,0.8341,1.5814,0.3513
1.8586,0.0004,0.8740,2.1149,0.3385
1.3579,0.0004,0.9209,1.4639,0.3385
1.7134,0.0004,0.9715,1.5809,0.3376
1.7438,0.0006,0.9961,1.8383,0.3462
1.5844,0.0008,1.1741,1.4959,0.3771
1.5753,0.0005,1.4466,1.6495,0.3668
1.4078,0.0005,0.9032,1.1345,0.3530
1.6879,0.0004,0.8991,1.9429,0.3530
1.5006,0.0007,0.8477,1.5310,0.3391
1.6227,0.0005,0.8540,1.5568,0.3408
1.6566,0.0005,0.7442,1.6910,0.3430
1.8470,0.0007,0.8945,1.6204,0.3430
1.6650,0.0004,1.3544,1.5636,0.3383
1.7856,0.0004,1.0440,2.0873,0.3671
1.3886,0.0005,0.9330,1.2048,0.3671
1.5066,0.0003,0.8858,1.5893,0.3934
1.7636,0.0007,0.8244,1.4147,0.3595
1.9982,0.0005,1.4217,2.4176,0.3368
1.6638,0.0004,0.8062,1.6866,0.3607
1.3872,0.0003,0.8734,1.3796,0.3458
1.6066,0.0003,0.6306,1.6123,0.3458
1.4741,0.0003,0.6197,1.4555,0.3393
1.2615,0.0003,0.6774,1.2751,0.3392
1.9265,0.0003,0.7022,1.9082,0.3335
1.5989,0.0004,0.6260,1.5630,0.3404
1.7727,0.0005,0.7031,1.6786,0.3693
1.6972,0.0005,0.9759,1.7517,0.3543
1.5199,0.0004,0.9955,1.4541,0.3543
1.4679,0.0004,0.7997,1.2972,0.3543
1.8983,0.0004,0.6905,1.8624,0.3372
1.9003,0.0004,0.7023,1.8843,0.3450
2.1106,0.0005,0.8632,2.1840,0.3395
2.1446,0.0005,0.7411,2.2095,0.3419
1.7479,0.0004,0.8400,1.7935,0.3428
2.1853,0.0005,0.8474,2.1352,0.3486
1.8852,0.0003,0.9431,1.8149,0.3574
1.7351,0.0004,0.9635,1.8454,0.3379
1.8648,0.0003,0.7370,1.6517,0.3340
1.7161,0.0004,0.7818,1.7746,0.3440
1.9035,0.0004,0.9182,2.0645,0.3375
1.7337,0.0004,0.7853,1.7412,0.3412
1.6345,0.0004,0.6602,1.5695,0.3412
1.6962,0.0004,0.7675,1.7792,0.3598
1.6883,0.0004,0.6733,1.3720,0.3461
1.8334,0.0003,1.0584,1.8564,0.3729
1.6641,0.0003,1.0703,1.5318,0.3560
1.3257,0.0003,0.9659,1.4151,0.3560
1.8996,0.0003,0.8256,2.1325,0.3444
1.2545,0.0003,0.7079,0.9645,0.3444
2.0184,0.0004,0.7827,2.1522,0.3395
1.6265,0.0003,0.7809,1.4337,0.3454
1.8608,0.0003,0.9461,2.0948,0.3416
1.3601,0.0004,0.8364,1.1458,0.3416
2.4341,0.0004,0.8397,2.6432,0.3714
1.3211,0.0179,1.1120,1.0751,0.3714
2.1441,0.0004,0.9763,2.4495,0.3307
1.0742,0.0005,0.7633,1.0443,0.3307
1.9445,0.0006,0.7469,2.0093,0.3598
1.2397,0.0003,0.6788,1.1294,0.3492
1.2717,0.0003,0.7965,1.4018,0.3492
1.5472,0.0004,0.6375,1.3901,0.3495
1.4860,0.0004,0.6617,1.4419,0.3457
1.5498,0.0004,0.6627,1.3607,0.3412
1.9000,0.0009,0.8757,2.1753,0.3336
1.2624,0.0006,0.8555,1.1790,0.3543
1.8968,0.0003,0.8266,2.0143,0.3550
1.5513,0.0003,0.9236,1.5900,0.3504
1.4364,0.0003,0.7666,1.2958,0.3504
2.3012,0.0003,0.6981,2.3032,0.3535
1.6276,0.0003,0.8065,1.6799,0.3597
1.4446,0.0003,0.9321,1.5261,0.3614
1.1563,0.0004,0.7573,1.1412,0.3614
2.1091,0.0003,0.6447,2.0201,0.3320
1.5876,0.0004,0.7220,1.6255,0.3770
1.2166,0.0004,0.7479,1.2577,0.3770
1.5307,0.0005,0.6793,1.4574,0.3409
1.9873,0.0004,0.7321,1.9723,0.3438
1.0090,0.0004,0.9312,0.9626,0.3360
1.4276,0.0004,0.7717,1.5375,0.3360
1.6497,0.0005,0.6546,1.4752,0.3444
1.4391,0.0005,0.8540,1.5596,0.3444
1.9003,0.0008,0.7204,1.2235,0.3531
1.1372,0.0005,1.1052,1.5816,0.3531
1.6696,0.0005,0.6971,1.7588,0.3623
1.7019,0.0004,0.7367,1.8174,0.3638
1.4811,0.0004,1.0563,1.5108,0.3638
1.9433,0.0003,1.2063,1.8100,0.3560
1.7337,0.0004,0.8524,1.3744,0.3481
1.6445,0.0003,0.6609,1.8117,0.3423
2.0286,0.0003,0.6775,2.2720,0.3306
1.4598,0.0003,0.7507,1.4995,0.3365
2.1047,0.0004,0.6601,1.8244,0.3360
1.7663,0.0003,0.8585,1.5681,0.3360
1.4457,0.0003,0.7062,1.5779,0.3418
1.8771,0.0007,0.6602,2.1954,0.3591
1.7361,0.0005,0.7788,1.4061,0.3775
1.4967,0.0003,0.8254,1.6285,0.3331
1.9423,0.0004,0.7926,2.1616,0.3379
1.5306,0.0005,0.6242,1.4545,0.3489
1.0287,0.0010,0.7932,0.8342,0.3446
2.2826,0.0004,0.9801,2.3513,0.3409
1.4981,0.0005,1.0162,1.5563,0.3531
1.4352,0.0005,0.9942,1.4824,0.3637
1.3889,0.0011,0.7770,1.4037,0.3457
1.6248,0.0006,0.8359,1.5708,0.3494
1.2489,0.0008,0.9366,1.3155,0.3494
1.9533,0.0006,0.8319,1.9420,0.3480
1.1075,0.0004,0.9076,0.9917,0.3426
1.2579,0.0005,0.7956,1.4026,0.3426
1.3999,0.0003,0.6436,1.3903,0.3603
1.6806,0.0007,0.6536,1.2368,0.3477
1.9778,0.0006,1.0705,2.3277,0.3456
1.3854,0.0006,0.9292,1.4479,0.3357
1.0023,0.0004,0.8281,0.9874,0.3357
1.9324,0.0003,0.7125,1.9019,0.3503
1.3881,0.0004,0.6850,1.3656,0.3503
1.5582,0.0006,0.8077,1.5345,0.3623
1.9755,0.0005,0.8662,1.8683,0.3473
1.5642,0.0004,0.8789,1.6401,0.3340
1.9848,0.0008,0.9160,1.9331,0.3624
1.1613,0.0005,0.9773,1.2024,0.3624
2.3105,0.0009,0.7969,2.3143,0.3392
1.5701,0.0006,0.7173,1.5921,0.3448
1.3758,0.0003,0.7819,1.3975,0.3448
2.0064,0.0004,0.7829,1.9305,0.3455
1.6496,0.0005,0.9187,1.6408,0.3401
2.1702,0.0005,0.8762,2.1538,0.3612
1.0272,0.0005,0.9430,0.9522,0.3612
1.5810,0.0005,0.7588,1.6279,0.3463
1.5579,0.0006,0.7827,1.4031,0.3446
1.8232,0.0004,0.9394,2.0622,0.3499
1.6865,0.0004,0.7595,1.6973,0.3463
1.6245,0.0005,0.8128,1.4389,0.3463
1.7819,0.0005,0.7681,1.8557,0.3419
2.1549,0.0006,0.8710,1.6791,0.3301
1.5575,0.0004,1.1402,1.7706,0.3301
2.0701,0.0005,1.0610,2.2455,0.3718
1.5217,0.0005,0.9123,1.5884,0.3601
1.4170,0.0006,0.8408,1.4710,0.3411
1.6111,0.0004,0.7659,1.5980,0.3411
1.8609,0.0003,0.7110,1.8575,0.3669
1.7296,0.0003,0.6683,1.6241,0.3351
1.2991,0.0003,0.7363,1.3112,0.3451
1.4013,0.0003,0.7203,1.2467,0.3496
1.4119,0.0004,0.7267,1.4297,0.3496
1.7144,0.0005,0.6165,1.9260,0.3450
1.8493,0.0003,0.8926,1.8279,0.3698
1.4917,0.0004,0.8166,1.4728,0.3698
1.9062,0.0002,0.7912,1.8517,0.3590
1.5895,0.0004,0.7916,1.5898,0.3590
1.2653,0.0003,0.8112,1.3463,0.3381
1.6076,0.0004,0.8255,1.6068,0.3483
1.5616,0.0004,0.6485,1.5431,0.3483
1.4323,0.0004,0.7654,1.2716,0.3396
1.5693,0.0004,0.7284,1.4347,0.3377
1.7119,0.0007,0.6871,1.9678,0.3487
1.9569,0.0005,1.2205,1.9173,0.3454
1.6376,0.0006,0.9536,1.6746,0.3460
1.5564,0.0004,0.7343,1.3765,0.3460
1.8313,0.0004,0.7748,2.0250,0.3472
1.5654,0.0003,0.7194,1.2617,0.3412
1.9865,0.0004,0.8491,2.2599,0.3345
1.4228,0.0003,0.7168,1.4568,0.3395
1.7559,0.0004,0.6197,1.7450,0.3279
1.6538,0.0004,0.6230,1.5954,0.3279
1.7404,0.0008,0.7085,1.2799,0.3376
1.7574,0.0006,0.7816,2.1959,0.3650
1.5215,0.0004,1.1531,1.5597,0.3622
1.4308,0.0004,0.7664,1.0786,0.3421
1.4769,0.0004,0.8315,1.7392,0.3421
1.7537,0.0003,0.6790,1.8456,0.3458
1.7486,0.0003,0.6222,1.7225,0.3353
1.3210,0.0003,0.6480,1.2474,0.3353
1.7663,0.0004,0.6052,1.8595,0.3530
0.9352,0.0004,0.5978,0.8297,0.3524
1.7053,0.0003,0.6896,1.5542,0.3479
1.1760,0.0003,0.7876,1.2459,0.3479
1.5026,0.0005,1.0758,1.5394,0.3603
1.7372,0.0005,1.0519,1.7538,0.3541
1.3053,0.0004,0.7785,1.2852,0.3515
1.2395,0.0004,0.7897,1.3351,0.3515
1.5533,0.0005,0.7447,1.4038,0.3454
1.3869,0.0005,0.8532,1.3894,0.3382
1.8930,0.0003,0.7561,2.0012,0.3351
1.2681,0.0004,0.6366,1.3059,0.3351
1.7358,0.0004,0.6145,1.6341,0.3503
1.2606,0.0003,0.5947,1.3503,0.3450
1.4533,0.0005,0.6017,1.0920,0.3525
2.1531,0.0004,0.9152,2.3926,0.3648
1.7571,0.0004,1.5012,1.8003,0.3422
1.0625,0.0004,0.7917,1.1029,0.3501
1.5852,0.0004,0.7113,1.4256,0.3501
1.8464,0.0003,0.7087,2.0025,0.3614
1.4713,0.0003,0.6616,1.4408,0.3396
1.6035,0.0004,0.6276,1.5724,0.3460
1.9532,0.0004,0.7276,1.9815,0.3625
1.2698,0.0004,0.7732,1.1466,0.3625
1.9819,0.0004,0.7847,2.0631,0.3430
1.4905,0.0006,0.7570,1.1595,0.3522
1.7476,0.0006,1.2474,2.0894,0.3757
1.3627,0.0005,0.8599,1.1178,0.3654
1.0757,0.0006,1.0119,1.2443,0.3654
1.2326,0.0006,0.8047,1.3053,0.3668
1.5560,0.0005,0.8494,1.3622,0.3563
1.5029,0.0005,0.7204,1.5624,0.3456
1.5469,0.0003,0.7851,1.6644,0.3454
1.7682,0.0003,0.6665,1.7572,0.3445
1.1489,0.0004,0.7420,1.1722,0.3428
1.0677,0.0003,0.8842,0.9472,0.3428
1.9541,0.0004,0.6924,1.9381,0.3606
1.6041,0.0010,1.0359,1.3874,0.3620
1.1339,0.0004,1.4226,1.1933,0.3620
1.3281,0.0004,0.8316,1.3160,0.3509
1.5718,0.0003,0.7211,1.5171,0.3473
1.6198,0.0004,0.8963,1.9240,0.3453
1.3822,0.0005,0.7331,1.2203,0.3424
1.6541,0.0004,0.7911,1.4890,0.3424
1.3732,0.0003,0.7123,1.6441,0.3619
1.9402,0.0004,0.7576,1.4911,0.3557
1.5602,0.0003,0.9921,1.8571,0.3557
1.3659,0.0004,0.6660,1.5298,0.3443
1.6866,0.0003,0.7798,1.6794,0.3726
1.4601,0.0004,0.8284,1.4705,0.3462
1.4838,0.0003,0.8908,1.3968,0.3455
1.3074,0.0005,0.7771,1.3214,0.3437
1.3820,0.0003,0.8905,1.4425,0.3631
1.2733,0.0003,0.6271,1.0142,0.3631
1.7698,0.0006,0.7020,1.7742,0.3299
1.9156,0.0006,1.0718,1.9088,0.3599
1.3811,0.0003,1.2519,1.3306,0.3666
2.0887,0.0003,1.0010,2.2248,0.3419
1.5283,0.0005,0.8382,1.3365,0.3419
1.9753,0.0005,1.3508,2.1876,0.3840
1.1340,0.0004,0.9859,1.0971,0.3599
0.9943,0.0004,0.8400,1.1365,0.3599
1.7880,0.0004,0.9576,1.7669,0.3435
1.1518,0.0004,0.7198,0.9133,0.3435
2.1146,0.0003,0.6849,2.2908,0.3458
1.6923,0.0005,0.6292,1.6900,0.3458
1.3444,0.0004,0.7617,1.3901,0.3425
1.6019,0.0004,0.7227,1.5089,0.3507
1.9838,0.0336,0.7710,1.8076,0.3544
1.2089,0.0003,1.1750,1.4355,0.3544
1.7059,0.0003,0.8670,1.6734,0.3515
1.5347,0.0003,0.6648,1.5809,0.3515
1.6218,0.0004,0.6801,1.4605,0.3382
1.9604,0.0005,0.8376,2.0822,0.3372
1.6756,0.0004,0.8515,1.3231,0.3404
1.2692,0.0005,0.8258,1.6233,0.3721
1.6473,0.0003,0.8349,1.6621,0.3412
1.6805,0.0003,0.6842,1.6679,0.3584
1.3158,0.0003,0.6803,1.2164,0.3314
1.2312,0.0003,0.6986,1.1594,0.3314
2.1306,0.0003,0.7257,2.2545,0.3466
1.3764,0.0006,0.7877,1.4058,0.3335
1.4071,0.0003,0.7316,1.3064,0.3335
2.0425,0.0004,0.6618,2.1110,0.3325
1.6921,0.0003,0.8123,1.5212,0.3490
1.9651,0.0004,0.8605,1.9549,0.3490
1.6093,0.0004,0.8125,1.5937,0.3647
2.1344,0.0003,0.8320,1.9503,0.3386
1.8752,0.0004,0.9308,2.1711,0.3386
1.3760,0.0009,0.8070,1.3808,0.3677
1.3897,0.0005,0.8009,1.4269,0.3678
1.2303,0.0004,0.7554,1.0340,0.3430
1.5073,0.0004,0.8630,1.2487,0.3430
1.4283,0.0004,0.8398,1.5116,0.3434
1.8236,0.0004,0.9495,2.1695,0.3498
1.5321,0.0004,0.8146,1.1795,0.3369
1.3762,0.0004,0.8177,1.4274,0.3369
1.1209,0.0004,0.9415,1.4319,0.3488
1.2084,0.0006,0.6863,1.2051,0.3447
1.6308,0.0003,0.8233,1.6285,0.3538
1.8305,0.0005,0.6777,1.6647,0.3538
1.2446,0.0003,0.8920,1.3802,0.3478
1.6283,0.0008,0.7949,1.5087,0.3750
1.5895,0.0004,0.7972,1.6477,0.3543
1.8932,0.0006,0.6355,1.5922,0.3379
1.7221,0.0004,1.2434,1.8455,0.3472
1.8032,0.0003,0.8619,1.7771,0.3310
1.3814,0.0003,0.7750,1.3303,0.3310
1.4319,0.0002,0.6248,1.5910,0.3326
1.5792,0.0004,0.6677,1.6547,0.3582
1.3724,0.0004,0.8462,1.1281,0.3442
2.3780,0.0004,0.7477,2.4541,0.3733
1.3910,0.0003,0.9271,1.4229,0.3638
1.1277,0.0004,0.9806,1.0557,0.3638
1.9258,0.0006,0.9710,2.1352,0.3691
1.4593,0.0003,0.7119,1.4767,0.3516
1.6071,0.0003,0.7087,1.5907,0.3441
1.3362,0.0004,0.6591,1.3220,0.3337
1.9008,0.0004,0.6607,1.7654,0.3470
1.2209,0.0163,0.7965,1.2380,0.3470
1.6112,0.0004,0.8092,1.7159,0.3648
1.5926,0.0007,0.6683,1.4914,0.3335
1.8115,0.0004,0.7865,1.8575,0.3596
1.5302,0.0005,0.8234,1.2782,0.3655
1.5502,0.0005,0.8948,1.7076,0.3472
1.3569,0.0003,0.8843,1.1521,0.3535
1.2031,0.0004,0.8019,1.5242,0.3535
1.0847,0.0003,0.6623,1.0734,0.3630
1.5485,0.0003,0.6236,1.2937,0.3586
1.4288,0.0004,0.6403,1.5641,0.3499
1.2204,0.0004,0.7947,1.0666,0.3499
1.6636,0.0004,0.6469,1.9188,0.3500
1.0825,0.0005,0.6780,1.1027,0.3500
1.6598,0.0004,0.7350,1.2868,0.3436
1.9391,0.0005,0.9965,2.2415,0.3634
1.5463,0.0004,0.7588,1.2382,0.3529
1.8580,0.0004,0.8423,2.1646,0.3529
1.7710,0.0007,0.7134,1.7642,0.3440
1.7656,0.0003,0.8183,1.7999,0.3425
1.4570,0.0005,0.7017,1.3334,0.3471
1.7904,0.0003,0.7107,1.7597,0.3489
1.6717,0.0003,0.7533,1.7398,0.3349
1.5650,0.0005,0.6862,1.5253,0.3349
2.5537,0.0005,0.7394,2.4147,0.3830
1.2797,0.0004,1.0947,1.3972,0.3830
1.5277,0.0003,1.0130,1.5106,0.3377
2.2286,0.0004,0.8156,2.1501,0.3628
1.6000,0.0003,0.8309,1.5798,0.3602
1.4718,0.0003,0.9373,1.5524,0.3568
1.5104,0.0003,0.8460,1.6217,0.3492
1.5932,0.0003,0.7782,1.5663,0.3547
1.3752,0.0003,0.6297,1.3747,0.3486
1.4900,0.0004,0.6983,1.4394,0.3365
1.5391,0.0005,0.7798,1.1846,0.3365
1.6382,0.0003,1.3416,1.7530,0.3812
1.9256,0.0006,0.6965,2.1686,0.3596
1.4694,0.0004,0.7217,1.4141,0.3515
1.8105,0.0005,0.7838,1.7694,0.3596
1.3666,0.0006,0.7151,1.4658,0.3596
1.5355,0.0004,0.6658,1.4056,0.3440
1.7430,0.0005,0.6264,1.4885,0.3454
1.4474,0.0209,0.8366,1.6250,0.3454
1.6389,0.0004,0.7463,1.4056,0.3629
1.7866,0.0006,0.9227,2.1333,0.3453
1.4721,0.0004,0.8872,1.2827,0.3504
1.6600,0.0004,0.9375,1.9198,0.3566
1.6427,0.0005,0.7031,1.5618,0.3533
1.2182,0.0005,0.9914,1.2699,0.3533
1.4940,0.0007,0.6873,1.5011,0.3422
1.7054,0.0003,0.6391,1.6800,0.3559
1.5739,0.0006,0.6336,1.5616,0.3497
1.3663,0.0005,0.6172,1.3907,0.3497
1.7501,0.0006,0.6260,1.4888,0.3527
2.3121,0.0004,0.7602,2.1002,0.3905
1.5043,0.0004,1.1679,1.6886,0.3905
1.2459,0.0005,1.0799,1.4077,0.3470
1.6228,0.0004,0.9637,1.6171,0.3470
1.7157,0.0006,0.7574,1.5815,0.3412
2.3563,0.0004,0.9386,2.3299,0.3450
1.1410,0.0003,1.0359,0.8315,0.3373
0.8214,0.0004,1.0545,1.3667,0.3373
1.5418,0.0003,0.6641,1.5404,0.3392
1.9430,0.0004,0.5802,1.5121,0.3317
1.8161,0.0004,0.8666,1.8239,0.3608
1.4062,0.0005,0.9813,1.6274,0.3608
2.1121,0.0004,1.3233,2.0882,0.3907
1.2787,0.0003,1.2239,1.4507,0.3490
1.3510,0.0003,0.7389,1.2684,0.3600
1.4485,0.0003,0.7455,1.4174,0.3600
1.5924,0.0003,0.7116,1.7124,0.3466
1.5072,0.0004,0.7737,1.2260,0.3420
1.5281,0.0003,0.7959,1.7768,0.3376
1.4086,0.0007,0.7804,1.2298,0.3471
1.5617,0.0005,0.8348,1.5367,0.3367
1.8358,0.0006,0.7993,1.9096,0.3408
2.4479,0.0006,0.8115,2.5059,0.3841
1.6158,0.0004,0.8597,1.6742,0.3556
1.4348,0.0004,0.7181,1.2977,0.3556
2.1157,0.0004,0.6886,2.2219,0.3484
1.5358,0.0004,0.6838,1.4515,0.3675
1.2975,0.0004,0.7829,1.3140,0.3675
1.6863,0.0003,0.6576,1.4729,0.3400
1.6124,0.0003,0.8501,1.7116,0.3536
1.6179,0.0003,0.8204,1.7740,0.3622
2.0076,0.0005,0.7189,1.5089,0.3389
1.6437,0.0003,1.0000,2.1032,0.3577
1.6012,0.0002,0.8412,1.4712,0.3444
1.0811,0.0002,0.8847,1.1171,0.3444
1.9827,0.0003,0.6253,2.0790,0.3408
1.5529,0.0004,0.6434,1.3212,0.3510
1.5123,0.0003,0.8093,1.7138,0.3510
1.4233,0.0004,0.8281,1.4611,0.3579
1.9300,0.0003,0.7835,1.9111,0.3378
1.4995,0.0004,0.7624,1.4637,0.3468
1.4407,0.0003,0.6796,1.4289,0.3468
1.8577,0.0005,0.6954,1.8282,0.3413
1.5063,0.0004,0.7922,1.1328,0.3700
2.1423,0.0004,0.8390,2.5261,0.3459
1.6066,0.0004,0.8163,1.5145,0.3445
1.0783,0.0004,0.8121,0.8656,0.3445
1.4981,0.0004,0.7381,1.7793,0.3436
1.5336,0.0003,0.8597,1.5640,0.3592
1.3091,0.0003,0.7044,1.1317,0.3592
2.0017,0.0003,0.7169,2.1537,0.3438
1.6368,0.0003,0.7044,1.5668,0.3438
2.3582,0.0007,0.7271,2.2864,0.3751
1.2718,0.0004,0.9198,1.3654,0.3495
1.5339,0.0003,0.8024,1.3797,0.3389
1.9884,0.0003,0.8290,2.0813,0.3471
1.3408,0.0006,0.7523,1.1702,0.3471
1.3360,0.0004,1.0016,1.4959,0.3465
1.5948,0.0004,0.7663,1.5890,0.3435
1.4681,0.0004,0.7478,1.0673,0.3435
1.7667,0.0003,0.8187,2.1685,0.3341
1.4301,0.0006,0.7077,1.4060,0.3341
1.8317,0.0004,0.6776,1.8846,0.3484
1.4470,0.0004,0.6896,1.4471,0.3484
1.3807,0.0002,0.7060,1.2146,0.3556
2.0855,0.0004,0.6672,2.0757,0.3494
1.1431,0.0003,0.9531,0.9982,0.3494
1.5194,0.0004,1.0558,1.8438,0.3445
1.3445,0.0005,0.7500,0.9550,0.3445
1.8802,0.0003,0.8464,2.0498,0.3342
1.4018,0.0002,0.7726,1.3760,0.3379
1.5899,0.0004,0.6723,1.5209,0.3582
1.5195,0.0004,0.7330,1.5509,0.3481
1.8315,0.0005,0.8868,1.9799,0.3500
2.0590,0.0004,1.0593,2.0841,0.3642
1.6535,0.0004,0.9288,1.5650,0.3685
1.2308,0.0004,0.8850,1.3636,0.3685
1.7173,0.0005,0.9267,1.3422,0.3518
2.1288,0.0003,0.9324,2.4764,0.3315
1.8622,0.0004,0.7286,1.7019,0.3315
1.6899,0.0004,0.8580,1.5547,0.3402
1.8496,0.0003,0.7733,2.1538,0.3409
1.4653,0.0003,0.8401,1.3637,0.3409
2.0252,0.0004,0.9089,2.0869,0.3356
1.6718,0.0005,0.7806,1.7115,0.3356
1.5654,0.0006,0.6685,1.3084,0.3457
2.1382,0.0004,0.6958,2.3638,0.3440
1.0797,0.0003,0.7027,0.7812,0.3440
1.9359,0.0003,0.7141,2.2207,0.3324
1.6629,0.0004,0.6715,1.6789,0.3324
1.4727,0.0003,0.6533,1.4808,0.3502
1.7199,0.0004,0.6341,1.7189,0.3422
1.1966,0.0004,0.6343,1.1849,0.3422
2.0912,0.0006,0.6224,2.0003,0.3670
1.4635,0.0007,0.8063,1.0968,0.3614
2.3918,0.0004,0.9661,2.6377,0.3437
1.6616,0.0004,1.1411,1.7518,0.3412
2.0768,0.0004,0.8084,1.9357,0.3361
1.6820,0.0004,0.7679,1.6356,0.3328
1.6743,0.0004,0.8229,1.5368,0.3519
1.6267,0.0006,0.7336,1.5992,0.3363
1.9030,0.0004,0.7823,2.3241,0.3431
1.6028,0.0004,0.6897,1.1101,0.3431
2.0530,0.0005,0.8557,2.1765,0.3806
1.3715,0.0004,0.8916,1.4181,0.3602
1.6943,0.0006,0.7467,1.7340,0.3337
1.3666,0.0004,0.9550,1.5353,0.3337
1.8761,0.0003,0.6620,1.9469,0.3519
1.7258,0.0003,0.6943,1.3407,0.3262
1.7743,0.0004,0.7830,1.7819,0.3309
1.3309,0.0003,0.8032,1.6852,0.3309
1.6535,0.0005,0.6282,1.5575,0.3255
1.5423,0.0007,0.7935,1.5352,0.3255
2.6527,0.0004,1.0369,2.4003,0.3406
1.2869,0.0003,1.3093,1.5339,0.3392
1.4167,0.0002,0.9127,1.2147,0.3392
1.8018,0.0004,0.7112,1.9807,0.3632
1.7163,0.0003,0.7865,1.7467,0.3363
1.7379,0.0004,0.7519,1.6432,0.3417
1.2151,0.0003,0.8534,1.1957,0.3417
2.0271,0.0004,0.6767,1.7521,0.3401
1.3805,0.0004,0.8290,1.6850,0.3453
2.0110,0.0004,0.6655,2.0400,0.4094
1.2675,0.0003,0.8826,1.3463,0.4094
1.7371,0.0004,0.7980,1.5431,0.3692
2.0687,0.0003,0.6610,2.2419,0.3493
1.6425,0.0005,0.6822,1.6475,0.3518
1.5648,0.0004,0.7242,1.5788,0.3601
1.2597,0.0004,0.7762,0.9800,0.3601
1.5369,0.0003,0.6909,1.4570,0.3525
1.5755,0.0003,0.8018,1.8877,0.3473
1.4897,0.0003,0.7570,1.4278,0.3363
2.4841,0.0009,0.6621,2.0855,0.3802
1.3190,0.0004,1.3263,1.6768,0.3742
1.7706,0.0004,0.9742,1.8452,0.3742
1.5699,0.0003,0.7423,1.5905,0.3604
2.1195,0.0004,0.8414,2.1040,0.3496
1.4128,0.0004,0.7024,1.3170,0.3457
1.3575,0.0004,0.7943,1.4019,0.3457
1.6798,0.0003,0.7192,1.4740,0.3394
2.0754,0.0004,0.6769,2.2730,0.3521
1.7051,0.0005,0.7284,1.4820,0.3521
2.3458,0.0006,1.0461,2.5407,0.3547
1.5691,0.0009,0.8917,1.3567,0.3547
1.8231,0.0003,0.8348,2.0431,0.3361
1.5715,0.0004,0.7635,1.4110,0.3344
1.9446,0.0004,0.6581,2.0802,0.3463
1.7836,0.0004,0.6341,1.5897,0.3430
1.6253,0.0004,0.7318,1.5925,0.3369
1.7901,0.0003,0.6622,1.9712,0.3552
1.9884,0.0004,0.7090,1.9267,0.3374
2.2632,0.0005,0.7623,1.9869,0.3499
1.2041,0.0003,1.2608,1.6002,0.3499
1.8181,0.0004,0.7931,1.7737,0.3477
1.4401,0.0003,0.8602,1.2721,0.3349
2.1490,0.0004,0.6405,2.3057,0.3503
1.4588,0.0003,0.6700,1.4927,0.3584
1.2466,0.0004,0.6310,1.2740,0.3584
1.7904,0.0006,0.6388,1.7367,0.3481
1.9184,0.0004,0.7055,1.8400,0.3474
2.0924,0.0005,1.0429,2.0591,0.3435
1.6937,0.0005,0.9120,1.6777,0.3722
1.9452,0.0003,0.8950,2.0281,0.3610
1.7373,0.0004,0.7485,1.7638,0.3333
2.1410,0.0004,0.6760,1.2231,0.3413
1.2569,0.0004,0.8116,2.1782,0.3413
1.5737,0.0003,0.8712,1.4148,0.3633
1.5918,0.0004,0.7497,1.6856,0.3423
1.8978,0.0003,0.6871,1.8812,0.3517
1.8120,0.0004,0.7360,1.8486,0.3556
1.5867,0.0005,0.6908,1.5336,0.3421
1.9456,0.0006,0.8636,1.8596,0.3543
1.8765,0.0004,1.0228,1.9873,0.3505
1.5481,0.0004,0.9045,1.5164,0.3505
1.9770,0.0003,0.6981,2.0080,0.3397
1.6136,0.0004,0.6975,1.6228,0.3397
1.2884,0.0004,0.6722,1.2889,0.3541
1.3376,0.0003,0.6291,1.3339,0.3404
1.6611,0.0004,0.6799,1.6432,0.3320
1.6737,0.0004,0.6255,1.5176,0.3435
2.0140,0.0005,0.5749,2.1143,0.3301
1.3921,0.0003,0.7278,1.2657,0.3764
2.0259,0.0003,0.7653,2.0811,0.3633
1.9541,0.0007,0.6797,2.0643,0.3300
1.6332,0.0003,0.7004,1.5474,0.3294
1.5510,0.0004,0.7064,1.1882,0.3456
1.3513,0.0005,0.7734,1.6205,0.3323
1.8279,0.0005,0.7750,1.8446,0.3393
1.9028,0.0006,0.8057,1.7823,0.3381
2.1597,0.0006,0.8887,1.9446,0.3344
1.4382,0.0008,1.2041,1.8326,0.3348
2.0631,0.0005,0.9756,2.0780,0.3499
1.4169,0.0003,0.8499,1.4636,0.3499
1.9075,0.0004,0.6642,1.8185,0.3482
1.3039,0.0003,0.7557,1.0569,0.3482
2.0821,0.0004,0.8213,1.7680,0.3306
1.9319,0.0003,0.8773,2.4601,0.3713
1.9431,0.0004,0.7868,1.9558,0.3372
1.8254,0.0006,0.6965,1.7532,0.3377
1.9584,0.0008,0.7984,1.8502,0.3582
2.2482,0.0006,1.0771,2.3328,0.3432
1.5592,0.0006,1.1347,1.5253,0.3460
1.7811,0.0005,0.9759,1.7846,0.3460
2.0520,0.0005,0.8621,2.0697,0.3453
1.8592,0.0003,0.9083,1.8722,0.3453
1.6185,0.0005,0.8915,1.6160,0.3521
1.5493,0.0004,0.7616,1.2348,0.3266
1.7281,0.0005,0.7139,1.7938,0.3373
1.9555,0.0005,0.6657,2.1455,0.5271
1.6847,0.0007,0.8664,1.6943,0.3904
1.3387,0.0004,0.9379,1.2423,0.3904
1.6161,0.0004,0.7828,1.6159,0.3764
1.6498,0.0004,0.9973,1.5318,0.3764
1.5707,0.0005,0.7464,1.7275,0.3400
1.7939,0.0005,0.8174,1.6994,0.3471
1.9873,0.0004,0.7949,2.1335,0.3401
1.4856,0.0003,0.7785,1.5599,0.3401
1.5898,0.0003,0.7588,1.5598,0.3305
1.5554,0.0003,0.7920,1.2804,0.3358
2.1491,0.0004,0.8292,2.0550,0.3810
1.7752,0.0004,0.8800,2.1366,0.3434
1.6590,0.0004,0.7742,1.6636,0.3426
1.6734,0.0004,0.8059,1.3737,0.3533
1.3171,0.0009,0.8744,1.3925,0.3533
1.9982,0.0004,0.7775,2.1418,0.3506
1.5846,0.0003,0.7000,1.3670,0.3454
2.0245,0.0004,0.8107,1.5454,0.3358
1.7075,0.0005,0.9098,1.9946,0.3358
2.1524,0.0004,0.7466,2.5179,0.3568
1.5343,0.0004,0.8609,1.6015,0.3568
1.5129,0.0003,0.7505,1.2982,0.3429
1.6957,0.0003,0.7843,1.8187,0.3512
1.5637,0.0003,0.7941,1.5856,0.3664
1.8082,0.0004,0.6710,1.3488,0.3494
1.5596,0.0004,0.8133,2.0635,0.3494
1.4500,0.0003,0.8571,1.2737,0.3528
2.0323,0.0003,0.6320,2.1431,0.3466
1.6419,0.0004,0.7389,1.7005,0.3767
1.1826,0.0004,0.7199,0.9166,0.3767
1.7237,0.0005,0.7285,1.6092,0.3748
1.9808,0.0004,0.8761,2.2031,0.3561
1.0094,0.0003,0.8217,1.1582,0.3303
1.5420,0.0003,0.6408,1.3900,0.3580
1.6377,0.0003,0.6206,1.4495,0.3468
1.7049,0.0004,0.6980,1.7563,0.3444
1.8644,0.0003,0.8940,2.0184,0.3444
1.5457,0.0003,0.7771,1.6070,0.3429
1.8024,0.0002,0.7228,1.7818,0.3443
2.2381,0.0011,0.7098,2.1787,0.3623
1.5635,0.0005,0.8583,1.5334,0.3477
1.3248,0.0003,0.9626,1.1206,0.3477
1.9674,0.0003,0.7025,2.1614,0.3450
1.6788,0.0004,0.6932,1.7148,0.3327
1.6933,0.0004,0.6401,1.7833,0.3445
1.5718,0.0006,0.6475,1.5583,0.3584
1.5391,0.0003,0.6905,1.4492,0.3584
1.8025,0.0003,0.8400,1.5474,0.3359
1.8832,0.0005,0.7136,2.1882,0.3358
2.0069,0.0005,0.7963,1.9855,0.3616
1.3982,0.0005,0.8181,1.1821,0.3616
1.7328,0.0003,0.7775,1.7826,0.3601
2.1772,0.0004,0.7467,2.2623,0.3495
1.0555,0.0004,0.7927,0.8311,0.3495
1.8675,0.0004,0.7460,1.8671,0.3433
2.3058,0.0004,0.6882,2.5278,0.3410
1.2283,0.0003,0.8622,1.3078,0.3410
1.7051,0.0004,0.6604,1.3299,0.3314
2.0305,0.0005,0.6734,2.2646,0.3419
1.9257,0.0004,0.9256,1.9961,0.3563
1.5574,0.0004,1.1888,1.4934,0.3689
1.6792,0.0004,0.7548,1.6835,0.3359
1.9253,0.0005,0.6127,1.6852,0.3313
1.6625,0.0003,0.6459,1.9037,0.3408
1.4432,0.0004,0.7041,1.4981,0.3509
1.9092,0.0004,0.6155,1.8855,0.3457
1.5741,0.0003,0.6361,1.5524,0.3457
2.1543,0.0007,0.7568,2.0848,0.3379
1.8139,0.0007,1.0107,1.5762,0.3830
1.5875,0.0006,1.0665,1.5499,0.3830
1.7364,0.0005,0.9644,1.9597,0.3513
1.3509,0.0004,0.8278,1.2961,0.3310
1.9070,0.0004,0.7724,1.8405,0.3314
1.3050,0.0003,0.9536,1.3171,0.3314
2.0355,0.0006,0.8698,2.0610,0.3454
1.9108,0.0005,1.0989,1.9745,0.3335
1.6989,0.0007,0.9854,1.4382,0.3370
2.2216,0.0009,0.9344,2.4257,0.5167
1.6801,0.0004,1.0089,1.5461,0.5167
2.5052,0.0006,0.9373,2.5867,0.3514
1.2187,0.0002,0.9817,1.3688,0.3492
1.7379,0.0003,0.8001,1.7207,0.3524
1.4734,0.0004,0.7281,1.2782,0.3524
2.2107,0.0004,0.7423,2.2823,0.3285
1.6789,0.0004,0.8873,1.7707,0.3505
1.7234,0.0004,0.9419,1.7380,0.3551
2.0991,0.0004,0.9143,1.6890,0.3586
1.2022,0.0003,1.4122,1.2317,0.3586
2.1519,0.0003,0.8165,2.4816,0.3454
1.1028,0.0003,0.8199,1.1296,0.3454
1.6262,0.0005,0.7217,1.3672,0.3469
2.0016,0.0004,0.7918,2.2357,0.3428
1.9170,0.0005,0.7807,1.7545,0.3438
1.5571,0.0005,0.9763,1.6935,0.3438
2.1298,0.0008,0.8640,2.0970,0.3667
1.5378,0.0006,0.9493,1.3062,0.3544
2.4430,0.0008,0.9660,2.5371,0.3414
1.2834,0.0008,1.2266,1.3885,0.3802
1.9156,0.0006,1.0077,1.9053,0.3476
1.8165,0.0005,0.9653,1.7611,0.3420
1.2303,0.0003,1.0687,1.2362,0.3420
1.6495,0.0003,0.9605,1.3978,0.3551
2.3779,0.0005,0.8837,2.3512,0.3369
1.6292,0.0006,1.2011,1.9325,0.3626
1.7474,0.0008,0.9476,1.7601,0.3626
1.9958,0.0007,0.8481,1.9253,0.3441
1.8955,0.0006,1.3014,1.5198,0.3392
2.0150,0.0007,1.0837,2.3551,0.3665
1.8109,0.0008,0.9607,1.8700,0.3454
1.6553,0.0004,0.8320,1.6394,0.3454
1.7621,0.0006,0.8450,1.7828,0.3441
1.8449,0.0005,0.9436,1.5977,0.3375
1.9747,0.0004,1.0825,2.1236,0.3413
1.9829,0.0004,0.8682,2.0116,0.3357
1.7949,0.0006,0.7582,1.8015,0.3460
1.5448,0.0005,0.9418,1.1305,0.3665
1.7301,0.0006,1.4455,2.1331,0.3561
2.0637,0.0004,0.9058,2.1096,0.3588
1.6525,0.0005,0.7152,1.5657,0.3546
1.4153,0.0004,0.9063,1.4054,0.3546
1.3517,0.0003,0.9789,1.2071,0.3592
1.5397,0.0003,0.9875,1.7448,0.3556
1.7494,0.0004,1.0311,1.4296,0.3556
1.8555,0.0003,0.8173,2.1464,0.3628
1.6095,0.0005,0.7834,1.5632,0.3537
1.9123,0.0007,1.0541,1.9209,0.3537
1.7641,0.0004,1.0913,1.3601,0.3458
1.4941,0.0004,1.0070,1.9114,0.3383
1.7960,0.0003,0.7942,1.4174,0.3302
1.6274,0.0004,1.0893,1.7530,0.3377
1.5480,0.0006,1.0776,1.6049,0.3377
1.8000,0.0004,0.8997,1.9912,0.3416
1.4776,0.0006,0.7567,1.4831,0.3416
1.4702,0.0005,0.8771,1.1796,0.3540
1.7737,0.0004,0.8389,1.4016,0.3420
1.2551,0.0004,1.0210,1.8128,0.3420
1.9629,0.0003,0.9445,1.9521,0.3708
1.5043,0.0004,1.2642,1.5744,0.3491
1.6450,0.0004,0.7687,1.6197,0.3469
1.6919,0.0003,0.7387,1.5444,0.3469
1.8747,0.0003,0.8355,1.9509,0.3439
1.2987,0.0004,1.0429,1.4024,0.3439
1.5471,0.0003,0.7324,1.2400,0.3497
1.4236,0.0005,0.6725,1.6252,0.3436
1.6147,0.0004,0.7491,1.6774,0.3463
2.3251,0.0005,0.6859,2.2806,0.3593
1.4168,0.0006,0.8007,1.1771,0.3593
1.7003,0.0007,0.9447,1.9551,0.3536
1.6080,0.0004,0.8777,1.4011,0.3416
1.7845,0.0005,0.9839,1.9843,0.3438
1.5076,0.0003,0.8354,1.4871,0.3545
1.8960,0.0004,0.8136,1.8894,0.3581
1.3000,0.0003,0.8180,1.3249,0.3581
1.5329,0.0005,0.6942,1.5266,0.3454
2.1682,0.0007,0.7959,1.6806,0.3445
1.3682,0.0007,1.4105,1.5091,0.3445
1.9961,0.0006,1.2147,2.2498,0.3401
1.8135,0.0004,0.8931,1.8482,0.3446
1.6598,0.0004,0.8651,1.6664,0.3456
1.6130,0.0005,0.7258,1.2422,0.3456
1.7428,0.0003,0.8421,2.1014,0.3403
1.5424,0.0003,0.9504,1.5561,0.3403
2.1069,0.0005,0.7175,2.0458,0.3436
1.7860,0.0004,0.8572,1.8018,0.3341
1.6089,0.0005,0.8818,1.5147,0.3341
1.4646,0.0005,1.1387,1.3632,0.3679
2.0133,0.0005,1.1178,2.1613,0.3594
2.2811,0.0005,0.8972,2.0513,0.3431
1.8476,0.0004,1.1664,2.0698,0.3455
1.2909,0.0005,1.0506,1.0447,0.3455
1.5730,0.0003,0.8591,1.6702,0.3498
1.8475,0.0004,0.7515,1.4035,0.3301
2.0934,0.0005,0.7064,2.7107,0.3349
1.5923,0.0005,0.7595,1.5448,0.3644
1.6246,0.0006,0.7949,1.6195,0.3741
1.5287,0.0006,0.8953,1.3997,0.3741
1.7052,0.0005,0.8462,1.5104,0.3761
1.6830,0.0005,0.8414,2.0102,0.3445
1.7527,0.0005,0.7910,1.7507,0.3445
1.7064,0.0006,0.8637,1.6276,0.3433
1.3305,0.0005,0.8297,1.2679,0.3408
1.6810,0.0004,0.7373,1.7984,0.3535
1.9634,0.0006,0.7110,1.9358,0.3371
1.6505,0.0006,0.7674,1.6343,0.3364
2.2272,0.0006,0.8451,2.1753,0.3648
1.7235,0.0004,1.2328,1.7901,0.3648
1.5460,0.0004,0.8687,1.4121,0.3491
1.6145,0.0004,0.8899,1.6424,0.3364
2.2005,0.0005,0.7494,2.1781,0.3331
1.7494,0.0004,0.9266,1.8380,0.3331
1.8697,0.0005,0.8185,1.7762,0.3329
1.7856,0.0004,0.9445,1.8230,0.3329
1.9415,0.0005,1.0064,1.7472,0.3420
2.0033,0.0004,0.9390,2.1369,0.3467
2.1613,0.0006,1.0295,2.1352,0.3545
1.5607,0.0004,0.9988,1.2251,0.3545
1.6230,0.0005,0.9388,1.8506,0.3467
1.7722,0.0004,0.8032,1.9037,0.3450
1.4156,0.0004,0.8381,1.2180,0.3450
1.8057,0.0006,0.9486,2.0740,0.3560
1.5110,0.0004,0.9016,1.5351,0.3560
1.4107,0.0005,0.8248,1.1002,0.3465
2.2387,0.0004,0.9622,2.4220,0.3583
1.6924,0.0004,0.8927,1.4276,0.3592
1.7244,0.0004,1.1193,1.9518,0.3592
1.3394,0.0004,1.0762,1.3515,0.3458
2.2284,0.0004,0.8976,2.1647,0.3549
1.1790,0.0002,0.9151,1.3302,0.3522
1.0548,0.0003,0.6576,1.0159,0.3522
2.1680,0.0003,0.6270,2.1750,0.3334
1.4703,0.0003,0.7977,1.3046,0.3334
1.8677,0.0003,0.8410,1.9952,0.3413
1.4078,0.0003,0.9807,1.2344,0.3413
2.3155,0.0004,1.1492,2.4403,0.3732
1.4071,0.0003,0.9905,1.4525,0.3413
1.1859,0.0004,0.7794,1.1592,0.3413
1.8049,0.0004,0.7187,1.5319,0.3445
1.8375,0.0004,0.7817,1.8423,0.3493
1.7029,0.0004,0.8325,1.8535,0.3358
1.5484,0.0003,0.9884,1.5088,0.3418
2.0158,0.0004,0.8667,2.0943,0.3318
1.8234,0.0003,1.0941,1.6429,0.3460
1.1556,0.0004,1.1617,1.1465,0.3460
1.8016,0.0004,0.8126,1.8788,0.3718
1.4289,0.0004,0.8603,1.3224,0.3619
1.6116,0.0007,0.8856,1.5176,0.3317
1.7729,0.0006,1.0212,1.8383,0.3458
1.6672,0.0005,0.9196,1.9071,0.3458
1.6342,0.0003,0.9549,1.4926,0.3420
1.8154,0.0003,0.9327,1.9174,0.3490
1.4388,0.0004,0.8216,1.3196,0.3608
1.6748,0.0003,0.7941,1.8430,0.3426
2.1321,0.0005,0.7270,1.9242,0.3549
1.4974,0.0005,1.1744,1.1789,0.3519
1.5493,0.0005,1.4262,1.7418,0.3519
1.7041,0.0003,0.7906,1.9763,0.3391
1.1905,0.0004,0.7381,1.2293,0.3391
2.1516,0.0003,0.7210,2.1142,0.3348
1.4143,0.0003,0.7541,1.4228,0.3348
2.0078,0.0004,0.7472,1.7082,0.3420
2.1108,0.0167,0.8714,2.2788,0.3362
1.4133,0.0003,0.9884,1.5389,0.3497
1.7645,0.0005,0.8228,1.6933,0.3497
1.6310,0.0009,0.8974,1.6698,0.4024
2.0426,0.0006,1.3206,1.9531,0.3532
1.4697,0.0005,1.0429,1.5264,0.3469
1.7746,0.0004,0.7351,1.6876,0.3469
2.1666,0.0007,0.8041,2.0254,0.3361
1.4831,0.0005,0.9656,1.6996,0.3430
1.5522,0.0005,0.8039,1.5587,0.3430
2.0764,0.0004,0.7254,1.9215,0.3378
1.8840,0.0004,0.9744,1.9606,0.3378
1.7541,0.0006,1.1382,1.7451,0.3740
1.9689,0.0003,1.5355,1.9330,0.3740
1.9501,0.0004,0.9691,1.8211,0.3334
1.9075,0.0003,0.9280,1.6452,0.3432
2.1076,0.0005,1.0344,2.4382,0.3613
1.8194,0.0005,0.9340,1.8162,0.3467
1.5510,0.0004,0.9801,1.4758,0.3467
2.1510,0.0003,0.8312,2.2011,0.3340
1.8644,0.0005,0.8644,1.9548,0.3340
1.8210,0.0005,0.9292,1.7852,0.3744
1.5260,0.0004,0.8561,1.4457,0.3744
2.1058,0.0004,0.7428,2.2032,0.3420
1.8549,0.0004,0.7817,1.6982,0.3492
1.6883,0.0005,1.0962,1.6600,0.3560
1.3692,0.0004,1.1317,1.4363,0.3410
2.1056,0.0005,0.9152,2.0759,0.3559
1.3034,0.0004,1.1182,1.3464,0.3407
1.5200,0.0005,0.9154,1.5197,0.3407
1.5809,0.0007,0.8399,1.5167,0.3424
1.5918,0.0006,1.0371,1.6239,0.3740
1.9438,0.0005,0.9773,2.0030,0.3527
1.4411,0.0003,0.8401,1.3994,0.3527
1.8666,0.0003,1.1060,1.5857,0.3521
2.5157,0.0006,0.8717,2.7003,0.3429
1.6254,0.0005,1.1323,1.5405,0.3504
1.7010,0.0006,1.0718,1.8943,0.3504
1.4162,0.0006,0.9911,1.4271,0.3473
1.4377,0.0006,0.7367,1.1708,0.3408
1.8276,0.0005,0.7971,2.0366,0.3468
20.7472,0.0008,20.1230,2.0410,0.3575
1.3759,0.0008,1.4453,2.1068,0.3575
1.3829,0.0004,1.2550,1.1737,0.3575
1.8100,0.0004,0.9762,1.9978,0.3637
1.5152,0.0004,0.8423,1.2615,0.3433
1.3779,0.0004,1.0517,1.4269,0.3414
1.6739,0.0004,1.0061,1.7231,0.3404
2.2851,0.0007,0.7677,2.4440,0.3462
1.4705,0.0004,0.8952,1.5240,0.3640
1.6718,0.0005,1.3822,1.6789,0.3411
1.3449,0.0003,0.8670,1.3614,0.3527
1.6086,0.0004,0.8602,1.2093,0.3368
1.4106,0.0004,0.9120,1.6040,0.3368
1.3182,0.0003,0.7687,1.4605,0.3480
1.6520,0.0004,0.9961,1.4677,0.3506
1.7674,0.0004,0.8627,1.7192,0.3636
1.8652,0.0006,0.9862,2.1029,0.3424
1.7943,0.0005,0.9181,1.7612,0.3424
1.6571,0.0007,0.9592,1.5284,0.3700
2.3918,0.0006,1.2434,2.1948,0.3533
1.7529,0.0006,0.9557,1.9949,0.3427
1.8545,0.0006,0.9706,1.8334,0.3584
1.5223,0.0005,1.1887,1.6244,0.3326
1.8594,0.0005,0.7575,1.7762,0.3483
1.7040,0.0006,0.9155,1.7401,0.3483
1.7008,0.0004,0.8228,1.5859,0.3392
1.2122,0.0006,0.9876,1.2000,0.3362
2.1751,0.0009,1.1667,2.1637,0.5185
1.5020,0.0009,1.3056,1.5293,0.3979
1.9407,0.0005,0.9485,1.7806,0.3979
1.5416,0.0004,1.0509,1.6831,0.3447
1.6015,0.0005,0.8704,1.2825,0.3447
2.1254,0.0006,0.9458,2.4248,0.3399
1.5646,0.0004,1.0081,1.6776,0.3399
1.8814,0.0004,0.7151,1.8080,0.3351
1.6675,0.0004,0.7447,1.5598,0.3351
2.1605,0.0004,0.8425,2.1786,0.3799
1.5837,0.0004,0.9482,1.6018,0.3799
2.1923,0.0004,0.9969,2.1888,0.3533
1.5206,0.0004,0.9315,1.1802,0.3533
1.9629,0.0006,0.9518,2.2667,0.3603
1.7575,0.0005,0.9803,1.8265,0.3542
1.7846,0.0004,0.8114,1.8281,0.3571
1.6436,0.0004,0.7629,1.6213,0.3422
2.0552,0.0003,0.7593,2.0185,0.3597
1.4209,0.0005,0.8282,1.4580,0.3597
1.7803,0.0005,0.8092,1.5615,0.3830
2.0217,0.0005,1.1759,2.2033,0.3461
1.6762,0.0006,0.9032,1.7009,0.3582
1.4041,0.0003,0.8179,1.0501,0.3582
2.0806,0.0005,0.7530,2.3782,0.3417
1.7848,0.0004,0.8222,1.8372,0.3417
1.9665,0.0004,0.7862,1.8263,0.3453
1.9585,0.0005,0.8715,2.0361,0.3473
1.3609,0.0003,1.1413,1.4135,0.3473
2.4764,0.0009,0.7691,1.7833,0.3702
2.0397,0.0007,1.5464,2.4824,0.3601
0.8531,0.0003,1.3887,0.9100,0.3601
1.7432,0.0003,0.7569,1.7251,0.3385
1.8770,0.0007,0.7732,2.0059,0.3557
1.6919,0.0005,0.9283,1.5753,0.3445
1.6185,0.0004,0.9231,1.4227,0.3445
1.8452,0.0006,0.7847,2.0325,0.3377
2.0852,0.0005,1.0162,2.0131,0.3375
1.4755,0.0006,0.9404,1.5703,0.3375
1.2601,0.0004,0.8765,1.2382,0.3578
1.9686,0.0004,0.8362,1.7233,0.3716
1.6715,0.0006,1.2205,1.6596,0.3694
2.2571,0.0005,0.9406,2.5598,0.3484
0.9687,0.0004,0.8441,0.8863,0.3484
2.1330,0.0004,0.7853,2.2114,0.3565
1.2376,0.0005,0.7476,1.1933,0.3565
1.2046,0.0004,1.1382,1.2383,0.3483
1.3956,0.0003,0.7524,1.3850,0.3487
1.5639,0.0004,0.7647,1.1150,0.3515
1.5373,0.0006,0.8869,1.5455,0.3635
1.9457,0.0008,1.6529,2.2166,0.3668
1.1693,0.0004,1.2514,1.0494,0.3643
1.2289,0.0004,1.0914,1.3548,0.3643
1.7156,0.0007,0.8582,1.6406,0.3591
1.9516,0.0004,0.7633,2.2007,0.3477
1.1609,0.0004,0.8218,1.1849,0.3477
2.0566,0.0005,0.7500,2.0262,0.3474
1.4574,0.0005,0.7557,1.3412,0.3474
1.5603,0.0004,0.8112,1.6289,0.3458
2.2732,0.0004,0.9726,1.8852,0.3555
1.1427,0.0005,1.2203,1.3342,0.3398
1.6580,0.0004,1.0811,1.7634,0.3577
1.4773,0.0003,0.7828,1.5156,0.3468
2.0320,0.0003,0.9233,2.1199,0.3403
1.7504,0.0005,0.7847,1.5323,0.3391
2.4446,0.0004,1.0531,2.6049,0.3490
1.4659,0.0004,0.9013,1.5147,0.3475
1.2265,0.0003,0.7518,1.2372,0.3367
1.1872,0.0003,0.6596,0.9724,0.3367
1.8994,0.0006,0.6998,2.0658,0.3736
1.8648,0.0005,0.9108,1.8017,0.3295
1.9449,0.0005,0.8861,2.0005,0.3569
1.7784,0.0003,0.7772,1.4169,0.3414
1.5941,0.0004,0.9019,1.8238,0.3414
2.3299,0.0004,0.7469,2.3726,0.3663
1.6299,0.0004,0.9172,1.6700,0.3403
1.6099,0.0005,0.9635,1.5038,0.3579
1.6051,0.0004,0.9257,1.5845,0.3520
1.5617,0.0004,0.8556,1.7130,0.3520
2.2207,0.0006,0.7816,2.0243,0.3471
1.7148,0.0007,1.2700,1.8655,0.3500
1.4703,0.0005,0.8816,1.3487,0.3596
1.5327,0.0005,0.8316,1.5459,0.3596
1.6409,0.0005,0.7872,1.7182,0.3413
1.5517,0.0003,0.9539,1.5146,0.3519
1.4631,0.0003,1.0172,1.5443,0.3541
1.0868,0.0004,0.7184,1.0820,0.3444
1.6031,0.0003,0.7799,1.5824,0.3412
1.3827,0.0006,0.7313,1.3454,0.3412
1.9317,0.0007,0.7541,1.4007,0.3599
1.9737,0.0006,1.3069,2.4397,0.3683
1.4260,0.0004,1.1113,1.5074,0.3683
1.8151,0.0004,0.9274,1.8115,0.3481
1.5755,0.0004,0.7815,1.5557,0.3481
1.6367,0.0005,0.7403,1.5459,0.3418
1.4472,0.0003,0.8666,1.4107,0.3580
1.7468,0.0003,0.7911,1.8726,0.3482
1.6519,0.0004,0.8267,1.2350,0.3309
1.6163,0.0004,0.8104,1.8534,0.3309
1.5213,0.0003,0.7617,1.5726,0.3437
1.8381,0.0004,1.1672,1.8911,0.3764
1.6912,0.0006,0.8340,1.6287,0.3522
1.7682,0.0004,0.9183,1.4741,0.3537
1.4304,0.0005,1.3871,1.4828,0.3537
1.8648,0.0003,1.0576,2.1658,0.3416
1.4156,0.0004,0.8499,1.4229,0.3452
1.1459,0.0004,0.7182,0.9583,0.3452
1.4642,0.0004,0.6713,1.6653,0.3605
1.6552,0.0008,0.6448,1.3453,0.3446
1.6555,0.0004,0.9567,1.6857,0.3446
2.2949,0.0009,1.1452,2.3393,0.3438
1.4862,0.0008,1.3227,1.5835,0.3747
1.6744,0.0006,0.9519,1.7805,0.3447
1.6203,0.0004,0.6830,1.6177,0.3538
1.2471,0.0004,0.6188,1.1345,0.3538
1.9571,0.0004,0.6753,2.0451,0.3597
1.2794,0.0004,0.6831,0.9653,0.3597
1.7277,0.0003,0.6457,2.0092,0.3457
1.8549,0.0003,0.7524,1.7485,0.3425
1.6573,0.0003,0.7751,1.7509,0.3406
1.9492,0.0005,0.6493,1.9057,0.3488
1.3836,0.0004,0.7973,1.3465,0.3871
1.7449,0.0003,0.8941,1.3968,0.3596
1.6730,0.0004,0.9335,1.8870,0.3512
1.0742,0.0003,1.3376,0.8519,0.3512
1.8789,0.0002,0.8194,2.2135,0.3642
1.4285,0.0002,0.8741,1.1905,0.3642
1.6159,0.0002,0.7074,1.8772,0.3625
1.2089,0.0005,0.6622,1.0362,0.3625
1.4912,0.0003,0.6956,1.5198,0.3670
1.4247,0.0003,0.6975,1.5740,0.3549
1.8451,0.0009,0.6568,1.6050,0.3645
1.9331,0.0005,1.2737,2.1560,0.3707
1.3282,0.0003,1.1216,1.2514,0.3707
1.6725,0.0004,0.7049,1.5298,0.3330
1.7555,0.0004,0.8445,1.8801,0.3613
1.0644,0.0004,0.9851,0.8512,0.3468
0.8655,0.0006,0.9143,1.0775,0.3468
1.3521,0.0004,0.8844,1.3847,0.3483
1.8183,0.0003,0.7344,1.8143,0.3393
1.3056,0.0003,0.7578,1.3907,0.3586
1.3825,0.0005,0.6330,1.0944,0.3586
1.7600,0.0007,0.7431,1.6844,0.3579
1.7360,0.0007,1.0979,1.9745,0.3890
1.4468,0.0004,0.9051,1.5441,0.3600
1.5805,0.0004,0.7133,1.5789,0.3544
1.3487,0.0003,0.6471,1.3635,0.3401
1.2951,0.0004,0.7175,1.0705,0.3401
1.4703,0.0004,0.8019,1.5392,0.3427
2.1072,0.0004,0.7428,2.1940,0.3448
1.3281,0.0004,0.6934,1.3520,0.3502
1.5244,0.0004,0.7258,1.5234,0.3502
1.5038,0.0005,0.7643,1.3410,0.3562
1.5626,0.0004,0.8813,1.4780,0.3800
2.0766,0.0003,0.8687,2.1316,0.3501
1.0342,0.0003,1.0805,1.1979,0.3501
1.7433,0.0004,0.7459,1.7407,0.3559
1.4963,0.0004,0.7232,1.2188,0.3604
1.6563,0.0004,0.8172,1.9292,0.3530
1.5524,0.0003,0.7511,1.5412,0.3539
1.5734,0.0003,0.6683,1.3143,0.3539
1.6741,0.0003,0.7419,1.8441,0.3355
1.8346,0.0003,0.7670,1.4184,0.3507
1.9288,0.0005,0.7691,2.3623,0.3465
1.8511,0.0003,0.8387,1.8733,0.3544
1.5503,0.0002,0.7344,1.4223,0.3451
1.1445,0.0004,0.8174,1.3034,0.3501
1.8531,0.0003,0.6498,1.8145,0.3502
1.3255,0.0003,0.7606,1.3315,0.3354
2.0498,0.0003,0.6468,1.9554,0.3387
0.9564,0.0003,0.7564,0.8858,0.3387
1.6805,0.0004,0.7148,1.8366,0.3526
1.0555,0.0004,1.0223,0.9502,0.3526
1.2563,0.0004,0.6097,1.2061,0.3450
1.8502,0.0008,0.8180,1.8552,0.3646
1.6659,0.0013,1.0161,1.2940,0.3620
1.8991,0.0004,1.5328,2.3004,0.3481
1.3851,0.0003,0.8390,1.4406,0.3630
1.3209,0.0003,0.6894,1.3359,0.3630
1.6153,0.0004,0.7027,1.2518,0.3479
1.6732,0.0003,0.9858,2.0342,0.3378
1.5656,0.0003,0.6941,1.5223,0.3353
1.5622,0.0003,0.6774,1.5966,0.3424
1.8001,0.0003,0.6222,1.7945,0.3445
1.1986,0.0003,0.7209,1.1900,0.3445
2.0849,0.0004,0.7049,2.0284,0.3378
1.2195,0.0003,0.8340,1.1296,0.3740
1.3634,0.0003,0.8886,1.2867,0.3740
1.6432,0.0004,0.7072,1.5057,0.3389
1.8545,0.0004,0.7230,1.6823,0.3530
1.5172,0.0004,0.7488,1.8015,0.3488
1.5921,0.0004,0.7243,1.4966,0.3307
1.7932,0.0003,0.9169,2.0789,0.3406
1.4558,0.0005,0.8331,1.4669,0.3406
1.6953,0.0004,0.6733,1.6788,0.3448
1.7424,0.0004,0.7340,1.6836,0.3484
1.2212,0.0003,1.1063,1.1881,0.3529
1.5856,0.0005,0.8537,1.4659,0.3588
1.7274,0.0004,0.8925,1.8109,0.3357
1.9836,0.0004,0.8282,2.0860,0.3520
1.3340,0.0003,0.7859,1.3209,0.3504
1.3120,0.0005,0.6183,1.2459,0.3504
1.7946,0.0003,0.9438,1.8483,0.3443
1.3466,0.0002,0.7000,1.0319,0.3365
1.9322,0.0004,0.7833,2.2359,0.3429
1.6134,0.0004,0.8552,1.3472,0.3429
2.0490,0.0005,0.7367,2.1830,0.3748
1.9996,0.0004,0.9267,2.0285,0.3430
1.1237,0.0004,1.0346,1.1356,0.3517
1.1513,0.0006,0.8368,0.9035,0.3517
1.4925,0.0003,0.8749,1.6128,0.3553
1.4299,0.0003,0.8543,1.3705,0.3473
1.5975,0.0003,0.9256,1.7390,0.3450
1.6407,0.0002,0.7668,1.6454,0.3475
1.4600,0.0004,0.7792,1.4822,0.3467
1.3980,0.0003,0.6738,1.4532,0.3540
0.8788,0.0004,0.5952,0.8289,0.3540
1.5996,0.0003,0.6986,1.5820,0.3436
2.2216,0.0003,0.8044,2.2383,0.3475
1.4530,0.0003,0.7745,1.4631,0.3368
1.6144,0.0003,0.6935,1.6053,0.3621
1.4287,0.0006,0.6175,1.3899,0.3546
1.3688,0.0006,0.7486,1.4096,0.3546
1.6203,0.0005,0.7458,1.6274,0.3580
1.8699,0.0004,0.6505,1.5311,0.3382
1.8030,0.0008,0.8096,2.1013,0.3455
1.8491,0.0004,0.7534,1.7857,0.3455
1.7684,0.0003,1.0613,1.7972,0.3450
1.2194,0.0003,0.8475,1.0605,0.3427
1.3345,0.0004,0.9486,1.0819,0.3400
1.3626,0.0004,0.8455,1.7185,0.3400
1.9468,0.0003,0.6338,1.9854,0.3503
1.6085,0.0003,0.8194,1.5208,0.3503
1.6820,0.0004,0.9069,1.7893,0.3409
1.8046,0.0006,0.6962,1.7236,0.3414
1.0225,0.0004,0.7985,0.8759,0.3414
1.9980,0.0005,0.8581,2.2116,0.3441
1.2539,0.0006,0.6257,1.1383,0.3441
2.1493,0.0007,0.8010,2.1610,0.3697
1.1478,0.0005,0.9334,1.1006,0.3697
1.3242,0.0004,0.8317,1.3811,0.3342
1.5960,0.0005,0.8352,1.1659,0.3489
2.2161,0.0005,0.8856,2.6026,0.3348
1.1440,0.0003,0.8200,1.1526,0.3348
2.0546,0.0003,0.6857,2.1225,0.3602
1.7153,0.0003,0.6807,1.7354,0.3361
1.8887,0.0003,0.6469,1.7136,0.3361
1.9866,0.0004,0.5993,1.7647,0.3815
1.6426,0.0003,1.0445,1.8848,0.3815
1.6607,0.0004,0.7344,1.5328,0.3726
1.8487,0.0004,0.8733,1.8688,0.3452
1.8075,0.0003,0.8417,1.9230,0.3546
1.9357,0.0003,0.7725,2.0307,0.3373
1.6006,0.0003,0.6383,1.2710,0.3513
1.8103,0.0003,0.7247,2.1446,0.3397
1.0723,0.0004,0.6820,1.0274,0.3388
1.5281,0.0003,0.7231,1.2488,0.3540
1.7936,0.0004,0.6590,1.8592,0.3488
1.9936,0.0005,0.8793,2.1669,0.3691
1.5720,0.0005,1.0808,1.1747,0.3560
1.6662,0.0004,1.0713,2.1099,0.3433
1.4235,0.0003,0.7922,1.3743,0.3433
1.5811,0.0003,0.6243,1.4962,0.3543
1.5330,0.0004,0.6722,1.4044,0.3552
1.8510,0.0002,0.8732,2.1036,0.3432
1.5569,0.0003,0.6053,1.5617,0.3283
1.6418,0.0003,0.5684,1.6484,0.3429
1.6211,0.0005,0.6003,1.5439,0.3378
1.6773,0.0003,0.7487,1.6182,0.3813
1.7732,0.0003,0.9334,1.5261,0.3332
1.6282,0.0003,0.8240,1.8959,0.3332
1.6303,0.0003,0.6914,1.3406,0.3585
1.8998,0.0003,0.7465,2.1615,0.3544
1.3297,0.0003,0.6902,1.1336,0.3466
1.4178,0.0004,0.8233,1.4241,0.3466
1.5978,0.0003,0.7162,1.6422,0.3331
1.3112,0.0003,0.8553,1.5036,0.3498
1.5414,0.0004,0.6874,1.4805,0.3445
1.9870,0.0004,0.7467,1.7757,0.3753
1.9377,0.0003,0.9972,2.1651,0.3410
1.4351,0.0002,0.8975,1.4467,0.3435
1.3078,0.0004,0.6377,1.3386,0.3443
1.3111,0.0004,0.6349,1.0180,0.3473
1.5303,0.0003,0.8085,1.7092,0.3473
1.3520,0.0004,0.6469,1.3211,0.3363
1.8430,0.0003,0.7201,1.9552,0.3508
1.1626,0.0003,0.6182,1.0304,0.3508
1.7799,0.0003,0.6413,1.7930,0.3376
1.7486,0.0006,0.7128,1.5965,0.3318
2.2050,0.0004,0.7777,2.3750,0.3799
1.1458,0.0003,0.7757,1.1867,0.3799
1.2482,0.0003,0.8029,1.1747,0.3421
1.1108,0.0004,0.7278,1.0768,0.3376
1.7234,0.0003,0.8672,1.6040,0.3542
1.6388,0.0003,0.6092,1.7137,0.3341
1.8481,0.0005,0.6161,1.9648,0.3325
1.2600,0.0004,0.5663,1.2596,0.3395
1.8034,0.0004,0.5852,1.7246,0.3372
1.7524,0.0006,0.7912,1.6733,0.3423
1.2850,0.0005,1.0785,1.2057,0.3423
1.9839,0.0004,1.0487,2.1128,0.3864
1.2607,0.0003,0.8048,1.1327,0.3464
1.7718,0.0004,0.8908,1.9772,0.3487
1.2701,0.0003,0.6424,1.0484,0.3487
1.5158,0.0005,0.8731,1.7395,0.3453
1.6560,0.0004,0.7623,1.2076,0.3565
2.1396,0.0003,0.7624,2.4048,0.3309
0.9844,0.0003,0.8474,1.0761,0.3309
1.6358,0.0004,0.7495,1.5913,0.3476
1.4293,0.0005,0.6933,1.4992,0.3592
2.1288,0.0007,0.9412,2.0992,0.3706
1.2687,0.0004,0.7778,1.0242,0.3706
1.5359,0.0005,0.7123,1.8273,0.3291
1.5769,0.0004,0.6501,1.4688,0.3462
1.7688,0.0004,0.7169,1.5116,0.3408
1.4016,0.0004,0.8194,1.5520,0.3456
1.4474,0.0003,0.7409,1.4101,0.3456
1.7567,0.0008,0.7315,1.6553,0.3454
1.7062,0.0005,0.9835,1.9471,0.3442
2.0186,0.0006,0.7747,1.9017,0.3489
1.7924,0.0007,1.0386,1.8886,0.3576
1.4502,0.0005,0.9868,1.5054,0.3586
1.6344,0.0004,0.7604,1.3769,0.3401
1.5226,0.0004,0.7342,1.4480,0.3509
1.5906,0.0004,0.6456,1.7223,0.3422
1.6505,0.0004,0.7004,1.4907,0.3485
1.5432,0.0004,0.7660,1.6893,0.3322
1.6261,0.0006,0.9442,1.6105,0.3406
1.8172,0.0007,1.0405,2.0496,0.3357
1.6398,0.0007,0.7102,1.5611,0.3468
1.0340,0.0006,0.8235,1.0491,0.3468
2.0614,0.0005,1.0544,2.0974,0.3719
1.0477,0.0005,0.7066,0.8742,0.3719
1.7708,0.0003,0.7260,1.6695,0.3431
2.1035,0.0003,0.7834,2.3219,0.3433
1.3597,0.0004,0.7414,1.0792,0.3433
1.9909,0.0007,0.6504,2.2723,0.3705
1.4373,0.0005,0.7629,1.2007,0.3705
1.7794,0.0003,0.8603,2.0313,0.3402
1.6540,0.0004,0.7779,1.3443,0.3428
1.6073,0.0007,0.8492,1.6672,0.3627
1.4852,0.0006,1.0321,1.6742,0.3935
1.6385,0.0004,0.8557,1.6860,0.3882
1.5903,0.0005,0.7144,1.4162,0.3459
1.6034,0.0004,0.7003,1.5968,0.3492
1.7346,0.0003,0.7030,1.5915,0.3417
1.6344,0.0005,0.7548,1.7693,0.3349
1.6376,0.0004,0.8245,1.8112,0.3364
1.4082,0.0004,0.6881,1.3962,0.3328
1.6381,0.0006,0.6454,1.5199,0.3471
1.7528,0.0004,0.6558,1.8527,0.3508
1.5871,0.0004,0.7622,1.5245,0.3814
1.5122,0.0003,1.0716,1.5127,0.3447
0.9587,0.0003,0.7582,1.0494,0.3447
1.1565,0.0003,0.6113,1.1194,0.3435
1.4234,0.0004,0.6668,1.3172,0.3421
1.5609,0.0003,0.7373,1.6120,0.3629
1.8323,0.0004,0.8508,1.4435,0.3500
1.8526,0.0004,0.8688,2.2354,0.3535
1.4512,0.0004,0.7528,1.3073,0.3572
1.1852,0.0003,0.9458,1.1988,0.3572
1.8544,0.0003,0.7498,2.0151,0.3530
1.4646,0.0005,0.6782,1.2004,0.3385
1.7683,0.0004,0.9818,2.0163,0.3412
1.4142,0.0003,0.8695,1.4486,0.3412
1.3860,0.0004,0.7301,1.2859,0.3452
1.3087,0.0004,0.8806,1.2085,0.3476
1.7020,0.0004,0.7557,1.3691,0.3419
1.2471,0.0004,1.2704,1.2897,0.3473
1.4318,0.0004,1.0706,1.6680,0.3576
1.9242,0.0003,0.9217,1.5174,0.3486
1.9731,0.0003,0.7478,2.5507,0.3356
1.8626,0.0005,0.7357,1.6098,0.3451
1.4768,0.0004,0.9016,1.6995,0.3511
1.6630,0.0004,0.7871,1.6737,0.3598
1.4353,0.0004,0.8111,1.4552,0.3543
1.5726,0.0003,0.8240,1.5492,0.3543
1.7653,0.0003,0.6857,1.7319,0.3395
1.1640,0.0003,0.7042,1.1109,0.3464
1.5544,0.0003,0.9599,1.4740,0.3464
1.5408,0.0003,0.6917,1.5790,0.3398
1.5023,0.0003,0.6057,1.5517,0.3572
1.8258,0.0004,0.6164,1.5637,0.3536
1.9811,0.0004,0.7514,2.2061,0.3671
1.3759,0.0003,0.8452,1.2976,0.3562
2.0732,0.0004,0.9720,2.1436,0.3568
1.4618,0.0004,0.9172,1.5100,0.3462
1.3324,0.0003,0.7808,1.3524,0.3462
2.0123,0.0003,0.6612,1.9516,0.3385
1.8278,0.0003,0.7057,1.6849,0.3548
1.8840,0.0004,0.7176,1.9376,0.3410
1.1777,0.0003,0.6832,1.3142,0.3453
2.0310,0.0006,0.5967,1.8268,0.3420
1.3008,0.0005,0.8862,1.2640,0.3620
2.2691,0.0005,1.0293,2.2751,0.3438
1.6233,0.0003,0.8190,1.5506,0.3438
2.1621,0.0007,0.6907,2.3509,0.3544
1.7413,0.0005,0.8487,1.6542,0.3385
1.5487,0.0006,1.0366,1.4345,0.3385
1.7777,0.0004,0.8981,1.7393,0.3488
1.7625,0.0004,0.8750,2.0586,0.3448
1.4878,0.0006,0.7328,1.3601,0.3348
1.9091,0.0005,0.6623,1.9260,0.3637
2.2095,0.0005,0.9080,2.0307,0.3599
1.4301,0.0005,1.0993,1.5161,0.3599
1.3175,0.0004,0.8983,1.4231,0.3568
1.0592,0.0004,0.7834,1.1294,0.3490
1.0377,0.0003,0.8053,1.0307,0.3476
1.5941,0.0003,0.8296,1.3369,0.3413
1.5752,0.0004,1.0330,1.4303,0.3441
1.8226,0.0004,0.7843,1.8791,0.3441
1.8078,0.0003,0.7803,2.0255,0.3333
2.2120,0.0006,0.6867,1.5106,0.3329
1.8719,0.0006,1.3876,2.4674,0.3522
1.2255,0.0004,1.0429,1.1449,0.3522
1.8973,0.0007,0.9158,2.0572,0.3460
1.8604,0.0003,0.9071,1.8856,0.3504
1.7521,0.0005,0.9313,1.7411,0.3441
1.4942,0.0004,0.8742,1.5199,0.3440
1.4478,0.0003,0.7951,1.4122,0.3492
1.5046,0.0003,0.7368,1.5467,0.3639
1.4718,0.0004,0.7046,1.1961,0.3328
1.9842,0.0003,0.9824,2.1853,0.3420
2.3257,0.0005,0.8554,2.2463,0.3341
1.5908,0.0007,1.0735,1.6870,0.3351
1.8743,0.0006,0.9141,1.5879,0.3396
1.7056,0.0004,0.8403,1.9903,0.3634
1.7998,0.0004,0.9037,1.6743,0.3407
1.1256,0.0005,1.0141,1.2056,0.3407
2.0146,0.0003,0.7159,1.9057,0.3316
1.6122,0.0004,0.9391,1.6414,0.3523
1.5061,0.0003,0.8681,1.5798,0.3523
1.9156,0.0007,0.8635,1.8380,0.3375
2.0889,0.0005,1.1700,2.0032,0.3400
1.5019,0.0005,1.1303,1.6467,0.3400
1.9933,0.0006,0.8197,1.4838,0.3523
1.8809,0.0006,0.9609,2.3652,0.3433
1.6329,0.0007,0.8329,1.3845,0.3433
1.9077,0.0007,0.9139,1.9658,0.3376
2.0816,0.0006,0.9282,2.1991,0.3478
1.9354,0.0008,0.9419,1.7555,0.3581
1.4425,0.0008,1.2001,1.6192,0.3581
1.9845,0.0006,1.0881,1.9419,0.3973
2.0212,0.0007,0.9810,1.7689,0.3790
1.7844,0.0006,1.0477,1.8443,0.3485
2.1545,0.0006,0.8976,2.4014,0.3496
1.8721,0.0006,0.8794,1.8770,0.3488
1.9914,0.0004,0.8293,1.9803,0.3488
1.6147,0.0005,0.8357,1.5903,0.3449
2.2192,0.0004,0.8365,2.1612,0.3308
1.9575,0.0003,0.8858,1.6927,0.3765
1.0569,0.0004,1.2460,1.2780,0.3814
1.7140,0.0005,0.9191,1.8207,0.3633
1.8509,0.0004,0.8612,1.8044,0.3633
1.8303,0.0004,1.0190,1.7822,0.3386
1.6884,0.0003,0.9619,1.5351,0.3386
2.0050,0.0005,0.8258,2.1431,0.3330
1.5551,0.0007,1.1584,1.5711,0.3349
1.9223,0.0006,1.0153,1.8670,0.3410
1.4206,0.0004,1.1091,1.4664,0.3410
2.0285,0.0004,1.0632,1.8974,0.3470
1.9392,0.0004,0.9246,2.0872,0.3448
1.5913,0.0003,0.9514,1.5753,0.3578
1.8594,0.0003,1.0110,1.8394,0.3511
1.5600,0.0003,0.7746,1.5679,0.3511
1.9349,0.0004,0.7844,1.9361,0.3507
1.7346,0.0004,0.8957,1.7348,0.3499
1.5000,0.0003,1.1417,1.5017,0.3499
1.9749,0.0005,0.8816,1.8544,0.3485
1.7002,0.0004,1.1465,1.1410,0.3574
1.2166,0.0181,1.8517,1.1716,0.3941
0.8879,0.0004,1.0618,1.1920,0.3941
1.7515,0.0006,0.7324,1.9735,0.3366
2.3179,0.0004,0.7623,2.1777,0.3422
1.0810,0.0005,1.0452,1.2185,0.3422
1.6872,0.0004,0.8988,1.6730,0.3407
1.5978,0.0005,0.6647,1.3818,0.3518
1.9147,0.0003,0.7666,2.0027,0.3375
1.8249,0.0004,0.9086,1.8833,0.3418
1.7426,0.0004,0.7751,1.7010,0.3531
1.6854,0.0004,0.9699,1.4866,0.3531
2.0197,0.0004,1.2497,2.1463,0.3433
1.6200,0.0004,1.0679,1.7098,0.3496
1.5743,0.0004,0.8425,1.5260,0.3561
1.7580,0.0005,0.9341,1.8095,0.3385
1.3281,0.0005,0.7604,1.3061,0.3385
1.8283,0.0004,0.8946,1.4876,0.3397
1.8333,0.0005,0.8236,1.9865,0.3430
1.8111,0.0004,0.7652,2.0494,0.3378
2.0351,0.0005,0.7153,1.9278,0.3378
1.6854,0.0004,0.9865,1.7512,0.3700
2.0998,0.0003,0.9394,1.7136,0.3427
1.6808,0.0003,0.9261,2.0664,0.3427
1.6977,0.0005,0.7780,1.5698,0.3317
2.2382,0.0005,0.9257,2.1149,0.3367
1.0014,0.0006,1.1028,1.2546,0.3507
1.6011,0.0005,0.7247,1.5549,0.3463
1.9344,0.0005,0.7270,1.8734,0.3459
1.4889,0.0006,0.8411,1.1622,0.3459
1.4590,0.0006,1.4831,1.7912,0.4014
1.5174,0.0003,1.0686,1.0299,0.4014
1.8402,0.0002,0.9021,2.3611,0.3526
1.9359,0.0004,0.7277,1.7888,0.3477
1.5441,0.0005,0.9697,1.6057,0.3477
1.7457,0.0005,1.0291,1.5860,0.3580
1.9887,0.0006,1.1002,2.1615,0.3406
1.4946,0.0003,0.9763,1.5059,0.3284
1.6774,0.0005,0.7333,1.4104,0.3644
1.6820,0.0008,0.7416,1.9108,0.3491
1.7270,0.0006,0.7967,1.7016,0.3508
1.2371,0.0005,0.9382,1.2046,0.3765
1.5263,0.0004,1.0407,1.3713,0.3455
2.2225,0.0004,0.8438,2.3210,0.3506
1.4039,0.0004,0.9397,1.5196,0.3341
1.3138,0.0003,0.9409,1.3331,0.3341
1.7167,0.0004,0.8736,1.6616,0.3492
1.6274,0.0005,0.9181,1.6040,0.3492
1.7395,0.0004,0.8482,1.5759,0.3424
2.3673,0.0009,0.8140,2.3555,0.3601
1.7614,0.0005,1.0072,1.9037,0.3753
1.2029,0.0008,1.3527,1.2486,0.3753
1.7511,0.0006,0.7959,1.1822,0.3627
2.1715,0.0005,0.8227,2.6051,0.3355
1.3131,0.0004,0.9033,1.1420,0.3481
1.9863,0.0003,0.7981,2.1140,0.3533
1.4503,0.0004,0.9121,1.2579,0.3405
2.0144,0.0004,0.8843,2.2261,0.3456
1.7747,0.0005,1.0134,1.7277,0.3537
1.6396,0.0007,0.9859,1.2784,0.3537
1.4417,0.0005,1.2078,1.9110,0.3926
1.8210,0.0006,0.8929,1.8231,0.3439
1.8759,0.0003,0.8807,1.8589,0.3439
2.0823,0.0005,1.0418,1.9774,0.3370
1.2891,0.0004,0.9582,1.3450,0.3370
2.0203,0.0006,0.8434,2.0133,0.3379
1.3970,0.0003,0.9545,1.3968,0.3486
1.4659,0.0003,0.7897,1.5360,0.3486
1.7879,0.0005,0.6490,1.7376,0.3438
1.6608,0.0006,0.7096,1.5808,0.3455
1.7179,0.0006,0.9855,1.7334,0.3868
1.9326,0.0005,0.9845,1.9670,0.3521
1.4401,0.0005,0.9208,1.4735,0.3526
1.5031,0.0003,0.7196,1.2559,0.3526
2.0005,0.0005,0.7613,2.2046,0.3352
1.7238,0.0005,0.8414,1.7122,0.3440
1.4615,0.0004,0.8912,1.4981,0.3677
1.7285,0.0003,0.7071,1.3648,0.3677
1.7133,0.0008,0.8114,2.0037,0.3474
2.1504,0.0005,0.9179,1.8525,0.3702
1.5462,0.0005,1.0966,1.5015,0.3702
1.9137,0.0006,0.9568,2.2031,0.3460
1.8317,0.0005,0.8917,1.7687,0.3466
2.2551,0.0003,0.9059,2.3350,0.3561
1.8731,0.0004,0.9920,1.8418,0.3404
1.6215,0.0008,0.9942,1.6149,0.3404
1.6894,0.0006,0.9208,1.4685,0.3502
1.9867,0.0007,0.8739,2.2206,0.3332
1.8503,0.0008,0.9020,1.6702,0.3546
2.3600,0.0005,1.1589,2.4174,0.3517
1.5455,0.0005,1.0815,1.5522,0.3517
1.6882,0.0005,0.8874,1.7844,0.3481
1.8461,0.0006,0.7531,1.8330,0.3365
1.8160,0.0005,0.8637,1.7448,0.3487
1.3427,0.0006,1.1365,1.3792,0.3487
1.8079,0.0005,0.8550,1.7927,0.3341
1.8424,0.0003,0.7164,1.8836,0.3401
2.0765,0.0006,0.8655,1.9050,0.3534
1.7305,0.0005,1.1133,1.8140,0.3755
1.6312,0.0006,0.9575,1.2670,0.3546
2.4231,0.0006,0.9048,2.6619,0.3407
1.2936,0.0005,1.0720,1.3871,0.3407
1.9803,0.0005,1.1378,1.9319,0.3429
1.7075,0.0005,0.9176,1.7396,0.3429
1.8515,0.0005,0.9692,1.8905,0.3377
1.4586,0.0006,0.7734,1.4549,0.3377
2.5283,0.0006,0.8070,2.0995,0.3662
1.3399,0.0005,1.4711,1.7230,0.3787
1.6221,0.0004,1.1499,1.6200,0.3517
1.6259,0.0004,0.8820,1.6425,0.3513
1.5560,0.0005,0.8839,1.1091,0.3513
2.3742,0.0006,0.8338,2.7051,0.3552
0.8797,0.0006,0.9798,1.0019,0.3397
1.7583,0.0005,0.8051,1.7190,0.3397
1.4724,0.0009,0.9229,1.2189,0.3490
1.7714,0.0007,0.9650,1.6672,0.3490
2.1964,0.0007,1.0274,2.4565,0.3552
1.8304,0.0006,1.1135,1.8781,0.3864
1.2771,0.0003,1.0078,0.9916,0.3864
2.0643,0.0003,0.9231,2.3562,0.3418
1.9021,0.0004,0.7451,1.6808,0.3406
2.1735,0.0004,0.9189,2.3799,0.3381
1.3352,0.0004,0.8113,1.3760,0.3435
1.7286,0.0004,0.8598,1.6494,0.3435
2.4404,0.0005,0.7592,2.1842,0.3407
1.1591,0.0006,1.0642,1.4596,0.3407
2.0980,0.0006,0.8040,2.0212,0.3593
1.9542,0.0006,0.8748,1.9938,0.3524
1.2682,0.0005,0.8746,1.1542,0.3524
1.9741,0.0004,1.0458,1.6850,0.3352
1.9593,0.0006,1.0650,1.9943,0.3352
1.7890,0.0006,1.0244,2.1474,0.3574
1.8460,0.0007,0.7976,1.7457,0.3324
1.6738,0.0007,0.9632,1.3778,0.3342
1.2527,0.0006,1.1623,1.5239,0.3346
2.2019,0.0007,1.0827,2.1524,0.3541
1.5145,0.0008,0.9913,1.2765,0.3541
1.3356,0.0006,1.0193,1.5070,0.3407
2.1443,0.0005,0.8153,2.3001,0.3417
1.8100,0.0004,0.8691,1.8393,0.3562
1.4260,0.0003,1.0174,1.4411,0.3548
1.8574,0.0006,0.7433,1.7089,0.3512
1.5818,0.0011,0.9719,1.5982,0.3545
1.7581,0.0007,1.0416,1.8076,0.3545
2.0720,0.0006,0.9191,2.0048,0.3356
1.8665,0.0007,1.0185,1.9583,0.3356
1.9415,0.0005,0.9121,1.8024,0.3399
1.4160,0.0004,0.9681,1.5703,0.3470
1.9566,0.0005,0.8256,1.9367,0.3633
1.4762,0.0005,0.8196,1.3789,0.3397
1.7394,0.0004,0.8494,1.3750,0.3397
1.9180,0.0003,0.8578,2.2152,0.3525
1.6899,0.0003,0.9428,1.6876,0.3430
2.0347,0.0004,0.8396,2.1504,0.3424
2.0138,0.0004,0.7710,1.9168,0.3620
1.9791,0.0004,0.9014,2.0769,0.3545
1.8264,0.0004,0.9650,1.8174,0.3421
1.5408,0.0003,0.8656,1.5547,0.3437
1.7458,0.0004,0.7327,1.6549,0.3581
1.8019,0.0004,0.7948,1.7879,0.3581
2.0159,0.0005,0.8989,1.8600,0.3463
1.7285,0.0004,1.1102,1.8347,0.3378
2.0877,0.0005,1.0623,2.0077,0.3399
2.2067,0.0008,1.3666,2.2594,0.3727
1.5657,0.0010,1.2857,1.4709,0.3506
2.0248,0.0006,1.1636,2.0301,0.3409
1.5133,0.0003,1.0498,1.5288,0.3371
2.1098,0.0006,1.0042,2.2055,0.3570
1.5975,0.0006,0.9614,1.6105,0.3570
2.0898,0.0006,0.8924,2.0457,0.3379
1.3420,0.0002,0.9024,1.4044,0.3379
2.0069,0.0003,0.8492,1.9588,0.3502
1.8287,0.0003,0.8594,1.4791,0.3462
1.9610,0.0005,1.0283,2.3007,0.3471
2.0543,0.0005,0.9055,1.9287,0.3354
1.6769,0.0006,1.1663,1.6209,0.3399
1.9746,0.0007,1.5241,1.9473,0.3459
1.7823,0.0005,1.1973,1.8627,0.3459
2.0857,0.0005,1.0540,2.1322,0.3483
1.7252,0.0004,0.8832,1.6800,0.3571
1.8016,0.0004,0.9636,1.8514,0.3481
2.0315,0.0004,1.1996,1.9978,0.3611
1.6423,0.0004,1.1097,1.5489,0.3460
2.0561,0.0004,1.1728,2.0470,0.3628
1.4736,0.0008,1.0866,1.5941,0.3628
1.8150,0.0005,1.1565,1.7861,0.3342
2.1724,0.0009,1.1076,2.1136,0.3421
2.1892,0.0009,1.1629,2.1896,0.3473
1.5670,0.0009,1.5140,1.5605,0.3357
1.8764,0.0007,1.2404,1.8894,0.3357
1.6587,0.0008,0.9610,1.6320,0.3739
1.4623,0.0009,1.0832,1.4931,0.3739
1.9978,0.0008,1.2899,1.9031,0.3464
1.7360,0.0009,1.2461,1.8169,0.3457
1.6049,0.0007,1.0939,1.4734,0.3509
2.4251,0.0008,1.1238,2.4764,0.3384
1.6238,0.0006,1.0757,1.6696,0.3432
1.3847,0.0005,0.9871,1.3012,0.3432
1.8904,0.0006,0.8735,1.6351,0.3448
2.1548,0.0007,0.9427,2.4490,0.3633
2.0260,0.0006,1.0861,2.0458,0.3538
1.2280,0.0004,1.1001,1.0533,0.3538
2.0781,0.0004,0.9246,2.0838,0.3355
1.9409,0.0005,0.9445,2.1343,0.3314
1.3721,0.0003,0.8655,1.3063,0.3314
1.8607,0.0009,0.9818,1.8866,0.3549
1.9062,0.0006,1.1853,1.8353,0.3571
1.8758,0.0004,1.1055,1.9443,0.3529
1.8092,0.0005,0.9224,1.6911,0.3529
1.7821,0.0007,1.2872,1.5414,0.3478
2.6207,0.0007,1.2147,2.8270,0.3459
1.4176,0.0008,1.0009,1.4584,0.3354
1.7471,0.0005,0.9470,1.7640,0.3528
1.6172,0.0005,0.9269,1.6464,0.3528
2.0489,0.0007,0.8566,1.6504,0.3492
2.3186,0.0007,1.0237,2.5886,0.3418
1.4860,0.0009,1.1892,1.2220,0.3418
2.2535,0.0007,1.3292,2.5048,0.3834
2.0638,0.0009,1.4303,1.9686,0.3791
2.2695,0.0011,1.2759,2.2694,0.3309
1.4050,0.0009,1.1560,1.4386,0.3309
1.8782,0.0007,1.2437,1.8791,0.3374
2.1564,0.0005,1.0529,2.1450,0.3578
1.7616,0.0006,1.0770,1.7588,0.3590
1.5413,0.0006,1.0445,1.6472,0.3496
1.6913,0.0007,1.0683,1.3206,0.3496
2.4104,0.0008,1.8391,2.6308,0.3557
2.0264,0.0006,1.2641,2.1099,0.3572
1.7112,0.0005,1.3767,1.7333,0.3572
1.9375,0.0005,1.0549,1.9002,0.3387
1.9805,0.0007,1.0510,1.9570,0.3459
1.8001,0.0006,1.0809,1.7188,0.3539
1.7458,0.0006,1.1708,1.8498,0.3715
2.3510,0.0006,1.0886,2.1096,0.3520
1.8763,0.0009,1.4046,1.7417,0.5414
2.1723,0.0009,1.7234,2.4897,0.3673
1.6538,0.0009,1.1152,1.4654,0.3673
1.9783,0.0013,1.0995,2.1989,0.3373
2.0630,0.0008,0.9382,1.8390,0.3445
2.4775,0.0011,1.2582,2.5803,0.3565
1.4462,0.0006,1.2336,1.5039,0.3565
2.1348,0.0014,1.1608,1.9532,0.3451
2.4762,0.0009,1.1294,2.6076,0.3523
1.8512,0.0007,1.1635,1.8856,0.3523
1.8152,0.0006,1.1128,1.7796,0.3544
2.5975,0.0009,1.0599,2.3635,0.3381
1.3601,0.0006,1.4304,1.6573,0.3488
1.9614,0.0006,0.9573,1.9398,0.3510
2.0305,0.0007,0.9635,2.0010,0.3510
1.9067,0.0007,1.0798,1.8853,0.3447
2.3230,0.0007,1.4200,2.2345,0.3578
1.9294,0.0010,1.2609,1.9446,0.3642
1.4985,0.0005,1.3374,1.4233,0.3642
2.5026,0.0007,1.2472,2.5203,0.3613
1.5251,0.0008,1.3486,1.6476,0.3541
1.9642,0.0006,1.0708,1.8687,0.3492
1.8517,0.0009,1.1301,1.9558,0.3333
2.0231,0.0008,1.1891,1.9040,0.3460
1.7963,0.0205,1.3882,1.5936,0.3414
2.3975,0.0009,1.2285,2.5965,0.3534
2.0892,0.0005,1.1924,1.7943,0.3946
1.8041,0.0006,1.8232,1.8672,0.3946
1.7737,0.0006,1.2399,1.9356,0.3504
2.5101,0.0009,1.3769,2.5571,0.3398
1.9703,0.0007,1.1229,1.9889,0.3327
1.2868,0.0007,1.1713,1.3197,0.3327
2.0898,0.0006,1.1102,1.7787,0.3514
1.5352,0.0008,1.1756,1.8803,0.3536
2.5102,0.0007,1.2033,2.4014,0.3567
1.6232,0.0007,1.1388,1.5904,0.3728
1.3861,0.0005,1.1507,1.5161,0.3728
1.8685,0.0004,1.0231,1.8337,0.3442
1.7525,0.0006,1.0180,1.4714,0.3442
1.8528,0.0006,0.9681,2.1029,0.3433
1.6265,0.0006,1.1038,1.3879,0.3489
1.8642,0.0004,1.0816,1.7647,0.3410
1.4134,0.0004,1.2068,1.7709,0.3464
1.9970,0.0006,0.8625,1.9262,0.3451
1.9979,0.0005,0.9640,2.0312,0.3654
1.3131,0.0004,0.9409,1.3665,0.3654
1.7479,0.0005,0.8287,1.5328,0.3480
1.8930,0.0006,0.9841,2.0358,0.3383
1.6442,0.0005,0.8986,1.5247,0.3490
1.8803,0.0005,1.1403,1.9648,0.3460
1.3244,0.0006,1.0523,1.3547,0.3459
1.3143,0.0004,0.8419,1.2946,0.3459
1.6988,0.0005,0.8040,1.5439,0.3342
2.0459,0.0008,1.2693,2.0773,0.3462
1.9170,0.0007,1.0954,1.6626,0.3448
1.9143,0.0006,1.2756,2.2718,0.3351
1.7043,0.0009,0.8793,1.5650,0.3351
2.0307,0.0004,1.0504,2.0893,0.3434
2.1026,0.0004,0.9808,2.0366,0.3537
1.6191,0.0004,1.0349,1.7488,0.3537
2.0932,0.0003,0.9998,2.0901,0.3470
1.7798,0.0004,0.7830,1.8131,0.3380
2.0826,0.0004,0.7240,1.7986,0.3602
1.3491,0.0003,1.1626,1.4393,0.3509
1.9297,0.0003,0.9974,1.9861,0.3502
1.2374,0.0003,0.8557,1.1757,0.3502
1.8081,0.0005,0.9700,1.7955,0.3398
1.8184,0.0007,0.9781,1.8945,0.3398
1.9476,0.0005,0.9444,2.0112,0.3422
2.0855,0.0005,0.7984,1.9475,0.3434
1.2837,0.0004,1.0907,1.1887,0.3434
2.0750,0.0004,0.9934,1.5795,0.3349
1.8065,0.0005,1.2615,2.4773,0.3598
1.7415,0.0005,1.0999,1.6394,0.3598
2.0014,0.0005,0.8845,2.0963,0.3522
1.5059,0.0004,0.8380,1.0444,0.3522
2.0545,0.0004,1.0028,2.4041,0.3352
1.7329,0.0004,1.0457,1.8203,0.3471
1.5477,0.0006,0.8660,1.5614,0.3456
1.9919,0.0004,0.8788,1.9333,0.3468
1.4127,0.0005,0.9330,1.4662,0.3392
1.9774,0.0005,0.7297,1.4621,0.3392
2.0114,0.0005,1.1182,2.4713,0.3510
1.9208,0.0004,0.9297,1.8904,0.3446
1.4890,0.0006,1.1239,1.5020,0.3446
1.9730,0.0005,1.0523,1.8934,0.3331
1.3843,0.0007,1.0228,1.2303,0.3331
1.9885,0.0004,0.9039,2.0893,0.3277
2.0254,0.0004,1.0815,2.0616,0.3388
1.4980,0.0003,0.8357,1.1805,0.3388
1.8685,0.0004,0.7229,2.2370,0.3360
1.7450,0.0005,1.0069,1.4276,0.3477
1.6236,0.0004,0.9923,1.7819,0.3572
1.9470,0.0004,1.1225,2.0562,0.3630
1.6280,0.0002,0.8880,1.6284,0.3543
1.8851,0.0004,0.7945,1.9304,0.3674
1.6790,0.0004,0.8562,1.5508,0.3493
1.2977,0.0005,0.9354,1.4244,0.3493
1.3034,0.0003,0.8103,1.3270,0.3423
2.0109,0.0005,0.7122,1.9123,0.3467
1.4731,0.0003,0.9540,1.4948,0.3467
1.5866,0.0005,1.1781,1.5113,0.3767
1.5911,0.0006,0.9301,1.6689,0.3688
1.4801,0.0004,0.7908,1.2836,0.3599
1.5318,0.0006,0.8565,1.5527,0.3450
2.0277,0.0007,0.8703,2.1747,0.3412
1.9166,0.0006,0.7784,1.8485,0.3358
1.5425,0.0003,0.8252,1.4729,0.3468
1.9846,0.0004,0.9418,1.9589,0.3574
1.4428,0.0004,0.9969,1.4903,0.3574
1.7551,0.0008,0.9948,1.7368,0.3475
2.5226,0.0008,1.0304,2.4784,0.3453
1.8690,0.0007,1.2210,1.9823,0.3461
1.7944,0.0008,0.9597,1.7353,0.3461
1.7995,0.0004,0.8944,1.8709,0.3407
1.5427,0.0004,0.8417,1.4633,0.3447
1.9244,0.0005,0.9870,1.9896,0.3447
1.6959,0.0004,0.9507,1.7091,0.3477
1.4216,0.0004,0.9136,1.4278,0.3477
2.3710,0.0007,0.7413,1.8976,0.3777
1.4800,0.0006,1.3362,0.9264,0.3639
1.0122,0.0005,1.3208,1.5378,0.3639
1.8615,0.0005,0.6917,1.9206,0.3533
2.0384,0.0004,0.7401,2.0520,0.3536
1.4676,0.0004,0.7513,1.3271,0.3589
1.4407,0.0004,0.9308,1.3142,0.3589
1.7662,0.0005,0.9734,1.6475,0.3537
1.9533,0.0004,0.9140,2.2965,0.3421
1.9528,0.0005,0.7597,1.6461,0.3421
2.3482,0.0007,1.1572,2.2218,0.3646
1.2899,0.0006,1.6139,1.6759,0.3664
1.4646,0.0006,1.1146,1.5125,0.3422
1.6802,0.0004,0.8697,1.5935,0.3422
2.0659,0.0004,0.7528,2.0375,0.3533
1.3404,0.0003,0.8388,1.4274,0.3322
1.6006,0.0005,0.7565,1.6002,0.3422
1.8726,0.0004,0.7695,1.7281,0.3566
1.8860,0.0005,0.9282,1.8005,0.3566
1.5068,0.0005,1.0063,1.6489,0.3440
1.7826,0.0005,0.8781,1.6274,0.3681
2.1820,0.0005,1.2383,2.2775,0.3907
1.5326,0.0003,0.9587,1.4687,0.3346
2.4373,0.0006,0.7650,2.5203,0.3528
1.1551,0.0005,0.7882,1.2402,0.3437
1.2893,0.0005,0.7378,1.2501,0.3437
1.6973,0.0004,0.6963,1.5078,0.3359
1.8297,0.0004,0.8888,1.9919,0.3416
1.5484,0.0003,0.9071,1.4679,0.3511
1.2359,0.0003,0.9103,1.3444,0.3511
2.2667,0.0005,0.7807,2.1287,0.3562
2.0197,0.0005,1.1115,2.0351,0.3814
1.7556,0.0006,1.2235,1.7452,0.3417
1.1415,0.0005,0.9494,0.9245,0.3417
2.3458,0.0004,0.8033,2.4935,0.3368
1.4953,0.0005,0.9855,1.4240,0.3327
1.8525,0.0005,1.0477,1.6817,0.3434
1.8287,0.0004,0.9389,2.1054,0.3367
1.8708,0.0006,0.9329,1.8898,0.3420
1.5105,0.0006,1.0254,1.4609,0.3420
2.1392,0.0006,1.0554,2.1685,0.5453
1.9988,0.0005,0.9282,1.9364,0.3506
1.7595,0.0003,1.1918,1.8376,0.3481
1.4896,0.0003,0.8126,1.4800,0.3459
1.7534,0.0005,0.8358,1.7583,0.3459
2.1342,0.0006,0.7510,1.8788,0.3572
1.7716,0.0005,1.1528,1.9084,0.3341
2.2283,0.0008,0.9185,2.1143,0.3462
1.8387,0.0007,1.0457,1.8768,0.3563
1.9362,0.0004,1.1320,1.9797,0.3484
2.1181,0.0006,1.0863,2.0043,0.3502
1.5186,0.0003,1.2666,1.6725,0.3535
1.4825,0.0003,0.8609,1.1971,0.3535
1.8228,0.0004,0.8792,2.1159,0.3473
1.9301,0.0005,0.9672,1.5213,0.3426
2.1827,0.0006,1.1741,2.4860,0.3419
1.5558,0.0006,1.0335,1.6126,0.3451
1.4101,0.0005,0.8799,1.3761,0.3451
1.7942,0.0005,1.1565,1.8431,0.3584
1.4337,0.0003,1.1726,1.4875,0.3584
1.6923,0.0005,0.8450,1.4182,0.3411
2.1443,0.0004,0.9021,2.3139,0.3423
2.2159,0.0003,0.8515,2.0316,0.3554
1.0408,0.0004,1.0844,1.0099,0.3554
2.1711,0.0003,0.9291,2.4296,0.3567
1.6615,0.0003,0.8951,1.6901,0.3458
1.6562,0.0003,0.8902,1.4310,0.3519
1.4022,0.0005,0.9572,1.5438,0.3690
1.5765,0.0003,0.9571,1.5977,0.3690
1.6661,0.0005,0.8475,1.5937,0.3448
1.8562,0.0005,0.8699,1.9234,0.3520
1.5185,0.0005,0.9182,1.5369,0.3520
1.6410,0.0004,0.8394,1.5308,0.3283
1.9640,0.0003,0.8391,1.9508,0.3387
1.6488,0.0003,1.0081,1.7543,0.3616
1.9787,0.0004,0.8809,1.9635,0.3494
1.9587,0.0003,0.7850,1.8896,0.3609
1.9154,0.0005,0.8855,1.7571,0.3772
1.4612,0.0005,1.1960,1.6614,0.3563
1.5877,0.0007,0.7868,1.5903,0.3459
1.4730,0.0005,0.7217,1.3576,0.3617
1.3226,0.0005,0.8291,1.3754,0.3617
1.7769,0.0004,0.8762,1.8251,0.3456
2.0310,0.0005,0.8550,1.9941,0.3411
1.6098,0.0004,0.8824,1.6070,0.3580
1.6251,0.0005,0.8415,1.6430,0.3580
1.7467,0.0007,0.9190,1.6454,0.3514
2.2506,0.0006,0.8914,2.0937,0.3701
1.4096,0.0002,1.1770,1.4913,0.3517
1.7919,0.0004,0.9963,1.8512,0.3499
1.6555,0.0003,0.9737,1.5678,0.3487
1.7335,0.0004,1.0301,1.7179,0.3487
1.9329,0.0004,0.9596,1.9209,0.3567
1.2537,0.0004,0.9531,1.2085,0.3567
1.9607,0.0005,0.7919,1.6242,0.3545
2.0193,0.0005,0.8033,2.5225,0.3347
2.2881,0.0005,0.8992,1.7026,0.3706
1.4941,0.0004,1.3860,2.0016,0.3609
1.6483,0.0005,1.0398,1.3975,0.3609
1.5257,0.0003,0.8178,1.7497,0.3586
1.7516,0.0004,0.9140,1.7518,0.3503
2.0185,0.0004,0.9419,1.9965,0.3474
1.3958,0.0003,1.0516,1.3313,0.3474
1.9247,0.0005,1.0982,2.0264,0.3546
1.3536,0.0005,0.8944,1.0895,0.3507
2.3325,0.0006,0.7619,2.5704,0.3470
1.6680,0.0003,0.9092,1.6987,0.3681
1.0804,0.0007,1.0017,0.9985,0.3681
1.6105,0.0010,0.8951,1.3615,0.3385
2.0053,0.0007,1.1425,2.2651,0.3385
1.4466,0.0003,0.9332,1.4308,0.3395
2.2412,0.0005,0.8626,2.2462,0.3384
1.7714,0.0004,0.9616,1.8504,0.3333
2.0432,0.0004,0.8655,2.0131,0.3760
1.5007,0.0004,0.7512,1.5223,0.3760
1.3216,0.0005,0.8484,1.2524,0.3422
2.1249,0.0003,0.8939,2.1853,0.8473
2.2193,0.0004,0.7724,2.0732,0.3465
1.1607,0.0005,0.9498,1.1399,0.3465
1.7081,0.0004,0.8144,1.8095,0.3466
1.5550,0.0003,0.7511,1.5722,0.3317
1.4965,0.0004,0.7825,1.5348,0.3553
1.9901,0.0004,1.0051,1.7857,0.3507
1.5699,0.0005,0.8481,1.6753,0.3360
1.2021,0.0003,0.8537,0.9385,0.3360
2.9075,0.0007,0.6826,2.5847,0.3840
1.4659,0.0006,1.5176,1.6387,0.3997
0.9536,0.0004,1.3453,0.9931,0.3997
1.5327,0.0004,0.7452,1.7281,0.3418
1.8344,0.0003,0.7255,2.0191,0.3656
1.6673,0.0007,0.8252,1.6570,0.3669
1.3352,0.0006,0.9912,1.0807,0.3669
2.4086,0.0007,0.8071,2.5041,0.3678
1.2747,0.0006,0.9371,1.4296,0.3678
1.4240,0.0004,0.9856,1.4280,0.3500
2.0009,0.0005,0.8167,1.9039,0.3663
1.7699,0.0007,1.0890,1.8391,0.5471
1.3482,0.0004,0.9539,1.2552,0.3491
1.9350,0.0005,0.7588,2.0449,0.3510
1.6168,0.0004,0.8382,1.4765,0.3366
1.3468,0.0003,0.8660,1.3926,0.3366
1.8279,0.0004,1.0110,1.7848,0.3470
1.1294,0.0004,0.9880,1.0640,0.3470
1.6897,0.0004,0.7663,1.7670,0.3428
1.9006,0.0006,0.9451,1.9678,0.3372
1.4587,0.0006,0.7694,1.2587,0.3488
2.0963,0.0005,1.3747,2.2176,0.3682
1.1987,0.0006,1.0164,1.1993,0.3682
1.8178,0.0005,1.0468,1.5836,0.3523
1.7249,0.0005,0.7532,1.8709,0.3450
2.0918,0.0004,0.8932,1.9491,0.3460
1.9043,0.0005,0.7999,2.1371,0.3396
2.0448,0.0004,1.0457,2.0210,0.3399
1.6244,0.0006,0.8402,1.6330,0.3399
1.8619,0.0007,0.9627,1.8257,0.3444
2.2604,0.0005,1.6100,2.1622,0.3600
1.3461,0.0004,0.9831,1.4185,0.3600
1.7085,0.0004,0.9487,1.7802,0.3335
1.6467,0.0004,0.7937,1.6490,0.3335
1.8775,0.0003,0.6354,1.7480,0.3466
1.2244,0.0003,0.8251,0.9804,0.3466
2.1147,0.0005,0.7542,2.3640,0.3357
1.3966,0.0003,0.7849,1.3692,0.3539
1.3170,0.0003,0.8082,1.3252,0.3539
1.5066,0.0005,0.7212,1.5776,0.3450
1.6658,0.0006,1.1217,1.3176,0.3340
1.7243,0.0003,0.8625,1.7731,0.3665
1.6576,0.0003,0.7435,1.7195,0.3435
1.8642,0.0002,0.6909,2.0202,0.3528
1.6731,0.0003,0.7188,1.6399,0.3391
1.1369,0.0003,0.8416,1.1775,0.3391
1.5403,0.0003,0.7534,1.3851,0.3418
1.4929,0.0005,0.7854,1.6945,0.3458
1.4657,0.0004,0.6847,1.4635,0.3536
1.9464,0.0003,0.6787,1.8873,0.3354
1.8375,0.0003,0.7559,1.6784,0.3579
1.4053,0.0004,0.9556,1.2593,0.8854
1.8194,0.0004,0.7438,1.8155,0.3372
1.8120,0.0005,0.6692,2.1545,0.3412
1.9672,0.0003,0.6381,1.8857,0.3444
2.0291,0.0005,0.5826,1.8724,0.3345
1.7271,0.0003,0.7532,1.8230,0.3345
1.9264,0.0004,0.7170,1.9277,0.3521
1.7924,0.0003,0.7907,1.9068,0.3520
1.7582,0.0005,0.7370,1.6352,0.5641
1.3472,0.0006,0.8616,1.2719,0.3743
1.8113,0.0004,1.0137,1.9261,0.3743
1.7560,0.0004,0.8105,1.7428,0.3509
1.5652,0.0003,0.8084,1.4459,0.3284
2.0346,0.0003,0.8408,2.1467,0.3368
1.9500,0.0005,0.7663,1.9073,0.3466
1.6028,0.0004,0.8794,1.6195,0.3466
1.2904,0.0003,0.7244,1.3113,0.3559
1.9471,0.0005,0.6580,1.7611,0.3502
1.7310,0.0005,0.6814,1.9039,0.3491
1.5709,0.0004,0.7457,1.6113,0.3410
1.4442,0.0005,0.7226,1.1722,0.3622
1.5176,0.0005,0.7407,1.6399,0.3409
1.8214,0.0005,0.8242,1.9014,0.3402
1.6443,0.0160,0.8039,1.6073,0.3402
1.6586,0.0006,0.8566,1.5067,0.3328
1.5473,0.0004,0.9535,1.6636,0.3328
1.8305,0.0004,0.7434,1.8383,0.3323
1.7969,0.0003,0.7597,1.7357,0.3246
1.1974,0.0005,0.8897,1.1638,0.3246
1.6573,0.0005,1.0942,1.7098,0.3742
1.5884,0.0003,0.8284,1.1956,0.3603
1.8004,0.0003,0.8073,2.2179,0.3479
1.3347,0.0003,0.7873,1.1696,0.3401
1.6827,0.0003,0.7547,1.5052,0.3401
2.0414,0.0004,0.7044,2.4194,0.3559
1.4854,0.0004,0.7125,1.4818,0.3276
1.3994,0.0004,0.6862,1.4227,0.3582
1.8241,0.0004,0.6910,1.6771,0.3589
1.2876,0.0004,0.8125,1.3698,0.3589
1.6648,0.0003,0.7140,1.6623,0.3532
1.6907,0.0007,0.7050,1.6006,0.3682
1.3191,0.0004,0.7797,1.1287,0.3682
1.8192,0.0003,0.7205,2.1058,0.3493
1.5198,0.0005,0.6352,1.1650,0.3493
1.9838,0.0005,1.0753,2.2220,0.3505
1.8233,0.0003,0.8630,1.8933,0.3369
1.5834,0.0004,0.6651,1.3011,0.3423
1.3083,0.0003,0.9006,1.3348,0.3361
1.3664,0.0004,0.7937,1.3544,0.3498
1.9542,0.0004,0.6539,1.9705,0.3578
2.1644,0.0003,0.9229,2.2883,0.3438
1.9000,0.0004,0.8880,1.8887,0.3308
1.6020,0.0004,0.9768,1.5502,0.3486
1.7867,0.0005,0.8461,1.8822,0.3461
1.8681,0.0006,0.8775,1.8826,0.3497
1.2935,0.0005,0.6846,1.3371,0.3497
1.9550,0.0004,0.6452,1.8488,0.3498
1.5710,0.0004,0.7732,1.6251,0.3536
1.6560,0.0005,0.9464,1.6147,0.3536
1.8649,0.0004,0.8625,1.5161,0.3498
1.3627,0.0004,0.8630,1.5710,0.3721
1.7018,0.0009,0.8533,1.5495,0.3509
1.4226,0.0006,0.7492,1.5117,0.3382
2.0305,0.0004,1.0442,2.0879,0.3582
1.2437,0.0005,1.1259,1.3828,0.3582
1.6000,0.0004,0.6795,1.5444,0.3611
1.4897,0.0004,0.8128,1.3279,0.3436
1.8454,0.0004,0.6422,1.7383,0.3492
1.8436,0.0005,0.8336,2.1108,0.3530
1.7835,0.0005,1.2388,1.7581,0.3709
1.6244,0.0004,1.0577,1.6107,0.3332
1.2131,0.0004,0.8383,0.9301,0.3332
1.9511,0.0005,0.6409,2.2804,0.3379
1.4646,0.0004,0.7424,1.4756,0.3419
1.9833,0.0003,0.8194,1.8901,0.3398
2.0595,0.0004,0.5836,2.1371,0.3477
1.5386,0.0003,0.5867,1.4276,0.3456
1.3492,0.0003,0.7374,1.2433,0.3456
1.9380,0.0005,0.7594,2.0938,0.3554
1.3995,0.0005,0.7224,1.4117,0.3767
1.5884,0.0005,1.0151,1.2094,0.3566
1.6567,0.0004,0.7136,1.9754,0.3460
1.2427,0.0003,0.7412,1.3201,0.3461
1.7394,0.0003,0.6963,1.7010,0.3359
1.6852,0.0003,0.7700,1.4331,0.3359
1.8886,0.0003,0.7721,2.0713,0.3369
1.6873,0.0005,0.9531,1.6752,0.3596
1.3063,0.0004,0.8616,1.3612,0.3431
1.3916,0.0006,0.7350,1.1106,0.3431
2.2627,0.0007,0.8669,2.4694,0.3610
1.1724,0.0008,0.8571,1.0924,0.3610
2.1736,0.0006,1.0048,2.0753,0.3831
0.9613,0.0003,1.3347,1.0005,0.3831
2.3307,0.0004,0.7736,2.3682,0.3540
1.4266,0.0193,0.7959,1.5576,0.3428
1.3532,0.0004,0.6966,1.3663,0.3405
1.4406,0.0004,0.6986,1.4350,0.3405
1.5611,0.0003,0.7328,1.1704,0.3430
2.0429,0.0004,0.6546,2.4015,0.3408
1.8409,0.0004,0.6892,1.4384,0.8537
1.5538,0.0004,1.2640,1.9005,0.8537
1.8192,0.0003,0.7796,1.8546,0.3377
1.7573,0.0003,0.6447,1.7674,0.3378
1.2677,0.0004,0.6871,1.2801,0.3378
1.3562,0.0004,0.6977,1.0110,0.3721
1.8409,0.0003,0.7339,2.1548,0.3280
1.4338,0.0004,0.6360,1.4472,0.3320
1.3874,0.0003,0.6179,1.3164,0.3482
1.7562,0.0004,0.6561,1.7838,0.3519
1.8690,0.0008,0.7119,1.7010,0.3486
1.5616,0.0007,1.0090,1.6607,0.3782
1.8780,0.0006,1.0340,1.8379,0.3525
1.0692,0.0004,1.1135,1.1257,0.3644
1.1385,0.0004,0.7467,0.8640,0.3663
1.9946,0.0005,0.7989,2.1077,0.3381
1.3100,0.0003,1.0399,1.4785,0.3498
0.8685,0.0003,0.7027,0.8676,0.3498
1.6409,0.0004,0.6445,1.3066,0.3463
1.7628,0.0004,0.8225,2.0537,0.3435
1.0749,0.0004,0.7799,1.0157,0.3435
1.6238,0.0005,0.8715,1.6627,0.3366
2.1098,0.0003,0.7507,1.9773,0.3578
1.5049,0.0005,0.9100,1.2404,0.3799
2.0267,0.0006,0.9056,2.3712,0.3585
1.4390,0.0005,0.8765,1.4947,0.3549
1.2218,0.0006,0.7368,1.0449,0.3549
2.2125,0.0004,0.7831,2.3340,0.3408
1.1884,0.0004,0.7492,1.0919,0.3408
2.2229,0.0006,1.0120,2.3275,0.3299
1.7008,0.0003,0.8300,1.7326,0.3299
1.4075,0.0003,0.6905,1.3515,0.3563
2.0060,0.0004,1.0438,2.0185,0.3588
1.5165,0.0004,0.9448,1.4594,0.3588
1.2813,0.0004,0.8082,1.1182,0.3342
1.4265,0.0004,0.8674,1.4047,0.3402
1.5078,0.0004,0.7839,1.6024,0.3380
1.4809,0.0006,0.6456,1.5274,0.3385
1.4624,0.0002,0.7493,1.5702,0.3385
1.4697,0.0004,0.6409,1.2004,0.3380
1.3758,0.0006,0.8631,1.5112,0.3380
2.2295,0.0008,0.7972,2.1694,0.3344
1.4831,0.0005,1.3548,1.4612,0.3616
1.1257,0.0003,1.0294,1.0847,0.3616
1.8802,0.0004,0.7658,1.8922,0.3547
1.9342,0.0004,0.8726,2.0386,0.3408
1.5001,0.0005,0.8227,1.4460,0.3494
1.4170,0.0003,0.9205,1.2461,0.3494
2.0673,0.0004,1.0146,2.2848,0.3381
1.7203,0.0004,0.8239,1.7806,0.3596
1.6877,0.0003,0.6713,1.2727,0.3596
1.7173,0.0004,0.8399,2.1077,0.3679
1.5927,0.0003,0.6979,1.2851,0.3679
2.4958,0.0004,0.7928,2.6575,0.3606
0.9118,0.0004,0.9348,0.7878,0.3606
2.1737,0.0003,0.7725,2.4218,0.3423
1.6915,0.0003,0.6464,1.6860,0.3450
1.7306,0.0004,0.7226,1.7200,0.3477
1.4531,0.0004,0.7814,1.2684,0.3404
1.1127,0.0003,0.8675,0.9372,0.3404
1.8194,0.0003,0.7689,2.0757,0.3456
1.6531,0.0004,0.7553,1.7416,0.3463
1.6012,0.0006,0.7200,1.5582,0.3463
1.7509,0.0004,0.8422,1.5595,0.9479
1.6934,0.0003,0.7150,1.9332,0.3676
1.6453,0.0003,0.6426,1.4334,0.3690
1.4624,0.0004,0.7086,1.5389,0.3480
1.8870,0.0004,0.6762,1.9655,0.3415
1.3147,0.0004,0.7388,1.2745,0.3415
1.4376,0.0003,1.0016,1.2098,0.3621
1.3443,0.0003,0.7426,1.5793,0.3621
1.4504,0.0005,0.6740,1.4901,0.3555
1.2258,0.0003,0.7973,1.1988,0.3555
1.7720,0.0004,0.6738,1.7280,0.3792
1.5677,0.0005,0.8508,1.4952,0.3709
0.9851,0.0004,0.9027,1.0405,0.3709
1.2569,0.0005,0.6596,1.3329,0.3584
1.2788,0.0004,0.7270,1.0613,0.3584
1.3762,0.0003,0.8411,1.5979,0.3420
1.2641,0.0005,0.8044,1.1310,0.3422
1.7196,0.0004,0.7828,1.5741,0.3569
1.5459,0.0004,0.9557,1.3274,0.3265
1.2950,0.0005,0.8307,1.5030,0.3302
1.5420,0.0004,0.8348,1.7968,0.3335
1.8182,0.0005,0.6247,1.7735,0.3588
1.5654,0.0003,0.7483,1.4922,0.3588
1.5005,0.0003,1.0863,1.5888,0.3539
1.2794,0.0003,0.7046,1.0874,0.3493
1.6170,0.0003,0.8118,1.7978,0.3456
1.2289,0.0004,0.6615,0.9440,0.3456
1.7362,0.0003,0.7228,1.4168,0.3406
1.6469,0.0003,0.9855,2.1643,0.3406
1.2210,0.0005,0.8717,1.1303,0.3495
1.3907,0.0004,0.8057,1.4479,0.3582
2.0316,0.0003,0.6580,2.1049,0.3396
1.1187,0.0006,0.7263,0.9774,0.3396
1.7209,0.0006,1.0284,1.6323,0.3630
1.6109,0.0004,0.8035,1.7417,0.3820
1.3880,0.0004,0.7496,1.4813,0.3420
2.0509,0.0003,0.6833,1.9513,0.3466
1.2439,0.0004,0.8134,1.2296,0.3466
1.7992,0.0006,0.7283,1.5390,0.3450
1.5512,0.0006,0.7773,1.7110,0.3452
1.5619,0.0003,0.6681,1.5229,0.3516
1.9948,0.0003,0.6209,2.1553,0.3332
1.2193,0.0004,0.7430,0.7665,0.3367
1.3137,0.0004,1.2105,1.7464,0.3782
1.4130,0.0005,1.1393,1.2287,0.3782
1.5699,0.0005,0.7851,1.6530,0.3533
1.2608,0.0005,0.6960,1.3703,0.3487
1.4103,0.0004,0.7461,1.2399,0.3578
1.6809,0.0007,0.7302,1.6295,0.3356
1.5989,0.0006,0.7893,1.7294,0.3673
1.2133,0.0003,0.8637,1.2996,0.3673
1.1877,0.0003,0.8104,1.2532,0.3611
1.3287,0.0004,0.7696,1.0707,0.3461
1.7088,0.0005,0.6612,1.9338,0.3454
1.3325,0.0004,0.7040,1.3250,0.3604
1.5352,0.0005,0.7132,1.4791,0.3604
1.2053,0.0005,0.9859,0.9582,0.5668
1.5155,0.0003,1.0639,1.6533,0.3459
1.1454,0.0004,0.8044,1.3084,0.3459
1.2989,0.0004,0.6821,1.2198,0.3523
1.2758,0.0003,0.7164,1.3535,0.3373
1.4644,0.0005,0.8410,1.3027,0.3394
1.4702,0.0004,0.7491,1.6322,0.3501
1.3890,0.0003,0.7106,1.3724,0.3439
1.2266,0.0005,0.7714,1.0919,0.3439
1.5418,0.0005,0.8800,1.6499,0.3464
1.6433,0.0006,0.7085,1.5799,0.3637
1.2209,0.0004,0.7731,1.2426,0.3637
1.4419,0.0004,1.2383,1.4721,0.3920
1.5910,0.0004,0.6527,1.5591,0.3920
1.5670,0.0004,0.7249,1.5157,0.3482
1.0118,0.0003,0.8631,0.8744,0.3482
1.2881,0.0003,0.9005,1.5235,0.3342
1.3680,0.0003,0.6074,1.3731,0.3342
1.1725,0.0003,0.6640,0.9714,0.3506
1.4255,0.0010,0.5907,1.4855,0.3430
1.2551,0.0003,0.7566,1.2234,0.3402
1.2681,0.0003,0.7457,1.3675,0.3371
1.5720,0.0004,0.6105,1.2674,0.3530
1.3230,0.0005,0.8913,1.5746,0.3530
1.7160,0.0004,1.0926,1.7387,0.3645
1.3747,0.0004,0.7401,1.2468,0.3645
1.7207,0.0003,0.7526,1.8496,0.5430
1.1169,0.0003,0.7071,1.0749,0.5430
2.1347,0.0004,0.6709,2.0619,0.3558
1.2988,0.0003,0.7480,1.3675,0.3305
1.2610,0.0004,0.9424,1.0927,0.3305
1.4940,0.0004,0.7604,1.6744,0.3565
1.9326,0.0004,0.7008,1.9334,0.3565
1.3659,0.0005,0.6883,1.3805,0.3595
1.5129,0.0006,0.7328,1.4813,0.3595
1.2583,0.0003,0.7998,1.3088,0.3999
1.3776,0.0004,0.6958,1.3573,0.3581
1.8187,0.0006,0.7554,1.7971,0.3274
1.2959,0.0003,0.6970,0.9637,0.3274
1.8374,0.0005,0.7441,2.1171,0.3637
1.1293,0.0003,0.7792,1.0839,0.3637
1.3572,0.0003,0.8782,1.3810,0.3505
1.6114,0.0004,0.6983,1.3144,0.3420
1.2751,0.0005,0.7993,1.5303,0.3420
1.3633,0.0008,0.7185,1.3782,0.3516
1.5145,0.0006,0.6595,1.5465,0.3541
1.5973,0.0006,0.7218,1.5328,0.3572
1.8280,0.0006,0.9246,1.7426,0.3564
1.2631,0.0004,1.0166,1.4637,0.3564
1.5281,0.0003,0.8871,1.4800,0.3709
1.9096,0.0002,0.7173,1.9284,0.3419
1.4382,0.0003,0.7504,1.4492,0.3446
1.4516,0.0003,0.6488,1.4386,0.3473
1.0952,0.0004,0.6531,1.0935,0.3473
1.5446,0.0005,0.5740,1.5330,0.3431
1.7314,0.0004,0.6564,1.6589,0.3479
1.4444,0.0004,0.8119,1.4670,0.3479
1.3144,0.0004,0.7543,1.1426,0.3654
1.8003,0.0006,0.8225,1.9710,0.3611
1.8818,0.0003,0.7378,1.3967,0.3761
2.0438,0.0004,0.8140,2.5145,0.3406
1.0641,0.0004,0.8568,1.0992,0.3406
1.3534,0.0003,0.6391,1.2304,0.3522
1.2335,0.0004,0.8170,1.2226,0.3415
1.2893,0.0004,0.8410,1.4114,0.3320
1.7450,0.0004,0.7854,1.5116,0.3456
1.9676,0.0005,0.7543,1.8762,0.3484
1.7831,0.0005,0.9778,1.7938,0.3419
1.7724,0.0004,0.9108,1.7263,0.3712
2.2837,0.0003,0.9129,2.5592,0.3376
1.1659,0.0005,0.7070,1.2029,0.3518
1.3060,0.0004,0.7373,1.1773,0.3518
1.2792,0.0005,0.8656,1.4039,0.3543
1.7555,0.0005,0.6288,1.6727,0.3423
1.6137,0.0003,0.6706,1.6762,0.3462
1.9294,0.0003,0.6369,1.9201,0.3318
1.7634,0.0004,0.6446,1.5017,0.3423
1.2938,0.0004,1.0136,1.5036,0.3423
1.5786,0.0004,1.0521,1.4744,0.3757
1.4382,0.0004,0.9076,1.5177,0.3757
1.7320,0.0003,0.7314,1.7766,0.3491
1.2897,0.0004,0.8319,1.2643,0.3491
1.2277,0.0004,0.7112,1.2607,0.3415
1.8339,0.0003,0.8020,1.8134,0.3365
1.0731,0.0005,0.6622,1.0825,0.3365
1.7781,0.0004,0.8408,1.7377,0.3536
1.1478,0.0003,0.6448,1.0851,0.3489
1.5823,0.0004,0.6169,1.6585,0.3545
1.9674,0.0005,0.6598,1.7339,0.3463
1.6306,0.0005,1.0114,1.5756,0.3516
1.7525,0.0005,1.0659,1.6236,0.3516
1.4520,0.0003,0.8011,1.6012,0.3387
1.2756,0.0003,0.9298,1.5166,0.3387
2.0002,0.0005,0.6318,1.9796,0.3542
1.1110,0.0005,0.6545,0.8331,0.3542
1.6242,0.0004,0.6939,1.6483,0.3422
1.4660,0.0003,0.7452,1.7157,0.3510
2.0175,0.0005,0.6986,1.6040,0.3563
1.3589,0.0007,0.9341,1.4528,0.3563
1.7645,0.0004,0.8297,1.9418,0.3603
1.7438,0.0003,0.8999,1.4341,0.3825
2.1364,0.0004,0.8880,2.3549,0.3420
1.5047,0.0004,1.0496,1.5836,0.3438
1.8559,0.0004,0.8514,1.8703,0.3603
1.7128,0.0005,0.9318,1.7356,0.3597
1.1481,0.0003,0.9337,1.2356,0.3597
1.3688,0.0004,0.7986,1.2639,0.3581
2.2678,0.0005,0.6702,2.2873,0.3402
1.7386,0.0005,0.9479,1.2045,0.3530
1.9848,0.0005,1.3190,2.4939,0.3925
1.6276,0.0006,1.0716,1.6561,0.3508
1.5388,0.0005,0.7403,1.1267,0.3567
1.4340,0.0004,0.8927,1.7819,0.3567
1.8160,0.0004,0.6647,1.9008,0.3564
1.3180,0.0004,0.6741,1.3222,0.3394
1.8846,0.0005,0.7957,1.3833,0.3400
1.4898,0.0004,0.7538,1.8571,0.3509
1.9209,0.0003,0.7350,1.4493,0.3598
2.3824,0.0004,0.8051,2.8654,0.3939
1.4851,0.0003,0.7923,1.4622,0.4920
1.2103,0.0003,0.8972,1.1124,0.4920
1.7836,0.0003,0.6702,1.6751,0.3433
1.5398,0.0003,0.6770,1.5016,0.3364
1.4732,0.0004,0.7459,1.6962,0.3425
1.8126,0.0003,0.8949,1.4921,0.3529
1.5703,0.0003,0.8013,1.7889,0.3331
1.4212,0.0003,0.9045,1.5095,0.3496
1.9306,0.0003,0.6626,2.0072,0.3546
1.5233,0.0005,0.6989,1.3260,0.3546
2.2468,0.0004,0.8257,2.3980,0.3590
2.0545,0.0005,0.8532,1.8248,0.3620
1.5465,0.0003,1.1339,1.7190,0.3507
2.2064,0.0004,1.0046,1.7650,0.3507
2.0444,0.0005,1.0459,2.2649,0.3563
1.6669,0.0003,1.1791,1.9098,0.3563
1.9960,0.0003,0.7369,1.8617,0.3409
1.8833,0.0004,0.7687,2.0512,0.3400
1.8327,0.0006,0.6101,1.7823,0.3513
1.7705,0.0006,0.7784,1.7585,0.3528
1.4926,0.0003,0.8039,1.5169,0.3528
1.5216,0.0004,0.6930,1.3889,0.3468
1.8045,0.0003,0.9534,1.8242,0.3462
1.8125,0.0004,0.7784,1.6587,0.3304
1.8754,0.0004,0.9724,2.1206,0.3591
1.8747,0.0004,0.7330,1.8260,0.3369
1.3343,0.0003,0.7492,1.2092,0.3555
1.7698,0.0004,0.6212,1.5956,0.3339
2.1987,0.0005,0.8436,2.3659,0.3339
1.2379,0.0004,1.1088,1.3582,0.3848
1.6334,0.0005,0.8518,1.5648,0.3848
1.4182,0.0004,0.8043,1.3538,0.3614
1.7650,0.0004,0.7507,1.7568,0.3341
2.0404,0.0003,0.9102,2.1873,0.3521
1.5619,0.0004,0.6673,1.4879,0.3521
1.5395,0.0004,0.6976,1.3862,0.3456
1.7936,0.0003,0.6766,1.9145,0.3606
1.5541,0.0004,0.8197,1.4754,0.3395
1.7262,0.0005,0.8925,1.4272,0.3395
1.7713,0.0005,1.2263,2.2095,0.3797
1.2326,0.0003,0.8906,1.2676,0.3519
1.5454,0.0005,0.6589,1.1830,0.3702
1.8569,0.0004,0.7289,1.7002,0.3398
1.7425,0.0003,1.0153,2.1619,0.3494
1.5833,0.0003,0.7625,1.2971,0.3414
1.9397,0.0003,0.7803,2.2197,0.3449
1.3237,0.0003,0.7162,1.0925,0.3449
1.9456,0.0003,0.7480,2.1386,0.3502
1.6506,0.0004,0.7476,1.6951,0.3502
1.2943,0.0003,0.9177,0.9943,0.3707
2.0259,0.0003,0.8638,2.2467,0.3382
1.2109,0.0003,0.7551,1.3336,0.3382
1.4573,0.0006,0.7735,1.2574,0.3303
2.0389,0.0003,0.9967,2.1810,0.3362
1.1261,0.0003,0.7504,0.8682,0.3362
1.5965,0.0003,0.7697,1.5660,0.3579
1.3500,0.0004,0.7007,1.6381,0.3605
1.3416,0.0003,0.7991,1.2172,0.3605
1.2550,0.0005,0.7565,1.3282,0.3495
1.7534,0.0003,0.6762,1.6641,0.3522
1.9211,0.0004,0.8062,1.8845,0.3874
1.3707,0.0004,0.9192,1.3138,0.3385
1.4691,0.0004,0.8544,1.3658,0.3385
1.4672,0.0004,0.8828,1.5228,0.3498
1.1493,0.0003,0.8449,1.3678,0.3498
1.3745,0.0005,0.8084,1.1125,0.3530
1.9913,0.0004,0.7695,2.2261,0.3454
1.6731,0.0004,0.7356,1.5636,0.3454
1.6776,0.0003,0.8506,1.7662,0.3464
1.0352,0.0003,0.7668,1.0505,0.3464
1.5627,0.0005,0.6723,1.2827,0.3498
1.5202,0.0008,1.1363,1.7120,0.3886
1.7977,0.0005,1.0654,1.7370,0.3379
1.4982,0.0004,0.8489,1.5350,0.3379
1.4180,0.0003,0.8101,1.3655,0.3493
1.0538,0.0003,0.7921,0.8429,0.3493
1.4646,0.0003,0.6954,1.6989,0.3397
1.7287,0.0004,0.7924,1.8006,0.3603
1.1049,0.0003,0.7284,0.8263,0.3603
1.6632,0.0004,0.8971,1.8471,0.3487
2.0712,0.0008,0.8312,2.0402,0.3493
1.9876,0.0006,0.9630,2.0081,0.3495
1.4026,0.0006,1.0255,1.4284,0.3676
1.3837,0.0005,0.7773,1.1456,0.3676
1.7491,0.0005,0.7119,1.8976,0.3468
1.3546,0.0005,0.7750,1.4483,0.3483
1.4938,0.0004,0.6587,1.4798,0.3483
1.6585,0.0004,0.6236,1.5042,0.3508
1.3272,0.0006,0.7135,1.4733,0.3351
1.2567,0.0005,0.7123,1.1366,0.3302
1.8795,0.0004,0.6362,1.5939,0.3449
1.7593,0.0003,0.8222,1.6782,0.3487
1.4803,0.0004,1.0084,1.8213,0.3487
2.0441,0.0003,1.0212,2.0389,0.3701
1.2123,0.0005,1.0762,1.3269,0.3701
2.0912,0.0006,0.6857,2.0701,0.3484
1.3892,0.0004,0.6427,1.3728,0.3380
1.6349,0.0006,0.7269,1.5736,0.3590
1.4539,0.0003,0.6970,1.5196,0.3445
1.2939,0.0005,0.6145,1.0088,0.3445
1.7391,0.0003,0.7003,1.5003,0.3519
1.9107,0.0006,0.7666,2.3913,0.3262
2.4198,0.0005,0.7006,2.2503,0.3552
1.2858,0.0005,1.0525,1.0409,0.3388
1.1816,0.0005,1.1389,1.5901,0.3388
1.6593,0.0003,0.6448,1.6243,0.3345
1.7684,0.0003,0.6635,1.6914,0.3428
1.8619,0.0003,0.7740,1.9335,0.3326
1.5953,0.0003,0.5794,1.3150,0.3383
1.2106,0.0004,0.8011,1.3929,0.3383
1.1732,0.0004,1.0317,1.2871,0.3528
1.5731,0.0004,0.8081,1.5921,0.3586
1.3143,0.0005,0.6140,1.2733,0.3496
1.8372,0.0005,0.7926,1.5986,0.3534
1.5482,0.0005,0.9593,1.5147,0.3656
1.5973,0.0003,0.9528,1.7882,0.3331
1.8172,0.0004,0.8050,1.9168,0.3360
2.0427,0.0004,0.6876,1.9974,0.3363
1.2657,0.0005,0.7238,1.3102,0.3323
1.1779,0.0003,0.6411,1.0428,0.3323
1.1602,0.0004,0.7126,1.2905,0.3444
1.0711,0.0003,0.6268,0.9468,0.3388
1.3838,0.0004,0.6079,1.1952,0.3588
2.1055,0.0006,0.6315,2.2014,0.3324
2.0048,0.0007,1.0766,2.0792,0.3426
1.5272,0.0005,0.9499,1.5972,0.3339
1.9871,0.0006,0.8886,1.9006,0.3430
1.3658,0.0004,0.7912,1.4647,0.3332
1.0186,0.0003,0.6503,0.7437,0.3332
1.9722,0.0003,0.5992,2.2276,0.3452
1.3517,0.0003,0.6270,1.3131,0.3452
2.1805,0.0003,0.6469,2.1001,0.3585
1.3725,0.0003,0.7635,1.4431,0.3393
1.5018,0.0006,0.7190,1.4829,0.3393
2.5611,0.0003,0.8233,2.2116,0.3597
1.2908,0.0004,1.1736,1.5757,0.3597
1.6533,0.0004,0.9127,1.5304,0.3570
1.8957,0.0003,0.7541,2.0581,0.3350
1.8081,0.0003,0.6945,1.5301,0.3372
1.8958,0.0003,0.6566,2.2094,0.3494
1.4961,0.0003,0.7069,1.0420,0.3499
1.6673,0.0005,0.8993,1.9769,0.3499
1.4222,0.0005,1.0685,1.4626,0.3571
1.4708,0.0004,0.7863,1.1107,0.3384
1.7140,0.0004,0.9307,1.9598,0.3720
2.0073,0.0004,0.7940,1.9116,0.3500
1.5930,0.0002,0.8534,1.8275,0.3500
1.5643,0.0004,0.8628,1.3341,0.3471
1.9825,0.0004,0.6948,2.2122,0.3445
1.3065,0.0002,0.6640,1.3112,0.3445
1.7644,0.0004,0.6260,1.7097,0.3374
1.6205,0.0003,0.7829,1.6754,0.3474
1.4825,0.0003,0.6057,1.2787,0.3474
1.9555,0.0006,0.5718,1.7398,0.3317
2.0168,0.0003,0.8028,2.3154,0.3735
1.3810,0.0003,0.9117,1.1635,0.3735
1.6559,0.0004,0.7574,1.6557,0.3472
1.6025,0.0003,0.8146,1.6012,0.3472
1.5833,0.0003,0.7187,1.4980,0.3433
2.1774,0.0004,0.7961,2.5132,0.3422
1.4438,0.0004,0.7623,1.4651,0.3523
1.3274,0.0004,0.9542,1.3077,0.3600
1.6319,0.0004,1.0209,1.6264,0.3600
1.6388,0.0006,0.7631,1.4767,0.3408
2.3848,0.0006,0.9166,2.3583,0.3656
1.4013,0.0006,1.1756,1.0745,0.3656
2.0541,0.0004,1.2512,2.4282,0.3348
1.6464,0.0003,0.9145,1.7663,0.3348
1.5439,0.0006,0.7727,1.3143,0.3595
2.2463,0.0005,1.1355,2.2864,0.3586
1.8746,0.0005,0.9727,1.9982,0.3419
1.3289,0.0006,0.8744,1.1269,0.3419
2.1536,0.0005,0.9505,2.3035,0.3410
1.6281,0.0005,0.9060,1.6631,0.3509
1.8794,0.0004,0.8615,1.8079,0.3947
1.9996,0.0005,0.8248,2.0752,0.3346
1.4246,0.0005,0.7579,1.4349,0.3346
1.6975,0.0005,0.7364,1.4972,0.3449
1.9540,0.0155,0.9027,1.9819,0.3413
1.8667,0.0007,1.0235,1.9733,0.3346
1.6867,0.0004,0.9475,1.6583,0.3346
1.6707,0.0003,0.8227,1.7151,0.3501
1.9286,0.0005,0.7335,1.5629,0.3606
1.8417,0.0006,0.8779,2.1815,0.3518
1.6134,0.0006,0.9358,1.5996,0.3511
1.5694,0.0004,1.0298,1.5714,0.3619
1.7341,0.0004,0.9186,1.6471,0.3441
2.0004,0.0004,0.9923,1.9825,0.3479
1.8024,0.0004,1.0451,1.8395,0.3339
1.7746,0.0005,0.9401,1.7699,0.3339
1.9811,0.0008,0.9230,1.9406,0.3427
1.5443,0.0009,1.0790,1.4736,0.3427
2.1750,0.0008,1.2900,2.2398,0.3996
1.4049,0.0008,1.1060,1.3590,0.3996
2.1286,0.0008,1.3110,2.1068,0.3381
1.5128,0.0004,1.1461,1.6112,0.3414
1.8333,0.0005,0.8698,1.7993,0.3414
1.8430,0.0006,0.8621,1.7544,0.3443
1.5046,0.0004,0.9184,1.4875,0.3459
1.9168,0.0006,0.8399,1.9744,0.3422
2.0095,0.0005,0.9852,1.9891,0.3602
1.4780,0.0006,1.1451,1.5229,0.3874
1.6359,0.0004,0.8939,1.6448,0.3874
1.6589,0.0004,0.8133,1.4000,0.3506
2.0801,0.0005,0.9405,2.3189,0.3456
1.3491,0.0004,0.9027,1.0941,0.3412
1.8855,0.0003,1.0074,2.1315,0.3424
1.3048,0.0004,0.8693,1.2489,0.3424
1.5969,0.0003,0.7761,1.4484,0.3456
1.5670,0.0004,0.8190,1.5612,0.3489
2.0450,0.0004,0.8357,2.2068,0.3410
1.6252,0.0005,0.7970,1.3189,0.3410
1.6530,0.0004,1.2034,1.9012,0.3631
1.7033,0.0003,1.0638,1.7035,0.3433
1.5123,0.0003,0.8853,1.4876,0.3433
1.6627,0.0003,0.7815,1.5936,0.3479
2.1983,0.0005,0.9061,2.1930,0.3540
1.7687,0.0005,1.0717,1.8802,0.3509
1.3743,0.0003,1.1705,1.2345,0.3509
2.2587,0.0006,0.9929,2.3647,0.3418
1.5613,0.0006,0.8109,1.5857,0.3418
1.9746,0.0003,0.8579,1.9663,0.3442
1.7113,0.0002,0.9053,1.6977,0.3831
1.5390,0.0003,0.8268,1.2825,0.3831
1.9509,0.0004,0.8433,1.6152,0.3389
1.8421,0.0004,0.8769,2.4122,0.3363
1.7374,0.0005,0.9982,1.7757,0.3600
1.4476,0.0004,0.9251,1.3944,0.3600
1.8220,0.0003,0.8572,1.8092,0.3499
1.9772,0.0005,0.9376,1.9100,0.3381
1.7214,0.0006,0.9798,1.7521,0.4068
1.7047,0.0004,1.0552,1.5908,0.4068
1.7730,0.0005,1.0191,1.7632,0.3393
1.8671,0.0004,0.8532,2.0334,0.3443
1.4209,0.0004,0.7888,1.3618,0.3413
1.5560,0.0006,0.7305,1.3664,0.3429
1.6933,0.0004,0.9678,1.9040,0.3462
1.4270,0.0004,0.9166,1.0771,0.3386
1.7286,0.0003,0.7345,1.7949,0.3358
1.7987,0.0005,0.7650,1.8434,0.3445
2.3167,0.0004,0.8741,2.4763,0.3792
1.7058,0.0004,1.0461,1.7409,0.3792
1.5780,0.0005,0.9487,1.5870,0.3468
1.4047,0.0004,0.8439,1.1356,0.3398
1.8385,0.0003,0.9321,2.0908,0.3596
1.3212,0.0003,0.7167,1.3239,0.3419
2.1853,0.0005,0.6671,2.1348,0.3480
1.7738,0.0003,0.8002,1.7893,0.3642
0.9057,0.0003,0.8220,0.8596,0.3642
2.0913,0.0010,0.7251,1.9020,0.3558
2.1375,0.0006,1.2429,2.2972,0.3539
1.3569,0.0003,1.3134,1.3881,0.3539
2.2215,0.0005,0.9891,2.0830,0.3384
1.4666,0.0004,1.1932,1.5860,0.3503
2.1206,0.0006,0.9603,2.0647,0.3403
1.9870,0.0007,0.8452,2.0166,0.3462
1.5609,0.0004,0.8419,1.5890,0.3462
1.9049,0.0007,0.8205,1.7901,0.3523
1.8307,0.0006,1.0182,1.8682,0.3418
1.7831,0.0007,0.9319,1.8378,0.3511
1.4367,0.0005,0.7659,1.3159,0.3388
1.8059,0.0005,0.8926,1.8512,0.3388
1.6322,0.0005,0.9525,1.3524,0.3551
1.8258,0.0004,0.8412,2.1634,0.3340
1.6239,0.0004,0.6830,1.5491,0.3417
1.8829,0.0003,0.7950,1.7208,0.3608
1.9920,0.0003,0.7177,1.9596,0.3325
1.6632,0.0004,0.8543,1.6820,0.3365
2.2651,0.0004,1.0491,2.2804,0.3423
1.3729,0.0004,1.3376,1.4737,0.3536
1.1332,0.0004,1.0887,0.8787,0.3536
1.5551,0.0004,0.9394,1.7944,0.3427
2.0663,0.0191,0.8010,2.0153,0.3523
1.4043,0.0004,0.8506,1.5394,0.3301
1.1115,0.0005,0.8314,0.8920,0.3301
2.0463,0.0004,0.7787,2.2165,0.3573
1.4566,0.0003,0.8308,1.3655,0.3573
1.9111,0.0003,0.9883,1.9241,0.3457
1.9943,0.0006,1.0047,1.9768,0.3457
1.7464,0.0003,0.9680,1.6512,0.3802
1.3562,0.0005,1.1295,1.4278,0.3527
1.3381,0.0003,0.9036,1.3661,0.3527
1.7277,0.0004,0.9068,1.2366,0.3428
2.2084,0.0004,0.7736,2.6907,0.3394
1.1445,0.0003,0.7771,0.9417,0.3394
1.7562,0.0004,1.2818,1.9854,0.3641
1.5974,0.0005,0.8728,1.6034,0.3557
1.9387,0.0004,0.7541,1.9486,0.3498
1.8867,0.0007,0.7268,1.4536,0.3816
1.4202,0.0005,1.3147,1.7892,0.3428
1.3744,0.0003,0.8557,1.3603,0.3428
1.6418,0.0003,0.8651,1.1825,0.3404
1.7598,0.0004,0.9360,2.0325,0.3427
1.6182,0.0003,0.8769,1.6211,0.3432
1.9351,0.0004,0.9196,2.0796,0.3447
1.2247,0.0003,0.9504,1.1826,0.3447
1.8505,0.0004,1.0950,1.4564,0.3453
1.6691,0.0003,0.9056,2.1437,0.3340
1.8932,0.0003,0.8393,1.4786,0.3510
2.1080,0.0003,1.0623,2.4264,0.3401
1.7154,0.0003,1.0823,1.7837,0.3507
1.4452,0.0004,0.8612,1.4102,0.3510
1.4755,0.0003,0.7991,1.2574,0.3510
1.7233,0.0005,0.8646,1.8934,0.3457
1.9552,0.0005,1.0002,1.9867,0.3583
1.6470,0.0004,0.8493,1.6277,0.3479
1.7754,0.0004,0.9486,1.7592,0.3377
1.7966,0.0004,1.0187,1.7567,0.3662
1.7211,0.0007,0.9985,1.7202,0.3459
1.7907,0.0003,0.9847,1.8054,0.3459
1.8568,0.0003,0.8373,1.7149,0.3609
1.7487,0.0003,0.8510,1.7044,0.3335
1.5338,0.0005,0.9038,1.6171,0.3404
1.7261,0.0004,1.3468,1.7938,0.3672
1.9365,0.0005,0.9284,1.8946,0.3372
1.3443,0.0003,0.8332,1.3734,0.3372
1.9874,0.0004,0.8060,1.9572,0.3356
2.0363,0.0006,0.8333,2.0153,0.3356
1.7686,0.0006,0.9472,1.7175,0.3573
1.5655,0.0004,0.9547,1.6664,0.3464
1.9516,0.0007,0.8602,1.9099,0.3386
1.4965,0.0003,1.0388,1.3881,0.3386
1.6893,0.0004,1.0982,1.4371,0.3493
1.8704,0.0004,0.8383,2.1766,0.3403
1.7390,0.0003,0.9627,1.7250,0.3362
1.5776,0.0003,0.8033,1.3322,0.3350
1.6178,0.0004,0.8029,1.8893,0.3350
2.0595,0.0004,0.8042,1.9936,0.3849
1.7866,0.0005,0.9754,1.8443,0.3434
1.4146,0.0004,0.8777,1.3648,0.3434
1.9170,0.0004,0.8936,1.9784,0.3447
1.6528,0.0005,0.7513,1.5008,0.3338
1.4525,0.0003,0.8966,1.3713,0.3338
2.1214,0.0004,0.8235,2.2473,0.3489
1.0666,0.0004,0.9797,1.1701,0.3489
1.9393,0.0005,0.7507,1.8207,0.3481
2.0559,0.0004,0.7974,1.7349,0.3445
1.5267,0.0004,1.2181,1.8490,0.5464
1.4269,0.0003,0.9494,1.4851,0.5464
1.6723,0.0004,0.7588,1.6666,0.3537
1.6672,0.0003,0.8715,1.4816,0.3537
1.5946,0.0005,0.7539,1.7301,0.3633
1.5958,0.0004,0.7347,1.6240,0.3433
1.2875,0.0004,0.7570,1.2680,0.3498
1.8468,0.0005,0.8213,1.6071,0.3400
1.6416,0.0003,1.0975,1.8062,0.3492
1.6522,0.0004,0.8208,1.6650,0.3500
1.5822,0.0004,0.9329,1.5800,0.3500
1.7020,0.0003,1.1189,1.7144,0.3552
1.7743,0.0004,1.0606,1.7939,0.3552
1.2283,0.0004,0.7796,1.0969,0.3632
2.2955,0.0006,0.7839,2.3429,0.3469
1.7399,0.0004,0.9060,1.8029,0.3471
1.6264,0.0004,0.7448,1.6351,0.3471
1.8149,0.0004,0.6551,1.7459,0.3455
1.8947,0.0003,0.6802,1.9392,0.3477
2.2105,0.0007,0.6504,1.7575,0.3364
2.1847,0.0005,1.0089,2.5188,0.3933
1.4058,0.0004,1.0056,1.2446,0.3933
1.8974,0.0005,0.8053,1.8652,0.3512
1.9770,0.0003,0.8131,2.2344,0.3406
1.4295,0.0003,0.8885,1.1890,0.3406
1.9480,0.0004,0.8041,2.1639,0.3511
1.3064,0.0003,0.9368,1.3535,0.3511
1.6555,0.0004,0.6809,1.3010,0.3572
2.2638,0.0007,0.7416,2.3239,0.3512
1.6926,0.0009,1.2520,1.1227,0.3527
1.4553,0.0004,1.4865,2.1943,0.3532
1.6592,0.0003,0.8582,1.6833,0.3532
2.1183,0.0006,0.7708,1.7589,0.3377
1.9729,0.0005,0.9434,2.2996,0.3341
1.6343,0.0003,0.8684,1.6958,0.3341
1.6720,0.0004,0.8494,1.6553,0.3547
1.8981,0.0005,0.7804,1.8351,0.3514
1.7893,0.0006,0.9235,1.7738,0.3293
1.8720,0.0004,1.0275,1.4777,0.3502
1.7382,0.0004,1.3041,1.5892,0.3502
1.6369,0.0003,0.9467,1.9709,0.3469
1.8624,0.0003,0.8987,1.8384,0.3434
1.7129,0.0004,1.0420,1.9742,0.3506
1.8599,0.0004,0.8393,1.8394,0.3431
1.5422,0.0004,0.8026,1.5002,0.3431
1.5273,0.0004,0.7955,1.6156,0.3513
2.2498,0.0004,0.7355,2.0917,0.3701
1.7968,0.0004,0.9164,1.7080,0.3772
1.6794,0.0003,1.1983,1.7656,0.3508
1.4649,0.0003,0.9713,1.4398,0.3508
2.3052,0.0004,0.9453,2.2139,0.3312
1.2465,0.0003,1.1331,1.3679,0.3312
1.4374,0.0003,0.8557,1.3640,0.3464
1.9050,0.0004,0.7413,1.6620,0.3344
1.9780,0.0004,0.9229,2.3214,0.3464
1.4769,0.0005,0.8366,1.4203,0.3464
1.6817,0.0004,0.8832,1.6057,0.3497
1.8690,0.0004,0.9525,1.9258,0.3470
1.7980,0.0005,1.1153,1.8360,0.3508
2.0883,0.0004,0.8608,2.0150,0.3506
1.6457,0.0003,0.9085,1.7136,0.3531
1.4107,0.0004,0.8331,1.1707,0.3531
1.6927,0.0005,0.7755,1.8724,0.3563
1.6855,0.0004,0.8407,1.4183,0.3404
1.9433,0.0003,1.0193,1.9633,0.3407
2.1365,0.0004,1.0721,2.1941,0.3426
2.0881,0.0004,0.8994,1.8966,0.3347
1.5141,0.0004,1.5145,1.8826,0.3472
1.9171,0.0003,0.9396,1.9437,0.3472
1.6830,0.0003,0.7806,1.6295,0.3391
1.7281,0.0003,0.8745,1.6545,0.3358
2.0128,0.0003,0.8142,2.0832,0.3296
2.1538,0.0005,0.7782,2.0574,0.3378
1.6585,0.0003,1.0758,1.7059,0.3470
1.8831,0.0003,0.8927,1.9434,0.3470
1.9462,0.0004,0.7794,1.8933,0.3352
1.4545,0.0004,0.9122,1.4391,0.5332
1.6507,0.0004,1.2094,1.1894,0.3576
1.9487,0.0004,0.9431,2.4604,0.3306
1.8295,0.0005,0.7184,1.7578,0.3532
1.7680,0.0004,0.8874,1.7210,0.3411
1.8712,0.0004,0.9787,1.8174,0.3411
2.1258,0.0005,0.9603,2.0726,0.3398
1.9695,0.0006,1.3929,2.0480,0.3398
2.2393,0.0007,0.9970,2.2160,0.3445
1.4896,0.0005,1.2943,1.2753,0.3678
1.5453,0.0006,1.3243,1.6386,0.3678
2.1473,0.0005,0.7796,2.2913,0.3571
1.6461,0.0004,0.8281,1.6191,0.3571
1.6491,0.0002,0.7765,1.6654,0.3296
1.5837,0.0005,0.9378,1.4685,0.3442
1.8016,0.0006,1.3270,1.7812,0.3499
1.6910,0.0006,1.1208,1.4990,0.3499
2.0405,0.0005,0.8656,2.3682,0.3581
1.6524,0.0005,0.8941,1.4995,0.3479
2.1472,0.0006,0.9404,2.3171,0.3569
1.2685,0.0005,0.8225,1.3146,0.3463
1.7157,0.0006,0.8386,1.6459,0.3641
1.7428,0.0005,0.9089,1.3670,0.3641
2.1019,0.0004,0.8622,2.3309,0.3400
1.7494,0.0003,1.0463,1.8568,0.3328
1.6140,0.0003,0.8428,1.6579,0.3328
1.7859,0.0004,0.7644,1.6363,0.3319
1.9581,0.0005,0.7770,2.0441,0.3846
1.6366,0.0005,1.2121,1.5355,0.3464
1.7012,0.0004,1.0200,1.8571,0.3464
2.0773,0.0005,0.7332,2.0262,0.3388
1.7126,0.0004,0.7639,1.6063,0.3482
1.5870,0.0004,0.9405,1.2563,0.3482
1.9754,0.0004,0.9068,1.9454,0.3416
1.3667,0.0006,1.0427,1.7932,0.3416
1.6314,0.0004,1.0628,1.5194,0.3517
1.7634,0.0004,0.9793,1.6136,0.3335
1.7195,0.0006,0.7936,1.8418,0.3422
1.8267,0.0008,0.8527,2.0090,0.3527
1.5869,0.0005,0.7894,1.4764,0.3431
2.0574,0.0005,0.8630,2.0587,0.3377
1.7186,0.0005,0.9328,1.7839,0.3439
1.4400,0.0004,0.8602,1.4532,0.3439
2.2343,0.0005,0.7721,2.0821,0.3309
1.4970,0.0006,0.9573,1.5889,0.3604
1.4352,0.0003,0.9361,1.4577,0.3486
1.5266,0.0006,0.7481,1.4934,0.3488
1.8137,0.0004,1.0009,1.7653,0.3488
1.6889,0.0004,0.8902,1.7274,0.3416
1.5345,0.0004,0.8250,1.4842,0.3416
1.7059,0.0006,0.7909,1.7365,0.3619
1.5891,0.0004,0.8076,1.5726,0.3619
1.6797,0.0003,0.8177,1.7227,0.3357
1.8890,0.0003,0.8272,1.8058,0.3605
1.4112,0.0003,0.7566,1.3269,0.3415
1.5746,0.0003,0.6480,1.6521,0.3413
1.4349,0.0003,0.6593,1.2434,0.3535
1.9786,0.0004,0.7004,2.1937,0.3697
2.0087,0.0004,0.7866,1.9804,0.3372
1.9059,0.0006,0.7568,1.5898,0.3404
17.2855,0.0011,16.3703,2.0295,0.3449
1.0684,0.0004,1.5071,1.6780,0.3449
1.1847,0.0005,1.1296,1.2463,0.3449
1.6426,0.0004,0.7070,1.9045,0.3508
1.7594,0.0004,0.6886,1.6223,0.3499
1.4841,0.0005,0.7804,1.3689,0.3482
1.9091,0.0005,0.8482,1.9731,0.3570
1.4815,0.0005,1.0462,1.4213,0.3436
1.4210,0.0003,1.1550,1.4270,0.3436
1.9058,0.0004,1.0490,1.7049,0.3606
1.6509,0.0003,1.1001,1.8512,0.3606
1.9470,0.0004,0.9811,2.0153,0.3506
1.2410,0.0004,0.9236,1.3221,0.3506
1.5799,0.0005,0.7822,1.4762,0.3423
1.3810,0.0005,0.8409,1.4678,0.3663
1.4881,0.0006,0.8182,1.4955,0.3397
1.8455,0.0005,0.8632,1.7978,0.3530
1.7833,0.0016,0.9199,1.7333,0.3464
2.3454,0.0005,0.9873,2.3204,0.3547
1.3358,0.0006,1.3608,1.1330,0.3547
1.8360,0.0006,1.2037,1.9953,0.3494
1.6084,0.0004,1.1818,1.6934,0.3385
1.4464,0.0007,0.8833,1.0862,0.3385
1.8696,0.0004,1.3016,2.2189,0.3503
1.2752,0.0006,0.8593,1.2926,0.3503
1.5382,0.0005,0.7543,1.3581,0.3469
1.8555,0.0005,0.8056,1.9682,0.3483
1.1203,0.0004,0.7963,1.2109,0.3483
2.0429,0.0004,0.6937,1.9127,0.3488
1.6084,0.0004,0.8654,1.4586,0.3768
1.8721,0.0007,0.8180,2.1292,0.3570
1.4409,0.0004,0.7575,1.2145,0.3570
2.0515,0.0004,0.9562,2.1935,0.3525
1.3115,0.0006,0.8814,1.3613,0.3525
1.6682,0.0007,0.7249,1.6035,0.3362
1.5014,0.0005,0.8210,1.4276,0.3381
1.8742,0.0004,0.8531,1.9982,0.3570
1.6890,0.0005,0.8114,1.6743,0.3628
1.5609,0.0006,0.6975,1.5150,0.3628
1.9027,0.0005,1.1286,1.8281,0.3410
1.1389,0.0004,0.9781,0.9890,0.3410
1.3503,0.0003,0.8167,1.6205,0.3348
1.9394,0.0003,0.7480,1.9046,0.3479
1.0452,0.0003,0.6527,1.0883,0.3479
2.0138,0.0004,0.6529,1.9095,0.3487
1.5943,0.0003,0.8752,1.6635,0.3487
1.5459,0.0004,0.6361,1.2670,0.3352
1.7863,0.0004,0.7986,1.7868,0.3503
2.1042,0.0006,0.9314,1.6088,0.3503
1.4792,0.0007,1.3878,1.9106,0.3763
1.7802,0.0006,1.0750,2.0134,0.3362
1.7618,0.0005,0.9102,1.7268,0.3446
1.3790,0.0004,0.7524,1.4169,0.3512
1.5105,0.0003,0.6996,1.4964,0.3494
1.6429,0.0003,0.7337,1.5470,0.3539
1.4755,0.0003,0.7954,1.5041,0.3449
1.2070,0.0003,0.7418,0.9773,0.3449
2.0279,0.0004,0.6523,2.2390,0.3471
1.5116,0.0006,0.8927,1.4463,0.3471
1.7357,0.0004,0.7759,1.5598,0.3630
1.2134,0.0005,1.2993,1.4953,0.3457
1.7612,0.0006,0.7219,1.5086,0.3488
2.0172,0.0004,0.6433,2.2743,0.3366
1.5325,0.0003,0.6728,1.5350,0.3637
1.5361,0.0003,0.7206,1.5558,0.3471
1.2121,0.0003,0.8330,1.0449,0.3471
1.8864,0.0003,0.7599,2.0395,0.3412
1.4033,0.0005,0.6884,1.2659,0.3412
2.1776,0.0006,1.2099,2.0588,0.3519
1.6803,0.0005,0.9580,1.5925,0.3676
1.4482,0.0003,1.1246,1.4880,0.3473
1.3012,0.0004,0.9001,1.4265,0.3473
1.4959,0.0003,0.8549,1.4427,0.3538
1.5935,0.0004,0.6692,1.6868,0.3619
1.4766,0.0004,0.7998,1.2177,0.3517
1.9834,0.0005,0.7839,2.2967,0.3368
1.2850,0.0004,0.7628,1.2981,0.3368
1.8685,0.0005,0.7247,1.6453,0.3520
1.9349,0.0005,1.0827,2.0145,0.3338
1.5986,0.0006,1.0124,1.6446,0.3338
1.7367,0.0006,1.0102,1.5046,0.3956
2.1499,0.0003,1.0127,2.3155,0.3685
1.3796,0.0003,0.8886,1.4150,0.3374
1.8803,0.0004,0.9516,1.7327,0.3447
1.8022,0.0003,1.1377,1.9551,0.3556
1.1358,0.0004,0.8848,1.0184,0.3556
2.1024,0.0003,0.7200,2.2248,0.3547
1.4446,0.0004,0.7499,1.4477,0.3661
1.4183,0.0004,0.8323,1.4709,0.3661
1.8886,0.0004,0.8622,1.7302,0.3916
1.5960,0.0003,0.9382,1.6547,0.3691
1.1090,0.0002,0.8545,1.1801,0.3691
1.8714,0.0004,0.7687,1.7746,0.3402
1.4912,0.0004,0.9278,1.2359,0.3402
1.7501,0.0006,0.7457,2.0950,0.3599
1.6843,0.0004,0.7285,1.6096,0.3599
1.8175,0.0004,0.7897,1.6274,0.3501
1.6865,0.0003,0.8094,1.7599,0.3415
1.8772,0.0003,0.8350,1.5801,0.3466
1.6012,0.0007,1.2172,1.8147,0.3466
2.5037,0.0008,1.4527,2.4849,0.3635
1.3292,0.0004,1.3079,1.4618,0.3405
1.4381,0.0003,1.1973,1.5317,0.3405
1.4537,0.0005,0.7497,1.4603,0.3436
1.6935,0.0006,0.7357,1.3516,0.3638
2.0612,0.0003,1.0937,2.2718,0.3454
1.6022,0.0004,1.0360,1.6388,0.3482
1.5944,0.0002,1.0357,1.6624,0.3482
1.6531,0.0004,0.7137,1.6518,0.3367
1.8359,0.0006,0.8752,1.7659,0.3554
1.5006,0.0004,0.8621,1.5021,0.3642
1.4724,0.0005,0.8941,1.4898,0.3426
2.0068,0.0003,0.7707,2.0532,0.3440
1.7365,0.0004,0.6830,1.3084,0.3534
1.5845,0.0006,0.8427,1.9811,0.3501
1.8466,0.0005,0.9457,1.8494,0.3249
1.5485,0.0004,0.8901,1.2557,0.3249
1.8022,0.0004,0.6729,1.9249,0.3458
1.6026,0.0005,0.6474,1.5145,0.3409
1.9386,0.0005,0.7371,2.1285,0.3771
1.0911,0.0003,0.8493,1.0262,0.3771
1.5989,0.0003,1.1015,1.6926,0.3461
1.7628,0.0006,0.8943,1.7382,0.3589
1.7715,0.0004,0.9502,1.6480,0.3589
1.9508,0.0004,0.9440,1.9814,0.3498
1.6245,0.0003,0.8159,1.6964,0.3516
1.7020,0.0003,0.6621,1.6966,0.3545
1.3127,0.0003,0.6205,1.0343,0.3545
1.6182,0.0004,0.6373,1.7904,0.3558
1.5473,0.0003,0.8698,1.6111,0.3729
1.9890,0.0003,0.8408,1.9392,0.3569
1.6626,0.0003,0.9522,1.7070,0.3523
1.5596,0.0003,0.6919,1.4537,0.3355
1.7911,0.0004,0.8591,1.8866,0.3521
1.5590,0.0003,0.8331,1.5856,0.3521
1.9224,0.0003,0.6583,1.8069,0.3317
1.8691,0.0003,0.7853,1.8173,0.3508
1.4479,0.0002,0.9527,1.5691,0.3508
1.7454,0.0004,0.6878,1.6998,0.3369
2.3836,0.0005,0.7854,2.1780,0.3888
1.4235,0.0004,1.2010,1.5457,0.3518
1.3534,0.0004,0.9880,1.4374,0.3377
1.4514,0.0004,0.7141,1.4823,0.3677
1.3796,0.0004,0.6688,1.2650,0.3548
1.6574,0.0003,0.7992,1.7392,0.3461
1.6807,0.0005,0.6048,1.5379,0.3573
0.9709,0.0004,0.7700,1.0252,0.3573
1.7452,0.0003,0.7637,1.8436,0.3516
2.0075,0.0004,0.5756,1.9827,0.3441
1.4178,0.0004,0.6341,1.3696,0.3868
1.7035,0.0004,0.7899,1.6768,0.3839
1.4962,0.0004,0.7587,1.4264,0.3632
1.1110,0.0003,0.8689,0.8759,0.3632
2.2712,0.0004,0.7689,2.5142,0.3379
1.6548,0.0004,0.8428,1.7242,0.3302
1.9925,0.0004,0.7191,1.9090,0.3437
1.3634,0.0004,0.7723,1.4231,0.3437
1.4038,0.0003,0.6987,1.3811,0.3373
1.8761,0.0003,0.7312,1.9017,0.3356
1.5074,0.0004,0.8271,1.3415,0.3356
1.8670,0.0007,1.1313,1.6378,0.3937
1.8194,0.0005,1.0598,2.0640,0.3403
1.6827,0.0003,1.1797,1.7428,0.3604
1.9369,0.0003,0.8640,1.9425,0.3519
1.3853,0.0003,0.7292,1.4458,0.3602
1.6218,0.0004,0.7365,1.6042,0.3655
1.4218,0.0004,0.7265,1.3605,0.3379
1.3749,0.0003,0.8845,1.1188,0.3379
1.6430,0.0003,0.7406,1.5657,0.3499
1.6842,0.0003,0.8424,1.5525,0.3445
1.4075,0.0005,1.0458,1.5898,0.3448
1.8265,0.0004,0.8707,2.0724,0.3678
1.6464,0.0005,0.9138,1.7104,0.3528
1.7911,0.0004,0.8114,1.8023,0.3450
1.4407,0.0004,0.6889,1.1158,0.3450
1.6312,0.0004,0.7879,1.5209,0.3548
1.9557,0.0003,0.8206,2.3635,0.3387
1.5250,0.0003,0.6412,1.5252,0.3383
1.4169,0.0003,0.7257,1.2861,0.3383
1.6571,0.0004,0.6187,1.7377,0.3763
1.5216,0.0004,0.9581,1.3340,0.3763
2.2616,0.0004,0.8273,2.4385,0.3524
1.3408,0.0006,0.7697,1.3293,0.3524
1.7573,0.0004,0.7251,1.6073,0.3454
1.9710,0.0003,0.6469,2.1506,0.3314
1.4626,0.0004,0.6443,1.4570,0.3314
1.6225,0.0003,0.7467,1.3558,0.3409
1.8001,0.0004,0.9403,2.0488,0.3409
1.7671,0.0005,0.7505,1.5333,0.3415
2.4547,0.0006,0.9305,2.2843,0.3769
1.0529,0.0004,1.3659,1.4247,0.3769
1.3808,0.0004,0.8428,1.3303,0.3853
1.7468,0.0005,0.8321,1.8054,0.3656
1.5090,0.0004,0.6089,1.5025,0.3518
2.0798,0.0004,0.6840,2.0143,0.3497
1.3795,0.0003,0.7188,1.2550,0.3497
1.5252,0.0003,0.6664,1.6172,0.3410
1.8167,0.0004,0.6505,1.7275,0.3237
1.7161,0.0005,0.6894,1.8385,0.3429
1.6986,0.0008,0.9749,1.5707,0.3520
1.4450,0.0005,1.7931,1.1993,0.3520
1.7699,0.0005,1.1531,2.0868,0.3788
1.1968,0.0004,0.8637,1.1544,0.3507
2.1884,0.0003,0.7246,2.1094,0.3251
1.7381,0.0003,0.8650,1.7542,0.3380
1.6707,0.0003,0.8334,1.7900,0.3585
2.2495,0.0004,0.7396,1.6886,0.3585
1.6979,0.0003,0.6657,2.1230,0.3406
1.6768,0.0004,0.9108,1.7766,0.3596
1.7640,0.0004,0.9019,1.2979,0.3460
2.0299,0.0004,1.3266,2.4849,0.3630
1.5029,0.0003,0.6976,1.4686,0.3630
1.6234,0.0004,0.6896,1.6421,0.3357
1.6775,0.0003,0.7282,1.6143,0.3388
1.8280,0.0004,0.7372,1.8090,0.3371
1.9881,0.0003,0.6347,1.9171,0.3415
1.8879,0.0005,0.6037,1.8353,0.3478
1.4843,0.0004,0.9452,1.3280,0.3478
1.5643,0.0005,0.8763,1.6358,0.3351
2.0769,0.0004,0.7779,2.2786,0.3851
1.3805,0.0005,1.1440,1.4193,0.3402
1.4008,0.0003,0.7192,1.1043,0.3402
1.8776,0.0004,0.7333,2.0245,0.3358
1.6188,0.0003,0.9518,1.7322,0.3361
1.3787,0.0004,0.8069,1.3956,0.3522
1.8494,0.0003,0.7411,1.7386,0.3549
1.3751,0.0004,0.7212,1.4010,0.3475
0.9771,0.0003,0.8141,1.0540,0.3475
1.6034,0.0003,0.7392,1.5732,0.3413
1.6929,0.0004,0.6066,1.6447,0.3488
1.7429,0.0003,0.9918,1.7676,0.3747
2.1290,0.0002,0.7645,2.0872,0.3486
1.6090,0.0004,0.6760,1.6224,0.3558
0.9001,0.0003,0.6923,0.9477,0.3558
1.5960,0.0003,0.6272,1.2805,0.3407
1.6507,0.0003,0.7563,1.9202,0.3456
1.6250,0.0003,0.6665,1.6240,0.3456
1.5518,0.0002,0.6603,1.5571,0.3548
1.6529,0.0003,0.5729,1.6314,0.3398
1.6583,0.0003,0.5953,1.6220,0.3605
1.7337,0.0005,0.7467,1.3047,0.3599
0.8854,0.0004,1.2971,1.2751,0.3599
1.9833,0.0003,0.7211,2.0083,0.3400
1.8720,0.0003,0.6656,1.6461,0.3569
1.9623,0.0003,0.6436,2.1921,0.3431
1.5340,0.0004,0.6675,1.0996,0.3454
1.9496,0.0004,0.8007,2.2979,0.3484
1.3216,0.0003,1.4078,1.0559,0.3484
2.1327,0.0004,0.8851,2.4514,0.3411
1.8182,0.0007,0.7537,1.7090,0.3411
1.6244,0.0004,1.0213,1.5145,0.3725
1.4285,0.0003,0.8392,1.5234,0.3605
1.7683,0.0003,0.9349,1.8733,0.3455
1.8464,0.0002,0.7392,1.8197,0.3413
1.7756,0.0004,0.6844,1.6496,0.3327
1.9134,0.0004,0.7310,2.0618,0.3421
1.7846,0.0003,0.6980,1.6408,0.3389
1.7351,0.0005,0.6681,1.8738,0.3367
2.0855,0.0004,0.7341,1.8729,0.3491
1.6573,0.0006,1.0861,1.3576,0.3479
1.8129,0.0005,1.4563,2.2828,0.3479
1.7368,0.0004,0.6894,1.6031,0.3336
1.8910,0.0003,0.6907,1.9804,0.3314
2.0954,0.0005,0.6758,2.0374,0.3245
1.7748,0.0004,0.8770,1.6020,0.3327
2.0182,0.0005,1.0699,2.1349,0.3571
1.3931,0.0003,1.2573,1.4167,0.3571
1.2639,0.0003,0.7773,1.3523,0.3362
2.5419,0.0008,0.6768,2.0909,0.3741
1.2111,0.0004,1.2767,1.6011,0.3731
1.5876,0.0004,0.8122,1.6171,0.3503
1.8445,0.0004,0.7059,1.8283,0.3546
1.1293,0.0004,0.7425,1.1084,0.3546
1.7004,0.0004,0.9131,1.7407,0.3364
2.0680,0.0004,0.6866,2.0481,0.3411
1.7546,0.0003,0.7060,1.7362,0.3408
1.7319,0.0003,0.7473,1.7169,0.3520
1.8284,0.0003,0.7992,1.7906,0.3520
2.1770,0.0005,0.8218,1.8792,0.3499
2.1342,0.0005,1.0444,2.3599,0.3468
1.6536,0.0005,1.0778,1.5824,0.3468
1.8787,0.0005,1.0359,1.5700,0.3433
1.9653,0.0005,1.1071,2.1368,0.3433
1.9615,0.0004,1.0567,2.0742,0.3472
1.6747,0.0003,0.8960,1.7936,0.3472
2.0170,0.0006,0.7725,1.8380,0.3443
1.8814,0.0006,0.8487,2.0332,0.3396
1.7264,0.0004,0.7639,1.6221,0.3458
2.0525,0.0004,0.7365,2.1964,0.3386
1.9452,0.0003,0.7008,1.7994,0.3386
1.5639,0.0003,0.8388,1.5900,0.3489
1.6802,0.0003,0.8633,1.6385,0.3440
1.1415,0.0003,0.9545,1.1047,0.3440
1.2783,0.0003,0.8266,1.3603,0.3521
1.7292,0.0002,0.6959,1.4919,0.3533
2.1270,0.0003,0.6771,2.2595,0.3413
1.2692,0.0004,0.9055,1.1856,0.3705
1.2527,0.0004,1.3053,1.4900,0.3705
1.5659,0.0006,0.7936,1.5390,0.3639
1.8604,0.0004,0.7434,1.9064,0.3508
1.1916,0.0004,0.6563,1.1070,0.3308
1.8172,0.0004,0.6525,1.2922,0.3540
1.3281,0.0003,0.8697,1.6997,0.3540
1.6447,0.0003,0.7346,1.4313,0.3428
2.0399,0.0003,0.7731,2.4663,0.3380
1.4776,0.0003,0.6771,1.2769,0.3459
1.9307,0.0004,0.6440,2.1132,0.3517
1.3230,0.0004,0.6839,1.1188,0.3569
1.6123,0.0004,0.8850,1.7115,0.3966
1.4831,0.0003,0.8724,1.2459,0.3464
1.9036,0.0003,0.8071,2.1913,0.3338
1.9317,0.0004,0.7398,1.6243,0.3321
1.9255,0.0003,0.6635,2.1225,0.3426
1.7333,0.0004,0.7411,1.5958,0.3345
1.9071,0.0003,0.7780,2.1029,0.3427
1.4128,0.0003,0.7588,1.4208,0.3349
1.2773,0.0004,0.8727,1.1817,0.3448
2.1564,0.0006,0.8639,2.0319,0.3546
1.6755,0.0006,1.0656,1.8115,0.3685
2.0904,0.0005,0.8739,2.0439,0.3532
0.9427,0.0348,0.8103,1.0530,0.3532
2.2413,0.0004,0.7048,2.0889,0.3569
1.2815,0.0003,0.9038,1.4745,0.3501
1.3517,0.0003,0.6310,1.3000,0.3501
1.7346,0.0004,0.6047,1.7858,0.3433
1.6618,0.0003,0.5669,1.6184,0.3433
1.9420,0.0010,0.6358,1.3301,0.3504
2.2860,0.0005,1.1105,2.7486,0.3414
1.4505,0.0007,1.0661,1.5385,0.3507
1.3639,0.0003,0.8197,0.9566,0.3507
2.1068,0.0004,0.8579,2.4237,0.3378
1.6991,0.0003,1.0445,1.7702,0.3378
1.9961,0.0005,0.8418,1.9247,0.3426
1.3239,0.0005,0.8519,1.4142,0.3353
1.7380,0.0003,0.7500,1.4669,0.3420
1.6857,0.0005,0.7470,1.6193,0.3413
1.9224,0.0009,0.9259,2.0548,0.3399
1.6446,0.0006,0.9669,1.7907,0.3635
1.8218,0.0003,0.8353,1.5600,0.3672
1.8256,0.0007,0.8142,1.8100,0.3610
1.8652,0.0005,0.7657,2.1298,0.3470
1.4957,0.0003,0.8094,1.2771,0.3305
1.6607,0.0004,0.6879,1.5198,0.3495
1.6587,0.0003,0.6532,2.0472,0.3435
1.9611,0.0004,0.7194,1.7566,0.3476
2.1917,0.0007,1.0172,2.2689,0.3417
1.9698,0.0005,1.1626,1.7130,0.3643
1.6692,0.0003,0.9319,1.7059,0.3628
1.7494,0.0003,0.9409,2.0307,0.3472
1.6696,0.0003,0.8743,1.6617,0.3411
2.2014,0.0004,0.8084,2.1841,0.3391
1.4959,0.0003,0.8642,1.4834,0.3788
1.7299,0.0005,0.7810,1.4963,0.3447
1.6305,0.0003,0.8485,1.6690,0.3447
1.7195,0.0005,0.7982,1.5359,0.3580
2.2172,0.0008,1.0663,2.5085,0.3521
1.3719,0.0003,1.0400,1.3735,0.3626
2.1464,0.0003,0.8388,2.2533,0.3433
1.7380,0.0003,0.6905,1.7405,0.3433
1.4715,0.0003,0.6751,1.2468,0.3619
2.3365,0.0004,0.6560,2.4147,0.3371
1.5096,0.0004,0.7780,1.4943,0.3640
0.9470,0.0003,0.8215,0.9584,0.3640
2.1862,0.0003,0.6913,2.2768,0.3458
1.5426,0.0005,0.6879,1.5009,0.3364
1.9227,0.0004,0.8163,1.9498,0.3784
1.4066,0.0004,1.1121,1.3007,0.3784
1.5175,0.0003,0.7828,1.3961,0.3456
1.6811,0.0004,0.8180,1.9141,0.3456
1.7937,0.0005,0.7492,1.7868,0.3375
1.9518,0.0003,0.5976,1.8667,0.3388
1.2710,0.0005,0.7711,1.2751,0.3482
1.4577,0.0003,0.9211,1.5304,0.3482
1.3348,0.0005,0.6636,1.3413,0.3653
1.4893,0.0005,0.6738,1.1794,0.3442
2.2227,0.0005,0.7825,2.4223,0.3689
1.3296,0.0010,1.0183,0.9393,0.3539
0.6641,0.0004,1.1393,0.9902,0.3539
1.3927,0.0004,0.6440,1.4479,0.3550
1.1831,0.0003,0.8764,1.0249,0.3550
1.4006,0.0003,0.8955,1.3575,0.3405
1.4902,0.0003,0.7409,1.3352,0.3514
1.4236,0.0004,0.8049,1.6276,0.3514
1.4728,0.0004,0.7151,1.5972,0.3483
2.3329,0.0004,0.7632,2.3539,0.3427
1.3352,0.0003,0.8426,1.4171,0.3402
1.5346,0.0004,0.6249,1.4627,0.3379
1.4213,0.0004,0.7275,1.4389,0.3645
1.3317,0.0004,0.7497,1.2301,0.3546
1.9325,0.0003,0.8170,2.0287,0.3643
1.1539,0.0003,0.6937,1.1785,0.3643
