frame_ms,scenario_ms,game_ms,render_ms,gpu_ms
1.9294,0.0004,0.9199,1.7132,0.3537
21.0448,0.0009,16.3550,1.4319,0.3511
2.0539,0.0007,4.3252,1.2203,0.3511
1.2150,0.0006,1.9218,1.2203,0.3511
1.6403,0.0006,1.1762,0.8899,0.4436
1.3093,0.0003,1.8134,0.8899,0.4436
1.1275,0.0004,1.1394,1.0120,0.4381
1.4145,0.0003,1.1819,1.3549,0.4286
1.1485,0.0003,1.3812,1.5052,0.4327
2.0087,0.0009,1.0459,1.8370,0.4336
1.4832,0.0008,1.4478,1.1943,0.4336
1.5458,0.0007,1.4301,1.9592,0.4318
1.9614,0.0008,1.4391,2.0497,0.4429
1.1848,0.0006,1.0509,0.8504,0.4429
1.9416,0.0009,1.0369,2.2673,0.3445
1.1713,0.0005,1.0084,0.9413,0.3445
1.5427,0.0006,1.0185,1.5335,0.3468
1.1899,0.0005,1.2939,1.3894,0.3468
1.5898,0.0006,1.0253,1.4484,0.3599
1.6770,0.0007,1.1740,1.7488,0.3420
1.8184,0.0007,1.3983,1.8355,0.3640
1.4240,0.0010,1.3068,1.0300,0.3640
2.1425,0.0007,1.1553,2.4101,0.3530
1.2731,0.0007,1.3707,1.1795,0.3471
1.8931,0.0007,1.1693,2.1194,0.3471
1.8967,0.0008,1.1654,1.8767,0.3562
1.4424,0.0006,1.1772,1.4413,0.3413
1.2827,0.0008,1.2310,1.3269,0.3361
1.6135,0.0007,1.0569,1.5807,0.3361
1.8975,0.0006,1.2478,1.8936,0.3614
2.4408,0.0009,1.3814,1.3958,0.3739
1.3997,0.0007,2.3972,1.3958,0.3933
1.3321,0.0005,1.2625,1.6959,0.3359
1.5306,0.0005,1.1528,1.5095,0.3535
1.3559,0.0007,1.0939,1.3929,0.3466
1.2727,0.0006,1.0661,0.9290,0.3466
1.9320,0.0005,1.0342,2.0430,0.3378
1.4473,0.0005,1.3996,1.2147,0.3418
1.7329,0.0006,1.2354,2.1586,0.3558
1.3390,0.0004,1.2545,1.1303,0.3558
1.6394,0.0005,1.1583,1.6699,0.3526
1.7524,0.0006,1.2331,1.8835,0.3724
1.5361,0.0005,1.1739,1.5219,0.3625
1.7844,0.0006,1.1019,1.5843,0.3470
1.7218,0.0004,1.2676,1.7729,0.3539
1.2963,0.0006,1.4822,1.3629,0.3425
1.5311,0.0005,1.1077,1.3553,0.3425
2.0378,0.0007,1.0784,1.8748,0.3438
1.7297,0.0005,1.6104,2.1276,0.3361
1.3247,0.0005,1.2267,1.2192,0.3361
2.3902,0.0006,1.1589,2.0105,0.3567
1.5040,0.0007,1.6889,1.8374,0.3677
1.7085,0.0007,1.6027,1.6703,0.3639
1.4082,0.0007,1.5752,1.4743,0.3490
1.7385,0.0006,1.2900,1.8492,0.3356
1.6740,0.0009,1.1067,1.4578,0.3474
1.5344,0.0009,1.3615,1.7309,0.3467
1.8932,0.0007,1.1733,1.6090,0.3467
1.8840,0.0007,1.5334,1.8356,0.3431
1.7943,0.0006,1.1940,2.0250,0.3300
2.1639,0.0007,1.1486,2.1201,0.3485
1.5716,0.0009,1.4321,1.6169,0.3861
1.8465,0.0007,1.2923,1.8863,0.3448
1.5096,0.0007,1.1784,1.3759,0.3407
1.7006,0.0006,1.1301,1.7847,0.3423
1.7165,0.0005,1.0829,1.7630,0.3518
1.2517,0.0006,1.0677,1.2727,0.3627
1.5167,0.0008,1.0677,1.4491,0.3395
1.4423,0.0006,1.1531,1.2466,0.3395
1.7861,0.0007,1.2119,1.9893,0.3564
1.4551,0.0006,1.0373,1.2658,0.3338
1.5019,0.0008,1.2044,1.6241,0.3408
1.6095,0.0007,1.2053,1.5753,0.3536
1.7079,0.0007,1.2187,1.7842,0.3564
1.1302,0.0006,1.0832,0.9882,0.3581
1.1847,0.0005,1.0861,1.3451,0.3581
1.3878,0.0006,1.0041,1.3859,0.3581
1.2774,0.0006,0.9925,1.2743,0.3444
1.5784,0.0008,1.0328,1.1182,0.3408
1.9777,0.0008,1.2721,2.1831,0.3387
1.4694,0.0010,1.6039,1.3015,0.3513
1.1254,0.0007,1.2559,1.0236,0.3460
1.8830,0.0008,1.0794,1.8076,0.3460
1.7479,0.0006,1.2174,2.1343,0.3540
1.2024,0.0009,1.1056,1.1387,0.3404
1.4344,0.0005,1.0275,1.4938,0.3404
1.4082,0.0005,1.0166,1.2825,0.3434
1.6444,0.0004,1.0644,1.7157,0.3467
1.4600,0.0005,1.2203,1.4835,0.3467
1.9039,0.0005,1.3410,1.7200,0.3552
1.3999,0.0004,1.4562,1.6001,0.3441
1.7738,0.0004,1.0721,1.5961,0.3474
1.9259,0.0005,1.0854,1.9752,0.3474
2.5413,0.0007,1.5307,2.5330,0.3699
1.3502,0.0004,1.5545,1.3928,0.3444
1.3157,0.0005,1.1538,1.3330,0.3745
1.6459,0.0007,1.0766,1.5665,0.3745
2.1895,0.0006,1.0911,2.2160,0.3616
1.1174,0.0007,1.1193,0.9677,0.3524
1.2673,0.0004,1.0708,1.0170,0.3524
2.1312,0.0005,0.9671,2.3230,0.3451
1.8207,0.0004,1.4498,1.4025,0.3467
1.1496,0.0005,1.6721,1.0185,0.3555
1.6489,0.0003,1.0592,1.9188,0.3461
1.7472,0.0006,1.0491,1.7272,0.3567
1.1735,0.0006,1.0771,1.2182,0.3353
1.8748,0.0009,0.9957,1.8067,0.3402
1.3972,0.0005,1.0946,1.1899,0.3402
2.0778,0.0005,1.1312,2.2723,0.3477
1.2948,0.0006,1.0709,1.3236,0.3477
1.4725,0.0005,1.0471,1.1765,0.3554
1.8336,0.0005,1.0680,1.9157,0.3486
1.2648,0.0005,1.3144,1.0991,0.3486
1.8292,0.0008,1.0906,2.0798,0.3529
1.8808,0.0007,1.3265,1.9246,0.3440
1.7381,0.0007,1.2155,1.7355,0.3362
1.5725,0.0007,1.1285,1.4131,0.3362
1.6135,0.0008,1.1252,1.8109,0.3607
1.6457,0.0007,1.0869,1.6417,0.3387
1.9346,0.0006,1.0518,1.8797,0.3472
1.4206,0.0007,1.1294,1.4533,0.3428
1.6179,0.0006,1.0922,1.6018,0.3428
1.5626,0.0007,1.1074,1.3789,0.3385
1.5444,0.0011,1.5195,1.5760,0.3645
2.1521,0.0007,1.2288,2.2765,0.3396
1.3224,0.0007,1.1545,1.3179,0.3396
2.1790,0.0005,1.1749,2.1666,0.3411
1.5284,0.0005,1.1150,1.5621,0.3411
1.6963,0.0006,1.0566,1.6889,0.3581
1.4498,0.0004,1.0708,1.4681,0.3391
1.6821,0.0005,1.0996,1.6478,0.3407
1.4282,0.0005,1.0151,1.4174,0.3472
1.1454,0.0004,1.0997,1.1724,0.3472
1.4646,0.0004,1.0096,1.3491,0.3414
1.7579,0.0006,1.0876,1.7478,0.3683
1.7563,0.0004,1.1795,1.7925,0.3694
1.4615,0.0009,1.2211,1.1621,0.3336
1.3818,0.0006,1.0912,1.7224,0.3336
1.5474,0.0003,1.0183,1.2849,0.3420
1.7816,0.0004,1.0659,2.0322,0.3338
1.2465,0.0003,1.0135,1.2252,0.3338
1.7642,0.0005,1.0046,1.7598,0.3491
1.2859,0.0007,1.0697,1.1384,0.3454
1.8323,0.0006,1.0982,1.5907,0.3454
1.7179,0.0006,1.1068,1.8913,0.3472
2.7675,0.0006,1.3059,2.8575,0.3644
1.2724,0.0010,1.3325,1.3580,0.3532
1.3570,0.0004,1.1311,1.3673,0.3416
1.8245,0.0005,1.0163,1.7808,0.3530
1.3796,0.0005,1.1157,1.4087,0.3390
1.3886,0.0007,1.0915,1.2532,0.3315
1.4715,0.0003,1.2576,1.5378,0.3315
1.8441,0.0004,1.0115,1.8895,0.3503
2.1022,0.0008,1.1391,1.3764,0.3580
1.8729,0.0010,1.6926,2.5100,0.3843
1.8594,0.0006,1.3538,1.9171,0.3461
1.4231,0.0006,1.0883,1.4417,0.3470
1.7731,0.0006,0.9974,1.7350,0.3536
1.6872,0.0006,1.0787,1.5503,0.3510
1.1992,0.0006,1.3769,0.7956,0.3440
1.3698,0.0006,1.0249,1.3024,0.3600
1.5366,0.0006,1.5932,1.2017,0.3499
1.2584,0.0006,1.5583,0.9578,0.3363
1.2287,0.0006,0.9825,1.1368,0.3363
2.2141,0.0008,0.9899,2.4632,0.5363
2.0153,0.0007,1.6761,1.4007,0.3823
1.1762,0.0008,1.5447,1.2479,0.3522
1.4822,0.0007,1.1647,1.7620,0.3522
2.0430,0.0007,1.1972,2.0424,0.3438
1.2457,0.0006,1.1612,1.2747,0.3438
1.4412,0.0005,1.0655,1.1034,0.3513
1.4676,0.0004,1.0437,1.6641,0.3546
1.6131,0.0007,1.0473,1.6989,0.3533
1.5623,0.0006,1.1095,1.5550,0.3533
1.5041,0.0007,1.2067,1.1221,0.3587
1.7867,0.0008,1.2406,2.1223,0.3376
1.7637,0.0007,1.3010,1.8020,0.3475
1.1521,0.0008,1.2185,1.1416,0.3475
1.4645,0.0007,1.0839,1.3247,0.3566
1.5363,0.0006,1.0826,1.6520,0.3585
1.6457,0.0006,1.1591,1.5104,0.3538
2.0241,0.0005,1.3178,2.1348,0.3399
1.5095,0.0005,1.0920,1.3672,0.3556
1.2291,0.0006,1.4293,1.4429,0.3556
1.9866,0.0008,1.0617,1.9236,0.3626
1.5630,0.0005,1.1132,1.5102,0.3626
1.8594,0.0006,1.2272,1.6928,0.3434
1.2745,0.0004,1.4752,1.3728,0.3434
1.8617,0.0006,1.1079,1.8931,0.3358
1.9316,0.0007,1.3116,1.9637,0.3461
1.3608,0.0005,1.2689,1.0127,0.3553
1.0658,0.0004,1.2680,1.2872,0.3459
1.4912,0.0005,1.0108,1.6465,0.3459
1.7264,0.0006,1.0526,1.6702,0.3320
1.6103,0.0007,1.1537,1.6133,0.3376
1.3570,0.0008,1.1877,1.2517,0.3376
1.5847,0.0007,1.5526,1.6658,0.3773
1.4085,0.0007,1.3817,1.1067,0.3773
1.6267,0.0004,1.1345,1.9590,0.3678
1.5092,0.0004,1.0575,1.2742,0.3561
1.5475,0.0005,1.2014,1.5091,0.3425
1.6831,0.0006,1.4986,1.6569,0.3492
2.2323,0.0006,1.4138,2.0573,0.3543
1.3879,0.0007,2.0779,1.6563,0.3694
1.5249,0.0004,1.1792,1.6794,0.3396
1.4879,0.0004,1.0745,1.3435,0.3396
1.8244,0.0007,1.1542,1.9085,0.3454
1.9995,0.0006,1.4308,1.5274,0.4023
1.8745,0.0005,1.3552,2.3460,0.3375
1.7557,0.0005,1.1349,1.7104,0.3587
1.7260,0.0007,1.2669,1.7838,0.3363
1.9623,0.0007,1.1036,1.9171,0.3474
1.8223,0.0005,1.2011,1.8413,0.3474
1.6453,0.0007,1.2499,1.6661,0.3450
2.1133,0.0004,1.1039,2.0478,0.3447
1.8867,0.0006,1.2788,1.8347,0.3447
1.6715,0.0008,1.8323,1.2778,0.9685
1.7713,0.0008,1.3688,2.1550,0.3442
1.7702,0.0007,1.2456,1.6078,0.3360
1.9074,0.0008,1.2548,2.0719,0.3582
1.7720,0.0008,1.3173,1.7597,0.3582
1.8455,0.0006,1.2153,1.9102,0.3399
2.0601,0.0007,1.1625,2.0463,0.3518
1.6136,0.0007,1.2191,1.6309,0.3585
1.4798,0.0005,1.0878,1.4460,0.3409
1.0979,0.0006,1.1184,0.9331,0.3409
1.4599,0.0005,1.2115,1.6309,0.3731
1.8707,0.0005,1.2155,1.8427,0.3414
1.4651,0.0005,1.0928,1.3360,0.3679
1.6462,0.0007,1.2679,1.7644,0.3679
1.9321,0.0005,1.1127,1.9226,0.3558
1.1947,0.0004,1.1222,1.1292,0.3558
1.3858,0.0004,1.0655,1.4217,0.3503
1.6161,0.0008,1.0701,1.1466,0.3385
1.4372,0.0007,1.0765,1.8798,0.3462
1.7546,0.0009,1.0830,1.5380,0.3601
2.0633,0.0007,1.2219,2.2819,0.3808
1.2794,0.0007,1.3307,1.1357,0.3808
1.6148,0.0005,1.1641,1.4603,0.3364
1.7198,0.0005,1.0993,1.8294,0.3364
1.7996,0.0005,1.3949,1.7281,0.3426
1.7677,0.0005,1.1993,1.6375,0.3409
1.6951,0.0006,1.2214,2.0016,0.3475
1.6685,0.0006,1.1987,1.6736,0.3355
1.9546,0.0012,1.2112,1.9320,0.3505
1.6874,0.0007,1.2743,1.7484,0.3505
1.8043,0.0006,1.2087,1.8145,0.3882
1.3275,0.0005,1.1421,1.3387,0.3406
1.5446,0.0005,1.0656,1.5481,0.3453
1.9018,0.0007,1.0623,1.8513,0.3576
1.2381,0.0005,1.1129,1.2581,0.3576
1.5532,0.0004,1.1757,1.5456,0.3537
1.3514,0.0006,1.3939,0.9561,0.3377
1.4643,0.0006,1.0303,1.6004,0.3471
1.7115,0.0006,0.9973,1.8541,0.3460
1.5203,0.0009,1.2443,1.5968,0.3460
1.4265,0.0006,1.3269,1.4299,0.3595
1.4771,0.0007,1.2242,1.3183,0.3595
2.1786,0.0007,1.2082,2.2246,0.3465
1.2575,0.0005,1.3224,1.3508,0.4111
1.3032,0.0005,1.2041,1.3024,0.4111
2.0135,0.0005,1.0651,1.9392,0.3420
2.0218,0.0004,1.1201,2.0538,0.3416
1.5645,0.0007,1.2646,1.4115,0.3416
1.7835,0.0004,1.2755,1.7113,0.3359
2.1089,0.0007,1.0811,2.2968,0.3563
1.3024,0.0006,1.2341,0.9706,0.3563
1.4425,0.0007,1.2293,1.6173,0.3444
1.4387,0.0006,1.4262,1.5593,0.3444
1.5409,0.0004,1.1461,1.5539,0.3494
1.4236,0.0005,1.1295,1.3044,0.3557
2.0828,0.0006,1.0881,2.2538,0.3445
1.3126,0.0006,1.0717,1.3280,0.3338
1.5755,0.0006,1.1008,1.4899,0.3338
1.5542,0.0008,1.2181,1.4692,0.3548
1.9517,0.0005,1.2502,2.1081,0.3548
1.9085,0.0006,1.2184,1.8182,0.3351
1.7347,0.0008,1.5436,1.7670,0.3559
1.4722,0.0006,1.2963,1.5030,0.3554
1.1821,0.0008,1.0988,0.9905,0.3554
1.6499,0.0004,1.0230,1.5260,0.3414
2.0682,0.0007,1.0514,2.3547,0.3412
1.4961,0.0005,1.0743,1.5210,0.3618
1.8296,0.0004,1.0379,1.8016,0.3408
1.5495,0.0006,1.0421,1.4947,0.3549
1.1686,0.0004,1.2216,1.2218,0.3549
1.5368,0.0007,1.0065,1.5202,0.3541
2.1494,0.0014,1.0525,2.0647,0.3822
1.3433,0.0007,1.4954,1.2360,0.3386
1.9356,0.0007,1.2189,2.0891,0.3386
1.5185,0.0006,1.1698,1.3934,0.3450
2.0679,0.0009,1.2228,2.1755,0.3626
1.5394,0.0008,1.1809,1.5064,0.3403
1.4242,0.0006,1.1472,1.4693,0.3533
1.3963,0.0006,1.1178,1.3861,0.3475
1.4881,0.0005,1.0508,1.4107,0.3322
1.4944,0.0008,1.1946,1.4743,0.3322
2.4552,0.0008,1.4044,2.4378,0.3497
1.8319,0.0007,1.5245,1.8807,0.3329
1.8022,0.0010,1.2343,1.8155,0.3405
1.8613,0.0006,1.2152,1.8299,0.3422
1.7553,0.0009,1.3229,1.5407,0.3358
1.5974,0.0006,1.4342,1.7916,0.3358
1.8939,0.0006,1.2093,1.8699,0.3366
1.7750,0.0005,1.3079,1.7643,0.3457
1.9616,0.0007,1.2713,1.7386,0.3381
2.4087,0.0008,1.3891,2.5751,0.3699
1.3348,0.0007,1.8410,1.0640,0.3699
1.8841,0.0008,1.2455,2.1253,0.3459
1.9901,0.0006,1.2367,1.7992,0.3459
1.9120,0.0004,1.2965,2.1575,0.3457
1.4290,0.0004,1.2144,1.3558,0.3480
1.9818,0.0010,1.2027,2.0411,0.3480
1.6522,0.0006,1.2587,1.6726,0.3626
1.5707,0.0010,1.4277,1.2551,0.3626
2.4247,0.0012,1.4401,2.6190,0.3627
2.2447,0.0009,1.5058,2.2901,0.3534
1.6914,0.0010,1.3786,1.5813,0.3511
1.8072,0.0009,1.5698,1.8691,0.3403
1.5273,0.0007,1.4975,1.5681,0.3523
1.7737,0.0007,1.2226,1.5936,0.3423
1.7443,0.0008,1.3192,1.8782,0.3477
1.6637,0.0010,1.4061,1.5877,0.3555
2.1780,0.0008,1.3458,2.1622,0.3555
2.0537,0.0009,1.4737,1.9155,0.3773
1.8555,0.0006,2.1362,1.5741,0.3538
1.4888,0.0007,1.7628,2.0037,0.3409
1.6353,0.0006,1.3564,1.5031,0.3337
1.3782,0.0005,1.5125,1.5534,0.3489
1.6878,0.0005,1.1048,1.6923,0.3554
1.0406,0.0005,1.0470,1.0322,0.3554
1.6933,0.0006,0.9988,1.6092,0.3554
1.7379,0.0006,1.0962,1.7583,0.3485
1.7498,0.0005,1.2422,1.7166,0.3391
1.5747,0.0008,1.4545,1.4103,0.3391
1.3278,0.0007,1.3809,1.5590,0.3802
1.7808,0.0005,1.1765,1.7688,0.3498
1.4776,0.0005,1.0291,1.4176,0.3498
1.8646,0.0005,1.0182,1.8144,0.3463
1.7625,0.0004,1.2782,1.6893,0.3407
1.1173,0.0006,1.3417,1.2946,0.3407
1.6535,0.0006,1.0291,1.6379,0.3457
1.5813,0.0004,1.0773,1.4422,0.3554
1.9873,0.0005,1.0873,2.1260,0.3465
1.8440,0.0006,1.1667,1.5029,0.3486
1.4160,0.0006,1.8200,1.7429,0.3651
1.8959,0.0005,1.0843,1.8583,0.3512
1.2388,0.0005,1.0391,1.2495,0.3512
1.9008,0.0009,0.9922,1.8987,0.3447
1.7243,0.0008,1.0532,1.3158,0.3533
2.1112,0.0009,1.0880,2.4770,0.3376
1.8071,0.0009,1.0736,1.8103,0.3463
1.3081,0.0007,1.0394,1.3112,0.3449
2.3690,0.0010,1.1649,2.0932,0.3635
1.4029,0.0006,1.7162,1.3607,0.3710
1.2929,0.0006,1.1902,1.6054,0.3710
2.0216,0.0007,0.9914,2.0074,0.3806
1.4082,0.0005,1.0065,1.3984,0.3423
1.6125,0.0004,1.0371,1.6237,0.3308
1.9327,0.0004,0.9728,1.8974,0.3404
1.5567,0.0005,1.0298,1.5480,0.3404
1.4996,0.0006,1.0442,1.5031,0.3544
1.9609,0.0006,1.0185,1.8212,0.3520
1.8142,0.0006,1.4651,1.3729,0.3564
2.1975,0.0005,1.9401,1.0782,1.0679
1.2524,0.0004,1.9710,1.0782,0.3801
1.1132,0.0004,1.0362,1.4059,0.3386
1.1470,0.0003,0.9909,1.1748,0.3386
2.0608,0.0006,0.9426,1.6231,0.3448
1.5294,0.0005,1.5365,1.9310,0.3522
1.4067,0.0005,1.1023,1.1961,0.3522
1.8011,0.0006,1.0237,2.0033,0.3619
1.3880,0.0005,0.9960,1.3866,0.3619
1.7096,0.0006,0.9982,1.4005,0.3620
1.8052,0.0009,1.3229,2.0235,0.3461
1.4103,0.0007,1.6383,1.4520,0.3461
1.4780,0.0005,1.1495,1.2839,0.3660
1.6998,0.0004,1.0744,1.8811,0.3610
1.3142,0.0004,1.0471,1.2892,0.3448
1.9024,0.0006,1.2765,1.4348,0.3397
1.9784,0.0005,1.5092,1.8141,0.3452
1.7369,0.0008,1.3778,2.3757,0.3452
1.9003,0.0007,1.0738,1.6191,0.3400
1.4255,0.0007,1.5300,1.6964,0.3347
1.5626,0.0009,1.0725,1.5271,0.3347
1.7929,0.0009,1.1151,1.2234,0.3573
1.1082,0.0005,1.8545,1.5357,0.3573
1.6009,0.0005,0.9696,1.7675,0.3336
1.8237,0.0003,1.0313,1.8041,0.3336
1.8196,0.0004,1.0502,1.6415,0.3414
1.9141,0.0005,1.0591,2.0729,0.3407
1.4723,0.0006,1.0507,1.4900,0.3411
1.1559,0.0005,1.0197,1.1241,0.3695
1.2944,0.0005,0.9981,1.2800,0.3695
1.3847,0.0004,0.9702,1.4197,0.3438
1.9676,0.0008,0.9738,1.9021,0.3915
1.2399,0.0008,1.1786,1.0664,0.3915
1.7049,0.0007,1.0644,1.6719,0.3360
2.1584,0.0006,1.0576,2.3717,0.3505
1.6197,0.0007,1.1242,1.6461,0.3389
1.3194,0.0006,1.0229,1.2944,0.3379
1.5666,0.0006,0.9540,1.3927,0.3379
1.6398,0.0004,0.9835,1.7581,0.3424
1.5174,0.0007,0.9827,1.3361,0.3482
1.3335,0.0005,0.9100,1.5951,0.3453
1.5058,0.0006,0.9298,1.2216,0.3453
1.5894,0.0005,0.9736,1.8296,0.3540
1.5080,0.0007,1.0563,1.3948,0.3706
1.4100,0.0004,1.0900,1.3108,0.3651
1.4259,0.0005,0.9926,1.6349,0.3500
1.5996,0.0003,0.9602,1.4247,0.3520
1.3550,0.0003,1.0242,1.3181,0.3520
1.9332,0.0005,0.9935,1.8899,0.3450
1.4418,0.0006,1.3389,1.4554,0.3381
1.1396,0.0004,1.3869,0.9862,0.3402
1.3832,0.0003,0.9592,1.6183,0.3402
1.4863,0.0005,0.9154,1.4899,0.3443
1.8017,0.0005,1.0203,1.7053,0.3508
2.1185,0.0005,1.2252,1.9379,0.3531
1.5026,0.0005,1.4738,1.0356,0.3430
1.2500,0.0005,1.3813,1.7876,0.3382
1.2853,0.0003,1.0466,1.1972,0.3462
1.5135,0.0004,1.1153,1.5544,0.3462
1.8513,0.0008,0.9443,1.8768,0.3571
1.0836,0.0004,0.9922,0.9358,0.3562
1.9192,0.0006,0.9570,2.0527,0.3430
1.1698,0.0005,0.9439,1.0132,0.3430
1.4809,0.0004,0.9661,1.5270,0.3477
2.2611,0.0005,1.0080,2.2884,0.3615
1.4338,0.0004,1.1715,1.4798,0.3471
1.3825,0.0004,1.0785,1.2299,0.3376
1.5481,0.0004,1.2386,1.5015,0.3517
1.8080,0.0004,1.4540,1.0026,0.3529
1.0179,0.0004,1.6148,1.1963,0.3402
0.9138,0.0004,0.9100,1.0304,0.3379
0.9802,0.0003,0.9028,0.9341,0.3379
1.2197,0.0003,0.9315,1.3600,0.3393
1.3625,0.0005,0.9957,1.2070,0.3406
1.6889,0.0003,1.1410,1.8535,0.3498
1.7458,0.0007,1.4272,1.5325,0.3438
1.1712,0.0006,1.3133,1.0606,0.3438
1.3494,0.0006,1.1556,1.3869,0.3535
1.7522,0.0005,1.4359,1.3109,0.3612
1.0394,0.0003,1.5170,1.1089,0.3387
1.3028,0.0003,0.9406,1.6278,0.3528
1.2989,0.0004,0.9097,1.2981,0.3529
1.1372,0.0004,0.9615,1.1521,0.3529
1.3639,0.0004,0.9232,1.3507,0.3548
1.5737,0.0004,0.9393,1.1997,0.3312
1.3264,0.0006,1.2884,1.6766,0.3582
1.4483,0.0004,0.9680,1.1831,0.3427
1.9667,0.0005,1.2929,2.1541,0.3383
1.6510,0.0005,1.2361,1.6817,0.3754
1.3656,0.0005,1.1005,1.3854,0.3522
1.1333,0.0004,1.0194,1.1528,0.3522
1.4129,0.0003,0.9459,1.4023,0.3481
1.4324,0.0003,0.9560,1.2407,0.3466
1.3558,0.0003,0.9661,1.5486,0.3479
1.5688,0.0006,0.9274,1.5548,0.3357
1.5577,0.0003,0.9532,1.5463,0.3546
1.4604,0.0005,0.9404,1.4149,0.3370
1.9919,0.0003,1.0067,2.0153,0.3564
1.5725,0.0006,1.0246,1.5403,0.3539
1.6296,0.0005,1.1455,1.6307,0.3912
1.2859,0.0006,1.0837,1.3119,0.3730
1.2890,0.0005,0.9949,1.2945,0.3730
1.4118,0.0007,0.9504,1.1434,0.3430
1.3850,0.0004,0.9424,1.6575,0.3336
1.3950,0.0004,0.9423,1.2125,0.3437
1.3690,0.0006,0.9210,1.4039,0.3437
1.3428,0.0004,0.9723,1.3302,0.3456
1.8497,0.0005,0.9127,1.9629,0.3551
1.3175,0.0005,0.9731,1.2357,0.3547
1.4537,0.0007,0.9825,1.5146,0.3418
1.7595,0.0006,1.1174,1.2310,0.3772
1.6138,0.0005,2.1707,1.3357,0.3689
1.0298,0.0004,1.0250,1.3303,0.3427
1.3008,0.0005,0.9163,1.3199,0.3427
1.4976,0.0005,0.9170,1.1366,0.3542
1.2417,0.0005,0.9462,1.5913,0.3446
1.4785,0.0005,0.9577,1.1746,0.3537
1.8642,0.0005,0.9520,2.1416,0.3353
1.4745,0.0008,0.9858,1.4291,0.3406
1.3718,0.0006,1.1548,1.3917,0.3466
1.0930,0.0005,1.0211,1.1064,0.3517
1.1956,0.0007,0.9558,1.1132,0.3517
1.4861,0.0007,1.0410,1.4897,0.3550
1.6556,0.0006,1.1113,1.6979,0.3439
1.2252,0.0006,1.0434,0.9805,0.3439
1.3929,0.0005,0.9501,1.6711,0.3451
1.4995,0.0005,0.9336,1.4902,0.3467
1.3833,0.0005,0.9427,1.3810,0.3419
1.1409,0.0005,0.9703,1.0015,0.3419
1.8638,0.0005,0.9797,1.9638,0.3445
1.6007,0.0007,0.9877,1.6009,0.3431
1.1619,0.0005,1.0019,1.0579,0.3363
1.2720,0.0004,0.9556,1.3827,0.3363
1.6671,0.0004,0.9368,1.6338,0.3572
1.4165,0.0012,1.0315,1.2159,0.3751
1.6435,0.0006,1.1894,1.4462,0.3499
1.0950,0.0005,1.5918,1.1602,0.3517
1.3047,0.0004,1.0117,1.5476,0.3517
1.3068,0.0005,1.2689,1.2863,0.3379
1.5491,0.0004,1.1583,1.4478,0.3613
1.4963,0.0003,0.9592,1.4071,0.3507
1.4300,0.0004,0.9442,1.6347,0.3437
1.0519,0.0004,0.9456,1.0560,0.3436
1.3281,0.0003,0.9341,1.1435,0.3700
1.4245,0.0004,0.9165,1.6190,0.3575
1.5932,0.0005,0.8827,1.3456,0.3535
1.4486,0.0005,1.0683,1.4576,0.5256
1.6208,0.0005,1.1106,1.5848,0.3429
1.4862,0.0005,1.2253,1.6878,0.3445
1.3505,0.0003,1.0182,1.3691,0.3394
1.2386,0.0004,0.9948,1.1273,0.3394
1.5697,0.0005,0.9263,1.5153,0.3475
1.5898,0.0008,0.9797,1.5180,0.3498
1.8859,0.0007,1.1477,2.0357,0.3448
1.7396,0.0007,1.1790,1.7253,0.3684
1.7476,0.0007,1.2496,1.7412,0.3372
1.8361,0.0007,1.2862,1.4914,0.5222
1.5512,0.0006,2.1331,0.9001,0.3766
1.3440,0.0004,1.1648,1.7422,0.3591
1.3880,0.0006,1.1124,1.2632,0.3591
1.6584,0.0004,1.1807,1.7438,0.3580
1.2417,0.0006,1.0575,1.1755,0.3580
1.9627,0.0007,1.1165,1.7322,0.3700
1.5367,0.0005,1.8694,1.7907,0.3565
1.7611,0.0006,1.2825,1.3765,0.3377
2.0239,0.0005,1.1886,2.4004,0.3359
2.1048,0.0008,1.3431,2.0095,0.3359
1.9011,0.0008,1.4473,1.8959,0.3539
1.1931,0.0006,1.2809,1.2403,0.3539
1.8859,0.0008,1.1372,1.9136,0.3425
1.7561,0.0007,1.0924,1.7745,0.3425
1.7217,0.0008,1.0756,1.6655,0.3425
1.7943,0.0008,1.0633,1.5940,0.3462
1.5742,0.0004,1.0910,1.6472,0.3521
1.8967,0.0007,1.0982,2.0125,0.3432
1.7498,0.0008,1.3192,1.5684,0.3432
1.7759,0.0009,1.5826,1.9205,0.3659
1.7594,0.0006,1.2747,1.7467,0.3504
1.6073,0.0008,1.2077,1.4929,0.3426
2.2438,0.0007,1.2298,2.2908,0.3421
1.7399,0.0007,1.3400,1.7619,0.3532
2.1461,0.0007,1.3525,2.0121,0.3456
1.4438,0.0011,1.5882,1.2599,0.3456
2.1560,0.0010,1.2744,2.3900,0.3405
1.7533,0.0011,1.3354,1.7907,0.3617
1.9507,0.0011,1.3391,1.9016,0.3628
1.3761,0.0007,1.4121,1.4308,0.3628
2.0200,0.0007,1.2464,1.9661,0.3372
1.6789,0.0008,1.3799,1.6962,0.3588
1.3862,0.0007,1.3253,1.4379,0.3408
2.0278,0.0007,1.1695,1.9778,0.3405
1.9455,0.0009,1.3303,1.9249,0.3468
1.7339,0.0008,1.4695,1.7552,0.3416
1.5954,0.0008,1.2130,1.6131,0.3453
1.4458,0.0008,1.1526,1.0480,0.3453
2.3438,0.0007,1.1860,2.6620,0.3748
1.6466,0.0007,1.3046,1.4594,0.3494
1.4262,0.0007,1.6525,1.1490,0.3562
1.4171,0.0007,1.2018,1.6486,0.3482
1.6525,0.0007,1.1405,1.7421,0.3482
1.9375,0.0006,1.1457,1.9631,0.3398
1.3921,0.0004,1.2353,1.1763,0.3398
1.7917,0.0007,1.1583,1.7821,0.3403
1.5496,0.0004,1.4781,1.7948,0.3433
1.6787,0.0007,1.1002,1.6243,0.3433
2.1132,0.0007,1.2461,2.0337,0.3637
2.0210,0.0006,1.4462,1.8927,0.3481
1.4088,0.0006,1.6327,1.4422,0.3481
2.1068,0.0008,1.2118,2.2283,0.3583
1.4498,0.0007,1.2710,1.4612,0.3407
1.3154,0.0003,1.2283,1.3231,0.3407
2.0121,0.0005,1.0594,1.8602,0.3390
2.0419,0.0004,1.1907,2.1841,0.3660
2.1029,0.0007,1.2213,1.6269,0.3482
1.5560,0.0009,1.8887,1.4644,0.3541
1.4435,0.0010,1.3657,1.5094,0.3541
1.7665,0.0009,1.2806,1.8851,0.3340
1.9436,0.0010,1.4680,2.1731,0.3488
1.7388,0.0008,1.4951,1.7596,0.3415
1.5812,0.0007,1.2683,1.2783,0.3421
1.6869,0.0006,1.6296,1.9873,0.3436
1.3856,0.0006,1.1856,1.4023,0.3436
1.9053,0.0006,1.1002,1.8453,0.3517
1.6096,0.0006,1.1551,1.6063,0.3456
2.3676,0.0006,1.2723,2.2493,0.3750
1.2492,0.0006,1.4333,1.2958,0.3610
1.6165,0.0007,1.1864,1.5785,0.3560
1.6536,0.0006,1.3876,1.7598,0.3490
1.6825,0.0005,1.1842,1.6431,0.3490
1.3121,0.0005,1.1668,1.3105,0.3419
1.6278,0.0005,1.0836,1.4689,0.3437
2.0642,0.0005,1.1034,2.0296,0.3531
1.3063,0.0006,1.4985,1.2740,0.3342
1.9209,0.0006,1.1595,2.0367,0.3342
2.0398,0.0008,1.2716,2.0897,0.3520
1.5569,0.0006,1.2893,1.2828,0.3520
2.0013,0.0008,1.2714,1.9640,0.3415
2.3200,0.0006,1.2429,2.5754,0.3406
1.7919,0.0008,1.3196,1.7577,0.3296
1.5897,0.0007,1.3025,1.6342,0.3363
2.0592,0.0007,1.1854,2.0188,0.3410
1.7852,0.0010,1.2306,1.5894,0.3410
2.4664,0.0010,1.5138,1.9333,0.3658
1.7323,0.0009,2.6094,1.8523,0.3735
1.3898,0.0008,1.4049,1.2384,0.3587
1.8642,0.0009,1.3382,2.2423,0.3474
1.5376,0.0006,1.3123,1.6040,0.3384
1.6733,0.0008,1.1671,1.4440,0.3450
2.4587,0.0008,1.2506,2.4248,0.3488
1.3252,0.0006,1.6152,1.5383,0.3476
1.5529,0.0010,1.1476,1.6271,0.3441
1.5880,0.0009,1.1231,1.3555,0.3441
2.6923,0.0008,1.2170,2.7955,0.3632
1.6152,0.0007,1.3893,1.6868,0.3770
1.6347,0.0010,1.2811,1.6619,0.3545
1.7627,0.0006,1.1488,1.7322,0.3608
1.5511,0.0008,1.2474,1.5506,0.3577
1.4087,0.0006,1.1818,1.4168,0.3628
1.8101,0.0005,1.1439,1.7810,0.3628
1.8153,0.0009,1.0689,1.2337,0.3530
1.3950,0.0008,1.3823,1.9304,0.3530
2.0138,0.0009,1.1608,1.8171,0.3548
2.3107,0.0004,1.3348,2.5114,0.3662
1.6469,0.0005,1.4344,1.1371,0.3484
1.1983,0.0004,1.5989,1.0782,0.3483
1.0491,0.0008,1.0531,1.0904,0.3483
1.9489,0.0006,1.0391,2.1563,0.3591
1.1870,0.0007,1.0330,1.2052,0.3575
1.2218,0.0007,1.0194,1.2376,0.3575
1.5536,0.0007,0.9643,1.4153,0.3426
1.5335,0.0008,1.0776,1.5680,0.3652
1.6787,0.0008,1.1200,1.4338,0.3467
1.7095,0.0005,1.2291,1.8806,0.3412
1.7705,0.0006,1.2199,1.6603,0.3601
1.5836,0.0007,1.0811,1.6074,0.3422
1.5386,0.0006,1.0409,1.6080,0.3476
1.7184,0.0006,1.0410,1.8415,0.3632
1.1498,0.0007,1.0142,1.1685,0.3632
1.9594,0.0005,1.0225,1.8876,0.3561
1.2427,0.0004,1.0712,1.1283,0.3601
1.0660,0.0003,1.1862,1.0244,0.3601
1.9347,0.0005,1.0212,2.0741,0.3631
1.7436,0.0008,1.0759,1.3100,0.3490
1.6050,0.0007,1.3220,1.9211,0.3490
1.7875,0.0009,1.3149,1.8833,0.3421
1.5901,0.0005,1.1322,1.5677,0.3421
1.8333,0.0005,1.0845,1.6781,0.3569
1.4988,0.0006,1.3243,1.6574,0.3489
1.6342,0.0007,1.1432,1.3443,0.3489
1.7175,0.0007,1.1853,1.9565,0.3455
1.8207,0.0005,1.1565,1.8547,0.3525
1.2817,0.0004,1.0362,1.0096,0.3525
1.7348,0.0011,0.9692,1.9544,0.3387
1.9503,0.0009,1.0932,1.9336,0.3691
1.3987,0.0009,1.2284,1.2714,0.3463
1.6177,0.0008,1.2233,1.7880,0.3516
1.3615,0.0007,1.1270,1.1786,0.3516
1.8322,0.0007,1.2354,1.9954,0.3530
1.9402,0.0006,1.0323,1.8894,0.3689
1.4797,0.0007,1.3063,1.5067,0.3484
1.4174,0.0009,1.1693,1.4294,0.3418
1.2439,0.0006,1.1137,1.2606,0.3502
1.6229,0.0009,1.0322,1.5926,0.3488
1.7359,0.0009,1.0916,1.6778,0.3774
1.2854,0.0007,1.2913,1.2396,0.3774
1.3732,0.0008,1.2951,1.3517,0.3558
1.5788,0.0007,1.2296,1.5617,0.3489
1.2789,0.0007,1.2730,1.4345,0.3577
1.5818,0.0007,1.0201,1.2318,0.3445
2.1780,0.0007,1.1604,2.4457,0.3534
1.5881,0.0005,1.1885,1.6057,0.3459
1.2696,0.0005,1.1288,1.2874,0.3450
1.4055,0.0005,1.0453,1.3686,0.3450
1.8223,0.0005,1.0603,1.3815,0.3520
1.8563,0.0005,1.2912,2.2425,0.3558
1.9394,0.0006,1.3130,1.7058,0.3471
1.4144,0.0005,1.4643,1.5543,0.3471
1.9857,0.0005,1.1188,2.1070,0.3571
1.4828,0.0004,1.0905,1.3776,0.3571
1.7152,0.0005,1.1704,1.8226,0.3399
1.5118,0.0004,1.0988,1.3827,0.3399
1.4914,0.0004,1.1251,1.4673,0.3549
1.8526,0.0004,1.0593,1.9742,0.3434
1.4876,0.0006,1.1506,1.1919,0.3647
2.0692,0.0006,1.4341,2.2638,0.3466
1.2160,0.0005,1.2333,1.2474,0.3466
2.2152,0.0005,1.1480,2.2567,0.3648
1.6378,0.0006,1.1713,1.1040,0.3461
1.1680,0.0005,1.5393,1.3996,0.3461
2.2712,0.0006,1.0563,2.5126,0.3569
1.5119,0.0005,1.0747,1.5529,0.3434
1.3892,0.0004,1.0420,1.3810,0.3434
1.7570,0.0004,1.0234,1.7540,0.3403
1.5645,0.0006,1.0431,1.5324,0.3412
1.8773,0.0009,1.1179,1.7629,0.3778
1.6416,0.0007,1.2180,1.7498,0.3778
1.4726,0.0007,1.1322,1.3851,0.3453
1.9575,0.0006,1.2012,2.0070,0.3532
1.5972,0.0005,1.0920,1.6181,0.3520
1.3487,0.0005,1.0795,1.3520,0.3393
1.6247,0.0005,1.0220,1.6063,0.3393
1.4645,0.0005,1.0205,1.4708,0.3351
1.3481,0.0004,1.0359,1.3361,0.3396
2.0956,0.0006,1.0234,2.0416,0.3673
1.7164,0.0008,1.1735,1.7069,0.3643
1.8139,0.0005,1.2644,1.7925,0.3596
1.2060,0.0005,1.1689,1.0063,0.3596
1.8858,0.0004,1.1005,2.1107,0.3453
1.4394,0.0004,1.0852,1.1193,0.3323
1.9009,0.0009,1.0962,2.1957,0.3554
1.7931,0.0313,1.0621,1.6085,0.3406
1.2854,0.0005,1.3556,1.4947,0.3540
1.6016,0.0007,0.9730,1.5930,0.3530
1.7202,0.0008,1.0154,1.5928,0.3466
1.1937,0.0005,1.1622,1.2271,0.3466
2.0709,0.0006,1.1598,1.2961,0.3776
1.4184,0.0007,2.3041,1.4251,0.3787
1.0282,0.0005,1.1450,1.3832,0.3787
1.6176,0.0006,1.0264,1.3631,0.3482
2.0734,0.0007,1.1330,2.2447,0.3536
1.1058,0.0006,1.2071,0.9827,0.3533
1.1791,0.0008,1.0923,1.4109,0.3533
1.6284,0.0006,1.0725,1.5950,0.3627
1.4825,0.0005,1.1078,1.5080,0.3347
1.8674,0.0009,1.0538,1.7847,0.3457
1.6762,0.0009,1.2871,1.0756,0.3457
1.3220,0.0007,1.6254,1.6203,0.3931
1.6281,0.0007,1.2184,1.9730,0.3589
1.6349,0.0008,1.0437,1.6244,0.3489
1.3197,0.0010,1.0694,1.3513,0.3363
1.6714,0.0008,1.0343,1.6335,0.3405
1.4412,0.0008,1.0894,1.4561,0.3561
1.8250,0.0006,1.0897,1.6685,0.3652
1.3796,0.0006,1.4577,0.7728,0.3563
1.2436,0.0007,1.0473,1.4317,0.3392
1.0677,0.0006,1.3051,0.8277,0.3392
1.8662,0.0011,1.0273,2.0277,0.3468
1.5922,0.0005,1.5815,1.5824,0.3652
2.2160,0.0006,1.1312,2.0774,0.3374
1.7309,0.0007,1.3723,1.9191,0.3374
1.4666,0.0007,1.1054,1.4732,0.3335
1.5581,0.0006,1.0595,1.3287,0.3378
1.3923,0.0004,1.0579,1.5204,0.3381
1.4710,0.0004,1.0543,1.4536,0.3350
1.7309,0.0004,0.9916,1.7300,0.3496
2.0529,0.0009,0.9999,2.0674,0.3503
1.5819,0.0008,1.2250,1.5304,0.6351
1.7870,0.0009,1.5457,1.8263,0.3821
1.5424,0.0006,1.2198,1.5935,0.3821
1.1118,0.0009,1.0776,1.1198,0.3492
1.7655,0.0007,1.0356,1.7101,0.3340
1.3834,0.0008,1.1100,1.4146,0.3340
1.5691,0.0005,1.0805,1.5438,0.3342
1.4778,0.0004,1.0810,1.4883,0.3626
1.7199,0.0005,1.0034,1.6862,0.3719
1.4472,0.0007,1.1667,1.4259,0.3541
1.5725,0.0008,1.1814,1.5377,0.3360
1.4060,0.0009,1.2012,1.4312,0.3360
1.9434,0.0005,1.2566,1.9451,0.3360
1.2743,0.0004,1.1096,1.2931,0.3374
1.3607,0.0005,1.0550,1.1268,0.3570
2.1330,0.0005,1.0954,2.1726,0.3395
1.5855,0.0005,1.3294,1.7612,0.3395
1.4922,0.0004,1.0527,1.2806,0.3360
1.7880,0.0006,1.0655,1.6728,0.3463
1.6390,0.0006,1.0693,1.8053,0.3322
1.9328,0.0005,1.1368,2.0272,0.3479
1.5499,0.0007,1.2883,1.5369,0.3479
2.0018,0.0007,1.3013,1.9755,0.3531
1.1174,0.0007,1.1911,0.9836,0.3682
1.5309,0.0006,1.0660,1.5584,0.3682
2.0594,0.0004,1.1052,2.1425,0.3420
1.5428,0.0004,1.1269,1.6222,0.3577
1.5151,0.0006,1.0652,1.5074,0.3307
1.5675,0.0006,0.9953,1.4809,0.3479
1.5311,0.0005,1.4596,1.3369,0.3479
1.7727,0.0007,1.1243,2.0214,0.3544
1.7041,0.0007,1.2292,1.4871,0.3544
2.0342,0.0006,1.5443,1.9624,0.3758
1.7885,0.0006,1.2472,2.0201,0.3591
1.8324,0.0005,1.2007,1.7957,0.3549
1.9490,0.0006,1.2194,1.9569,0.3622
1.2511,0.0005,1.2474,1.1979,0.3622
1.6586,0.0004,1.1519,1.7119,0.3729
1.7345,0.0005,1.1000,1.7518,0.3481
1.5293,0.0005,1.1158,1.1955,0.3341
1.7277,0.0010,1.1018,2.0236,0.3453
1.5729,0.0010,1.1483,1.3981,0.3264
2.3154,0.0006,1.2887,2.4451,0.3486
1.5268,0.0006,1.2063,1.5706,0.3413
1.5493,0.0005,1.0733,1.5598,0.3413
1.6004,0.0008,1.0463,1.4107,0.3463
1.4535,0.0007,1.1092,1.6149,0.3440
2.2122,0.0008,1.0815,2.1730,0.3511
1.1829,0.0006,1.1535,1.0203,0.3511
2.1439,0.0005,1.1186,2.3034,0.3461
1.2037,0.0005,1.0877,0.8229,0.3461
2.4082,0.0008,1.1917,2.6993,0.3508
1.4148,0.0007,1.3707,1.0620,0.3508
1.5353,0.0008,1.2366,1.8977,0.3368
1.5662,0.0008,1.1669,1.5469,0.3487
1.3960,0.0006,1.1172,1.4270,0.3487
1.7884,0.0008,1.0644,1.3200,0.3540
2.0567,0.0007,1.2943,2.4782,0.3437
1.8303,0.0006,1.1345,1.8339,0.3501
1.4372,0.0006,1.0775,1.4557,0.3584
1.5059,0.0006,1.0881,1.4421,0.3723
1.5014,0.0006,1.1878,1.5251,0.3723
1.3723,0.0005,1.2218,1.2216,0.3711
1.5868,0.0006,1.1555,1.5785,0.3711
2.2027,0.0006,1.0993,2.3220,0.3499
1.1895,0.0006,1.1658,1.0357,0.3755
1.3148,0.0005,1.1175,1.5322,0.3755
1.5660,0.0006,1.0686,1.3503,0.3447
1.5420,0.0005,1.0293,1.5171,0.3442
1.6307,0.0005,1.0514,1.6378,0.3700
1.9339,0.0005,1.0057,2.1357,0.3389
1.6895,0.0008,1.0712,1.6195,0.3871
1.3158,0.0005,1.2255,1.0221,0.3871
1.8204,0.0008,1.1122,2.1474,0.3608
1.8847,0.0007,1.0341,1.8456,0.3641
1.3272,0.0005,1.1560,1.3737,0.3422
1.6566,0.0008,1.0778,1.6388,0.3364
1.6373,0.0007,1.0020,1.4393,0.3603
1.3101,0.0005,1.2877,1.5044,0.3603
2.3593,0.0006,1.0426,2.3469,0.3393
1.4043,0.0009,1.0453,0.8889,0.3442
1.4474,0.0009,1.6209,1.0868,0.3625
1.8555,0.0010,1.2157,2.1644,0.3551
1.4357,0.0007,1.2491,1.4529,0.3492
1.2815,0.0009,1.1542,1.1895,0.3492
2.1979,0.0009,1.1653,2.3226,0.3518
1.6654,0.0007,1.1793,1.6954,0.3373
1.5662,0.0006,1.2348,1.5659,0.3373
1.7709,0.0006,0.9916,1.7409,0.3476
1.6574,0.0007,1.0423,1.2038,0.3514
1.6227,0.0006,1.0423,2.0488,0.3298
2.0296,0.0008,1.0606,2.0150,0.3699
1.6194,0.0005,1.1623,1.6415,0.3668
1.3031,0.0010,1.1533,1.2240,0.3668
2.1731,0.0006,1.1944,2.2524,0.3457
1.3235,0.0006,1.0312,1.3311,0.3524
1.4078,0.0006,1.0391,1.3917,0.3516
1.6137,0.0006,1.0224,1.5889,0.3641
1.1797,0.0005,1.0228,1.2057,0.3714
1.2916,0.0005,0.9735,1.2396,0.3714
1.5250,0.0005,1.0835,1.5584,0.3621
1.6991,0.0006,1.0208,1.2737,0.3621
1.7823,0.0010,1.2256,1.9680,0.3465
2.0537,0.0006,1.5175,2.1762,0.3501
1.3717,0.0006,1.2693,1.3287,0.3501
1.4694,0.0005,1.1173,1.4374,0.3558
2.1222,0.0010,1.0152,2.2574,0.3501
1.4897,0.0006,1.0014,1.4970,0.3501
1.1078,0.0003,0.9902,1.1237,0.3501
1.2772,0.0004,1.0321,1.1137,0.3500
1.7804,0.0004,1.0638,1.7893,0.3396
1.3769,0.0004,1.1500,1.5316,0.3396
1.8795,0.0007,0.9181,1.2656,0.3630
1.2971,0.0006,1.5524,1.6639,0.3630
1.5395,0.0006,1.2892,1.5198,0.3658
1.6605,0.0007,1.2526,1.6516,0.5501
1.7944,0.0007,1.0311,2.0071,0.3413
1.4012,0.0010,1.1263,1.1564,0.3413
1.9204,0.0007,1.1978,2.1484,0.3314
1.7442,0.0009,1.0165,1.7508,0.3498
1.3164,0.0009,1.0237,0.9892,0.3498
1.5769,0.0006,1.1086,1.6652,0.3412
1.3546,0.0008,0.9829,1.5714,0.3302
1.8728,0.0006,1.2802,1.5666,0.3845
2.1236,0.0005,1.2640,2.2188,0.3562
2.0858,0.0008,1.4598,1.3584,0.3533
1.3901,0.0006,1.9113,2.2771,0.3533
1.3951,0.0006,1.1163,1.2674,0.3372
1.8615,0.0004,0.9996,1.9997,0.3484
1.1909,0.0004,0.9655,1.2190,0.3484
1.7064,0.0009,0.9246,1.6808,0.3528
1.3761,0.0005,0.9097,1.3942,0.3558
1.6153,0.0007,0.9107,1.2345,0.3558
1.6002,0.0006,1.0335,1.7322,0.3452
1.4423,0.0005,1.1843,1.5019,0.3467
1.7405,0.0005,1.0797,1.8661,0.3413
1.6260,0.0004,0.9207,1.4855,0.3434
1.6701,0.0004,1.0984,1.8034,0.3453
0.9983,0.0005,0.9120,0.8841,0.3613
1.5814,0.0006,0.9127,1.5193,0.3613
1.9355,0.0005,0.9140,2.1143,0.3399
1.2615,0.0006,0.9526,1.2337,0.3399
1.7780,0.0005,1.0954,1.5088,0.3538
2.0045,0.0006,0.9724,2.2248,0.3593
1.4407,0.0005,1.0909,1.4538,0.3593
1.0666,0.0004,1.1731,1.1049,0.3576
1.8741,0.0006,1.0187,1.8385,0.3412
1.4793,0.0004,1.0138,1.4821,0.3425
1.4692,0.0005,0.9422,1.4910,0.3425
1.4473,0.0004,0.9940,1.1973,0.3449
1.7583,0.0004,1.4533,1.9456,0.3333
1.3367,0.0004,0.9562,1.3585,0.3536
1.4998,0.0004,0.9370,1.4787,0.3398
1.1671,0.0006,1.0527,1.1692,0.3487
1.7142,0.0004,1.0530,1.4891,0.3487
1.5153,0.0005,1.0201,1.6994,0.3592
1.7998,0.0006,1.0853,1.8037,0.3630
1.3229,0.0004,1.0636,1.3469,0.3529
1.3939,0.0006,0.9648,1.2644,0.3514
1.3300,0.0005,1.1898,1.4411,0.3675
1.3483,0.0004,1.0636,0.7592,0.3441
1.0817,0.0004,1.4102,1.4998,0.3665
1.3627,0.0005,1.0034,0.8565,0.3520
1.6743,0.0006,1.6228,0.8135,0.3307
1.1684,0.0005,1.4649,0.8135,0.3528
1.0501,0.0005,1.0973,0.9196,0.3524
1.0235,0.0005,0.9919,1.2324,0.3524
1.8797,0.0006,0.9232,1.7665,0.3506
1.7460,0.0008,1.3923,1.5991,0.3445
1.2940,0.0005,1.5976,1.3899,0.3681
1.2619,0.0007,1.0340,1.0896,0.3398
1.2718,0.0004,1.3038,1.6746,0.3535
1.1368,0.0006,0.8911,1.1133,0.3365
1.1895,0.0004,0.9556,1.0960,0.3365
1.4975,0.0004,0.9004,1.3875,0.3348
1.4605,0.0005,0.9049,1.6496,0.3659
1.5329,0.0006,0.9999,1.2578,0.3483
1.4690,0.0005,0.9864,1.5452,0.3674
1.4577,0.0004,0.9301,1.6591,0.3440
2.3806,0.0004,0.9457,2.1701,0.3771
1.1744,0.0004,1.3537,0.9112,0.3555
1.2459,0.0005,1.0199,1.5220,0.3555
1.5027,0.0005,0.9701,1.5075,0.3411
1.3586,0.0004,0.9778,1.2066,0.3411
1.5931,0.0003,0.9729,1.5370,0.3431
1.4998,0.0004,1.3218,1.1389,0.3489
1.0635,0.0004,1.3076,1.5743,0.3374
1.0664,0.0004,1.0501,0.9908,0.3374
1.6271,0.0005,0.9358,1.5194,0.3518
1.5887,0.0005,0.9857,1.4861,0.3398
1.6908,0.0008,1.2679,1.5902,0.3398
1.5649,0.0004,1.8678,1.4437,0.3904
1.0012,0.0004,1.1123,1.3851,0.3904
1.3338,0.0005,0.9943,1.3268,0.3443
1.2084,0.0003,0.9511,1.2320,0.3443
1.3963,0.0004,1.0109,1.1546,0.3456
1.5967,0.0005,1.1493,1.7430,0.3476
1.8692,0.0006,1.0160,1.7472,0.3535
1.3519,0.0006,1.3696,1.3815,0.3535
1.8616,0.0007,1.0926,1.9513,0.3489
1.1034,0.0006,1.0820,1.0554,0.3489
2.0534,0.0007,1.0698,1.9976,0.3504
1.3145,0.0007,1.2889,1.2451,0.5332
1.7415,0.0007,1.2530,1.8920,0.3528
1.7926,0.0007,1.1115,1.7249,0.3528
1.6842,0.0007,1.1949,1.5920,0.3573
1.5008,0.0006,1.1126,1.6103,0.3421
1.9480,0.0005,1.4476,1.9228,0.3536
1.4359,0.0005,1.4320,1.1342,0.3536
1.7801,0.0004,1.1756,2.1175,0.3482
1.5215,0.0003,1.0096,1.3024,0.3482
2.2968,0.0009,1.0108,2.2859,0.3625
1.3539,0.0009,1.3907,1.3849,0.3584
1.8184,0.0009,1.2915,1.9706,0.3524
1.7164,0.0008,1.2067,1.7011,0.3508
1.6069,0.0008,1.2847,1.5583,0.3428
1.5147,0.0008,1.0934,1.5624,0.3502
1.7436,0.0006,1.1019,1.7441,0.3457
1.3576,0.0006,1.1795,1.1985,0.3457
1.6656,0.0007,1.1507,1.6091,0.3586
1.6877,0.0008,1.3176,1.8591,0.3493
1.1575,0.0007,1.1097,1.0421,0.3493
1.6644,0.0006,1.1461,1.7432,0.3594
1.6011,0.0013,1.1213,1.3474,0.3663
2.0146,0.0006,1.1750,2.2799,0.3404
1.3968,0.0009,1.1756,1.3930,0.3550
1.6736,0.0008,1.2125,1.6333,0.3550
2.1004,0.0008,1.2278,2.0923,0.3436
1.8902,0.0007,1.2615,1.8683,0.3462
1.4877,0.0011,1.2827,1.5456,0.3504
1.7272,0.0005,1.1706,1.6889,0.3503
1.9752,0.0012,1.3266,1.8185,0.3557
2.1560,0.0006,2.3261,1.7927,0.3655
1.5836,0.0005,1.7861,2.0872,0.3392
1.3442,0.0007,1.1910,1.2647,0.3504
2.0044,0.0004,1.1881,2.0442,0.3473
1.7444,0.0007,1.1771,1.6027,0.3365
1.6193,0.0006,1.5830,1.3181,0.3365
1.6418,0.0006,1.4038,2.1219,0.3339
1.6484,0.0006,1.0627,1.6318,0.3337
1.9090,0.0005,1.1242,1.8442,0.3337
1.5285,0.0005,1.4614,1.3129,0.3632
2.2064,0.0006,1.2709,2.2848,0.3481
1.5163,0.0008,1.4788,1.5447,0.3539
1.5681,0.0007,1.3827,1.7209,0.3533
1.6484,0.0008,1.0767,1.6242,0.3503
1.5182,0.0008,1.1018,1.5278,0.3460
1.6718,0.0005,1.0363,1.4622,0.3460
1.9363,0.0006,1.0908,2.1419,0.3496
1.5093,0.0006,1.0214,1.5172,0.3560
1.2488,0.0004,1.0005,1.0477,0.3560
1.8864,0.0006,1.0520,1.9714,0.3675
1.7129,0.0010,1.3962,1.7129,0.3672
1.3355,0.0009,1.3963,1.3014,0.3672
1.7789,0.0007,1.3613,1.7807,0.4243
1.8524,0.0007,1.4346,1.6749,0.3546
1.2063,0.0007,1.4716,1.0035,0.3478
1.3815,0.0006,1.0623,1.5221,0.3531
1.1562,0.0008,1.2916,1.2408,0.3531
1.7877,0.0010,1.0273,1.8684,0.3696
1.2306,0.0005,1.1433,0.8589,0.3392
1.5826,0.0007,1.1053,1.7788,0.3392
2.6561,0.0008,1.1459,2.6504,0.3757
1.2659,0.0007,1.3117,1.0561,0.3569
1.3587,0.0008,1.2575,1.5522,0.3467
1.5082,0.0010,1.3133,1.6115,0.3467
1.4280,0.0008,1.1642,1.4337,0.3438
1.3309,0.0007,1.0781,1.3301,0.3427
1.6569,0.0009,1.1400,1.6557,0.3462
1.3943,0.0007,1.0097,1.2403,0.3462
1.6446,0.0006,1.0776,1.6012,0.3463
1.1790,0.0005,1.4708,1.2347,0.3378
2.1453,0.0006,0.9533,2.2230,0.3589
2.1740,0.0007,1.2139,1.3007,0.3687
1.3456,0.0005,2.2395,1.3007,0.3638
1.0177,0.0004,1.0796,1.3622,0.3438
1.5436,0.0003,0.9649,1.5324,0.3581
1.3806,0.0004,0.9847,1.0060,0.3519
1.4623,0.0004,1.3175,1.6380,0.3392
1.8593,0.0004,1.0230,1.6137,0.3398
1.5737,0.0004,1.3380,1.9963,0.3589
1.2813,0.0005,1.0110,1.2322,0.3589
1.5175,0.0006,1.0398,1.3422,0.3623
1.9363,0.0006,0.9744,1.7565,0.3524
1.8337,0.0007,1.3545,1.9793,0.3816
1.7861,0.0005,1.2092,1.9738,0.3397
1.4375,0.0006,1.1047,1.2726,0.3408
1.1729,0.0003,1.3314,1.2586,0.3408
1.9270,0.0005,1.0774,1.8368,0.3290
1.2884,0.0005,1.3424,1.4341,0.3290
1.4121,0.0004,1.0497,1.2993,0.3614
1.4756,0.0005,1.0566,1.5900,0.3571
1.4451,0.0004,1.0573,1.3886,0.3423
1.7563,0.0008,1.0791,1.6708,0.3543
2.4247,0.0008,1.6438,1.3322,0.3851
1.4147,0.0006,2.1992,1.6988,0.3452
1.2732,0.0007,1.3685,1.3099,0.3568
1.0582,0.0007,1.0933,1.3164,0.3408
1.5186,0.0006,1.0642,1.5216,0.3408
1.8191,0.0006,1.0536,1.8372,0.3467
1.4751,0.0007,1.0348,1.4648,0.3382
1.7137,0.0010,1.0650,1.5411,0.3622
1.3409,0.0006,1.3868,1.4848,0.3622
1.6420,0.0005,1.0038,1.3729,0.3642
1.5695,0.0005,0.9913,1.8150,0.3420
2.0621,0.0006,1.1917,1.8376,0.3684
1.3197,0.0006,1.4637,1.5780,0.3598
1.2991,0.0004,1.1070,1.1618,0.3565
2.1854,0.0006,1.0060,2.2875,0.3558
1.0895,0.0006,1.0787,0.9465,0.3558
1.4774,0.0006,1.0443,1.5110,0.3418
1.6424,0.0005,0.9722,1.7243,0.3456
1.4433,0.0007,1.0059,1.4554,0.3559
1.3467,0.0005,1.0603,1.3397,0.3583
1.4473,0.0006,1.0180,1.4610,0.3583
1.7472,0.0007,1.1400,1.2908,0.3430
2.2056,0.0007,1.5773,2.5746,0.3562
1.4489,0.0006,1.1340,1.4692,0.3430
1.7272,0.0005,1.1419,1.5774,0.3542
1.2851,0.0005,1.5413,1.2767,0.3542
1.6410,0.0004,1.0585,1.5791,0.3612
1.6600,0.0006,1.2879,1.8889,0.3344
1.4675,0.0007,1.1124,1.1799,0.3344
1.6524,0.0005,1.1141,1.6806,0.3482
2.1469,0.0007,1.1201,2.0932,0.3368
1.2121,0.0006,1.4302,1.4120,0.3368
1.6528,0.0004,1.1560,1.5188,0.3889
1.5093,0.0004,1.3550,1.7049,0.3476
1.1774,0.0004,1.0225,1.0868,0.3476
1.8498,0.0006,1.0077,1.4412,0.3452
1.6433,0.0005,1.2445,2.1059,0.3470
1.2095,0.0006,1.0296,1.1335,0.3470
1.6897,0.0006,1.0762,1.7511,0.3577
1.4229,0.0012,1.0823,1.2114,0.3649
1.0782,0.0005,1.3426,1.1536,0.3649
1.5886,0.0006,0.9786,1.5330,0.3421
1.8627,0.0008,0.9945,1.8477,0.5263
1.3220,0.0006,1.1745,1.2859,0.5263
1.7393,0.0007,1.2680,1.5715,0.3530
1.2162,0.0006,1.7334,1.5277,0.3530
2.1056,0.0005,1.0777,2.0392,0.3518
1.4769,0.0004,1.2471,1.3554,0.3452
1.1319,0.0004,1.3514,1.3792,0.3452
1.5719,0.0005,1.2431,1.2967,0.3635
1.5690,0.0004,1.3220,1.6514,0.3456
1.3498,0.0005,1.4292,1.5511,0.3454
1.6160,0.0003,0.9584,1.2288,0.3471
1.7158,0.0006,1.6494,1.4056,0.3780
1.3455,0.0004,1.3007,1.7388,0.3780
1.6297,0.0005,1.0585,1.3414,0.3580
1.4478,0.0007,1.0311,1.7340,0.3386
1.3886,0.0008,1.0619,1.2708,0.3500
1.8130,0.0006,1.0664,1.8877,0.3407
1.1680,0.0006,1.1468,1.1176,0.3407
2.1085,0.0005,1.0975,2.0124,0.3615
1.4233,0.0006,1.3477,1.5794,0.3615
1.5100,0.0006,1.3348,1.1852,0.3351
1.4413,0.0006,1.5115,1.6779,0.3351
2.1883,0.0007,1.2554,2.1489,0.3302
1.6092,0.0007,1.2867,1.6829,0.3940
1.1974,0.0009,1.2176,1.2331,0.3940
1.5039,0.0005,1.0976,1.4994,0.3358
1.6654,0.0006,0.9976,1.5423,0.3358
1.5292,0.0004,1.3823,1.6463,0.3407
1.8822,0.0007,1.0580,1.7848,0.3513
1.8258,0.0008,1.2108,1.8579,0.3608
1.3590,0.0007,1.1796,1.1873,0.3608
1.9405,0.0009,1.1002,2.0952,0.3641
2.0137,0.0008,1.0780,1.9700,0.5483
1.2202,0.0006,1.2932,1.0828,0.5483
1.5650,0.0008,1.1360,1.6947,0.3533
1.8122,0.0007,1.0978,1.6370,0.3448
2.0782,0.0008,1.3949,2.1287,0.3533
1.3709,0.0007,1.4387,1.5570,0.3470
1.1713,0.0007,1.1052,1.0029,0.3470
1.4955,0.0007,1.0453,1.6098,0.3340
2.0189,0.0008,1.0331,2.0350,0.3428
1.6697,0.0013,1.0702,1.6715,0.3601
1.9726,0.0006,1.1525,1.5894,0.3443
1.5505,0.0007,1.9047,1.5667,0.3723
1.1341,0.0005,1.2202,1.0183,0.3441
1.3123,0.0005,1.0407,1.6325,0.3466
2.1359,0.0006,0.9786,2.0352,0.3542
1.3881,0.0006,1.1311,1.4402,0.3542
1.9046,0.0005,1.2742,1.9233,0.3710
1.6688,0.0006,1.2549,1.6558,0.3619
1.2590,0.0005,0.9859,1.2709,0.3619
1.3646,0.0004,0.9483,1.2986,0.3373
1.6458,0.0005,0.9985,1.4359,0.3388
2.3875,0.0007,1.0745,2.5596,0.3750
1.3260,0.0006,1.2107,1.3845,0.3422
1.7821,0.0007,1.1830,1.7561,0.3520
1.4453,0.0007,1.1923,1.4556,0.3520
1.3197,0.0005,1.2296,1.2472,0.3459
1.5202,0.0005,1.2731,1.5677,0.3530
1.5109,0.0005,1.0103,1.3345,0.3503
2.1668,0.0007,1.1118,2.2932,0.3457
1.4280,0.0004,1.1491,1.4687,0.3339
1.6723,0.0005,1.1826,1.2401,0.3466
1.5578,0.0010,1.8875,1.4334,0.3624
1.9488,0.0008,1.3215,2.3301,0.3798
1.2894,0.0005,1.1662,1.3201,0.3681
1.6650,0.0007,1.1465,1.3589,0.3476
1.6316,0.0006,1.2673,1.9069,0.3476
1.5700,0.0005,1.1689,1.5654,0.3477
1.5453,0.0008,1.1132,1.3373,0.3382
1.4424,0.0006,1.0868,1.6851,0.3582
1.6508,0.0006,1.0385,1.4614,0.3438
1.6063,0.0004,1.0987,1.7749,0.3392
1.8311,0.0005,1.1113,1.7749,0.3393
1.7954,0.0004,1.2081,1.5661,0.8492
1.6451,0.0006,1.1582,1.8781,0.3472
1.5101,0.0007,1.0867,1.3134,0.3431
1.5832,0.0006,1.5428,1.4580,0.3577
1.4821,0.0007,1.3706,1.7020,0.3523
1.4697,0.0006,1.2267,1.2974,0.3566
1.7702,0.0004,1.3306,1.9964,0.3561
1.3726,0.0006,1.1726,1.3896,0.3671
1.2871,0.0005,1.0653,1.0788,0.3671
1.9310,0.0005,1.0098,2.1123,0.3418
1.5453,0.0007,1.1460,1.5183,0.3663
1.5124,0.0006,1.2762,1.2286,0.3806
1.4742,0.0006,1.4860,1.8004,0.3587
1.7486,0.0006,1.0934,1.3514,0.3587
1.4037,0.0005,1.0806,1.6321,0.3461
1.7760,0.0006,1.0942,1.9070,0.3461
1.5767,0.0006,1.2608,1.3807,0.3545
1.6015,0.0009,1.4002,1.6581,0.3390
1.5245,0.0006,1.2004,1.6145,0.3539
1.5936,0.0005,1.2960,1.4222,0.3458
2.2767,0.0008,1.0848,2.4120,0.3922
1.3849,0.0005,1.3597,1.4407,0.3922
1.6096,0.0006,1.1515,1.3129,0.3837
1.9282,0.0009,1.1630,1.9522,0.3441
2.1854,0.0008,1.2346,2.2056,0.3383
1.8075,0.0008,1.7152,1.2926,0.3386
1.6607,0.0005,1.6294,2.3080,0.3486
1.0564,0.0004,1.1179,1.0891,0.3486
2.1182,0.0007,1.0143,2.0522,0.3561
1.1640,0.0005,1.1239,1.0156,0.3561
2.4385,0.0007,1.1100,2.5115,0.3481
1.2342,0.0006,1.3015,1.0468,0.3762
1.9497,0.0005,1.1329,2.1733,0.3448
1.4654,0.0006,1.1330,1.5208,0.3446
1.5114,0.0008,1.0666,1.3559,0.3422
1.2713,0.0006,1.3874,0.8064,0.3402
1.3436,0.0005,1.0924,1.6463,0.3402
1.3244,0.0004,0.9816,1.3354,0.3362
1.5296,0.0003,0.9374,1.3058,0.3319
1.4382,0.0004,0.9889,1.5805,0.3482
1.6201,0.0006,1.0002,1.6324,0.3442
1.7509,0.0004,1.3324,1.3777,0.3681
1.7810,0.0007,1.3307,2.1560,0.3393
1.5300,0.0008,1.1411,1.3708,0.3393
1.9855,0.0007,1.1285,2.1043,0.3532
1.5339,0.0007,1.1391,1.5392,0.3591
1.4345,0.0006,1.1064,1.4487,0.3449
1.1269,0.0007,1.1743,1.1067,0.3496
1.7009,0.0006,1.0376,1.3886,0.3496
1.5945,0.0004,1.0158,1.8179,0.3629
1.5346,0.0008,1.2569,1.4557,0.3596
1.9276,0.0007,1.1122,1.8550,0.3436
1.6700,0.0006,1.5474,1.7716,0.3536
1.9230,0.0006,1.2338,1.8000,0.3678
1.9118,0.0008,1.3449,2.1150,0.3597
1.1086,0.0006,1.1304,0.9848,0.3597
1.4265,0.0007,1.0603,1.4069,0.3421
1.6769,0.0008,0.9980,1.6224,0.3514
1.8327,0.0005,1.1299,1.8710,0.3421
1.6426,0.0006,1.3003,1.5429,0.3477
1.2903,0.0007,1.6809,1.4129,0.3477
1.6346,0.0008,1.0884,1.5602,0.3497
2.4519,0.0006,1.2211,2.4897,0.3888
1.1728,0.0010,1.2304,0.9955,0.3419
2.0186,0.0004,1.1175,2.2246,0.3358
1.1911,0.0005,1.1303,1.2217,0.3358
1.7854,0.0004,1.1158,1.7718,0.3382
1.6100,0.0007,1.0980,1.4012,0.3381
1.7942,0.0004,1.0479,2.0206,0.3588
1.8114,0.0007,1.0102,1.7540,0.3355
1.5619,0.0005,1.2179,1.3437,0.3373
1.6002,0.0006,1.1765,1.7131,0.3501
2.0716,0.0008,1.2675,2.1212,0.4020
1.3892,0.0007,1.2685,1.0849,0.3460
1.3840,0.0005,1.1044,1.6717,0.3557
1.8725,0.0005,1.0784,1.9384,0.3580
1.3056,0.0005,1.1208,1.0659,0.3454
1.4758,0.0005,1.1240,1.5696,0.3454
1.8735,0.0008,1.2649,1.6923,0.3481
1.3976,0.0006,1.4740,1.6119,0.3517
1.5641,0.0005,1.1968,1.5706,0.3386
1.3950,0.0006,1.1246,1.4399,0.3627
1.8068,0.0005,1.1659,1.7876,0.3719
1.3565,0.0004,1.1759,1.3798,0.3446
1.3155,0.0005,1.1259,1.3324,0.3559
1.8225,0.0004,1.0727,1.7460,0.3414
1.1410,0.0005,1.1479,0.9007,0.3527
1.6901,0.0006,1.0706,1.9429,0.3407
1.4240,0.0008,1.0323,1.3019,0.3550
1.5309,0.0004,1.5632,1.3605,0.3511
1.5438,0.0004,1.1651,1.8004,0.3828
1.4077,0.0005,1.0583,1.4230,0.3535
1.6006,0.0005,1.1356,1.5121,0.3535
2.6275,0.0008,1.2519,2.6028,0.3733
1.2706,0.0007,1.4168,1.0241,0.3733
1.6852,0.0005,1.1683,1.8379,0.3504
1.5475,0.0008,1.0734,1.6369,0.3504
1.6544,0.0008,1.0654,1.5902,0.3598
1.5751,0.0006,1.2237,1.7533,0.3342
1.5489,0.0004,0.9917,1.5283,0.3631
1.9265,0.0004,0.9783,1.9294,0.3414
1.6681,0.0004,0.9700,1.6437,0.3510
1.5281,0.0007,0.9991,1.4643,0.3514
1.5698,0.0007,1.1888,1.6140,0.3334
1.9510,0.0006,1.1426,1.9485,0.3644
1.8912,0.0006,1.0797,1.8866,0.3671
1.0548,0.0004,1.0862,0.9754,0.3504
1.4179,0.0004,1.0326,1.3812,0.3504
1.7626,0.0007,0.9469,1.8514,0.3583
1.4355,0.0007,1.0619,1.3099,0.3552
1.6373,0.0007,1.3612,1.7648,0.3586
1.1260,0.0006,1.0132,1.1420,0.3484
1.5975,0.0007,1.0175,1.3108,0.3484
2.2719,0.0008,1.0460,2.4424,0.3706
1.5010,0.0006,1.2580,1.5121,0.3760
1.6565,0.0004,1.4207,1.7206,0.3760
1.5256,0.0005,1.0678,1.1966,0.3585
1.5701,0.0004,1.3166,1.8834,0.3585
1.3967,0.0006,1.0540,1.3851,0.3369
2.2034,0.0005,1.0471,2.1718,0.3611
1.0688,0.0005,1.1022,0.9915,0.3611
1.5955,0.0004,1.0270,1.6709,0.3411
2.2778,0.0006,1.0453,2.1375,0.3516
1.2306,0.0007,1.2377,1.3591,0.3516
1.6504,0.0005,1.1751,1.6237,0.3966
1.4497,0.0005,1.1657,1.4286,0.3641
1.2757,0.0007,1.0442,1.3233,0.3546
0.9772,0.0004,0.9975,0.9727,0.3546
1.9617,0.0006,0.9699,1.8723,0.3607
1.4894,0.0006,1.0975,1.5412,0.3502
1.6039,0.0006,1.3319,0.9351,0.3626
1.1137,0.0005,1.5286,1.3859,0.3490
1.4376,0.0006,1.0003,1.4876,0.3355
1.4974,0.0009,1.1835,1.5838,0.3355
2.3069,0.0009,1.0148,2.3095,0.3440
1.5296,0.0005,1.1614,1.4601,0.3453
1.7292,0.0006,1.5867,0.8422,0.3642
1.3610,0.0005,1.5590,0.8422,0.3370
1.5521,0.0004,1.3817,0.8932,0.3512
1.2627,0.0003,1.6090,0.8932,0.3551
0.9977,0.0003,1.0598,0.9166,0.3343
0.9226,0.0004,0.9452,1.0773,0.3343
1.7267,0.0004,0.9226,1.4782,0.3470
1.3487,0.0005,1.3914,1.6146,0.3470
1.8092,0.0007,1.1622,1.6332,0.3412
1.6416,0.0007,1.5146,1.1982,0.3546
2.2988,0.0009,1.4362,2.7937,0.4162
1.1688,0.0006,1.1969,0.9277,0.3423
1.2055,0.0006,1.1180,1.2564,0.3423
2.1339,0.0006,1.0712,2.2902,0.3685
1.8100,0.0006,1.2663,0.9314,0.3690
1.1465,0.0006,1.7366,1.4801,0.3372
1.3000,0.0005,1.0895,1.2619,0.3372
1.9025,0.0007,1.1541,2.1621,0.3553
1.2932,0.0006,1.1807,1.1835,0.3553
2.2509,0.0006,1.1943,2.2847,0.3586
1.3618,0.0007,1.6837,1.2925,0.3586
1.5455,0.0007,1.2926,1.7185,0.3603
2.1673,0.0009,1.5678,1.1781,0.3440
1.1032,0.0007,1.7077,1.2285,0.3562
1.0866,0.0007,1.1008,1.0134,0.3656
0.9669,0.0004,1.0351,0.8178,0.3505
1.4553,0.0008,0.9132,1.6590,0.3537
1.2792,0.0004,0.9697,1.0493,0.3558
1.2854,0.0003,0.9382,1.5287,0.3558
1.3994,0.0007,0.9338,1.2314,0.3602
1.5177,0.0006,0.9340,1.4777,0.3436
1.9067,0.0005,0.9767,1.4256,0.3453
1.4236,0.0006,1.7932,1.9980,0.3746
1.1027,0.0004,1.1375,1.1062,0.3520
1.4401,0.0005,1.1905,1.2820,0.3473
1.2701,0.0005,1.3880,1.5138,0.3473
1.3235,0.0005,0.9410,1.1159,0.3617
1.7902,0.0005,0.9532,1.9819,0.3494
1.2698,0.0004,0.9118,0.9337,0.3494
1.5326,0.0007,1.0530,1.4450,0.3396
1.0866,0.0004,1.5979,0.9991,0.3432
1.0571,0.0004,0.9126,1.0944,0.3517
1.1684,0.0004,1.1591,1.3341,0.3517
1.8259,0.0006,0.8777,1.7603,0.3518
1.6752,0.0008,1.0052,1.6599,0.3687
1.7252,0.0006,1.1850,1.4962,0.3616
1.6036,0.0005,1.4130,1.0002,0.3648
1.0477,0.0005,1.5614,1.0002,0.3395
1.1305,0.0006,0.9499,1.3860,0.3617
1.3721,0.0004,0.9580,1.3693,0.3538
1.4189,0.0004,0.8939,1.4167,0.3530
1.4465,0.0004,0.9285,1.4165,0.3335
1.1379,0.0004,0.9195,1.0788,0.3511
1.1860,0.0005,0.9229,1.2491,0.3511
1.6309,0.0004,0.9834,1.2909,0.3546
1.6606,0.0007,1.0073,1.9201,0.3617
2.0329,0.0004,1.1416,1.9556,0.3940
1.7312,0.0005,1.2784,1.8537,0.3390
1.3793,0.0005,1.0042,1.4044,0.3390
1.4212,0.0003,0.9050,1.2352,0.3511
1.1586,0.0004,0.9535,1.3001,0.3432
1.4338,0.0005,0.9499,1.1916,0.3691
1.5627,0.0004,0.9222,1.5923,0.3381
1.7912,0.0005,0.9586,2.0095,0.3499
1.3780,0.0005,0.9688,1.3165,0.3549
1.6944,0.0009,1.0176,1.6937,0.3478
1.2880,0.0005,1.2614,1.1361,0.3619
1.3283,0.0004,1.2926,1.2792,0.3619
1.6364,0.0005,1.1987,1.6438,0.3467
1.1104,0.0004,1.2935,1.0881,0.3467
1.2857,0.0005,0.9838,1.3393,0.3382
1.5175,0.0005,1.0214,1.3826,0.3463
1.2501,0.0004,1.7749,1.1607,0.3692
0.8885,0.0004,0.9320,1.0351,0.3462
1.7782,0.0004,0.9475,1.7331,0.3439
0.9412,0.0003,1.2406,0.7202,0.3439
1.5418,0.0003,0.8969,1.7460,0.3388
1.4022,0.0003,0.9010,1.4137,0.3557
1.6311,0.0004,0.9141,1.5777,0.3557
1.6526,0.0004,1.0400,1.6551,0.3437
1.9014,0.0005,1.0460,1.9124,0.3461
1.2192,0.0004,0.9951,1.0168,0.3461
1.8542,0.0004,0.9671,2.0116,0.3466
1.1913,0.0004,0.9884,1.2332,0.3404
1.1417,0.0004,0.9498,1.0807,0.3404
1.4085,0.0004,0.9796,1.3068,0.3509
1.4747,0.0005,1.0678,1.3879,0.3396
1.1159,0.0004,1.2738,1.3291,0.3396
1.4625,0.0006,0.9504,1.4387,0.3498
2.1270,0.0008,1.0019,1.6059,0.3449
2.2231,0.0006,1.7319,1.1625,0.3801
1.2573,0.0006,2.0144,1.1625,0.3705
0.9905,0.0004,1.0620,0.8701,0.3481
0.9602,0.0004,0.9430,1.2330,0.3554
1.1435,0.0003,0.8968,0.8467,0.3554
1.5572,0.0004,0.9009,1.6278,0.3751
1.4053,0.0005,1.2437,1.4866,0.3554
1.0531,0.0005,1.1541,1.1645,0.3554
1.2994,0.0005,0.9261,1.1058,0.3425
1.8202,0.0006,0.9378,1.9272,0.3581
1.1717,0.0004,1.1855,0.9305,0.3400
1.4731,0.0007,1.0512,1.7306,0.3400
2.2254,0.0008,1.1235,2.1023,0.3489
1.2411,0.0006,1.4409,1.0142,0.3543
1.2312,0.0006,1.0666,1.5283,0.3543
1.2322,0.0008,0.9586,1.0954,0.3583
1.4345,0.0006,0.9355,1.3782,0.3583
1.3000,0.0006,0.9356,1.4183,0.3497
1.1689,0.0005,0.9962,1.1859,0.3442
1.3027,0.0007,1.0718,1.1830,0.3722
1.6011,0.0007,1.1020,1.3624,0.3699
1.5180,0.0004,1.7640,1.8913,0.3657
1.2029,0.0007,0.9781,1.1953,0.3584
1.6159,0.0006,0.9064,1.5557,0.3584
2.2039,0.0005,1.0534,2.1587,0.3745
1.2107,0.0005,1.2052,1.2567,0.3761
1.0083,0.0004,1.0815,0.9414,0.3397
1.2170,0.0003,0.9635,1.2146,0.3397
1.6067,0.0004,0.9434,1.6452,0.3532
1.1101,0.0003,0.9565,1.1250,0.3532
1.9409,0.0004,0.9699,1.9361,0.3501
1.1046,0.0003,0.9647,1.0930,0.3563
1.3222,0.0004,1.0533,1.1767,0.3519
1.1805,0.0005,1.2788,1.2770,0.3490
1.5266,0.0004,1.0105,1.2118,0.3490
1.7756,0.0009,0.9690,2.0370,0.3404
1.7551,0.0006,1.1961,1.6549,0.3589
1.2401,0.0005,1.1652,1.4058,0.3609
1.2783,0.0004,0.9993,1.2823,0.3609
1.3759,0.0004,1.1106,1.1371,0.3442
1.9051,0.0004,1.1441,2.0721,0.3581
1.5105,0.0004,1.1919,1.3195,0.3517
1.2474,0.0004,1.5331,1.0985,0.3353
1.0727,0.0004,1.0402,1.3787,0.3353
1.6440,0.0004,0.8994,1.5730,0.3338
1.3044,0.0006,0.9986,0.9459,0.3379
1.5634,0.0006,1.6756,1.4509,0.3654
1.1481,0.0004,1.2256,1.4214,0.3654
1.4913,0.0008,1.2103,1.3549,0.3805
1.2341,0.0006,1.1705,1.4500,0.3498
1.2735,0.0004,1.0664,1.2645,0.3560
1.2345,0.0005,1.1949,1.2951,0.3388
1.2347,0.0005,0.9770,1.0622,0.3388
1.5850,0.0009,1.1048,1.7004,0.3457
1.4779,0.0009,1.0132,1.2972,0.3629
1.5773,0.0005,1.1051,1.4664,0.3456
1.6413,0.0005,1.0009,1.9672,0.3556
1.0421,0.0004,0.9085,1.0543,0.3556
1.5335,0.0005,0.9069,1.1823,0.3611
1.7350,0.0004,0.9744,1.8786,0.3577
2.1118,0.0006,1.0555,2.2181,0.3560
1.2068,0.0006,1.0550,0.9743,0.3560
2.2382,0.0004,1.0868,2.4807,0.3554
1.1361,0.0004,1.0483,0.9787,0.3554
1.3839,0.0005,1.0175,1.3965,0.3452
1.5510,0.0004,0.9930,1.6898,0.3376
1.1945,0.0003,0.9979,1.0828,0.3376
1.4881,0.0005,0.9966,1.5610,0.3473
1.9791,0.0004,0.9994,1.6982,0.3426
1.2251,0.0004,1.3823,0.9795,0.3442
1.8252,0.0003,1.1795,2.2004,0.3442
1.2501,0.0004,1.0475,1.0463,0.3735
1.4925,0.0004,1.1534,1.4691,0.3462
1.2637,0.0004,1.3962,1.3660,0.3462
2.0760,0.0003,0.9736,2.0670,0.3419
1.1504,0.0004,1.2537,0.9167,0.3346
0.9668,0.0004,1.0051,1.0379,0.3344
1.3122,0.0004,0.9491,1.3910,0.3344
1.6237,0.0004,0.9951,1.4234,0.3502
1.2005,0.0006,1.7816,1.0820,0.3555
0.9459,0.0004,0.9818,0.8167,0.3372
1.4387,0.0004,0.9173,1.6282,0.3559
1.3643,0.0005,1.0446,1.3743,0.3559
1.2690,0.0005,1.0060,1.1825,0.3739
1.4892,0.0005,0.9940,1.3768,0.3529
1.6314,0.0007,0.9758,1.8066,0.3529
1.7318,0.0006,1.0528,1.7252,0.3382
1.3610,0.0005,1.0451,1.3851,0.3484
1.1662,0.0004,0.9495,1.0228,0.3580
1.4986,0.0004,0.9312,1.3534,0.3515
1.4052,0.0003,0.9201,1.5171,0.3515
1.9612,0.0005,0.9458,2.0710,0.3509
1.2667,0.0005,1.1297,1.1088,0.3509
1.7899,0.0004,1.0664,1.8435,0.3447
1.4674,0.0005,1.4122,1.5868,0.3673
1.5877,0.0006,1.0391,1.5904,0.3478
1.8070,0.0003,1.1361,1.7788,0.3417
1.2187,0.0003,1.1060,1.2561,0.3652
1.4660,0.0004,0.9681,1.2424,0.3652
1.9042,0.0003,0.9875,1.9275,0.3637
1.4792,0.0006,1.3343,0.9566,0.3463
1.2749,0.0005,1.5710,1.1837,0.3563
1.1402,0.0006,0.9806,1.4173,0.3457
1.1754,0.0004,1.0331,1.0480,0.3457
1.7430,0.0005,0.9551,1.8000,0.3587
1.4417,0.0006,1.0915,1.1215,0.3748
1.5234,0.0005,1.2868,1.7828,0.3748
1.8805,0.0005,1.4394,1.4514,0.3675
1.5871,0.0005,1.1186,2.0579,0.3368
1.9468,0.0006,1.1754,1.9173,0.3435
1.6289,0.0004,1.1208,1.6834,0.3435
1.4604,0.0006,1.0465,1.1827,0.3547
1.5391,0.0006,1.0152,1.8277,0.3490
2.1037,0.0005,0.9885,2.0212,0.3425
1.3276,0.0005,1.1492,1.0526,0.3425
2.3817,0.0010,1.2378,2.6425,0.3693
1.7182,0.0005,1.1588,1.7489,0.3588
1.3025,0.0004,1.0417,1.3186,0.3588
1.3934,0.0005,1.0235,1.0406,0.3394
1.6767,0.0003,0.9662,1.8670,0.3435
2.0587,0.0005,1.0315,2.1570,0.3505
1.1665,0.0005,1.1015,0.9294,0.3505
1.5158,0.0005,1.0502,1.6654,0.3408
2.0619,0.0008,1.0057,2.1431,0.3439
1.9077,0.0010,1.3168,1.4510,0.4044
1.5151,0.0006,2.0094,1.3470,0.3523
1.3834,0.0007,1.1902,1.1982,0.3510
1.1676,0.0005,1.3730,1.5476,0.3447
1.3475,0.0003,0.9709,1.4742,0.3447
1.5045,0.0005,0.9235,1.3085,0.3442
1.8440,0.0004,0.9726,2.0191,0.3346
1.2416,0.0004,0.9706,0.9837,0.3372
1.1928,0.0005,1.2671,1.4300,0.3372
1.3377,0.0004,0.9591,1.2602,0.3566
1.6072,0.0006,0.9505,1.3229,0.3561
1.4312,0.0006,1.3530,1.6530,0.3561
1.9050,0.0007,1.1656,1.6988,0.3846
1.5674,0.0007,1.3431,1.8463,0.3454
1.4382,0.0008,1.2494,1.2496,0.3454
1.6418,0.0007,1.1547,1.8527,0.3481
1.5805,0.0007,1.0765,1.4877,0.3616
1.4973,0.0005,1.0527,1.3937,0.3476
1.5297,0.0006,1.2675,1.5634,0.3589
1.4822,0.0006,1.1444,1.6507,0.3426
1.2639,0.0006,0.9571,1.2495,0.3453
1.0695,0.0007,0.9952,1.0791,0.3453
1.3624,0.0006,0.9687,1.3157,0.3376
1.8606,0.0006,1.0933,1.6099,0.3780
1.4458,0.0005,1.1303,1.5182,0.3780
1.4491,0.0006,0.9967,1.4861,0.3553
1.5449,0.0006,0.9645,1.4432,0.3483
1.2488,0.0004,0.9954,1.3679,0.3504
1.4355,0.0005,0.9200,1.3146,0.3439
1.3507,0.0003,0.9051,1.5808,0.3541
1.5177,0.0004,0.9458,1.1983,0.3478
1.0884,0.0004,1.2814,1.2088,0.3512
1.3092,0.0006,0.9707,1.3123,0.3512
2.1153,0.0004,0.9334,2.1339,0.3337
1.4346,0.0005,1.2602,1.5603,0.3675
1.5889,0.0009,1.1074,1.5851,0.3683
1.0763,0.0006,1.0200,0.9942,0.3683
1.4230,0.0007,0.9708,1.5285,0.3409
1.3369,0.0004,0.9803,1.1981,0.3409
1.7546,0.0003,0.9946,1.8577,0.3341
1.7867,0.0005,0.9572,1.8314,0.3467
1.3662,0.0004,0.9520,1.3683,0.3467
1.4349,0.0006,0.9368,1.3383,0.3458
1.5150,0.0005,1.0016,1.4534,0.3603
1.8981,0.0006,1.0409,1.9901,0.3405
1.8774,0.0008,1.1771,1.0797,0.5260
1.2857,0.0005,1.8772,1.3904,0.3960
0.9788,0.0004,1.1232,1.0263,0.3305
1.5270,0.0006,0.9110,1.7481,0.3305
1.3498,0.0005,0.9641,1.3273,0.3337
1.3682,0.0007,1.0597,1.3607,0.3514
1.3392,0.0003,1.0060,1.0944,0.3514
1.7483,0.0004,0.9659,1.8336,0.3590
1.1992,0.0005,1.2847,1.3099,0.3590
1.4864,0.0005,1.0365,1.2899,0.3456
1.2676,0.0003,1.0345,1.5157,0.3456
1.5254,0.0006,0.9787,1.2104,0.3412
1.7785,0.0008,1.2366,1.8306,0.3690
1.7628,0.0005,1.2120,1.9984,0.3591
1.6640,0.0006,1.0950,1.5049,0.3537
1.1948,0.0006,1.2341,1.3653,0.3634
1.4027,0.0004,0.9500,1.2577,0.3394
1.8492,0.0005,1.1883,1.7939,0.3370
1.3466,0.0005,1.4906,1.0547,0.3522
1.2330,0.0004,0.9864,1.3923,0.3522
1.5399,0.0005,0.9375,1.4501,0.3622
1.4716,0.0005,0.9134,1.4779,0.3652
1.1806,0.0008,1.2007,1.1898,0.3652
1.8676,0.0006,0.9975,1.9998,0.3580
1.6643,0.0004,1.0277,1.6912,0.3543
1.1080,0.0005,1.0318,0.8891,0.3543
1.4105,0.0006,0.9955,1.5949,0.3335
1.3867,0.0006,0.9637,1.2905,0.3606
1.4801,0.0005,1.0133,1.3665,0.3443
1.3591,0.0005,1.3552,1.5858,0.3572
1.2085,0.0006,1.0268,1.0719,0.3375
1.6775,0.0004,0.9568,1.8021,0.3608
1.4457,0.0006,1.0872,0.9500,0.3457
0.9967,0.0005,1.3639,1.3398,0.3517
1.8280,0.0005,0.9703,1.8744,0.3517
2.2377,0.0007,1.2429,2.2582,0.3853
1.4475,0.0008,1.3307,0.8327,0.3591
0.9356,0.0006,1.3187,1.4237,0.3591
1.3702,0.0006,0.9102,1.2195,0.3388
1.4675,0.0006,0.9759,1.5636,0.3410
1.5691,0.0005,1.2127,1.3544,0.3577
1.2328,0.0005,1.3399,1.3339,0.3577
1.5291,0.0004,0.9755,1.6815,0.3551
1.1225,0.0004,0.9465,1.0917,0.3568
1.2079,0.0005,0.9714,1.1933,0.3495
1.3652,0.0004,0.9945,1.4000,0.3461
1.5521,0.0004,0.9574,1.2834,0.3498
1.6861,0.0005,1.1308,1.5286,0.3875
1.1376,0.0010,1.0524,1.5190,0.3665
2.1073,0.0004,1.0028,2.0991,0.3457
1.1777,0.0005,1.0061,0.7888,0.3447
1.0912,0.0008,1.1512,1.4729,0.3447
1.4929,0.0005,0.9162,1.4238,0.3316
1.5017,0.0006,0.9342,1.5884,0.3461
1.1809,0.0005,0.9711,1.1806,0.3609
1.1715,0.0004,0.9196,1.1655,0.3587
1.7292,0.0005,0.9091,1.6698,0.3516
1.1482,0.0005,0.9861,0.9573,0.3516
2.0904,0.0006,1.0282,2.2029,0.3533
1.7039,0.0005,1.2639,1.5489,0.3995
1.5691,0.0005,1.6429,1.2691,0.3522
1.2000,0.0006,1.3219,1.5972,0.3637
1.3213,0.0005,1.2155,1.1307,0.3637
1.4368,0.0007,1.4075,1.6072,0.3497
1.6879,0.0007,1.2218,1.5024,0.3574
1.7184,0.0006,1.1974,1.8038,0.3574
1.8901,0.0006,1.1497,1.9836,0.3420
1.3256,0.0008,1.3345,1.3713,0.3384
1.3561,0.0009,1.0915,1.3310,0.3384
1.7394,0.0008,1.1693,1.6354,0.3419
1.5404,0.0004,1.2240,1.4766,0.3455
1.6788,0.0007,1.1766,1.5005,0.3455
2.0149,0.0006,1.2812,2.0106,0.3363
1.7743,0.0004,1.3434,2.0493,0.3470
2.1293,0.0008,1.2486,2.1200,0.3667
1.2024,0.0005,1.2085,1.1616,0.3667
1.9782,0.0005,1.1721,2.0414,0.3301
1.3964,0.0004,1.1515,1.4178,0.3571
2.3252,0.0007,1.1931,1.8383,0.3864
1.6009,0.0007,1.8342,1.9247,0.3643
1.9437,0.0008,1.4477,2.0263,0.3378
1.3967,0.0007,1.2378,1.4291,0.3378
1.8772,0.0008,1.1351,1.4464,0.3381
2.2337,0.0007,1.4595,2.4988,0.3541
1.5005,0.0007,1.7627,1.6222,0.3598
1.2715,0.0007,1.2384,1.3117,0.3598
1.6331,0.0007,1.1274,1.4471,0.3480
2.1653,0.0010,1.2242,2.1763,0.3644
1.9026,0.0016,1.4152,1.9655,0.3622
1.7532,0.0007,1.4654,1.7848,0.3401
1.6921,0.0008,1.2511,1.5103,0.3401
2.3352,0.0006,1.2844,2.3154,0.3471
1.4951,0.0006,1.6043,1.6531,0.3471
2.3421,0.0008,1.2716,2.3346,0.3406
1.3992,0.0011,1.7047,1.4352,0.3406
1.5796,0.0008,1.3885,1.4785,0.3492
2.1832,0.0012,1.2891,2.1933,0.3710
1.5962,0.0008,1.3531,1.4890,0.3710
1.7898,0.0010,1.3847,1.9014,0.3528
1.5831,0.0007,1.1380,1.4810,0.3519
1.7115,0.0008,1.1506,1.8890,0.3518
1.3551,0.0009,1.1188,1.1762,0.3473
1.5493,0.0007,1.1082,1.7313,0.3473
1.6911,0.0008,1.1574,1.2074,0.3572
1.6602,0.0005,1.4767,2.1161,0.3453
1.0705,0.0007,1.0749,1.0171,0.3453
1.7705,0.0006,1.0650,1.5952,0.3479
2.0008,0.0008,1.0914,2.1513,0.3973
1.3914,0.0007,1.5250,1.4224,0.3973
1.6445,0.0008,1.2374,1.6464,0.3654
1.5041,0.0005,1.1724,1.5297,0.3320
1.4845,0.0004,1.1293,1.3659,0.3402
1.2354,0.0005,1.5300,1.3601,0.3395
1.5794,0.0004,0.9722,1.1564,0.3389
1.4825,0.0007,1.3364,1.7225,0.3389
1.9257,0.0006,1.3456,1.8168,0.3392
1.3425,0.0006,1.4684,1.3520,0.3392
1.9509,0.0006,1.2230,2.0067,0.3397
2.0949,0.0008,1.3259,2.0812,0.3698
1.2714,0.0005,1.4944,1.2582,0.3698
1.9487,0.0005,1.1026,2.1169,0.3305
1.6674,0.0005,1.0434,1.5137,0.3305
1.5701,0.0004,1.0717,1.7269,0.3408
1.4294,0.0005,1.0234,1.1748,0.3408
1.3260,0.0007,1.0452,1.6026,0.3429
1.3507,0.0005,1.0264,1.1434,0.3626
1.9125,0.0006,1.3389,2.0787,0.3443
1.8778,0.0006,1.4022,1.5955,0.3443
1.4511,0.0008,1.6556,1.3482,0.3487
1.1377,0.0006,1.1984,1.3986,0.3795
1.4956,0.0007,1.0387,1.4422,0.3510
1.5932,0.0006,1.0192,1.5569,0.3556
1.1592,0.0005,1.3333,1.2008,0.3446
1.1441,0.0006,1.0598,1.2995,0.3446
1.4221,0.0006,1.0391,1.2099,0.3687
1.4560,0.0004,1.3884,1.2745,0.3405
1.4238,0.0007,1.6034,1.5046,0.3739
1.2499,0.0006,1.0973,1.3569,0.3381
1.8506,0.0006,1.0776,1.9892,0.3412
1.7459,0.0008,1.1561,1.5132,0.3694
1.3323,0.0011,1.5318,1.3384,0.3651
1.6674,0.0007,1.1903,1.6385,0.3599
1.7029,0.0006,1.2539,1.9580,0.3547
1.3398,0.0004,1.0391,1.1425,0.3523
2.0945,0.0006,1.0414,2.2552,0.3524
1.4585,0.0004,1.0689,1.4824,0.3449
1.3327,0.0005,1.1016,1.3480,0.3449
1.5708,0.0005,1.0313,1.2205,0.3415
1.8304,0.0006,1.1101,1.7905,0.3522
2.0546,0.0007,1.3581,1.9822,0.3542
2.0906,0.0009,2.0487,1.3637,0.3671
1.2849,0.0005,1.7318,1.2320,0.3463
1.0980,0.0004,1.1292,0.9641,0.3438
0.9877,0.0004,1.0499,1.2066,0.3632
1.1945,0.0004,0.9610,1.2879,0.3632
1.7214,0.0005,0.9811,1.3913,0.3591
1.6988,0.0007,1.1544,1.9560,0.3500
1.8063,0.0008,1.1537,1.7434,0.3500
1.7131,0.0006,1.2407,1.7847,0.3526
1.5417,0.0005,1.1169,1.5265,0.3633
1.4664,0.0009,1.1202,1.3277,0.3633
2.2848,0.0011,1.3042,2.3442,0.3474
1.2871,0.0006,1.2872,1.3579,0.3649
1.4828,0.0005,1.1211,1.4618,0.3578
1.3050,0.0005,1.0360,1.3231,0.3438
1.5183,0.0005,0.9551,1.4417,0.3438
1.6596,0.0005,0.9362,1.7232,0.3564
1.7271,0.0007,1.0506,1.6924,0.3415
1.4896,0.0006,1.1566,1.3756,0.3477
1.8448,0.0006,1.1023,1.9790,0.3465
1.4685,0.0007,1.0328,1.4019,0.3465
1.4830,0.0005,1.4482,1.1816,0.3711
1.5089,0.0006,1.1143,1.8527,0.3439
1.6696,0.0004,1.0148,1.6625,0.3436
1.3679,0.0003,1.0266,1.1952,0.3436
1.9284,0.0007,1.0081,2.0654,0.3613
1.5621,0.0005,1.0454,1.5622,0.3464
1.5727,0.0007,1.0614,1.5158,0.3649
1.1133,0.0006,1.1450,0.9735,0.3649
1.8452,0.0004,1.0458,2.0500,0.3469
1.3329,0.0005,0.9978,1.3470,0.3591
1.3734,0.0007,0.9425,1.1079,0.3591
1.9434,0.0008,1.0685,2.1072,0.3625
1.4065,0.0006,1.2537,1.4583,0.3625
1.7612,0.0006,1.1094,1.4497,0.3446
1.7468,0.0007,1.0602,2.0398,0.3573
1.5497,0.0006,1.0772,1.2442,0.3573
2.2725,0.0006,1.1310,2.5239,0.3574
1.2259,0.0005,1.4222,1.2984,0.3645
1.6462,0.0007,1.0656,1.4029,0.3503
1.0926,0.0005,1.3276,0.9835,0.3412
1.3304,0.0004,0.9176,1.4402,0.3385
1.5731,0.0006,1.0580,1.4629,0.3385
2.2038,0.0006,1.1673,2.3839,0.3656
1.6047,0.0008,1.1373,1.3133,0.3638
1.2019,0.0005,1.4889,1.4096,0.3638
1.4548,0.0006,0.9907,1.5684,0.3428
1.7569,0.0007,1.0025,1.6947,0.3475
1.6224,0.0005,1.1587,1.6368,0.3563
1.5517,0.0006,1.2446,0.9837,0.3431
1.1927,0.0004,1.5361,1.3506,0.3384
1.5665,0.0005,1.0113,1.8551,0.3549
1.3554,0.0006,0.9743,1.3223,0.3549
1.5091,0.0007,1.0955,1.4490,0.3675
1.8721,0.0006,1.2533,1.8100,0.3899
1.3499,0.0008,1.4672,1.1376,0.3453
1.5311,0.0008,1.1507,1.5643,0.3453
1.8869,0.0005,1.0415,2.1167,0.3500
1.3771,0.0003,1.0916,1.4442,0.3500
1.5084,0.0006,1.0266,1.2887,0.3415
1.1623,0.0005,1.3541,1.1577,0.3415
1.8087,0.0006,1.0453,2.0063,0.3393
1.5088,0.0005,1.0240,1.3475,0.3559
1.1493,0.0007,1.3220,1.1137,0.3559
1.7208,0.0006,1.0316,1.8571,0.3732
1.9293,0.0005,1.1839,1.7439,0.3676
1.4055,0.0005,1.5308,1.6122,0.3515
1.4635,0.0005,1.0760,1.4588,0.3515
1.4643,0.0006,1.0750,1.3084,0.3665
1.8020,0.0006,1.1370,1.5451,0.3541
2.0765,0.0005,1.1092,2.2625,0.3416
1.4039,0.0005,1.5627,0.9869,0.3543
1.0983,0.0004,1.1211,1.2820,0.3494
1.5590,0.0006,1.0158,1.5538,0.3402
1.6169,0.0007,1.0136,1.7322,0.3402
1.5409,0.0005,1.1927,1.5665,0.3754
1.7512,0.0005,1.1843,1.5821,0.3754
1.5127,0.0007,1.0932,1.5283,0.3597
1.7365,0.0006,1.3546,1.8858,0.3312
1.5073,0.0005,1.0893,1.5172,0.3312
1.6940,0.0005,1.0782,1.6742,0.3481
1.2365,0.0005,1.0883,1.2523,0.3481
1.4091,0.0005,1.0099,1.1875,0.3384
1.4253,0.0005,1.0227,1.6375,0.3604
1.4861,0.0006,1.0439,1.1872,0.3505
1.8001,0.0009,1.0789,1.9981,0.3785
1.4015,0.0009,1.2909,1.4680,0.3591
1.4567,0.0008,1.1121,1.3036,0.3591
1.5356,0.0007,1.1085,1.6426,0.3561
1.2879,0.0006,1.1418,1.2978,0.3465
1.8609,0.0005,1.0689,1.8260,0.3434
1.6185,0.0005,1.1134,1.3362,0.3448
1.4491,0.0005,1.4976,1.7559,0.3448
1.5594,0.0005,1.1387,1.4272,0.3497
1.6584,0.0004,1.0448,1.7824,0.3443
1.7979,0.0005,1.1462,1.7675,0.3443
1.7678,0.0006,1.3439,1.3620,0.3579
1.9881,0.0008,1.2882,2.3680,0.3585
1.5967,0.0005,1.2340,1.6258,0.3708
1.2103,0.0004,1.1152,1.1248,0.3708
1.2483,0.0005,1.1375,1.3631,0.3391
1.3141,0.0004,1.0239,1.2499,0.3700
1.3736,0.0005,1.0410,1.2864,0.3700
2.3544,0.0005,1.0433,2.4290,0.3652
1.1755,0.0006,1.1509,0.9485,0.3652
1.6072,0.0004,1.1124,1.8646,0.3372
2.2809,0.0005,1.0458,2.1948,0.3420
1.2690,0.0006,1.2770,0.9207,0.3858
1.3583,0.0007,1.1961,1.7374,0.3858
1.3454,0.0005,1.0994,1.3169,0.3489
1.6196,0.0009,1.0616,1.4034,0.3430
1.8407,0.0009,1.1162,2.0719,0.3449
1.4612,0.0006,1.0629,1.4671,0.3446
1.7409,0.0005,1.0279,1.6953,0.3555
1.2451,0.0003,1.0240,1.2652,0.3568
1.4169,0.0006,0.9974,1.2714,0.3568
1.6396,0.0007,1.0269,1.6310,0.3420
2.3727,0.0008,1.0738,2.3354,0.3575
1.2745,0.0006,1.4852,1.3125,0.3575
1.8384,0.0006,1.2041,1.9231,0.3445
1.2921,0.0007,1.1047,1.2014,0.3445
1.8050,0.0005,1.1322,1.7966,0.3604
1.6953,0.0008,1.1755,1.4862,0.3354
1.4142,0.0004,1.1508,1.4856,0.3354
1.5230,0.0006,1.0754,1.7412,0.3544
1.4777,0.0006,1.0733,1.3434,0.3571
1.6734,0.0008,1.0932,1.4100,0.3480
1.8033,0.0008,1.7490,1.3934,0.3480
1.3801,0.0006,1.4114,1.8858,0.3594
1.5239,0.0004,1.1707,1.3579,0.3930
16.5765,0.0009,15.9460,1.8569,0.3518
1.3253,0.0006,1.7307,1.5972,0.3518
1.2685,0.0004,1.4249,1.4621,0.3699
1.6312,0.0004,1.0015,1.8346,0.3446
1.2998,0.0006,1.0238,1.0116,0.3446
1.7655,0.0005,1.0621,2.0482,0.3325
1.7424,0.0006,1.0544,1.7249,0.3372
1.1896,0.0007,1.1072,0.9387,0.3372
2.2032,0.0006,1.0759,2.4175,0.3460
1.4714,0.0006,1.1413,1.4085,0.3460
2.2210,0.0005,1.2531,2.2184,0.3846
1.1441,0.0005,1.2160,1.0202,0.3846
1.9649,0.0006,1.1073,2.1077,0.3324
1.6960,0.0006,1.1125,1.7002,0.3275
1.4872,0.0006,1.1254,1.5104,0.3290
1.2758,0.0005,1.0172,1.0772,0.3290
2.0898,0.0007,1.0750,2.2382,0.3303
1.5595,0.0005,1.1196,1.2669,0.3400
1.7923,0.0006,1.4583,2.0618,0.3344
2.0054,0.0007,1.2048,1.9554,0.3722
1.4449,0.0007,1.3085,1.0843,0.3722
1.8478,0.0006,1.1409,2.2784,0.3502
1.4332,0.0005,1.0775,1.1579,0.3440
1.7159,0.0005,1.0995,1.6877,0.3540
1.5540,0.0006,1.3410,1.6547,0.3540
2.1031,0.0007,1.0941,2.0442,0.3415
1.2404,0.0007,1.4727,1.2221,0.3415
1.6238,0.0007,1.0609,1.8455,0.3478
1.9215,0.0008,1.0669,1.6218,0.3483
1.3599,0.0006,1.5309,1.3269,0.3483
1.3648,0.0006,1.2063,1.6941,0.5644
1.6952,0.0006,1.1909,1.2681,0.3607
1.3145,0.0004,1.8352,1.1322,0.3429
1.0174,0.0005,1.0642,1.1947,0.3429
1.2170,0.0007,1.0010,1.3486,0.3435
1.3557,0.0005,1.0048,1.2713,0.3321
1.0162,0.0004,1.0962,1.0171,0.3460
1.2745,0.0005,1.0004,1.3389,0.3460
1.7674,0.0007,1.0182,1.7375,0.3393
1.5369,0.0006,1.0850,1.5552,0.3493
1.0531,0.0004,1.0730,0.7872,0.3461
1.6922,0.0008,1.0003,1.6194,0.3461
1.5802,0.0006,1.1763,1.8539,0.3526
1.6234,0.0007,1.2165,1.4077,0.3480
1.2733,0.0005,1.3317,1.4611,0.3480
1.6717,0.0170,1.0322,1.6371,0.3343
1.7571,0.0007,1.2786,1.1507,0.3462
1.7165,0.0006,2.0533,1.3709,0.3508
1.1291,0.0004,1.2896,0.9937,0.3581
0.9962,0.0004,1.0507,1.3128,0.3581
1.6658,0.0006,0.9501,1.4686,0.3563
1.6310,0.0006,1.0135,1.6650,0.3516
1.6675,0.0006,1.0981,1.7417,0.3603
1.8362,0.0006,1.2413,1.6558,0.3908
1.3921,0.0004,1.6195,1.3204,0.3620
1.4275,0.0007,1.1488,1.7317,0.3512
1.1813,0.0006,1.0755,1.1945,0.3512
1.2338,0.0005,1.0826,1.2360,0.3381
1.4850,0.0006,1.1608,1.3320,0.3552
2.1849,0.0005,1.1255,2.2726,0.3494
1.5703,0.0005,1.0946,1.6001,0.3475
1.1137,0.0004,1.1579,0.9736,0.3475
1.3728,0.0007,1.0208,1.5128,0.3475
1.8095,0.0009,1.0108,1.6680,0.3402
1.5889,0.0008,1.3436,1.4843,0.3531
1.6148,0.0004,1.2769,1.6965,0.3725
2.0459,0.0007,1.0793,2.1494,0.3411
1.5624,0.0006,1.1524,1.5835,0.3603
1.2045,0.0005,1.1462,1.2329,0.3603
1.8715,0.0003,1.0613,1.8544,0.3388
2.0650,0.0008,1.0246,2.0580,0.3558
1.1357,0.0005,1.0634,1.1479,0.3558
1.8250,0.0007,1.0255,1.8130,0.3429
1.5018,0.0008,1.0298,1.4738,0.3643
1.5606,0.0005,1.2101,1.1180,0.3808
1.3542,0.0006,1.5495,1.7841,0.3420
1.5868,0.0005,1.1144,1.5369,0.3420
2.1270,0.0007,1.0919,2.0296,0.3455
1.4457,0.0007,1.3639,1.5303,0.3515
1.6908,0.0006,1.2687,1.6923,0.3400
1.5704,0.0008,1.1469,1.5725,0.3400
1.8316,0.0008,1.1607,1.4842,0.3354
2.1304,0.0010,1.2787,2.3925,0.3368
2.0344,0.0012,1.4876,2.0158,0.3573
1.7134,0.0007,1.7740,1.7602,0.3706
1.6259,0.0007,1.3418,1.6177,0.3486
1.8352,0.0006,1.4188,1.5176,0.3575
2.2030,0.0009,1.5879,2.4905,0.3476
1.5016,0.0009,1.2962,1.5335,0.3480
1.3780,0.0006,1.2322,1.2776,0.3480
2.3169,0.0008,1.2167,2.2913,0.3316
1.2495,0.0009,1.3197,0.9616,0.3448
1.6207,0.0009,1.2360,1.7346,0.3448
1.6348,0.0008,1.8954,1.3554,0.3558
2.1993,0.0010,1.3381,2.5945,0.3503
1.5273,0.0010,1.4798,1.5692,0.3650
1.6287,0.0007,1.1839,1.6501,0.3650
1.8647,0.0005,1.1243,1.7974,0.3345
1.5113,0.0006,1.2205,1.5446,0.3345
1.5033,0.0006,1.1462,1.4817,0.3386
1.6836,0.0008,1.1891,1.5793,0.3443
1.6295,0.0007,1.2208,1.7419,0.3403
2.2145,0.0008,1.1866,2.0952,0.3678
1.5001,0.0010,1.3882,1.5560,0.3678
2.3814,0.0008,1.4577,2.3035,0.3589
1.5251,0.0012,1.6308,1.3194,0.3589
2.4003,0.0009,1.4263,2.6223,0.3377
1.7478,0.0007,1.4277,1.5825,0.3440
1.7037,0.0008,1.6493,1.9178,0.3448
1.5013,0.0009,1.2711,1.5467,0.3439
1.9431,0.0007,1.0996,1.6466,0.3401
1.3918,0.0007,1.5504,1.3478,0.3401
1.7847,0.0010,1.2598,1.9818,0.3537
2.1713,0.0007,1.3560,2.1914,0.3574
1.4770,0.0009,1.3198,1.5302,0.3493
1.4247,0.0007,1.2087,1.3890,0.3438
1.8254,0.0008,1.1577,1.4821,0.3438
2.1675,0.0006,1.1398,2.4528,0.3501
1.3515,0.0009,1.2192,1.2704,0.3501
1.8458,0.0007,1.2224,1.9717,0.3423
1.9632,0.0012,1.1409,1.9561,0.3374
1.6809,0.0006,1.4356,1.3893,0.3374
2.4120,0.0007,1.4471,2.4907,0.3420
1.4575,0.0007,1.5886,1.3163,0.3420
2.2008,0.0006,1.2826,2.4706,0.3804
1.4943,0.0009,1.2363,1.5413,0.3434
1.6660,0.0006,1.1868,1.4926,0.3405
1.3699,0.0006,1.5244,0.7966,0.3506
1.1840,0.0005,1.1159,1.5242,0.3567
1.5062,0.0006,1.0177,1.5023,0.3486
1.4951,0.0008,1.0899,1.1434,0.3701
1.7057,0.0008,1.6747,1.9633,0.3701
1.7761,0.0008,1.2695,1.5765,0.3699
2.0277,0.0011,1.2192,2.1802,0.3586
1.9570,0.0006,1.3295,1.7338,0.3384
1.5019,0.0006,1.7526,1.3807,0.3437
1.3362,0.0007,1.2601,1.7387,0.3302
1.7713,0.0005,1.1303,1.7499,0.3302
1.2361,0.0008,1.1784,1.2436,0.3381
1.7386,0.0006,1.1107,1.7607,0.3502
1.1194,0.0007,1.1103,0.9405,0.3502
1.8662,0.0009,1.0580,1.9327,0.3434
1.6127,0.0008,1.3086,1.6636,0.3434
1.9857,0.0008,1.3806,1.9736,0.3424
1.4561,0.0006,1.2915,1.3147,0.3424
1.8165,0.0006,1.3586,1.9396,0.3353
1.8663,0.0009,1.3890,1.7699,0.3395
1.8598,0.0008,1.3694,1.9518,0.3686
1.7908,0.0011,1.2192,1.7575,0.3434
1.8496,0.0006,1.2430,1.8836,0.3466
1.5768,0.0007,1.2498,1.5769,0.3396
1.7204,0.0009,1.1876,1.3388,0.3869
1.5419,0.0007,2.0339,1.8666,0.3897
1.4174,0.0007,1.1747,1.4706,0.3461
1.1393,0.0007,1.0586,1.1637,0.3626
1.4637,0.0006,1.0351,1.1218,0.3501
1.6403,0.0008,1.1872,1.7964,0.3501
1.5734,0.0005,1.0369,1.5842,0.3535
1.7512,0.0007,1.0641,1.8730,0.3446
1.7508,0.0004,1.0843,1.6460,0.3446
1.2062,0.0005,1.3256,1.1641,0.3391
1.5419,0.0008,1.0748,1.4281,0.3391
2.4380,0.0007,1.3165,2.5937,0.3617
1.5789,0.0006,1.3623,1.6488,0.3528
1.2402,0.0004,1.1499,1.1257,0.3517
1.7254,0.0008,1.0281,1.7088,0.3517
1.6309,0.0005,1.2091,1.5355,0.3515
1.5769,0.0005,1.1486,1.6831,0.3515
2.3255,0.0005,1.1060,2.4178,0.3636
1.2964,0.0005,1.0854,1.3276,0.3474
1.4009,0.0004,1.0177,1.4101,0.3474
1.7285,0.0007,0.9471,1.6553,0.3562
2.0341,0.0006,1.1433,1.9941,0.3542
1.3501,0.0005,1.2448,1.4160,0.3651
1.2698,0.0005,1.1088,1.0379,0.3651
1.8871,0.0006,1.0399,2.0804,0.3456
1.4826,0.0006,1.0717,1.4987,0.3412
2.1913,0.0006,1.0693,2.0523,0.3565
1.3727,0.0004,1.4100,1.2676,0.3565
2.0910,0.0006,1.1307,2.2815,0.3415
1.1492,0.0004,1.0993,1.1084,0.3415
2.0573,0.0006,1.0750,2.0041,0.3384
1.2686,0.0007,1.0898,1.2213,0.3384
1.9517,0.0007,1.1541,1.8900,0.3530
1.7899,0.0009,1.1628,1.9659,0.3345
1.5807,0.0009,1.0872,1.5869,0.3534
1.7711,0.0007,1.0444,1.7423,0.3487
1.8223,0.0007,1.0762,1.6708,0.3483
1.3585,0.0005,1.4217,1.3446,0.3483
1.6923,0.0004,1.0515,1.8669,0.3443
1.6415,0.0005,1.0173,1.6201,0.3322
2.1679,0.0008,1.0655,1.6581,0.3411
1.4275,0.0006,1.8020,1.6079,0.3411
1.3647,0.0006,1.1771,1.6622,0.3645
1.2322,0.0006,1.0571,1.2541,0.3368
1.5272,0.0006,1.0098,1.2614,0.3358
1.2064,0.0008,1.2929,1.3411,0.3358
1.4934,0.0006,1.0856,1.5006,0.3304
1.9217,0.0007,1.1787,1.9940,0.3472
1.2144,0.0005,1.0747,1.2489,0.3314
1.6093,0.0003,0.9822,1.5971,0.3314
1.3519,0.0004,0.9569,1.3355,0.3379
1.9334,0.0006,0.9614,1.3416,0.3544
2.2988,0.0006,1.9396,1.0530,0.3769
1.3355,0.0007,1.9951,1.0530,0.3742
1.0273,0.0006,1.1107,0.9394,0.3597
0.9356,0.0006,0.9912,1.1535,0.3536
1.6010,0.0006,0.9636,1.4798,0.3350
1.7830,0.0007,0.9937,1.6964,0.3480
1.5123,0.0004,1.2851,1.3767,0.3376
1.5601,0.0005,1.4996,1.7267,0.3651
1.4008,0.0005,1.3323,1.5064,0.3482
1.5547,0.0006,1.1660,1.6771,0.3482
1.5642,0.0009,1.1001,1.2711,0.3435
2.1661,0.0006,1.4239,2.3475,0.3665
1.2796,0.0007,1.3023,1.1875,0.3665
2.0523,0.0008,1.1863,1.9435,0.3529
1.2925,0.0007,1.4106,0.8778,0.3908
1.4439,0.0006,1.2123,1.8171,0.3649
1.5383,0.0006,1.1541,1.5594,0.3594
1.5791,0.0005,1.0893,1.5629,0.3359
1.3829,0.0006,1.0361,1.3465,0.3375
1.5875,0.0007,1.1304,1.3714,0.3375
1.5379,0.0006,1.0743,1.6567,0.3518
1.7748,0.0009,1.2757,1.7290,0.3461
1.5512,0.0009,1.9424,1.4940,0.3942
1.5615,0.0008,1.2508,1.6635,0.3579
2.2724,0.0007,1.2969,2.1901,0.3395
1.2621,0.0007,1.3518,1.4556,0.3477
1.5376,0.0011,1.0472,1.5332,0.3477
1.7497,0.0007,1.0281,1.7299,0.3437
1.0772,0.0007,1.0870,0.9656,0.3479
1.1429,0.0006,1.0080,1.2585,0.3479
1.4560,0.0006,0.9856,1.2643,0.3465
2.1706,0.0008,0.9801,2.0907,0.3552
1.6132,0.0008,1.6689,1.2910,0.3552
1.3699,0.0008,1.2342,1.7000,0.3836
1.6870,0.0006,1.1558,1.4035,0.3797
1.5596,0.0006,1.3902,1.8947,0.3353
2.0368,0.0006,1.4126,1.9419,0.3472
1.3520,0.0005,1.3085,1.4713,0.3472
2.0216,0.0005,1.1356,2.0030,0.3365
1.7129,0.0004,1.0590,1.7043,0.3414
1.2678,0.0005,1.0691,1.2974,0.3414
1.6362,0.0009,1.0784,1.4130,0.3507
2.0586,0.0010,1.1983,2.1607,0.3592
1.4589,0.0006,1.3613,1.2150,0.3592
1.8275,0.0007,1.4941,1.9136,0.3597
1.7448,0.0006,1.5838,1.7686,0.3447
1.7794,0.0006,1.1460,1.9290,0.3469
1.6200,0.0007,1.1071,1.3819,0.3434
1.6287,0.0005,1.1361,1.6979,0.3393
1.5630,0.0005,1.1076,1.6277,0.3319
1.9045,0.0007,1.1048,2.0194,0.3633
1.3434,0.0007,1.0993,1.3554,0.3633
1.3865,0.0006,1.1445,1.3290,0.3638
2.0434,0.0006,1.2037,1.9131,0.3557
1.7479,0.0006,1.5218,1.1541,0.3561
1.2495,0.0006,1.6614,1.3880,0.3419
1.4548,0.0007,1.0345,1.7489,0.3640
1.1178,0.0006,1.0489,0.8588,0.3640
1.3668,0.0005,1.0267,1.5392,0.3442
1.6082,0.0008,1.0480,1.4674,0.3577
1.7334,0.0008,1.0446,1.9205,0.3417
1.5503,0.0004,1.0515,1.4418,0.3417
1.8426,0.0007,1.0382,1.8862,0.3376
2.2252,0.0007,1.3723,1.7605,0.3579
1.5808,0.0008,2.0976,1.9603,0.3579
2.2839,0.0006,1.2205,2.3712,0.3571
1.2997,0.0006,1.1166,1.3249,0.3551
1.5389,0.0004,1.0403,1.4062,0.3551
1.8926,0.0006,1.0430,2.0063,0.3479
1.4436,0.0006,1.1273,1.3742,0.3444
1.6599,0.0006,1.0991,1.7143,0.3444
1.7265,0.0008,1.1879,1.3304,0.3620
2.1970,0.0009,1.9495,1.8560,0.6696
1.5118,0.0005,2.2507,1.4274,0.3897
1.0742,0.0004,1.1539,0.9347,0.3342
1.2831,0.0004,1.0353,1.4714,0.3342
2.1719,0.0005,0.9791,2.1950,0.3354
1.3633,0.0004,1.1169,1.2248,0.3354
1.8362,0.0004,1.1288,1.8999,0.3752
1.2366,0.0006,1.1321,1.3723,0.3420
1.5331,0.0005,1.0776,1.4012,0.3302
1.3520,0.0008,1.3201,1.2206,0.3302
2.7860,0.0007,1.1099,2.7673,0.3563
1.4113,0.0008,1.4668,1.4976,0.3674
1.5688,0.0005,1.2750,1.6598,0.3565
1.5550,0.0007,1.1581,1.6001,0.3471
1.5324,0.0006,1.0926,1.4610,0.3420
1.5424,0.0005,1.1443,1.3424,0.3420
1.9063,0.0005,1.1580,2.1500,0.3457
1.1952,0.0005,1.0731,1.2067,0.3457
1.4268,0.0004,1.0452,1.2326,0.3431
2.1646,0.0007,1.0251,2.3319,0.3318
1.3885,0.0009,1.6485,1.0921,0.3318
1.8391,0.0007,1.2011,2.1042,0.3629
1.4515,0.0009,1.1907,1.2849,0.3488
1.5070,0.0006,1.1490,1.6762,0.3510
1.9547,0.0006,1.0945,1.9526,0.3604
1.2740,0.0007,1.1134,1.1181,0.3711
1.6785,0.0006,1.0625,1.5698,0.3382
1.4285,0.0006,1.4555,1.5753,0.3442
1.9251,0.0006,1.4582,1.3932,0.3512
2.2593,0.0007,1.2428,2.8295,0.3437
1.3896,0.0007,1.1693,1.3880,0.3437
1.2690,0.0006,1.2930,1.0300,0.3621
1.8472,0.0007,1.3374,2.0263,0.3471
1.2796,0.0006,1.4748,1.2523,0.3471
1.6348,0.0005,1.1766,1.5107,0.3566
1.4489,0.0006,1.1518,1.6157,0.3587
1.6987,0.0007,1.1153,1.6247,0.3325
2.0489,0.0006,1.1101,2.1298,0.3565
1.2456,0.0008,1.2103,0.9079,0.3565
1.2565,0.0009,1.2084,1.5761,0.3368
1.8515,0.0006,1.0941,1.5934,0.3432
2.0360,0.0009,1.2028,2.2252,0.3432
2.1249,0.0009,1.3567,2.1173,0.3632
1.1773,0.0009,1.2940,0.8897,0.3514
2.3448,0.0007,1.0861,2.6113,0.3585
1.6245,0.0007,1.0657,1.6573,0.3516
1.0521,0.0005,1.0987,0.9995,0.3487
1.6752,0.0007,1.1687,1.4790,0.3487
1.8270,0.0005,1.1345,1.6458,0.3389
2.1067,0.0005,1.1412,2.4785,0.3341
1.8484,0.0007,1.3822,1.5547,0.3588
1.3389,0.0008,1.5166,1.0327,0.3395
2.0270,0.0007,1.3174,2.0334,0.3395
1.4863,0.0006,1.2410,1.7028,0.3564
1.9475,0.0006,1.1146,2.0756,0.3371
1.3667,0.0006,1.0757,1.2415,0.3371
1.8893,0.0005,1.1363,1.8472,0.3514
1.6973,0.0006,1.1376,1.8652,0.3514
1.7119,0.0005,1.0942,1.6948,0.3451
1.5663,0.0003,1.1476,1.5668,0.3449
1.4438,0.0006,1.0906,1.1733,0.3449
1.9380,0.0003,1.2123,2.1557,0.3647
1.3958,0.0006,1.2128,1.4353,0.3416
1.5884,0.0006,1.1598,1.5600,0.3484
1.5858,0.0005,1.0618,1.5916,0.3525
1.5648,0.0005,1.0883,1.4393,0.3525
1.6989,0.0005,1.2691,1.7403,0.3449
1.2894,0.0006,1.1254,1.1049,0.3449
2.1747,0.0007,1.0600,2.4025,0.3464
1.1126,0.0005,1.0886,0.8122,0.3464
1.9934,0.0006,1.0381,2.2266,0.3488
1.2350,0.0006,1.1319,1.2464,0.3488
1.7757,0.0005,1.2013,1.5052,0.3866
1.7286,0.0007,1.2413,1.8874,0.3407
1.6216,0.0006,1.3385,1.6029,0.3407
1.6369,0.0007,1.1104,1.5709,0.3412
1.4726,0.0007,1.1506,1.5736,0.3508
1.8250,0.0009,1.0784,1.5374,0.3646
1.8167,0.0006,1.0472,2.1512,0.3539
1.6531,0.0006,1.0633,1.5714,0.3539
1.2023,0.0005,1.3124,1.1988,0.3667
1.6982,0.0007,1.0713,1.7673,0.3380
1.7781,0.0006,1.1186,1.4830,0.5334
2.0270,0.0005,1.1543,2.2873,0.3351
1.5612,0.0008,1.1750,1.2885,0.3351
1.8619,0.0007,1.2691,1.8979,0.3665
1.7647,0.0008,1.1123,1.7671,0.3360
1.3794,0.0006,1.1239,1.5811,0.3434
1.6200,0.0004,1.1019,1.6593,0.3418
1.7424,0.0005,1.0842,1.5690,0.3502
1.7747,0.0005,1.1308,1.5541,0.3245
1.8287,0.0008,1.1757,2.1257,0.3603
2.0160,0.0007,1.3479,2.0406,0.3585
1.2593,0.0006,1.2793,0.8745,0.3404
1.5542,0.0005,1.2109,1.9571,0.3404
1.7331,0.0007,1.0510,1.7054,0.3413
1.5814,0.0007,1.0858,1.5831,0.3381
1.6126,0.0006,1.0671,1.6098,0.3419
1.5050,0.0005,1.0735,1.4996,0.3384
1.8591,0.0004,1.0478,1.8262,0.3612
1.2879,0.0004,1.0593,1.3079,0.3612
1.5161,0.0006,1.1254,1.4847,0.5228
1.5963,0.0007,1.1654,1.4986,0.5228
2.0750,0.0006,1.1766,2.1413,0.3713
1.4046,0.0005,1.1994,1.4444,0.3452
1.9375,0.0006,1.1431,1.8959,0.3559
1.0814,0.0005,1.0878,0.8202,0.3559
2.0506,0.0006,1.0381,2.2620,0.3492
1.0997,0.0005,1.0486,1.1733,0.3397
1.4453,0.0005,1.0618,1.3131,0.3397
1.6566,0.0004,1.0832,1.5162,0.3485
2.1711,0.0007,0.9438,1.6525,0.3364
2.0011,0.0006,1.6747,2.6300,0.3671
1.4028,0.0006,1.3336,1.4516,0.3525
1.4707,0.0008,1.1030,1.4712,0.3423
1.5949,0.0006,1.0841,1.5990,0.3335
1.5962,0.0006,1.0835,1.5822,0.3485
1.6547,0.0004,1.0674,1.6586,0.3400
1.8597,0.0004,1.0246,1.7496,0.3534
1.6890,0.0005,1.2685,1.7748,0.3532
1.1208,0.0005,1.0792,0.9695,0.3532
1.8435,0.0009,1.0582,1.8361,0.3462
1.9744,0.0008,1.7420,2.0209,0.3672
1.2063,0.0008,1.3607,1.0627,0.3672
1.7949,0.0008,1.0969,1.9987,0.3455
1.7531,0.0006,1.1510,1.7198,0.3393
1.3655,0.0007,1.2495,1.2251,0.3393
2.4569,0.0007,1.1818,2.5689,0.3422
1.5089,0.0006,1.2238,1.4059,0.3377
1.5440,0.0007,1.3821,1.6847,0.3521
1.4944,0.0005,1.1382,1.2809,0.3521
2.0602,0.0007,1.2545,1.6450,0.3392
2.4484,0.0009,1.3115,2.7077,0.3753
1.5647,0.0005,1.8088,1.0768,0.3342
1.3934,0.0004,1.3482,1.6914,0.3506
1.5694,0.0008,1.4382,1.7298,0.3506
1.8078,0.0004,1.0851,1.7421,0.3401
1.5286,0.0004,1.2976,1.5886,0.3527
1.5785,0.0006,1.1079,1.3931,0.3452
1.9988,0.0005,1.1307,1.8737,0.3452
1.7728,0.0005,1.3600,2.0223,0.3571
2.0124,0.0007,1.5403,1.9848,0.3404
1.7964,0.0006,1.3518,1.8196,0.3744
1.5224,0.0006,1.2127,1.5921,0.3313
1.5101,0.0005,0.9930,1.3074,0.3520
2.0287,0.0004,1.0547,2.0352,0.3395
1.5753,0.0005,1.3645,1.7410,0.3395
1.8616,0.0005,1.1889,1.8066,0.3417
1.9036,0.0005,1.1499,1.8995,0.3459
1.6945,0.0006,1.1875,1.5826,0.3489
2.2053,0.0008,1.7284,1.8260,0.3489
2.4478,0.0010,1.5140,2.8433,0.3535
1.4551,0.0008,1.4932,1.5325,0.3535
2.0893,0.0007,1.2421,2.0709,0.3440
1.5351,0.0007,1.1390,1.4064,0.3331
1.5083,0.0005,1.3644,1.2249,0.3345
1.5207,0.0008,1.7181,1.6308,0.3345
1.5849,0.0004,1.0613,1.7576,0.3522
2.1524,0.0005,1.4824,2.2433,0.3428
1.8744,0.0006,1.1686,1.8683,0.3515
1.6855,0.0006,1.2739,1.6907,0.3843
1.8882,0.0006,1.2466,1.8825,0.3540
1.5204,0.0006,1.1467,1.5220,0.3415
1.4432,0.0005,1.0725,1.4636,0.3415
1.4798,0.0007,0.9931,1.4865,0.3461
1.6929,0.0006,0.9744,1.4328,0.3402
2.2351,0.0007,1.0867,2.4235,0.3597
1.1957,0.0009,1.1882,0.8681,0.3597
1.5740,0.0007,1.1153,1.6663,0.3445
1.8637,0.0006,0.9906,1.5820,0.3384
1.6352,0.0006,1.1630,2.0381,0.3587
1.7350,0.0008,1.2561,1.4420,0.3686
1.8866,0.0005,1.0352,2.2758,0.3474
1.7773,0.0004,1.0536,1.7719,0.3332
1.1853,0.0003,1.2442,1.1774,0.3452
1.5273,0.0003,0.9468,1.5313,0.3452
1.7357,0.0004,0.9286,1.7355,0.3257
1.6340,0.0005,0.9309,1.6187,0.3552
1.5895,0.0004,0.9840,1.5913,0.3384
1.2258,0.0005,0.9714,1.2385,0.3384
1.4576,0.0004,1.0535,1.2975,0.3548
1.8909,0.0003,1.0588,2.0174,0.3460
1.6835,0.0005,0.9701,1.4983,0.3484
1.4009,0.0005,1.2097,1.3228,0.3455
1.4109,0.0005,1.3485,1.6557,0.3455
1.8168,0.0008,1.2065,1.5873,0.3372
2.0189,0.0005,1.0458,2.2062,0.3372
1.7605,0.0006,1.0315,1.7740,0.3510
1.2488,0.0004,1.0544,1.1995,0.3510
1.9274,0.0004,1.0312,1.3419,0.3375
1.8874,0.0006,1.2942,2.4230,0.3788
1.3698,0.0005,1.2594,1.4204,0.3623
1.6407,0.0004,1.1405,1.6280,0.3346
1.5605,0.0006,1.0290,1.3356,0.3294
1.3383,0.0004,1.3950,1.4242,0.3294
1.9696,0.0003,1.0268,2.1132,0.3431
1.3954,0.0003,0.9116,1.2464,0.3399
1.4293,0.0004,0.9196,1.5076,0.3310
1.3326,0.0004,0.9150,1.3696,0.3310
1.5714,0.0003,0.9010,1.6171,0.3434
1.1761,0.0003,0.9419,1.1890,0.3434
1.6232,0.0005,0.9193,1.3128,0.3442
1.7754,0.0006,1.0097,1.5850,0.3570
1.1213,0.0004,1.3389,1.4051,0.3489
1.7741,0.0006,0.9521,1.7965,0.3567
1.1902,0.0004,1.2422,1.2941,0.3567
1.4328,0.0004,0.9861,1.4084,0.3333
1.6065,0.0004,0.9522,1.4981,0.3480
1.3840,0.0004,1.2563,1.2944,0.3528
1.4013,0.0003,1.2568,1.4346,0.3528
1.6590,0.0004,0.9769,1.8578,0.3456
1.4698,0.0004,0.9603,1.4609,0.3445
1.7005,0.0004,1.0440,1.5860,0.3353
1.7213,0.0004,1.4667,1.5147,0.3421
1.3866,0.0006,1.5664,1.3606,0.3435
1.4379,0.0006,1.1351,1.4926,0.3488
1.3242,0.0006,1.3714,1.5775,0.3556
1.5131,0.0003,0.9242,1.4081,0.3392
1.0751,0.0004,1.0243,1.1706,0.3392
1.4299,0.0004,0.9647,1.4198,0.3496
1.3307,0.0005,0.9711,1.3347,0.3496
1.2519,0.0005,0.9484,1.1153,0.3455
1.3597,0.0005,1.1904,1.2137,0.3431
1.1923,0.0005,1.2585,1.3000,0.3431
1.8851,0.0006,0.9959,1.9572,0.3808
1.4227,0.0008,1.2295,1.4455,0.3699
1.3431,0.0006,1.0867,1.1791,0.3920
1.5369,0.0006,1.1884,1.5635,0.3533
1.6500,0.0005,1.0822,1.7872,0.3473
1.3484,0.0005,0.9238,1.1457,0.3473
1.5865,0.0006,0.9394,1.4593,0.3483
0.9741,0.0005,1.2044,1.2633,0.3483
1.4029,0.0004,1.0558,1.2325,0.3393
1.7171,0.0005,1.2303,1.7662,0.3465
1.1285,0.0005,1.2684,1.3091,0.3471
1.3428,0.0005,0.9636,1.1068,0.3471
2.4035,0.0007,1.1292,2.5007,0.3843
1.1442,0.0006,1.2488,1.0117,0.3619
1.3866,0.0007,1.0970,1.6029,0.3574
1.5085,0.0007,1.0010,1.2473,0.3464
1.1367,0.0004,1.2690,1.2741,0.3452
1.3426,0.0004,0.9290,1.3998,0.3452
1.3857,0.0004,0.8978,1.2209,0.3466
1.2840,0.0004,0.9312,1.5286,0.3383
1.6478,0.0004,0.9801,1.1752,0.3485
1.2394,0.0004,1.3842,1.5174,0.3485
1.5442,0.0004,0.9374,1.6313,0.3613
1.8395,0.0007,1.1932,1.4696,0.3613
1.7611,0.0007,1.2562,2.0967,0.3843
1.6178,0.0006,1.1750,1.6725,0.3405
2.0280,0.0008,1.0657,1.9700,0.3477
1.3231,0.0006,1.1163,1.3808,0.3601
1.4339,0.0008,1.0461,1.1634,0.3601
1.6803,0.0006,1.1038,1.9039,0.3568
1.4454,0.0004,1.1114,1.3004,0.3552
1.3971,0.0003,1.0810,1.4451,0.3448
1.3053,0.0005,1.3771,1.2861,0.3583
2.0402,0.0007,1.2236,2.1153,0.3719
1.8887,0.0005,1.3540,1.5879,0.3685
1.2611,0.0003,1.8307,1.0192,0.3668
0.9155,0.0004,0.9759,0.7836,0.3462
1.5375,0.0004,0.8760,1.5668,0.3482
1.4839,0.0006,0.8933,1.4723,0.3482
1.2678,0.0005,0.9404,1.2747,0.3460
1.2467,0.0004,1.2246,1.4130,0.3460
1.5995,0.0003,0.9474,1.5016,0.3467
1.3667,0.0003,0.9204,1.4481,0.3319
1.3887,0.0004,0.9384,1.3747,0.3546
1.3116,0.0004,0.9930,1.3084,0.3591
1.8608,0.0005,1.0408,1.8001,0.3539
1.6391,0.0006,1.1233,1.6686,0.3626
1.2301,0.0005,1.0259,0.9759,0.3516
1.1602,0.0005,1.2809,1.2441,0.3516
1.6600,0.0346,0.9290,1.5936,0.3580
1.0803,0.0005,1.2204,1.3187,0.3365
1.0931,0.0004,0.9180,0.9018,0.3365
1.9436,0.0004,0.9185,2.1323,0.3414
1.4563,0.0004,0.9667,1.2914,0.3450
1.3452,0.0005,1.5414,1.4936,0.3450
1.5482,0.0005,0.9795,1.4247,0.3541
1.4966,0.0008,0.9432,1.4894,0.3485
2.0183,0.0006,1.0410,1.8257,0.3496
1.9381,0.0006,1.2120,1.9887,0.3593
1.1830,0.0005,1.4700,1.0546,0.3438
1.2364,0.0004,1.0208,1.3888,0.3438
1.7163,0.0004,0.9684,1.7804,0.3371
1.8656,0.0004,0.9495,1.7437,0.3369
1.7755,0.0004,1.2171,1.7097,0.3444
1.4610,0.0003,1.3900,1.5918,0.3461
1.3599,0.0003,1.2610,1.2563,0.3461
2.3003,0.0005,0.9669,2.1502,0.3556
1.2295,0.0005,1.4380,1.0629,0.3693
1.1091,0.0004,1.0949,1.3627,0.3415
1.5157,0.0005,1.1029,1.2581,0.3465
1.3117,0.0005,1.5988,1.1943,0.3383
1.1533,0.0004,1.2558,1.3138,0.3383
1.2187,0.0003,0.9390,1.4550,0.3538
1.3441,0.0005,0.9317,1.3449,0.3610
1.4709,0.0006,0.9274,1.1782,0.3610
1.3318,0.0005,0.9842,1.6160,0.3544
1.2401,0.0005,0.9791,1.0579,0.3634
1.4663,0.0003,0.9477,1.5546,0.3556
1.3058,0.0004,0.9493,1.2513,0.3583
2.3452,0.0008,0.9937,2.3112,0.3952
1.4467,0.0008,1.2783,1.5386,0.3705
1.0191,0.0003,1.1715,0.9046,0.3705
1.5957,0.0004,0.9593,1.7418,0.3440
1.1492,0.0004,0.9364,1.1619,0.3564
1.3182,0.0005,0.9300,0.9170,0.3515
1.1274,0.0004,1.1636,1.3589,0.3433
1.1418,0.0005,0.9787,1.1467,0.3334
1.4040,0.0005,0.9454,1.3542,0.3334
1.4876,0.0004,0.9117,1.5022,0.3466
1.4842,0.0004,0.9471,1.4872,0.3459
1.7748,0.0006,0.9278,1.8766,0.3437
1.3207,0.0005,1.0380,1.3468,0.3489
1.7935,0.0004,1.0397,1.7658,0.4085
1.2234,0.0004,1.0340,1.2548,0.3575
1.0905,0.0003,1.0092,0.8242,0.3575
1.9398,0.0005,0.9554,2.1957,0.3427
1.7615,0.0004,1.2201,1.0187,0.3659
1.8022,0.0006,1.6938,0.9625,0.3621
1.0364,0.0004,1.6843,0.9625,0.3621
0.9473,0.0004,0.9394,1.2665,0.3394
1.1558,0.0004,0.8941,1.0013,0.3535
1.6733,0.0003,0.9290,1.8051,0.3675
1.6715,0.0007,0.9378,1.4591,0.3609
1.5107,0.0005,1.4462,1.6632,0.3692
1.4222,0.0004,1.1162,1.4308,0.3671
1.2782,0.0005,1.0344,1.2838,0.3514
1.3411,0.0004,0.9815,1.3384,0.3456
1.4198,0.0004,0.9656,1.4052,0.3473
1.0270,0.0005,1.2395,0.9073,0.3528
1.3170,0.0004,0.9819,1.2097,0.3375
1.1029,0.0005,1.2530,1.3458,0.3375
1.1794,0.0004,0.9713,1.1654,0.3289
1.4617,0.0005,0.9507,1.4643,0.3389
1.2348,0.0004,0.9644,1.2182,0.3389
1.3832,0.0006,0.9834,1.1680,0.3535
1.7262,0.0007,1.0133,1.8929,0.3569
1.2704,0.0007,1.0649,1.2306,0.3569
1.4026,0.0007,1.0404,1.4254,0.3427
1.2076,0.0004,0.9773,1.2254,0.3509
1.2416,0.0006,0.9814,1.1177,0.3509
1.8273,0.0006,1.1846,1.7796,0.3491
1.2287,0.0006,1.3596,1.2573,0.3495
1.3223,0.0004,1.0576,1.3219,0.3465
1.5449,0.0004,0.9967,1.4469,0.3465
1.3466,0.0004,0.9339,1.4864,0.3464
1.4259,0.0005,1.0454,1.2659,0.3482
1.9352,0.0009,1.6464,1.2814,0.3621
1.1324,0.0004,1.6524,1.3920,0.3662
1.2441,0.0004,1.0807,1.3573,0.3701
1.1421,0.0004,1.3099,1.2973,0.3701
1.2286,0.0005,0.9555,1.2799,0.3446
1.5026,0.0005,0.9934,1.4041,0.3446
1.5889,0.0005,1.4519,1.3192,0.3479
1.6097,0.0005,1.3582,1.9423,0.3508
1.0025,0.0004,1.0337,0.7779,0.3508
1.4615,0.0005,1.0578,1.5028,0.3666
1.5690,0.0004,1.6403,1.1590,0.3525
1.2608,0.0004,1.5858,1.0969,0.3417
1.0356,0.0003,0.9752,1.3059,0.3471
1.4912,0.0005,1.0291,1.4411,0.3471
1.7019,0.0005,1.2029,1.6051,1.0300
1.7154,0.0006,1.0346,1.8249,0.3450
1.4463,0.0006,1.0374,1.1050,0.3341
1.3189,0.0006,1.0971,1.6712,0.3341
1.0642,0.0004,0.9880,1.0782,0.3601
1.3840,0.0004,0.9518,1.1816,0.3393
1.4645,0.0006,1.2163,1.6386,0.3533
1.2707,0.0004,0.9807,1.0346,0.3489
1.3747,0.0005,1.2412,1.5631,0.3476
1.2782,0.0004,1.0573,1.0984,0.3452
1.9052,0.0005,0.9975,1.4780,0.3479
1.3399,0.0005,1.5019,1.6098,0.3954
1.4890,0.0006,1.1361,1.6445,0.3532
1.3214,0.0004,1.1125,1.5045,0.3532
1.2865,0.0005,0.9980,1.1356,0.3501
1.5059,0.0006,1.0467,1.4395,0.3662
1.5426,0.0006,1.0706,1.3419,0.3647
0.9914,0.0005,1.5107,1.0925,0.3559
1.0323,0.0004,0.8921,1.1327,0.3413
1.2914,0.0004,0.9017,1.4193,0.3413
1.5733,0.0003,0.8993,1.5335,0.3583
1.1650,0.0004,0.9449,1.1818,0.3378
1.3070,0.0004,0.9317,1.2853,0.3378
1.9926,0.0007,1.2440,1.0484,0.4100
1.3635,0.0006,1.9633,1.5262,0.5680
0.9723,0.0005,1.0986,1.2081,0.3492
0.9340,0.0005,0.9557,0.9460,0.3627
1.3560,0.0004,0.9257,1.4959,0.3587
1.3009,0.0004,0.9254,1.2852,0.3235
1.3488,0.0007,0.9642,1.3396,0.3385
1.3418,0.0005,0.9579,1.3443,0.3516
1.0995,0.0005,0.9985,1.1293,0.3368
1.6727,0.0006,0.8996,1.6288,0.3574
1.2174,0.0005,0.9728,1.2191,0.3625
1.4247,0.0005,0.9695,1.3194,0.3506
0.9649,0.0009,1.0770,0.9786,0.3633
1.6537,0.0006,1.1397,1.6558,0.3633
1.2200,0.0006,1.3117,1.1428,0.3647
1.5052,0.0007,1.1761,1.4385,0.3428
1.4921,0.0006,1.0115,1.4945,0.3497
1.6570,0.0005,1.3754,1.2782,0.3529
1.2124,0.0006,1.6350,1.0902,0.3326
0.9419,0.0003,0.9836,0.8915,0.3478
0.9299,0.0005,0.9138,0.9697,0.3478
1.3394,0.0004,0.9213,1.3506,0.3635
1.1098,0.0005,1.2329,1.1451,0.3635
1.5181,0.0006,0.9334,1.4577,0.3636
1.7420,0.0005,1.3224,1.0347,0.3586
1.1424,0.0005,1.5949,1.3842,0.3586
1.0160,0.0005,1.1003,1.1113,0.3506
1.5262,0.0005,1.0551,1.5175,0.3893
1.2444,0.0005,1.0151,1.4286,0.3473
1.3949,0.0005,1.1303,1.3310,0.3377
1.2840,0.0006,0.9228,1.4450,0.3377
1.4991,0.0006,0.8528,1.3264,0.3326
1.4584,0.0004,1.0517,1.5838,0.3534
1.1629,0.0004,0.9771,1.0898,0.3534
1.6106,0.0003,0.9308,1.5005,0.3669
1.6030,0.0004,0.9177,1.7798,0.3418
1.3897,0.0007,0.9296,1.2761,0.3418
1.7675,0.0009,1.0485,1.5750,0.3446
1.5217,0.0007,1.2883,1.5698,0.3707
1.5247,0.0006,1.1811,1.5983,0.3494
1.4575,0.0004,1.1065,1.3775,0.3422
1.6214,0.0007,1.4400,1.8377,0.3550
1.0661,0.0005,1.0812,1.0461,0.3582
0.9280,0.0005,0.9508,0.8777,0.3582
1.3270,0.0003,0.9006,1.2746,0.3472
1.5309,0.0005,0.9193,1.4472,0.3623
1.7225,0.0005,0.9836,1.9186,0.3549
2.0319,0.0004,1.0184,1.9764,0.3497
1.1318,0.0005,1.1226,1.1269,0.3497
1.7554,0.0004,1.1308,1.6297,0.5269
1.1782,0.0005,1.3361,1.2215,0.5269
1.3126,0.0006,0.9980,1.4568,0.3673
1.3720,0.0004,0.9541,1.1984,0.3535
2.1987,0.0006,0.9919,2.3468,0.3414
1.0299,0.0004,0.9836,0.8959,0.3414
1.4581,0.0004,0.9453,1.3192,0.3511
1.4782,0.0006,0.9471,1.7509,0.3417
1.2313,0.0006,0.9829,1.2270,0.3599
1.4011,0.0005,0.9929,1.3916,0.3599
1.4309,0.0006,0.9630,1.1944,0.3454
1.2935,0.0006,1.3690,1.2419,0.3454
1.6862,0.0008,1.0939,1.9400,0.3724
1.4518,0.0006,1.0544,1.3112,0.3547
1.4797,0.0005,0.9968,1.5181,0.3425
1.3825,0.0004,0.9818,1.4963,0.3533
1.2204,0.0004,0.9761,1.0675,0.3388
1.1903,0.0004,0.9297,1.3499,0.3388
1.2958,0.0005,0.9994,1.1105,0.3452
1.2392,0.0004,1.1087,1.3664,0.3687
1.5366,0.0003,0.9482,1.3753,0.3537
1.3886,0.0004,0.9308,1.3710,0.3537
1.4646,0.0004,0.9696,1.4781,0.3557
1.4298,0.0004,0.9427,1.5981,0.3435
1.9409,0.0005,1.0106,1.7558,0.3604
1.3098,0.0005,1.3216,1.3150,0.3450
1.1350,0.0004,1.2541,1.0884,0.3466
1.3768,0.0003,1.0881,1.4289,0.3724
1.2352,0.0003,1.4701,1.0684,0.3724
1.4288,0.0004,1.0624,1.5724,0.3480
1.5437,0.0004,1.0641,1.7063,0.3578
1.3035,0.0005,0.9535,1.1616,0.3578
1.5483,0.0004,0.9742,1.6557,0.3439
2.0108,0.0006,0.9612,1.8481,0.3484
1.6317,0.0008,1.1599,1.5999,0.3400
1.5025,0.0005,1.2950,1.3914,0.3745
1.7121,0.0004,1.1189,1.9917,0.3700
1.5103,0.0004,0.9965,1.5138,0.3531
1.5355,0.0004,0.9708,1.5190,0.3504
1.2082,0.0005,0.9712,1.2337,0.3530
1.3539,0.0004,0.9480,1.0076,0.3472
1.3462,0.0004,1.1865,1.4674,0.3472
1.2747,0.0003,0.9690,1.4140,0.3553
1.3497,0.0005,0.9716,1.2342,0.3542
1.8981,0.0004,0.9743,2.0609,0.3450
1.1013,0.0004,0.9544,1.0560,0.3450
1.8374,0.0004,1.2860,1.5292,0.3651
1.4713,0.0005,1.1331,1.7553,0.3497
1.7807,0.0006,1.0133,1.8040,0.3527
1.3202,0.0005,1.0870,0.7308,0.3501
1.4394,0.0005,1.4314,1.9143,0.3501
1.5400,0.0006,0.9136,1.3207,0.3468
1.7114,0.0005,1.0514,1.8850,0.3684
1.5973,0.0005,1.0765,1.3461,0.3684
1.9272,0.0006,1.0690,2.1136,0.3288
1.7783,0.0011,1.1611,1.7795,0.3449
2.0890,0.0007,1.2290,1.9859,0.3737
1.5904,0.0008,1.3897,1.6669,0.3805
1.1880,0.0003,1.2797,1.0950,0.3460
1.7756,0.0006,1.1295,1.7181,0.3663
1.3065,0.0007,1.3522,1.2579,0.3663
1.8969,0.0007,1.0811,2.0877,0.3557
1.6401,0.0005,1.0974,1.4727,0.3395
1.9447,0.0008,1.0445,1.6949,0.3343
1.3626,0.0007,1.3899,1.7710,0.3591
1.6315,0.0007,1.1444,1.4125,0.3591
1.9125,0.0007,1.1461,2.0796,0.3501
2.0357,0.0008,1.2444,2.0401,0.3880
1.2950,0.0005,1.1690,1.3263,0.3880
1.4418,0.0006,1.0751,1.2730,0.3476
1.8389,0.0005,1.0199,1.7930,0.3287
1.9766,0.0005,1.0587,2.1400,0.3510
1.1147,0.0005,1.1024,0.9364,0.3402
1.5674,0.0005,1.1637,1.4262,0.3441
1.1420,0.0006,1.5796,1.3371,0.3441
1.6831,0.0006,1.0732,1.6616,0.3412
2.0108,0.0006,1.3911,2.0768,0.3478
1.4849,0.0006,1.4549,1.4946,0.3761
1.8026,0.0009,1.4392,1.7864,0.3761
2.0001,0.0008,1.4897,1.9573,0.3398
1.7605,0.0006,1.2800,1.7773,0.3634
1.7444,0.0006,1.2443,1.7768,0.3619
1.5481,0.0006,1.1389,1.4644,0.3619
1.9174,0.0004,1.1246,1.9907,0.3454
1.5566,0.0004,1.1129,1.5734,0.3517
1.7050,0.0004,1.1482,1.3652,0.3517
2.2589,0.0010,1.4368,2.4312,0.3824
1.7518,0.0007,1.5016,1.5432,0.3530
1.5766,0.0008,1.6397,1.5851,0.3376
1.7734,0.0010,1.5193,2.0380,0.3373
1.4776,0.0006,1.2898,1.5025,0.3424
1.7473,0.0007,1.3828,1.6358,0.3411
1.4812,0.0005,1.7842,1.4705,0.3411
2.0918,0.0006,1.1909,2.1884,0.3479
1.3364,0.0006,1.2122,1.3504,0.3491
2.0920,0.0007,1.1685,1.9810,0.3403
1.4186,0.0009,1.3038,1.4842,0.3403
1.7478,0.0005,1.4701,1.2995,0.3576
1.2632,0.0004,1.7218,1.6733,0.3576
1.9882,0.0007,1.1098,2.0085,0.3446
1.4087,0.0004,1.2040,0.9978,0.3446
1.4638,0.0005,1.1246,1.8012,0.3403
1.7465,0.0006,1.0846,1.7544,0.3568
1.4830,0.0004,1.3034,1.6006,0.3548
1.4162,0.0007,1.0186,1.4113,0.3623
1.4842,0.0004,1.0164,1.4872,0.3587
1.7635,0.0008,1.1049,1.2492,0.3587
2.3949,0.0009,1.2582,2.5504,0.3519
1.5850,0.0007,1.7662,1.2443,0.3411
1.3141,0.0006,1.3792,1.7947,0.3411
1.6811,0.0006,1.0706,1.5348,0.3383
1.4439,0.0005,1.0654,1.3994,0.3529
2.0206,0.0004,1.0564,2.1875,0.3422
1.3979,0.0005,1.0904,1.2169,0.3422
1.8094,0.0007,1.1121,2.0097,0.3632
1.3368,0.0007,1.0635,1.0140,0.3632
1.9438,0.0009,1.1861,2.0136,0.3269
2.2996,0.0008,1.6381,2.4875,0.3800
1.9316,0.0006,1.2318,0.9943,0.3659
1.2639,0.0004,2.0445,0.9943,0.3388
1.0202,0.0004,1.0669,0.9160,0.3587
1.2682,0.0004,0.9878,1.1698,0.3452
1.5105,0.0005,1.1684,1.7867,0.3452
1.9182,0.0005,1.0086,1.9824,0.3535
1.2319,0.0005,1.1357,1.2462,0.3528
1.3903,0.0003,1.1561,1.4175,0.3528
1.8081,0.0004,1.1798,1.7308,0.3479
1.4896,0.0006,1.2268,1.5034,0.3681
1.3155,0.0005,1.2166,1.3411,0.3745
1.4624,0.0005,0.9944,1.3304,0.3745
1.6965,0.0007,1.0552,1.7794,0.3512
1.5282,0.0006,1.0796,1.2913,0.3356
1.4485,0.0006,1.0254,1.6201,0.3356
1.8525,0.0006,1.0711,1.7583,0.3455
1.3082,0.0005,1.4035,1.4513,0.3455
1.4692,0.0005,1.0604,1.3590,0.3435
1.8630,0.0007,1.0310,1.8816,0.3534
1.8557,0.0007,1.2719,1.8382,0.3621
1.9433,0.0006,1.3699,1.9883,0.3728
1.2368,0.0006,1.2112,1.2834,0.3531
1.3905,0.0005,1.0610,1.2782,0.3531
1.8230,0.0005,1.0376,1.9268,0.3590
1.5712,0.0005,1.0605,1.5618,0.3330
1.1424,0.0006,1.0304,0.9660,0.3330
1.7067,0.0004,0.9823,1.7944,0.3417
1.6338,0.0005,1.3913,1.3459,0.3694
1.6404,0.0007,1.5734,1.7246,0.3374
1.4254,0.0004,1.5022,1.6261,0.3481
1.4544,0.0005,1.1747,1.4300,0.3481
1.8082,0.0005,1.2882,1.7698,0.5380
1.7379,0.0005,1.2256,1.7372,0.3703
1.6316,0.0005,1.1775,1.6212,0.3583
1.7942,0.0006,1.3291,1.6975,0.3587
1.5220,0.0006,1.5382,1.3319,0.3436
1.6849,0.0005,1.2606,2.0010,0.3369
1.1225,0.0007,1.1238,1.1593,0.3369
1.5850,0.0005,1.0333,1.4467,0.3462
1.3089,0.0004,1.0499,1.4291,0.3413
1.7351,0.0008,1.0722,1.6108,0.3710
1.8296,0.0005,1.2745,1.8098,0.3480
1.6427,0.0007,1.2430,1.7405,0.3586
1.1320,0.0005,1.0662,1.0062,0.3531
1.4939,0.0003,1.0455,1.6639,0.3531
1.3034,0.0005,1.0073,1.2774,0.3479
1.5682,0.0005,1.0427,1.3452,0.3357
1.6519,0.0006,1.2969,1.8523,0.3522
1.3457,0.0007,1.0931,1.3415,0.3522
1.1782,0.0005,1.0580,1.0020,0.3375
1.4644,0.0006,0.9903,1.6421,0.3502
1.5288,0.0008,1.0409,1.4817,0.3758
1.3567,0.0007,1.1736,1.3966,0.3713
1.9568,0.0006,1.2919,1.7571,0.3591
1.4462,0.0007,1.3237,1.4159,0.3591
1.9631,0.0007,1.0856,2.1232,0.3470
1.1698,0.0006,1.1452,1.1919,0.3500
1.4145,0.0009,1.0544,1.4304,0.3500
1.4860,0.0007,0.9847,1.2158,0.3314
1.3104,0.0005,1.4181,1.3064,0.3314
2.0191,0.0007,1.0500,2.2478,0.3295
1.3342,0.0006,1.0366,1.3534,0.3295
1.7514,0.0006,0.9654,1.1925,0.3382
1.3595,0.0007,1.5875,1.6162,0.3382
1.4927,0.0008,1.1990,1.7491,0.3579
1.1100,0.0006,1.2487,1.0679,0.3486
1.4387,0.0006,1.0632,1.4926,0.3587
1.5119,0.0006,1.0750,1.1166,0.3313
1.2180,0.0005,1.5894,1.6121,0.3313
1.5037,0.0005,1.0026,1.3620,0.3414
1.8012,0.0005,1.2084,1.8948,0.3488
1.0599,0.0004,1.0315,0.8692,0.3488
1.3448,0.0005,1.0367,1.5393,0.3375
1.5791,0.0006,0.9758,1.3615,0.3378
2.5044,0.0008,1.0590,2.6287,0.3865
1.3636,0.0006,1.2282,1.4125,0.3615
1.3418,0.0006,1.1681,1.3657,0.3527
1.2635,0.0004,1.0867,1.2611,0.3527
1.4110,0.0006,1.0378,1.4236,0.3444
1.5001,0.0008,1.0468,1.2536,0.3434
1.6498,0.0009,1.1599,1.8370,0.3693
1.5486,0.0004,1.2342,1.3626,0.3499
1.7632,0.0006,1.0979,1.6848,0.3425
1.9575,0.0006,1.0505,2.2095,0.3433
1.3982,0.0005,1.1327,1.3343,0.3433
1.8400,0.0006,1.3662,1.8383,0.3402
1.9840,0.0006,1.6367,2.0106,0.3350
1.4159,0.0008,1.1560,1.4187,0.3315
1.3006,0.0006,1.1633,1.2620,0.3524
1.3270,0.0006,1.1523,1.2128,0.3524
1.8796,0.0006,1.1393,1.9657,0.3463
1.2437,0.0005,1.1912,1.1585,0.3463
2.1714,0.0006,1.0924,2.3040,0.3610
1.1715,0.0005,1.1309,1.0229,0.3610
2.2157,0.0007,1.0756,2.2345,0.3600
1.5835,0.0008,1.5512,0.9917,0.3668
1.2302,0.0006,1.1963,1.3307,0.3668
2.0181,0.0006,1.0778,2.2780,0.3469
1.3120,0.0005,1.0218,1.3260,0.3512
1.4128,0.0010,1.0356,1.2809,0.3512
1.7612,0.0008,1.1215,1.5667,0.3543
1.1834,0.0006,1.4230,1.2914,0.3543
2.1071,0.0005,1.0598,2.2672,0.3373
1.0798,0.0005,1.0900,0.9099,0.3373
1.4607,0.0005,1.0619,1.5047,0.3405
1.7284,0.0007,1.2523,1.5593,0.3405
1.7047,0.0006,1.2710,1.9491,0.3536
1.9508,0.0006,1.2977,1.9849,0.3365
1.2232,0.0007,1.2354,1.1306,0.3365
1.9403,0.0007,1.1563,2.0244,0.3615
1.5002,0.0009,1.0816,1.2468,0.3615
2.2525,0.0007,1.0572,2.2555,0.3446
1.3295,0.0007,1.5174,0.9760,0.3519
1.0255,0.0006,1.0942,1.3495,0.3519
1.5895,0.0004,1.0219,1.5091,0.3516
1.6559,0.0006,1.0281,1.5454,0.3516
1.9781,0.0006,1.1178,2.0912,0.4005
1.9579,0.0006,1.2161,1.9458,0.3621
1.1965,0.0005,1.1856,0.9957,0.3584
1.5042,0.0009,1.1843,1.4928,0.3584
1.9614,0.0006,1.1020,2.2055,0.3328
1.9140,0.0008,1.0752,1.9065,0.3376
1.1004,0.0005,1.3603,0.7983,0.3359
1.4641,0.0006,1.0381,1.6446,0.3359
1.7103,0.0006,1.0306,1.5699,0.3456
2.5304,0.0008,1.0795,2.4677,0.3618
1.4994,0.0008,1.5660,0.9052,0.3682
1.4194,0.0006,1.3249,1.8076,0.3349
1.7441,0.0008,1.4760,1.7537,0.3459
1.5998,0.0006,1.5676,0.9524,0.3384
1.5010,0.0007,1.4910,2.0841,0.3416
1.4690,0.0006,1.1633,1.4768,0.3416
1.9782,0.0006,1.1311,1.9474,0.3345
1.7810,0.0005,1.1027,1.8065,0.3533
1.2991,0.0006,1.0854,0.9945,0.3533
1.7732,0.0007,1.0673,1.6987,0.3504
1.6627,0.0009,1.1924,1.8343,0.3583
1.9849,0.0009,1.3670,2.0633,0.3941
2.1900,0.0007,1.6495,2.2223,0.3402
1.3598,0.0008,1.2376,1.2910,0.3459
2.3626,0.0008,1.1488,2.4029,0.3404
1.5992,0.0006,1.2244,1.5340,0.3404
1.6017,0.0007,1.1883,1.5532,0.3445
1.5421,0.0008,1.1341,1.6147,0.3445
1.3694,0.0006,1.3214,1.4364,0.3649
2.0357,0.0007,1.2247,1.8995,0.3483
2.1865,0.0009,1.7281,1.6260,0.3809
1.7750,0.0007,1.9997,2.2816,0.3465
1.4567,0.0007,1.4979,1.3970,0.3465
2.5384,0.0006,1.3119,2.5369,0.3394
1.4387,0.0007,1.5811,1.4044,0.3488
1.9826,0.0005,1.2939,2.2194,0.3604
1.3862,0.0007,1.1388,1.3322,0.3604
2.2442,0.0010,1.1917,2.2151,0.3459
2.2609,0.0008,1.4904,0.9531,0.3356
2.2629,0.0006,2.7308,1.7665,0.3512
1.5776,0.0009,1.6830,1.6309,0.3512
1.2465,0.0008,1.6300,1.0946,0.3460
1.1628,0.0007,1.1248,1.4780,0.3330
1.6056,0.0007,1.1564,1.5450,0.3288
1.4695,0.0006,1.1805,1.5117,0.3456
1.7821,0.0007,1.1670,1.7697,0.3456
1.9186,0.0005,1.1919,1.9318,0.3509
1.5105,0.0007,1.3872,1.1787,0.3509
1.9037,0.0010,1.2271,2.0155,0.3400
2.1943,0.0009,1.4280,2.3087,0.3877
1.2529,0.0007,1.3764,1.3241,0.3447
1.5860,0.0005,1.1832,1.5386,0.3447
1.6902,0.0008,1.1728,1.6935,0.3532
1.6618,0.0007,1.2039,1.4798,0.3464
2.2025,0.0007,1.2692,2.3150,0.3456
1.5879,0.0007,1.3951,1.5998,0.3456
2.2804,0.0007,1.4242,2.2293,0.3328
2.1239,0.0006,1.5139,1.9900,0.3535
1.8352,0.0009,1.9036,1.9519,0.3790
1.6198,0.0007,1.5158,1.6652,0.3790
1.7709,0.0007,1.2996,1.6701,0.3337
2.8657,0.0010,1.5909,2.0704,0.3337
1.7571,0.0011,1.6162,2.6256,0.3389
2.0707,0.0009,1.5926,1.7843,0.3464
2.3658,0.0009,1.3940,2.5930,0.3554
1.9224,0.0011,1.4776,1.8637,0.3354
1.6658,0.0013,1.6064,1.7561,0.3636
1.5564,0.0008,1.4860,1.6025,0.3470
1.3387,0.0009,1.2861,1.3269,0.3470
1.9026,0.0006,1.2197,1.6642,0.3501
1.5972,0.0007,1.2850,1.7374,0.3377
1.8477,0.0007,1.2391,1.9216,0.3346
1.4012,0.0008,1.2167,1.3967,0.3394
1.9042,0.0006,1.2799,1.8711,0.3517
1.4532,0.0009,1.4587,1.4470,0.3435
2.0247,0.0010,1.1847,2.0147,0.3572
2.1342,0.0010,1.2593,2.1208,0.3570
1.6046,0.0007,1.4008,1.3570,0.3570
1.3298,0.0007,1.6066,1.4980,0.3390
1.5251,0.0007,1.2053,1.6088,0.3390
1.4732,0.0008,1.3976,1.5052,0.3545
1.6979,0.0008,1.0756,1.6811,0.3545
2.2010,0.0007,1.1880,2.1006,0.3475
1.7417,0.0008,1.6369,1.3014,0.3326
1.4815,0.0007,1.6262,1.9773,0.3564
1.6824,0.0008,1.2637,1.6338,0.3680
1.8120,0.0008,1.4763,1.6611,0.3680
2.2133,0.0007,1.2455,2.3641,0.3606
1.4212,0.0009,1.2277,1.4372,0.3510
1.4385,0.0008,1.2457,1.4547,0.3493
2.2203,0.0006,1.1443,2.1573,0.3493
1.4988,0.0006,1.2860,1.3613,0.3353
1.9353,0.0006,1.2582,2.0559,0.3494
1.6720,0.0008,1.2244,1.6988,0.3434
1.8112,0.0008,1.2450,1.7696,0.3434
1.7465,0.0009,1.3199,1.5269,0.3732
1.8732,0.0009,1.4218,1.8709,0.3732
1.8849,0.0008,1.2731,1.6813,0.3554
1.8039,0.0008,1.2480,2.0253,0.3353
1.8270,0.0011,1.3636,2.0287,0.3461
1.7117,0.0006,1.2229,1.7200,0.3617
1.7126,0.0007,1.1845,1.7015,0.3322
1.6177,0.0006,1.1062,1.6701,0.3527
1.2164,0.0007,1.0750,1.0572,0.3527
2.2745,0.0013,1.0633,2.2762,0.3788
1.5688,0.0009,1.4074,1.6027,0.3788
1.9983,0.0009,1.3176,2.0464,0.3363
1.4147,0.0008,1.1440,1.4107,0.3476
1.4392,0.0008,1.0954,1.4207,0.3476
2.2202,0.0006,1.2384,2.1907,0.3371
1.9774,0.0006,1.2672,1.9300,0.3446
1.9097,0.0006,1.3497,1.5908,0.3446
2.2728,0.0008,1.2837,2.6042,0.3405
2.0737,0.0010,1.2995,2.0289,0.3405
1.7725,0.0011,1.4864,1.7981,0.3858
1.4955,0.0006,1.3116,1.5517,0.3421
1.7885,0.0007,1.1777,1.7551,0.3431
1.3863,0.0006,1.2480,1.4170,0.3431
2.0164,0.0005,1.1381,1.9708,0.3503
1.9695,0.0008,1.1982,1.8777,0.3606
1.8439,0.0006,1.3239,1.8452,0.3355
1.5713,0.0008,1.3097,1.5926,0.3355
2.0276,0.0006,1.2646,1.8648,0.3533
1.8080,0.0006,1.4505,1.7815,0.3593
2.1415,0.0005,1.4502,2.2065,0.3461
1.3258,0.0007,1.3343,1.3117,0.3715
1.8376,0.0006,1.2686,1.8739,0.3587
1.4959,0.0007,1.2683,1.5094,0.3587
1.6366,0.0009,1.1632,1.6331,0.3488
1.7279,0.0006,1.1468,1.6593,0.3488
1.8091,0.0005,1.4739,1.5937,0.3363
1.9358,0.0007,1.5989,2.2324,0.3424
1.2048,0.0004,1.1240,1.2146,0.3424
1.7393,0.0006,1.1459,1.7514,0.3586
1.8760,0.0006,1.0960,1.6647,0.3586
1.8923,0.0006,1.2314,2.0692,0.3324
1.7566,0.0006,1.1739,1.7366,0.3574
1.3937,0.0005,1.1509,1.4231,0.3437
1.3584,0.0006,1.1072,1.3146,0.3437
1.8717,0.0006,1.0525,1.8978,0.3462
1.3408,0.0007,1.1302,1.2026,0.3462
2.1761,0.0006,1.1071,2.2885,0.3449
1.5177,0.0006,1.1663,1.2680,0.3449
2.1463,0.0006,1.6334,2.3223,0.3565
1.5493,0.0006,1.2471,1.4083,0.3565
2.3870,0.0007,1.2170,2.4064,0.3457
1.3065,0.0005,1.4667,1.2565,0.3428
1.5740,0.0006,1.0810,1.7790,0.3382
1.6661,0.0004,1.0982,1.5280,0.3448
1.3769,0.0004,1.3623,1.5295,0.3448
1.7774,0.0004,1.0745,1.7551,0.3526
1.2651,0.0004,1.0713,1.2848,0.3526
1.5506,0.0010,1.1111,1.4305,0.3465
1.8209,0.0008,1.2845,1.8756,0.3687
1.6957,0.0009,1.3079,1.4002,0.3759
1.7910,0.0009,1.4909,2.0955,0.3382
1.7997,0.0008,1.1215,1.6991,0.3560
1.3119,0.0004,1.2936,1.4033,0.3560
1.9882,0.0005,1.0647,1.9667,0.3418
1.7446,0.0007,1.1825,1.4875,0.3418
1.7625,0.0006,1.1880,2.0380,0.3435
1.4874,0.0006,1.1108,1.3205,0.3435
2.7035,0.0007,1.2491,2.6982,0.3598
1.3556,0.0008,1.5069,1.4641,0.3414
1.3759,0.0007,1.2773,1.2630,0.3414
2.0358,0.0006,1.1013,1.9940,0.3342
1.6984,0.0005,1.5131,1.8449,0.3492
1.5532,0.0004,1.1466,1.5657,0.3537
1.7047,0.0006,1.0374,1.6907,0.3483
1.7059,0.0006,1.0707,1.6951,0.3367
1.6075,0.0008,1.1002,1.5986,0.3549
2.3930,0.0008,1.2428,2.2373,0.3387
1.5019,0.0008,1.5948,1.4453,0.3387
1.3457,0.0009,1.2935,1.5307,0.3844
1.6331,0.0005,1.1134,1.4268,0.3429
1.8034,0.0010,1.2007,1.9250,0.3429
1.4232,0.0006,1.2133,1.4827,0.3489
1.8681,0.0006,1.2622,1.8446,0.3513
1.4722,0.0005,1.4665,1.1704,0.3535
1.6658,0.0006,1.4164,1.9712,0.3442
1.7540,0.0008,1.1187,1.6723,0.3603
2.2570,0.0010,1.5706,1.6781,0.3603
1.5438,0.0006,2.0200,2.1078,0.3671
1.3901,0.0005,1.2904,1.4799,0.3548
1.8233,0.0005,1.0652,1.8150,0.3418
1.7819,0.0008,1.0493,1.7363,0.3456
1.5093,0.0005,1.1426,1.0818,0.3456
2.0165,0.0005,1.1374,2.4501,0.3290
1.3755,0.0005,1.1309,1.3587,0.3290
1.5769,0.0008,1.1808,1.5628,0.3353
2.0019,0.0007,1.1509,1.9845,0.3402
1.7185,0.0007,1.3324,1.7123,0.3402
1.4900,0.0007,1.1979,1.5062,0.3780
1.5701,0.0005,1.1348,1.4311,0.3502
1.5720,0.0007,1.1634,1.4787,0.3502
1.5638,0.0005,1.2119,1.5064,0.3399
1.5198,0.0006,1.0358,1.5417,0.3612
1.4377,0.0007,1.2327,1.6728,0.3612
2.0911,0.0005,1.0709,2.0871,0.3423
1.2773,0.0005,1.1028,1.2804,0.3423
1.4992,0.0005,1.2087,1.4038,0.3385
1.6935,0.0007,1.0998,1.6609,0.3492
2.1100,0.0006,1.1975,2.1648,0.3737
1.3813,0.0006,1.2819,1.4311,0.3470
1.5924,0.0005,1.2179,1.3397,0.3508
1.5260,0.0003,1.5609,1.7623,0.3508
1.6297,0.0006,1.0561,1.6340,0.3463
1.7490,0.0006,1.0455,1.7410,0.3530
1.6463,0.0006,1.0735,1.6245,0.3629
1.2730,0.0004,1.0871,1.3006,0.3629
1.9963,0.0003,1.2806,1.9510,0.3609
1.6387,0.0007,1.1439,1.6071,0.3656
1.6368,0.0006,1.2408,1.5978,0.9364
1.7207,0.0008,1.2502,1.7613,0.3500
1.5352,0.0003,1.1987,1.3324,0.3500
2.0302,0.0005,1.2256,2.2012,0.3318
1.4510,0.0006,1.0888,1.4820,0.3466
1.3849,0.0004,1.0531,1.3718,0.3492
1.6260,0.0006,0.9971,1.5989,0.3492
1.8491,0.0006,1.0084,1.8483,0.3371
1.8894,0.0005,1.0005,1.8900,0.3586
1.7089,0.0008,1.0154,1.5447,0.3717
1.5178,0.0005,1.5205,0.8711,0.3723
1.0754,0.0006,1.2391,1.4759,0.3746
2.1078,0.0007,1.0268,2.1339,0.3746
1.4939,0.0003,1.0149,1.3214,0.3401
2.0724,0.0005,1.0545,2.2255,0.3427
1.9140,0.0007,1.0488,1.7785,0.3376
1.4981,0.0005,1.3456,1.6274,0.3426
1.3831,0.0004,1.1054,1.3564,0.3426
1.4856,0.0004,1.1415,1.1764,0.3410
1.9329,0.0006,1.0698,2.2264,0.3450
1.9350,0.0005,1.1228,1.9106,0.3622
1.1586,0.0008,1.2347,0.8503,0.3740
1.6490,0.0006,1.1035,1.9120,0.3516
1.2582,0.0005,1.0303,1.2546,0.3516
1.6707,0.0005,1.0109,1.4905,0.3473
1.9594,0.0007,1.0267,1.9596,0.3637
1.9000,0.0007,1.2349,2.0110,0.3703
1.3599,0.0003,1.2306,1.4012,0.3460
1.4385,0.0004,1.0629,1.4193,0.3460
1.6222,0.0005,1.0852,1.4536,0.3402
1.6891,0.0004,1.1392,1.7035,0.3459
2.0856,0.0006,1.2843,2.1983,0.3322
1.4149,0.0006,1.1939,1.4545,0.3322
1.8157,0.0005,1.0803,1.7981,0.3304
2.0751,0.0005,1.0699,1.8038,0.3407
1.9923,0.0008,1.2849,2.2718,0.3407
1.3948,0.0005,1.1282,1.3828,0.3349
1.5801,0.0005,1.1066,1.5779,0.3507
1.8239,0.0007,1.0352,1.8245,0.3442
2.2475,0.0007,1.0024,2.1603,0.5218
1.2844,0.0008,1.2307,1.0414,0.3436
1.1911,0.0007,1.2004,1.4408,0.3436
2.0228,0.0005,1.0530,1.7892,0.3647
2.0768,0.0006,1.0577,2.2627,0.3403
1.4871,0.0006,1.2175,0.9498,0.3403
2.2194,0.0006,1.1220,2.5902,0.3516
1.4500,0.0007,1.3543,1.5722,0.3528
1.9185,0.0006,1.1160,2.0129,0.3528
1.8106,0.0005,1.0907,1.7706,0.3344
1.9632,0.0005,1.1634,1.8997,0.3490
1.5438,0.0006,1.3305,1.6031,0.3490
1.7129,0.0005,1.2049,1.6893,0.3499
1.3648,0.0007,1.1151,1.2564,0.3499
2.2630,0.0005,1.1139,2.2814,0.3487
1.3168,0.0006,1.2181,1.3190,0.3487
2.1722,0.0005,1.2095,2.2165,0.3440
1.2126,0.0005,1.1828,0.9268,0.3440
1.7620,0.0005,1.1374,1.5949,0.3501
1.9794,0.0006,1.0395,2.4072,0.3546
1.2326,0.0006,1.2193,1.1315,0.3546
1.9250,0.0005,1.1850,2.0269,0.3527
1.8671,0.0006,1.0997,1.8422,0.3341
2.0804,0.0005,1.1389,2.1278,0.3633
1.2504,0.0004,1.2453,0.8965,0.3691
1.0824,0.0004,1.1041,1.2562,0.3691
1.7629,0.0007,1.0271,1.9275,0.3488
1.5536,0.0005,0.9871,1.5614,0.3400
1.6184,0.0005,0.9794,1.6179,0.3538
2.0129,0.0006,0.9651,1.8419,0.3332
1.3525,0.0006,1.3015,1.1885,0.3332
2.3312,0.0006,1.2333,2.4171,0.3473
1.2997,0.0005,1.4389,1.4803,0.3473
1.8333,0.0007,1.1235,1.7408,0.3547
1.6474,0.0006,1.0620,1.6957,0.3484
2.2291,0.0005,1.1018,2.1005,0.3396
1.3146,0.0006,1.4603,0.8361,0.3554
1.0040,0.0006,1.0901,1.2227,0.3554
1.3542,0.0004,0.9968,1.2355,0.3424
1.5097,0.0005,0.9965,1.7148,0.3613
2.1194,0.0006,1.1566,2.0545,0.5161
1.2906,0.0005,1.6692,1.1751,0.5161
2.2768,0.0005,1.2505,2.3753,0.3545
1.7310,0.0005,1.4010,0.9215,0.3566
1.1783,0.0004,1.5602,1.5278,0.3399
1.3990,0.0004,1.0893,1.3641,0.3399
1.7628,0.0007,1.0410,1.7968,0.3478
1.7660,0.0004,1.0829,1.7415,0.3312
1.9681,0.0007,1.0903,2.2428,0.3398
1.8221,0.0006,1.1312,1.8189,0.3639
2.1219,0.0006,1.1475,2.0515,0.3497
1.3709,0.0006,1.3307,1.2683,0.3526
1.5385,0.0008,1.3438,1.6624,0.3565
1.7964,0.0009,1.4221,1.7208,0.3715
1.3281,0.0007,1.2702,1.4102,0.3648
1.1704,0.0007,1.2169,1.0833,0.3648
1.5687,0.0006,1.1443,1.6528,0.3661
1.3335,0.0004,1.1311,1.2034,0.3498
2.5295,0.0006,1.1202,2.3329,0.3422
1.4980,0.0010,1.6286,0.9390,0.3375
1.4352,0.0007,1.3200,1.4452,0.3744
1.4070,0.0006,1.5058,1.7634,0.3693
1.4852,0.0010,1.2787,1.5020,0.3693
1.7345,0.0007,1.1970,1.6073,0.3566
1.3780,0.0008,1.2307,1.5114,0.3472
1.3793,0.0007,1.1691,1.4055,0.3472
1.8831,0.0006,1.1706,1.8356,0.3326
1.1880,0.0005,1.3031,1.2222,0.3424
1.3782,0.0007,1.1497,1.1952,0.3424
1.4021,0.0006,1.1000,1.5040,0.3553
1.6632,0.0007,1.1042,1.6628,0.3433
2.4154,0.0009,1.4785,1.8731,0.3569
1.4690,0.0008,1.9862,1.8021,0.5629
1.3107,0.0008,1.3784,1.4753,0.5629
1.9161,0.0006,1.1210,2.0118,0.3607
1.7303,0.0006,1.0315,1.3543,0.3607
1.4994,0.0007,1.0625,1.8457,0.3483
1.8968,0.0008,1.0983,1.6044,0.3308
1.7140,0.0007,1.5290,1.9786,0.3459
1.6609,0.0006,1.1722,1.6805,0.3533
1.5486,0.0008,1.2236,1.3380,0.3533
1.9112,0.0006,1.4904,2.0386,0.3531
1.9968,0.0005,1.2116,2.0414,0.3325
1.5136,0.0005,1.1257,1.5392,0.3415
1.7929,0.0004,1.0498,1.7797,0.3401
1.6371,0.0005,1.0195,1.4401,0.3432
1.2666,0.0005,1.3406,1.4489,0.3654
1.4144,0.0004,1.0013,1.4506,0.3512
1.8410,0.0004,0.9023,1.8044,0.3658
1.4757,0.0004,0.9443,1.5133,0.3562
1.4388,0.0010,1.0020,1.1549,0.3562
2.5128,0.0007,1.1895,2.6176,0.3812
1.4136,0.0003,1.3692,1.5081,0.3723
1.6976,0.0004,1.1322,1.7006,0.3466
1.3648,0.0004,1.0269,1.2203,0.3466
1.7655,0.0004,1.0056,1.9006,0.3415
1.5141,0.0003,0.9884,1.5310,0.3415
1.7268,0.0004,1.1041,1.4334,0.3327
1.5090,0.0004,1.8119,1.4425,0.3524
1.5017,0.0005,1.3754,1.6414,0.3531
1.0605,0.0006,1.1767,0.9938,0.3531
1.8211,0.0009,1.0135,1.8724,0.3581
1.5475,0.0005,1.1883,1.7047,0.5145
1.5972,0.0004,1.1377,1.6295,0.3522
1.5888,0.0005,0.9938,1.4669,0.3522
1.8400,0.0004,1.0275,1.9339,0.3531
1.4544,0.0004,0.9735,1.3068,0.3531
2.3089,0.0005,1.0463,2.1897,0.3423
1.2248,0.0005,1.4298,1.3055,0.3558
1.7122,0.0005,1.2175,0.8975,0.3447
1.2151,0.0006,1.7029,1.8879,0.3455
1.5316,0.0006,1.0599,1.5183,0.3341
2.3078,0.0005,1.1538,2.3007,0.3857
1.5093,0.0005,1.3573,1.5566,0.3557
1.3333,0.0004,1.1818,1.3731,0.3439
1.5644,0.0006,1.0497,1.3737,0.3439
1.6016,0.0007,1.0068,1.7729,0.3411
1.4810,0.0006,1.0327,1.1739,0.3407
1.6084,0.0006,1.0444,1.9181,0.3487
1.3610,0.0006,1.0925,1.3488,0.3509
1.7497,0.0006,1.1046,1.5506,0.3509
1.7469,0.0006,1.2137,1.9425,0.3427
1.8477,0.0007,1.3695,1.8028,0.3437
1.7832,0.0008,1.4105,1.7918,0.3804
1.1752,0.0005,1.1085,1.2174,0.3484
1.4259,0.0005,1.0071,1.2216,0.3484
1.6599,0.0008,1.0447,1.8168,0.3451
1.4866,0.0005,1.0810,1.3926,0.3584
2.0887,0.0005,1.2039,2.1363,0.3548
1.3194,0.0006,1.3839,1.2561,0.3548
1.9392,0.0007,1.2095,2.0173,0.3377
1.7184,0.0008,1.0667,1.3612,0.3463
1.2908,0.0005,1.8313,1.6281,0.3597
2.0561,0.0007,1.6125,1.4153,0.3686
1.5372,0.0006,1.6997,2.1706,0.3318
1.6309,0.0006,1.0401,1.6357,0.3475
1.5374,0.0007,0.9466,1.3841,0.3419
1.5650,0.0005,1.2192,1.4555,0.3406
1.2677,0.0005,1.0341,1.4395,0.3531
2.0058,0.0005,1.0123,2.0834,0.3500
1.4068,0.0005,0.9568,1.1950,0.3500
1.8345,0.0004,0.9610,2.0220,0.3378
1.6186,0.0006,0.9692,1.6152,0.3378
2.2247,0.0006,1.0710,2.0214,0.3722
1.3503,0.0003,1.3691,0.9393,0.3384
1.0850,0.0005,1.3053,1.5466,0.3408
1.5209,0.0006,0.9680,1.3451,0.3408
1.7168,0.0006,0.9578,1.8839,0.3364
1.0261,0.0005,0.9868,0.9826,0.3364
1.5225,0.0004,0.9633,1.4891,0.3544
1.8763,0.0004,0.8885,1.9667,0.3448
1.2660,0.0004,0.8660,1.2593,0.3565
1.3034,0.0004,0.9058,1.2817,0.3565
1.9587,0.0005,0.9147,1.6984,0.3545
1.5197,0.0008,1.3112,1.2795,0.3409
1.8611,0.0006,1.1613,2.3329,0.3393
1.6122,0.0005,0.9619,1.6088,0.3551
1.0919,0.0005,0.9853,1.1157,0.3551
1.7973,0.0005,0.9284,1.7539,0.3566
1.3913,0.0006,0.9763,1.2000,0.3586
1.5408,0.0007,1.0329,1.5076,0.3665
1.9230,0.0005,0.9554,2.1271,0.3452
1.3016,0.0006,0.9746,1.1531,0.3452
1.4526,0.0005,0.9583,1.5083,0.3480
1.7321,0.0007,1.0185,1.4974,0.3512
1.5057,0.0006,1.1563,1.7154,0.9821
1.8336,0.0006,1.0520,1.9215,0.3683
1.0878,0.0005,1.0455,1.1075,0.3683
1.5772,0.0005,0.9724,1.3679,0.3493
1.6520,0.0005,0.9652,1.8542,0.3590
1.5856,0.0003,1.0053,1.5767,0.3500
1.0523,0.0003,0.9611,1.0171,0.3500
1.9525,0.0005,0.9959,1.9643,0.3650
0.9708,0.0004,0.9751,0.8693,0.3650
1.9113,0.0006,0.9771,1.9517,0.3441
1.3539,0.0007,1.0746,1.3774,0.3441
1.3387,0.0007,1.1802,1.3587,0.3752
1.7413,0.0008,1.0245,1.3346,0.3443
1.6808,0.0004,1.0196,1.6459,0.3430
1.7493,0.0004,1.7202,1.9887,0.3289
1.4093,0.0003,1.2587,1.6034,0.3426
1.1432,0.0003,0.9495,1.1515,0.3426
1.2842,0.0004,0.9199,1.2218,0.3459
1.4109,0.0006,0.9101,1.3024,0.3459
1.4061,0.0004,0.9280,1.5438,0.3466
1.4234,0.0005,0.9690,1.2673,0.3556
1.6269,0.0003,0.9097,1.7649,0.3486
1.7641,0.0004,1.0315,1.3501,0.5067
1.9452,0.0005,1.1212,2.0661,0.3562
1.1494,0.0006,1.5287,0.9930,0.3550
1.2684,0.0004,1.0072,1.2093,0.3392
1.4891,0.0004,1.3389,1.6689,0.3525
1.1925,0.0004,1.1134,1.0567,0.3525
1.9448,0.0004,0.9627,2.2059,0.3490
1.0014,0.0004,0.9517,1.0331,0.3430
1.0818,0.0004,0.9683,0.9193,0.3430
1.2585,0.0004,1.0161,1.2856,0.3597
1.5343,0.0004,1.1537,1.4420,0.3597
1.6425,0.0005,0.9936,1.7925,0.3662
2.0032,0.0008,1.1490,1.9866,0.3570
1.5077,0.0007,1.1425,1.5565,0.3570
1.4355,0.0011,0.9958,1.1878,0.3440
1.2094,0.0004,1.4546,1.1335,0.3528
1.4934,0.0004,0.9510,1.5335,0.3528
1.4505,0.0005,0.9567,1.4053,0.3524
1.5402,0.0005,0.9355,1.6202,0.3468
1.5823,0.0006,0.9329,1.5563,0.3521
1.6208,0.0004,0.9592,1.5846,0.3516
1.6091,0.0004,0.9705,1.5941,0.3332
1.9166,0.0009,1.0892,2.0660,0.3607
1.4792,0.0009,1.3892,1.4924,0.3553
1.2178,0.0005,1.1258,1.2578,0.3450
1.3178,0.0004,1.0347,1.3309,0.3450
1.5683,0.0004,1.1150,1.2966,0.3472
1.8804,0.0004,1.1102,1.9525,0.3496
1.5836,0.0004,1.4422,1.2282,0.3362
1.1806,0.0004,1.5129,1.3451,0.3549
1.3324,0.0005,0.9593,1.0392,0.3632
1.3303,0.0005,1.4296,1.3233,0.3468
1.0085,0.0003,1.3094,1.2226,0.3470
2.1940,0.0010,0.9082,2.2110,0.3470
2.1084,0.0008,1.4455,2.1365,0.3731
1.3402,0.0005,1.2503,1.4029,0.3486
1.4171,0.0006,1.0701,1.3444,0.3587
1.8058,0.0004,1.0052,1.8833,0.3365
1.2668,0.0005,0.9909,1.2814,0.3365
1.6037,0.0005,0.9614,1.4594,0.3403
1.6033,0.0005,0.9893,1.5478,0.3403
2.0463,0.0005,1.0248,2.2094,0.3469
1.6410,0.0005,0.9728,1.6297,0.3557
1.3579,0.0008,1.0318,1.3502,0.3557
1.6781,0.0007,1.1277,1.3549,0.3908
1.9294,0.0007,1.1048,2.2302,0.3347
1.3325,0.0006,1.1601,0.7935,0.3347
1.4634,0.0005,1.2949,1.9046,0.3581
1.1485,0.0005,0.9965,0.9846,0.3581
1.3350,0.0007,0.9542,1.4576,0.3359
1.6487,0.0005,1.0212,1.4875,0.3407
1.7493,0.0007,1.1816,1.4557,0.3456
1.6193,0.0006,1.1818,1.7795,0.3484
1.6681,0.0007,1.1968,1.7499,0.3484
2.5876,0.0004,1.0752,2.7427,0.3663
1.2703,0.0004,1.2202,1.3220,0.3411
1.2381,0.0004,1.0977,0.9798,0.3411
1.5294,0.0005,0.9450,1.6431,0.3389
1.6187,0.0006,0.9690,1.6134,0.3525
2.0117,0.0005,0.9622,1.9620,0.3615
1.4759,0.0005,1.2214,1.6701,0.3399
0.9781,0.0005,1.0058,0.8867,0.3399
1.5778,0.0007,0.9966,1.6105,0.3380
1.9972,0.0005,0.9907,2.0336,0.3700
1.1443,0.0005,1.0296,1.0195,0.3700
1.4710,0.0007,1.1721,1.5767,0.3512
1.6963,0.0005,1.0821,1.6715,0.3464
1.1916,0.0005,1.0443,1.2251,0.3449
0.9457,0.0004,0.9814,0.9064,0.3449
1.4368,0.0004,0.9337,1.4426,0.3502
1.1964,0.0005,0.9772,1.2050,0.3554
1.5630,0.0003,1.0927,1.0366,0.3483
1.6282,0.0005,1.6252,0.9304,0.3514
1.2010,0.0005,1.6624,0.9304,0.3461
0.9651,0.0004,0.9791,1.1688,0.3429
0.8875,0.0005,0.9278,0.9212,0.3429
1.3039,0.0004,0.8511,1.3099,0.3553
1.4875,0.0007,0.9301,1.2982,0.3561
2.0797,0.0007,1.7409,1.5073,0.3810
1.2341,0.0008,1.8295,1.2012,0.3425
0.9946,0.0007,1.0078,1.2808,0.3547
1.4361,0.0005,1.1321,0.8380,0.3545
1.0198,0.0005,1.3196,1.3999,0.3548
0.9796,0.0005,0.9148,0.9761,0.3468
1.5111,0.0004,0.9351,1.4201,0.3654
1.5342,0.0006,1.1589,1.6362,0.3496
1.6980,0.0006,1.1187,1.6906,0.3349
1.9190,0.0007,1.1337,1.9289,0.3470
1.2987,0.0006,1.0412,1.2966,0.3470
1.3915,0.0005,1.1093,1.1154,0.3553
2.1066,0.0005,1.1346,2.3369,0.3524
1.4437,0.0004,1.1289,1.4785,0.3414
1.3413,0.0004,1.0508,1.3370,0.3670
1.3942,0.0004,1.0037,1.3923,0.3545
1.0950,0.0005,0.9646,1.1192,0.3601
1.4169,0.0005,0.9847,1.3847,0.3601
1.8394,0.0007,0.9805,1.3771,0.3454
2.1311,0.0005,1.1316,2.5925,0.3407
1.1511,0.0004,1.0150,1.0283,0.3387
1.5946,0.0005,0.9476,1.7073,0.3531
1.6099,0.0006,0.9998,1.5445,0.3531
1.5470,0.0008,1.2111,1.5549,0.3547
0.9913,0.0005,1.0899,1.0095,0.3509
1.4748,0.0005,0.9802,1.2926,0.3436
1.0935,0.0004,1.2078,1.2523,0.3436
1.2418,0.0004,0.9782,1.2887,0.3558
1.3533,0.0004,0.9441,1.3344,0.3467
1.2547,0.0004,0.9826,0.9558,0.3467
1.4626,0.0005,0.9798,1.5803,0.3492
1.9670,0.0005,0.9738,2.1255,0.3472
1.0447,0.0004,1.0631,0.8289,0.3472
1.4691,0.0005,0.9658,1.3057,0.3581
1.9200,0.0006,1.0401,2.2207,0.3641
1.6873,0.0011,1.2062,1.6071,0.3691
1.8017,0.0008,1.3475,1.8904,0.3501
2.0993,0.0006,1.2442,2.0883,0.3486
1.6634,0.0006,1.3298,1.4612,0.3486
1.4909,0.0004,1.4712,1.6056,0.3564
1.6981,0.0005,1.3330,1.6082,0.3542
1.5487,0.0006,1.1755,1.5713,0.3542
1.4780,0.0004,1.2405,1.4403,0.3658
1.4542,0.0005,1.3383,1.5956,0.3518
2.2421,0.0005,1.3700,1.9914,0.3451
1.5710,0.0006,1.8912,1.8531,0.3500
1.6798,0.0006,1.1399,1.6677,0.3558
1.4834,0.0004,1.1517,1.4167,0.3407
1.4083,0.0005,1.1010,1.2950,0.3407
1.8907,0.0005,1.1728,1.9262,0.3472
1.5759,0.0005,1.1325,1.6042,0.3472
1.7089,0.0008,1.2125,1.5500,0.3403
1.9872,0.0007,1.1697,2.1709,0.3452
1.5187,0.0009,1.0356,1.4774,0.3452
2.0915,0.0005,1.0786,2.0671,0.3634
1.5696,0.0005,1.1964,1.5910,0.3581
1.6336,0.0008,1.1612,1.4039,0.3411
1.3727,0.0005,1.4914,1.6050,0.3438
1.4865,0.0004,1.1850,1.3367,0.3438
1.8669,0.0005,1.4755,1.6105,0.3356
1.7106,0.0005,1.5222,2.0647,0.3330
1.7310,0.0006,1.2122,1.7192,0.3444
1.7786,0.0008,1.1895,1.7656,0.3482
2.2106,0.0008,1.2103,2.0929,0.4086
1.8238,0.0008,1.5805,1.9105,0.3740
1.4090,0.0011,1.3045,1.2781,0.3740
1.8725,0.0008,1.2132,1.9594,0.3498
1.7116,0.0006,1.3513,1.6050,0.3483
2.1082,0.0008,1.2337,2.2479,0.3396
1.2952,0.0007,1.1545,1.3571,0.3395
1.7805,0.0007,1.1082,1.7197,0.3395
1.4717,0.0005,1.1619,1.4926,0.3373
1.7408,0.0006,1.0977,1.6981,0.3373
1.6855,0.0004,1.1628,1.4655,0.3637
1.8229,0.0005,1.2348,1.8160,0.3479
1.4249,0.0009,1.8258,1.1797,0.3543
1.5039,0.0007,1.2978,1.8700,0.3358
1.5875,0.0007,1.1776,1.5692,0.3482
1.3928,0.0007,1.1165,1.4116,0.3370
1.5768,0.0008,1.1261,1.4431,0.3370
1.3884,0.0006,1.3514,1.4192,0.3402
1.5103,0.0006,1.0486,1.5158,0.3562
1.3875,0.0006,1.1042,1.4956,0.3613
1.9304,0.0007,1.0320,1.5408,0.3561
1.6173,0.0007,1.4876,1.9590,0.3561
1.3406,0.0006,1.3742,1.3675,0.3909
1.9662,0.0006,1.1663,1.9262,0.3507
1.4027,0.0004,1.0685,1.3972,0.3507
1.6062,0.0005,1.0432,1.6817,0.3428
1.9868,0.0006,0.9935,1.6819,0.3446
1.9960,0.0006,1.7218,0.9324,0.3462
1.3667,0.0005,1.7821,0.9324,0.3456
1.0543,0.0003,1.1481,1.0756,0.3323
0.9652,0.0003,1.0178,1.2632,0.3323
1.6312,0.0005,0.9203,1.4722,0.3340
2.0504,0.0005,1.2383,2.0896,0.3802
1.4338,0.0007,1.1711,1.4791,0.3353
1.2367,0.0006,1.1174,1.2423,0.3597
1.4958,0.0006,1.0814,1.4974,0.3597
1.4540,0.0007,1.0581,1.2655,0.3527
1.6326,0.0005,1.0512,1.8010,0.3396
1.6036,0.0006,1.0451,1.4479,0.3396
2.0604,0.0007,1.2214,2.0518,0.3488
1.3678,0.0006,1.3597,1.5282,0.3488
1.9135,0.0006,1.0856,1.8423,0.3399
1.6709,0.0008,1.1354,1.6128,0.3820
2.1991,0.0009,1.6159,1.0968,0.3508
1.2703,0.0008,1.9787,1.3405,0.3570
1.0383,0.0006,1.1707,1.4055,0.3555
1.3333,0.0006,1.0015,1.3847,0.3555
1.6822,0.0005,0.9950,1.6685,0.3414
1.5715,0.0006,0.9875,1.4813,0.3292
1.8179,0.0003,0.9532,1.9005,0.3411
1.9097,0.0004,1.0918,1.8731,0.3474
1.3921,0.0005,1.1419,1.0145,0.3526
1.7366,0.0010,1.2796,2.0504,0.5344
2.0868,0.0009,1.2167,2.0674,0.3635
1.2434,0.0008,1.2251,1.3117,0.3635
1.6427,0.0005,1.0647,1.4744,0.3440
1.8718,0.0005,1.0933,2.0304,0.3425
1.9765,0.0006,1.0490,1.8671,0.3649
1.6283,0.0006,1.2698,1.7070,0.3466
1.4613,0.0006,1.0736,1.4814,0.3466
1.6366,0.0005,1.0169,1.2973,0.3486
1.6729,0.0004,1.0597,1.6783,0.3405
1.2929,0.0006,1.4537,1.2728,0.3496
1.8478,0.0004,1.3514,2.1481,0.3872
1.8979,0.0006,1.1527,1.7287,0.3456
1.4042,0.0006,1.4107,1.2600,0.3456
1.9836,0.0005,1.1459,2.0995,0.3464
1.7557,0.0005,1.3936,1.7940,0.3353
1.5798,0.0005,1.5014,1.1557,0.3482
1.4076,0.0005,1.4857,1.8419,0.3482
1.9990,0.0005,1.2158,2.0442,0.3514
1.6990,0.0007,1.0472,1.4776,0.3410
2.3721,0.0006,1.4016,2.5273,0.3675
1.8163,0.0005,1.3228,1.8653,0.3408
1.7573,0.0006,1.0928,1.7283,0.3564
1.5850,0.0005,1.1269,1.4247,0.3363
1.1954,0.0006,1.4129,1.1807,0.3363
1.9621,0.0004,1.0944,2.1429,0.3371
1.5349,0.0005,1.3104,1.0862,0.3664
1.1085,0.0004,1.4335,1.0000,0.3480
1.2596,0.0006,0.9491,1.2947,0.3480
1.9559,0.0005,0.9341,2.0940,0.3351
1.7277,0.0006,1.1783,1.6899,0.3528
1.9482,0.0005,1.2400,1.5057,0.3452
1.3656,0.0005,1.5107,1.7681,0.3452
1.6521,0.0004,1.1040,1.7589,0.3326
1.2571,0.0003,1.0405,1.2505,0.3326
1.5255,0.0003,1.0125,1.3425,0.3502
1.7774,0.0004,1.0068,1.9294,0.3447
1.6953,0.0003,1.0594,1.5910,0.3625
1.7270,0.0005,1.1617,1.7474,0.3611
1.4325,0.0006,1.1207,1.2220,0.3611
2.1684,0.0007,1.0872,2.1262,0.3721
1.7443,0.0005,1.6621,1.2950,0.3782
1.2801,0.0004,1.6699,1.5050,0.3520
1.2258,0.0003,1.0509,1.5348,0.3520
1.5084,0.0003,0.9586,1.3552,0.3564
1.9432,0.0003,1.0183,2.0888,0.3633
1.6679,0.0005,1.0440,1.6685,0.3478
1.6524,0.0004,0.9913,1.6270,0.3442
1.2960,0.0005,1.0077,1.0764,0.3335
2.1794,0.0005,1.1017,2.3550,0.3539
1.9284,0.0009,1.1749,1.8263,0.3539
1.7350,0.0005,1.4949,1.3681,0.3700
1.9726,0.0007,1.5449,2.4232,0.3542
1.3636,0.0006,1.1135,1.2443,0.3542
1.9023,0.0006,1.0854,1.9633,0.3529
1.3921,0.0004,1.0965,1.0582,0.3452
1.4742,0.0004,1.3406,1.8546,0.3452
1.8183,0.0007,1.0085,1.7186,0.3457
2.1482,0.0006,1.1155,2.1676,0.3456
1.4519,0.0005,1.1475,1.4684,0.3456
1.5305,0.0006,1.1367,1.1758,0.3766
1.6564,0.0005,1.3348,1.9846,0.3528
1.2148,0.0008,1.1215,1.2645,0.3528
1.5239,0.0005,1.0505,1.2637,0.3574
1.8772,0.0006,1.0219,1.7171,0.3401
1.7570,0.0005,1.0411,1.9010,0.3391
1.6363,0.0005,1.0579,1.7712,0.3402
1.5753,0.0005,1.1305,1.4684,0.3396
2.0644,0.0005,1.1719,2.2196,0.3429
1.0608,0.0005,1.1159,1.0511,0.3429
1.9494,0.0007,1.0546,1.9138,0.3460
1.3697,0.0009,1.2237,1.1017,0.3460
2.1535,0.0007,1.2298,2.4353,0.3465
1.5996,0.0007,1.1784,1.4457,0.3404
1.2954,0.0007,1.4900,1.4681,0.3374
1.9614,0.0010,1.0718,1.7748,0.3479
1.1530,0.0008,1.2797,1.1190,0.3479
2.1013,0.0007,1.1047,2.2632,0.3569
1.1711,0.0005,1.1095,1.0321,0.3422
1.7807,0.0006,1.1316,1.7129,0.3422
1.9775,0.0007,1.1078,2.1470,0.3419
1.2723,0.0007,1.2494,1.2456,0.3454
1.8300,0.0007,1.1654,1.5302,0.3460
1.9939,0.0006,1.0920,2.3507,0.3460
1.6302,0.0006,1.1516,1.3875,0.3337
1.6873,0.0009,1.1591,1.8320,0.3562
1.8621,0.0007,1.1930,1.8156,0.3480
1.3922,0.0004,1.3374,1.2950,0.3480
1.6514,0.0005,1.0457,1.6382,0.3418
1.7431,0.0007,0.9737,1.7110,0.3359
1.9346,0.0009,1.0344,1.7492,0.3954
2.4045,0.0008,1.9085,1.2061,0.3665
1.3434,0.0008,2.0924,1.2061,0.3594
1.1027,0.0006,1.1996,0.9795,0.3594
0.9483,0.0004,1.0259,1.0462,0.3594
1.1485,0.0005,0.9490,1.1845,0.3594
2.2515,0.0009,1.0271,2.3667,0.3490
1.3324,0.0004,1.0787,1.3735,0.3451
1.8866,0.0005,1.0631,1.8596,0.3218
1.6394,0.0005,1.0320,1.6195,0.3426
1.1110,0.0006,1.1033,1.1335,0.3411
1.7265,0.0006,1.5480,1.4242,0.3411
1.0953,0.0010,1.2423,1.3168,0.3783
1.5168,0.0007,1.1058,1.4287,0.4085
1.6495,0.0009,1.0850,1.6072,0.3626
1.6806,0.0009,1.1136,1.5604,0.3626
2.2800,0.0007,1.1331,2.5097,0.3574
1.3823,0.0006,1.1466,1.4195,0.3574
1.5095,0.0003,1.0768,1.5122,0.3444
1.7642,0.0004,1.0114,1.7451,0.3300
1.1748,0.0004,1.0528,0.9959,0.3300
2.2277,0.0008,1.0474,2.2714,0.3540
1.3715,0.0004,1.3182,1.4742,0.3727
2.0524,0.0007,1.1734,2.0324,0.3340
1.1691,0.0006,1.1494,0.8472,0.3340
1.5353,0.0005,1.1373,1.7511,0.3427
2.0728,0.0004,1.1001,2.1276,0.3357
1.4524,0.0005,1.1321,1.4786,0.3531
1.3407,0.0003,1.1008,1.3830,0.3597
1.4474,0.0004,0.9424,1.3962,0.3427
2.0923,0.0005,0.9767,2.0638,0.3478
1.4932,0.0003,0.9966,1.4112,0.3481
1.4767,0.0004,1.1375,1.5422,0.3481
1.9510,0.0005,1.1096,1.9391,0.3622
1.5681,0.0007,1.1025,1.2664,0.3601
2.1849,0.0006,1.1150,2.4299,0.3420
1.6642,0.0005,1.1332,1.2444,0.3420
1.9945,0.0005,1.1295,2.4525,0.3472
1.4368,0.0004,1.0789,1.4587,0.3508
1.9541,0.0006,1.0958,1.9150,0.3464
1.5565,0.0004,1.0976,1.5736,0.3347
1.6690,0.0006,1.1051,1.6103,0.3347
1.4756,0.0008,1.2863,1.5150,0.4076
1.2984,0.0006,1.1588,1.1805,0.3558
1.6591,0.0005,1.1252,1.5166,0.3616
1.2490,0.0008,1.5596,1.4495,0.3666
1.4449,0.0005,1.1783,1.5111,0.3666
1.7101,0.0005,1.2363,1.6817,0.3555
1.3388,0.0004,1.2860,0.9884,0.3555
1.6125,0.0005,1.0596,1.8848,0.3385
1.6575,0.0005,1.1284,1.7147,0.3495
1.9662,0.0007,1.1485,1.6400,0.3495
2.2927,0.0007,1.2612,2.5472,0.3586
1.2703,0.0006,1.2961,1.1562,0.3519
1.4682,0.0006,1.1996,1.6382,0.3519
1.7160,0.0006,1.0856,1.2873,0.3386
1.9223,0.0004,1.2007,2.3479,0.3428
1.5285,0.0008,1.1068,1.5273,0.3310
1.6843,0.0006,1.0647,1.5687,0.3461
1.4922,0.0006,1.4102,0.9789,0.3485
1.0781,0.0005,1.2514,1.5280,0.3486
1.6831,0.0005,0.9751,1.6584,0.3486
1.8717,0.0008,1.0661,1.7231,0.3880
1.8006,0.0007,1.4653,1.8845,0.5134
1.2167,0.0006,1.3700,0.9175,0.5134
1.5630,0.0006,1.1783,1.8513,0.3448
1.4962,0.0005,1.2679,1.3637,0.3449
2.0079,0.0006,1.0632,2.1050,0.3384
1.4961,0.0006,1.0926,1.5143,0.3605
1.5019,0.0005,1.0767,1.4971,0.3372
1.4468,0.0005,1.0494,1.4627,0.3602
1.4950,0.0005,1.0198,1.4934,0.3398
1.6293,0.0007,1.0619,1.2825,0.3398
1.6128,0.0006,1.6881,1.8520,0.3434
2.0475,0.0007,1.2442,2.0515,0.3455
1.1453,0.0007,1.1653,1.0317,0.3534
1.4507,0.0006,1.1169,1.5579,0.3535
1.7974,0.0004,1.0313,1.7123,0.3429
1.4845,0.0004,1.3410,1.6209,0.3430
1.5634,0.0007,1.0879,1.3456,0.3430
1.7246,0.0006,1.1114,1.6855,0.3487
1.3118,0.0004,1.1316,1.5005,0.3377
1.8254,0.0005,1.1125,1.4321,0.3425
1.9483,0.0007,1.6123,1.9416,0.5300
1.4605,0.0006,1.9994,1.4850,0.3951
1.4710,0.0007,1.1908,1.8062,0.3343
1.5348,0.0004,1.0510,1.5198,0.3473
1.5971,0.0005,1.0540,1.6009,0.3349
1.4530,0.0006,1.0474,1.4575,0.3543
1.2368,0.0005,1.0223,1.2574,0.3543
1.2853,0.0004,1.0423,1.2243,0.3377
1.7882,0.0006,1.1659,1.2814,0.3469
1.9926,0.0006,1.1219,2.4853,0.3368
1.5352,0.0005,1.0777,1.2418,0.3444
2.0178,0.0005,1.1840,2.2670,0.3611
1.5611,0.0006,1.1945,1.4344,0.3490
1.2405,0.0005,1.4075,1.2956,0.3490
1.6882,0.0006,1.0551,1.5717,0.3595
1.6421,0.0004,1.0332,1.6723,0.3472
2.0141,0.0005,1.0916,2.1159,0.3422
2.0504,0.0005,1.0745,2.0922,0.3428
1.5094,0.0006,1.0938,1.5235,0.3537
1.7867,0.0004,1.0990,1.7860,0.3494
1.7763,0.0006,1.1226,1.7215,0.3494
1.5077,0.0004,1.4766,1.2362,0.3773
1.5956,0.0005,1.2111,1.8947,0.3773
1.8112,0.0009,1.1677,1.2446,0.3555
2.3321,0.0007,1.2936,2.8505,0.3540
1.2217,0.0004,1.2124,1.2654,0.3523
1.3647,0.0003,1.0784,1.0549,0.3523
1.6824,0.0003,1.0078,1.9631,0.3558
1.6429,0.0004,1.0739,1.4239,0.3512
1.9165,0.0005,1.4052,1.9125,0.3460
1.4951,0.0006,1.4868,1.6199,0.3460
1.9215,0.0005,1.3379,1.9476,0.3784
1.3337,0.0002,1.2005,1.3821,0.3433
1.1493,0.0005,1.0635,1.0198,0.3527
2.6154,0.0006,1.0568,2.6688,0.3530
1.3446,0.0007,1.1740,1.3933,0.3494
1.5116,0.0008,1.1259,1.4985,0.3494
1.5228,0.0008,1.0719,1.4156,0.3497
1.9702,0.0005,1.1010,1.8211,0.3482
1.7778,0.0005,1.1379,2.0345,0.3554
1.7706,0.0006,1.2366,1.6991,0.3491
1.7492,0.0006,1.4571,1.5439,0.3649
1.8261,0.0004,1.2927,1.7466,0.3451
2.2989,0.0005,1.2517,2.5674,0.3477
1.1687,0.0003,1.1920,0.8960,0.3477
1.9435,0.0004,1.0538,2.2139,0.3309
1.9221,0.0007,1.0270,1.6804,0.3309
1.9380,0.0005,1.3289,1.6849,0.3537
1.9497,0.0004,1.2144,2.4483,0.3533
1.8283,0.0005,1.1393,1.7355,0.3572
1.1804,0.0005,1.7257,1.1476,0.3572
1.9176,0.0004,1.1069,2.0499,0.3615
1.6031,0.0006,1.0136,1.3875,0.3453
1.4794,0.0006,1.3280,1.5562,0.3528
1.4741,0.0004,1.2249,1.5404,0.3372
1.6122,0.0008,1.1387,1.6155,0.3372
1.6148,0.0005,1.1409,1.3856,0.3441
1.5138,0.0010,1.2710,1.6610,0.3447
2.1082,0.0005,1.2675,2.1924,0.3377
1.5341,0.0004,1.1186,1.5126,0.3444
1.6605,0.0008,1.1874,1.4878,0.3444
2.2637,0.0007,1.6112,2.4353,0.3405
1.1194,0.0005,1.1675,0.8264,0.3576
1.2633,0.0006,1.0099,1.5235,0.3576
1.6721,0.0006,1.0225,1.6347,0.3638
1.7669,0.0008,1.0638,1.7034,0.3377
1.5941,0.0006,1.3686,0.9908,0.3711
1.2850,0.0005,1.4193,1.8478,0.3711
1.6477,0.0005,0.9712,1.4729,0.3495
1.6788,0.0005,1.0081,1.4811,0.3525
1.7941,0.0006,1.1171,1.7123,0.3547
1.6068,0.0005,1.1708,1.9259,0.3772
1.4451,0.0005,1.1137,1.5406,0.3510
1.7115,0.0007,1.0546,1.6678,0.3376
1.3006,0.0008,1.1424,1.2374,0.3376
1.6780,0.0004,1.0601,1.7526,0.3541
1.7266,0.0005,1.0028,1.5599,0.3329
1.6415,0.0004,1.0432,1.6317,0.3489
1.6779,0.0005,0.9849,1.5978,0.3448
1.5831,0.0005,1.0535,1.8292,0.3484
1.7109,0.0008,1.0356,1.3409,0.3306
1.9727,0.0008,1.5471,1.8821,0.3987
1.3719,0.0005,1.7107,1.8271,0.3349
1.5230,0.0005,1.0211,1.4819,0.3503
1.4828,0.0005,1.0433,1.2092,0.3503
16.6221,0.0009,15.7372,1.6624,0.3594
1.2930,0.0005,1.6853,1.3525,0.3594
1.5139,0.0005,1.4990,0.9759,0.3616
1.0727,0.0004,1.1808,1.3052,0.3440
1.5338,0.0003,1.0759,1.6246,0.3562
1.2045,0.0003,1.3330,1.1432,0.3589
1.5660,0.0005,1.2302,1.7153,0.3589
1.4872,0.0005,1.0056,1.3391,0.3475
1.9754,0.0004,1.1283,1.8864,0.3491
2.1115,0.0006,1.5881,2.2845,0.3667
1.3789,0.0009,1.2684,1.2568,0.3667
1.7261,0.0006,1.2903,1.8582,0.3368
1.9433,0.0006,1.1402,1.9378,0.3284
1.6686,0.0006,1.3982,1.3681,0.3501
1.4553,0.0007,1.6041,1.5444,0.3501
1.7956,0.0006,1.0874,2.0244,0.3370
2.0011,0.0004,1.0379,1.9894,0.3488
1.6988,0.0005,1.0075,1.6324,0.3488
1.5423,0.0004,1.1874,1.5028,0.3677
1.4146,0.0005,1.3383,1.1946,0.3677
1.8020,0.0004,1.0146,1.9210,0.3456
1.4817,0.0004,0.9738,1.6915,0.3456
1.6974,0.0004,0.9330,1.6681,0.3447
1.2341,0.0005,1.0064,1.0728,0.3447
1.8456,0.0008,1.1010,1.7591,0.3342
1.5046,0.0004,1.2196,1.7218,0.3342
1.4453,0.0004,0.9644,1.4172,0.3525
1.7660,0.0007,0.9673,1.6935,0.3561
1.5816,0.0008,1.2513,1.6062,0.3561
1.9897,0.0008,1.3111,1.8884,0.3614
1.5308,0.0006,1.5554,1.3799,0.3330
1.6236,0.0006,1.1238,1.7516,0.3520
1.6440,0.0004,1.0147,1.5856,0.3428
1.2348,0.0005,1.0322,1.4740,0.3473
1.3432,0.0003,0.9959,1.3392,0.3540
1.1869,0.0004,0.9777,1.0079,0.3553
1.3551,0.0004,0.9207,1.3723,0.3323
1.5370,0.0005,0.9093,1.6132,0.3498
1.8713,0.0007,1.0624,1.4848,0.3553
1.9302,0.0006,1.2109,2.3299,0.3710
1.7063,0.0006,1.4080,1.2082,0.3710
1.9043,0.0005,1.1486,2.4071,0.3414
1.8330,0.0005,0.9894,1.7054,0.3330
1.8342,0.0004,1.2567,1.9199,0.3508
1.2386,0.0004,0.9810,1.2736,0.3508
1.6204,0.0005,0.9433,1.6180,0.3389
1.3446,0.0004,0.9304,1.1239,0.3433
1.4193,0.0003,0.9430,1.4324,0.3433
1.4073,0.0004,0.9647,1.5661,0.3523
1.8416,0.0005,1.0888,1.8315,0.3522
1.3075,0.0006,1.1431,1.2745,0.3522
1.4187,0.0005,0.9832,1.3931,0.3470
1.4393,0.0005,1.0345,1.2605,0.3578
1.4162,0.0008,0.9705,1.5440,0.3551
1.7703,0.0004,0.9944,1.8817,0.3375
1.2149,0.0004,0.9552,1.2186,0.3375
1.4588,0.0003,1.0702,1.2074,0.3512
1.3543,0.0003,1.0930,1.3976,0.3512
1.2370,0.0005,1.1475,1.4307,0.3416
1.6280,0.0005,0.9376,1.2331,0.3582
1.7437,0.0005,1.0637,2.0598,0.3312
1.5839,0.0004,1.5114,1.5803,0.3767
1.3330,0.0004,1.0833,1.3356,0.3608
1.5258,0.0006,1.1554,1.3306,0.3462
1.4135,0.0003,1.5787,1.1175,0.3659
0.9695,0.0003,1.2312,0.9844,0.3672
1.2122,0.0004,0.9862,1.2670,0.3429
1.3447,0.0003,0.9893,1.4246,0.3515
1.4653,0.0005,0.9207,1.5646,0.3508
1.6303,0.0005,0.9317,0.8355,0.3703
1.0308,0.0005,1.6655,1.5135,0.3492
1.0106,0.0004,0.9795,1.0547,0.3492
1.7006,0.0007,0.9129,1.5419,0.3442
2.0853,0.0007,1.0722,1.9551,0.3622
1.1640,0.0005,1.5473,1.3584,0.3619
1.4096,0.0004,1.1107,1.4350,0.3556
1.2835,0.0004,1.5620,1.0940,0.3507
1.0385,0.0004,1.1177,0.9866,0.3389
1.0144,0.0004,0.9746,1.1424,0.3389
1.4399,0.0004,1.0495,1.4034,0.3388
1.5134,0.0004,0.9286,1.5601,0.3566
1.1673,0.0004,1.2708,1.1752,0.3592
1.2525,0.0004,1.0634,1.3686,0.3592
1.2483,0.0003,0.9539,1.0929,0.3521
1.2752,0.0006,0.9552,1.3468,0.3508
2.1559,0.0006,1.3194,1.4643,0.3904
1.2334,0.0004,2.0599,1.4959,0.3550
1.3889,0.0006,1.0275,1.1480,0.3608
1.0778,0.0007,1.4595,1.0340,0.3539
0.9151,0.0004,0.9529,1.0440,0.3539
1.5121,0.0003,0.8935,1.6235,0.3657
1.1809,0.0003,0.9644,1.1267,0.3657
1.5550,0.0004,1.0371,1.3655,0.3564
1.1914,0.0004,1.3021,1.4305,0.3513
1.3435,0.0007,1.0013,1.3363,0.3541
1.3663,0.0004,1.0221,1.3542,0.3561
1.6115,0.0008,0.9904,1.4263,0.3379
1.4730,0.0006,1.5098,1.3086,0.3954
1.2749,0.0006,1.1635,1.3998,0.3954
1.5262,0.0005,1.0563,1.5858,0.3565
1.4026,0.0005,0.9765,1.5237,0.3510
1.3926,0.0004,0.9300,1.1464,0.3510
1.7070,0.0006,1.5300,1.1288,0.3466
1.3147,0.0004,1.7065,1.0586,0.3518
0.8618,0.0004,0.9090,1.1361,0.3726
1.1484,0.0003,0.8527,0.8802,0.3726
1.4145,0.0003,0.8984,1.6673,0.3482
1.4421,0.0003,0.8775,1.1465,0.3482
1.3185,0.0003,0.8955,1.3236,0.3471
1.5263,0.0004,1.2513,1.4983,0.5243
1.5156,0.0004,1.0367,1.6696,0.5243
1.3461,0.0004,1.1375,1.3639,0.3870
1.4718,0.0004,1.1557,1.3869,0.3517
1.5458,0.0005,0.9713,1.5239,0.3468
1.1319,0.0005,1.2597,1.2025,0.3468
1.5428,0.0005,1.0052,1.4459,0.3578
1.4330,0.0003,0.9802,1.6764,0.3365
1.6394,0.0004,0.9578,1.5843,0.3365
1.6515,0.0004,0.9413,1.4475,0.3415
1.9626,0.0004,1.2143,2.0169,0.3399
1.2122,0.0004,1.3046,1.1996,0.3399
1.6194,0.0005,1.0942,1.7745,0.3976
1.4331,0.0004,1.0211,1.0753,0.3615
1.2401,0.0004,1.2743,1.3967,0.3615
1.4870,0.0004,0.9972,1.6954,0.3429
1.6723,0.0005,0.9279,1.3124,0.3465
1.7049,0.0005,1.4704,1.6161,0.3583
1.1361,0.0004,1.7026,1.1063,0.3607
1.5830,0.0004,0.9483,1.6750,0.3374
1.2202,0.0003,1.2098,1.2009,0.3374
1.3149,0.0003,0.9418,1.2967,0.3378
1.5760,0.0007,0.9425,1.4574,0.3423
2.3535,0.0006,1.1248,2.5590,0.3770
1.1144,0.0007,1.2187,1.1170,0.3770
1.3193,0.0008,1.0585,1.2254,0.3543
1.2999,0.0005,1.1634,1.2402,0.3543
1.9908,0.0005,0.9960,1.9556,0.3513
1.0980,0.0006,1.3170,0.9427,0.3586
1.2237,0.0004,0.9804,1.5162,0.3586
1.5265,0.0004,0.8817,1.1289,0.3503
1.1016,0.0003,0.8781,1.4855,0.3503
1.4554,0.0004,0.8989,1.1760,0.3333
1.2275,0.0005,1.4385,1.0395,0.3523
1.6230,0.0007,1.0123,0.8886,0.3487
1.1960,0.0004,1.7403,1.8523,0.3531
1.4339,0.0005,1.2128,0.9638,0.3686
1.9394,0.0007,1.4729,0.8279,0.3557
1.1510,0.0007,1.8243,0.8279,0.3690
1.0370,0.0006,1.0616,0.9213,0.3516
1.2377,0.0006,0.9750,1.4445,0.3586
1.5319,0.0007,1.0406,1.3777,0.3509
1.2392,0.0005,1.4885,1.3919,0.3509
1.9463,0.0005,1.0701,1.9278,0.3494
1.3509,0.0008,1.0954,1.3371,0.3494
2.0147,0.0007,1.1410,1.8295,0.3360
1.4278,0.0007,1.3593,1.5076,0.3360
2.1954,0.0009,1.3293,2.1883,0.3488
1.4001,0.0009,1.3057,1.2611,0.3488
1.2715,0.0007,1.1789,1.3914,0.3468
1.4593,0.0008,1.1265,1.4201,0.3456
1.3198,0.0004,1.2739,1.4651,0.3441
1.5847,0.0005,1.0619,1.2483,0.3368
1.8717,0.0004,1.1265,2.1990,0.3364
1.5865,0.0005,1.1163,1.1137,0.3586
1.2871,0.0003,1.7172,1.3709,0.3439
1.5832,0.0005,1.0992,1.8160,0.3439
1.4529,0.0006,1.2321,1.2295,0.3567
2.2918,0.0006,1.1839,2.5253,0.3641
1.2429,0.0006,1.2093,1.2726,0.3433
1.3001,0.0008,1.1273,1.1187,0.3433
1.7760,0.0004,1.3632,1.9792,0.3388
1.2650,0.0005,1.0665,1.0557,0.3388
1.5118,0.0004,1.0502,1.4495,0.3328
1.6179,0.0006,1.1347,1.8079,0.3566
1.5158,0.0005,1.1100,1.3144,0.3552
1.6185,0.0005,1.2798,1.6292,0.3572
2.0292,0.0007,1.3033,1.7913,0.3449
2.0592,0.0008,1.8382,2.4246,0.3883
1.6031,0.0008,1.4355,1.4348,0.3458
1.7919,0.0010,1.6903,1.4377,0.3355
1.8994,0.0013,1.5617,2.3187,0.3355
2.3949,0.0009,1.2395,2.2887,0.3559
1.3254,0.0008,1.5496,1.3707,0.3559
1.7597,0.0007,1.2889,1.7312,0.3499
1.6062,0.0010,1.4027,1.7081,0.3476
2.0685,0.0008,1.3475,1.9785,0.5433
1.6207,0.0007,2.2936,1.0116,0.3765
1.7858,0.0006,1.2454,2.1319,0.3378
1.6396,0.0007,1.1476,1.4304,0.3378
2.0050,0.0006,1.2303,1.9748,0.3492
1.5550,0.0004,1.4125,1.6777,0.3556
1.4047,0.0005,1.2084,1.5336,0.3439
1.5016,0.0006,1.0789,1.2961,0.3439
2.2136,0.0007,1.0970,2.1694,0.3480
1.5147,0.0007,1.6101,1.3163,0.3386
1.6253,0.0008,1.3838,1.9865,0.3386
1.4037,0.0007,1.2743,1.4048,0.3987
1.5490,0.0006,1.2460,1.5292,0.3535
1.4365,0.0006,1.1195,1.2551,0.3606
1.6237,0.0006,1.0945,1.8125,0.3450
1.7140,0.0007,1.1394,1.7222,0.3450
1.4266,0.0007,1.1341,1.4322,0.3348
1.3721,0.0006,1.0367,1.3995,0.3348
1.3419,0.0004,1.0475,1.1641,0.3488
1.8022,0.0006,1.1425,1.7093,0.3449
1.5446,0.0009,1.3811,1.6964,0.3336
1.8291,0.0008,1.1763,1.8316,0.3577
2.1174,0.0009,1.4481,2.0113,0.3355
1.6395,0.0006,1.6898,1.7516,0.3355
2.0347,0.0007,1.3267,1.8560,0.3368
1.3029,0.0008,1.4576,1.5182,0.3368
1.4091,0.0004,1.0850,1.2476,0.3487
1.6277,0.0005,1.0594,1.6115,0.3354
1.5917,0.0005,1.0705,1.6139,0.3426
1.6461,0.0005,1.0872,1.5837,0.3364
1.4256,0.0005,1.4256,1.4398,0.3364
1.4922,0.0004,1.2669,1.6544,0.3456
1.7849,0.0005,1.2334,1.5849,0.3611
1.4631,0.0005,1.3577,1.6609,0.3611
1.5123,0.0006,1.0760,1.5024,0.3445
1.3255,0.0006,1.0685,1.2933,0.3339
1.5340,0.0007,1.0778,1.4303,0.3497
1.3560,0.0006,1.2960,1.3651,0.3634
1.3182,0.0007,1.1183,1.3948,0.3634
1.9460,0.0006,1.3623,1.4389,0.3320
1.2123,0.0005,1.7749,1.5175,0.3320
1.8614,0.0007,1.0474,1.8369,0.3417
1.9384,0.0006,1.4250,1.3228,0.3716
1.5602,0.0006,1.9198,1.6598,0.3504
1.2885,0.0005,1.6039,1.3235,0.3429
0.9885,0.0005,1.0811,1.1048,0.3429
1.4762,0.0004,1.0640,1.4711,0.3489
1.6334,0.0005,1.1959,1.7017,0.3380
1.4733,0.0005,0.9177,1.6465,0.3458
1.4651,0.0004,0.9536,1.0549,0.3511
1.2673,0.0005,1.4295,1.4829,0.3511
1.6550,0.0005,0.9909,1.5254,0.3317
1.2215,0.0004,1.1221,1.3774,0.3317
1.7440,0.0008,1.0780,1.8040,0.3612
1.4504,0.0006,1.1968,1.1430,0.3734
1.9043,0.0008,1.1530,2.0235,0.3350
1.3180,0.0004,1.3810,1.3598,0.3350
1.5332,0.0005,1.0411,1.6908,0.3508
1.4230,0.0004,1.0513,1.4342,0.3466
1.3683,0.0004,1.0370,1.1201,0.3466
1.3636,0.0005,1.4285,1.5132,0.3523
1.4912,0.0004,1.1022,1.4572,0.3457
1.6072,0.0004,1.0215,1.5954,0.3458
1.9929,0.0005,1.0816,1.5974,0.3502
1.3946,0.0008,1.4514,1.8020,0.3502
2.0640,0.0005,1.3005,2.1220,0.3621
1.3352,0.0005,1.1512,1.0868,0.3621
2.0313,0.0005,1.1485,2.2794,0.3345
1.6359,0.0005,1.1006,1.6064,0.3440
1.3636,0.0005,1.1559,1.1766,0.3440
2.1364,0.0006,1.1154,2.3291,0.3354
1.3118,0.0004,1.0586,1.3499,0.3447
1.6340,0.0005,1.0456,1.5222,0.3447
1.3909,0.0004,1.3921,1.4754,0.3598
1.8891,0.0007,1.2638,1.5886,0.3598
1.6189,0.0006,1.5244,1.8617,0.3512
1.4549,0.0005,1.2191,1.2486,0.3512
1.5644,0.0005,1.0687,1.6084,0.3506
1.3914,0.0009,1.0550,1.5085,0.3477
2.0093,0.0006,1.2204,2.0014,0.3362
1.1195,0.0006,1.2271,1.1758,0.3721
1.4811,0.0006,1.2251,1.4098,0.3721
1.7847,0.0007,1.3849,1.5637,0.3318
1.1816,0.0005,1.4414,1.1863,0.3464
2.1182,0.0007,1.0360,1.6314,0.3602
1.5919,0.0009,1.7366,2.2959,0.3751
1.4183,0.0208,1.3060,1.2481,0.3544
1.1484,0.0006,1.3755,1.0791,0.3524
1.3360,0.0006,1.0390,1.3575,0.3470
1.3379,0.0006,1.3538,1.3353,0.3604
1.4464,0.0004,1.1792,1.6550,0.3604
1.6481,0.0006,1.0183,1.5216,0.3556
1.6787,0.0005,1.4230,1.2374,0.3664
1.1789,0.0005,1.5149,1.5876,0.3613
1.3014,0.0005,1.0661,1.4440,0.3613
1.8612,0.0005,1.0460,1.8521,0.3739
1.5069,0.0004,1.1210,1.4956,0.3739
1.7324,0.0010,1.1640,1.6636,0.3444
1.3014,0.0006,1.2112,1.3422,0.3444
1.3077,0.0006,1.0988,1.3453,0.3608
1.6245,0.0006,1.0686,1.3179,0.3432
2.1234,0.0005,1.1560,2.3816,0.3577
1.2088,0.0005,1.1370,1.1502,0.3441
1.3563,0.0006,1.1980,1.2011,0.3349
1.6153,0.0008,1.1718,1.8480,0.3349
1.4859,0.0005,1.0867,1.3090,0.3609
2.1578,0.0007,1.2052,2.2230,0.3517
1.4439,0.0004,1.1767,1.4891,0.3640
1.3448,0.0005,1.1926,1.3727,0.3640
1.7104,0.0006,1.0612,1.5392,0.3625
1.3049,0.0006,1.5904,1.2765,0.3625
1.6934,0.0005,1.0838,1.6817,0.3537
1.5273,0.0004,1.2192,1.5338,0.3417
1.3641,0.0006,1.2720,1.5736,0.3439
1.2450,0.0005,1.0430,1.1746,0.3439
1.3350,0.0003,0.9795,1.3889,0.3432
1.3890,0.0003,0.9096,1.3027,0.3499
1.6553,0.0005,1.0535,1.4303,0.3499
1.5596,0.0006,1.2099,1.7967,0.3470
1.4287,0.0005,1.2488,1.2146,0.3775
1.9044,0.0007,1.1533,2.1183,0.3555
1.2901,0.0005,1.1055,1.0475,0.3555
1.5875,0.0006,1.0675,1.8346,0.3644
1.6353,0.0005,1.0407,1.4864,0.3538
1.6369,0.0005,1.0701,1.5605,0.3538
1.5579,0.0005,1.0842,1.6341,0.3307
1.6854,0.0005,1.0957,1.8157,0.3602
1.4304,0.0005,1.0705,1.2930,0.3431
2.4316,0.0007,1.0984,2.1601,0.3599
1.7094,0.0007,1.9612,1.3278,0.3739
1.1783,0.0004,1.3519,1.1630,0.3753
1.3559,0.0004,1.0766,1.6510,0.3385
1.2313,0.0008,1.0097,1.2017,0.3385
1.6972,0.0004,1.0665,1.3086,0.3385
1.4174,0.0005,1.3849,1.7799,0.3650
1.5100,0.0004,1.1961,1.2454,0.3650
1.9780,0.0005,1.0441,1.8651,0.3357
1.3265,0.0006,1.5007,1.4637,0.3466
1.9945,0.0007,1.2234,2.1615,0.3489
1.5433,0.0008,1.2909,1.0974,0.3489
2.1444,0.0007,1.5383,2.3799,0.3399
1.2540,0.0006,1.5042,1.5023,0.3399
1.5372,0.0004,1.1306,1.5385,0.3478
1.3188,0.0004,1.0983,1.0703,0.3478
1.6586,0.0004,1.2200,1.7945,0.3589
1.3370,0.0004,1.2883,1.2967,0.3544
2.2405,0.0005,1.0806,2.3580,0.3651
1.0931,0.0003,1.0860,0.8234,0.3651
1.5044,0.0003,1.0547,1.7767,0.3575
2.5830,0.0007,1.0513,2.4282,0.3838
1.6010,0.0006,1.6847,1.6796,0.3518
1.5275,0.0004,1.2785,1.5779,0.3518
1.6604,0.0004,1.0650,1.4797,0.3485
1.8160,0.0004,1.0643,1.9974,0.3476
1.9244,0.0003,1.0515,1.8898,0.3446
1.1729,0.0007,1.0844,1.0700,0.3446
1.9382,0.0005,1.0145,1.9120,0.3452
1.9762,0.0006,1.0304,1.9327,0.3613
2.1678,0.0006,1.3447,1.5200,0.3557
1.4356,0.0005,2.0167,1.6014,0.3579
1.0799,0.0005,1.2401,1.5152,0.3543
1.4183,0.0007,1.0294,1.2967,0.3404
1.7769,0.0006,0.9934,1.6344,0.3404
2.0696,0.0008,1.1074,2.2882,0.3535
1.5261,0.0007,1.1203,1.2961,0.3411
2.1333,0.0008,1.3269,2.3522,0.3432
1.5455,0.0008,1.2219,1.4369,0.3432
1.5655,0.0007,1.4481,1.3830,0.3552
1.7026,0.0008,1.1555,1.9386,0.3485
1.8061,0.0007,1.2416,1.6491,0.3986
1.5386,0.0007,1.2325,1.7174,0.3986
2.4502,0.0008,1.1963,2.3598,0.3690
1.5505,0.0006,1.2865,1.6359,0.3512
1.3608,0.0006,1.2091,1.3818,0.3512
1.6041,0.0006,1.0585,1.5555,0.3569
1.0548,0.0006,1.0593,0.8381,0.3683
1.1914,0.0004,1.0354,1.4005,0.3490
2.1723,0.0005,1.0055,2.0601,0.3452
1.2382,0.0005,1.2124,1.2075,0.3370
1.4557,0.0006,1.2315,1.4649,0.3370
1.7602,0.0007,1.3231,1.5212,0.6183
1.5216,0.0005,1.3237,1.8080,0.3782
1.4807,0.0005,1.1631,1.4756,0.3608
1.4862,0.0004,1.2124,1.2612,0.3608
1.2723,0.0006,1.2290,1.5642,0.3442
1.3022,0.0003,1.1188,1.1865,0.3431
1.4946,0.0005,1.1869,1.5836,0.3571
1.6357,0.0005,1.0054,1.5892,0.3604
1.8574,0.0004,1.1358,1.8787,0.3443
1.8436,0.0004,1.1019,1.5993,0.3443
1.6089,0.0005,1.7679,1.7568,0.3506
1.2290,0.0005,1.1833,1.3557,0.3791
1.5159,0.0005,1.1635,1.2760,0.3431
1.3808,0.0005,1.5893,1.4209,0.3431
1.4905,0.0005,1.0456,1.6725,0.3504
1.5552,0.0004,1.0158,1.2299,0.3626
2.4349,0.0004,1.0880,2.6489,0.3438
1.3879,0.0005,1.2160,1.4584,0.3602
1.6206,0.0007,1.1501,1.5800,0.3579
2.0128,0.0014,1.2759,1.9514,0.3537
1.4285,0.0010,1.4905,1.4752,0.3537
1.9064,0.0006,1.4198,1.6426,0.3796
1.4082,0.0005,1.8571,1.6735,0.3391
1.2347,0.0008,1.1268,0.9821,0.3391
2.1383,0.0006,1.0495,2.1635,0.3641
1.5798,0.0005,1.4347,1.7586,0.3349
2.1453,0.0007,1.3333,1.6755,0.3349
2.2496,0.0010,1.4774,2.6376,0.3484
1.3741,0.0006,1.2701,1.4381,0.3400
2.2106,0.0007,1.1897,2.0908,0.3400
1.9945,0.0008,1.3633,1.8671,0.3630
1.4496,0.0006,1.6242,1.6227,0.3460
1.4119,0.0008,1.2845,1.4544,0.3460
1.8006,0.0006,1.1420,1.7690,0.3543
1.3714,0.0006,1.1812,1.2441,0.3543
1.8457,0.0005,1.1339,1.9571,0.3437
1.8237,0.0006,1.2860,1.8434,0.3359
2.2135,0.0006,1.2979,1.9451,0.3321
1.2617,0.0008,1.4492,0.9489,0.3532
1.4176,0.0008,1.2055,1.7951,0.3532
1.8256,0.0005,1.1361,1.4008,0.3977
1.2918,0.0005,1.6117,1.4671,0.3977
1.5956,0.0004,1.1081,1.8258,0.3552
1.5138,0.0005,1.2047,1.3786,0.3516
2.1677,0.0005,1.2941,2.2619,0.3391
1.6620,0.0005,1.1542,1.6756,0.3444
1.0668,0.0003,1.1597,1.0767,0.3444
1.9200,0.0005,1.0333,1.6371,0.3386
1.7229,0.0005,1.0172,1.7746,0.3307
1.5644,0.0008,1.1494,1.5074,0.3465
2.2332,0.0008,1.2215,2.4617,0.3915
1.1812,0.0010,1.2324,0.9164,0.3915
1.8894,0.0007,1.1354,2.1863,0.3527
1.0885,0.0006,1.1001,1.0931,0.3367
1.5445,0.0006,1.2067,1.3465,0.3367
1.8564,0.0007,1.3757,2.0307,0.3616
1.1410,0.0006,1.1208,1.0885,0.3616
1.4139,0.0006,1.0523,1.3024,0.3434
2.2164,0.0013,1.0558,2.3576,0.3378
1.0685,0.0008,1.1080,1.0185,0.3378
1.7497,0.0007,1.0154,1.5352,0.3473
1.9574,0.0007,1.2616,2.1804,0.3540
1.6506,0.0008,1.2378,1.6872,0.3540
1.5524,0.0006,1.1662,1.2568,0.3619
2.2019,0.0006,1.4552,2.3989,0.3666
1.6939,0.0009,1.1853,1.7586,0.3468
1.4859,0.0006,1.2001,0.9760,0.3532
1.1147,0.0006,1.4849,1.2044,0.3532
1.7023,0.0007,0.9762,1.9075,0.3493
0.9718,0.0006,0.9689,0.9993,0.3540
1.3472,0.0006,0.9739,1.2683,0.3540
2.4730,0.0009,1.0865,2.4787,0.3716
1.5659,0.0007,1.1953,1.5780,0.3501
1.2148,0.0006,1.1546,1.0693,0.3501
1.7694,0.0008,1.2257,1.9399,0.3327
1.4588,0.0006,1.0595,1.4462,0.3515
1.1276,0.0007,1.1143,1.1041,0.3515
1.6212,0.0008,1.2020,1.6119,0.3511
1.5205,0.0005,1.4257,1.3119,0.3453
1.3601,0.0008,1.0948,1.5071,0.3433
2.0225,0.0006,1.1152,1.6181,0.3526
1.4789,0.0007,1.5708,1.8666,0.3522
1.7027,0.0008,1.3486,1.7513,0.3737
1.8213,0.0006,1.1718,1.7724,0.3544
1.1480,0.0004,1.2627,1.0069,0.3492
1.6163,0.0005,1.1744,1.6164,0.3522
1.2362,0.0005,1.3388,1.3206,0.3522
1.6293,0.0004,1.0762,1.5944,0.3470
1.2338,0.0006,1.3586,1.2214,0.3514
1.5463,0.0005,1.0560,1.5222,0.3376
1.3708,0.0004,1.0399,1.5591,0.3376
1.4708,0.0004,1.0701,1.3171,0.3358
2.2709,0.0008,1.2192,2.2923,0.5455
1.3383,0.0005,1.3400,0.9241,0.3680
1.2349,0.0006,1.3134,1.3500,0.3680
1.9555,0.0005,1.1653,2.1979,0.3618
1.0872,0.0006,1.1008,1.1454,0.3618
1.3313,0.0007,1.0605,1.3213,0.3650
1.6559,0.0006,1.0225,1.2710,0.3426
1.2736,0.0004,1.4399,1.3350,0.3426
1.5257,0.0006,1.0565,1.6655,0.3382
1.4107,0.0005,1.0165,1.4670,0.3382
1.7720,0.0009,1.0191,1.8948,0.3439
1.5586,0.0007,1.1242,1.4783,0.3439
1.3998,0.0006,1.2643,1.2330,0.3563
1.8690,0.0004,1.1898,2.0392,0.3874
2.0489,0.0008,1.1149,2.0281,0.3556
1.6999,0.0007,1.2232,1.6945,0.3488
1.5423,0.0007,1.1963,1.2911,0.3488
1.5407,0.0007,1.1949,1.7554,0.3567
2.1571,0.0007,1.0977,2.2020,0.3359
1.5051,0.0005,1.0524,1.5101,0.3445
1.6140,0.0005,1.0463,1.5961,0.3289
1.9651,0.0010,1.1738,1.9076,0.3729
1.3266,0.0008,1.3584,1.3925,0.3729
1.6048,0.0004,1.0970,1.5946,0.3716
1.6463,0.0004,1.0120,1.6434,0.3512
1.7132,0.0004,1.0034,1.6704,0.3457
1.2497,0.0004,1.0332,1.1358,0.3457
2.0481,0.0005,1.0349,2.1911,0.3405
1.8905,0.0005,0.9737,1.6184,0.3377
1.3647,0.0003,1.3218,1.6054,0.3677
1.5903,0.0005,1.0133,1.5616,0.3525
1.7329,0.0006,1.1106,1.6765,0.3525
2.1085,0.0005,1.3219,2.1160,0.3486
1.2878,0.0004,1.1898,1.3265,0.3445
1.3924,0.0004,1.0944,1.4017,0.3410
1.7230,0.0006,1.0081,1.6722,0.3480
1.4497,0.0004,1.0901,1.4483,0.3408
1.4936,0.0004,1.0688,1.0908,0.3408
2.1162,0.0005,1.0017,2.5234,0.3386
1.2196,0.0004,1.0264,1.2500,0.3386
1.3341,0.0005,0.9519,1.1436,0.3448
1.6130,0.0006,1.0912,1.4639,0.3358
1.8519,0.0008,1.3588,2.0913,0.3496
1.9017,0.0007,1.1804,1.7936,0.3538
1.6669,0.0007,1.2894,1.7932,0.3404
1.2703,0.0009,1.1508,1.2248,0.3404
2.0346,0.0007,1.2032,1.8064,0.3523
1.8103,0.0010,1.4696,2.0516,0.3325
1.7211,0.0006,1.2267,1.6304,0.3423
1.8691,0.0009,1.1586,1.8847,0.3429
2.0807,0.0010,1.2317,2.1083,0.3338
1.8151,0.0009,1.3209,1.7078,0.3478
1.7092,0.0007,1.7929,1.2192,0.3702
1.3447,0.0007,1.7832,1.7704,0.3374
1.4202,0.0007,1.1943,1.6274,0.3365
1.8219,0.0006,1.0476,1.6231,0.3410
1.5851,0.0006,1.3692,1.5687,0.3410
1.7953,0.0006,1.1710,1.7970,0.3529
1.2914,0.0006,1.4005,1.2440,0.3449
2.1572,0.0008,1.1232,1.9416,0.3469
1.3119,0.0007,1.6378,1.7187,0.3551
2.1216,0.0009,1.3308,2.0267,0.3551
1.5486,0.0009,1.4887,1.3662,0.3529
2.0118,0.0008,1.2901,2.0562,0.3692
1.6785,0.0006,1.3822,1.8703,0.3477
1.6710,0.0006,1.1470,1.6654,0.3397
2.3292,0.0007,1.1659,2.0936,0.3676
1.3757,0.0006,1.4763,1.3725,0.3676
1.7291,0.0006,1.4296,1.9456,0.3399
1.8062,0.0010,1.1105,1.8315,0.3572
2.1667,0.0010,1.0141,1.9062,0.3519
1.3583,0.0006,1.5213,1.4201,0.3407
1.7689,0.0006,1.1808,1.5287,0.3401
1.7457,0.0006,1.1503,2.1321,0.3401
1.4495,0.0007,1.2406,1.3375,0.3451
1.6966,0.0005,1.3270,1.6527,0.3431
1.5058,0.0004,1.1420,1.4458,0.3427
1.8572,0.0005,1.1969,1.8308,0.3432
1.1660,0.0005,1.4594,1.1590,0.3562
1.4156,0.0005,1.0189,1.6376,0.3562
2.0639,0.0006,1.0043,1.3780,0.3507
1.6472,0.0005,1.5743,2.3073,0.3667
1.3534,0.0005,1.1745,1.3998,0.3667
1.4096,0.0006,1.0052,1.2384,0.3382
1.6809,0.0005,1.1471,1.5167,0.3324
1.3185,0.0005,1.1370,1.6243,0.3465
1.5296,0.0005,1.0102,1.3005,0.3465
1.4838,0.0005,0.9977,1.6998,0.3468
1.8670,0.0006,1.1007,1.3481,0.3602
1.3742,0.0006,1.9278,1.7533,0.3438
1.1179,0.0004,1.2014,1.0291,0.3438
1.6013,0.0004,0.9601,1.7975,0.3478
2.1138,0.0005,1.0655,2.0428,0.3700
1.2950,0.0006,1.2345,1.3574,0.3467
1.1178,0.0006,1.0480,1.1403,0.3455
1.4832,0.0005,0.9919,1.4646,0.3408
1.3725,0.0004,0.9315,1.1812,0.3408
1.6745,0.0005,0.9696,1.6285,0.3521
1.2022,0.0005,1.4136,0.9888,0.3657
0.9316,0.0003,0.9418,1.0122,0.3657
1.3291,0.0005,0.9862,1.3250,0.3328
1.5437,0.0004,1.1615,1.5413,0.3475
1.4986,0.0006,0.9046,1.4224,0.3418
1.1250,0.0005,0.9113,1.3606,0.3429
1.6945,0.0004,1.0408,1.4738,0.3547
1.5210,0.0005,1.0394,1.4662,0.3645
1.5668,0.0005,1.0367,1.5914,0.3457
1.2673,0.0004,0.9928,1.3976,0.3457
1.4302,0.0005,1.0020,1.5196,0.3573
1.8859,0.0005,0.9501,1.8480,0.3328
1.4017,0.0005,1.0392,1.3953,0.3455
1.0145,0.0004,1.0671,1.0167,0.3541
1.8474,0.0007,0.9858,1.5842,0.3317
1.1210,0.0004,1.3378,1.1040,0.3527
1.6921,0.0006,1.0110,1.5522,0.3527
2.3125,0.0005,1.4945,2.5904,0.3666
1.3214,0.0007,1.2994,1.3716,0.3616
1.2450,0.0005,1.0936,1.2650,0.3622
1.2385,0.0005,0.9793,1.2492,0.3545
1.0533,0.0005,1.0005,1.0669,0.3545
1.5258,0.0006,0.9442,1.1899,0.3485
1.4214,0.0007,1.0375,1.6179,0.3635
1.4938,0.0007,1.1474,1.4596,0.3635
1.4583,0.0005,1.1103,1.4037,0.3373
1.4526,0.0005,1.1685,1.5698,0.3549
1.4235,0.0005,1.1891,1.3403,0.3419
1.3372,0.0010,1.3815,1.2132,0.3419
1.2149,0.0006,1.1733,1.4617,0.3529
2.0551,0.0007,1.0475,2.0439,0.3523
1.2720,0.0005,0.9748,1.2844,0.3523
1.6381,0.0006,0.9677,1.3473,0.3448
1.1838,0.0005,1.3405,1.2677,0.3574
1.9026,0.0006,1.0415,2.0614,0.3497
1.5352,0.0005,1.0993,1.5148,0.3497
1.5034,0.0005,1.1938,1.3626,0.3398
1.4187,0.0006,0.9417,1.4688,0.3499
1.5227,0.0006,0.9515,1.4752,0.3498
1.6796,0.0008,0.9448,1.8144,0.3498
1.5037,0.0006,1.1421,1.5196,0.3604
1.4643,0.0007,1.0416,1.2979,0.3422
2.0405,0.0006,1.0118,2.1472,0.3383
1.1186,0.0004,1.0114,1.1787,0.3383
1.2696,0.0004,1.0048,1.1568,0.3476
1.6530,0.0006,1.0625,1.2874,0.3467
1.4534,0.0006,1.0398,1.6131,0.3305
2.0866,0.0006,0.9862,2.3501,0.3535
1.0275,0.0005,1.0397,0.8633,0.3535
1.4727,0.0005,0.9997,1.4022,0.3509
1.6882,0.0005,1.0068,1.8040,0.3388
1.6587,0.0007,1.3660,1.3804,0.3752
1.5477,0.0005,1.4629,1.9114,0.3547
1.7997,0.0005,1.0929,1.4910,0.3592
1.1267,0.0005,1.6854,1.2312,0.3592
2.1306,0.0005,0.9809,2.1392,0.3602
1.0952,0.0004,1.1983,1.1003,0.3602
1.7376,0.0004,0.9823,1.9090,0.3456
1.4815,0.0004,0.9363,1.4237,0.3439
1.0234,0.0003,1.0079,0.7966,0.3439
1.4677,0.0003,0.9539,1.6090,0.3582
1.8402,0.0006,1.0745,1.9038,0.3729
2.0226,0.0006,1.3582,1.2894,0.3247
1.4155,0.0006,1.4921,2.1639,0.3247
1.2068,0.0004,1.1223,1.1973,0.3506
1.5999,0.0004,1.0719,1.2432,0.3607
1.8684,0.0009,1.0660,1.9588,0.3461
1.0438,0.0004,1.2250,1.1972,0.3461
1.2885,0.0005,1.0409,1.3657,0.3610
1.3564,0.0004,1.1748,1.4275,0.3435
1.5339,0.0005,0.8973,1.5192,0.3469
1.2832,0.0004,0.9269,1.2944,0.3516
1.1876,0.0004,0.9047,1.0180,0.3516
1.4626,0.0005,1.0716,1.4806,0.3853
1.3786,0.0007,1.3261,1.4364,0.3663
1.2089,0.0006,1.1484,1.2626,0.3409
1.2763,0.0004,1.0330,1.1551,0.3526
1.1288,0.0003,1.0275,1.2190,0.3367
1.4214,0.0003,0.9615,1.3780,0.3487
1.8189,0.0003,0.9682,1.8677,0.3516
1.1594,0.0003,0.9408,0.9838,0.3516
1.3134,0.0004,0.9530,1.4737,0.3449
1.6457,0.0003,0.9985,1.3572,0.3413
1.2791,0.0004,1.0883,1.5444,0.3413
2.1493,0.0008,1.1647,2.0665,0.3471
1.6456,0.0007,1.1612,1.6636,0.3775
1.5785,0.0008,1.2783,1.4921,0.3640
1.1587,0.0007,1.2744,1.3206,0.3640
1.8136,0.0006,0.9746,1.7593,0.3401
1.2401,0.0003,0.9932,1.1832,0.3447
2.2256,0.0004,1.0107,2.1249,0.3420
1.1955,0.0004,1.3488,0.8908,0.3577
1.0351,0.0003,1.0547,0.9628,0.3677
1.5728,0.0003,0.9291,1.8319,0.3677
1.2669,0.0003,0.8882,1.2271,0.3477
1.4104,0.0007,0.9610,1.2384,0.3509
2.0275,0.0004,1.1198,2.1699,0.3705
1.2483,0.0004,1.0813,1.0898,0.3705
1.6183,0.0005,0.9723,1.6067,0.3591
1.0898,0.0003,1.2621,1.1193,0.3416
1.4218,0.0003,1.0337,1.3125,0.3416
1.4895,0.0004,1.1196,1.4781,0.3322
1.3000,0.0004,0.9167,1.4436,0.3322
1.3095,0.0003,0.9358,1.2719,0.3486
1.3940,0.0003,0.9635,1.2863,0.3424
1.3743,0.0003,1.0012,1.3967,0.3473
1.4929,0.0003,1.0157,1.5239,0.3473
1.5960,0.0008,1.0003,1.7591,0.3912
1.3472,0.0006,1.0930,1.1782,0.3912
1.6389,0.0005,1.0185,1.5361,0.3663
1.4504,0.0004,0.9289,1.6286,0.3479
1.2345,0.0004,0.9443,1.3383,0.3479
1.6198,0.0004,0.9457,1.3084,0.3529
1.1689,0.0006,1.2752,1.3375,0.3529
1.7593,0.0005,0.9637,1.8558,0.3314
1.1283,0.0004,1.0001,1.0545,0.3314
2.1366,0.0008,1.0016,1.9803,0.3558
1.4776,0.0005,1.5677,1.7058,0.3558
2.0561,0.0005,1.1220,1.5927,0.3513
1.6060,0.0005,1.1829,1.9297,0.3678
1.6143,0.0004,1.0727,1.5178,0.3509
1.5568,0.0004,0.9557,1.5787,0.3489
1.5773,0.0004,0.9524,1.5594,0.3475
1.6450,0.0004,1.0086,1.5693,0.3475
1.4065,0.0006,1.1077,1.5342,0.3451
1.4308,0.0004,1.0041,1.5824,0.3522
1.2751,0.0004,0.9817,1.1956,0.3522
1.5221,0.0005,0.9799,1.3731,0.3424
2.3464,0.0010,0.9997,2.2417,0.3463
1.5027,0.0011,1.5813,1.0966,0.3893
1.0992,0.0006,1.2757,1.0666,0.3681
1.0702,0.0009,1.0190,1.1917,0.3681
1.3796,0.0006,0.9796,1.3478,0.3370
1.5193,0.0007,0.9874,1.7021,0.3428
1.6323,0.0009,1.0533,1.4715,0.3378
1.1775,0.0005,1.3538,1.0075,0.3516
1.3269,0.0003,0.9542,1.6028,0.3414
1.2670,0.0004,0.9627,1.2603,0.3414
1.8600,0.0003,1.0927,1.6558,0.3486
1.3507,0.0004,1.2845,0.9851,0.3563
1.2964,0.0005,1.4780,1.3848,0.3563
1.3208,0.0004,1.0161,1.3704,0.3584
1.6289,0.0005,0.9642,1.7115,0.3356
1.3153,0.0005,0.9787,1.2726,0.3486
1.1444,0.0007,0.9936,1.3308,0.3521
1.4309,0.0005,0.9669,1.4368,0.3605
1.2491,0.0004,0.9327,1.0344,0.3605
1.4835,0.0004,0.9528,1.5674,0.3518
1.1475,0.0005,1.2215,1.1458,0.3503
1.3823,0.0004,1.0273,1.2463,0.3503
1.3167,0.0004,1.0044,1.5429,0.3447
1.5091,0.0004,0.9590,1.4087,0.3447
1.8887,0.0004,0.9377,1.9013,0.3260
1.3952,0.0005,1.1148,1.3040,0.3260
1.3278,0.0004,1.1556,1.4704,0.3665
1.5382,0.0004,0.9957,1.2512,0.3492
1.0641,0.0005,1.3002,1.3512,0.3492
1.3015,0.0005,1.0026,1.0908,0.3573
1.5622,0.0006,0.9834,1.5197,0.3540
1.1863,0.0004,1.3180,1.3958,0.3465
1.0185,0.0005,1.0163,0.9609,0.3465
1.7830,0.0009,1.2048,1.5291,0.3376
1.7244,0.0006,1.8179,1.9354,0.3405
1.2214,0.0005,1.3426,1.1366,0.3593
1.9016,0.0008,1.2639,1.6450,0.3643
1.4229,0.0006,1.8537,1.7906,0.3689
1.5503,0.0005,1.1009,1.3584,0.3689
1.6146,0.0004,1.0291,1.6264,0.3427
1.5828,0.0005,1.1392,1.8160,0.3427
1.7308,0.0004,0.9305,1.6471,0.3389
2.4589,0.0005,0.8855,2.4208,0.3447
1.6284,0.0006,1.1222,1.6518,0.3442
1.5013,0.0005,1.1906,1.4903,0.3442
1.8995,0.0010,1.2024,1.5738,0.3656
1.6323,0.0008,1.7343,1.6456,0.3622
1.4648,0.0011,1.4320,1.7841,0.3549
1.6362,0.0008,1.2627,1.2732,0.3558
1.4283,0.0008,1.6846,1.5304,0.3558
1.6043,0.0007,1.2299,1.6558,0.3706
2.0252,0.0004,1.1921,2.0110,0.3570
1.9882,0.0005,1.1874,1.9598,0.3463
1.1879,0.0007,1.4605,1.4340,0.3463
1.6430,0.0007,1.0562,1.2990,0.3422
2.2485,0.0007,1.0462,2.4741,0.3481
1.4573,0.0005,1.3779,1.5080,0.3481
1.6516,0.0005,1.2757,1.5778,0.3524
1.4180,0.0005,1.3481,1.3849,0.3524
1.8524,0.0006,1.0868,1.9494,0.3503
1.5660,0.0009,1.0539,1.4956,0.3361
1.6622,0.0005,1.1345,1.7678,0.3388
1.6655,0.0006,1.0379,1.6513,0.3447
2.0327,0.0006,1.0146,2.0089,0.3566
1.2034,0.0007,1.0785,0.9533,0.3566
1.8823,0.0011,1.0426,2.0567,0.3565
1.6923,0.0007,1.2031,1.6130,0.3391
1.8059,0.0007,1.3020,1.7132,0.3566
1.3738,0.0006,1.5843,1.3102,0.3566
2.5311,0.0007,1.1335,2.5334,0.3514
1.7596,0.0007,1.6365,1.8165,0.3455
1.3857,0.0006,1.5529,1.2466,0.3533
1.7120,0.0007,1.3449,1.8821,0.3473
1.8287,0.0005,1.3145,1.8462,0.3473
1.4325,0.0004,1.3177,1.3148,0.3606
2.1950,0.0007,1.1517,2.3551,0.3651
1.9312,0.0007,1.3107,1.9758,0.3564
1.2361,0.0008,1.3229,1.0213,0.3564
1.8084,0.0005,1.1844,2.0447,0.3512
1.3232,0.0006,1.1103,1.1624,0.3502
1.6610,0.0006,1.0893,1.6863,0.3502
1.7565,0.0004,1.1208,1.5807,0.3451
1.7656,0.0008,1.0964,1.8233,0.3395
1.7156,0.0004,1.0998,1.9577,0.3420
1.6771,0.0004,1.0960,1.6832,0.3420
1.7162,0.0005,1.2224,1.6905,0.3366
1.6326,0.0005,1.2656,1.6050,0.3523
1.4553,0.0005,1.3115,1.3683,0.3400
1.8755,0.0008,1.1669,1.9591,0.3488
1.4744,0.0005,1.0915,1.4980,0.3488
1.4482,0.0005,1.1017,1.2224,0.3576
1.6676,0.0006,1.5001,1.8742,0.3520
1.4906,0.0006,0.9932,1.5174,0.3461
1.3390,0.0006,0.9387,1.0516,0.3461
1.5888,0.0006,0.9378,1.8515,0.3715
1.8118,0.0007,0.9568,1.7241,0.3318
2.0997,0.0006,1.4684,1.2010,0.5490
1.8394,0.0008,1.9871,1.4107,0.3583
1.3419,0.0008,1.7683,1.4230,0.3549
1.0093,0.0005,1.1110,0.9836,0.3701
1.0306,0.0004,0.9816,1.1395,0.3701
1.7323,0.0005,0.9281,1.7668,0.3446
1.5210,0.0005,0.9284,1.5149,0.3447
1.4930,0.0004,0.9886,1.4890,0.3412
1.4843,0.0004,0.9708,1.4050,0.3467
1.4637,0.0004,0.9629,1.4418,0.3422
1.1267,0.0003,1.2521,1.3306,0.3422
2.2116,0.0007,0.9624,1.4643,0.3406
1.9804,0.0009,1.3451,2.6589,0.3426
1.8987,0.0006,1.5976,1.7389,0.3531
1.4037,0.0005,1.5829,0.8971,0.3428
0.9927,0.0004,1.0904,1.3202,0.3428
1.5583,0.0005,0.9371,1.3091,0.3351
1.2181,0.0005,1.2470,1.3303,0.3351
2.0025,0.0006,0.9626,2.0087,0.3417
1.1998,0.0005,1.1944,1.2906,0.3459
1.4149,0.0005,0.9715,1.3250,0.3459
1.5776,0.0005,1.1670,1.2332,0.3581
1.9160,0.0007,1.2080,2.2690,0.3556
1.7213,0.0005,1.2831,1.4127,0.3524
1.5278,0.0005,1.6075,1.8693,0.3585
1.8675,0.0006,1.1729,1.6585,0.3530
1.2256,0.0008,1.5839,1.3657,0.3416
1.3439,0.0005,1.0408,1.2137,0.3424
1.3040,0.0009,1.3166,1.3264,0.3424
1.5635,0.0007,1.0291,1.5505,0.3487
1.3218,0.0004,1.2526,1.4792,0.3440
1.5067,0.0004,1.0240,1.4424,0.3440
1.5785,0.0008,1.0118,1.4119,0.3527
2.3068,0.0006,1.1392,2.2725,0.3745
1.9077,0.0008,1.6439,0.9362,0.3537
1.3059,0.0006,1.8637,0.9362,0.3423
0.9744,0.0004,1.0497,0.9322,0.3441
1.2581,0.0003,0.9692,1.1888,0.3530
1.7888,0.0005,1.2507,2.0247,0.3438
1.3036,0.0006,1.0225,1.3314,0.3438
1.5838,0.0008,1.0681,1.3798,0.3359
1.7369,0.0006,1.0999,1.8785,0.3359
2.3131,0.0007,1.1410,2.2526,0.3520
1.4096,0.0008,1.2858,1.4608,0.3520
1.6520,0.0006,1.3523,1.3332,0.3467
1.6716,0.0004,1.3582,2.0073,0.3467
1.9638,0.0007,1.0814,1.9393,0.3436
1.4509,0.0005,1.1353,1.2131,0.3436
1.8623,0.0005,1.1058,2.1564,0.3428
1.5376,0.0004,0.9854,1.3772,0.3390
1.3011,0.0004,1.2072,1.4525,0.3533
1.6226,0.0005,0.9298,1.4005,0.3533
2.2097,0.0006,1.0351,2.2990,0.3404
1.2150,0.0006,1.1896,1.0718,0.3404
1.8044,0.0007,1.3212,1.5911,0.3742
1.4541,0.0005,1.7631,1.8553,0.3504
1.2624,0.0007,1.0910,1.2416,0.3504
1.6169,0.0003,0.9932,1.6560,0.3636
1.5156,0.0004,1.0102,1.3481,0.3636
1.7350,0.0003,1.0897,1.5958,0.3628
1.9055,0.0005,1.0847,2.1676,0.3480
1.2452,0.0004,1.0691,1.1420,0.3444
1.3419,0.0005,1.2519,1.4422,0.3444
1.7018,0.0006,1.0258,1.4233,0.3562
2.0321,0.0008,1.0643,2.0117,0.3606
1.2134,0.0006,1.4913,1.3848,0.3550
1.3618,0.0004,1.0760,1.3173,0.3475
1.1133,0.0012,1.2901,1.2051,0.3475
1.3886,0.0005,0.9831,1.3265,0.3588
2.1450,0.0005,0.9914,2.2327,0.3454
1.4930,0.0004,1.1275,1.4926,0.3432
1.3270,0.0004,1.1813,1.2953,0.3432
1.5661,0.0006,1.0969,1.6173,0.3603
1.6404,0.0006,1.0691,1.4184,0.3481
1.6236,0.0006,1.2620,1.7612,0.3412
1.8739,0.0008,1.1952,1.8870,0.3641
1.6138,0.0005,1.3678,0.9928,0.3491
1.1760,0.0003,1.5843,1.2081,0.3329
1.6339,0.0003,1.0005,1.7471,0.3479
1.2405,0.0008,1.2595,1.3021,0.3479
1.5997,0.0007,0.9907,1.4411,0.3389
1.4202,0.0004,1.1166,1.3374,0.3404
1.3698,0.0008,1.3541,1.5091,0.3404
1.6604,0.0005,0.9912,1.4932,0.3464
1.2805,0.0003,1.3133,1.4907,0.3538
1.8174,0.0006,1.0168,1.9072,0.3538
1.3347,0.0003,1.0667,1.2693,0.3445
2.2326,0.0007,1.1290,2.1725,0.3604
1.2958,0.0004,1.3450,1.4077,0.3442
1.9819,0.0005,1.0918,1.9437,0.3462
1.3739,0.0005,1.0997,0.9005,0.3476
1.2659,0.0006,1.4644,1.7596,0.3476
1.5612,0.0009,0.9893,1.4413,0.3482
1.5731,0.0006,1.1977,1.3377,0.3538
1.6529,0.0006,1.4681,1.9596,0.3592
1.7419,0.0009,1.2428,1.5510,0.3573
1.6921,0.0006,1.6209,1.3564,0.3827
1.4474,0.0005,1.4343,1.2944,0.3841
1.5914,0.0006,1.5143,1.8938,0.3645
1.3217,0.0003,1.5121,1.5789,0.3469
1.2532,0.0005,1.0365,1.1208,0.3469
1.8596,0.0004,1.0634,1.9439,0.3570
1.2574,0.0004,1.2991,1.2776,0.3570
1.3550,0.0006,1.0956,1.2283,0.3528
2.0758,0.0005,1.0985,2.1466,0.3337
1.5943,0.0005,1.0844,1.6097,0.3478
1.6995,0.0005,1.1168,1.5044,0.3478
1.3799,0.0005,1.4281,1.3353,0.3599
1.8266,0.0005,1.1901,2.0518,0.3440
1.6947,0.0006,1.1830,1.1419,0.3453
1.3211,0.0005,1.8142,1.4421,0.3571
1.1047,0.0005,1.1021,1.4272,0.3398
1.7925,0.0006,1.0436,1.7793,0.3626
1.5405,0.0005,1.0220,1.3926,0.3398
1.2545,0.0004,1.2397,1.2406,0.3398
1.9152,0.0004,1.0187,2.0597,0.3413
1.3944,0.0004,1.0315,1.2025,0.3413
1.9356,0.0009,1.2022,1.8811,0.3485
1.9450,0.0007,1.2678,2.0757,0.3571
1.6100,0.0005,1.4051,1.6994,0.3476
1.4709,0.0008,1.0850,1.4228,0.3411
1.4526,0.0006,1.1970,1.4695,0.3571
1.7971,0.0009,1.1183,1.3012,0.3531
2.0616,0.0005,1.1226,2.5419,0.3571
1.2811,0.0008,1.1100,1.1318,0.3530
1.6739,0.0010,1.1712,1.7722,0.3530
2.0142,0.0008,1.2032,2.0308,0.3585
1.3043,0.0006,1.2409,1.2762,0.3585
1.6281,0.0006,1.2857,1.6638,0.3566
1.6000,0.0005,1.2047,1.3979,0.3604
2.2853,0.0006,1.3217,1.8176,0.3544
1.2683,0.0006,2.2337,1.1181,0.3736
1.0296,0.0006,1.1090,1.2718,0.3736
1.7380,0.0004,1.0260,1.8051,0.3366
1.3195,0.0004,1.0300,0.9913,0.3366
1.3919,0.0004,1.1300,1.7303,0.3383
1.8417,0.0004,1.0489,1.7907,0.3434
1.7801,0.0004,1.0355,1.4539,0.3381
1.9851,0.0006,1.3253,1.8093,0.3683
1.9713,0.0007,1.3038,2.4081,0.3523
2.2147,0.0006,1.4051,2.0193,0.3488
1.4741,0.0004,1.4968,1.7303,0.3488
1.6779,0.0004,1.0997,1.4922,0.3315
2.0896,0.0006,1.0809,2.2391,0.3435
1.4218,0.0005,1.1048,1.4694,0.3433
2.1020,0.0003,1.0376,2.0732,0.3460
1.1447,0.0003,1.0091,1.1655,0.3487
1.5159,0.0006,1.0298,1.3605,0.3487
2.2569,0.0007,1.1657,2.2780,0.3913
1.6264,0.0004,1.2637,1.6865,0.3537
1.6660,0.0004,1.0990,1.6535,0.3397
1.4616,0.0004,1.0901,1.4891,0.3656
1.6601,0.0004,1.0484,1.4882,0.3478
1.8892,0.0005,1.0521,1.8666,0.3428
1.5499,0.0006,1.0860,1.6558,0.3428
1.7542,0.0004,1.0941,1.7892,0.3355
1.7253,0.0004,1.0612,1.7488,0.3355
1.6374,0.0007,1.1149,1.5307,0.3640
2.2473,0.0006,1.3511,2.0931,0.3644
1.4753,0.0005,1.4517,1.7151,0.3411
1.8577,0.0006,1.0722,1.8268,0.3411
1.6389,0.0008,1.0810,1.3444,0.3395
1.6262,0.0005,1.0891,1.9207,0.3450
1.9313,0.0006,1.0590,1.8929,0.3292
2.0780,0.0006,1.0982,2.0695,0.3292
1.9274,0.0008,1.1509,1.9244,0.3435
1.7392,0.0010,1.1858,1.6170,0.3435
2.0362,0.0006,1.3728,2.0908,0.3586
1.2523,0.0006,1.2253,1.3321,0.3586
1.7449,0.0004,1.0654,1.6311,0.3340
1.9522,0.0004,1.0628,1.7626,0.3359
1.5384,0.0004,1.1672,1.5902,0.3470
1.4654,0.0005,1.2318,1.5299,0.3392
1.8543,0.0006,1.0816,1.9830,0.3576
2.1217,0.0004,1.0514,2.1411,0.3450
1.3481,0.0007,1.0557,1.3415,0.3450
1.8645,0.0004,1.1698,1.7761,0.3552
1.7165,0.0006,1.2679,1.7457,0.3923
1.7176,0.0003,1.1986,1.4745,0.3923
2.0549,0.0004,1.0983,2.1068,0.3435
1.9017,0.0005,1.4044,2.0887,0.3557
1.1386,0.0003,1.3357,0.8054,0.3343
1.7435,0.0005,1.0805,1.8320,0.3431
1.2334,0.0003,1.3505,1.2172,0.3431
1.3751,0.0005,1.0237,1.6077,0.3319
1.7351,0.0007,1.0383,1.6901,0.3535
1.6364,0.0007,1.1285,1.5479,0.3453
1.8371,0.0007,1.2761,1.6257,0.8901
1.3796,0.0005,1.5943,1.4616,0.3696
1.9052,0.0004,1.1024,2.0882,0.3478
2.2189,0.0006,1.1017,2.1814,0.3482
1.3449,0.0008,1.1696,1.3832,0.3370
1.4523,0.0005,1.0837,1.1087,0.3370
1.9705,0.0005,1.0791,2.3050,0.3406
1.9395,0.0004,1.0839,1.4227,0.3504
2.2763,0.0005,1.1364,2.6392,0.3445
1.4267,0.0004,1.4025,1.3345,0.3800
1.5447,0.0005,1.2850,1.7469,0.3800
1.3487,0.0005,1.0830,1.2175,0.3431
1.8912,0.0004,1.0706,1.4641,0.3505
2.0905,0.0006,1.1041,2.6325,0.3418
1.0767,0.0006,1.0824,0.8667,0.3418
1.9260,0.0007,1.0538,2.1261,0.3510
1.7229,0.0006,1.1224,1.2864,0.3392
1.3281,0.0005,1.6809,1.7614,0.3392
1.4373,0.0006,1.0415,1.2333,0.3567
1.7996,0.0005,1.0807,1.9624,0.3618
1.6509,0.0004,1.1780,1.3994,0.3815
2.4276,0.0007,1.2023,2.6210,0.3402
1.1794,0.0008,1.2897,1.1717,0.3402
1.6035,0.0009,1.1220,1.3975,0.3496
2.0750,0.0006,1.0856,2.3434,0.3719
1.3812,0.0005,1.0984,1.3647,0.3719
1.4728,0.0008,1.0802,1.3146,0.3496
1.7656,0.0006,1.2649,1.9118,0.3330
1.9764,0.0013,1.1478,1.6025,0.3567
1.9481,0.0011,1.3832,2.2651,0.3738
1.6549,0.0006,1.2989,1.6681,0.3439
1.2555,0.0007,1.1832,1.0421,0.3439
1.8330,0.0008,1.0483,2.0558,0.3366
1.9015,0.0006,1.0803,1.8721,0.3330
1.7621,0.0006,1.1041,1.7811,0.3612
1.1886,0.0006,1.1093,1.1960,0.3691
2.1952,0.0005,1.1441,2.1422,0.3645
1.5239,0.0005,1.1376,1.5269,0.3411
1.5190,0.0007,1.1337,1.4177,0.3411
2.3462,0.0007,1.2324,2.2380,0.3487
1.6964,0.0004,1.4451,1.8972,0.3460
1.6905,0.0006,1.1086,1.7041,0.3562
1.3325,0.0004,1.0364,1.2558,0.3562
1.9494,0.0004,1.0460,1.9821,0.3344
1.2058,0.0005,1.0575,1.2446,0.3344
1.6469,0.0004,1.1270,1.3541,0.3416
1.5834,0.0004,1.0251,1.8514,0.3416
1.8201,0.0006,1.0168,1.7708,0.3501
1.8049,0.0006,1.0859,1.7427,0.3673
1.8777,0.0006,1.3467,1.5961,0.3673
1.8030,0.0005,1.2245,1.7745,0.3640
1.7653,0.0005,1.1158,1.7144,0.3299
1.6908,0.0005,1.0932,1.6061,0.3357
1.5831,0.0005,1.0704,2.0217,0.3349
2.3101,0.0005,1.2323,2.3112,0.3561
1.4534,0.0004,1.1891,1.4919,0.3425
1.6723,0.0005,1.1503,1.6888,0.3579
1.9340,0.0007,1.0618,1.8600,0.3579
1.3440,0.0005,1.2864,1.1422,0.3333
2.2196,0.0005,1.1799,2.3663,0.3402
1.0930,0.0005,1.1756,0.8091,0.3415
1.6242,0.0004,0.9974,1.9088,0.3415
1.7092,0.0006,0.9530,1.6682,0.3496
1.8466,0.0006,1.0955,1.8250,0.3516
1.5399,0.0006,1.1718,1.5508,0.3458
1.3951,0.0005,1.1360,1.3889,0.3458
2.0179,0.0005,1.0769,2.0305,0.3455
1.6270,0.0009,1.0566,1.5568,0.3579
1.6903,0.0005,1.1817,1.7029,0.3728
1.4876,0.0005,1.3137,1.3463,0.3728
1.4982,0.0004,1.3493,1.5757,0.3478
2.0184,0.0007,1.1764,2.1160,0.3447
1.6828,0.0004,1.1025,1.6506,0.3471
1.9446,0.0004,1.3067,1.9305,0.3368
1.4322,0.0005,1.2941,1.4552,0.3300
1.2841,0.0003,1.0665,1.2777,0.3300
1.6691,0.0005,0.9410,1.3304,0.3407
1.7804,0.0006,1.0019,2.0529,0.3392
1.7255,0.0005,1.0856,1.6290,0.3501
1.9122,0.0008,1.2530,2.0331,0.3562
1.4845,0.0008,1.0999,1.4896,0.3348
1.5909,0.0011,1.0485,1.3221,0.3368
1.6615,0.0007,1.3347,1.6694,0.3368
1.8168,0.0006,1.4631,2.0422,0.3474
1.5366,0.0006,1.0905,1.5591,0.3555
1.3682,0.0005,0.9755,1.2341,0.3555
1.8733,0.0007,1.0196,1.5490,0.3466
1.9272,0.0007,1.0165,2.3064,0.3351
1.8763,0.0005,1.1601,1.7104,0.3690
1.5741,0.0007,1.4464,1.7925,0.3686
2.1334,0.0006,1.0460,1.7795,0.3503
1.2201,0.0006,1.4516,1.1364,0.3562
1.2206,0.0006,1.1566,1.4585,0.3562
2.2443,0.0008,1.1009,2.1860,0.3352
1.2159,0.0004,1.3683,1.4369,0.3412
1.4459,0.0003,1.0114,1.2672,0.3412
1.8257,0.0004,0.9895,1.9097,0.3533
1.5926,0.0004,1.1539,1.5306,0.3443
1.8379,0.0006,1.5713,1.9477,0.3803
1.1402,0.0006,1.1579,1.1780,0.3803
2.0142,0.0005,1.0141,1.9517,0.3310
1.3537,0.0006,1.0898,0.9385,0.3310
1.7264,0.0006,1.0907,2.0468,0.3397
1.4898,0.0004,1.0494,1.5926,0.3414
1.4330,0.0006,1.0638,1.3183,0.3431
1.5341,0.0006,1.0134,1.6145,0.3431
1.6859,0.0007,1.0166,1.6278,0.3410
1.8849,0.0004,1.0238,1.9615,0.3479
1.3998,0.0006,1.0455,1.1760,0.3479
1.9711,0.0007,1.1851,2.1068,0.3773
1.9101,0.0006,1.2046,1.8873,0.3573
1.8580,0.0006,1.4346,1.7101,0.3467
1.2851,0.0006,1.6381,1.3275,0.3467
2.0948,0.0009,1.0784,2.2039,0.3352
1.5798,0.0006,1.1789,1.6118,0.3418
1.5410,0.0005,1.1865,1.5676,0.3418
1.6335,0.0004,1.2746,1.2597,0.3387
1.5563,0.0004,1.4547,1.9144,0.3387
1.4394,0.0005,1.0227,1.2384,0.3640
2.1097,0.0007,1.1875,2.2898,0.3551
1.2253,0.0004,1.1293,1.0479,0.3306
1.6459,0.0004,1.0123,1.5323,0.3306
2.2455,0.0006,1.0004,2.5161,0.3479
1.4052,0.0004,0.9961,1.4280,0.3434
1.5095,0.0004,1.0076,1.4995,0.3520
1.6733,0.0003,0.9534,1.5187,0.3467
1.4785,0.0005,1.1975,1.6476,0.3567
1.8506,0.0005,0.9293,1.5154,0.3473
1.5698,0.0008,1.4405,1.2598,0.3473
1.6340,0.0005,1.4731,2.2134,0.3436
1.7927,0.0008,1.0952,1.8113,0.3573
1.2637,0.0003,0.9598,1.0371,0.3573
1.8788,0.0005,0.9776,2.1075,0.3450
1.3944,0.0005,0.9247,1.3519,0.3450
1.8857,0.0004,0.9426,1.9210,0.3401
1.4289,0.0005,1.0010,1.2201,0.3416
1.7025,0.0004,0.9252,1.7281,0.3519
1.6738,0.0004,0.8914,1.5812,0.3466
1.9736,0.0009,1.1038,2.1211,0.3291
1.4329,0.0010,1.3478,1.4075,0.3780
1.9421,0.0006,1.2356,1.9848,0.3421
1.3645,0.0006,1.1332,1.3883,0.3575
1.4983,0.0009,1.0658,1.4938,0.3374
1.2823,0.0006,1.1121,1.2896,0.3378
1.4663,0.0007,1.1106,1.2942,0.3485
1.0732,0.0005,1.2414,1.0079,0.3539
1.6328,0.0006,1.0408,1.6509,0.3377
1.3264,0.0006,1.3721,1.5300,0.3582
1.5872,0.0008,1.0907,1.4594,0.3448
1.4248,0.0015,1.3571,0.8986,0.3690
1.9783,0.0007,1.3657,1.1542,0.3599
1.2405,0.0004,2.0664,1.1542,0.3676
0.9671,0.0005,1.0300,1.1926,0.3437
0.9278,0.0005,0.9638,0.8906,0.3437
1.2610,0.0004,0.8987,1.3859,0.3356
1.4679,0.0004,0.9387,1.4549,0.3617
1.5651,0.0007,0.9897,1.3048,0.3481
1.4601,0.0005,1.0255,1.5957,0.3499
1.3258,0.0004,1.0665,1.3397,0.3499
1.2398,0.0006,1.0383,1.3146,0.3608
1.4620,0.0004,1.0503,1.4975,0.3507
1.6636,0.0006,1.1478,1.4032,0.3507
1.6859,0.0006,1.3064,1.9013,0.3736
1.6073,0.0005,1.0892,1.5908,0.3580
1.1944,0.0005,1.0525,1.2265,0.3591
1.2304,0.0005,1.0904,0.9520,0.3307
1.2550,0.0006,1.2258,1.1892,0.3307
1.5763,0.0005,1.1701,1.8824,0.3575
1.1866,0.0006,0.9639,1.2133,0.3498
1.2642,0.0004,0.9559,1.2454,0.3476
1.1346,0.0004,0.9428,0.9061,0.3476
1.6584,0.0004,0.9904,1.8652,0.3565
1.2959,0.0005,1.3495,1.1277,0.3505
1.5546,0.0003,1.0672,1.4029,0.3505
1.9657,0.0008,1.1495,2.1937,0.3614
1.2653,0.0005,1.3241,1.1265,0.3586
1.2446,0.0005,1.1501,1.4358,0.3586
1.4690,0.0007,1.0605,1.4614,0.3386
2.0502,0.0009,1.1277,1.8360,0.3379
1.9858,0.0007,1.7045,1.0822,0.3645
1.7994,0.0007,1.9362,1.0032,0.3595
1.0668,0.0004,1.4935,1.0032,0.3595
1.2689,0.0004,1.0001,1.3920,0.3387
1.4575,0.0003,1.2135,0.8221,0.3540
2.4212,0.0008,1.7317,2.1441,0.5174
1.5736,0.0008,2.5001,1.3166,0.3835
1.0806,0.0007,1.1841,0.9111,0.3420
1.0580,0.0005,1.0190,1.2109,0.3376
1.5458,0.0004,1.0921,1.6696,0.3374
1.5234,0.0004,1.0138,1.5215,0.3374
1.5243,0.0006,1.0322,1.4193,0.3478
1.9367,0.0009,1.2084,2.0107,0.3481
1.8398,0.0007,1.3409,1.8444,0.3551
1.5281,0.0006,1.0835,1.5247,0.3630
1.6856,0.0007,1.0550,1.6282,0.3584
1.9343,0.0006,1.3935,1.0932,0.3549
1.2463,0.0006,1.8318,1.9773,0.3549
1.5937,0.0005,1.0768,1.5862,0.3604
2.2167,0.0008,1.1054,1.9894,0.3295
2.0710,0.0007,1.6530,1.4580,0.3723
1.3233,0.0005,1.9175,1.4586,0.3601
1.3171,0.0007,1.1625,1.6290,0.3601
2.2171,0.0007,1.0929,2.1073,0.3492
1.3424,0.0007,1.3768,1.4829,0.3450
1.4285,0.0006,1.2054,1.3594,0.3450
1.6208,0.0007,1.2295,1.5765,0.3683
1.8798,0.0007,1.2033,1.9335,0.3588
1.9056,0.0007,1.2756,1.8888,0.3553
1.6499,0.0007,1.5364,1.6558,0.3412
1.1944,0.0007,1.2411,1.2384,0.3412
1.9660,0.0007,1.1401,1.9294,0.3399
1.5258,0.0006,1.1854,1.2510,0.3399
1.6133,0.0006,1.7235,1.4255,0.3638
1.4595,0.0006,1.4325,1.9428,0.3482
1.9618,0.0007,1.0647,1.8480,0.3482
2.0233,0.0007,1.3371,2.0532,0.3460
1.5942,0.0006,1.6215,1.5187,0.3451
1.5308,0.0007,1.4795,1.4641,0.3530
1.3078,0.0009,1.2189,1.5179,0.3530
1.6236,0.0006,1.2114,1.5392,0.3529
1.5830,0.0004,1.0952,1.5413,0.3529
1.6380,0.0005,1.0525,1.5619,0.3355
2.0344,0.0004,1.1415,2.1993,0.3480
1.5947,0.0004,1.0701,1.5852,0.3424
1.3860,0.0004,1.0301,1.3874,0.3424
1.9952,0.0208,1.0668,1.7748,0.3707
1.2356,0.0006,1.4397,1.1129,0.3353
1.0970,0.0008,1.0822,1.2335,0.3353
1.8103,0.0006,1.1597,1.5082,0.3510
1.1935,0.0007,1.5018,1.6417,0.3510
1.6147,0.0005,1.0356,1.4068,0.3587
1.6785,0.0006,1.4838,1.5493,0.3377
1.2293,0.0006,1.5922,1.2763,0.3503
1.2293,0.0004,1.0791,1.3440,0.3503
1.4887,0.0005,1.0361,1.3810,0.3488
1.7546,0.0007,1.1506,1.6300,0.3488
1.8058,0.0005,1.4734,2.0979,0.3767
1.5680,0.0007,1.3058,1.4304,0.3705
1.7388,0.0005,1.2965,1.9006,0.3705
1.4396,0.0006,1.1527,1.3015,0.3496
1.3202,0.0006,1.1050,1.4391,0.3370
1.5694,0.0006,1.1802,1.3370,0.3517
1.3091,0.0005,1.5609,1.4116,0.3412
1.5997,0.0004,1.0350,1.6242,0.3412
1.5418,0.0005,1.1342,1.6693,0.3551
1.3734,0.0006,1.1489,1.2509,0.3464
1.6811,0.0004,1.3743,1.7853,0.3464
1.5239,0.0004,1.1674,1.3965,0.3454
1.7819,0.0004,1.2230,1.8961,0.3504
1.4059,0.0004,1.1511,1.1113,0.3422
1.3139,0.0004,1.3659,1.5964,0.3422
1.8633,0.0004,1.0464,1.8780,0.3543
1.5804,0.0003,1.0183,1.5812,0.3484
1.2986,0.0003,0.9994,1.1771,0.3484
1.6155,0.0003,1.0726,1.6229,0.3483
1.8401,0.0006,1.0046,1.6463,0.3381
1.9734,0.0007,1.0352,1.7608,0.3288
1.6482,0.0007,1.5148,2.0723,0.3288
1.5277,0.0006,1.2683,1.1852,0.3673
1.3365,0.0006,1.4110,1.7101,0.3673
1.5483,0.0006,1.0529,1.5641,0.3484
1.6063,0.0007,1.0337,1.5125,0.3484
1.8177,0.0004,1.1760,1.6730,0.3658
1.4462,0.0006,1.1795,1.6432,0.3352
1.6730,0.0004,1.0231,1.5826,0.3516
1.2575,0.0005,1.2558,1.2708,0.3516
1.8688,0.0005,0.9741,1.7921,0.3639
1.4180,0.0005,1.2297,1.1450,0.3639
1.6325,0.0006,1.1957,1.8943,0.3501
2.1187,0.0006,1.1411,2.2400,0.3714
1.5883,0.0005,1.1306,1.4084,0.3492
1.8995,0.0006,1.1365,2.0326,0.3468
1.3665,0.0006,1.1757,1.4106,0.3474
1.5466,0.0005,1.1568,1.5411,0.3504
1.7651,0.0007,1.0808,1.5696,0.3504
2.1587,0.0008,1.1290,2.2072,0.3346
1.6271,0.0006,1.4766,1.0917,0.3394
1.7899,0.0010,1.6779,2.2337,0.3689
1.5264,0.0008,1.4098,1.5747,0.3695
1.5905,0.0006,1.2481,1.6267,0.3695
1.9370,0.0005,1.1005,1.8316,0.3363
1.4942,0.0006,1.2254,1.5908,0.3367
1.6118,0.0004,1.0552,1.4688,0.3367
1.5708,0.0006,1.0683,1.4860,0.3508
1.7506,0.0004,1.0424,1.6644,0.3397
1.3484,0.0005,1.2598,1.4879,0.3397
1.8382,0.0008,1.1342,1.9393,0.3461
1.9273,0.0007,1.1900,1.8845,0.3588
1.3396,0.0006,1.4142,1.4151,0.3588
1.4294,0.0007,1.1547,1.2846,0.3376
1.7485,0.0006,1.0836,1.9162,0.3626
1.3415,0.0007,1.0139,1.1501,0.3626
1.8832,0.0008,1.0196,1.8997,0.3528
1.6073,0.0004,0.9869,1.5438,0.3514
1.1135,0.0003,1.2928,1.3590,0.3514
1.4402,0.0004,0.9429,1.3354,0.3602
1.8660,0.0005,0.9322,1.9132,0.3538
1.4402,0.0004,1.0088,1.2315,0.3579
1.9242,0.0007,1.3017,2.0451,0.3632
1.2680,0.0005,1.2472,1.2456,0.3804
2.1166,0.0007,1.1924,1.9856,0.3742
1.3758,0.0007,1.3602,1.5715,0.3414
1.4687,0.0005,1.0536,1.4735,0.3547
1.3011,0.0006,1.0463,1.1052,0.3547
1.4554,0.0005,1.0059,1.6338,0.3488
1.7742,0.0005,0.9860,1.7813,0.3389
1.1663,0.0005,1.0552,1.1647,0.3389
1.3171,0.0005,1.0315,1.2899,0.3416
1.5937,0.0005,1.0402,1.6309,0.3566
1.5638,0.0005,1.0596,1.5292,0.3436
1.7969,0.0007,1.1091,1.7912,0.3660
1.1062,0.0005,1.0661,0.9546,0.3660
1.5925,0.0005,1.0534,1.7383,0.3468
1.5089,0.0005,1.0774,1.5196,0.3538
1.6617,0.0004,1.0206,1.6330,0.3355
1.6109,0.0005,1.0534,1.6122,0.3508
1.0940,0.0004,1.0194,1.1050,0.3508
1.5262,0.0005,0.9988,1.2360,0.3482
1.9753,0.0006,1.1700,1.9968,0.3631
1.6969,0.0005,1.4210,1.7161,0.3635
1.7194,0.0006,1.4367,1.8373,0.3500
1.6757,0.0006,1.2843,1.7498,0.3486
1.5776,0.0006,1.1036,1.6025,0.3384
1.6521,0.0006,1.0101,1.6287,0.3482
1.8755,0.0006,1.0640,1.8593,0.3520
1.2507,0.0007,1.0745,1.1707,0.3520
1.6753,0.0005,1.0177,1.4550,0.3516
1.9068,0.0007,1.1028,2.1654,0.3562
1.8396,0.0005,1.1370,1.8264,0.3481
1.2900,0.0006,1.1046,0.9540,0.3481
1.6434,0.0007,1.4228,1.9767,0.8508
1.5052,0.0007,1.2235,1.4798,0.8508
1.5457,0.0007,1.1260,1.3794,0.3554
1.5415,0.0007,1.2495,1.5525,0.3317
1.5803,0.0006,1.1700,1.6712,0.3546
1.7965,0.0008,1.1103,1.5665,0.3478
1.3866,0.0005,1.4218,1.5984,0.3478
1.9531,0.0004,1.3420,1.7280,0.3476
1.6192,0.0005,1.3173,1.7708,0.3476
1.2760,0.0005,1.2227,1.3838,0.3422
1.9734,0.0008,1.2148,1.8897,0.3599
2.0642,0.0010,1.3411,1.4374,0.3623
1.1741,0.0005,1.9519,1.6358,0.3493
1.7935,0.0006,1.1212,1.8731,0.3477
1.3070,0.0007,1.3428,1.4949,0.3477
1.9544,0.0008,1.1112,1.9129,0.3334
1.5461,0.0008,1.1179,1.2962,0.3615
1.5721,0.0006,1.4359,1.8168,0.3346
1.6244,0.0005,1.1371,1.3528,0.3402
1.7540,0.0004,1.0967,1.7531,0.3419
1.3792,0.0006,1.4455,1.3445,0.3419
2.0194,0.0008,1.1661,2.2652,0.3780
1.4869,0.0006,1.1914,1.5287,0.3471
1.8516,0.0006,1.3614,1.0103,0.3410
1.3813,0.0007,1.8020,1.1962,0.3623
1.0731,0.0006,1.2002,1.5075,0.3480
1.3654,0.0008,1.1663,1.0862,0.3518
1.7021,0.0006,1.3633,1.9473,0.3398
1.2340,0.0005,1.0533,1.2630,0.3494
1.5079,0.0006,1.0151,1.3887,0.3449
1.4549,0.0003,1.0470,1.4111,0.3392
2.1456,0.0011,1.5190,1.7615,0.3578
1.4129,0.0008,1.9731,1.4268,0.3543
1.1148,0.0008,1.2965,1.4759,0.3505
1.6175,0.0009,1.0352,1.6494,0.3505
1.9138,0.0006,1.0907,1.8583,0.3477
1.6063,0.0006,1.2485,1.5876,0.3477
1.6196,0.0006,1.1212,1.5086,0.3379
1.4228,0.0005,1.0748,1.4189,0.3379
1.7633,0.0006,1.0592,1.6173,0.3424
1.8603,0.0006,1.0067,1.5859,0.3385
2.1464,0.0007,1.0130,2.6896,0.3690
1.8205,0.0006,1.1720,1.7908,0.3668
1.2981,0.0007,1.3016,1.3333,0.3494
1.4865,0.0009,1.2830,1.4767,0.3494
1.4226,0.0006,1.1781,1.4083,0.3548
1.6013,0.0007,1.0809,1.4718,0.3432
1.9137,0.0007,1.0794,2.0701,0.3468
1.6013,0.0006,1.0576,1.6091,0.3285
1.8596,0.0006,1.0494,1.7161,0.3447
1.2676,0.0009,1.3052,1.1750,0.3447
2.1543,0.0005,1.0595,2.2991,0.3431
1.3691,0.0007,1.2179,1.1392,0.3643
1.6665,0.0005,1.2545,1.8910,0.3378
1.6285,0.0004,1.1050,1.6620,0.3603
1.2108,0.0005,1.1950,0.7767,0.3367
1.5525,0.0005,1.0691,1.6006,0.3367
1.6809,0.0005,1.0567,1.9129,0.3387
1.4668,0.0004,1.0364,1.4742,0.3348
1.8430,0.0005,1.0394,1.8444,0.3567
1.6608,0.0005,1.0544,1.6235,0.3385
1.5320,0.0006,1.0940,1.4310,0.3385
2.8006,0.0007,1.0726,2.5215,0.3892
1.3772,0.0009,1.4600,1.7343,0.3640
1.3528,0.0007,1.2510,1.3665,0.3484
1.4827,0.0006,1.1008,1.2599,0.3548
1.5327,0.0006,1.0985,1.7112,0.3548
1.8671,0.0004,1.0833,1.8758,0.3609
1.6326,0.0004,1.0703,1.6641,0.3446
1.5175,0.0005,1.0426,1.3645,0.3506
1.5894,0.0004,1.2171,1.7241,0.3506
1.3371,0.0004,1.0092,1.1552,0.3400
2.1850,0.0011,1.2783,1.8166,0.3443
2.1224,0.0008,1.6108,2.2380,0.3767
1.6799,0.0010,1.5571,1.8659,0.3635
1.5672,0.0010,1.2123,1.6129,0.3372
1.9647,0.0008,1.1648,2.0936,0.3520
2.3088,0.0008,1.0993,2.2906,0.3434
1.3304,0.0008,1.1553,1.3875,0.3434
1.6766,0.0005,1.0887,1.6553,0.3344
1.5739,0.0010,1.0522,1.5573,0.3453
1.4626,0.0008,1.2246,1.1495,0.3453
1.9072,0.0008,1.4286,1.8896,0.5369
1.5302,0.0006,1.8657,1.8302,0.3340
1.8983,0.0004,1.0909,1.9229,0.3340
1.8745,0.0008,1.0407,1.8274,0.3373
1.4337,0.0007,1.1712,1.2437,0.3373
2.1431,0.0006,1.2908,2.3128,0.3542
1.1056,0.0003,1.1204,0.8090,0.3451
1.7886,0.0005,1.0570,1.7777,0.3474
1.6449,0.0005,1.1556,1.8002,0.3474
2.3830,0.0009,1.4619,1.5838,0.3582
1.4254,0.0005,2.4911,1.5242,0.3839
1.0686,0.0006,1.2613,1.4550,0.3467
1.2262,0.0009,1.0408,1.1362,0.3467
1.6429,0.0006,0.9910,1.5986,0.3483
1.8365,0.0006,1.1517,1.5562,0.3347
1.5262,0.0004,1.2666,1.8227,0.3343
2.1838,0.0006,1.0869,2.3371,0.3426
1.2640,0.0005,1.0530,1.2995,0.3426
2.1253,0.0006,1.0220,2.0742,0.3489
1.8859,0.0007,1.2196,1.2014,0.3580
1.2461,0.0008,1.8740,1.4987,0.3580
1.5949,0.0008,1.1846,1.7007,0.3271
1.7967,0.0008,1.1739,1.9726,0.3368
1.5528,0.0009,1.0868,1.3333,0.3620
1.1499,0.0006,1.3508,1.2221,0.3386
2.2749,0.0007,1.0541,2.4080,0.3490
1.1175,0.0005,1.0864,1.0706,0.3615
1.6093,0.0004,1.0805,1.5750,0.3576
1.4659,0.0005,1.3638,0.9561,0.3576
1.9147,0.0006,1.3582,1.7480,0.3337
2.0124,0.0006,1.7334,2.2051,0.3602
1.2178,0.0004,1.8088,1.1626,0.3565
1.3464,0.0004,1.1069,1.7113,0.3383
1.8185,0.0005,1.0044,1.8167,0.3442
1.5907,0.0005,1.0223,1.5744,0.3603
1.3046,0.0005,1.0506,1.2977,0.3603
1.5065,0.0004,1.1498,1.2366,0.3381
1.5443,0.0006,1.1449,1.6155,0.3390
1.7223,0.0004,1.0927,1.7420,0.3485
1.8009,0.0006,1.1138,1.8740,0.3329
1.9067,0.0006,1.2224,1.9330,0.3485
1.2306,0.0005,1.6019,1.1913,0.3874
1.9135,0.0006,1.2519,1.9716,0.3588
1.3215,0.0005,1.2589,1.3469,0.3349
1.6908,0.0006,1.0608,1.5759,0.3349
1.6303,0.0007,1.0857,1.3783,0.3555
1.5563,0.0007,1.2094,1.6867,0.3530
1.4742,0.0007,1.6334,1.4204,0.3530
1.5468,0.0006,1.1872,1.8139,0.3499
1.3847,0.0004,1.2949,1.2378,0.3499
1.8039,0.0009,1.0107,1.7713,0.3501
1.9272,0.0007,1.1215,2.0209,0.3547
1.3450,0.0005,1.2747,1.2595,0.3547
1.6881,0.0009,1.1897,1.5617,0.3429
1.5348,0.0006,1.0914,1.8058,0.3525
1.9948,0.0005,1.0516,1.4539,0.3525
2.0423,0.0009,1.0883,2.5400,0.3395
1.5428,0.0006,1.1777,1.0893,0.3496
1.9462,0.0007,1.1966,2.3249,0.3364
1.2099,0.0006,1.1935,0.9367,0.3364
2.1599,0.0005,1.0983,2.4502,0.3638
1.3675,0.0004,1.1947,1.4312,0.3638
1.4971,0.0010,1.1520,1.3238,0.3508
2.1507,0.0004,1.0861,2.2673,0.3444
1.3281,0.0004,1.0969,1.3615,0.3335
1.6812,0.0006,1.0875,1.6506,0.3575
1.1375,0.0006,1.1369,1.0365,0.3443
1.5878,0.0005,1.1171,1.7150,0.3649
1.5086,0.0006,1.0489,1.4983,0.3379
1.9196,0.0005,1.0417,1.7820,0.3463
1.3444,0.0005,1.2534,1.3031,0.3463
1.7432,0.0007,1.2496,1.8280,0.3505
1.6176,0.0007,1.3385,1.6497,0.3415
1.6953,0.0007,1.1516,1.3203,0.3512
1.7451,0.0005,1.1663,1.8824,0.3512
2.0336,0.0006,1.0841,2.2093,0.3512
1.8026,0.0006,1.1470,1.7635,0.3489
1.9729,0.0004,1.0859,2.0641,0.3674
1.5957,0.0004,0.9850,1.3133,0.3674
1.9620,0.0006,0.9917,2.2252,0.3314
2.0398,0.0010,1.1157,1.6112,0.6146
1.3586,0.0008,2.1517,1.4390,0.6146
1.8387,0.0005,1.1666,2.1731,0.3687
1.6101,0.0003,1.0210,1.5862,0.3320
1.4992,0.0005,1.0681,1.4651,0.3326
1.9145,0.0004,1.0140,1.9548,0.3597
1.5537,0.0005,1.0153,1.5625,0.3470
1.4778,0.0005,1.1154,1.2724,0.3470
1.7297,0.0004,1.0522,1.6182,0.3481
1.8152,0.0004,1.0743,2.0912,0.3421
1.5730,0.0007,1.1405,1.0610,0.3254
2.3703,0.0006,1.5645,2.8139,0.3689
1.2320,0.0006,1.2315,1.3038,0.3434
1.4380,0.0007,1.0451,1.4205,0.3434
1.5960,0.0004,1.1229,1.4483,0.3318
1.9637,0.0008,1.0318,2.0511,0.3448
1.5590,0.0006,1.0980,1.5940,0.3394
1.6801,0.0007,1.0607,1.6714,0.3394
1.7107,0.0006,1.0277,1.6683,0.3405
2.1392,0.0008,1.0948,2.0948,0.3563
1.4214,0.0007,1.1528,1.4663,0.3563
1.3852,0.0009,1.1598,1.2152,0.9250
2.2602,0.0007,1.0624,2.1022,0.3420
1.2458,0.0007,1.4513,1.3595,0.3420
1.7819,0.0006,1.0649,1.8076,0.3397
1.6952,0.0005,1.2740,1.8267,0.3599
1.2620,0.0005,1.0575,1.3155,0.3599
1.7780,0.0006,1.0032,1.3264,0.3404
1.9685,0.0005,1.0494,2.3849,0.3361
1.4255,0.0005,1.0783,1.4112,0.3497
1.3416,0.0008,1.0646,1.2848,0.3497
1.8155,0.0006,1.1956,1.6093,0.3775
1.2309,0.0006,1.8903,1.3703,0.3775
1.6218,0.0006,1.0479,1.7525,0.3398
1.7363,0.0005,1.0592,1.5440,0.3515
1.1311,0.0004,1.2885,1.2396,0.3515
1.8010,0.0005,1.0066,1.8519,0.3616
1.5326,0.0005,1.0783,1.2849,0.3519
1.4182,0.0004,1.1936,1.6559,0.3474
1.6796,0.0003,1.0414,1.5655,0.3559
1.0913,0.0004,1.2406,1.1667,0.3409
1.8047,0.0005,1.0351,1.6431,0.3409
1.6993,0.0006,1.2400,1.5917,0.3587
1.3054,0.0005,1.4607,1.5675,0.3587
1.6386,0.0006,1.0753,1.4773,0.3408
1.3048,0.0008,1.4006,1.4737,0.3508
1.4533,0.0005,1.0823,1.1281,0.3459
1.3829,0.0006,1.3086,1.6705,0.3551
1.6708,0.0004,1.1505,1.3652,0.3551
1.8158,0.0006,1.0740,2.1382,0.3370
1.3288,0.0004,1.2125,1.3389,0.3370
1.9335,0.0006,1.0981,1.7757,0.3537
1.8215,0.0011,1.2862,1.8490,0.3613
1.7983,0.0008,1.8288,1.7565,0.3613
1.4802,0.0008,1.3917,1.5925,0.3696
1.5235,0.0009,1.2582,1.2534,0.3599
1.9189,0.0007,1.0777,2.2177,0.3522
1.3290,0.0007,0.9965,1.3333,0.3471
1.5110,0.0006,0.9949,1.4093,0.3471
1.6774,0.0005,1.0140,1.7080,0.3462
1.5472,0.0009,1.0977,1.4417,0.3312
1.5178,0.0007,1.2404,1.4865,0.3385
1.5294,0.0006,1.2435,1.6677,0.3571
1.5467,0.0005,1.2064,1.5649,0.4013
2.1032,0.0005,1.1148,2.0872,0.3480
1.6821,0.0006,1.0385,1.7094,0.3480
1.6574,0.0007,1.0563,1.6316,0.3518
1.6855,0.0004,1.0154,1.2604,0.3448
2.0118,0.0005,0.9673,2.4428,0.3333
1.0974,0.0004,0.9493,0.9519,0.3452
1.5495,0.0003,1.1311,1.5672,0.3452
2.3642,0.0006,0.8947,1.9069,0.3422
2.2915,0.0007,1.0867,2.7789,0.3735
1.3421,0.0008,1.2424,1.0215,0.3735
1.7128,0.0005,1.3048,1.9237,0.3543
1.5116,0.0004,1.1254,1.5332,0.3422
2.0394,0.0006,1.0676,2.0298,0.3509
1.2818,0.0005,1.2572,0.9339,0.3596
1.3861,0.0008,1.1929,1.8197,0.3465
1.6865,0.0004,0.9507,1.6905,0.3524
1.4603,0.0008,0.9906,1.2142,0.3524
2.0187,0.0006,1.0061,2.2077,0.3376
1.3219,0.0006,1.0648,1.3366,0.5771
1.6141,0.0005,1.0351,1.6062,0.3659
1.6235,0.0004,0.9984,1.6414,0.3433
1.3026,0.0004,1.0148,1.0745,0.3433
2.1559,0.0003,1.0312,2.3436,0.3446
1.1840,0.0004,1.0404,1.2122,0.3446
1.2485,0.0003,0.9415,1.2388,0.3521
1.4604,0.0003,0.9266,1.4480,0.3521
1.3993,0.0003,1.0096,1.2877,0.3386
2.0570,0.0003,1.0618,2.1373,0.3358
1.0357,0.0003,1.0173,1.0108,0.3358
1.4305,0.0004,1.1577,1.3766,0.3743
2.1853,0.0003,1.1029,1.9312,0.3557
1.4885,0.0004,1.1010,1.6936,0.3518
1.5770,0.0004,1.1852,1.6835,0.3563
0.9822,0.0004,0.9714,1.0051,0.3563
1.6416,0.0004,0.9948,1.1618,0.3297
2.0146,0.0004,1.0134,2.4729,0.3436
1.2782,0.0005,0.9386,1.2949,0.3436
1.5687,0.0004,0.9021,1.5531,0.3462
1.3269,0.0005,0.9379,1.3274,0.3352
1.5153,0.0007,0.9168,1.1941,0.3510
1.5948,0.0005,1.6416,1.8106,0.3742
1.6486,0.0004,1.1500,1.4054,0.3459
1.2099,0.0004,1.2465,1.4092,0.3545
1.5251,0.0005,0.9392,1.4953,0.3453
1.4165,0.0004,1.1627,1.5103,0.3453
1.8623,0.0005,0.9515,1.8995,0.3335
1.5870,0.0004,0.8873,1.2238,0.3335
2.0226,0.0004,0.9850,2.3300,0.3469
1.4085,0.0004,1.0492,1.3052,0.3363
1.2763,0.0003,1.3986,0.8960,0.3535
1.3469,0.0005,0.9952,1.5746,0.3535
1.5817,0.0006,1.0712,1.5807,0.3768
1.4132,0.0006,1.1387,1.2967,0.3484
1.1603,0.0005,1.3554,1.0457,0.3534
1.3904,0.0004,0.9940,1.5228,0.3534
1.2118,0.0005,0.9490,1.3361,0.3284
1.1347,0.0005,0.9785,1.1288,0.3764
1.3470,0.0005,1.0408,1.1052,0.3764
1.5521,0.0006,0.9736,1.5954,0.3490
1.8588,0.0006,1.5677,1.1698,0.3354
1.1315,0.0005,1.6263,1.1625,0.3505
1.4961,0.0005,1.0035,0.9601,0.3512
1.3302,0.0005,1.7640,1.5492,0.3605
1.5179,0.0006,1.0492,1.8274,0.8587
1.2944,0.0006,1.0120,1.2935,0.3532
0.9572,0.0005,1.0008,0.7724,0.3508
1.2191,0.0007,0.9511,1.4099,0.3508
1.3411,0.0005,0.9351,1.1787,0.3332
1.4984,0.0006,1.0172,1.2453,0.3510
1.0939,0.0003,1.6088,1.0928,0.3440
1.4367,0.0004,0.9041,1.6461,0.3389
1.2561,0.0004,0.9151,1.2456,0.3463
1.2053,0.0004,0.9489,1.1823,0.3498
1.4026,0.0004,0.9139,1.4153,0.3595
1.2261,0.0004,0.9363,1.2235,0.3480
1.2594,0.0005,0.9294,0.9558,0.3480
2.2352,0.0005,1.2829,1.9088,0.3776
1.9230,0.0004,1.6616,0.8555,0.3541
1.3320,0.0004,1.9525,0.8555,0.3768
0.9141,0.0003,0.9874,0.8627,0.3768
1.1457,0.0004,0.9184,1.1897,0.3482
1.3347,0.0005,1.4518,0.9102,0.3687
1.1676,0.0005,1.0526,1.4407,0.3687
1.4326,0.0005,0.9834,1.4569,0.3505
1.3669,0.0004,0.9518,1.2234,0.3415
1.3579,0.0005,0.9505,1.5056,0.3415
1.2984,0.0003,0.9444,1.1046,0.3441
1.8465,0.0005,1.0250,1.7142,0.3393
1.6378,0.0004,1.1258,1.7726,0.3431
1.2653,0.0005,1.3033,1.2953,0.3431
1.7375,0.0005,1.0398,1.7482,0.3458
1.5340,0.0005,1.1084,1.3669,0.3517
1.6409,0.0005,1.1773,1.7008,0.3547
1.3956,0.0005,1.1146,1.5803,0.3547
1.2216,0.0005,0.9965,1.2488,0.3541
1.4330,0.0006,0.9842,1.2184,0.3526
1.1963,0.0003,0.9785,1.4145,0.3392
1.6158,0.0004,0.9248,1.4196,0.3353
2.3484,0.0010,1.7239,1.2336,0.3858
1.3693,0.0007,2.0193,1.2336,0.3449
1.0025,0.0007,1.1328,0.9180,0.3449
0.9333,0.0005,0.9816,0.8066,0.3410
1.0229,0.0005,0.8964,1.2513,0.3410
1.5027,0.0008,0.9790,1.3351,0.3449
1.8054,0.0010,1.3376,1.9104,0.3559
1.4197,0.0007,1.1067,0.9429,0.3559
1.5469,0.0005,1.0284,2.0567,0.3283
1.6547,0.0004,0.9586,1.6508,0.3419
1.2028,0.0004,0.9191,0.9702,0.3419
1.4165,0.0004,0.8920,1.6054,0.3334
2.3536,0.0006,0.9225,2.2454,0.3799
1.3446,0.0006,1.0697,1.3802,0.3687
0.9853,0.0005,1.0548,0.9640,0.3543
1.2793,0.0008,0.9644,1.1615,0.3543
2.2899,0.0009,1.1391,2.3740,0.3533
1.1909,0.0008,1.1899,0.8930,0.3533
1.7919,0.0007,1.1585,2.0950,0.3508
2.1966,0.0007,1.1049,2.1712,0.3446
1.3318,0.0006,1.1559,1.3185,0.3446
1.7175,0.0005,1.1208,1.5794,0.3596
2.4099,0.0006,1.1260,1.9836,0.3808
1.7763,0.0008,1.7700,1.9924,0.3603
2.0465,0.0007,2.0751,1.4015,0.3638
1.1654,0.0008,1.5764,1.4791,0.3516
0.9892,0.0003,1.0359,1.3215,0.3444
1.8049,0.0005,0.9782,1.7428,0.3467
1.4986,0.0005,1.1043,1.2787,0.3467
2.0049,0.0005,1.1848,2.0333,0.3355
1.8715,0.0004,1.7757,0.8729,0.3443
1.0913,0.0004,1.4825,0.8729,0.3394
1.3698,0.0007,1.0209,1.5838,0.3394
1.4247,0.0004,1.1657,1.1113,0.3543
1.6133,0.0005,1.1263,1.6466,0.3999
1.5731,0.0005,1.0865,1.8545,0.3473
1.5643,0.0006,1.0895,1.5564,0.3618
1.4711,0.0005,1.1059,1.4669,0.3618
1.6413,0.0005,1.0921,1.6282,0.3540
2.1933,0.0006,1.1463,1.9476,0.3288
1.6281,0.0010,1.4885,1.1409,0.3529
1.4564,0.0008,1.5686,1.7914,0.3521
1.6084,0.0006,1.4102,1.8349,0.3659
2.5236,0.0010,1.2362,1.3876,0.3528
2.0095,0.0011,2.5672,2.3790,0.5888
1.7107,0.0007,1.9493,1.4571,0.3466
1.4001,0.0008,1.5856,1.4193,0.3514
1.3054,0.0009,1.4617,1.3942,0.3327
1.6727,0.0008,1.1507,2.0256,0.3327
1.7106,0.0006,1.0636,1.6819,0.3481
1.7231,0.0006,1.1748,1.5443,0.3382
1.7789,0.0005,1.4555,1.9441,0.3459
2.5844,0.0008,1.2314,2.0953,0.3803
1.3571,0.0008,1.8020,1.8079,0.3465
1.5738,0.0011,1.2181,1.6227,0.3481
1.5145,0.0011,1.0940,1.4112,0.3632
2.3201,0.0008,1.1643,2.2745,0.3524
1.4461,0.0008,1.3145,1.5478,0.3524
1.9175,0.0008,1.1667,1.9076,0.3617
1.2691,0.0007,1.2188,1.0928,0.3524
1.6212,0.0010,1.2053,1.5692,0.3524
1.7822,0.0010,1.1987,1.9274,0.3465
2.7950,0.0009,1.4029,2.7496,0.3644
1.5464,0.0010,1.5030,1.6479,0.3461
2.1127,0.0005,1.2552,2.0534,0.3526
1.3348,0.0005,1.1879,1.3925,0.3425
1.5133,0.0005,1.1686,1.4774,0.3425
1.9464,0.0005,1.1457,1.9428,0.3438
1.8795,0.0005,1.1632,1.7600,0.3472
1.5650,0.0005,1.3086,1.6396,0.3384
2.2922,0.0008,1.2991,1.6505,0.3524
2.1917,0.0008,2.5391,2.7684,0.3479
1.2641,0.0008,1.8235,1.1366,0.3457
1.7660,0.0012,1.2036,1.6587,0.3457
1.5886,0.0008,1.3336,1.6351,0.3339
1.4302,0.0006,1.4329,1.5855,0.3339
1.9825,0.0006,1.1745,2.0590,0.3479
1.9143,0.0008,1.1662,1.9093,0.3496
1.6989,0.0005,1.1723,1.3662,0.3349
1.6289,0.0008,1.5353,1.9638,0.3349
1.9435,0.0009,1.2281,1.7506,0.3464
2.9222,0.0007,1.9505,2.9681,0.3599
1.3190,0.0005,1.4653,0.9240,0.3429
1.5265,0.0004,1.1982,1.9184,0.3429
1.8823,0.0006,1.1381,1.6535,0.3430
1.7385,0.0006,1.2494,1.7625,0.3377
2.0990,0.0009,1.1954,2.1846,0.3429
1.9817,0.0006,1.3287,1.9920,0.3374
1.7713,0.0009,1.4996,1.0865,0.3613
1.4595,0.0010,1.7648,1.8047,0.3613
1.6236,0.0009,1.2710,1.9173,0.3890
1.3772,0.0008,1.1940,1.4229,0.3586
1.5019,0.0006,1.0955,1.3818,0.3586
1.9050,0.0007,1.1279,1.9712,0.3416
2.2080,0.0007,1.2199,2.1846,0.3530
1.3727,0.0005,1.2040,1.4157,0.3500
1.7900,0.0009,1.2025,1.7398,0.3560
1.8024,0.0006,1.2007,1.8192,0.3670
1.7386,0.0007,1.0979,1.7175,0.3670
1.4761,0.0006,1.1809,1.4522,0.3646
2.2667,0.0009,1.4980,2.2180,0.3588
1.6347,0.0006,1.4167,1.6646,0.3494
1.4741,0.0004,1.1686,1.5117,0.3494
2.0404,0.0007,1.1330,1.9569,0.3489
1.7754,0.0007,1.2589,1.6656,0.3489
2.5955,0.0009,1.3189,2.6282,0.3513
1.4087,0.0009,1.4685,1.3553,0.3507
2.0716,0.0010,1.3101,2.0869,0.3507
1.8565,0.0010,1.4351,1.9263,0.3708
1.5398,0.0010,1.4030,1.5798,0.3553
2.0180,0.0007,1.2166,1.9928,0.3466
1.3466,0.0008,1.2184,1.3840,0.3485
1.9912,0.0008,1.1544,1.9262,0.3501
1.8308,0.0009,1.2058,1.8526,0.3397
1.6866,0.0009,1.2018,1.7110,0.3542
2.3213,0.0007,1.1273,2.2210,0.3482
1.9218,0.0011,1.4322,0.9410,0.3397
1.5270,0.0012,1.9511,2.1525,0.3822
1.2790,0.0010,1.3555,1.1743,0.3822
2.2486,0.0008,1.2165,2.5508,0.3593
1.4006,0.0007,1.2174,1.4474,0.3593
1.7748,0.0009,1.1616,1.7471,0.3377
1.6471,0.0007,1.1733,1.6506,0.3377
1.6360,0.0005,1.2032,1.5560,0.3657
1.5048,0.0004,1.1016,1.5616,0.3417
1.6994,0.0005,1.1207,1.4151,0.3475
1.5218,0.0008,1.1472,1.7163,0.3475
1.9459,0.0007,1.1616,1.6669,0.3580
1.7960,0.0006,1.2851,1.9923,0.3949
1.5895,0.0006,1.3462,1.7469,0.3639
2.0524,0.0008,1.2303,1.4894,0.3416
1.3065,0.0005,1.5423,1.7197,0.3416
1.3200,0.0004,1.2317,1.3795,0.3439
1.7945,0.0003,1.1541,1.6604,0.3425
2.1715,0.0006,1.2198,2.3423,0.3627
1.5692,0.0007,1.2805,1.5794,0.3608
2.2014,0.0006,1.2059,2.1164,0.3570
1.4090,0.0008,1.3574,1.4207,0.3624
1.5026,0.0005,1.3253,1.5814,0.3624
1.8134,0.0005,1.1599,1.8112,0.3414
1.8568,0.0010,1.1247,1.8023,0.3414
1.4444,0.0008,1.2441,1.4229,0.3505
1.6858,0.0005,1.1477,1.5480,0.3407
1.9783,0.0005,1.1481,2.1572,0.3598
1.4637,0.0005,1.1548,1.4883,0.3484
1.5519,0.0004,1.0805,1.3705,0.3484
1.8494,0.0005,1.0257,1.8984,0.3392
1.7775,0.0005,1.2360,1.8107,0.3510
2.3386,0.0013,1.3147,2.1227,0.3516
1.4588,0.0006,1.6716,1.4380,0.3516
2.0079,0.0006,1.1991,2.2735,0.3385
1.6355,0.0009,1.0589,1.6789,0.3264
1.5752,0.0004,1.1407,1.4383,0.3384
1.6301,0.0005,1.1125,1.5072,0.3384
1.7693,0.0004,1.0138,2.0116,0.3479
1.4361,0.0003,0.9828,1.2244,0.3479
1.5725,0.0007,1.0728,1.6885,0.3365
2.0747,0.0006,1.2192,2.0889,0.3590
1.4092,0.0005,1.1983,1.4543,0.3478
1.7395,0.0007,1.3038,1.7384,0.3429
1.3257,0.0005,1.0603,1.1123,0.3429
2.1155,0.0007,1.0732,2.1923,0.3328
1.4035,0.0006,1.2878,1.5240,0.3328
1.6887,0.0006,1.0640,1.4617,0.3494
1.6365,0.0005,1.1166,1.5266,0.3430
1.6076,0.0006,1.3284,1.9141,0.3430
1.6443,0.0009,1.1596,1.5821,0.3435
1.7011,0.0007,1.4776,1.7257,0.3521
1.7812,0.0008,1.2877,1.2551,0.3411
1.4239,0.0007,1.4469,1.6019,0.3467
1.2983,0.0006,1.4522,1.5403,0.3467
2.2361,0.0007,1.1400,2.3233,0.3359
1.9499,0.0007,1.0583,1.9054,0.3408
1.3234,0.0005,1.1458,1.3803,0.3408
1.8094,0.0005,1.1430,1.6090,0.3399
1.7718,0.0004,1.1802,1.6522,0.3366
1.8760,0.0006,1.0867,2.1019,0.3423
1.6452,0.0006,1.4389,1.3813,0.3715
1.8889,0.0005,1.2037,2.2143,0.3447
1.5694,0.0005,1.0704,1.5729,0.3447
1.5352,0.0006,1.0519,1.5585,0.3367
2.0433,0.0005,1.0336,2.0057,0.3495
1.8248,0.0005,1.0267,1.7888,0.3443
1.6310,0.0005,1.0502,1.6207,0.3468
1.2340,0.0003,1.0156,1.0506,0.3468
1.6096,0.0006,0.9676,1.6515,0.3469
2.1194,0.0006,1.1076,2.2085,0.3536
1.7337,0.0012,1.5524,1.4869,0.3443
1.7323,0.0006,1.0973,1.7235,0.3443
2.2585,0.0007,1.1272,2.4946,0.3435
1.3660,0.0004,1.1311,1.4025,0.3425
1.5061,0.0003,1.1073,1.5306,0.3492
1.9610,0.0004,1.0176,1.8005,0.3492
1.5844,0.0005,1.0560,1.6201,0.3507
1.5629,0.0005,1.1338,1.6115,0.3507
2.2876,0.0009,1.1106,2.0554,0.3717
1.4475,0.0006,1.6193,1.4993,0.3900
1.7076,0.0007,1.2047,1.8502,0.3900
1.4282,0.0006,1.1162,1.4608,0.3347
1.5653,0.0008,1.0791,1.3795,0.3347
2.1334,0.0007,1.0971,2.2820,0.3430
1.4648,0.0010,1.0806,1.3842,0.3571
1.6227,0.0004,1.1123,1.4687,0.3463
1.4814,0.0004,1.1888,1.5609,0.3502
1.7642,0.0008,1.4063,1.5816,0.3502
1.9722,0.0006,1.2005,2.2239,0.3462
1.2841,0.0006,1.3266,1.1928,0.3748
1.8799,0.0007,1.1330,1.7495,0.3748
2.0871,0.0005,1.1006,2.2360,0.3493
1.5820,0.0006,1.3203,1.7063,0.3482
1.6471,0.0008,1.1268,1.6434,0.3604
1.3127,0.0006,1.0711,1.3362,0.3604
2.0186,0.0005,1.0333,1.7725,0.3263
1.6195,0.0007,1.0060,1.7251,0.3540
16.0572,0.0007,15.6302,1.4136,0.4005
1.3905,0.0007,1.6606,2.0452,0.4005
2.4477,0.0007,1.8654,0.9394,0.3596
1.2813,0.0006,1.9456,2.0414,0.3485
1.7946,0.0005,1.0946,1.9847,0.3613
1.2950,0.0007,1.0485,1.3199,0.3412
1.5469,0.0007,1.0338,1.5438,0.3412
1.6296,0.0006,1.1498,1.2430,0.3351
1.4093,0.0007,1.6207,1.3498,0.3524
1.9513,0.0006,1.0665,2.3368,0.3467
1.5992,0.0006,1.1283,1.6061,0.3365
1.5899,0.0005,1.1721,1.5948,0.3539
1.6042,0.0006,1.1216,1.3721,0.3578
1.9131,0.0006,1.1942,2.0600,0.3609
2.0202,0.0008,1.2929,2.0786,0.3609
1.8012,0.0006,1.1256,1.8099,0.3384
1.5047,0.0005,1.0656,1.4192,0.3384
1.8037,0.0005,1.0553,1.6452,0.3539
1.5180,0.0006,1.1942,1.6584,0.3539
1.6594,0.0009,1.2836,1.7115,0.3458
1.5067,0.0006,1.1842,1.3866,0.3530
1.8264,0.0004,1.1143,1.7582,0.3581
2.1807,0.0008,1.4853,1.6332,0.3693
1.3184,0.0006,2.0811,1.4837,0.3651
1.1087,0.0005,1.1512,1.3366,0.3651
2.4058,0.0005,1.0234,2.4754,0.3512
1.4712,0.0006,1.1442,1.4852,0.3484
1.4890,0.0005,1.0903,1.3331,0.3326
1.2383,0.0005,1.2535,1.1252,0.3326
2.3720,0.0005,1.0904,2.5913,0.3640
1.3863,0.0005,1.0935,1.4001,0.3369
1.5756,0.0003,1.0611,1.5755,0.3359
1.8485,0.0006,1.0558,1.5720,0.3359
2.3218,0.0005,1.2448,2.5511,0.3656
1.5741,0.0006,1.2347,1.5976,0.3417
1.5130,0.0006,1.1088,1.5135,0.3544
1.4491,0.0004,1.0711,1.4392,0.3410
1.4744,0.0004,1.0654,1.3307,0.3410
2.1630,0.0004,1.1137,2.2588,0.3498
1.9861,0.0004,1.2222,1.9654,0.3473
1.5748,0.0004,1.1975,1.6165,0.3634
1.8092,0.0005,1.1416,1.7648,0.3634
1.8015,0.0006,1.1775,1.7774,0.3639
1.5050,0.0004,1.2430,1.2399,0.3582
2.1121,0.0004,1.1246,2.3887,0.3380
1.5737,0.0004,1.0936,1.6165,0.3563
1.9168,0.0007,1.0761,1.8368,0.3530
2.1564,0.0007,1.1527,2.1630,0.3565
1.6840,0.0005,1.1650,1.5149,0.3522
1.3402,0.0003,1.3631,1.5551,0.3432
1.4199,0.0003,1.0163,1.2120,0.3641
1.3399,0.0004,1.1968,1.5096,0.3641
2.3007,0.0005,1.1075,2.2357,0.3806
1.5110,0.0006,1.5275,1.5423,0.3437
1.4913,0.0005,1.1835,1.3642,0.3373
1.5173,0.0005,1.2260,1.6489,0.3373
1.4572,0.0005,1.1850,1.3521,0.3394
2.0574,0.0005,1.3105,2.1377,0.3556
1.7796,0.0004,1.0635,1.6939,0.3506
1.4841,0.0005,1.4257,1.5584,0.3333
1.6215,0.0004,1.0793,1.6328,0.3333
2.1725,0.0006,1.0355,2.0867,0.3424
1.7951,0.0005,1.1894,1.8292,0.3752
1.2943,0.0004,1.2057,1.2786,0.3426
2.1147,0.0005,1.0894,2.0145,0.3360
1.3922,0.0006,1.4113,1.2196,0.3360
2.1472,0.0007,1.1973,2.3757,0.3402
1.6939,0.0005,1.1857,1.3401,0.3502
1.7602,0.0006,1.4093,1.8940,0.3502
2.0144,0.0007,1.1843,2.2170,0.3540
1.9906,0.0007,1.1773,1.9468,0.3290
1.3208,0.0009,1.5167,1.2935,0.3290
1.8265,0.0005,1.2549,1.7252,0.3738
2.0373,0.0006,1.1846,2.1901,0.3367
1.9461,0.0005,1.2733,1.9518,0.3382
1.8776,0.0003,1.3015,1.7595,0.3382
2.2503,0.0005,1.2350,2.3309,0.3431
1.8722,0.0005,1.1330,1.8000,0.3377
1.4319,0.0005,1.2704,1.5363,0.3489
2.0924,0.0010,1.0168,2.0695,0.3484
1.5667,0.0007,1.0876,1.5550,0.3604
1.3590,0.0003,1.1185,1.2938,0.3604
1.7102,0.0005,1.0374,1.5777,0.3546
1.6010,0.0006,1.2591,1.7386,0.3472
1.9289,0.0006,1.4065,1.9124,0.3470
1.8679,0.0006,1.1828,1.7759,0.3470
1.4273,0.0002,1.4786,1.5554,0.3496
2.2292,0.0004,1.0227,2.2028,0.3495
1.3679,0.0003,0.9999,1.3684,0.3462
1.7929,0.0005,1.0366,1.5871,0.3535
1.6102,0.0005,1.5060,1.6173,0.3762
1.9911,0.0005,1.1952,2.0945,0.3537
1.2557,0.0005,1.2385,1.3257,0.3804
1.5179,0.0004,1.1077,1.2878,0.3411
1.3022,0.0004,1.3303,1.5352,0.3411
1.5978,0.0004,1.0591,1.3889,0.3386
1.4822,0.0003,1.0171,1.6825,0.3465
1.3752,0.0005,1.0132,1.1676,0.3465
1.5949,0.0005,1.1191,1.5873,0.3340
1.2828,0.0005,1.3255,1.3091,0.3556
1.7752,0.0007,1.0230,1.6669,0.3556
1.8907,0.0006,1.1627,2.1088,0.3634
1.7335,0.0006,1.2479,1.5994,0.3502
1.7668,0.0005,1.5529,1.9224,0.3470
1.3795,0.0005,1.0634,1.3803,0.3625
1.0587,0.0005,1.0429,1.0878,0.3353
1.3224,0.0004,0.9693,1.0341,0.3353
1.5434,0.0004,1.0955,1.5755,0.3481
1.2553,0.0006,1.3528,1.5010,0.3481
1.4412,0.0004,1.0152,1.4067,0.3438
1.6045,0.0005,1.1738,1.4352,0.3531
2.1758,0.0009,0.9612,2.2698,0.3554
1.4840,0.0006,1.1792,1.5345,0.3554
1.3447,0.0004,1.2588,1.0095,0.3631
2.1281,0.0005,1.1278,2.4637,0.3510
1.5711,0.0007,1.0601,1.1467,0.3502
1.2947,0.0006,1.4356,1.7241,0.3502
1.5035,0.0005,1.0370,1.2163,0.3367
1.3720,0.0005,0.9785,1.5050,0.3367
1.7507,0.0005,0.9969,1.8794,0.3378
1.7045,0.0004,0.9737,1.4001,0.3440
1.9508,0.0006,1.0272,2.1687,0.3321
1.3035,0.0008,1.2424,0.9124,0.3569
1.7308,0.0006,1.3337,2.1073,0.3478
1.5035,0.0004,1.1807,1.4826,0.3656
1.4390,0.0007,1.0795,1.2371,0.3499
1.5146,0.0007,1.4316,1.7224,0.3499
1.6597,0.0006,1.1857,1.3505,0.3339
1.5893,0.0005,1.3186,1.6998,0.3517
1.7764,0.0007,1.0637,1.9087,0.3521
1.5331,0.0005,1.0819,1.3873,0.3521
1.3698,0.0006,1.2043,1.4319,0.3465
2.4778,0.0006,1.2045,2.4795,0.3848
1.6100,0.0005,1.3720,1.3627,0.3540
1.7442,0.0007,1.5189,1.7491,0.3386
1.8236,0.0006,1.8704,1.3376,0.3386
1.5728,0.0008,1.6882,1.6170,0.3517
1.1365,0.0005,1.5750,1.4413,0.3528
1.2077,0.0003,1.0057,1.3148,0.3477
1.7276,0.0004,1.0752,1.5711,0.3503
1.2151,0.0005,1.2874,1.3313,0.3503
1.6891,0.0004,0.9085,1.6666,0.3532
1.6623,0.0005,0.9536,1.8031,0.3687
1.4326,0.0005,1.0806,1.4627,0.3569
1.1438,0.0005,1.0639,1.1639,0.3569
1.3586,0.0005,1.1369,0.9163,0.3557
1.0661,0.0005,1.3145,1.3212,0.3557
1.5135,0.0006,1.0842,1.4120,0.3316
1.0335,0.0004,1.4441,1.0569,0.3316
1.6811,0.0005,0.9251,1.9010,0.3376
1.3928,0.0010,0.9703,1.3764,0.3346
1.2933,0.0005,0.9562,1.0050,0.3519
1.1770,0.0004,1.3578,1.3387,0.3519
1.8485,0.0005,0.9604,1.5040,0.3563
2.1156,0.0008,1.0921,2.4728,0.3675
1.3420,0.0007,1.3096,1.1139,0.3809
1.4224,0.0006,1.1873,1.7034,0.3432
1.4314,0.0005,0.9813,1.2263,0.3472
1.3115,0.0172,1.0916,1.4539,0.3472
1.4060,0.0006,1.3750,1.3285,0.3493
1.6756,0.0005,1.0758,1.4053,0.3464
1.4758,0.0005,1.2941,1.8009,0.3692
1.3986,0.0004,1.2030,1.0006,0.3450
1.2151,0.0004,1.1471,1.6437,0.3450
1.1794,0.0005,1.2125,1.2293,0.3417
1.4099,0.0005,0.9717,1.3755,0.3733
1.7925,0.0007,0.9492,1.7407,0.3708
1.1050,0.0006,1.1728,0.8446,0.3791
1.3817,0.0005,1.0360,1.7030,0.3912
1.4705,0.0003,0.9348,1.4701,0.3512
1.4152,0.0005,1.0332,1.3409,0.3512
1.3082,0.0003,1.1100,1.3519,0.3568
1.6148,0.0004,0.8982,1.2875,0.3440
1.5178,0.0004,0.9118,1.6770,0.3370
1.5294,0.0004,0.9270,1.6510,0.3427
1.5149,0.0006,0.9447,1.5395,0.3409
1.9330,0.0006,1.0194,1.5502,0.3410
1.5830,0.0007,0.9940,1.7689,0.3344
1.8067,0.0008,1.1755,1.7523,0.3846
1.6826,0.0007,1.1471,1.8843,0.3403
1.3815,0.0008,1.0596,1.1301,0.3529
1.9747,0.0004,1.0025,1.7668,0.3352
1.2204,0.0005,1.2671,1.4807,0.3352
1.7134,0.0005,0.9822,1.6060,0.3446
1.9871,0.0006,1.0159,2.2185,0.3697
1.7003,0.0005,1.1881,1.7201,0.3629
1.2379,0.0004,1.1068,1.2502,0.3629
1.9886,0.0004,1.0385,1.9095,0.3387
1.8077,0.0006,1.7283,1.5940,0.3748
1.8502,0.0007,1.5068,1.9859,0.3748
2.2058,0.0007,1.2013,2.1126,0.3449
1.5841,0.0008,1.5086,1.6194,0.3451
1.2005,0.0009,1.4351,1.3736,0.3451
1.3265,0.0005,1.0411,1.3348,0.3400
1.6163,0.0004,1.1411,1.6131,0.3447
1.7472,0.0005,1.0731,1.5773,0.3349
2.0504,0.0005,1.1104,2.1704,0.3490
1.5537,0.0005,1.1637,1.5130,0.3490
1.4752,0.0005,1.2601,1.4919,0.3862
1.3247,0.0005,1.1379,1.1557,0.3862
1.7182,0.0005,1.0691,1.9190,0.3465
1.6400,0.0004,1.0679,1.3482,0.3420
1.9057,0.0005,1.0525,2.1743,0.3303
1.7346,0.0004,1.0827,1.7132,0.3341
1.9142,0.0005,1.1299,1.7780,0.3392
1.0902,0.0005,1.2460,1.2252,0.3392
1.6731,0.0004,1.0621,1.6785,0.3453
1.8202,0.0006,1.1355,1.7388,0.3412
1.7547,0.0007,1.2983,1.6327,0.3605
1.7133,0.0006,1.4576,1.8540,0.3545
1.6236,0.0006,1.3074,1.6206,0.3545
1.6064,0.0009,1.3663,1.6218,0.3466
1.7159,0.0008,1.1645,1.5668,0.3466
2.2393,0.0007,1.2915,2.3087,0.3533
1.6019,0.0007,1.2730,1.6385,0.3550
1.3780,0.0013,1.2266,1.3793,0.3496
1.6427,0.0009,1.1177,1.4447,0.3496
2.5031,0.0011,1.3016,2.2721,0.3576
1.5236,0.0193,1.8267,1.8010,0.3589
1.9417,0.0006,1.4472,2.0133,0.3387
1.4908,0.0007,1.3879,1.5556,0.3444
2.3593,0.0008,1.1817,2.2586,0.3445
1.4474,0.0007,1.2644,1.5123,0.3537
1.5132,0.0005,1.1454,1.5263,0.3537
1.6783,0.0005,1.0724,1.6697,0.3406
1.7316,0.0006,1.0416,1.3323,0.3406
1.9873,0.0010,1.1075,2.1644,0.3440
1.8043,0.0011,1.4944,1.7568,0.3635
1.7786,0.0007,1.2257,1.9976,0.3607
1.4665,0.0007,1.0734,1.4706,0.3593
1.5220,0.0009,1.0759,1.3016,0.3610
1.6942,0.0008,1.4375,1.8711,0.3450
1.2848,0.0005,1.1347,1.3026,0.3408
1.5886,0.0007,1.1410,1.2830,0.3408
1.6483,0.0006,1.0492,1.7289,0.3365
1.7986,0.0006,1.0449,2.0169,0.3541
1.6478,0.0005,1.0867,1.0349,0.3581
1.7214,0.0006,2.0437,1.8604,0.3581
1.3926,0.0007,1.2869,1.6747,0.3854
1.9084,0.0006,1.0522,2.0149,0.3418
2.0890,0.0005,1.1990,2.1048,0.3589
1.6024,0.0006,1.2544,1.5004,0.3589
1.9347,0.0004,1.1393,2.0671,0.3425
1.4787,0.0005,1.0306,1.4979,0.3499
1.4382,0.0005,0.9780,1.4351,0.3499
1.5599,0.0004,0.9665,1.3545,0.3560
1.9438,0.0008,1.3300,2.0702,0.3714
1.2953,0.0006,1.4821,0.9908,0.3714
1.8224,0.0008,1.0943,1.7473,0.3588
2.0304,0.0006,1.0513,2.2406,0.3567
1.1852,0.0005,1.3240,1.2813,0.3458
1.4459,0.0005,1.0514,1.3691,0.3458
1.6467,0.0007,1.0418,1.5768,0.3630
1.7987,0.0006,1.0754,1.7683,0.3479
1.7483,0.0007,1.1512,1.9680,0.3479
1.3118,0.0008,1.0784,1.3474,0.3451
2.1098,0.0007,0.9657,1.7812,0.3381
1.3357,0.0006,1.4653,1.2835,0.3503
1.6549,0.0007,1.2020,1.7488,0.3485
1.7207,0.0006,1.3560,1.8542,0.3451
1.8440,0.0005,1.5193,1.9199,0.3657
1.2948,0.0005,1.0560,1.3087,0.3657
1.2622,0.0004,0.9947,1.1580,0.3539
1.4161,0.0004,1.0076,1.4802,0.3651
1.7407,0.0005,1.1303,1.6844,0.3493
1.5575,0.0005,1.1176,1.3968,0.3307
1.9297,0.0008,0.9970,2.0213,0.3505
1.6009,0.0006,1.2775,1.6647,0.3694
2.0266,0.0009,1.2138,2.0219,0.3716
1.6154,0.0007,1.1394,1.4996,0.3375
1.8768,0.0004,1.1268,1.6854,0.3566
1.8491,0.0007,1.0510,1.9777,0.3535
1.4227,0.0006,1.3541,1.6087,0.3426
1.6189,0.0006,1.0328,1.6124,0.3426
1.3464,0.0007,1.0085,1.2101,0.3428
1.4100,0.0008,1.0407,1.3371,0.3552
1.4218,0.0006,1.2551,1.6113,0.3552
2.3397,0.0010,1.1571,2.1833,0.3727
2.0075,0.0007,1.6224,1.5538,0.3535
1.4157,0.0007,1.8968,1.6523,0.3478
1.3365,0.0009,1.2354,1.6423,0.3478
1.6723,0.0007,1.0971,1.5026,0.3514
1.7229,0.0007,1.2140,1.9017,0.3523
1.2904,0.0005,1.3317,1.1457,0.3438
1.6370,0.0005,1.1165,1.6347,0.3412
1.4961,0.0007,1.3961,1.5835,0.3412
1.5415,0.0005,1.1663,1.4161,0.3433
1.7348,0.0007,1.4502,1.2559,0.3780
1.1304,0.0007,1.6302,1.5306,0.3780
1.4400,0.0005,1.0321,1.5435,0.3530
1.6496,0.0005,1.0062,1.5764,0.3412
1.5418,0.0007,1.0646,1.5961,0.3469
1.2217,0.0005,1.1083,1.3879,0.3469
1.3694,0.0005,1.0306,1.3794,0.3485
1.8114,0.0005,0.9787,1.6340,0.3458
1.3257,0.0005,1.3123,1.2868,0.3458
1.9512,0.0006,1.0761,1.9717,0.3451
1.2924,0.0007,1.2726,1.4559,0.3633
2.5834,0.0008,1.0263,2.0460,0.3674
1.7685,0.0009,2.0169,1.5114,0.4053
1.1145,0.0008,1.4647,1.7499,0.3509
1.3286,0.0008,1.0841,1.1831,0.3509
1.7584,0.0007,1.2060,1.5501,0.3445
1.8292,0.0007,1.2202,2.1969,0.3525
1.5771,0.0008,0.9888,1.2256,0.3525
1.4498,0.0007,1.0807,1.6799,0.3381
1.6220,0.0006,1.1961,1.5315,0.3563
1.6388,0.0008,1.0231,1.6065,0.3381
1.9213,0.0008,1.1145,2.0382,0.3346
1.8551,0.0006,1.2857,1.4344,0.3625
1.5674,0.0005,1.2109,1.8707,0.3625
1.7451,0.0009,1.1261,1.8280,0.3437
1.8538,0.0006,1.0802,1.9425,0.3451
1.6166,0.0007,1.0413,1.5840,0.3406
1.4759,0.0005,1.0833,1.3456,0.3406
1.5584,0.0005,1.3438,1.5130,0.3499
1.4078,0.0152,1.2547,1.5288,0.3463
1.7508,0.0007,1.0916,1.8243,0.3437
1.2477,0.0004,0.9751,0.9618,0.3437
1.9172,0.0007,1.0766,2.1299,0.3434
1.1090,0.0005,1.1674,0.9036,0.3434
1.8306,0.0004,1.0700,2.0584,0.3408
1.6039,0.0004,1.0064,1.6156,0.3579
1.8374,0.0006,1.0508,1.8113,0.3414
1.3154,0.0004,1.0437,1.2990,0.3414
1.7268,0.0003,1.0261,1.7209,0.3434
1.4637,0.0004,1.0994,1.4728,0.3469
2.1539,0.0005,1.0676,1.6997,0.3412
1.2681,0.0005,1.6376,1.2112,0.3428
2.1762,0.0009,1.3516,1.0598,0.6492
1.3440,0.0007,2.1961,1.0598,0.3657
1.3150,0.0006,1.1399,1.3814,0.3434
1.3654,0.0006,1.3821,1.2932,0.3414
1.2485,0.0006,1.3951,1.5750,0.3414
1.5098,0.0004,1.0449,1.3031,0.3396
1.5053,0.0004,1.0359,1.5837,0.3395
1.5694,0.0005,1.0312,1.6641,0.3437
1.6445,0.0005,1.0970,1.2950,0.3527
1.5708,0.0005,1.1440,1.8152,0.3541
1.9508,0.0006,1.1706,1.5016,0.3615
2.0744,0.0005,1.4714,1.8896,0.3685
1.2862,0.0006,2.0227,1.7546,0.3420
1.2093,0.0008,1.0925,1.3153,0.3420
1.8143,0.0008,1.0475,1.6530,0.3384
1.7952,0.0006,1.1351,2.0705,0.3415
1.3495,0.0006,1.0838,1.2602,0.3415
2.1274,0.0007,1.0422,2.1776,0.3640
1.3846,0.0005,1.1220,1.3917,0.3443
1.1343,0.0005,1.1718,1.0935,0.3443
2.8979,0.0007,1.0163,2.6644,0.3631
1.4670,0.0008,1.3638,1.0840,0.3676
1.2627,0.0008,1.3548,1.7421,0.3553
1.5544,0.0008,1.2102,1.4343,0.3553
1.5492,0.0009,1.1740,1.6298,0.3534
1.8339,0.0005,1.2996,1.8768,0.3474
1.7337,0.0006,1.2345,1.7122,0.3311
1.5304,0.0007,1.1711,1.4246,0.3459
1.5441,0.0007,1.4951,1.6610,0.3704
1.4403,0.0007,1.0573,1.3319,0.3524
1.8570,0.0003,1.0896,1.9226,0.3457
1.8119,0.0009,1.1723,1.7786,0.3787
1.5174,0.0005,1.2885,1.5530,0.3787
1.7611,0.0006,1.1484,1.7487,0.3419
1.4468,0.0007,1.1148,1.4547,0.3429
1.6263,0.0006,1.0325,1.6158,0.3500
1.6369,0.0006,1.0265,1.5892,0.3513
1.4868,0.0003,1.1913,1.4946,0.3513
1.5054,0.0005,1.2156,1.2944,0.3531
1.3209,0.0004,1.1236,1.5617,0.3475
1.8536,0.0005,1.0279,1.7977,0.3308
2.5011,0.0009,1.1840,2.4190,0.8396
1.6458,0.0008,1.3551,1.1928,0.3515
1.3243,0.0005,1.7076,1.0478,0.3613
1.1537,0.0006,1.1548,0.9308,0.3462
1.5909,0.0006,1.1030,1.9098,0.3568
1.4597,0.0007,1.0554,1.2328,0.3519
1.5292,0.0006,1.3677,1.5556,0.3519
1.2015,0.0003,1.5819,1.4311,0.3355
1.3584,0.0004,1.0010,1.3432,0.3355
1.2947,0.0004,0.9611,1.2910,0.3424
1.5135,0.0007,0.9997,1.2268,0.3552
1.7561,0.0009,1.0985,1.7106,0.3593
1.8684,0.0008,1.3617,2.1208,0.3885
1.5932,0.0007,1.2802,1.3223,0.3551
1.1813,0.0006,1.4622,1.3993,0.3551
1.6865,0.0006,1.0326,1.3501,0.3732
2.1756,0.0005,1.1219,2.5208,0.3791
1.6191,0.0005,1.1916,1.5337,0.3512
1.2878,0.0005,1.4141,0.8475,0.3515
1.4003,0.0005,1.0789,1.6977,0.3504
1.2168,0.0005,1.0175,1.0598,0.3504
1.9141,0.0007,1.0174,2.0283,0.3522
1.8441,0.0007,1.2277,1.2171,0.3689
1.4057,0.0005,1.8745,2.0364,0.3603
1.0931,0.0005,1.0838,1.1458,0.3502
1.5549,0.0006,0.9733,1.3342,0.3502
1.6469,0.0006,1.0695,1.8016,0.3493
1.8205,0.0006,1.0852,1.8236,0.3427
1.4743,0.0006,1.0976,1.3802,0.3634
1.3455,0.0005,1.4346,0.9347,0.3551
1.0532,0.0005,1.1244,1.3463,0.3551
1.5314,0.0006,0.9939,1.5454,0.3474
1.1848,0.0003,1.0610,1.1985,0.3389
1.8621,0.0006,1.0852,1.5542,0.3389
1.6115,0.0009,1.6408,1.8438,0.3841
1.8076,0.0005,1.1569,1.4361,0.3432
2.3342,0.0005,1.1561,2.6024,0.3459
1.2218,0.0006,1.2353,1.3410,0.3516
1.4090,0.0005,1.1109,1.3845,0.3602
1.5130,0.0005,1.1747,0.9704,0.3520
1.7464,0.0005,1.7274,1.4994,0.3552
1.4984,0.0004,1.5399,0.8250,0.3475
1.2842,0.0006,1.6278,0.8250,0.3661
1.0748,0.0006,1.0150,0.8654,0.3661
1.0504,0.0005,1.0775,1.3765,0.3799
1.3672,0.0004,1.0535,1.3445,0.3511
1.8108,0.0006,1.0680,1.6500,0.3511
1.9124,0.0006,1.2866,2.0168,0.3456
1.3121,0.0005,1.2445,1.1662,0.3456
1.6038,0.0005,1.2376,1.7253,0.3629
1.9650,0.0005,1.1838,1.9795,0.3542
1.2905,0.0005,1.2006,1.3180,0.3424
1.7542,0.0007,1.1333,1.6145,0.3424
1.9235,0.0009,1.0879,1.8279,0.3367
2.2349,0.0011,1.2790,2.3206,0.5266
1.4050,0.0007,1.5206,1.1956,0.4012
1.7592,0.0007,1.2613,2.0864,0.4012
1.6591,0.0005,1.0339,1.6070,0.3496
1.6735,0.0007,1.1028,1.3437,0.3369
1.6540,0.0006,1.2347,1.7677,0.3422
1.4884,0.0006,1.1614,1.7345,0.3424
1.8953,0.0003,1.0933,1.8836,0.3397
1.5537,0.0004,1.1137,1.5593,0.3371
1.8901,0.0007,1.0487,1.8334,0.3452
1.6852,0.0006,1.5830,1.4566,0.3452
1.1223,0.0005,1.2727,1.3202,0.3603
1.4596,0.0004,1.0611,1.4992,0.3603
1.5960,0.0004,1.0582,1.4389,0.3356
1.7614,0.0005,1.0416,1.9069,0.3567
1.4832,0.0010,1.0539,1.3225,0.3567
1.9938,0.0011,1.0865,2.1188,0.3427
1.4054,0.0005,1.0966,1.2310,0.3427
1.9896,0.0006,1.0237,2.0500,0.3419
1.4204,0.0007,1.3304,1.5676,0.3449
1.3771,0.0007,1.1136,1.1340,0.3449
2.0351,0.0007,1.2517,2.1916,0.3776
1.5782,0.0007,1.2332,1.5834,0.3440
1.5804,0.0006,1.1777,1.5287,0.3393
1.3346,0.0005,1.0848,1.4078,0.3416
1.8142,0.0005,1.0779,1.7920,0.3467
1.2413,0.0004,1.0647,1.2569,0.3440
1.4792,0.0005,1.0259,1.2197,0.3440
1.4859,0.0004,1.0475,1.7319,0.3422
1.9753,0.0003,1.0610,1.9653,0.3422
1.7951,0.0005,1.0986,1.7380,0.3422
1.7232,0.0007,1.2380,1.5435,0.3674
1.6541,0.0010,1.2604,1.5767,0.3656
1.6975,0.0004,1.1366,1.9693,0.3378
1.1909,0.0004,1.1315,1.0420,0.3378
1.8113,0.0005,1.0779,1.7080,0.3439
1.4996,0.0005,1.0789,1.7711,0.3567
1.2667,0.0004,1.0512,1.1948,0.3567
1.4431,0.0004,1.0473,1.3368,0.3559
1.6120,0.0006,1.0883,1.6551,0.3559
2.4446,0.0007,1.1596,2.4648,0.3543
1.4059,0.0008,1.7892,1.1931,0.3875
1.9734,0.0008,1.2911,2.2107,0.3558
1.6299,0.0007,1.1668,1.6337,0.3559
1.6886,0.0008,1.1218,1.6822,0.3442
1.1822,0.0008,1.0948,1.2219,0.3605
1.5247,0.0005,1.0648,1.3175,0.3605
2.0772,0.0006,1.0730,2.2483,0.3440
1.7909,0.0006,1.0188,1.6668,0.3484
1.5575,0.0008,1.2820,1.5214,0.3578
1.5884,0.0008,1.3548,1.3692,0.3578
3.2675,0.0008,1.6800,3.4233,0.3686
2.5219,0.0010,1.8407,1.1288,0.3574
1.3655,0.0008,2.4174,2.7352,0.3574
2.1787,0.0011,1.3631,1.8617,0.3429
2.1735,0.0009,1.4162,2.3205,0.3662
1.8050,0.0012,1.4180,1.9502,0.3662
2.0905,0.0012,1.4721,2.1383,0.3416
1.9351,0.0008,1.3091,1.4041,0.3416
3.3670,0.0008,1.9219,3.7784,0.3773
1.4764,0.0008,1.7320,1.2949,0.3399
1.5281,0.0009,1.4778,1.4482,0.3399
1.5333,0.0006,1.4899,1.7829,0.3534
1.9554,0.0005,1.1853,2.1058,0.3603
2.0206,0.0007,1.2203,1.9366,0.3426
1.7166,0.0010,1.4074,1.7115,0.3341
1.9793,0.0011,1.4019,1.9458,0.3459
1.7301,0.0008,1.5868,1.7667,0.3459
1.6909,0.0006,1.4481,1.5930,0.3636
1.6310,0.0006,1.3839,1.6028,0.3512
1.7448,0.0006,1.1509,1.6709,0.3512
1.8546,0.0006,1.1123,1.6505,0.3432
2.1859,0.0004,1.2109,2.5747,0.3552
1.5787,0.0005,1.3531,1.4474,0.3552
2.3702,0.0005,1.2815,2.3823,0.3426
1.3711,0.0004,1.3894,1.2464,0.3426
2.3441,0.0009,1.3394,2.4999,0.3633
2.1990,0.0008,1.5605,2.0469,0.3795
1.7611,0.0008,1.6559,1.8154,0.3444
1.3048,0.0007,1.4200,1.3449,0.3444
2.1304,0.0008,1.0929,2.1060,0.3454
1.5234,0.0008,1.3620,1.4465,0.3334
1.4409,0.0009,1.5677,1.6177,0.3460
1.5601,0.0006,1.1559,1.5658,0.3460
1.8286,0.0006,1.0716,1.7452,0.3421
1.9009,0.0010,1.3780,1.5238,0.3421
2.3504,0.0009,1.9482,2.7169,0.3474
1.6128,0.0010,1.6055,1.6089,0.3474
1.9033,0.0007,1.4460,1.7850,0.3345
2.3393,0.0009,1.2427,2.4563,0.3403
1.6015,0.0007,1.2590,1.6262,0.3302
1.5215,0.0008,1.3535,1.5703,0.3294
1.6416,0.0009,1.3217,1.4475,0.3294
1.6076,0.0008,1.2093,1.7609,0.3537
1.8219,0.0011,1.2111,1.4874,0.3537
2.7463,0.0007,1.3124,2.9566,0.3599
1.3974,0.0007,1.5799,1.2363,0.3551
1.1387,0.0005,1.2196,1.4194,0.3551
2.2487,0.0007,1.2046,1.4655,0.3732
2.2687,0.0008,1.3933,2.9207,0.3510
1.9998,0.0010,1.4809,1.9142,0.3510
1.6034,0.0007,1.5652,1.3823,0.3501
1.7719,0.0007,1.2108,1.9299,0.3550
1.6996,0.0008,1.1865,1.7386,0.3550
1.9728,0.0010,1.3159,2.1052,0.3674
1.7109,0.0007,1.3520,1.7260,0.3379
1.5692,0.0007,1.2258,1.6084,0.3379
1.7115,0.0007,1.2066,1.3777,0.3506
2.0841,0.0006,1.2185,2.3340,0.3435
1.8252,0.0009,1.4124,1.8545,0.3566
1.6393,0.0008,1.4384,1.2434,0.3323
1.7774,0.0008,1.4364,2.1621,0.3530
1.7545,0.0008,1.2703,1.7166,0.3455
1.8202,0.0007,1.4625,1.7551,0.3455
2.0013,0.0008,1.4183,2.0315,0.3673
1.9208,0.0009,1.3265,1.8563,0.3584
2.4257,0.0010,1.2682,2.4835,0.3272
1.7758,0.0008,1.3488,1.7504,0.3476
1.8487,0.0007,1.4417,1.8709,0.3417
1.7390,0.0006,1.2509,1.7014,0.3475
1.7788,0.0005,1.2852,1.7919,0.3405
1.9664,0.0005,1.3621,1.8093,0.3405
1.9888,0.0006,1.5139,2.1041,0.4244
1.7128,0.0006,1.3872,1.7331,0.3453
1.8152,0.0005,1.3040,1.5712,0.3478
1.9241,0.0006,1.6980,1.6774,0.3478
1.8435,0.0009,1.2352,2.0583,0.3468
1.9502,0.0010,1.4314,2.2003,0.3514
1.6996,0.0007,1.2319,1.3571,0.3431
1.6066,0.0006,1.5652,2.0027,0.3431
1.5561,0.0007,1.1726,1.4873,0.3411
2.7552,0.0010,1.4030,2.1144,0.3697
1.7767,0.0005,2.0378,2.2546,0.3506
1.7152,0.0005,1.6442,1.8824,0.3469
1.4717,0.0005,1.4969,0.9511,0.3594
1.4729,0.0006,1.4726,1.8294,0.3594
2.1311,0.0006,1.3596,2.2310,0.3537
1.6516,0.0007,1.4214,1.6256,0.3520
1.7764,0.0006,1.2263,1.6977,0.3520
1.5477,0.0006,1.4788,1.4620,0.3430
2.2706,0.0007,1.2613,2.1647,0.5970
1.6229,0.0008,1.8763,1.6758,0.5970
1.8278,0.0007,1.2906,2.0486,0.3644
1.8254,0.0006,1.1499,1.8177,0.3459
1.5679,0.0008,1.1973,1.5518,0.3459
1.7469,0.0008,1.2107,1.7096,0.3502
2.1364,0.0008,1.2977,1.9559,0.3368
1.8038,0.0009,1.5462,1.1206,0.3333
1.2538,0.0008,1.7222,1.6911,0.3333
2.4768,0.0009,1.2317,2.6007,0.3450
1.7688,0.0008,1.5511,1.8360,0.4043
1.4940,0.0008,1.5238,1.5455,0.3446
1.9621,0.0010,1.1644,1.9592,0.3446
1.6464,0.0009,1.1139,1.5179,0.3472
1.9114,0.0008,1.1922,2.0128,0.3337
1.5898,0.0009,1.2185,1.2143,0.3337
1.7336,0.0007,1.1936,1.9569,0.3394
1.7315,0.0007,1.2611,1.7552,0.3394
2.4032,0.0011,1.3900,2.3304,0.3529
1.4921,0.0008,1.4886,1.4783,0.3933
1.7909,0.0007,1.3548,1.9712,0.3394
1.9151,0.0007,1.1804,1.4406,0.3394
1.9559,0.0010,1.2513,2.2409,0.3534
2.0659,0.0012,1.3389,2.1892,0.3574
1.4864,0.0009,1.2979,1.3037,0.3574
2.2818,0.0009,1.1967,2.4125,0.3450
1.6357,0.0010,1.3016,1.6556,0.3573
1.3629,0.0009,1.3301,1.1748,0.3573
2.4402,0.0010,1.4000,2.2262,0.3699
1.5175,0.0009,1.8638,1.3347,0.3699
2.0727,0.0006,1.2994,2.4827,0.3609
1.5022,0.0007,1.5042,1.5366,0.3609
1.8381,0.0008,1.2040,1.7831,0.3415
2.0167,0.0007,1.2323,2.0297,0.3409
1.4009,0.0007,1.2584,1.2269,0.3409
1.9030,0.0009,1.3085,1.9189,0.3477
2.0560,0.0013,1.6747,2.1009,0.3546
1.5245,0.0008,1.5129,1.5770,0.3546
1.4773,0.0008,1.3447,1.5180,0.3715
1.7968,0.0005,1.1751,1.4785,0.3715
2.1680,0.0008,1.1181,2.2047,0.3590
1.6522,0.0005,1.6134,1.0978,0.3427
1.5098,0.0007,1.5003,2.0545,0.3399
1.4331,0.0007,1.1060,1.4371,0.3399
1.7981,0.0010,1.2853,1.4536,0.3341
1.6140,0.0008,1.7514,1.9047,0.3341
2.3257,0.0011,1.2322,2.1297,0.3385
2.2279,0.0011,1.5734,2.3252,0.3455
2.1931,0.0010,1.9163,2.2140,0.3438
2.0908,0.0011,1.4388,2.0576,0.3465
1.4420,0.0010,1.4579,1.3295,0.3465
2.3034,0.0010,1.4292,2.1998,0.3292
1.7762,0.0009,1.6652,1.9796,0.3428
2.4167,0.0009,1.5449,2.1844,0.3614
1.8703,0.0007,1.8586,1.5040,0.3357
1.8399,0.0010,1.7313,2.1364,0.3357
1.5739,0.0006,1.8409,1.7005,0.3883
1.9887,0.0009,1.3192,1.9064,0.3436
1.5175,0.0010,1.5848,1.6284,0.3436
2.4477,0.0009,1.4115,2.5420,0.3379
1.5988,0.0011,1.5087,1.4247,0.3493
2.3714,0.0007,1.4960,2.5279,0.3625
1.5059,0.0004,1.3763,1.5795,0.3448
1.7485,0.0007,1.2199,1.4850,0.3448
2.4130,0.0009,1.5226,2.4428,0.3707
1.3440,0.0004,1.8071,1.2590,0.3502
1.6180,0.0007,1.1740,1.7033,0.3502
1.5961,0.0005,1.2053,1.6576,0.3581
2.0902,0.0006,1.3078,2.1888,0.3398
1.7875,0.0007,1.2543,1.4419,0.3476
1.5920,0.0006,1.5339,1.7248,0.3321
1.6418,0.0006,1.1370,1.7383,0.3321
1.6642,0.0005,1.0637,1.7907,0.3547
1.4797,0.0005,1.2066,1.4466,0.3547
2.1361,0.0006,1.2108,1.9791,0.4022
2.2717,0.0005,1.2617,2.1831,0.3336
1.6318,0.0006,1.5863,1.3597,0.3536
1.7270,0.0006,1.3494,2.2515,0.3514
1.6515,0.0007,1.1649,1.6388,0.3477
1.3424,0.0007,1.1692,1.3744,0.3477
1.7992,0.0004,1.0522,1.7898,0.3469
1.5753,0.0005,1.0803,1.5723,0.3469
1.5507,0.0009,1.2009,1.4677,0.3521
1.7674,0.0007,1.4061,1.5147,0.3472
1.5852,0.0006,1.8301,1.8173,0.3682
2.0123,0.0006,1.1690,2.0704,0.3517
1.8242,0.0250,1.0959,1.7135,0.3474
1.4815,0.0007,1.5956,1.5184,0.3474
2.1744,0.0006,1.1902,2.2268,0.3679
1.3344,0.0007,1.0850,1.1977,0.3431
1.4387,0.0006,1.4357,1.5891,0.3550
1.7075,0.0006,1.0328,1.3531,0.3349
2.1211,0.0007,1.2951,2.3269,0.3778
1.6770,0.0009,1.5293,1.2758,0.3492
2.0046,0.0008,1.4150,2.3209,0.3492
2.1886,0.0009,1.4250,2.2244,0.3592
1.5038,0.0006,1.4552,1.6271,0.3383
1.2374,0.0005,1.1976,1.2017,0.3383
1.7972,0.0007,1.1350,1.8599,0.3403
1.5560,0.0006,1.0517,1.3720,0.3403
1.9810,0.0007,1.0481,2.1164,0.3561
1.2378,0.0008,1.0967,1.2562,0.3561
1.3104,0.0008,1.1005,1.2760,0.3416
2.0592,0.0007,1.2414,1.6431,0.3998
1.8631,0.0005,1.8411,2.2874,0.3585
1.5495,0.0007,1.1232,1.3696,0.3585
2.0199,0.0007,1.1941,1.8910,0.3524
2.0455,0.0006,1.2825,2.2822,0.3479
1.9222,0.0007,1.2310,1.8270,0.3413
1.2747,0.0005,1.3558,1.1063,0.3413
1.4943,0.0006,1.0033,1.8277,0.3371
1.7755,0.0006,1.0341,1.5670,0.3371
2.0234,0.0010,1.4944,2.1129,0.3720
1.5713,0.0007,1.4485,1.5952,0.3717
2.1039,0.0008,1.1757,1.6495,0.3542
1.9317,0.0007,1.6315,2.3169,0.3466
1.7909,0.0009,1.3457,1.8461,0.3458
1.4428,0.0006,1.1413,1.3590,0.3458
1.8943,0.0006,1.1099,2.0037,0.3451
1.2154,0.0007,1.0762,1.0839,0.3575
1.7955,0.0005,1.0767,1.9185,0.3618
1.4402,0.0006,0.9654,1.4229,0.3641
1.5032,0.0006,1.0844,1.4873,0.3641
2.0663,0.0008,1.1809,2.0429,0.3518
1.5925,0.0008,1.1641,1.6135,0.3462
1.5085,0.0009,1.1252,1.5255,0.3447
1.5313,0.0007,1.0176,1.3954,0.3447
1.4697,0.0005,1.0341,1.5573,0.3612
1.5488,0.0004,1.0887,1.5775,0.3601
1.6448,0.0007,1.0228,1.3723,0.3490
1.1240,0.0004,1.3601,1.0234,0.3490
1.3926,0.0004,1.0409,1.6926,0.3450
1.7621,0.0006,0.9620,1.7104,0.3474
1.6289,0.0008,1.0964,1.3430,0.8600
