frame_ms,scenario_ms,game_ms,render_ms,gpu_ms
4.0481,0.0003,3.9538,1.4906,0.3747
38.1822,0.0010,33.1395,1.4343,0.3956
1.6848,0.0005,3.8078,1.2646,0.3956
4.7140,0.0005,5.2658,1.2646,0.4912
1.2589,0.0006,1.0351,1.0643,0.4912
0.8063,0.0003,1.2089,1.0814,0.4774
4.3201,0.0003,4.2489,1.6743,0.5122
1.2408,0.0004,0.8968,0.8328,0.5122
0.7316,0.0003,1.2026,0.8328,0.4921
4.9003,0.0006,4.5588,0.9808,0.5058
1.2348,0.0006,1.1964,0.8826,0.5058
0.7476,0.0003,1.1139,0.8826,0.5078
4.2242,0.0005,4.1822,1.0229,0.4950
1.0372,0.0005,0.7968,0.9014,0.4950
0.6772,0.0004,1.0071,0.9663,0.4950
4.1268,0.0005,3.9082,1.4371,0.4158
0.9176,0.0005,1.0328,1.0012,0.4158
0.9233,0.0006,0.8564,1.0167,0.4158
4.8118,0.0008,4.6958,1.9117,0.4143
0.7175,0.0005,0.9498,0.9404,0.4143
0.8324,0.0004,0.6378,0.9061,0.4143
4.7650,0.0006,4.4764,1.5189,0.4246
0.6864,0.0004,0.9509,0.9616,0.4246
1.0006,0.0005,0.6308,0.8590,0.4246
4.8853,0.0007,4.5868,2.0806,0.4196
0.7726,0.0008,1.0634,1.0643,0.4196
0.8496,0.0003,0.6634,1.0333,0.4196
4.3453,0.0004,4.1832,1.7720,0.3865
0.7005,0.0003,0.8495,0.9243,0.3865
0.8807,0.0003,0.6285,0.9466,0.3865
4.3617,0.0007,4.0309,1.2035,0.3998
0.8667,0.0004,1.0010,1.2756,0.3998
1.0591,0.0007,0.7753,1.0444,0.3998
5.3405,0.0007,5.0067,1.7834,0.4245
0.7652,0.0006,1.0131,1.0745,0.4245
0.6698,0.0005,0.6837,0.8765,0.4245
4.9780,0.0006,4.7481,1.1941,0.4090
0.7015,0.0004,0.8383,0.9157,0.4090
1.4569,0.0003,0.6279,1.6342,0.4082
4.4450,0.0007,4.1622,0.9963,0.3984
0.6943,0.0003,0.9337,1.0275,0.3984
1.1212,0.0003,0.5935,1.2130,0.3985
4.4144,0.0005,4.1700,0.9336,0.4237
0.6909,0.0004,0.8810,0.9467,0.4237
1.1765,0.0003,0.7102,0.9413,0.4237
4.5161,0.0007,4.3532,2.0171,0.3946
0.7339,0.0005,0.9409,1.0257,0.3946
0.9594,0.0005,0.7016,0.9634,0.3946
4.9767,0.0010,4.7144,2.0417,0.4442
0.7800,0.0004,1.0707,1.1864,0.4442
1.1875,0.0003,0.6454,1.2067,0.4092
5.1539,0.0007,4.8963,1.6825,0.4154
0.8222,0.0006,1.0725,1.2857,0.4154
1.0621,0.0003,0.7419,1.1681,0.4154
4.7887,0.0008,4.5517,1.6360,0.4058
0.7432,0.0006,0.9961,1.0508,0.4058
1.2962,0.0004,0.6618,1.4602,0.4106
4.3047,0.0006,4.1585,1.1105,0.3895
0.6345,0.0003,0.7858,0.9336,0.3895
1.0288,0.0004,0.5950,0.8879,0.3895
4.2636,0.0005,4.0998,1.4241,0.4072
0.6462,0.0004,0.7978,0.9254,0.4072
0.9720,0.0004,0.6138,0.8745,0.4104
4.6445,0.0006,4.3720,1.2222,0.6430
0.7820,0.0005,1.0501,1.1444,0.6430
0.7197,0.0004,0.6964,0.8981,0.6430
4.5180,0.0006,4.2737,1.2012,0.4154
0.7299,0.0005,0.9094,0.9941,0.4154
0.9071,0.0004,0.6809,1.0248,0.4154
4.3298,0.0007,4.2780,1.2957,0.4113
0.9058,0.0004,0.8460,1.1286,0.4113
0.7507,0.0003,0.8580,0.8270,0.4113
4.4937,0.0005,4.2252,1.5652,0.4136
0.9322,0.0004,0.9564,0.9709,0.4136
0.5611,0.0004,0.8122,0.9418,0.4136
4.2950,0.0010,4.0483,1.2722,0.4002
0.7235,0.0006,0.9096,0.9354,0.4002
0.8422,0.0003,0.6066,0.8059,0.4002
4.2464,0.0006,4.0520,1.5674,0.4120
0.6796,0.0004,0.8319,1.0391,0.4120
1.3927,0.0003,0.6326,1.3563,0.4259
4.6560,0.0005,4.4836,1.3721,0.4088
0.6859,0.0005,0.9050,1.1108,0.4088
1.1791,0.0005,0.6507,1.2257,0.4088
4.1542,0.0006,3.9945,1.1182,0.4170
0.5813,0.0003,0.7289,0.8706,0.4170
1.1186,0.0003,0.5513,1.0725,0.4170
4.1846,0.0005,3.9602,1.3734,0.3971
0.7211,0.0005,0.9136,1.0137,0.3971
1.0738,0.0003,0.6286,1.0102,0.3971
4.4674,0.0006,4.1996,2.1948,0.3975
0.6860,0.0003,0.9041,0.9372,0.3975
0.8575,0.0003,0.6083,0.9741,0.3975
4.0695,0.0004,3.9370,1.2504,0.4191
0.6002,0.0003,0.7306,0.8626,0.4191
1.0785,0.0003,0.5568,0.8766,0.4191
4.5408,0.0006,4.1400,1.8299,0.4475
0.7881,0.0006,1.0916,1.2381,0.4475
0.9726,0.0003,0.6722,0.8789,0.4475
4.4415,0.0006,4.2292,2.0962,0.4053
0.6680,0.0003,0.8273,1.0364,0.4053
0.8277,0.0005,0.6187,0.7652,0.4053
4.2078,0.0004,4.2744,1.1130,0.4051
0.6557,0.0003,0.7960,0.9464,0.4051
0.9757,0.0003,0.6093,0.8099,0.4051
4.7401,0.0009,4.3146,1.5829,0.4081
0.7849,0.0007,1.0848,1.0556,0.4081
0.9231,0.0004,0.6621,1.2069,0.4118
4.3386,0.0006,4.1279,1.0245,0.3988
0.6406,0.0002,0.7996,0.9154,0.3988
0.8490,0.0003,0.5768,0.8832,0.3988
4.1753,0.0007,3.9257,1.8599,0.3916
0.7602,0.0009,0.8961,1.0174,0.3916
1.2888,0.0004,0.7284,1.1419,0.3916
4.8277,0.0006,4.6135,1.9558,0.4048
0.8781,0.0003,0.9821,1.3976,0.4048
1.2514,0.0003,0.6559,1.0810,0.4048
4.3078,0.0004,4.1810,1.5425,0.4134
0.6571,0.0003,0.8047,0.8703,0.4134
0.9340,0.0004,0.6125,0.9073,0.4134
4.8622,0.0007,4.4770,1.5573,0.4285
0.7373,0.0004,1.0608,1.1046,0.4285
0.7544,0.0003,0.6567,0.9322,0.4285
4.3646,0.0008,4.1683,1.5674,0.4018
0.6801,0.0004,0.8471,0.9202,0.4018
1.0823,0.0004,0.6952,0.9710,0.4018
4.4591,0.0006,4.0555,1.7350,0.4070
0.9562,0.0005,1.1449,1.0061,0.4070
0.8856,0.0005,0.8566,1.3174,0.4070
4.8025,0.0006,4.4875,1.2489,0.4581
0.7469,0.0005,1.0085,1.1864,0.4581
0.9247,0.0004,0.6492,1.0095,0.4581
4.2667,0.0005,4.0479,1.2159,0.4194
0.6225,0.0003,0.8082,0.9020,0.4194
1.2354,0.0004,0.5731,1.0406,0.4194
4.3835,0.0003,4.0745,2.1066,0.3940
1.0209,0.0003,0.9783,1.4755,0.3940
1.1861,0.0004,0.7357,0.9956,0.4212
4.5525,0.0005,4.6113,1.0890,0.4198
0.6214,0.0004,0.8198,0.9314,0.4198
1.1339,0.0003,0.5950,1.0735,0.4198
4.9068,0.0008,4.0747,1.5248,0.4100
0.7391,0.0004,1.5146,1.2708,0.4100
1.0477,0.0002,0.6290,1.3076,0.3977
4.8633,0.0006,4.5386,1.0255,0.4272
0.7541,0.0005,1.0144,1.1340,0.4272
1.0645,0.0006,0.6968,0.9461,0.4272
4.4468,0.0007,4.2567,1.6712,0.4004
0.6837,0.0007,0.8879,0.9425,0.4004
0.8845,0.0007,0.6223,1.0274,0.4004
4.4386,0.0007,4.2035,1.4345,0.4033
1.0151,0.0004,0.8634,1.3613,0.4033
1.2462,0.0005,0.7142,1.2561,0.4033
4.6063,0.0009,4.4424,1.3825,0.4212
0.6772,0.0004,0.8875,0.9303,0.4212
0.8382,0.0005,0.6195,0.8609,0.4212
4.3318,0.0007,4.0872,1.4981,0.4045
0.6497,0.0007,0.8410,0.9580,0.4045
1.0622,0.0006,0.6895,0.9928,0.4045
5.9918,0.0006,5.5323,1.5093,0.4178
0.9731,0.0005,1.1815,1.1060,0.4178
0.6168,0.0004,0.8987,0.9520,0.4178
5.0630,0.0006,4.8143,1.2594,0.3949
1.0800,0.0005,0.8620,1.4986,0.3949
1.1495,0.0006,0.6044,0.8288,0.4144
4.3552,0.0007,4.2677,1.4834,0.4045
0.8059,0.0007,0.8722,1.1921,0.4045
1.3580,0.0006,0.7968,1.3480,0.4045
4.5407,0.0006,4.3573,1.8369,0.4094
0.6813,0.0006,0.8907,0.9903,0.4094
0.9180,0.0008,0.6302,0.9870,0.4094
4.3057,0.0006,4.1038,1.4577,0.4014
0.6745,0.0004,0.8439,0.8990,0.4014
0.7592,0.0003,0.6449,0.7854,0.4014
4.3499,0.0011,4.1657,1.6587,0.4231
0.7774,0.0013,0.9566,1.0289,0.4231
1.1355,0.0005,0.7919,1.0420,0.4231
4.5747,0.0006,4.5438,2.0221,0.4085
0.7126,0.0005,0.8759,1.1356,0.4085
1.2473,0.0004,0.6077,0.9962,0.4085
4.4213,0.0005,4.2053,1.7361,0.4052
0.6284,0.0003,0.8232,0.9483,0.4052
1.0754,0.0002,0.6048,1.1739,0.4052
4.6123,0.0007,4.2669,1.4454,0.4138
0.7585,0.0008,0.9983,1.0078,0.4138
0.7570,0.0006,0.6695,0.9896,0.4138
4.5694,0.0007,4.2673,1.3226,0.4098
0.9857,0.0003,0.9168,1.4748,0.4098
1.2109,0.0003,0.6265,1.0326,0.4098
4.8293,0.0011,4.4203,1.6191,0.3923
0.8975,0.0009,1.1591,1.1771,0.3923
1.2570,0.0005,0.8066,1.5482,0.4202
4.8629,0.0007,4.6456,1.0797,0.4207
0.7601,0.0006,1.0038,1.0960,0.4207
1.0287,0.0005,0.6438,0.9618,0.4207
4.8717,0.0006,4.5408,2.3504,0.4047
0.9174,0.0004,1.0022,1.4387,0.4047
1.1421,0.0004,0.6363,0.9763,0.4047
6.5398,0.0009,6.1661,1.4315,1.1231
1.0227,0.0006,1.1150,1.5794,1.1231
1.0996,0.0005,0.7199,0.9508,1.1231
5.5118,0.0007,5.2474,1.5826,0.4075
1.0680,0.0004,0.9249,1.5528,0.4075
1.0038,0.0005,0.6981,0.8729,0.4075
5.1258,0.0007,4.9255,1.8913,0.4619
0.8142,0.0007,1.0951,1.0838,0.4619
0.8447,0.0003,0.7018,0.9150,0.4619
5.0886,0.0006,4.8308,1.9728,0.4039
0.7369,0.0003,0.9314,0.9948,0.4039
0.8933,0.0003,0.6705,0.9622,0.4006
4.3225,0.0007,4.2201,1.1041,0.4055
0.7631,0.0005,0.8575,1.1567,0.4055
1.1026,0.0003,0.6647,0.8516,0.4055
4.5223,0.0006,4.3914,1.6427,0.4025
0.6896,0.0005,0.8665,0.9007,0.4025
0.9110,0.0005,0.6074,1.1058,0.4023
4.2926,0.0006,4.0406,1.0207,0.4220
0.8656,0.0005,0.8656,0.9314,0.4220
0.6175,0.0004,0.8093,0.9808,0.4220
4.5076,0.0007,4.1550,1.2897,0.4090
0.7628,0.0006,1.0078,1.0598,0.4090
0.9668,0.0004,0.6549,0.9680,0.4090
4.3604,0.0005,4.2156,1.6100,0.4175
0.6326,0.0006,0.7721,0.8835,0.4175
0.9874,0.0004,0.5820,0.9113,0.4044
4.1918,0.0006,4.1103,1.2413,0.4042
0.6595,0.0003,0.8135,0.9780,0.4042
0.8154,0.0003,0.6446,0.7481,0.4042
4.7215,0.0009,4.5543,1.8966,0.4229
0.7901,0.0004,1.0308,1.2238,0.4229
0.9567,0.0003,0.6983,1.0398,0.4229
4.4282,0.0005,4.1905,1.3486,0.4278
0.6642,0.0004,0.8571,0.9090,0.4278
0.7596,0.0005,0.6127,0.9050,0.4278
4.0949,0.0005,3.8969,1.4556,0.4136
0.6484,0.0010,0.7952,0.9254,0.4136
1.0276,0.0006,0.6217,0.8104,0.4136
4.7271,0.0007,4.4450,2.1448,0.4293
1.1668,0.0007,1.0201,0.9991,0.4293
0.7059,0.0005,1.0640,1.3277,0.4115
4.5019,0.0007,4.2035,1.3426,0.4062
0.7500,0.0004,0.9727,1.0845,0.4062
1.0590,0.0004,0.6859,0.9072,0.4062
5.4103,0.0009,4.9004,2.1580,0.3920
1.2729,0.0004,1.2703,1.9685,0.3920
1.5366,0.0005,0.7902,1.2646,0.3920
4.9400,0.0008,4.7350,2.0559,0.4132
0.9659,0.0006,1.0930,1.4473,0.4132
1.2624,0.0004,0.8218,1.1333,0.4132
4.8995,0.0006,4.6244,1.5860,0.4145
0.8077,0.0006,1.0711,1.2025,0.4145
0.9389,0.0004,0.7125,0.9628,0.4145
5.6498,0.0005,5.4469,1.3526,0.4069
0.6964,0.0003,0.8781,0.9673,0.4069
0.7635,0.0003,0.6328,0.8221,0.4069
5.2369,0.0005,4.9301,1.4397,0.4038
0.9012,0.0003,0.9961,0.9139,0.4038
1.0300,0.0003,0.7830,1.4305,0.4069
4.7650,0.0007,4.4156,1.3484,0.4208
0.7523,0.0005,1.0167,1.0628,0.4208
0.9082,0.0003,0.6408,0.9321,0.4208
4.2647,0.0006,4.0765,1.5673,0.4146
0.6543,0.0005,0.8092,0.9001,0.4146
0.8905,0.0005,0.5991,0.8659,0.4146
4.8486,0.0010,4.3734,1.4490,0.4113
1.1875,0.0010,1.1988,1.7577,0.4113
1.5478,0.0011,1.0591,1.2228,0.4113
5.1898,0.0007,5.0803,1.6956,0.4167
0.8185,0.0008,1.1051,1.2515,0.4167
1.2392,0.0005,0.7101,0.9976,0.4167
5.1124,0.0008,4.8372,1.9267,0.4151
1.0421,0.0006,1.0499,1.4847,0.4151
1.0318,0.0009,0.9393,0.8862,0.4151
5.7038,0.0007,5.3335,1.7467,0.3896
0.8431,0.0006,1.1587,1.1943,0.3896
1.0563,0.0004,0.6935,1.0597,0.3896
4.6191,0.0006,4.4028,2.2431,0.3983
0.7028,0.0004,0.9177,1.2288,0.3983
1.2358,0.0003,0.6568,1.2365,0.3983
5.7366,0.0009,5.2730,1.5199,0.7351
1.1234,0.0003,1.1672,1.7393,0.7351
1.2609,0.0003,0.7090,1.1999,0.7351
6.3874,0.0008,5.8302,2.0393,0.4112
0.9110,0.0008,1.3727,1.4146,0.4112
1.2281,0.0006,0.7563,1.4839,0.4112
5.2114,0.0007,4.7727,1.7096,0.4161
1.0030,0.0007,1.2207,1.6234,0.4161
1.4143,0.0005,0.8315,1.4336,0.4161
5.1931,0.0007,4.8104,1.1922,0.4083
1.2637,0.0006,1.1388,1.7904,0.4083
1.5120,0.0008,0.7849,1.5210,0.4180
5.1981,0.0006,4.8139,1.6561,0.4028
1.1186,0.0008,1.1910,1.7381,0.4028
1.4856,0.0009,0.7717,1.4583,0.4028
5.2776,0.0007,4.9632,1.1020,0.3950
1.0208,0.0004,1.1704,1.6683,0.3950
1.5041,0.0003,0.7235,1.4639,0.3950
5.1131,0.0009,4.6794,1.5831,0.4034
1.4391,0.0007,1.4165,1.1871,0.4034
0.9522,0.0005,1.3651,1.0583,0.4135
5.4372,0.0008,5.2098,2.0632,0.3936
0.8057,0.0005,1.1610,1.3373,0.3936
1.2496,0.0007,0.7008,1.3120,0.3936
4.9629,0.0008,4.5904,1.7078,0.3953
1.1308,0.0007,1.1341,1.6891,0.3953
1.5577,0.0009,0.8783,1.4407,0.3953
5.4542,0.0008,5.3783,2.3457,0.4020
1.1496,0.0009,1.2391,1.4230,0.4020
1.2934,0.0005,1.0252,1.5934,0.4020
5.1784,0.0009,4.8497,1.2964,0.4103
1.3241,0.0007,1.1990,1.8785,0.4103
1.7227,0.0007,0.7731,1.6725,0.4043
5.4147,0.0007,5.1142,1.5277,0.4044
0.9082,0.0007,1.1481,1.5061,0.4044
1.3336,0.0005,0.7938,1.2029,0.4044
4.9166,0.0007,4.6631,2.1479,0.3917
0.8401,0.0006,1.0833,1.1062,0.3917
1.1859,0.0005,0.7229,1.0734,0.3917
5.5906,0.0009,5.1358,2.6849,0.4118
1.1395,0.0004,1.2172,1.8291,0.4118
1.3830,0.0005,0.7672,1.1248,0.4118
5.0194,0.0007,4.7180,1.9176,0.4050
0.8230,0.0005,1.0800,1.1507,0.4050
1.0302,0.0003,0.6863,1.2202,0.4050
5.6425,0.0008,4.8615,1.8483,0.4134
1.2973,0.0010,1.5574,1.3992,0.4134
0.7632,0.0009,1.1537,1.3308,0.4038
4.9944,0.0009,4.7298,1.7421,0.3824
0.8262,0.0009,1.0866,1.2239,0.3824
1.3540,0.0006,0.7476,1.4693,0.3824
4.7894,0.0008,4.4651,1.3058,0.4206
0.9743,0.0007,1.0848,1.4463,0.4206
1.5901,0.0005,0.9097,1.5791,0.4217
4.9139,0.0011,5.0195,1.3374,0.3953
0.8159,0.0005,1.0871,1.1390,0.3953
1.0530,0.0005,0.6905,1.1762,0.3953
4.8443,0.0008,4.5135,1.9199,0.3859
1.0017,0.0004,1.0345,1.2124,0.3859
0.8842,0.0004,0.9231,1.0080,0.3859
5.2663,0.0008,4.9898,2.0374,0.4231
1.1151,0.0007,1.1776,1.1808,0.4231
0.9883,0.0005,1.0981,1.4803,0.4231
4.9952,0.0009,4.6509,1.5476,0.3941
1.0126,0.0005,1.0975,1.5323,0.3941
1.4955,0.0003,0.6845,1.4831,0.3964
5.1455,0.0008,4.7279,1.2973,1.0743
0.8307,0.0006,1.1401,1.2150,1.0743
1.1661,0.0005,0.8162,1.2396,1.0743
4.8523,0.0008,4.6532,1.9110,0.3892
0.8879,0.0006,1.1074,1.1431,0.3892
1.0701,0.0007,0.7478,1.1953,0.3892
5.2285,0.0009,4.7962,1.6609,0.4101
1.1853,0.0007,1.2330,1.8234,0.4101
1.3177,0.0008,0.8731,1.2039,0.4101
5.0669,0.0009,4.8137,2.0270,0.4097
0.8153,0.0006,1.1338,1.1147,0.4097
1.0172,0.0007,0.7150,1.2563,0.4097
4.9861,0.0007,4.6427,1.5059,0.3962
1.1193,0.0007,1.0948,1.6653,0.3962
1.2522,0.0007,0.6909,1.2084,0.3962
5.4135,0.0007,5.1056,1.5246,0.4181
0.8927,0.0011,1.1303,1.2219,0.4181
1.1784,0.0004,0.8020,1.1142,0.4181
4.9199,0.0008,4.6076,1.9480,0.4178
1.0232,0.0005,1.1546,1.1995,0.4178
1.2101,0.0006,0.8253,1.3225,0.4178
5.3140,0.0009,5.3464,2.2446,0.9794
0.8691,0.0005,1.1662,1.3979,0.9794
1.6373,0.0004,0.7734,1.6844,0.4046
5.0164,0.0007,4.7007,1.5305,0.4034
0.8422,0.0005,1.0934,1.2982,0.4034
1.1849,0.0007,0.7467,1.2453,0.4034
4.9989,0.0007,4.7895,1.8112,0.4201
1.0569,0.0008,1.1114,1.5775,0.4201
1.3581,0.0006,0.7912,1.3578,0.4201
5.2426,0.0007,4.9193,2.0984,0.4032
1.1084,0.0007,1.1544,1.7005,0.4032
1.2869,0.0008,0.7208,1.1498,0.4032
5.0912,0.0010,4.7110,2.1698,0.3993
1.0874,0.0007,1.2027,1.2101,0.3993
1.4001,0.0009,1.0025,1.7532,0.3993
5.0558,0.0007,4.9134,2.2366,0.4116
1.0597,0.0006,1.0881,1.6357,0.4116
1.7147,0.0007,0.6835,1.4847,0.4116
4.9765,0.0009,4.6889,2.1288,0.4228
0.9215,0.0006,1.1171,1.1887,0.4228
1.3561,0.0003,0.8102,1.5768,0.4228
5.1385,0.0007,4.9238,1.2674,0.4412
1.1138,0.0004,1.1146,1.7576,0.4412
1.4507,0.0006,0.7549,1.3311,0.4412
5.0708,0.0008,4.7253,2.2131,0.4111
1.3698,0.0007,1.2379,1.1358,0.4111
0.7454,0.0008,1.2095,1.4817,0.4103
5.2704,0.0008,4.8643,1.3345,0.4166
0.9396,0.0006,1.2433,1.3450,0.4166
0.9981,0.0005,0.7915,0.9877,0.4166
6.1917,0.0008,5.7962,1.8957,0.4042
0.9582,0.0004,1.2296,1.5745,0.4042
1.3019,0.0004,0.7422,1.1650,0.4042
5.2611,0.0009,4.9120,1.9118,0.6062
1.2836,0.0007,1.1691,1.8931,0.6062
1.4233,0.0008,0.7156,1.3474,0.6062
5.0439,0.0008,4.7496,2.2692,0.3918
0.8973,0.0003,1.1255,1.5011,0.3918
1.5556,0.0004,0.7203,1.4133,0.4128
5.3445,0.0008,5.0471,1.6711,0.3879
1.1049,0.0008,1.2173,1.7621,0.3879
1.4036,0.0004,0.7209,1.4082,0.3879
5.1650,0.0008,4.8040,1.7450,0.3972
1.2242,0.0006,1.1170,1.7926,0.3972
1.5398,0.0005,0.7376,1.4926,0.3953
5.1147,0.0008,4.7274,1.6518,0.4055
1.3404,0.0007,1.1596,1.8384,0.4055
1.5481,0.0004,0.8299,1.0431,0.4055
5.2113,0.0006,4.8612,2.1920,0.4036
1.2206,0.0006,1.1944,1.8737,0.4036
1.7387,0.0006,0.7289,1.6454,0.4249
5.8941,0.0007,5.5280,1.0320,0.4160
1.0930,0.0007,1.2546,1.6974,0.4160
1.6801,0.0008,0.8261,1.4349,0.4160
5.2115,0.0007,4.8933,2.0182,0.3982
1.2313,0.0009,1.2841,1.1438,0.3982
0.7073,0.0006,1.0506,1.2512,0.3982
4.9923,0.0007,4.6729,2.2441,0.4108
1.1131,0.0006,1.1860,1.2743,0.4108
1.7886,0.0006,0.9460,1.7215,0.4292
5.3247,0.0008,5.3618,1.8722,0.3978
0.9531,0.0008,1.2274,1.4728,0.3978
1.1999,0.0008,0.8310,1.1841,0.3978
5.0562,0.0007,4.6844,1.7352,0.4068
1.4552,0.0010,1.1300,1.9777,0.4068
1.8189,0.0011,0.9487,1.5714,0.6251
5.4830,0.0008,5.4750,1.7140,0.3999
1.1005,0.0008,1.2109,1.6869,0.3999
1.2350,0.0007,0.8833,1.2473,0.4180
5.0039,0.0008,4.7534,1.2271,0.4167
0.8570,0.0003,1.1251,1.4053,0.4167
1.7059,0.0006,0.7560,1.3922,0.4167
5.4038,0.0010,4.9457,2.5758,0.4001
1.3785,0.0008,1.3458,1.9856,0.4001
1.6307,0.0005,0.9697,1.6366,0.4082
5.2601,0.0009,5.0081,1.4042,0.4122
1.5781,0.0008,1.2173,2.0570,0.4122
1.3940,0.0010,1.0658,1.3031,0.4122
5.6920,0.0009,5.5855,2.1773,0.4052
1.1409,0.0009,1.3719,1.4468,0.4052
1.2242,0.0008,0.9854,1.3474,0.4158
5.2184,0.0009,5.2126,1.8794,0.3912
1.1651,0.0006,1.1736,1.8040,0.3912
1.5387,0.0006,0.7662,1.5175,0.3912
6.5624,0.0007,6.1735,1.6743,0.4423
1.5266,0.0006,1.1768,2.0521,0.4423
1.6363,0.0007,0.8830,1.6049,0.4330
5.5687,0.0008,5.3040,1.7587,0.4116
1.3031,0.0005,1.2695,2.0395,0.4116
1.6341,0.0004,0.8212,1.5807,0.4116
5.1836,0.0009,4.9675,2.0263,0.3928
1.2301,0.0006,1.1596,1.7944,0.3928
1.2872,0.0007,0.7546,1.0056,0.3928
5.1225,0.0008,4.7604,1.7736,0.4081
0.9888,0.0005,1.1829,1.5126,0.4081
1.7802,0.0007,0.8721,1.7306,0.4081
5.3170,0.0007,5.0639,1.9886,0.4226
0.9177,0.0008,1.1958,1.3300,0.4226
1.0945,0.0007,0.7973,1.2485,0.4226
5.4304,0.0010,4.9652,2.0721,0.4351
1.0761,0.0006,1.3031,1.6533,0.4351
1.5655,0.0007,0.9377,1.5672,0.4207
5.5183,0.0010,5.4603,1.5503,0.4189
1.4176,0.0005,1.2672,2.0661,0.4189
1.3270,0.0005,0.8479,1.3286,0.4189
5.2890,0.0009,4.9484,1.8144,0.4039
1.0395,0.0006,1.2724,1.6309,0.4039
1.5471,0.0005,0.8533,1.5356,0.4115
5.4667,0.0013,5.0697,1.9851,1.0009
0.9545,0.0006,1.2952,1.3770,1.0009
1.5078,0.0004,0.7940,1.6493,0.4137
5.9028,0.0007,5.5258,1.0719,0.4029
1.3889,0.0006,1.3118,1.9825,0.4029
1.5478,0.0005,1.0125,1.5475,0.4154
5.6912,0.0009,5.2451,1.4004,0.6327
1.1796,0.0008,1.5175,1.3705,0.6327
1.1655,0.0007,0.9741,1.6456,0.6327
5.3930,0.0007,5.0193,2.3428,0.4066
1.0429,0.0006,1.2170,1.6186,0.4066
1.3580,0.0005,0.8055,1.4347,0.4066
5.2032,0.0007,4.7689,1.9688,1.0906
1.2112,0.0009,1.1984,1.8626,1.0906
1.5095,0.0008,0.7429,1.4790,0.4066
5.0741,0.0007,4.7611,1.3364,0.4184
0.9158,0.0007,1.1810,1.2656,0.4184
1.3625,0.0007,0.7519,1.1345,0.4184
5.2427,0.0009,4.7989,2.0876,0.4203
1.0490,0.0007,1.2101,1.6853,0.4203
1.7256,0.0005,0.7706,1.7263,0.4331
4.8661,0.0007,4.5654,1.1744,0.3921
0.7711,0.0005,1.0171,1.1077,0.3921
1.3224,0.0006,0.6771,1.4974,0.3921
4.6277,0.0006,4.3166,1.5653,0.4139
1.1919,0.0006,0.9381,1.6091,0.4139
1.4807,0.0006,0.7729,1.4828,0.4139
4.8945,0.0005,4.7504,1.6892,0.4219
0.7528,0.0006,1.0094,1.2952,0.4219
1.3601,0.0005,0.6392,1.1166,0.4219
4.5006,0.0005,4.2024,2.1828,0.4030
1.2144,0.0004,0.9301,1.6889,0.4030
1.3248,0.0002,0.6933,1.3305,0.4149
5.2051,0.0009,4.6437,0.9376,0.4441
1.4107,0.0007,1.3749,0.9466,0.4441
0.6867,0.0006,1.2293,0.9466,0.4148
4.6298,0.0010,4.4539,1.7135,0.4157
0.7308,0.0006,0.9071,1.0002,0.4157
1.2540,0.0005,0.6551,1.4089,0.4101
4.6955,0.0008,4.3149,1.2775,0.4227
1.0906,0.0004,1.0393,1.6233,0.4227
1.3276,0.0005,0.6708,1.1740,0.4425
4.7668,0.0007,4.6341,1.5741,0.3992
0.7583,0.0006,1.0044,1.0153,0.3992
0.9589,0.0003,0.6864,1.2001,0.3992
4.7407,0.0007,4.4023,1.8823,0.4111
1.1923,0.0006,1.0231,1.2273,0.4111
0.9213,0.0009,1.1979,0.9892,0.4111
5.4824,0.0007,5.1766,2.2166,0.4347
0.9576,0.0003,1.1888,1.2369,0.4347
1.0264,0.0004,0.8115,1.1020,0.4347
5.4226,0.0008,4.8920,1.8347,0.4176
1.4153,0.0009,1.3015,2.0297,0.4176
1.7605,0.0007,0.8958,1.7035,0.4340
6.3326,0.0009,5.9715,1.9310,0.4612
0.9518,0.0006,1.3939,1.5272,0.4612
1.1493,0.0004,0.7706,1.2037,0.4612
4.6159,0.0006,4.4943,2.1525,0.4026
0.6942,0.0003,0.8349,0.9676,0.4026
0.9720,0.0003,0.6096,0.9226,0.4026
4.7195,0.0007,4.3649,1.5803,0.4226
0.7659,0.0005,1.0142,1.1179,0.4226
1.1715,0.0005,0.6715,1.0089,0.4226
4.3859,0.0004,4.2273,1.5093,0.4244
0.6225,0.0003,0.7990,0.8982,0.4244
1.3690,0.0003,0.5923,1.4867,0.4244
4.1405,0.0004,3.9541,1.0905,0.3934
0.7866,0.0006,0.7764,0.9997,0.3934
1.2156,0.0003,0.7642,1.3411,0.3934
4.8866,0.0007,4.5427,1.5135,0.4175
0.7507,0.0004,1.0471,1.0634,0.4175
1.2383,0.0003,0.6547,1.4825,0.4235
4.1768,0.0007,3.9979,0.9946,0.4058
0.6093,0.0003,0.7664,0.8757,0.4058
1.0669,0.0003,0.5752,1.0130,0.4058
4.3593,0.0008,4.0327,1.7054,0.4124
0.7796,0.0004,0.9907,1.0791,0.4124
1.0416,0.0003,0.7165,1.2363,0.4124
4.6808,0.0006,4.3805,1.4447,0.4155
0.9506,0.0004,0.9299,0.9966,0.4155
0.7238,0.0003,0.9045,0.8479,0.4155
5.6871,0.0006,5.3088,2.3302,0.4166
0.8507,0.0004,1.0932,1.1260,0.4166
1.0046,0.0004,0.7190,1.0389,0.4166
5.1488,0.0007,4.7861,2.1607,0.4353
1.1762,0.0006,1.1092,0.7605,0.4353
0.5904,0.0003,1.0603,0.7605,0.4249
4.3031,0.0004,4.1411,0.9128,0.3975
0.6414,0.0003,0.7587,0.9335,0.3975
1.1554,0.0004,0.5955,0.9206,0.3975
4.5334,0.0005,4.2485,1.6803,0.4237
0.7498,0.0003,1.0010,1.1845,0.4237
1.2911,0.0003,0.8893,1.2994,0.4640
4.8872,0.0006,4.8504,1.6490,0.4114
0.8629,0.0004,1.0796,1.0743,0.4114
1.1149,0.0005,0.9363,0.9601,0.4142
5.1340,0.0008,5.0239,1.5468,0.4146
0.8763,0.0008,1.1667,1.2565,0.4146
1.3262,0.0004,0.7635,1.4385,0.4146
6.2689,0.0007,5.9719,1.5395,0.4721
0.8129,0.0006,1.0962,1.1039,0.4721
0.9372,0.0004,0.7174,0.8522,0.4195
5.0987,0.0005,5.1976,1.4169,0.4108
0.9113,0.0002,0.8567,1.3412,0.4108
1.3302,0.0003,0.6218,1.3389,0.4108
4.9785,0.0006,4.6103,1.1294,1.0120
0.7268,0.0003,1.0446,1.2702,1.0120
1.3143,0.0005,0.6568,1.3320,0.4180
4.5921,0.0008,4.3332,1.1782,0.4000
0.6803,0.0004,0.8997,1.0416,0.4000
1.0709,0.0004,0.6181,0.9587,0.4000
5.5992,0.0006,5.3120,2.1790,0.4468
0.7589,0.0005,0.9977,1.2693,0.4468
1.2488,0.0005,0.7156,1.0755,0.4468
4.7891,0.0005,4.3641,1.4701,0.4150
0.7129,0.0004,1.2240,0.9513,0.4150
0.9137,0.0003,0.6952,0.8073,0.4150
4.4910,0.0006,4.5033,2.1623,0.4359
0.6611,0.0003,0.8877,0.9885,0.4359
1.0826,0.0003,0.6127,1.2008,0.4230
4.7351,0.0007,4.4800,1.2398,0.4361
0.7646,0.0004,1.0193,1.2574,0.4361
1.1786,0.0004,0.6998,1.1559,0.4139
4.4069,0.0006,4.2311,1.0450,0.4306
0.6667,0.0003,0.8195,0.9748,0.4306
0.9024,0.0003,0.6178,0.8263,0.4306
4.1595,0.0004,3.9446,1.7478,0.4130
0.6949,0.0004,0.8172,0.9269,0.4130
1.0528,0.0004,0.6381,1.0344,0.4130
5.4522,0.0006,5.1492,1.8251,0.4306
1.0569,0.0004,1.0229,1.5362,0.4306
1.1254,0.0004,0.6529,1.0026,0.4306
4.7358,0.0006,4.3789,1.4240,0.4090
0.9740,0.0005,1.0139,1.5360,0.4090
1.4104,0.0003,0.6786,1.4285,0.4295
4.9555,0.0007,4.6097,1.3314,0.4364
1.0985,0.0006,1.0399,1.5207,0.4364
1.0424,0.0004,0.7675,1.1255,0.4364
5.2730,0.0005,5.0675,1.3157,0.4272
0.6832,0.0003,0.8460,0.9408,0.4272
0.9093,0.0002,0.6130,1.0734,0.4272
4.3436,0.0008,4.0187,1.2359,0.4315
0.9932,0.0004,0.9312,1.4630,0.4315
1.0238,0.0004,0.7729,1.0507,0.4315
4.7550,0.0006,4.4969,1.3975,0.4290
0.8867,0.0009,1.0994,1.3958,0.4290
1.4338,0.0010,0.8128,1.2798,0.4290
4.7431,0.0005,4.6966,1.4294,0.3982
0.7260,0.0006,0.9060,0.9342,0.3982
0.8650,0.0005,0.6760,0.9216,0.3982
5.0031,0.0006,4.6644,1.6410,0.4668
0.8019,0.0004,1.0697,1.1038,0.4668
0.9716,0.0004,0.6709,0.9370,0.4668
5.3094,0.0007,5.1329,1.4818,0.4287
0.6611,0.0005,0.8252,0.9092,0.4287
1.0317,0.0004,0.5927,0.9391,0.4287
4.2935,0.0006,3.9454,1.5867,0.4382
0.7297,0.0005,0.9904,1.0587,0.4382
0.9848,0.0006,0.6612,1.0177,0.4396
4.3538,0.0008,4.2946,1.2896,0.4218
0.6805,0.0007,0.8524,0.9312,0.4218
0.7033,0.0004,0.6201,0.8392,0.4218
4.2421,0.0005,4.0100,1.2510,0.4347
0.6797,0.0004,0.8530,0.9354,0.4347
0.8137,0.0005,0.6435,0.8986,0.4347
4.4736,0.0007,4.1569,1.5990,0.4319
0.7238,0.0005,1.0007,1.1203,0.4319
0.7100,0.0005,0.6500,0.7880,0.4319
4.3151,0.0005,4.1443,1.2306,0.4308
0.6574,0.0004,0.7886,0.9246,0.4308
0.8086,0.0007,0.6900,0.8409,0.4308
4.1277,0.0005,4.0268,1.9295,0.4160
0.9305,0.0003,0.8034,0.9055,0.4160
0.7497,0.0003,0.9063,0.8449,0.4160
4.5856,0.0008,4.2800,1.5417,1.0034
0.7536,0.0004,0.9675,1.2525,1.0034
1.2447,0.0003,0.6360,1.2437,0.4054
4.2983,0.0005,4.0996,1.1353,0.4248
0.6183,0.0003,0.7900,0.9840,0.4248
1.0970,0.0003,0.5608,0.8524,0.4248
4.2343,0.0005,3.9855,1.5696,0.4096
0.6320,0.0003,0.8377,0.9452,0.4096
1.4220,0.0004,0.6016,1.4152,0.4389
5.7540,0.0012,5.4663,1.1386,0.4455
0.7943,0.0005,1.0609,1.0536,0.4455
0.7946,0.0005,0.6804,0.9289,0.4455
4.3869,0.0005,4.0981,1.5152,0.4192
1.1414,0.0004,0.9378,1.6393,0.4192
1.3072,0.0005,0.6356,1.1305,0.4192
4.7652,0.0005,4.4228,1.6357,0.4410
0.7556,0.0005,1.0308,1.1703,0.4410
1.1200,0.0004,0.6724,1.2780,0.4289
4.5581,0.0006,4.2749,1.4210,0.4393
0.7118,0.0006,0.8944,0.9798,0.4393
1.0272,0.0003,0.6210,1.0298,0.4393
4.8897,0.0007,4.5026,1.4324,0.4226
1.1975,0.0186,1.1075,1.0469,0.4226
1.0788,0.0007,1.1831,1.4600,0.4226
4.6876,0.0006,4.7784,0.8905,0.4173
0.6750,0.0005,0.9163,0.9876,0.4173
1.0350,0.0003,0.6333,0.9133,0.4173
4.4976,0.0007,4.1919,1.9073,0.4152
0.7206,0.0007,0.9476,1.0281,0.4152
0.9634,0.0005,0.6795,0.9466,0.4152
4.6060,0.0008,4.2810,1.9385,0.4305
0.7685,0.0005,1.0091,1.0903,0.4305
1.1414,0.0003,0.6417,1.0054,0.4305
4.9384,0.0007,4.6975,2.2035,0.4110
0.7033,0.0006,0.8733,1.1558,0.4110
1.0369,0.0007,0.6089,0.8677,0.4110
4.4358,0.0006,4.2055,1.5255,0.4103
0.8809,0.0006,0.8540,1.3241,0.4103
1.7505,0.0006,0.5984,1.6554,0.4203
4.8624,0.0008,4.6411,1.5944,0.4240
0.7427,0.0008,0.9651,0.9569,0.4240
0.9642,0.0004,0.6889,1.0033,0.4240
4.6705,0.0006,4.3966,2.0287,0.4157
0.8144,0.0004,0.9629,1.3288,0.4157
1.0208,0.0004,0.6547,1.0136,0.4157
4.9559,0.0008,4.5838,1.2495,0.4228
0.7886,0.0003,1.0862,1.1479,0.4228
1.2077,0.0003,0.6939,1.2144,0.4228
4.7428,0.0007,4.4694,2.0264,0.4172
0.7170,0.0005,0.9580,1.0120,0.4172
1.0861,0.0004,0.6917,1.0180,0.4172
4.6182,0.0008,4.5042,1.6784,0.4035
0.7862,0.0004,1.0309,1.1865,0.4035
1.1272,0.0005,0.7336,1.0161,0.4035
5.3227,0.0008,4.9066,2.4567,0.4356
0.9200,0.0008,1.2107,1.3673,0.4356
1.3213,0.0003,0.7688,1.3934,0.4187
4.7053,0.0004,4.5839,1.4101,0.4178
0.7183,0.0003,0.9047,0.9953,0.4178
0.6753,0.0003,0.6382,0.8237,0.4178
4.6240,0.0006,4.3112,1.3445,1.0420
0.8249,0.0004,0.9319,1.0299,1.0420
0.8770,0.0003,0.7956,0.8715,1.0420
4.4179,0.0004,4.2081,1.5668,0.4289
0.6806,0.0004,0.8675,0.9064,0.4289
0.8797,0.0003,0.6096,0.8385,0.4289
5.1836,0.0006,4.9655,1.4656,0.4270
0.6221,0.0003,0.8056,0.9530,0.4270
0.9884,0.0004,0.6148,0.7852,0.4270
4.8718,0.0006,4.8661,1.4334,0.4234
0.7753,0.0006,1.0723,1.0936,0.4234
0.8325,0.0005,0.6639,0.8686,0.4234
4.4091,0.0006,4.1765,1.4145,0.4175
0.8652,0.0005,0.8687,0.9156,0.4175
0.8374,0.0003,0.9215,0.8885,0.4175
4.3339,0.0006,4.2067,1.3793,0.4427
1.1996,0.0006,0.9733,1.1217,0.4427
0.7246,0.0004,1.1664,1.0648,0.4427
5.4085,0.0005,5.2620,1.5372,0.4066
0.7574,0.0003,0.8477,1.1551,0.4066
1.1525,0.0004,0.6307,0.9460,0.4066
4.2921,0.0006,4.0940,1.6464,0.4341
0.9056,0.0006,0.8216,0.8803,0.4341
0.7957,0.0004,0.8688,1.2235,0.4294
4.8232,0.0010,4.4748,1.1433,0.4403
0.7450,0.0004,1.0365,1.1766,0.4403
1.2142,0.0004,0.6513,1.0678,0.4403
4.9880,0.0006,4.8931,1.6405,0.4148
0.6188,0.0003,0.8130,0.9473,0.4148
1.4106,0.0003,0.5804,1.4699,0.4148
4.2167,0.0004,3.9216,1.7579,0.4062
0.8402,0.0005,0.9656,1.2392,0.4062
1.3712,0.0003,0.7039,1.3751,0.4062
5.4791,0.0005,5.2636,1.0656,0.4208
0.9039,0.0005,0.8757,0.9257,0.4208
0.8864,0.0003,0.8319,1.2985,0.4208
4.1685,0.0006,3.9565,1.2729,0.4304
0.6734,0.0004,0.7811,0.9206,0.4304
1.3997,0.0005,0.7139,1.1067,0.4304
4.8676,0.0006,4.6777,2.6682,0.4488
0.9313,0.0006,1.0193,1.4137,0.4488
1.1754,0.0003,0.6837,1.0200,0.4488
5.3013,0.0004,5.1336,2.0122,0.4200
0.7014,0.0002,0.8339,0.8815,0.4200
1.1808,0.0003,0.6311,1.3923,0.4169
4.5905,0.0006,4.2358,1.2491,0.4303
0.7297,0.0006,0.9997,1.0491,0.4303
0.8852,0.0003,0.6300,1.0043,0.4303
4.4155,0.0007,4.1789,1.3554,0.4376
0.6635,0.0005,0.8625,0.9652,0.4376
0.8853,0.0003,0.6179,0.8093,0.4376
5.3172,0.0006,5.0842,1.5330,0.4268
0.7352,0.0003,0.8757,1.1516,0.4268
1.1279,0.0003,0.6186,0.8831,0.4268
4.7670,0.0008,4.4230,1.8390,0.4253
1.1168,0.0008,1.0586,0.7644,0.4253
0.6286,0.0003,1.0355,0.7644,0.4077
5.0659,0.0004,4.9072,0.9695,0.4223
0.6472,0.0004,0.7741,0.9276,0.4223
1.1527,0.0006,0.6559,1.0221,0.4223
4.5097,0.0005,4.1856,1.3822,0.4328
0.7728,0.0003,1.0099,1.1777,0.4328
1.1964,0.0004,0.6830,1.2239,0.4665
4.4394,0.0008,4.3065,1.0416,0.4428
0.6623,0.0005,0.8389,0.9355,0.4428
1.0502,0.0002,0.6001,0.9984,0.4172
4.2520,0.0007,4.1901,1.5490,0.4414
0.7879,0.0005,0.8467,1.1667,0.4414
1.1910,0.0003,0.6124,0.9381,0.4414
4.6361,0.0010,4.3954,1.5140,0.4569
0.7106,0.0005,0.9901,1.0774,0.4569
1.1200,0.0003,0.6214,1.2421,0.4226
4.3964,0.0005,4.1814,0.9840,0.4222
0.6994,0.0005,0.8546,0.9245,0.4222
0.8930,0.0003,0.6287,0.8663,0.4222
4.3119,0.0005,4.1390,1.4208,0.4240
0.7465,0.0004,0.8290,1.1159,0.4240
1.3038,0.0005,0.6109,1.2832,0.4240
4.5449,0.0005,4.2845,1.0727,0.4490
0.9164,0.0004,0.9213,0.9925,0.4490
0.7968,0.0003,0.8420,1.1774,0.4379
4.2741,0.0008,4.0393,1.0422,0.4135
0.6482,0.0007,0.8361,0.9431,0.4135
0.9101,0.0004,0.6022,0.8030,0.4135
4.3864,0.0005,4.0930,1.5931,0.4106
0.7991,0.0004,0.9605,1.1123,0.4106
1.0928,0.0004,0.7189,1.0124,0.4106
4.5711,0.0006,4.4205,1.6657,0.4058
0.6838,0.0005,0.8571,0.9262,0.4058
1.0479,0.0005,0.6927,0.9431,0.4058
4.3821,0.0005,4.3702,1.7484,0.4265
0.6262,0.0004,0.8613,0.9443,0.4265
0.9935,0.0004,0.6570,0.9235,0.4265
4.3820,0.0006,4.3152,1.2017,0.4305
0.7569,0.0003,0.9600,1.1795,0.4305
1.2416,0.0007,0.6770,1.0218,0.4305
5.6496,0.0006,5.4078,1.6199,0.4234
1.2663,0.0004,0.9310,1.7246,0.4234
1.3522,0.0004,0.6690,1.2965,0.4116
5.8811,0.0006,5.4749,1.2814,0.4122
0.8077,0.0006,1.1787,1.2409,0.4122
1.0645,0.0003,0.6503,1.0246,0.4438
4.5969,0.0006,4.4713,1.4031,0.4225
1.1086,0.0005,0.9214,1.5532,0.4225
1.1629,0.0004,0.6708,1.1837,0.4225
4.7395,0.0007,4.4179,1.3820,0.4159
1.0356,0.0006,1.0263,1.3339,0.4159
1.1194,0.0006,0.9774,1.2868,0.4159
5.1210,0.0009,4.8738,1.6970,0.4166
0.7267,0.0004,1.0294,1.1543,0.4166
1.2882,0.0004,0.6766,1.0741,0.4166
4.6006,0.0005,4.4421,2.1745,0.4108
1.1257,0.0003,0.8908,1.5698,0.4108
1.1854,0.0005,0.6193,1.2018,0.4256
4.9539,0.0006,4.5250,1.6671,0.4126
0.8970,0.0004,1.1126,1.5650,0.4126
1.4539,0.0005,0.6662,1.4116,0.4126
4.7273,0.0007,4.4758,1.3724,0.4062
0.7460,0.0005,0.9791,1.0489,0.4062
0.8614,0.0002,0.6272,0.8499,0.4062
4.4879,0.0006,4.1478,1.7440,0.3919
0.7908,0.0005,0.9758,1.1296,0.3919
1.4032,0.0006,0.8091,1.1687,0.3919
4.8407,0.0005,4.9559,1.8262,0.4251
1.2393,0.0003,0.9662,1.7567,0.4251
1.0170,0.0002,0.6210,0.7838,0.4251
4.5427,0.0009,4.3570,1.7321,0.4215
1.1505,0.0005,0.8666,1.5873,0.4215
1.2393,0.0004,0.6119,1.1417,0.4215
5.2727,0.0009,4.9014,1.6599,0.4564
0.8222,0.0005,1.1132,1.4076,0.4564
1.2486,0.0005,0.6957,1.2731,0.4272
4.4055,0.0005,4.2128,1.1105,0.4261
0.6712,0.0003,0.8195,0.9028,0.4261
0.8445,0.0003,0.6093,0.7907,0.4206
4.2766,0.0009,4.1985,1.3456,0.4078
0.7835,0.0007,0.8636,1.1400,0.4078
1.2375,0.0008,0.6938,1.2223,0.4078
4.7750,0.0007,4.8742,1.4621,0.4450
0.9606,0.0006,0.9837,0.9928,0.4450
0.5793,0.0003,0.8711,0.7792,0.4450
4.3661,0.0008,4.0882,1.3832,0.4280
0.6522,0.0003,0.8879,0.8990,0.4280
0.8324,0.0003,0.6041,0.9316,0.4280
4.8713,0.0007,4.4897,1.3620,0.4153
0.7945,0.0006,1.0492,1.1550,0.4153
0.9840,0.0005,0.6871,1.1842,0.4153
4.9445,0.0006,4.7454,1.1308,0.4210
0.6579,0.0003,0.8064,0.9329,0.4210
0.9945,0.0003,0.5819,1.0256,0.4210
4.1328,0.0004,3.9208,1.1610,0.4438
0.6400,0.0005,0.8140,0.8675,0.4438
0.9711,0.0004,0.6331,0.9786,0.4438
6.1803,0.0007,5.7320,1.6832,0.4405
0.7581,0.0003,1.1173,1.0735,0.4405
0.7965,0.0003,0.6567,0.9481,0.4405
4.3777,0.0006,4.1654,1.4642,0.4141
1.1329,0.0003,0.8093,1.5100,0.4141
1.3781,0.0204,0.6074,1.0496,0.4226
5.3621,0.0009,5.2262,1.3168,0.4363
1.0787,0.0005,1.1011,1.7369,0.4363
1.1864,0.0003,0.6683,0.9805,0.4363
4.5024,0.0005,4.3091,1.6653,0.4138
0.7017,0.0004,0.8025,1.1059,0.4138
1.1099,0.0003,0.5695,0.9148,0.4138
4.5125,0.0007,4.2188,1.5287,0.4052
1.0802,0.0005,0.9543,1.4868,0.4052
1.1109,0.0005,0.7418,1.1388,0.4052
4.5447,0.0006,4.3445,1.2404,0.4152
0.6673,0.0005,0.8877,1.0845,0.4152
1.0347,0.0006,0.6580,0.8697,0.4152
4.2938,0.0006,4.1918,1.8967,0.4237
0.7256,0.0005,0.8889,1.1437,0.4237
0.9554,0.0003,0.7064,0.9703,0.4237
5.0290,0.0007,4.5167,1.5784,0.4039
0.9786,0.0005,1.2126,1.1578,0.4039
0.7299,0.0003,0.8588,1.1057,0.4039
4.4557,0.0006,4.2888,1.7071,0.4433
0.6167,0.0005,0.7761,0.9359,0.4433
1.1163,0.0003,0.5588,0.9102,0.4433
4.3722,0.0006,4.1236,2.0723,0.4110
0.7115,0.0006,0.8797,0.9644,0.4110
0.9750,0.0004,0.6202,0.9196,0.4110
4.5889,0.0006,4.2887,1.9678,0.4574
0.7315,0.0005,0.9424,0.9837,0.4574
1.2920,0.0004,0.6371,1.5143,0.4259
4.6722,0.0006,4.2723,1.0711,0.4136
0.7361,0.0005,1.0528,1.1061,0.4136
0.9037,0.0003,0.6598,0.8530,0.4136
4.6428,0.0006,4.2540,1.5185,0.4167
0.8336,0.0004,1.1137,1.2038,0.4167
1.1004,0.0004,0.7262,1.0618,0.4167
4.5350,0.0005,4.4668,1.3640,0.4264
0.6539,0.0003,0.8035,0.9374,0.4264
1.0994,0.0004,0.6095,1.0060,0.4264
4.5842,0.0003,4.3315,1.9138,0.4533
0.7056,0.0003,0.8832,1.1119,0.4533
1.0519,0.0003,0.6059,1.2736,0.4312
4.4325,0.0008,4.1243,1.5294,1.1283
0.7236,0.0005,0.9327,1.0000,1.1283
0.8422,0.0003,0.6384,0.8107,1.1283
4.4688,0.0006,4.2350,1.7467,0.4380
0.8895,0.0006,0.8800,0.9318,0.4380
0.7040,0.0003,0.8487,0.9136,0.4380
4.3179,0.0005,4.1109,1.8686,0.4282
0.6795,0.0005,0.8395,0.9151,0.4282
1.2654,0.0004,0.6040,1.2721,0.4282
4.9842,0.0008,4.7786,1.4133,0.4218
0.8084,0.0009,1.0676,1.0393,0.4218
1.0335,0.0006,0.6649,0.9168,0.4218
4.5096,0.0006,4.2805,1.8767,0.4188
0.7073,0.0004,0.8562,1.1105,0.4188
1.3542,0.0004,0.6435,1.3431,0.4236
4.5298,0.0006,4.1992,1.1469,0.4201
0.7397,0.0002,1.0634,1.1120,0.4201
1.4936,0.0003,0.6341,1.6635,0.4418
4.7295,0.0006,4.3684,0.9402,0.6635
0.7741,0.0006,1.0166,1.1923,0.6635
1.1247,0.0003,0.6700,1.0033,0.6635
4.3685,0.0005,4.2204,1.5760,0.4444
0.6211,0.0002,0.7937,0.9388,0.4444
1.1255,0.0003,0.5747,0.9709,0.4444
4.9131,0.0008,4.5425,2.2485,0.4330
0.8352,0.0007,1.0775,1.2796,0.4330
0.8591,0.0003,0.7025,0.9619,0.4330
4.9192,0.0007,4.5402,1.4470,0.4032
1.2245,0.0004,1.0512,1.7729,0.4032
1.0932,0.0004,0.7005,1.0543,0.4032
4.9220,0.0008,4.5691,1.8578,0.4094
1.0070,0.0005,1.0834,1.4496,0.4094
1.1627,0.0004,0.9405,1.2901,0.4094
5.5203,0.0005,5.2179,1.7423,0.4302
0.7382,0.0004,1.0048,1.2548,0.4302
1.2720,0.0004,0.6469,1.2891,0.4302
6.1290,0.0007,5.4355,1.6724,0.4163
1.0959,0.0006,1.4367,1.8086,0.4163
1.6345,0.0005,0.8421,1.5691,0.4297
4.9508,0.0007,4.8102,1.3239,0.4067
1.0300,0.0005,1.0269,1.5561,0.4067
1.2923,0.0005,0.7087,1.0355,0.4067
5.2874,0.0010,4.9246,2.1217,0.4174
1.2040,0.0015,1.2725,1.7313,0.4174
1.7159,0.0009,1.0650,1.6810,0.4174
5.3073,0.0008,5.3033,1.7200,0.4096
0.8154,0.0004,1.1494,1.3394,0.4096
1.1805,0.0004,0.7930,1.1535,0.4096
4.9603,0.0008,4.8216,2.2210,0.4045
0.8083,0.0007,1.0585,1.1110,0.4045
1.2456,0.0005,0.7588,1.4438,0.4045
6.3793,0.0007,6.0173,2.1672,0.4327
0.8231,0.0005,1.2481,1.1880,0.4327
0.9909,0.0006,0.6997,0.9955,0.4178
4.9114,0.0006,4.6660,1.4988,0.4095
0.7867,0.0005,1.0315,1.1015,0.4095
0.9428,0.0004,0.6774,1.0934,0.4095
4.9631,0.0007,4.5877,1.5134,0.4367
0.7556,0.0004,1.0724,1.1560,0.4367
1.2242,0.0004,0.7506,1.0757,0.4367
5.0598,0.0008,4.7224,2.2487,0.4192
0.8042,0.0005,1.1203,1.3396,0.4192
1.2315,0.0005,0.6871,1.0700,0.4192
4.9963,0.0007,4.5949,1.6184,0.4152
1.4220,0.0009,1.1487,0.9258,0.4152
0.7332,0.0007,1.3683,0.9258,0.4381
5.2847,0.0008,5.0104,1.7592,0.4041
0.8045,0.0006,1.0433,1.0842,0.4041
0.8676,0.0004,0.6849,1.0517,0.4041
4.9126,0.0008,4.5619,1.3668,0.4251
0.7712,0.0005,1.0796,1.3558,0.4251
1.3026,0.0004,0.6826,1.2121,0.4251
5.1640,0.0010,4.8977,1.6528,0.4569
1.0018,0.0006,1.0561,1.0545,0.4569
0.5814,0.0005,0.8802,0.8589,0.4569
4.6394,0.0007,4.2694,1.8932,0.4293
0.7758,0.0007,1.0198,1.0510,0.4293
1.1427,0.0005,0.7447,1.0933,0.4293
5.2858,0.0009,4.8478,1.8706,0.4372
0.9136,0.0009,1.2394,1.4043,0.4372
1.5387,0.0004,0.8014,1.6388,0.4325
5.0936,0.0007,4.7931,1.2156,0.4150
1.0205,0.0008,1.1049,1.5616,0.4150
1.3953,0.0007,0.7889,1.1086,0.4150
5.4771,0.0006,5.1768,2.3354,0.4377
1.0239,0.0007,1.3863,1.7805,0.4377
1.0858,0.0005,0.8921,0.9552,0.4377
6.1879,0.0007,5.8640,1.8779,0.4259
1.1145,0.0009,1.3006,1.3602,0.4259
0.9205,0.0007,1.0113,1.0913,0.4259
4.8254,0.0007,4.5875,1.9429,0.4146
1.0530,0.0007,1.2046,1.1540,0.4146
1.3776,0.0011,0.8531,1.5833,0.4146
5.1246,0.0011,4.9321,0.9887,0.4446
0.8157,0.0007,1.1079,1.3048,0.4446
1.4760,0.0005,0.7691,1.5791,0.4446
5.3318,0.0073,4.8905,2.0284,0.4124
1.1725,0.0007,1.2338,1.7967,0.4124
1.3244,0.0006,0.8146,1.0299,0.4124
5.3842,0.0012,5.0716,2.3081,0.4162
1.0143,0.0007,1.2115,1.6384,0.4162
1.5364,0.0006,0.7730,1.4875,0.4274
4.9964,0.0006,4.7306,1.4488,0.4195
0.8016,0.0003,1.0832,1.2843,0.4195
1.2441,0.0003,0.6830,1.3354,0.4195
6.6327,0.0007,6.0251,1.9291,0.4397
1.0431,0.0009,1.3409,1.7663,0.4397
1.3823,0.0006,0.8439,1.0183,0.4397
5.2081,0.0007,4.9815,1.7938,0.4155
0.8062,0.0005,1.1244,1.3438,0.4155
1.5658,0.0006,0.7140,1.5467,0.4237
4.9928,0.0008,4.6630,1.4799,0.4517
0.8094,0.0006,1.1114,1.4051,0.4517
1.2195,0.0009,0.7234,0.9576,0.4517
5.2501,0.0007,4.8802,1.7394,0.4088
0.8202,0.0005,1.1635,1.2376,0.4088
1.2982,0.0005,0.7175,1.4602,0.4088
5.1575,0.0012,4.7092,1.8165,0.4200
1.2029,0.0008,1.3282,1.4551,0.4200
1.1417,0.0003,0.9663,1.4446,0.4326
5.3233,0.0007,4.9586,1.2335,0.4133
1.0637,0.0008,1.2074,1.6350,0.4133
1.2533,0.0004,0.9187,1.0389,0.4133
4.9257,0.0007,4.8539,2.3459,0.4273
1.0973,0.0006,1.1724,1.2571,0.4273
1.2143,0.0007,0.9926,1.3638,0.4273
5.2026,0.0007,5.1251,2.3981,0.4105
1.0846,0.0006,1.1432,1.7019,0.4105
1.4099,0.0006,0.7182,1.0386,0.4105
5.1267,0.0006,4.7051,2.2293,0.4454
0.7715,0.0005,1.1678,1.2110,0.4454
1.2523,0.0006,0.6722,1.3890,0.4454
5.2428,0.0007,4.8665,1.6900,0.4207
0.8497,0.0007,1.1432,1.4452,0.4207
1.3774,0.0005,0.7551,1.2551,0.4207
4.9740,0.0008,4.6534,2.2186,0.4164
1.0715,0.0006,1.1272,1.0887,0.4164
1.0331,0.0005,0.9156,1.3976,0.4173
5.4243,0.0007,4.9749,1.8560,0.4463
0.8556,0.0005,1.2314,1.3950,0.4463
1.1070,0.0007,0.7882,1.0460,0.4463
5.0851,0.0009,4.8017,1.9034,0.4193
0.8820,0.0006,1.1738,1.2603,0.4193
1.1032,0.0005,0.7205,1.1178,0.4193
5.2436,0.0009,4.8511,2.1822,0.4166
1.0585,0.0006,1.1929,1.6289,0.4166
1.3527,0.0008,0.8720,1.1801,0.4166
5.0202,0.0006,4.8085,2.1378,0.4053
1.1917,0.0006,1.1251,1.7238,0.4053
1.1922,0.0004,0.7504,1.2479,0.4053
4.9126,0.0007,4.6072,1.8267,0.4302
1.3079,0.0203,1.0617,1.6287,0.4302
1.0613,0.0006,1.0218,1.0967,0.4302
5.0474,0.0007,4.8505,2.1313,0.4227
1.3609,0.0005,1.0900,1.8696,0.4227
1.7155,0.0008,0.7544,1.6853,0.4354
5.0013,0.0006,4.7539,1.3566,0.4289
0.8463,0.0005,1.1340,1.3007,0.4289
1.6543,0.0005,0.7212,1.7141,0.4217
5.2669,0.0010,4.8857,1.5530,0.4194
1.2533,0.0008,1.1816,1.8633,0.4194
1.1678,0.0006,0.7312,1.1798,0.4194
5.1911,0.0011,4.6468,2.0784,0.4358
0.8718,0.0007,1.3343,1.2191,0.4358
1.1002,0.0004,0.7221,1.4048,0.4358
5.2151,0.0009,4.7842,1.8336,0.4216
1.2903,0.0006,1.1979,1.8470,0.4216
1.1849,0.0005,0.7388,1.0323,0.4216
5.0679,0.0009,4.7405,2.0818,0.4271
1.2666,0.0007,1.1273,1.7418,0.4271
1.2099,0.0007,0.8529,0.9175,0.4271
5.3351,0.0011,5.0054,2.3319,0.4259
0.9034,0.0007,1.2188,1.3010,0.4259
1.3554,0.0004,0.7660,1.2806,0.4259
5.1249,0.0007,4.8717,1.6631,0.4162
0.8679,0.0006,1.1271,1.1848,0.4162
1.2968,0.0009,0.7241,1.5056,0.4162
5.3079,0.0011,4.8291,1.8001,0.4092
1.3318,0.0007,1.2864,1.3205,0.4092
1.1667,0.0005,1.2384,1.8547,0.4458
5.1213,0.0007,4.7865,1.7132,0.4304
0.8507,0.0005,1.1398,1.2288,0.4304
1.2180,0.0004,0.7354,1.4465,0.4304
5.3305,0.0009,4.8805,1.4098,0.4199
0.8448,0.0005,1.1887,1.2530,0.4199
1.4343,0.0007,0.9412,1.6206,0.4199
5.3432,0.0006,5.2761,1.6203,0.4115
0.9842,0.0007,1.1490,1.5906,0.4115
1.2319,0.0009,0.7636,0.9892,0.4115
5.2515,0.0008,4.8832,1.5116,0.4394
1.2469,0.0007,1.2041,1.8531,0.4394
1.2215,0.0007,0.8478,1.0925,0.4394
5.2596,0.0009,4.9958,1.5297,0.4286
1.2931,0.0008,1.1369,1.8578,0.4286
1.9061,0.0007,0.8530,1.8153,0.4156
5.1094,0.0009,4.9468,1.4857,0.4141
0.8575,0.0004,1.1406,1.3381,0.4141
1.1048,0.0004,0.7608,1.2022,0.4141
5.3614,0.0013,5.0883,1.6803,0.4464
0.9200,0.0004,1.1859,1.5391,0.4464
1.4244,0.0004,0.7574,1.3744,0.4464
5.1857,0.0008,4.7837,1.8103,0.4260
0.8629,0.0008,1.2228,1.2713,0.4260
1.4333,0.0007,0.7671,1.6629,0.4199
5.3038,0.0009,5.0781,1.3618,0.4479
1.3622,0.0005,1.1856,1.9365,0.4479
1.1829,0.0005,0.7808,0.8981,0.4479
5.2996,0.0008,4.9022,2.3305,0.4157
1.2353,0.0006,1.1991,1.7462,0.4157
1.6084,0.0008,0.8386,1.6776,0.4167
5.2233,0.0008,4.8667,1.1354,0.4168
1.3235,0.0005,1.1846,1.9016,0.4168
1.5764,0.0005,0.7126,1.4299,0.4168
5.1634,0.0007,4.8594,2.2188,0.4007
1.2051,0.0005,1.1551,1.8192,0.4007
1.4163,0.0005,0.7614,1.3779,0.4007
5.3316,0.0007,4.8099,2.0606,0.4032
1.0025,0.0005,1.3818,1.4109,0.4032
1.5255,0.0007,0.8456,1.7702,0.4366
5.4093,0.0007,5.2691,1.3593,0.4141
1.2574,0.0006,1.1908,1.9013,0.4141
1.3258,0.0006,0.7754,1.1639,0.4141
5.2601,0.0010,4.8597,1.6565,0.4128
1.4770,0.0006,1.3456,1.4004,0.4128
1.5743,0.0006,1.5701,1.6229,0.4432
5.2720,0.0007,5.4341,1.4901,0.4207
1.0712,0.0007,1.2465,1.1893,0.4207
0.8984,0.0008,0.9719,1.0828,0.4207
5.0867,0.0008,4.7072,2.2873,0.4208
0.9241,0.0005,1.0921,1.2041,0.4208
1.1786,0.0004,0.8939,1.3836,0.4208
5.3822,0.0007,5.1345,2.4685,0.4193
0.8688,0.0008,1.1708,1.1813,0.4193
0.9169,0.0005,0.7229,0.9851,0.4193
5.0523,0.0006,4.6705,2.1852,0.4402
0.8077,0.0006,1.1065,1.3359,0.4402
1.6834,0.0004,0.6795,1.6318,0.4359
5.5208,0.0008,5.1736,1.9186,0.4358
0.7780,0.0004,1.1109,1.3534,0.4358
1.5224,0.0008,0.6655,1.4938,0.4378
5.0132,0.0008,4.6498,1.5971,0.4218
1.1958,0.0003,1.0939,1.7699,0.4218
1.2865,0.0004,0.6993,1.3172,0.4218
5.4693,0.0008,5.0084,2.1523,1.0634
1.2506,0.0007,1.2126,1.8594,1.0634
1.3599,0.0009,0.8357,1.0783,1.0634
5.1256,0.0008,4.7768,1.9692,0.4240
1.3577,0.0007,1.0904,1.9274,0.4240
1.5555,0.0006,0.7098,1.5243,0.4240
5.5451,0.0008,5.1795,1.2910,0.4244
0.8503,0.0004,1.2148,1.3305,0.4244
1.3433,0.0005,0.7332,1.3075,0.4244
5.1340,0.0009,4.7903,1.9415,0.4533
0.8359,0.0008,1.1118,1.1146,0.4533
0.9488,0.0006,0.7286,1.0954,0.4533
5.2999,0.0009,5.0073,2.0689,0.4254
1.0152,0.0006,1.3219,1.6220,0.4254
1.3778,0.0006,0.8811,1.0578,0.4254
5.1812,0.0010,4.7762,2.2391,0.4199
0.9223,0.0007,1.2375,1.2820,0.4199
1.2586,0.0006,0.7969,1.3748,0.4199
5.6133,0.0009,5.3215,1.9876,0.4040
1.2224,0.0009,1.3075,1.9010,0.4040
1.5706,0.0006,0.9721,1.5482,0.4040
5.1185,0.0007,4.9370,1.6625,0.4135
1.2118,0.0007,1.0798,1.7605,0.4135
1.3885,0.0005,0.6991,1.3301,0.4135
5.1115,0.0008,4.7553,1.5982,0.4178
0.7582,0.0005,1.0769,1.2173,0.4178
1.1081,0.0004,0.6825,1.2253,0.4178
5.0096,0.0007,4.6359,1.4323,0.4142
1.2585,0.0006,1.1072,1.7631,0.4142
1.5599,0.0003,0.7103,1.5734,0.4185
4.9579,0.0006,4.6109,0.9770,0.4181
0.9802,0.0003,1.0198,1.5070,0.4181
1.3984,0.0003,0.6848,1.1378,0.4181
4.9757,0.0007,4.6288,1.6972,0.4397
0.8139,0.0005,1.0980,1.2156,0.4397
1.4197,0.0004,0.6813,1.4266,0.4364
4.8376,0.0008,4.6405,1.4092,0.4139
1.1390,0.0005,1.0050,1.6406,0.4139
1.1186,0.0003,0.6478,0.9161,0.4139
4.7279,0.0008,4.3788,1.6727,0.4082
1.0203,0.0006,1.0792,1.5497,0.4082
1.3896,0.0005,0.6784,1.3782,0.4082
5.3052,0.0007,4.9390,1.6541,0.4220
0.8023,0.0005,1.0541,1.3985,0.4220
1.2642,0.0003,0.6890,1.2758,0.4220
4.6684,0.0006,4.3758,1.3538,0.4149
0.9679,0.0006,0.9711,1.1939,0.4149
1.1282,0.0005,0.8806,1.1394,0.4149
5.0768,0.0006,4.8067,1.8442,0.4319
1.1601,0.0005,1.1077,1.0746,0.4319
1.0811,0.0005,1.2374,0.8734,0.4214
4.6327,0.0005,4.6682,1.0779,0.4206
0.9714,0.0006,0.8443,1.4289,0.4206
1.0896,0.0003,0.6982,0.9131,0.4206
5.1272,0.0008,4.8599,1.6901,0.4281
0.8229,0.0006,1.1404,1.2203,0.4281
0.8958,0.0004,0.6836,1.0857,0.4281
4.7602,0.0007,4.4215,1.2943,0.4355
0.9669,0.0004,0.9934,1.0325,0.4355
0.9687,0.0005,1.0117,0.8971,0.4346
4.7580,0.0007,4.6431,1.4114,0.4195
1.1448,0.0007,1.1349,1.1749,0.4195
0.8550,0.0005,1.1138,1.1981,0.4195
4.8886,0.0008,4.6727,1.8909,0.4452
0.7599,0.0005,1.0109,1.1917,0.4452
1.1826,0.0004,0.6730,1.2145,0.4287
4.7647,0.0006,4.4144,1.1105,0.3994
0.9058,0.0004,1.0277,1.1673,0.3994
1.0385,0.0003,0.8296,1.1084,0.3994
5.3206,0.0010,4.7724,2.0886,0.4455
0.8921,0.0007,1.2965,1.2847,0.4455
1.1713,0.0006,0.7868,1.4095,0.4426
4.7787,0.0006,4.6350,1.4553,0.4245
0.6596,0.0003,0.8949,0.9294,0.4245
0.9887,0.0003,0.6181,1.0539,0.4312
4.6828,0.0010,4.3646,1.2212,0.4371
1.2690,0.0006,1.1997,1.1709,0.4371
0.6952,0.0004,1.1245,0.9768,0.4606
4.6933,0.0007,4.5026,1.4286,0.4362
0.6886,0.0007,0.8799,0.9604,0.4362
1.0432,0.0006,0.7269,0.9754,0.4362
4.3428,0.0006,4.3612,1.5866,0.4062
0.6641,0.0003,0.8176,0.9204,0.4062
0.7020,0.0003,0.6575,0.7927,0.4062
4.3787,0.0011,4.0258,1.2191,1.0508
0.7923,0.0008,0.9985,1.1720,1.0508
1.2211,0.0006,0.6930,1.0427,1.0508
5.0796,0.0007,4.9744,1.7439,0.4058
0.8009,0.0007,1.1546,1.1507,0.4058
0.8784,0.0004,0.6935,0.9808,0.4058
4.5346,0.0006,4.3418,1.3357,0.4254
0.6341,0.0003,0.7930,0.9300,0.4254
1.2130,0.0005,0.6111,1.2595,0.4254
4.8617,0.0006,4.6576,1.3279,0.4303
0.7019,0.0004,0.9710,0.9906,0.4303
0.8732,0.0003,0.6102,0.8458,0.4303
4.3448,0.0005,4.1069,1.6131,0.4337
0.6771,0.0005,0.8678,0.9435,0.4337
0.6861,0.0004,0.6149,0.8217,0.4337
4.3744,0.0006,4.0345,1.1595,0.4362
1.0578,0.0005,1.0441,1.5528,0.4362
1.0842,0.0005,0.6930,0.8866,0.4362
5.4437,0.0006,5.2075,1.5762,0.4300
0.6792,0.0005,0.8864,0.9933,0.4300
0.8417,0.0004,0.6229,0.8434,0.4300
4.1744,0.0006,4.0057,1.8808,0.4327
0.6761,0.0005,0.8108,0.8929,0.4327
0.9682,0.0003,0.5926,0.9037,0.4327
4.7663,0.0008,4.4173,1.8625,0.4349
0.7725,0.0007,1.0349,1.0424,0.4349
0.8210,0.0006,0.6887,1.0172,0.4349
4.3558,0.0008,4.1514,1.3080,0.4360
0.6821,0.0004,0.8389,0.9225,0.4360
0.9977,0.0003,0.6346,0.8936,0.4360
4.2740,0.0006,4.0365,1.3922,0.4402
0.6481,0.0003,0.8531,0.9967,0.4402
1.0762,0.0005,0.6036,1.1223,0.4402
4.9092,0.0007,4.6159,1.4667,0.4429
0.7379,0.0006,0.9907,1.2401,0.4429
1.4416,0.0006,0.6493,1.4371,0.4419
4.2829,0.0008,4.0984,1.3391,0.4435
0.6820,0.0005,0.8238,0.9129,0.4435
0.9197,0.0005,0.6217,0.8607,0.4435
4.7224,0.0006,4.3092,1.4782,0.4442
0.8748,0.0005,1.0901,1.4259,0.4442
0.9390,0.0005,0.6805,0.9670,0.4268
4.3856,0.0006,4.2094,1.1074,0.4341
0.6314,0.0003,0.7773,0.9046,0.4341
0.7797,0.0003,0.5730,0.7883,0.4341
4.1969,0.0006,3.9956,1.4180,0.4371
0.7042,0.0004,0.8410,0.9114,0.4371
1.0405,0.0005,0.6400,1.0178,0.4371
4.9461,0.0006,4.5999,1.7082,1.0625
1.1827,0.0006,0.9859,1.5761,1.0625
0.9623,0.0004,0.8165,0.8463,1.0625
4.3793,0.0005,4.1562,1.6074,0.4221
0.7942,0.0004,0.8486,1.1781,0.4221
1.3274,0.0004,0.6633,1.3082,0.4282
4.9614,0.0009,4.4932,1.3894,0.4211
1.2679,0.0008,1.2700,1.1990,0.4211
0.7180,0.0003,1.1952,1.1258,0.4211
4.5199,0.0008,4.3764,1.4258,0.4341
0.6346,0.0003,0.7995,0.9310,0.4341
1.0156,0.0003,0.6407,0.9265,0.4341
4.4005,0.0006,4.2232,1.5554,0.4183
1.2181,0.0005,0.9108,1.6124,0.4183
1.0632,0.0003,0.6406,1.1105,0.4183
5.9819,0.0006,5.6546,1.8827,1.0645
0.6945,0.0003,0.9548,0.9715,1.0645
1.1011,0.0003,0.6121,1.3189,0.4394
4.2014,0.0004,3.9636,1.5257,0.4235
0.7377,0.0004,0.8599,0.9529,0.4235
0.9600,0.0004,0.6604,0.9357,0.4235
4.5419,0.0006,4.2606,1.6650,0.4108
0.8097,0.0006,0.9816,1.2036,0.4108
1.3791,0.0005,0.7329,1.2974,0.4108
4.5800,0.0005,4.4120,1.7364,0.4259
0.8807,0.0005,0.8523,0.9705,0.4259
0.8161,0.0005,0.8276,0.7320,0.4259
4.3977,0.0005,4.4422,1.5763,0.4062
0.6290,0.0003,0.8023,0.9248,0.4062
0.8883,0.0003,0.5852,0.9943,0.4062
4.4300,0.0007,4.1077,1.3089,0.4232
0.6862,0.0004,0.9317,1.0336,0.4232
1.0428,0.0003,0.6047,0.8946,0.4232
4.3611,0.0007,4.0755,1.7228,0.4484
0.8151,0.0006,1.0089,1.1094,0.4484
1.0696,0.0005,0.6641,1.0930,0.4484
4.5815,0.0006,4.4272,1.3099,0.4332
0.9623,0.0005,0.9717,0.9395,0.4332
1.1452,0.0005,0.8316,1.5438,0.4283
4.7583,0.0006,4.4942,1.4448,0.4483
0.9160,0.0003,0.9551,0.9592,0.4483
0.8101,0.0003,0.8229,1.1448,0.4483
4.3636,0.0005,4.2192,1.2961,0.4384
0.6520,0.0002,0.8198,0.9207,0.4384
1.1141,0.0003,0.6853,0.9024,0.4384
4.2120,0.0008,4.0154,1.6469,0.4468
0.7764,0.0005,0.8988,1.1818,0.4468
1.6080,0.0005,0.6399,1.6143,0.4710
4.6127,0.0006,4.4010,1.0775,0.4163
0.6534,0.0003,0.8466,0.9683,0.4163
1.0659,0.0002,0.5774,1.0576,0.4163
4.2889,0.0006,4.0339,1.4833,0.4607
0.6680,0.0004,0.8523,0.9362,0.4607
0.8207,0.0004,0.6015,0.8752,0.4607
4.8131,0.0008,4.3811,1.6477,1.0409
0.8039,0.0005,1.1417,1.1378,1.0409
1.1414,0.0005,0.7071,1.4202,1.0409
4.5465,0.0006,4.3402,1.4773,0.4152
0.6855,0.0007,0.8457,0.9816,0.4152
0.9585,0.0003,0.6422,0.9024,0.4152
4.1474,0.0005,3.9584,1.4497,0.4173
0.6371,0.0004,0.7967,0.9321,0.4173
0.9590,0.0003,0.6093,0.9044,0.4173
4.8508,0.0006,4.5440,1.7135,0.4545
0.7392,0.0003,1.0244,1.0366,0.4545
1.0251,0.0003,0.6338,1.0982,0.4380
4.7711,0.0006,4.5866,1.3039,0.4291
0.9747,0.0004,1.0128,1.0872,0.4291
0.7766,0.0003,0.9124,1.1271,0.4291
4.6023,0.0007,4.1630,1.3699,0.4228
0.7869,0.0004,1.1218,1.0954,0.4228
0.8740,0.0003,0.6717,1.1918,0.4228
4.4472,0.0008,4.2545,1.2934,0.4320
0.6590,0.0003,0.7814,0.9319,0.4320
0.9760,0.0003,0.6434,1.0305,0.4320
4.2067,0.0006,4.0094,1.6520,0.4343
0.6478,0.0004,0.8154,0.9183,0.4343
1.0485,0.0003,0.5836,1.1757,0.4343
4.5974,0.0007,4.4157,1.7220,0.4399
0.7393,0.0005,0.9658,1.0375,0.4399
1.0935,0.0004,0.6648,1.2919,0.4399
4.3188,0.0005,4.1387,1.3711,0.4315
0.6532,0.0005,0.7967,0.8852,0.4315
1.0725,0.0004,0.6046,1.0303,0.4315
5.3210,0.0006,5.0971,1.5670,0.4297
1.0570,0.0008,0.9818,1.4489,0.4297
1.2151,0.0004,0.8220,0.8334,0.4297
4.6037,0.0005,4.4696,2.0265,0.4222
0.6746,0.0005,0.8742,0.9303,0.4222
1.0687,0.0004,0.6008,1.2255,0.4272
4.3209,0.0007,4.1178,1.0775,0.4146
0.6192,0.0003,0.7936,0.9240,0.4146
0.9141,0.0003,0.5719,0.7630,0.4146
4.7174,0.0008,4.3274,1.5070,0.4100
0.8531,0.0004,1.0490,1.4033,0.4100
1.3160,0.0003,0.6874,1.2747,0.4100
4.4389,0.0005,4.2406,1.2125,0.4464
0.6599,0.0004,0.8385,0.9203,0.4464
0.9438,0.0004,0.5898,0.8937,0.4464
4.3660,0.0006,4.0738,1.5605,0.4204
1.0255,0.0006,0.9997,1.2451,0.4204
0.8356,0.0005,0.9165,1.1001,0.4204
5.0373,0.0008,4.6554,1.2838,0.4399
0.7294,0.0005,1.0414,1.0529,0.4399
1.0022,0.0003,0.6305,1.2317,0.4399
4.5276,0.0007,4.2765,1.3991,0.4236
0.8589,0.0004,0.8731,1.2694,0.4236
1.2692,0.0005,0.6414,1.2820,0.4401
4.5887,0.0007,4.2796,1.0443,0.4366
0.7431,0.0007,0.9809,1.0746,0.4366
1.1669,0.0004,0.7195,1.0349,0.4366
4.3791,0.0008,4.2763,1.9901,0.4227
0.6842,0.0004,0.8320,0.8889,0.4227
0.9518,0.0003,0.5874,0.8615,0.4379
5.0135,0.0006,4.9012,1.3289,0.4224
0.6942,0.0005,0.9019,0.9565,0.4224
1.0944,0.0003,0.6017,0.9233,0.4224
4.8067,0.0007,4.4009,1.9613,0.4796
0.7891,0.0006,1.0708,1.1194,0.4796
1.0208,0.0007,0.6829,1.0492,0.4796
4.3603,0.0005,4.1458,1.6088,0.4347
0.6328,0.0003,0.8052,1.0150,0.4347
1.3355,0.0003,0.5905,1.2901,0.4382
4.5314,0.0005,4.3088,1.3412,0.4328
1.0829,0.0003,1.0837,1.0851,0.4328
1.1690,0.0003,0.8663,1.5520,0.4485
5.2813,0.0005,5.1276,1.2346,0.4240
0.6330,0.0002,0.7995,0.9082,0.4240
0.9438,0.0003,0.5855,0.8790,0.4240
4.5733,0.0008,4.2261,1.8287,0.4097
1.2098,0.0005,0.9808,1.7085,0.4097
1.0262,0.0003,0.7019,1.0604,0.4097
4.9778,0.0005,4.6426,1.8357,0.4454
0.7837,0.0003,1.0699,1.0560,0.4454
0.7393,0.0003,0.6734,0.8740,0.4454
5.3082,0.0004,5.0933,1.4642,0.4216
0.6788,0.0004,0.8695,0.9583,0.4216
0.7953,0.0003,0.6241,0.8136,0.4216
4.3171,0.0006,4.0380,1.6688,0.4347
0.7983,0.0006,0.9359,1.2393,0.4347
1.4136,0.0004,0.7212,1.3959,0.4346
4.4798,0.0006,4.2634,1.3715,0.4142
0.6968,0.0004,0.8591,0.9541,0.4142
0.8350,0.0003,0.6451,0.8221,0.4142
4.5273,0.0006,4.2302,1.6243,0.4279
0.6905,0.0006,0.9079,0.9741,0.4279
0.6618,0.0005,0.6385,0.8299,0.4279
4.6136,0.0006,4.2350,1.3490,0.6430
0.7248,0.0003,1.0019,1.0837,0.6430
1.0406,0.0003,0.6426,0.9565,0.6430
4.4361,0.0005,4.1314,2.1658,0.4220
0.6600,0.0002,0.9157,0.9167,0.4220
1.0081,0.0004,0.6028,1.1985,0.4220
4.2324,0.0006,4.0371,1.4398,0.4546
0.6268,0.0003,0.7970,0.8964,0.4546
0.9603,0.0003,0.5708,0.8781,0.4546
4.6926,0.0006,4.3803,1.7553,0.4465
0.7600,0.0005,0.9910,1.0064,0.4465
0.9306,0.0004,0.6549,0.9155,0.4465
4.5589,0.0008,4.2561,1.7951,0.4390
0.7698,0.0006,0.9551,0.9941,0.4390
0.8840,0.0005,0.7131,1.1643,0.4186
4.3111,0.0006,4.0852,1.1608,0.4367
1.1227,0.0006,0.8950,0.9859,0.4367
0.7491,0.0006,1.1037,0.9070,0.4367
4.5292,0.0008,4.3821,2.0967,0.4349
0.7105,0.0003,0.8586,1.1217,0.4349
0.9868,0.0002,0.6053,0.8899,0.4349
4.3682,0.0004,4.1745,1.5960,0.4255
0.6500,0.0004,0.8326,0.9403,0.4255
1.0969,0.0002,0.6024,0.9625,0.4255
4.3401,0.0006,4.0698,1.5903,0.4304
0.7275,0.0005,0.9423,1.0036,0.4304
0.9249,0.0004,0.6713,0.8950,0.4304
4.4686,0.0008,4.1672,1.6424,0.4345
1.1603,0.0003,0.9376,1.6160,0.4345
1.1785,0.0003,0.6370,1.1837,0.4345
4.4969,0.0006,4.2477,1.2417,0.4193
0.7119,0.0003,0.8910,0.9411,0.4193
1.0015,0.0003,0.6246,1.1961,0.4193
4.7833,0.0006,4.3954,1.6418,0.4488
0.7783,0.0005,1.0534,1.2146,0.4488
1.4856,0.0005,0.6438,1.5775,0.4309
4.4668,0.0005,4.2599,1.2840,0.4122
0.6584,0.0003,0.8329,0.9119,0.4122
1.3335,0.0004,0.6182,1.3384,0.4216
4.3780,0.0007,4.2631,0.8609,0.4180
1.0023,0.0005,0.9006,1.4084,0.4180
1.1542,0.0005,0.6816,1.1846,0.4315
4.5938,0.0010,4.3504,1.5283,0.4270
0.7180,0.0005,0.9051,0.9717,0.4270
1.0606,0.0003,0.6193,0.9954,0.4270
4.2965,0.0006,4.0848,1.6457,0.4268
0.6693,0.0002,0.8332,0.9029,0.4268
0.9251,0.0002,0.5899,0.8779,0.4268
5.3748,0.0007,5.0478,1.4990,1.0425
0.7567,0.0007,1.0056,1.0977,1.0425
1.2650,0.0008,0.7079,1.0334,1.0425
4.9123,0.0007,4.5234,1.9077,0.4300
0.7913,0.0007,1.1291,1.1175,0.4300
0.7920,0.0003,0.6555,0.9135,0.4300
4.5590,0.0006,4.2355,1.4489,0.4356
0.8592,0.0002,0.9891,1.3519,0.4356
1.1214,0.0004,0.6464,0.9278,0.4356
4.6088,0.0007,4.3805,1.5660,0.4417
0.9311,0.0006,0.8904,0.9502,0.4417
0.6303,0.0003,0.9366,0.7450,0.4269
4.3788,0.0006,4.1425,1.2065,0.4238
0.7580,0.0004,0.8861,0.9740,0.4238
1.1967,0.0004,0.6737,1.2495,0.4418
5.7041,0.0008,5.4568,1.2459,0.6421
0.7719,0.0005,1.0737,1.1676,0.6421
0.7766,0.0004,0.6608,0.9078,0.6421
4.4075,0.0006,4.1983,1.4074,0.4154
0.6365,0.0005,0.8191,0.9458,0.4154
0.9040,0.0003,0.6089,0.8499,0.4154
4.3388,0.0006,4.1557,1.3109,0.4321
0.6996,0.0004,0.8404,0.9297,0.4321
1.4040,0.0006,0.6477,1.2798,0.4321
4.8163,0.0006,4.6942,1.6276,0.4435
0.7300,0.0003,0.9878,0.9920,0.4435
0.7266,0.0003,0.6390,0.7507,0.4435
4.7493,0.0006,4.4942,1.6900,0.4427
0.7310,0.0004,0.9127,0.9706,0.4427
0.7720,0.0004,0.6715,0.9430,0.4427
4.6571,0.0009,4.2695,1.4121,0.4184
0.8024,0.0005,1.0789,1.1912,0.4184
1.1929,0.0003,0.6977,1.0962,0.4184
4.5031,0.0008,4.2800,1.5592,0.4238
0.6607,0.0003,0.8508,0.9316,0.4238
0.8437,0.0003,0.6098,0.8146,0.4238
4.3707,0.0005,4.1726,1.3338,0.4341
0.6194,0.0003,0.7854,0.9686,0.4341
1.0420,0.0003,0.5632,0.8523,0.4341
4.5859,0.0007,4.3179,1.5479,1.1052
0.7578,0.0006,0.9763,1.0405,1.1052
0.8400,0.0004,0.6655,0.9923,1.1052
4.2593,0.0005,4.0821,1.2946,0.4334
0.9092,0.0006,0.8233,0.9681,0.4334
0.6472,0.0004,0.8369,0.9729,0.4334
4.2652,0.0007,4.0305,1.0815,0.4290
0.7097,0.0004,0.8861,0.9527,0.4290
0.9640,0.0005,0.6302,1.0834,0.4290
4.7737,0.0008,4.4764,1.6373,0.4217
0.7537,0.0005,0.9798,0.9572,0.4217
1.1128,0.0008,0.6622,1.3513,0.4263
4.3421,0.0007,4.1319,0.7874,0.4420
0.6528,0.0004,0.8449,1.0129,0.4420
1.0401,0.0003,0.5801,0.8373,0.4420
4.8117,0.0006,4.4341,1.6345,0.4358
0.7989,0.0006,1.0541,1.1037,0.4358
0.9160,0.0006,0.6857,1.0812,0.4358
4.4544,0.0008,4.2655,1.4033,0.4233
0.7243,0.0004,0.8255,1.1014,0.4233
0.9895,0.0004,0.6068,0.8572,0.4233
4.4040,0.0007,4.1370,1.3542,0.4435
0.7443,0.0006,0.9018,1.1862,0.4435
0.8282,0.0003,0.6269,0.8480,0.4435
4.7633,0.0007,4.3847,1.2900,0.6700
0.7889,0.0006,1.0006,1.2913,0.6700
1.2620,0.0004,0.6312,1.2893,0.4490
4.3139,0.0006,4.0973,1.2171,0.4116
0.6249,0.0004,0.8065,0.9455,0.4116
1.0406,0.0004,0.5880,0.8461,0.4116
4.4825,0.0008,4.2360,1.8916,0.4131
1.0695,0.0006,0.9149,0.9838,0.4131
0.6479,0.0006,1.0020,0.8783,0.4131
4.5538,0.0006,4.3109,1.7887,0.4478
0.9210,0.0004,0.9554,1.0090,0.4478
0.7193,0.0003,0.8202,0.9351,0.4478
4.3663,0.0005,4.0686,1.4507,0.4401
0.6639,0.0004,0.9044,0.9777,0.4401
1.1093,0.0002,0.6186,0.9782,0.4401
4.4716,0.0006,4.1834,1.4977,0.4164
0.7830,0.0004,0.9412,1.2038,0.4164
1.3432,0.0003,0.7127,1.3585,0.4164
4.4926,0.0005,4.3245,1.2231,0.4259
0.7177,0.0006,0.8389,1.1012,0.4259
1.2960,0.0005,0.6372,1.3030,0.4209
4.3747,0.0006,4.1370,0.8764,0.4378
0.6677,0.0006,0.8751,0.9358,0.4378
0.7562,0.0003,0.6490,0.8541,0.4378
4.6038,0.0009,4.2447,1.3827,0.4367
0.7478,0.0008,1.0176,1.0899,0.4367
0.7787,0.0004,0.6800,0.9647,0.4367
4.3468,0.0007,4.0784,1.2846,0.4181
0.7405,0.0004,0.9253,1.0122,0.4181
0.9191,0.0004,0.7221,0.8852,0.4181
5.3245,0.0008,5.3062,1.3551,0.4141
0.6481,0.0003,0.8568,0.9763,0.4141
1.0490,0.0005,0.6750,1.0968,0.4141
4.6509,0.0011,4.6604,1.7985,0.4136
0.7525,0.0007,0.9474,0.9331,0.4136
0.8174,0.0004,0.6486,0.9572,0.4136
4.4199,0.0006,4.4395,1.7582,0.4279
0.6739,0.0005,0.8295,0.9181,0.4279
0.8903,0.0003,0.6464,0.9792,0.4279
4.4740,0.0007,4.3333,1.2806,0.4442
0.9408,0.0004,0.9755,1.3793,0.4442
1.5711,0.0004,0.6388,1.5864,0.4490
5.1025,0.0004,4.9254,1.1996,0.4330
0.6675,0.0004,0.8155,0.9494,0.4330
1.0792,0.0003,0.6063,1.1853,0.4330
4.3454,0.0006,4.1143,1.5974,0.4278
0.6903,0.0005,0.8507,0.9349,0.4278
0.9335,0.0003,0.6262,0.9460,0.4278
4.6818,0.0009,4.3778,1.5327,0.4420
0.9500,0.0006,0.9837,1.0285,0.4420
0.8196,0.0010,0.8820,1.2390,0.4420
5.1264,0.0007,4.7141,1.4858,0.4325
0.8209,0.0007,1.1104,1.2036,0.4325
1.4418,0.0006,0.7145,1.5463,0.4225
4.6278,0.0007,4.4683,1.1131,0.4253
0.7117,0.0003,0.9318,1.0118,0.4253
0.9272,0.0003,0.6362,0.9710,0.4253
4.7990,0.0008,4.3243,1.4684,0.4357
0.8403,0.0005,1.1682,1.2010,0.4357
1.3695,0.0005,0.7235,1.6244,0.4485
4.8815,0.0006,4.5669,0.8813,0.4129
0.9368,0.0004,1.0190,1.4599,0.4129
1.6064,0.0005,0.6996,1.0277,0.4129
6.1403,0.0007,6.0487,1.6153,0.4224
0.9116,0.0005,1.1725,1.2170,0.4224
1.2209,0.0003,0.7811,1.5569,0.4224
4.6037,0.0008,4.3541,1.4667,0.4232
1.0448,0.0009,1.0107,1.1204,0.4232
0.7351,0.0005,0.9567,0.9548,0.4232
5.0586,0.0009,4.6664,1.6305,0.4306
1.0348,0.0006,1.2018,1.5980,0.4306
2.0685,0.0006,0.8546,1.8905,0.4132
5.5664,0.0009,5.5497,0.9772,0.4213
0.8100,0.0006,1.1694,1.3660,0.4213
1.1496,0.0003,0.7418,1.2073,0.4213
5.3582,0.0010,5.0168,1.4407,0.6440
1.0676,0.0007,1.2599,1.2512,0.6440
0.9840,0.0003,0.9080,1.0788,0.6440
4.7816,0.0006,4.5763,1.8983,0.4150
0.7648,0.0005,0.9912,1.0781,0.4150
1.0510,0.0003,0.6431,1.1398,0.4150
4.6226,0.0006,4.3010,1.9680,0.4150
0.8744,0.0005,1.0307,1.0955,0.4150
1.5101,0.0007,0.8822,1.6068,0.4150
5.6938,0.0008,5.3857,1.2795,0.4302
0.8095,0.0003,1.1541,1.4342,0.4302
1.7814,0.0005,0.7260,1.6859,0.4170
5.4707,0.0009,4.9835,1.9960,0.4235
1.1500,0.0009,1.4889,1.5312,0.4235
0.9294,0.0009,0.9628,1.2337,0.4235
5.2334,0.0008,4.9887,2.5309,0.4400
1.2735,0.0007,1.1550,1.7759,0.4400
1.4359,0.0006,0.8290,1.4972,0.4400
5.0205,0.0006,4.7140,1.2780,0.4325
1.1985,0.0009,1.1407,1.7217,0.4325
1.6092,0.0009,0.8229,1.5990,0.4325
5.1234,0.0007,4.8803,1.5072,0.4165
0.8658,0.0005,1.1114,1.3442,0.4165
1.4743,0.0007,0.7573,1.4263,0.4165
5.3021,0.0009,4.8623,1.7497,0.4243
0.8840,0.0008,1.2448,1.4670,0.4243
1.6950,0.0010,0.7496,1.6328,0.4243
6.9405,0.0007,6.6712,1.4950,0.4543
0.8877,0.0007,1.1790,1.2977,0.4543
1.4434,0.0006,0.7890,1.4440,0.4543
6.2817,0.0008,5.8851,1.8717,0.4426
1.1076,0.0006,1.3632,1.2659,0.4426
0.7943,0.0011,0.9783,1.0979,0.4426
5.3037,0.0010,4.9992,2.5932,0.4311
1.0629,0.0009,1.2049,1.2964,0.4311
0.9671,0.0005,1.0095,1.3360,0.4264
5.2076,0.0008,4.8001,1.6609,0.4227
0.7438,0.0003,1.2742,1.5069,0.4227
1.4799,0.0003,0.6839,1.4777,0.4227
5.2804,0.0009,4.8819,1.6351,0.6348
0.7937,0.0004,1.1432,1.2722,0.6348
1.3680,0.0004,0.7202,1.2479,0.6348
4.9657,0.0007,4.7030,2.1384,0.4124
1.2555,0.0007,1.1045,1.7904,0.4124
1.5969,0.0006,1.0297,1.2607,0.4180
5.1770,0.0007,4.9973,2.0062,0.4255
0.8549,0.0007,1.1532,1.3454,0.4255
1.2438,0.0007,0.7849,1.1249,0.4255
4.9692,0.0008,4.7526,1.8899,0.4320
0.8586,0.0006,1.0485,1.3957,0.4320
1.2939,0.0009,0.7212,1.1121,0.4198
5.4211,0.0011,5.2554,2.0193,0.4108
1.2179,0.0009,1.1372,1.6543,0.4108
1.3205,0.0008,0.9345,1.2061,0.4108
5.1366,0.0007,4.9200,1.8738,0.4274
0.9095,0.0007,1.1643,1.1623,0.4274
1.3698,0.0007,0.7544,1.6349,0.4274
5.9042,0.0008,5.5894,1.7516,0.4157
0.8153,0.0006,1.0937,1.1549,0.4157
1.4053,0.0005,0.8291,1.3581,0.4507
5.2863,0.0008,5.3500,1.4675,0.4164
0.7947,0.0002,1.1396,1.3103,0.4164
1.3141,0.0003,0.6990,1.3418,0.4164
4.9291,0.0007,4.6172,1.7121,0.4175
0.8277,0.0006,1.0644,1.0918,0.4175
1.0858,0.0006,0.7152,1.2068,0.4175
5.4868,0.0007,5.0900,2.2448,0.4610
1.3113,0.0004,1.2026,1.8285,0.4610
1.2222,0.0004,0.9041,1.1440,0.4610
6.0196,0.0007,5.8734,2.2073,0.4168
0.8030,0.0005,1.1159,1.3473,0.4168
1.4177,0.0005,0.7115,0.9727,0.4188
5.0423,0.0009,4.8268,1.8502,0.4583
1.0565,0.0006,1.0946,1.1432,0.4583
0.8613,0.0006,0.9863,1.2454,0.4583
5.0140,0.0009,4.6600,1.5877,0.4188
0.8064,0.0006,1.1075,1.2397,0.4188
0.9804,0.0005,0.7523,0.8619,0.4188
6.0696,0.0008,5.6394,1.8080,0.4309
0.8346,0.0007,1.1596,1.2980,0.4309
0.9332,0.0007,0.8048,1.0224,0.4309
5.5325,0.0009,5.2854,1.8057,0.4520
0.7926,0.0004,1.1527,1.3913,0.4520
1.5472,0.0006,0.6992,1.5288,0.4232
5.0330,0.0006,4.6976,1.5423,0.4453
0.9784,0.0004,1.1365,1.4689,0.4453
1.1321,0.0007,0.8845,1.1001,0.4453
5.1009,0.0008,4.8450,2.3951,0.4395
0.7879,0.0004,1.0634,1.3040,0.4395
1.2806,0.0005,0.7372,1.0529,0.4395
4.9531,0.0009,4.6559,1.9744,0.4262
0.8091,0.0007,1.0645,1.1804,0.4262
1.1560,0.0004,0.7985,1.1023,0.4262
5.3807,0.0007,5.1182,2.3435,0.4418
0.9104,0.0009,1.2249,1.2946,0.4418
0.9941,0.0003,0.7696,1.0562,0.4418
5.0195,0.0007,4.6488,1.7686,0.4130
1.4824,0.0007,1.1410,1.8979,0.4130
1.0936,0.0004,0.9883,0.8710,0.4184
5.3359,0.0009,5.2455,2.0629,0.4230
0.9991,0.0005,1.1829,1.5965,0.4230
1.7637,0.0007,0.8128,1.1677,0.4230
6.0978,0.0007,6.0067,1.9896,0.4305
1.0844,0.0006,1.1000,1.2038,0.4305
0.8630,0.0004,1.0080,1.1951,0.4281
5.4327,0.0008,5.1033,1.7303,0.4263
0.9369,0.0006,1.2622,1.5735,0.4263
1.3067,0.0009,0.7843,1.2583,0.4263
5.0842,0.0006,4.7618,1.6929,0.4372
1.2169,0.0004,1.0852,1.7841,0.4372
1.2248,0.0003,0.6829,1.2300,0.4372
6.4597,0.0013,5.6504,1.4190,0.4158
1.2953,0.0007,1.7085,2.3078,0.4158
1.4706,0.0004,0.8680,1.3675,0.4439
5.2611,0.0007,5.0490,1.7828,0.4324
1.1204,0.0007,1.1476,1.3192,0.4324
0.9387,0.0003,1.0123,1.1499,0.4324
5.3677,0.0017,4.8504,2.3358,0.4158
1.0739,0.0004,1.3652,1.5883,0.4158
1.3317,0.0004,0.9028,1.5034,0.4158
4.9970,0.0008,4.7791,2.0159,0.4141
1.2291,0.0004,1.0479,1.7459,0.4141
1.0086,0.0005,0.7107,0.8637,0.4141
5.1611,0.0008,4.8051,2.1275,0.4253
1.0973,0.0005,1.1066,1.6664,0.4253
1.7110,0.0005,0.8008,1.6584,0.4253
5.0876,0.0009,4.8688,1.7649,0.4241
1.2544,0.0004,1.0916,1.7958,0.4241
1.3565,0.0004,0.7684,1.3537,0.4241
5.2222,0.0008,4.7906,1.2589,0.4147
0.9005,0.0006,1.3738,1.3779,0.4147
1.8132,0.0008,0.8248,1.9196,0.4451
5.2700,0.0009,5.0338,1.4352,0.4636
0.9183,0.0004,1.1431,1.5427,0.4636
1.6913,0.0003,0.7328,1.6412,0.4365
5.1954,0.0007,4.8032,1.2126,0.4096
0.8559,0.0007,1.1580,1.4047,0.4096
1.5974,0.0007,0.7687,1.6787,0.4244
5.2841,0.0008,4.8649,1.3738,0.4338
1.2788,0.0007,1.1766,1.8734,0.4338
1.7997,0.0007,0.8563,1.7588,0.4315
5.3848,0.0007,5.0724,1.4306,0.4232
1.0997,0.0006,1.2928,1.7955,0.4232
1.3274,0.0006,0.7953,1.3343,0.4232
5.1454,0.0008,4.7845,1.7719,0.4543
0.9811,0.0006,1.1557,1.5265,0.4543
1.3952,0.0007,0.7622,1.4267,0.4543
5.1355,0.0007,4.6710,1.5440,0.4084
1.2489,0.0006,1.2392,1.8174,0.4084
1.2983,0.0005,0.8241,1.0403,0.4084
5.0597,0.0008,4.6868,2.4578,0.4261
1.2460,0.0008,1.1766,1.8414,0.4261
1.7326,0.0007,0.7773,1.4816,0.4291
5.1600,0.0006,5.0433,1.0928,0.4113
1.4728,0.0007,1.1764,1.8895,0.4113
1.1014,0.0006,0.9735,0.8980,0.4113
5.1769,0.0010,4.8591,2.6217,0.4255
1.1323,0.0006,1.2265,1.7823,0.4255
1.6370,0.0007,0.7379,1.6150,0.4390
5.2498,0.0007,4.8984,1.7333,0.4299
1.3372,0.0005,1.1227,1.9617,0.4299
1.2622,0.0004,0.7113,1.0298,0.4299
5.1234,0.0007,4.6802,1.8829,0.4065
1.3495,0.0007,1.2621,1.3840,0.4065
0.7458,0.0006,1.2284,1.3310,0.4065
5.0893,0.0008,4.6725,1.3059,0.4197
1.3916,0.0008,1.2226,1.9695,0.4197
1.2719,0.0004,0.9072,1.3045,0.4197
4.9331,0.0007,4.8532,1.8596,0.4150
1.3419,0.0008,1.0622,1.7362,0.4150
1.2258,0.0005,0.8978,1.0789,0.4428
5.3930,0.0010,5.2299,1.6486,0.4300
0.7587,0.0003,1.1083,1.2798,0.4300
1.5404,0.0004,0.6969,1.1300,0.4300
4.9750,0.0009,4.6714,2.5809,0.4356
0.9878,0.0005,1.0990,1.5762,0.4356
1.8462,0.0006,0.7304,1.8250,0.4356
5.2674,0.0009,4.8741,1.5604,0.4189
1.2407,0.0003,1.1564,1.9211,0.4189
1.2391,0.0005,0.7203,1.1809,0.4189
4.8794,0.0006,4.5357,2.2213,0.4134
1.1963,0.0005,1.0928,1.7248,0.4134
1.8366,0.0005,0.7125,1.7871,0.4200
5.3157,0.0007,4.9863,1.5697,0.4500
0.9809,0.0003,1.1266,1.5597,0.4500
1.3541,0.0004,0.6811,1.3063,0.4232
4.9951,0.0008,4.6507,2.0261,0.4221
0.9191,0.0010,1.1614,1.2641,0.4221
0.9003,0.0003,0.8363,1.1656,0.4221
5.2773,0.0008,4.8621,1.6632,0.6340
1.2436,0.0010,1.2388,1.7220,0.6340
1.2403,0.0008,1.0013,1.3198,0.6340
5.1180,0.0009,4.8597,2.0552,0.4347
0.8330,0.0006,1.1292,1.3955,0.4347
1.6696,0.0005,0.6996,1.6400,0.4347
5.4243,0.0010,4.9104,1.6541,0.4112
1.2937,0.0005,1.3133,1.8652,0.4112
1.7610,0.0007,0.9098,1.7535,0.4461
5.2218,0.0007,4.9817,1.1268,0.4194
1.1626,0.0004,1.1769,1.7139,0.4194
1.4808,0.0007,0.8096,1.4656,0.4194
5.2139,0.0007,4.8854,1.9133,0.4115
1.0414,0.0006,1.2471,1.6501,0.4115
1.2428,0.0006,0.9334,1.3322,0.4115
4.9424,0.0007,4.7538,1.9860,0.4205
1.1713,0.0006,1.0389,1.7087,0.4205
1.1707,0.0004,0.6941,1.1558,0.4205
5.0457,0.0007,4.7272,2.2102,0.4252
1.2975,0.0010,1.1068,1.7382,0.4252
1.5671,0.0008,0.9153,1.5536,0.6527
5.1848,0.0007,5.1948,2.1429,0.4239
1.1371,0.0006,1.0880,1.6956,0.4239
1.5008,0.0005,0.7182,1.4642,0.4217
4.8323,0.0007,4.5107,1.6597,0.4235
0.8821,0.0005,1.0828,1.4480,0.4235
1.8051,0.0009,0.7634,1.6973,0.4235
6.2173,0.0007,6.0077,1.7089,0.4498
1.0157,0.0006,1.2355,1.7212,0.4498
1.4730,0.0005,0.7110,1.1660,0.4498
4.9941,0.0007,4.6017,2.1678,0.4251
1.0249,0.0006,1.2099,1.6039,0.4251
20.3537,0.0012,19.7789,1.3314,0.4218
5.1717,0.0007,5.3347,1.5189,0.4318
1.5529,0.0004,1.6238,1.0229,0.4318
0.8389,0.0005,1.0088,1.3448,0.4213
4.8730,0.0009,4.6400,1.0422,0.4495
0.7769,0.0005,1.0576,1.1066,0.4495
1.3918,0.0005,0.7152,1.5307,0.4179
5.1329,0.0008,4.7717,1.2432,0.4316
0.8482,0.0003,1.1459,1.1743,0.4316
1.1188,0.0003,0.7470,1.1573,0.4316
5.0819,0.0007,4.6396,1.7160,0.4438
0.8526,0.0008,1.2229,1.3481,0.4438
1.4494,0.0007,0.7441,1.5434,0.4438
5.2467,0.0007,4.8096,1.6596,1.1566
1.3126,0.0007,1.2495,1.3373,1.1566
0.7186,0.0003,1.2236,0.9213,0.4393
4.8254,0.0006,4.5594,1.7661,0.4361
0.7002,0.0003,0.9830,1.2086,0.4361
1.2011,0.0003,0.7245,1.1040,0.4361
4.5271,0.0005,4.3637,1.3428,0.4295
0.9228,0.0003,0.8877,0.9185,0.4295
1.2738,0.0004,0.9433,1.2979,0.4295
4.9087,0.0006,4.7253,1.7248,0.4192
1.1597,0.0005,1.0474,1.0106,0.4192
0.6694,0.0005,1.0523,1.1984,0.4238
4.3958,0.0007,4.2029,0.7425,0.4256
0.6741,0.0006,0.8992,1.0492,0.4256
0.9426,0.0003,0.6581,0.8894,0.4256
4.5120,0.0005,4.2432,1.6263,1.0320
0.7255,0.0003,0.9507,1.0288,1.0320
1.0907,0.0004,0.6579,1.2763,1.0320
4.4528,0.0005,4.2009,1.7903,0.4134
0.9595,0.0005,0.8883,1.0220,0.4134
0.8273,0.0003,0.8856,1.1401,0.4134
4.4857,0.0004,4.2216,1.3065,0.4254
0.6599,0.0003,0.8784,1.0700,0.4254
1.2487,0.0004,0.6185,1.2877,0.4254
4.9310,0.0008,4.5697,1.9084,0.4593
1.1675,0.0007,1.0749,1.0114,0.4593
0.6161,0.0004,1.0399,0.8016,0.4396
4.5057,0.0006,4.2678,1.0737,0.4547
0.6674,0.0004,0.8855,1.0266,0.4547
0.9760,0.0003,0.6073,0.8879,0.4547
5.6750,0.0009,5.1279,1.3450,0.4228
0.8719,0.0006,1.2880,1.0593,0.4228
1.0864,0.0005,0.7308,1.3939,0.4392
4.5280,0.0004,4.3411,0.9845,0.4075
0.7044,0.0004,0.8329,0.9549,0.4075
1.0763,0.0004,0.6611,1.0073,0.4240
4.2160,0.0006,4.1548,1.3851,0.4406
0.6447,0.0005,0.8056,0.9122,0.4406
0.9822,0.0003,0.6105,0.8501,0.4406
4.6710,0.0007,4.3616,2.1644,0.4501
0.7881,0.0006,1.0244,1.0214,0.4501
1.0430,0.0004,0.6895,1.2766,0.4501
4.6332,0.0006,4.3929,1.3112,0.4322
0.8700,0.0005,0.9291,1.2315,0.4322
1.1577,0.0004,0.7386,1.0438,0.4313
4.5853,0.0007,4.2367,1.2693,0.4215
0.8000,0.0006,1.1969,1.2603,0.4215
0.8565,0.0003,0.6899,1.0641,0.4215
4.7037,0.0006,4.4095,1.3294,0.4399
0.7111,0.0005,0.9482,1.0918,0.4399
1.3788,0.0006,0.6054,1.3287,0.4166
4.2705,0.0004,4.0776,1.0677,0.4414
0.6902,0.0005,0.8265,0.9590,0.4414
0.7257,0.0005,0.6445,0.8561,0.4414
5.1152,0.0007,4.7079,1.5020,0.6555
0.8189,0.0005,1.0867,1.1754,0.6555
0.9964,0.0003,0.7134,1.0173,0.4272
4.4558,0.0007,4.3978,1.3485,0.4293
0.6818,0.0003,0.8625,0.9284,0.4293
1.1421,0.0003,0.6135,1.2804,0.4293
4.2966,0.0007,4.0763,1.1203,0.4227
0.6697,0.0005,0.8377,0.9405,0.4227
1.0217,0.0005,0.6099,0.9289,0.4227
4.7940,0.0008,4.4804,1.7318,0.4235
1.1708,0.0003,1.0043,1.6870,0.4235
1.0202,0.0004,0.6476,0.9715,0.4235
4.8154,0.0006,4.5481,1.3242,0.4214
0.7188,0.0005,0.9521,0.9774,0.4214
0.6688,0.0003,0.6382,0.7829,0.4214
5.9984,0.0007,5.6446,1.4008,0.4394
0.7733,0.0005,1.0906,1.1649,0.4394
0.9952,0.0005,0.6486,0.8961,0.4394
5.1159,0.0004,4.8983,1.4280,0.4289
0.6607,0.0004,0.8393,0.9134,0.4289
1.0383,0.0003,0.6802,0.9214,0.4289
4.1430,0.0006,4.0711,1.7265,0.4135
0.6723,0.0005,0.8485,0.9208,0.4135
0.9910,0.0006,0.6355,0.8554,0.4135
4.6702,0.0006,4.7896,2.4460,0.4222
0.6833,0.0003,0.9148,1.0492,0.4222
0.8104,0.0003,0.6389,0.8244,0.4222
4.1713,0.0005,3.9907,1.3004,0.4438
0.6214,0.0003,0.7751,0.8994,0.4438
0.7894,0.0003,0.5665,0.8347,0.4438
4.6007,0.0006,4.2553,1.2050,0.4342
1.0212,0.0005,1.0500,1.2416,0.4342
0.8818,0.0004,0.9047,1.1435,0.4342
4.5954,0.0006,4.3946,1.3785,0.4421
0.7098,0.0005,0.8721,0.9498,0.4421
1.1914,0.0008,0.6267,1.3792,0.4233
4.2254,0.0006,4.0457,1.3034,0.4284
0.7258,0.0005,0.8600,0.9275,0.4284
1.1494,0.0006,0.6333,0.9337,0.4236
4.9208,0.0007,5.1269,1.7270,0.4346
1.1199,0.0004,1.0019,1.6357,0.4346
1.2834,0.0003,0.6559,1.1273,0.4346
4.6145,0.0006,4.5093,1.4667,0.4579
1.1175,0.0003,0.8697,1.5618,0.4579
1.1841,0.0003,0.6560,0.9664,0.4579
4.4451,0.0005,4.1556,1.5525,0.4254
1.1356,0.0005,1.0577,1.5891,0.4254
1.6599,0.0004,0.7944,1.6818,0.4471
4.5983,0.0005,4.4647,1.3899,0.4431
0.6849,0.0004,0.8447,0.9194,0.4431
0.9482,0.0003,0.6304,0.9007,0.4431
5.2874,0.0004,5.0542,1.5680,0.4275
0.7380,0.0003,0.8696,1.1402,0.4275
1.2186,0.0003,0.6483,1.2284,0.4318
5.8910,0.0007,5.5437,0.9861,1.1310
0.6922,0.0004,0.9855,1.2215,1.1310
1.1233,0.0004,0.6280,0.9135,1.1310
4.2635,0.0006,4.0638,1.5642,0.4278
0.7997,0.0004,0.8627,1.1821,0.4278
1.5029,0.0005,0.6429,1.4918,0.4500
4.7674,0.0006,4.4125,1.2358,0.4415
0.7479,0.0005,1.0220,1.1125,0.4415
0.7605,0.0003,0.6417,0.8884,0.4415
4.3068,0.0008,4.1475,1.3642,0.4412
0.7931,0.0005,0.7896,1.1427,0.4412
1.1556,0.0005,0.6122,1.0675,0.4184
5.1308,0.0006,4.9973,0.9880,0.4198
0.6654,0.0003,0.8333,1.0087,0.4198
1.1140,0.0004,0.7142,0.8803,0.4198
4.5138,0.0006,4.4027,1.9937,0.4262
0.7112,0.0007,0.9351,0.9667,0.4262
0.8607,0.0005,0.6266,1.0537,0.4262
4.4149,0.0007,4.1771,1.0794,0.4262
0.7320,0.0005,0.8941,0.9576,0.4262
0.9065,0.0005,0.6829,1.0346,0.4262
4.3822,0.0007,4.1673,1.2675,0.4219
0.7942,0.0005,0.9498,1.0641,0.4219
0.8101,0.0004,0.7060,0.9243,0.4219
4.5876,0.0007,4.5066,1.4374,0.4235
0.9150,0.0004,0.8837,0.9192,0.4235
0.8320,0.0003,0.9026,0.9471,0.4235
4.4159,0.0005,4.4100,2.0029,0.4411
0.9062,0.0004,0.8395,1.3517,0.4411
1.4490,0.0006,0.6157,1.4434,0.4351
4.5869,0.0006,4.2537,1.0854,1.2419
0.6983,0.0003,0.9698,1.0865,1.2419
1.1852,0.0003,0.6298,1.0568,1.2419
4.3834,0.0006,4.1940,1.6046,0.4559
0.6854,0.0006,0.8361,0.9600,0.4559
0.9692,0.0003,0.7005,0.8921,0.4559
4.2480,0.0004,4.2105,1.9690,0.4318
0.6815,0.0003,0.8397,0.8982,0.4318
0.8677,0.0002,0.7218,0.9502,0.4318
4.9326,0.0008,4.5951,1.2705,0.4653
0.7456,0.0006,0.9992,1.1312,0.4653
0.9980,0.0002,0.6259,0.8033,0.4653
4.2860,0.0006,4.0845,1.9107,0.4298
0.6991,0.0004,0.8288,0.9415,0.4298
0.9777,0.0004,0.6405,0.9163,0.4298
4.4188,0.0007,4.1585,1.6290,0.4193
0.7889,0.0006,0.9513,1.1756,0.4193
1.0135,0.0004,0.7018,0.8372,0.4193
4.6768,0.0007,4.3553,1.3740,0.4498
1.1951,0.0003,0.9646,1.7045,0.4498
1.1100,0.0003,0.6466,0.9596,0.4498
4.5852,0.0005,4.3948,1.5762,0.4427
0.8513,0.0004,0.8488,1.2971,0.4427
1.1901,0.0004,0.5949,1.0008,0.4427
4.7169,0.0007,4.4314,1.8178,0.4528
0.8161,0.0005,0.9953,1.0554,0.4528
0.9350,0.0005,0.7414,1.1827,0.4528
4.2174,0.0005,4.0792,1.1342,0.4414
0.8669,0.0005,0.7469,0.9165,0.4414
0.7212,0.0003,0.8213,0.8408,0.4414
3.8829,0.0005,3.7461,1.4964,0.4398
0.6188,0.0004,0.7178,0.8712,0.4398
0.9978,0.0006,0.5825,1.0141,0.4398
4.5757,0.0007,4.2995,1.2531,0.4621
0.9627,0.0006,0.9797,1.0611,0.4621
0.8970,0.0004,0.9961,0.8864,0.4319
4.3771,0.0007,4.3867,1.5363,0.4150
0.6531,0.0003,0.7963,0.9243,0.4150
1.0731,0.0005,0.6355,0.8754,0.4150
4.1351,0.0006,3.9364,1.9744,0.4302
0.7438,0.0007,0.8458,1.0630,0.4302
1.3263,0.0005,0.6952,1.3622,0.4302
5.0802,0.0007,4.7248,1.4633,0.4495
1.0373,0.0009,1.1491,1.1018,0.4495
0.8842,0.0005,0.9613,1.0893,0.4420
5.3227,0.0007,5.2700,1.3243,0.4224
0.7585,0.0005,0.8980,1.1968,0.4224
1.1729,0.0003,0.6198,0.9473,0.4224
4.9688,0.0007,4.6009,1.5575,0.4280
1.3002,0.0007,1.1501,1.7794,0.4280
1.0975,0.0004,0.8028,1.1799,0.4280
4.2520,0.0004,4.2980,1.3177,0.4282
0.6293,0.0004,0.7893,0.8197,0.4282
0.9955,0.0003,0.5880,0.8788,0.4282
5.5901,0.0005,5.2661,1.4045,0.4162
0.7580,0.0005,0.9726,1.0931,0.4162
1.1330,0.0003,0.6723,1.0228,0.4162
4.4721,0.0005,4.2876,1.6475,0.4083
0.7002,0.0004,0.8257,0.9364,0.4083
0.9657,0.0004,0.6295,0.9290,0.4083
4.3250,0.0006,4.0287,1.6117,0.4176
0.8397,0.0005,0.9780,1.0715,0.4176
1.2659,0.0003,0.7494,1.4693,0.4176
4.8471,0.0006,4.8380,1.1724,0.4475
0.7332,0.0004,0.9884,1.0166,0.4475
0.8135,0.0004,0.6642,1.0102,0.4475
4.2790,0.0006,4.0724,1.3187,0.4040
0.6640,0.0005,0.8185,0.9215,0.4040
0.9017,0.0005,0.6228,0.8255,0.4040
4.4096,0.0008,4.1123,1.4956,0.4191
1.2283,0.0009,0.9976,1.6778,0.4191
1.7172,0.0007,0.8085,1.6976,0.4338
4.5513,0.0006,4.4734,1.3261,0.4316
0.8933,0.0006,0.8459,0.9236,0.4316
0.8737,0.0003,0.9416,0.7267,0.4214
4.8194,0.0004,4.8456,1.3152,0.4385
0.6711,0.0004,0.7929,0.8852,0.4385
0.9456,0.0004,0.6092,0.8706,0.4385
4.7994,0.0007,4.4423,1.5148,0.4487
0.7464,0.0006,1.0326,1.1107,0.4487
1.0348,0.0005,0.6609,0.8906,0.4487
4.3763,0.0009,4.2071,1.5758,0.4192
0.7530,0.0008,0.8560,1.1570,0.4192
1.2583,0.0006,0.6199,1.2529,0.4264
4.6882,0.0008,4.3969,1.4516,0.4275
0.9000,0.0008,1.0070,1.1546,0.4275
0.9751,0.0007,0.8601,1.1760,0.4275
5.3492,0.0006,5.2143,2.0276,0.4317
0.8103,0.0006,1.1092,1.1285,0.4317
1.2172,0.0005,0.7013,1.1351,0.4317
4.7636,0.0007,4.4879,1.9072,0.4297
0.7653,0.0006,0.9822,1.0637,0.4297
1.2973,0.0005,0.7089,1.4721,0.4297
4.9521,0.0006,4.5977,1.6995,0.4612
1.0268,0.0004,1.0481,1.5508,0.4612
1.0595,0.0004,0.6721,1.0741,0.4612
4.6862,0.0007,4.3250,1.8204,0.4222
0.7657,0.0004,1.0066,1.2998,0.4222
1.6391,0.0003,0.6620,1.6483,0.4230
5.7953,0.0007,5.4564,1.0420,0.4328
1.0684,0.0004,1.0387,1.6233,0.4328
1.3765,0.0003,0.6716,1.2912,0.4328
4.6715,0.0009,4.4456,1.3929,0.4324
0.7774,0.0004,1.0173,1.1763,0.4324
1.1714,0.0005,0.6761,1.1660,0.4324
4.9748,0.0008,4.5892,1.7924,0.4118
0.9034,0.0005,1.1781,1.2488,0.4118
1.0081,0.0004,0.7365,1.2248,0.4118
4.7475,0.0006,4.4937,1.7729,0.4134
0.7726,0.0005,0.9779,1.0414,0.4134
1.1249,0.0003,0.6741,1.0135,0.4134
4.3379,0.0006,4.2730,1.5012,0.4171
0.6629,0.0006,0.8213,0.8925,0.4171
1.1362,0.0005,0.6898,0.8990,0.4171
4.6977,0.0009,4.3446,2.0431,0.4519
0.7491,0.0004,1.0824,1.1273,0.4519
1.2606,0.0003,0.6262,1.4813,0.4302
4.2339,0.0005,4.0960,1.0266,0.4162
0.6445,0.0004,0.7357,0.8850,0.4162
0.8858,0.0004,0.5832,0.9330,0.4162
3.9916,0.0005,3.8787,1.1757,0.4317
0.5927,0.0003,0.7122,0.8734,0.4317
0.9226,0.0004,0.5894,0.8479,0.4317
4.2618,0.0007,3.9649,1.7699,0.4596
1.0016,0.0005,0.9643,0.9834,0.4596
0.6020,0.0003,0.9262,0.7861,0.4596
4.3624,0.0005,4.1437,1.5086,0.4336
0.7084,0.0004,0.8490,0.9740,0.4336
0.9192,0.0004,0.6597,0.8759,0.4336
4.2760,0.0006,4.0605,1.3187,0.4342
0.6918,0.0004,0.8442,0.9670,0.4342
1.1171,0.0002,0.6205,1.0918,0.4342
5.1003,0.0007,4.6177,1.5124,0.4208
0.8317,0.0004,1.2690,1.4825,0.4208
1.0160,0.0003,0.7361,0.9541,0.4208
4.6158,0.0006,4.3887,1.7274,0.4252
0.7153,0.0005,0.8908,1.1579,0.4252
1.0096,0.0008,0.6807,0.9144,0.4354
5.7103,0.0007,5.7224,1.0505,0.4109
0.7387,0.0006,0.9994,1.0832,0.4109
0.9673,0.0003,0.6464,0.9694,0.4109
4.4426,0.0006,4.2513,1.7132,0.4186
0.7410,0.0005,0.8903,1.1574,0.4186
1.0313,0.0004,0.7150,0.8935,0.4186
4.0696,0.0005,3.9836,1.4770,0.4374
0.5813,0.0003,0.7277,0.8763,0.4374
1.0566,0.0004,0.5614,0.9353,0.4374
4.6486,0.0007,4.4108,1.5019,0.4271
0.7259,0.0005,0.9867,1.0374,0.4271
1.0519,0.0005,0.6900,1.0423,0.4366
4.0817,0.0004,4.2607,1.3066,0.4214
0.6416,0.0003,0.7315,0.8619,0.4214
0.7080,0.0004,0.5789,0.7967,0.4214
3.9834,0.0005,3.7741,1.2394,0.4189
0.6259,0.0004,0.7767,0.8642,0.4189
0.9145,0.0005,0.7157,0.8774,0.4189
4.7801,0.0009,4.6447,1.8022,0.4614
0.7886,0.0007,1.0376,1.0260,0.4614
1.0391,0.0007,0.6741,1.1415,0.4614
4.3144,0.0005,4.2827,1.2225,0.4376
0.6681,0.0004,0.8151,0.9050,0.4376
0.9208,0.0005,0.6178,0.8708,0.4376
4.3628,0.0006,4.0843,1.2868,0.4326
1.0132,0.0009,1.0517,1.5318,0.4326
1.2047,0.0004,0.7817,0.9815,0.4326
4.5145,0.0006,4.3603,1.6896,0.4159
0.6792,0.0003,0.8281,0.9215,0.4159
0.8711,0.0003,0.6320,0.8867,0.4159
4.3672,0.0009,4.1502,1.3615,0.4502
0.6357,0.0006,0.8236,0.9430,0.4502
0.8929,0.0003,0.5918,0.8287,0.4502
4.6556,0.0007,4.3672,1.3733,0.4412
1.2544,0.0007,0.9683,1.7486,0.4412
1.4818,0.0004,0.6470,1.4856,0.4255
4.1875,0.0004,4.0691,1.2227,0.4239
1.0795,0.0003,0.7471,1.4310,0.4239
1.2222,0.0003,0.5716,1.2317,0.4160
4.1550,0.0005,3.9378,0.9005,0.3928
0.7714,0.0004,0.8937,1.0791,0.3928
1.4513,0.0004,0.8917,1.4709,0.4599
5.5225,0.0004,5.6016,0.9957,0.4230
0.7132,0.0003,0.8960,1.0451,0.4230
1.0767,0.0005,0.6823,1.0658,0.4366
3.9380,0.0003,4.0272,1.0115,0.4347
0.5541,0.0002,0.6728,0.8450,0.4347
1.0544,0.0002,0.5950,0.8460,0.4347
4.3371,0.0006,4.1607,1.5548,0.4234
0.7044,0.0005,0.9023,0.9544,0.4234
0.9344,0.0005,0.6620,1.1356,0.4234
4.1043,0.0005,3.9761,1.1702,0.4319
0.6027,0.0003,0.7106,0.8500,0.4319
1.1079,0.0003,0.5756,0.9567,0.4319
4.0406,0.0005,4.0260,1.6130,0.4420
0.7868,0.0004,0.7489,1.1553,0.4420
1.1894,0.0005,0.6072,1.0028,0.4420
4.7197,0.0006,4.3915,1.4814,0.4178
0.8222,0.0004,1.0139,1.2653,0.4178
0.9535,0.0004,0.7431,0.7595,0.4178
4.3393,0.0005,4.1734,1.7108,0.4157
0.7991,0.0004,0.7891,0.9203,0.4157
1.0479,0.0003,0.8481,1.0351,0.4157
4.3340,0.0006,4.2259,1.6501,0.4336
0.9477,0.0004,0.9823,0.9030,0.4336
0.7859,0.0004,0.7642,1.1571,0.4336
4.4843,0.0008,4.3127,2.0430,0.4325
0.6743,0.0004,0.8343,0.9037,0.4325
1.2220,0.0002,0.6004,1.3342,0.4249
4.7690,0.0007,4.4462,1.2019,0.4348
0.7280,0.0003,1.0096,1.0981,0.4348
1.0698,0.0002,0.6506,0.8744,0.4348
4.8605,0.0007,4.4716,1.7088,0.4041
0.7709,0.0007,1.0588,1.1018,0.4041
0.9642,0.0004,0.7164,0.9919,0.4041
4.3804,0.0005,4.1495,1.4979,0.4310
0.6870,0.0006,0.8416,0.9068,0.4310
1.1035,0.0004,0.6233,1.0165,0.4310
4.5687,0.0006,4.2542,1.5585,0.4361
0.6848,0.0004,0.9463,0.9830,0.4361
0.9133,0.0004,0.6321,0.9494,0.4361
4.6155,0.0006,4.3367,1.7212,0.4699
0.7376,0.0005,0.9490,1.0188,0.4699
0.9830,0.0004,0.6583,1.0111,0.4282
4.5717,0.0004,4.3369,1.2497,0.4266
0.6732,0.0005,0.9960,1.0441,0.4266
0.7297,0.0004,0.6193,0.9253,0.4266
4.3933,0.0008,4.1669,1.1890,0.4251
0.7380,0.0007,0.8554,0.9190,0.4251
0.9726,0.0006,0.7555,1.1415,0.4251
5.8543,0.0006,5.7307,1.3733,0.4579
0.7443,0.0006,1.0134,1.0966,0.4579
0.9978,0.0004,0.6400,0.8604,0.4579
4.4344,0.0008,4.2127,1.7293,0.4397
0.9679,0.0005,0.9245,0.9941,0.4397
0.5690,0.0005,0.9031,0.7703,0.4397
4.6111,0.0006,4.2505,1.4301,0.4267
0.7642,0.0005,1.0083,1.0764,0.4267
0.8535,0.0005,0.6759,1.0495,0.4267
4.5826,0.0007,4.1654,1.0951,0.4397
1.0379,0.0006,1.1283,1.1491,0.4397
0.5823,0.0004,0.9030,0.9275,0.4397
5.3616,0.0005,5.1383,1.2945,0.4371
0.6658,0.0005,0.8484,0.9427,0.4371
1.0693,0.0004,0.6593,1.1674,0.4371
4.8894,0.0006,4.6120,1.5311,0.4348
0.6909,0.0003,0.9753,1.2331,0.4348
1.4221,0.0004,0.6261,1.3959,0.4190
4.6381,0.0006,4.3894,1.1908,0.4105
0.9084,0.0006,0.9100,0.9983,0.4105
0.8445,0.0009,0.8510,1.1167,0.4105
5.1028,0.0007,4.7780,1.3897,0.4244
0.7638,0.0005,0.9826,1.0738,0.4244
1.1024,0.0003,0.6773,1.2846,0.4278
4.4391,0.0005,4.2185,1.6769,0.4209
0.6424,0.0004,0.8247,0.9351,0.4209
0.9740,0.0003,0.5788,0.8418,0.4209
4.2309,0.0007,3.9789,1.4459,0.4286
0.7568,0.0005,0.9222,0.9934,0.4286
1.4762,0.0004,0.6269,1.6066,0.4364
4.7602,0.0009,4.4579,1.1332,0.4591
0.9533,0.0007,1.0041,1.0007,0.4591
0.8260,0.0005,0.8615,1.1282,0.4591
4.3722,0.0005,4.3235,1.8974,0.4305
0.9038,0.0007,0.8673,1.3205,0.4305
1.3003,0.0006,0.6736,1.2965,0.4369
4.8193,0.0006,4.5228,1.3862,0.4313
0.7700,0.0008,1.0195,1.0155,0.4313
1.1591,0.0004,0.6757,1.3783,0.4313
5.6962,0.0005,5.5087,1.3167,0.4368
0.6904,0.0004,0.8640,1.0236,0.4368
1.1036,0.0004,0.6445,1.2086,0.4267
4.1747,0.0007,3.9485,1.1429,0.4220
0.6740,0.0004,0.8295,0.9011,0.4220
1.0165,0.0004,0.5970,0.9206,0.4220
5.1956,0.0008,4.8499,1.8993,0.4136
1.2133,0.0008,1.1721,1.8229,0.4136
1.3442,0.0007,0.8318,1.1505,0.4136
5.1915,0.0008,4.6981,2.1675,0.4301
0.7383,0.0006,1.2897,1.5751,0.4301
1.2468,0.0005,0.6270,1.2408,0.4301
6.1325,0.0007,5.6332,1.6418,0.4177
1.0101,0.0006,1.2341,1.7082,0.4177
1.5853,0.0010,0.7409,1.5750,0.4348
4.7318,0.0008,4.4746,0.9010,0.4306
0.9465,0.0006,0.9589,1.4113,0.4306
1.0298,0.0005,0.6672,0.9262,0.4306
5.0334,0.0008,4.6360,1.9939,0.4107
0.9943,0.0006,1.1094,1.4746,0.4107
1.3756,0.0004,0.8308,1.1444,0.4399
5.1062,0.0007,4.9586,2.1783,0.3980
0.9178,0.0006,1.1551,1.3844,0.3980
1.5402,0.0007,0.7531,1.2401,0.3980
5.7255,0.0007,5.3749,1.8906,0.4320
0.8541,0.0006,1.2177,1.4601,0.4320
1.1794,0.0006,0.7683,1.1844,0.4320
5.5210,0.0007,5.0549,2.0945,0.4078
0.9498,0.0010,1.2617,1.6713,0.4078
1.3286,0.0004,0.8050,1.3031,0.4078
5.2534,0.0009,4.9151,2.0617,0.4285
1.4601,0.0006,1.1826,1.9538,0.4285
1.4445,0.0008,1.1414,1.5103,0.4429
5.0238,0.0009,4.9812,1.8310,0.4243
1.0456,0.0004,1.1168,1.6520,0.4243
1.4098,0.0007,0.7006,1.3803,0.4243
5.3305,0.0008,4.9672,1.8806,0.4242
1.1128,0.0006,1.1781,1.6272,0.4242
1.5467,0.0006,1.0052,1.5558,0.4242
5.0901,0.0009,4.8428,2.0314,0.4261
1.1237,0.0004,1.1380,1.7175,0.4261
1.3066,0.0006,0.7685,1.3080,0.4261
6.5218,0.0007,6.0082,1.8456,0.4107
1.0579,0.0004,1.3284,1.7962,0.4107
1.8908,0.0007,0.8621,1.7615,0.4107
5.4560,0.0009,5.1338,2.0530,0.4223
1.3540,0.0009,1.2990,1.7418,0.4223
1.5609,0.0008,1.2997,1.6998,0.4196
5.2137,0.0007,5.1546,1.8394,0.4148
1.3157,0.0009,1.1861,1.2328,0.4148
0.8202,0.0005,1.2530,1.3652,0.4148
6.0630,0.0007,5.6904,1.9149,0.4129
1.2758,0.0007,1.2714,1.1229,0.4129
1.1669,0.0005,1.1851,1.6968,0.4155
5.0941,0.0008,4.9440,1.5955,0.4430
0.7818,0.0006,1.0786,1.3103,0.4430
1.2859,0.0006,0.6671,1.2998,0.4430
5.2631,0.0009,4.8886,1.8594,0.4192
0.8213,0.0007,1.0983,1.3524,0.4192
1.3755,0.0008,0.8859,1.3544,0.4192
5.0504,0.0007,4.9534,1.8675,0.4170
0.8114,0.0003,1.1327,1.2788,0.4170
1.2690,0.0158,0.6955,0.9812,0.4269
5.4107,0.0010,4.9723,1.7670,0.4309
1.5744,0.0007,1.3245,2.2667,0.4309
1.8369,0.0008,0.8074,1.8092,0.4202
5.0054,0.0008,4.8090,1.3361,0.4325
1.0267,0.0004,1.0777,1.5506,0.4325
1.4393,0.0005,0.7121,1.4457,0.4325
5.3285,0.0009,4.9086,1.4770,0.6324
1.0165,0.0006,1.1563,1.5825,0.6324
1.3826,0.0007,0.7772,1.3817,0.4202
4.8823,0.0008,4.6049,1.6503,0.4135
0.8126,0.0008,1.0236,1.2779,0.4135
1.1291,0.0005,0.7270,1.1822,0.4135
4.9174,0.0007,4.5106,1.4737,0.4247
0.8563,0.0008,1.1114,1.3965,0.4247
1.5535,0.0008,0.7320,1.5701,0.4623
4.9951,0.0007,4.6864,1.0714,0.4311
0.7749,0.0005,1.0351,1.2764,0.4311
1.3380,0.0006,0.7045,1.3466,0.4311
5.3917,0.0006,5.0540,1.9322,0.4232
0.8211,0.0004,1.0751,1.1971,0.4232
1.4541,0.0007,0.7027,1.1523,0.4307
5.2647,0.0008,5.2598,2.2663,0.4321
0.8096,0.0008,1.1298,1.4371,0.4321
1.5956,0.0005,0.7145,1.5505,0.4438
5.1536,0.0008,4.7933,1.5533,0.4284
0.8402,0.0006,1.1359,1.2360,0.4284
1.2986,0.0003,0.7269,1.2286,0.4284
5.1351,0.0007,4.7327,2.2444,0.4487
1.2012,0.0005,1.1307,1.7644,0.4487
1.2670,0.0005,0.7554,1.0573,0.4487
5.0327,0.0009,4.7342,1.7865,0.4271
1.0434,0.0008,1.0958,1.1509,0.4271
1.0798,0.0007,0.9654,1.4633,0.4365
5.4347,0.0009,5.0574,1.8941,0.6429
1.1076,0.0009,1.2371,1.6407,0.6429
1.4003,0.0006,0.9635,1.4130,0.6429
5.0503,0.0006,4.9092,1.7660,0.4224
1.0886,0.0005,1.1389,1.1437,0.4224
0.6843,0.0004,0.9795,0.9871,0.4224
5.3809,0.0010,4.8456,2.1545,0.4367
1.0486,0.0007,1.4139,1.4302,0.4367
1.2599,0.0006,0.8071,1.5705,0.4593
5.2202,0.0009,4.7890,1.5842,0.4203
0.9612,0.0008,1.2419,1.3938,0.4203
1.6362,0.0003,0.8459,1.8065,0.4376
5.3234,0.0008,4.9988,1.8826,0.4354
1.2928,0.0008,1.2193,1.8305,0.4354
1.7573,0.0008,1.0190,1.7248,0.4354
5.2656,0.0008,5.0505,1.5600,0.4253
1.1651,0.0007,1.1681,1.7893,0.4253
1.8791,0.0006,0.8604,1.7912,0.4298
5.4543,0.0011,5.3664,1.6398,0.4250
1.4411,0.0009,1.2484,1.9687,0.4250
1.4860,0.0004,0.9277,1.5041,0.4250
5.1057,0.0007,4.9419,1.7105,0.4198
1.1190,0.0003,1.0630,1.6624,0.4198
1.3737,0.0006,0.7279,1.2389,0.4198
5.1048,0.0007,4.9215,1.7264,0.4241
1.4366,0.0007,1.0982,1.9366,0.4241
1.9640,0.0008,0.8036,1.8654,0.4241
5.2254,0.0007,5.0681,1.1494,0.4219
0.7748,0.0003,1.1090,1.2647,0.4219
1.3226,0.0003,0.6844,1.4472,0.4219
5.5383,0.0011,5.0455,1.9650,0.4365
0.9000,0.0006,1.2749,1.2931,0.4365
1.8713,0.0009,0.7334,1.6127,0.4480
5.1873,0.0008,5.2958,1.3429,0.4488
0.8411,0.0004,1.1879,1.3848,0.4488
1.3569,0.0005,0.8488,1.1491,0.4488
5.4387,0.0007,5.1779,2.0243,0.4523
1.3261,0.0006,1.1892,1.9266,0.4523
1.8615,0.0009,0.7735,1.8256,0.4246
5.3244,0.0007,4.9877,1.1623,0.4286
1.1533,0.0006,1.1820,1.7647,0.4286
1.3426,0.0007,0.7492,1.1221,0.4286
5.0175,0.0010,4.6996,2.1049,0.4180
1.1831,0.0007,1.0953,1.7439,0.4180
1.3291,0.0005,0.7616,1.0976,0.4180
5.5780,0.0007,5.2050,1.8524,0.4363
0.8344,0.0002,1.1520,1.4862,0.4363
1.4349,0.0004,0.6924,1.3046,0.4363
5.1566,0.0006,4.8501,1.7253,0.4135
1.2815,0.0005,1.1042,1.8041,0.4135
1.3266,0.0007,0.8314,1.3564,0.4301
5.3527,0.0008,4.9950,1.9498,0.4062
0.9489,0.0003,1.1719,1.6225,0.4062
1.2022,0.0003,0.7392,1.1038,0.4062
5.1725,0.0008,4.7929,1.8587,0.4226
1.3248,0.0005,1.0962,1.9276,0.4226
1.3647,0.0005,0.8285,1.3417,0.4226
5.1685,0.0009,4.7948,2.2222,0.4380
1.2639,0.0008,1.2177,1.8834,0.4380
1.2428,0.0003,0.7615,1.2788,0.4380
5.1927,0.0009,4.8537,2.1477,0.4285
1.2654,0.0005,1.1366,1.8304,0.4285
1.7370,0.0005,0.7663,1.6769,0.4285
5.0487,0.0006,4.7380,1.5977,0.4281
1.0468,0.0007,1.2132,1.6712,0.4281
1.4036,0.0007,0.7627,1.2943,0.4281
5.6509,0.0007,5.3517,2.3898,0.4286
1.1936,0.0005,1.0994,1.7859,0.4286
1.6963,0.0004,0.7588,1.6654,0.4291
5.1774,0.0009,4.7680,1.5976,0.4339
1.0523,0.0007,1.2810,1.6244,0.4339
1.5556,0.0006,0.9329,1.2797,0.4339
5.1895,0.0007,5.0915,2.1857,0.4289
0.8356,0.0006,1.1054,1.1469,0.4289
1.0111,0.0007,0.7648,0.9838,0.4289
5.8710,0.0007,5.5006,2.1540,0.4283
1.4530,0.0007,1.1162,1.8893,0.4283
1.2087,0.0006,0.9587,1.2596,0.4283
5.1307,0.0007,4.9965,2.0680,0.4368
1.2596,0.0005,1.0826,1.7774,0.4368
1.4502,0.0005,0.7506,1.4520,0.4228
5.1852,0.0008,4.8553,1.2712,0.4291
1.2853,0.0010,1.1400,1.8351,0.4291
1.9097,0.0007,0.8276,1.7279,0.4460
5.3018,0.0009,5.1776,1.6346,0.4213
1.2383,0.0005,1.2276,1.8027,0.4213
1.3171,0.0006,0.8258,1.2972,0.4213
6.0720,0.0008,5.5323,2.2592,0.4208
0.9986,0.0006,1.3871,1.6270,0.4208
1.2218,0.0005,0.8822,1.3610,0.4208
6.3350,0.0006,6.0078,1.5057,0.4331
1.3239,0.0007,1.2571,1.9029,0.4331
1.5719,0.0004,0.8363,1.5866,0.4240
5.1971,0.0006,4.8303,1.4819,0.4308
1.2968,0.0009,1.2421,1.9233,0.4308
1.2011,0.0006,0.9101,1.1908,0.4308
5.0933,0.0008,5.0967,2.1059,0.4326
1.1022,0.0006,1.1269,1.6988,0.4326
1.4860,0.0007,0.7265,1.4644,0.4326
5.2644,0.0007,4.7532,1.3807,0.4308
1.2316,0.0008,1.2969,1.7901,0.4308
1.4229,0.0080,0.8904,1.1855,0.4308
6.7028,0.0007,6.4122,2.6306,0.4822
0.9602,0.0006,1.2854,1.5999,0.4822
1.4021,0.0004,0.8540,1.2547,0.4822
5.4685,0.0007,5.0419,1.5922,0.4365
0.9144,0.0005,1.2710,1.4222,0.4365
1.5192,0.0006,0.8188,1.3536,0.4365
5.2944,0.0007,5.2076,2.0873,0.4264
1.3178,0.0005,1.1668,1.9409,0.4264
1.7849,0.0006,0.7089,1.7462,0.4350
5.2724,0.0007,4.9418,0.9700,0.4416
0.8744,0.0003,1.1783,1.3875,0.4416
1.3853,0.0005,0.7258,1.4304,0.4416
6.3128,0.0008,5.9004,1.6911,0.4753
1.4351,0.0004,1.1704,2.0288,0.4753
1.0504,0.0004,0.7531,1.0824,0.4753
5.1222,0.0007,4.7384,1.4717,0.4174
1.0668,0.0005,1.2250,1.6032,0.4174
1.3897,0.0004,0.9052,1.3980,0.4174
5.4024,0.0007,5.0626,1.8081,0.4427
1.1904,0.0004,1.1317,1.7711,0.4427
1.2793,0.0004,0.6797,1.3296,0.4427
4.8690,0.0007,4.5214,1.7790,0.4397
0.9986,0.0008,1.0309,1.4956,0.4397
1.4793,0.0006,0.7985,1.4510,0.4387
5.2368,0.0007,4.9173,1.7629,0.4429
1.1865,0.0005,1.1594,1.7698,0.4429
1.2641,0.0003,0.7061,1.0906,0.4429
5.0268,0.0007,4.6471,1.9381,0.4415
1.0255,0.0005,1.1226,1.5859,0.4415
1.3378,0.0006,0.7210,1.0299,0.4415
5.1711,0.0008,4.8826,2.3400,0.4307
1.2475,0.0008,1.1747,1.8546,0.4307
1.3446,0.0008,1.1049,1.0357,0.4307
5.9920,0.0006,5.8995,2.1808,0.4305
1.1651,0.0006,1.1144,1.7393,0.4305
1.3732,0.0004,0.7062,1.3496,0.4305
4.8537,0.0008,4.5629,1.5896,0.4188
0.9895,0.0006,1.0465,1.5593,0.4188
1.5336,0.0005,0.6886,1.5010,0.4488
4.8660,0.0006,4.5860,1.3601,0.4222
1.2497,0.0004,1.0754,1.8057,0.4222
1.4229,0.0005,0.7082,1.0419,0.4222
4.8186,0.0008,4.7088,2.0846,0.4285
1.0919,0.0006,1.0274,1.5684,0.4285
1.3974,0.0005,0.9679,1.3791,0.4285
5.2000,0.0007,4.9316,1.5492,0.4157
0.8314,0.0005,1.1334,1.1304,0.4157
1.2418,0.0005,0.7098,1.4489,0.4157
5.8275,0.0007,5.4457,1.8599,0.4278
0.9510,0.0005,1.1027,1.5526,0.4278
1.2602,0.0005,0.6629,0.9850,0.4278
5.3107,0.0011,4.9449,1.8686,0.4383
1.0505,0.0008,1.1287,1.4571,0.4383
1.1514,0.0005,0.9561,1.0411,0.4383
5.0326,0.0008,4.7101,1.7623,0.4308
0.9932,0.0005,1.0595,1.1593,0.4308
0.8170,0.0004,0.8907,1.2298,0.4308
4.9706,0.0007,4.5382,1.6458,1.1288
0.8171,0.0004,1.0987,1.3294,1.1288
1.3770,0.0009,0.7207,1.5048,0.4533
5.1630,0.0008,4.9595,1.2522,0.4225
0.7048,0.0006,0.8948,0.9418,0.4225
0.9782,0.0002,0.6518,0.9619,0.4225
4.1984,0.0006,4.0065,1.4648,0.4525
1.1375,0.0008,0.8364,0.9387,0.4525
0.8105,0.0007,1.1463,1.3218,0.7119
4.7908,0.0006,4.6633,1.2563,0.4239
0.7348,0.0006,0.9483,1.0414,0.4239
0.9432,0.0004,0.6441,0.9480,0.4239
4.3791,0.0007,4.1724,1.4309,0.4486
0.6390,0.0002,0.8088,0.9382,0.4486
0.8551,0.0003,0.5993,0.8199,0.4486
4.4136,0.0006,4.0262,1.4340,0.4351
0.7111,0.0002,1.0310,1.0585,0.4351
1.1688,0.0004,0.6211,1.1771,0.4351
4.3412,0.0005,4.1691,1.4955,0.4305
0.6425,0.0004,0.7945,0.9465,0.4305
1.1775,0.0004,0.6113,1.1106,0.4305
4.2237,0.0006,3.9647,1.6306,0.4467
0.6657,0.0003,0.8730,0.9319,0.4467
0.9912,0.0003,0.7042,0.9561,0.4467
4.7042,0.0007,4.4193,1.3448,0.4569
0.7043,0.0003,0.9869,1.1166,0.4569
1.5238,0.0004,0.6162,1.4371,0.4561
4.3383,0.0006,4.3050,1.1054,0.4512
0.6775,0.0005,0.8288,0.9578,0.4512
1.0086,0.0003,0.7126,0.9410,0.4512
4.1879,0.0004,4.0891,1.9638,0.4620
1.0046,0.0005,0.8335,0.9476,0.4620
1.1822,0.0005,1.0398,1.2863,0.4620
4.6199,0.0007,4.4543,2.7480,0.4395
0.6762,0.0005,0.9068,0.9383,0.4395
1.0412,0.0005,0.6020,1.0756,0.4280
4.2050,0.0005,4.1542,1.1873,0.4186
0.6572,0.0004,0.7977,0.9741,0.4186
1.0541,0.0002,0.5869,0.9221,0.4186
4.5781,0.0010,4.2006,1.6368,0.4453
0.7740,0.0005,1.0962,1.1355,0.4453
1.0778,0.0005,0.6891,1.0975,0.4453
4.4660,0.0008,4.2560,1.5590,0.4418
0.6409,0.0006,0.8339,0.9234,0.4418
1.0301,0.0004,0.6923,1.0030,0.4418
4.2065,0.0006,4.1806,1.4192,0.4254
0.7161,0.0005,0.8096,1.0601,0.4254
1.2615,0.0004,0.6706,1.2479,0.4466
5.0327,0.0007,5.1216,1.5805,0.7170
1.0033,0.0005,1.1393,1.3869,0.7170
1.0463,0.0005,0.8815,0.9645,0.7170
4.4551,0.0007,4.2944,1.8335,0.4376
0.6305,0.0003,0.8034,0.8897,0.4376
1.0225,0.0003,0.5808,0.8954,0.4376
4.5883,0.0011,4.1811,1.5831,0.4423
1.1952,0.0006,1.0874,1.7354,0.4423
1.1649,0.0003,0.7468,1.1782,0.4423
4.5060,0.0005,4.3700,1.5065,0.4402
0.6956,0.0003,0.8146,1.0733,0.4402
1.5274,0.0003,0.6272,1.5567,0.4390
4.2977,0.0010,4.0823,0.7884,0.4403
0.6799,0.0006,0.8377,1.0188,0.4403
1.5401,0.0003,0.6261,1.5914,0.4486
4.8301,0.0006,4.4334,1.4192,0.6761
0.7795,0.0004,1.0700,1.1373,0.6761
0.8455,0.0005,0.6664,0.9424,0.4403
4.2685,0.0006,4.1855,1.1784,0.4498
0.9015,0.0005,0.8205,0.8885,0.4498
0.8077,0.0003,0.8534,0.9370,0.4498
4.4081,0.0008,4.1695,1.5267,0.4329
0.8314,0.0009,0.9181,1.2086,0.4329
1.2675,0.0006,0.8418,1.0347,0.4329
4.8633,0.0009,4.7050,1.7663,0.4454
0.7481,0.0005,0.9743,0.9673,0.4454
0.7754,0.0004,0.6387,0.8614,0.4454
5.4018,0.0007,5.1602,1.2410,0.4542
0.7480,0.0005,0.9805,1.0845,0.4542
0.9122,0.0004,0.6957,1.1011,0.4542
4.5953,0.0006,4.2616,1.5019,0.6711
0.7281,0.0007,0.9839,1.0505,0.6711
0.8280,0.0004,0.6577,0.8390,0.6711
4.2424,0.0005,4.0450,1.9724,0.4277
0.8128,0.0003,0.8174,0.8847,0.4277
0.6573,0.0004,0.7666,0.9604,0.4277
4.4023,0.0005,4.1848,1.3555,0.4370
0.6793,0.0004,0.8682,0.9113,0.4370
0.6822,0.0004,0.6101,0.8350,0.4370
5.1598,0.0007,4.7482,1.4128,0.4540
0.7894,0.0006,1.0746,1.1090,0.4540
0.8702,0.0005,0.6858,0.8687,0.4540
5.2953,0.0006,4.9952,1.3833,0.4295
0.7464,0.0005,0.9593,1.0303,0.4295
1.0391,0.0006,0.6751,1.0503,0.4295
4.5673,0.0006,4.2533,1.4216,0.4298
0.7386,0.0008,0.9648,1.0412,0.4298
1.0912,0.0006,0.6633,1.0319,0.4451
4.2684,0.0006,4.2450,1.2877,0.4356
1.0393,0.0005,0.7816,1.4074,0.4356
1.1776,0.0005,0.6369,0.9320,0.4356
4.2903,0.0005,4.2698,1.3147,0.4364
0.6533,0.0004,0.7859,0.8834,0.4364
0.9258,0.0004,0.6494,0.9555,0.4364
4.4502,0.0006,4.2723,1.6365,0.4537
0.9423,0.0006,0.9763,0.9917,0.4537
0.9014,0.0004,0.9632,0.9140,0.4457
4.8805,0.0005,4.9601,1.1086,0.4186
0.6211,0.0005,0.7324,0.9142,0.4186
1.0582,0.0004,0.6014,0.9255,0.4186
3.8479,0.0005,3.7300,1.4867,0.4462
0.6054,0.0003,0.7105,0.8577,0.4462
1.0016,0.0006,0.5781,0.9088,0.4462
4.3650,0.0005,4.0060,1.5091,0.4364
1.0794,0.0005,1.0350,0.9046,0.4364
0.5726,0.0002,0.9699,0.7585,0.4316
3.9847,0.0005,3.8618,1.1049,0.4371
0.6160,0.0003,0.7145,0.8766,0.4371
1.0866,0.0003,0.6005,0.9064,0.4301
3.8714,0.0003,3.8717,1.2410,0.4293
0.5964,0.0003,0.7220,0.8617,0.4293
1.4421,0.0004,0.6243,1.1445,0.6535
4.5272,0.0006,4.6476,1.6360,0.4361
0.8155,0.0005,0.9197,1.2350,0.4361
1.2879,0.0003,0.6820,1.1632,0.4289
4.1695,0.0005,4.1928,1.0091,0.4227
0.5867,0.0004,0.7251,0.8816,0.4227
1.1548,0.0005,0.5659,1.0218,0.4227
4.0983,0.0006,3.7969,1.3429,0.4356
0.6952,0.0004,0.9349,1.0249,0.4356
0.7731,0.0004,0.6206,0.9171,0.4356
4.1988,0.0005,4.0873,1.3118,0.4260
0.6115,0.0003,0.7086,0.8597,0.4260
1.2229,0.0005,0.6274,1.0265,0.4260
4.3976,0.0006,4.3567,1.5422,0.4340
0.6933,0.0004,0.8272,1.0913,0.4340
1.0500,0.0004,0.6226,1.0570,0.4247
4.4994,0.0009,4.1516,0.9827,0.8106
0.7985,0.0004,1.0184,1.1489,0.8106
1.1261,0.0003,0.7103,1.1086,0.8106
4.3904,0.0005,4.2168,1.2845,0.4232
0.6261,0.0003,0.7975,0.9578,0.4232
1.1553,0.0004,0.6020,0.9709,0.4232
4.2679,0.0007,4.3275,1.2877,0.4219
0.6348,0.0003,0.8350,0.9334,0.4219
0.7834,0.0004,0.5741,0.8293,0.4219
4.8271,0.0008,4.4469,1.5015,1.2103
0.7032,0.0003,1.0162,1.0295,1.2103
1.0943,0.0003,0.6108,1.2888,0.4598
4.2875,0.0007,4.0698,1.0708,0.4331
0.6415,0.0002,0.8192,0.9149,0.4331
1.0023,0.0004,0.6774,0.9061,0.4331
5.0117,0.0007,4.8587,1.5038,0.4175
1.0091,0.0006,1.0580,1.5028,0.4175
1.3281,0.0004,0.7346,1.3546,0.4281
4.4444,0.0005,4.3142,1.2978,0.4167
0.6581,0.0005,0.7866,0.9462,0.4167
1.0390,0.0004,0.6174,1.0073,0.4167
4.6282,0.0007,4.4036,1.4248,0.4356
1.2518,0.0004,1.0467,1.8842,0.4356
1.0897,0.0004,0.6453,0.9233,0.4267
4.6949,0.0007,4.6073,1.3069,1.1215
0.9598,0.0003,0.9928,1.2680,1.1215
1.1157,0.0004,0.8809,1.2848,1.1215
4.4106,0.0007,4.2321,2.0242,0.4368
0.6260,0.0004,0.8292,0.9260,0.4368
0.8548,0.0003,0.5679,0.7832,0.4368
4.5397,0.0009,4.1929,1.4949,0.4224
0.9596,0.0007,1.0960,1.1572,0.4224
1.1694,0.0004,0.8327,1.1799,0.4224
4.6522,0.0006,4.4845,1.8529,0.4205
0.9347,0.0006,0.9007,0.9140,0.4205
0.8450,0.0006,0.8627,0.9262,0.4205
5.2268,0.0004,5.0054,1.7426,0.4417
0.6804,0.0006,0.8549,0.9473,0.4417
1.0645,0.0005,0.7062,0.9481,0.4342
4.6145,0.0009,4.5476,1.3512,0.4134
0.9681,0.0006,0.9660,1.0460,0.4134
1.0584,0.0004,0.8732,1.4584,0.4376
4.5308,0.0005,4.1749,1.0167,0.4238
0.8989,0.0006,1.0091,0.9376,0.4238
0.5642,0.0003,0.8197,0.7581,0.4238
4.1998,0.0005,3.9982,1.2867,0.4440
0.6734,0.0004,0.8107,0.8897,0.4440
1.0785,0.0004,0.6124,1.2133,0.4440
4.7811,0.0006,4.5525,1.7714,0.4331
0.7280,0.0005,0.9805,0.9968,0.4331
0.8287,0.0004,0.6519,1.0682,0.4331
4.4076,0.0008,4.1086,1.4704,0.4343
0.6666,0.0006,0.9070,1.0445,0.4343
1.1417,0.0003,0.6015,1.0149,0.4343
4.5665,0.0005,4.3549,1.3935,0.4295
0.7242,0.0004,0.9712,0.9997,0.4295
0.9401,0.0002,0.6437,1.0368,0.4295
4.4736,0.0005,4.2473,1.5208,0.4609
0.6478,0.0004,0.8195,0.9231,0.4609
0.8677,0.0004,0.5922,0.8204,0.4609
4.2528,0.0007,3.9926,1.6881,0.4259
0.6811,0.0005,0.8505,0.9096,0.4259
0.9741,0.0005,0.6176,0.8544,0.4259
4.8388,0.0006,4.4649,1.7974,0.6399
0.7709,0.0003,1.0505,1.1047,0.6399
1.4025,0.0006,0.6539,1.5009,0.4451
4.5846,0.0004,4.4716,0.9446,0.4208
0.6386,0.0003,0.8094,0.9386,0.4208
1.2290,0.0003,0.6288,1.3129,0.4208
4.2132,0.0007,3.9984,1.2479,0.4349
0.6512,0.0005,0.8425,0.9090,0.4349
1.1415,0.0004,0.7329,1.2431,0.4349
4.7617,0.0006,4.5072,1.0953,0.4730
1.0590,0.0005,0.9871,0.9966,0.4730
0.6314,0.0006,1.0013,0.7862,0.4298
4.7444,0.0007,4.3947,1.1928,0.4322
0.7771,0.0005,1.0306,1.0896,0.4322
0.9098,0.0005,0.6887,0.9131,0.4322
4.8476,0.0007,4.4801,1.7357,0.4412
0.8993,0.0005,1.0901,1.4477,0.4412
1.2254,0.0003,0.6923,1.2268,0.4374
4.6917,0.0007,4.4151,1.2109,0.4461
0.7281,0.0007,0.9386,1.0234,0.4461
0.8549,0.0003,0.6708,0.8956,0.4461
4.4519,0.0006,4.2767,1.2986,0.4323
0.6966,0.0005,0.8360,0.9214,0.4323
0.8537,0.0002,0.6183,1.0042,0.4323
4.7733,0.0005,4.4085,1.5977,0.4697
0.8504,0.0007,1.0045,1.0126,0.4697
0.7475,0.0003,0.7732,0.8928,0.4697
4.7424,0.0005,4.4227,1.6606,0.4488
0.7071,0.0004,0.9967,1.0083,0.4488
0.8572,0.0004,0.6425,0.8742,0.4488
4.3603,0.0011,4.1608,1.7123,0.4466
0.7310,0.0007,0.8628,0.9605,0.4466
1.2295,0.0004,0.6851,1.3544,0.4466
4.8189,0.0006,4.5959,1.2122,0.4462
0.6718,0.0004,0.9060,0.9732,0.4462
0.8751,0.0004,0.5828,0.8267,0.4462
4.5118,0.0008,4.2268,2.1595,0.4118
0.7308,0.0005,0.9254,0.9786,0.4118
0.7994,0.0004,0.6611,0.9785,0.4118
4.5668,0.0009,4.2722,1.3068,0.4290
0.6797,0.0006,0.9059,1.0213,0.4290
1.0381,0.0004,0.6212,0.9195,0.4290
4.4782,0.0006,4.4513,1.5655,0.4205
0.6568,0.0003,0.8371,0.9197,0.4205
1.1264,0.0003,0.5888,1.2636,0.4447
4.2502,0.0006,4.0054,0.9923,0.4371
0.6679,0.0004,0.8464,0.9494,0.4371
0.9933,0.0003,0.6123,1.0199,0.4371
4.8824,0.0006,4.5033,1.4399,0.4525
0.8624,0.0006,1.0468,1.4010,0.4525
1.2913,0.0004,0.6749,0.8996,0.4230
4.4937,0.0005,4.4730,1.4532,0.4182
0.6520,0.0003,0.8390,0.9603,0.4182
0.9548,0.0003,0.6969,1.0273,0.4182
4.2742,0.0006,4.1900,1.5128,0.4378
0.7780,0.0005,0.8842,1.1839,0.4378
1.0890,0.0005,0.6810,0.9470,0.4378
4.6717,0.0007,4.8797,1.8387,0.4131
0.7182,0.0005,0.9384,1.0536,0.4131
0.9967,0.0003,0.6411,1.1620,0.4316
4.2264,0.0005,4.0169,1.4095,0.4379
0.6187,0.0004,0.7860,0.8967,0.4379
1.1847,0.0003,0.5832,1.0637,0.4379
4.7986,0.0007,4.3517,1.6646,0.4510
0.9349,0.0006,1.1401,1.3763,0.4510
1.0007,0.0003,0.8147,1.1765,0.4510
4.4437,0.0005,4.2232,1.6654,0.4483
0.6714,0.0004,0.8493,0.9066,0.4483
0.8905,0.0003,0.6053,0.9527,0.4483
4.1787,0.0005,3.9999,1.7133,0.4285
0.6109,0.0002,0.7866,0.8678,0.4285
1.2486,0.0003,0.6082,1.3512,0.4269
4.6847,0.0007,4.4013,1.1620,0.4519
0.7296,0.0006,0.9642,1.0346,0.4519
0.9258,0.0004,0.6447,0.9967,0.4519
4.2260,0.0007,4.0275,1.5273,0.4177
0.6249,0.0003,0.8187,0.9439,0.4177
0.9541,0.0003,0.5896,0.8106,0.4177
4.5036,0.0010,4.1462,1.9275,0.4313
0.9174,0.0008,1.0706,1.3211,0.4313
1.8166,0.0009,0.7718,1.8303,0.4541
4.7000,0.0007,4.6292,1.1287,0.4366
0.7437,0.0006,0.8683,0.9541,0.4366
1.0466,0.0003,0.6896,1.2589,0.4342
4.2642,0.0006,4.0711,1.0939,0.4340
1.2366,0.0003,0.8493,1.0211,0.4340
1.0809,0.0004,1.2983,0.8640,0.4388
5.5734,0.0007,5.5940,1.1119,0.4382
0.6892,0.0005,1.0090,1.1547,0.4382
1.1641,0.0004,0.6189,0.8852,0.4382
5.4549,0.0008,4.8423,1.4433,0.4171
1.2736,0.0006,1.3649,0.8374,0.4387
0.6110,0.0003,1.1288,0.8374,0.4387
4.8877,0.0007,4.4942,1.3585,0.4450
0.7743,0.0005,1.0915,1.1566,0.4450
0.9621,0.0006,0.6337,0.9533,0.4450
4.3831,0.0004,4.1509,1.9561,0.4174
0.6555,0.0005,0.8189,0.8918,0.4174
1.0257,0.0004,0.7144,0.9646,0.4174
4.4983,0.0005,4.3287,1.3472,0.4190
0.6855,0.0005,0.8860,0.9550,0.4190
0.9152,0.0004,0.6525,0.8835,0.4190
4.5293,0.0009,4.2612,1.4955,0.4419
0.7200,0.0005,0.9308,0.9809,0.4419
0.7805,0.0003,0.6285,0.8257,0.4419
4.3907,0.0008,4.1244,1.4562,0.4276
0.7036,0.0008,0.9061,0.9857,0.4276
0.6090,0.0005,0.6287,0.7807,0.4276
4.2148,0.0006,4.0098,1.2227,0.4269
0.6402,0.0003,0.8106,0.9289,0.4269
1.0797,0.0003,0.5825,1.0246,0.4269
4.7082,0.0006,4.4709,1.8489,0.4351
1.0203,0.0005,1.0694,0.9777,0.4351
0.8575,0.0004,0.9140,1.1819,0.4301
4.4906,0.0005,4.4871,0.9927,0.4157
0.6831,0.0004,0.8481,0.9799,0.4157
0.9851,0.0004,0.6060,0.8669,0.4157
4.3873,0.0008,4.0720,1.7628,0.4515
0.7566,0.0005,0.9732,1.0957,0.4515
0.9912,0.0003,0.6772,1.1540,0.4515
5.4202,0.0004,5.1947,1.1266,0.4505
0.6324,0.0002,0.8148,0.9572,0.4505
0.8585,0.0003,0.6108,0.9163,0.4505
4.1508,0.0003,3.9690,1.1910,0.4246
0.6619,0.0003,0.8041,0.9233,0.4246
0.7055,0.0003,0.5771,0.8339,0.4246
4.6276,0.0007,4.2240,1.6779,1.2285
0.7603,0.0004,1.0391,1.1096,1.2285
0.9655,0.0005,0.7149,0.9661,1.2285
5.0054,0.0007,4.9384,1.6279,0.4430
0.6931,0.0005,0.8962,0.9598,0.4430
0.9314,0.0003,0.6069,0.8795,0.4430
4.3013,0.0006,4.0605,1.5548,0.4393
0.6531,0.0005,0.8535,0.8940,0.4393
1.1898,0.0004,0.6291,1.0014,0.4393
4.6922,0.0006,4.5744,1.7794,0.4344
0.7244,0.0004,0.9551,1.0865,0.4344
0.9717,0.0176,0.6881,0.9260,0.4382
4.3932,0.0006,4.2772,1.7346,0.4232
0.8990,0.0007,0.8342,0.9434,0.4232
0.6066,0.0005,0.8454,0.8176,0.4232
5.9968,0.0007,5.5321,1.3853,0.4274
1.1243,0.0008,1.1984,1.1103,0.4274
0.9282,0.0003,1.0313,0.8527,0.4362
4.4815,0.0005,4.5852,1.7558,0.4351
0.6901,0.0004,0.8427,0.9521,0.4351
0.9187,0.0003,0.6202,0.8954,0.4351
4.1307,0.0005,3.9443,1.3543,0.4365
0.6574,0.0003,0.8093,0.8776,0.4365
0.7822,0.0003,0.5770,0.7815,0.4365
4.6529,0.0006,4.3237,1.4943,1.1192
0.9650,0.0006,0.9962,1.1938,1.1192
0.9599,0.0003,0.9730,0.8121,0.4281
4.2674,0.0004,4.3541,1.3148,0.4293
0.6800,0.0004,0.8004,0.9330,0.4293
0.8287,0.0003,0.6869,0.8276,0.4293
4.2487,0.0005,4.1598,1.3610,0.4211
0.8601,0.0004,0.9689,0.9468,0.4211
1.2366,0.0004,0.6888,1.4673,0.4578
4.8357,0.0005,4.5866,1.3628,0.4244
0.7315,0.0004,0.9586,0.9766,0.4244
1.0159,0.0003,0.6207,0.9452,0.4361
4.3727,0.0006,4.2575,1.3982,0.4240
0.7808,0.0005,0.9024,0.9870,0.4240
0.8030,0.0003,0.6893,0.8620,0.4240
4.5898,0.0006,4.2444,1.8926,0.4417
0.9057,0.0007,1.0078,1.3997,0.4417
1.0895,0.0004,0.6354,0.9880,0.4301
5.2563,0.0004,5.1819,1.1890,0.4163
0.6596,0.0004,0.8150,0.9205,0.4163
1.0008,0.0003,0.5977,0.7878,0.4163
4.3097,0.0004,4.2282,1.4676,0.4195
0.6891,0.0003,0.8438,0.9787,0.4195
0.9701,0.0004,0.6514,0.9953,0.4195
4.7370,0.0008,4.4579,1.5381,0.4427
0.9460,0.0006,0.9829,1.1932,0.4427
0.7830,0.0003,0.8902,0.8430,0.4427
4.3310,0.0006,4.2299,1.8593,0.4492
0.7110,0.0005,0.8420,0.9833,0.4492
0.9606,0.0004,0.6437,0.8485,0.4492
4.4826,0.0005,4.1848,1.4467,0.4162
0.8321,0.0004,0.9528,1.2845,0.4162
1.1011,0.0004,0.7029,0.7855,0.4162
4.4222,0.0005,4.3218,1.4455,0.4436
0.6962,0.0006,0.8568,0.9318,0.4436
1.1364,0.0003,0.6204,1.0817,0.4436
4.1328,0.0006,3.9402,1.6247,0.4497
0.6337,0.0003,0.8006,0.9408,0.4497
0.9872,0.0002,0.5648,0.8970,0.4497
5.0246,0.0008,4.5594,1.8326,0.4340
0.8091,0.0005,1.1401,1.1273,0.4340
1.0352,0.0004,0.6953,1.3297,0.4340
4.5064,0.0009,4.2580,1.4068,0.4317
0.8991,0.0006,0.8421,0.9342,0.4317
0.6780,0.0006,0.8653,0.9896,0.4317
4.2039,0.0008,4.0047,1.2499,0.4532
0.6569,0.0006,0.8140,0.9628,0.4532
1.0664,0.0006,0.6204,0.8526,0.4532
5.1899,0.0009,4.9146,1.6785,0.4668
0.9990,0.0007,0.9724,0.9951,0.4668
0.6108,0.0004,0.8996,0.7261,0.4668
4.2921,0.0005,4.1272,1.1192,0.4461
0.6169,0.0003,0.7905,0.9282,0.4461
1.2169,0.0003,0.6867,0.8674,0.4261
4.5712,0.0008,4.6128,1.4618,0.4385
1.2426,0.0005,1.1169,1.1747,0.4385
0.6789,0.0003,1.1298,0.9416,0.4716
4.6126,0.0005,4.4614,1.3518,0.4187
0.6453,0.0002,0.8064,0.9679,0.4187
1.0462,0.0002,0.6083,0.8954,0.4187
4.3802,0.0007,4.1051,1.4004,0.4099
0.8026,0.0007,0.9133,1.2371,0.4099
1.1219,0.0003,0.6984,0.9209,0.4099
4.8342,0.0008,4.5152,1.5964,0.4384
0.7951,0.0006,0.9981,1.2947,0.4384
0.9776,0.0003,0.6604,0.9576,0.4384
5.3911,0.0005,5.2119,1.1707,0.4380
0.6871,0.0004,0.8353,0.9825,0.4380
1.1009,0.0004,0.6137,0.9344,0.4380
5.5783,0.0011,5.0739,1.9064,0.4145
1.0569,0.0003,1.2388,1.5444,0.4145
1.0865,0.0003,1.0611,1.1546,0.4145
5.8491,0.0010,5.5857,1.4024,0.4130
1.0623,0.0007,1.2482,1.2710,0.4130
0.8355,0.0003,0.9763,1.1754,0.4130
6.0407,0.0007,5.6709,1.7527,0.4377
1.0396,0.0007,1.2625,1.6423,0.4377
1.5672,0.0006,1.1072,1.6070,0.4422
4.9369,0.0010,4.8645,1.2099,0.4169
0.8482,0.0003,1.0700,1.1299,0.4169
1.1559,0.0005,0.7614,1.0656,0.4169
4.8971,0.0008,4.6444,2.0745,0.4151
0.9397,0.0007,1.1310,1.4358,0.4151
1.7031,0.0007,0.8038,1.5720,0.4151
5.4120,0.0009,5.1871,2.0639,0.4329
1.1800,0.0009,1.2527,1.6722,0.4329
1.3402,0.0010,1.1023,1.2314,0.4329
5.5402,0.0008,5.4851,2.3661,0.4341
1.0728,0.0008,1.3493,1.3056,0.4341
1.4791,0.0006,0.8630,1.7784,0.4341
5.7593,0.0008,5.4419,1.8807,0.4325
1.2412,0.0008,1.2306,1.5505,0.4325
1.3030,0.0005,1.1211,1.6224,0.4325
5.0182,0.0006,4.7611,1.9287,0.4087
1.0755,0.0004,1.1209,1.6026,0.4087
1.1815,0.0006,0.8021,0.9035,0.4087
5.2922,0.0006,5.0928,2.5619,0.4549
0.8308,0.0006,1.1475,1.3490,0.4549
1.3782,0.0006,0.7508,1.1868,0.4549
5.2662,0.0007,4.9024,2.1761,0.4368
0.8665,0.0006,1.1922,1.2790,0.4368
1.2052,0.0005,0.7516,1.3169,0.4368
6.4906,0.0008,6.1356,1.6435,0.4163
0.8140,0.0005,1.0871,1.1704,0.4163
1.4440,0.0009,0.7424,1.1523,0.4163
5.4897,0.0008,5.2467,2.4018,0.4204
1.1403,0.0008,1.2585,1.2316,0.4204
0.8706,0.0005,0.9964,1.0055,0.4204
5.4383,0.0006,5.0142,2.4748,0.4165
0.8017,0.0005,1.1881,1.4563,0.4165
1.7048,0.0006,0.7311,1.5917,0.4414
5.0575,0.0007,4.8791,1.3343,0.4127
0.9542,0.0008,1.0871,1.2642,0.4127
1.1674,0.0006,0.8602,1.3834,0.4127
4.9299,0.0009,4.5226,1.8463,0.4245
0.8452,0.0004,1.1087,1.4421,0.4245
1.7070,0.0006,0.7140,1.6623,0.4386
5.4500,0.0008,5.0769,1.6104,0.4313
0.9996,0.0008,1.1481,1.6390,0.4313
1.4313,0.0006,0.7334,1.4010,0.4313
5.0760,0.0010,4.6966,1.7000,0.4293
1.2833,0.0008,1.1584,1.7351,0.4293
1.4006,0.0006,1.1122,1.4577,0.4293
5.1061,0.0007,5.1537,1.7261,0.4130
0.7897,0.0007,1.0622,1.1031,0.4130
1.1493,0.0005,0.7014,1.3779,0.4130
4.8445,0.0007,4.5077,1.7566,0.4164
1.0050,0.0006,1.0547,1.0765,0.4164
0.8264,0.0007,0.9021,1.0267,0.4164
5.4309,0.0008,4.9610,2.2938,0.4506
1.1050,0.0006,1.2463,1.7511,0.4506
1.5221,0.0004,0.7478,1.5242,0.4506
5.1074,0.0007,4.7442,1.4585,0.4157
0.8278,0.0006,1.1120,1.1763,0.4157
1.0173,0.0005,0.7390,1.0515,0.4157
5.1874,0.0007,4.8151,2.0027,0.4181
0.8637,0.0008,1.1598,1.2382,0.4181
0.8785,0.0004,0.7425,1.0662,0.4181
4.9234,0.0006,4.6097,1.8083,0.4124
0.7926,0.0006,1.0214,1.2611,0.4124
1.2924,0.0005,0.6802,1.0804,0.4124
5.2007,0.0010,4.8212,2.2072,0.4344
0.9852,0.0004,1.1757,1.2863,0.4344
1.6040,0.0003,0.9110,1.9075,0.4344
5.0457,0.0006,4.8227,1.5336,0.4313
0.8144,0.0006,1.0515,1.1343,0.4313
0.9934,0.0004,0.7150,1.0291,0.4313
4.7741,0.0006,4.4876,1.7416,0.4429
0.8193,0.0009,1.0359,1.1280,0.4429
1.1004,0.0005,0.6999,1.1256,0.4429
5.2583,0.0007,4.8975,1.6999,0.4369
0.9389,0.0006,1.2294,1.2641,0.4369
1.1355,0.0006,0.7672,0.9937,0.4369
4.7326,0.0007,4.4685,1.8591,0.4154
0.7189,0.0004,0.9870,1.0692,0.4154
1.1040,0.0004,0.6658,1.2162,0.4154
5.2354,0.0010,4.8990,2.1119,0.4221
1.1072,0.0009,1.2358,1.7418,0.4221
1.4282,0.0007,0.8076,1.4415,0.4221
5.0471,0.0007,4.7498,1.5528,0.4334
0.7773,0.0005,1.0553,1.1878,0.4334
1.1139,0.0008,0.6646,0.9588,0.4334
4.8586,0.0008,4.4952,2.0808,0.4375
1.2964,0.0006,1.1650,1.1697,0.4375
1.0287,0.0005,1.3685,1.2324,0.4375
5.1218,0.0008,4.8840,2.1131,0.4249
0.8633,0.0006,1.1330,1.3448,0.4249
1.2113,0.0007,0.8066,0.9835,0.4249
5.0146,0.0007,4.6881,1.6110,0.4204
1.0320,0.0003,1.0305,1.5393,0.4204
1.1134,0.0004,0.6714,1.0491,0.4204
5.2755,0.0008,4.9088,1.7849,0.4521
0.8857,0.0009,1.1786,1.2772,0.4521
1.1912,0.0005,0.7246,1.2027,0.4521
5.1284,0.0009,4.7937,1.9596,0.4411
1.1010,0.0008,1.1206,1.2386,0.4411
0.9562,0.0008,1.0274,1.3292,0.4411
5.6258,0.0010,5.1758,1.7923,0.4139
0.9059,0.0007,1.2676,1.3277,0.4139
1.2875,0.0004,0.7867,1.5314,0.4341
5.0715,0.0008,4.7242,2.0037,0.4388
0.8459,0.0006,1.1097,1.1146,0.4388
0.9313,0.0004,0.7537,1.1219,0.4388
4.9048,0.0007,4.4846,1.5484,0.4204
0.9561,0.0007,1.1526,1.5240,0.4204
1.4764,0.0005,0.8153,1.4780,0.4204
4.9798,0.0011,4.5738,1.6718,0.4188
0.8615,0.0007,1.1843,1.3411,0.4188
1.2831,0.0009,0.7362,1.1795,0.4188
4.9133,0.0006,4.6904,1.5239,0.4327
1.2005,0.0005,0.9808,1.6873,0.4327
1.6840,0.0006,0.6535,1.6157,0.4435
5.1025,0.0010,4.8430,1.4084,0.4217
1.0904,0.0005,1.0584,1.6275,0.4217
1.6039,0.0008,0.7072,1.5881,0.4434
4.9247,0.0006,4.6200,1.1136,0.4141
0.9673,0.0004,1.0700,1.5168,0.4141
1.4641,0.0005,0.7052,1.4507,0.4141
5.0707,0.0008,4.7329,1.7068,0.4337
1.0382,0.0007,1.0898,1.5496,0.4337
1.1873,0.0006,0.7741,1.0007,0.4337
4.8797,0.0008,4.6653,1.7830,0.4253
1.3134,0.0005,1.0360,1.8432,0.4253
1.2496,0.0004,0.6891,0.8941,0.4253
5.1584,0.0007,4.7545,2.4627,0.4391
1.2478,0.0007,1.1754,1.8621,0.4391
1.3468,0.0006,0.7404,1.1999,0.4391
5.1399,0.0008,4.7892,1.9340,0.4114
0.9304,0.0006,1.2127,1.5717,0.4114
1.4901,0.0005,0.8155,1.2775,0.4114
5.0048,0.0010,4.6356,2.2727,0.4246
0.8721,0.0008,1.1664,1.3521,0.4246
1.3297,0.0007,0.8418,1.3710,0.4246
5.0824,0.0006,4.7743,1.8821,0.4313
1.2768,0.0006,1.1244,1.7667,0.4313
1.0581,0.0005,0.8124,0.9683,0.4313
4.8653,0.0006,4.6003,1.7577,0.4275
1.2681,0.0004,0.9948,1.6613,0.4275
1.0354,0.0004,0.8429,1.1444,0.4275
5.2453,0.0010,4.9275,1.9777,0.4226
0.8992,0.0006,1.1645,1.4779,0.4226
1.3485,0.0005,0.7810,1.1793,0.4226
4.9499,0.0008,4.7274,2.0890,0.4173
0.8426,0.0004,1.0456,1.3636,0.4173
1.8363,0.0003,0.7251,1.8143,0.4328
5.3369,0.0011,4.9330,1.6562,0.4672
0.9268,0.0007,1.1623,1.5334,0.4672
1.3957,0.0005,0.7270,1.0879,0.4672
5.1428,0.0008,4.7939,2.5016,0.4155
0.7859,0.0004,1.0935,1.3316,0.4155
1.3076,0.0003,0.6846,1.3118,0.4155
5.2338,0.0008,4.8563,1.4630,0.7777
1.3204,0.0007,1.1631,1.8896,0.7777
1.5143,0.0004,0.7266,1.5060,0.7777
4.9482,0.0007,4.6299,1.5793,0.4200
1.1635,0.0003,1.0476,1.7249,0.4200
1.2981,0.0004,0.7898,1.0095,0.4200
5.2898,0.0011,4.9345,2.1589,0.4272
0.8959,0.0005,1.1960,1.5092,0.4272
1.3970,0.0005,0.7571,1.4275,0.4272
4.9422,0.0008,4.6314,1.9061,0.4376
1.1881,0.0007,1.0483,1.7341,0.4376
1.2757,0.0006,0.6745,1.2660,0.4376
5.0212,0.0008,4.6204,1.3533,0.4192
1.4301,0.0007,1.1810,1.8723,0.4192
1.1292,0.0007,0.9665,1.1757,0.4192
4.9779,0.0005,4.7683,1.8637,0.4199
1.2203,0.0003,1.1000,1.7351,0.4199
1.4834,0.0003,0.7550,1.0050,0.4199
5.1030,0.0006,4.7816,2.3494,0.4217
1.1591,0.0006,1.1572,1.7159,0.4217
1.2236,0.0007,0.8603,1.2676,0.4217
5.1969,0.0016,5.0665,1.8178,0.4259
0.9799,0.0004,1.2467,1.6460,0.4259
1.7238,0.0005,0.7580,1.7280,0.4232
5.1287,0.0007,4.7247,1.1404,0.4308
1.3335,0.0007,1.2007,1.9433,0.4308
1.1813,0.0006,0.7325,1.1671,0.4308
5.4158,0.0007,5.0436,1.8178,0.4233
1.2013,0.0006,1.2070,1.7924,0.4233
1.3434,0.0007,0.7717,1.2756,0.4233
5.6461,0.0008,5.3209,2.2352,0.4135
1.2435,0.0004,1.1699,1.8998,0.4135
1.5936,0.0004,0.6544,1.3182,0.4135
5.1918,0.0007,5.0338,1.8509,0.4527
1.2295,0.0003,1.1304,1.7654,0.4527
1.4710,0.0004,0.7300,1.5571,0.4241
5.0875,0.0006,4.7640,1.7683,0.4102
1.2651,0.0005,1.0745,1.7982,0.4102
1.7476,0.0006,0.7006,1.7114,0.4108
5.2858,0.0009,4.8524,1.4260,0.4376
1.2193,0.0004,1.1872,1.8229,0.4376
1.7178,0.0004,0.7113,1.6954,0.4286
5.2681,0.0009,4.9196,1.5142,0.4118
1.2703,0.0007,1.1310,1.8182,0.4118
1.6973,0.0007,0.7166,1.6892,0.4118
6.2141,0.0006,5.8155,1.1239,0.4378
1.2888,0.0004,1.1654,1.8739,0.4378
1.8845,0.0004,0.7397,1.7829,0.4229
4.9813,0.0008,4.6680,1.0418,0.4207
1.0667,0.0007,1.1660,1.5799,0.4207
1.6745,0.0006,0.7865,1.6718,0.4298
5.4362,0.0007,5.1577,1.7174,0.4621
1.3107,0.0006,1.1337,1.8539,0.4621
1.4152,0.0008,0.7924,1.4851,0.4621
4.9571,0.0006,4.6650,1.9407,0.4156
1.1695,0.0004,1.0474,1.6994,0.4156
1.4162,0.0003,0.6972,1.4245,0.4156
5.1591,0.0007,4.7496,1.3446,1.2995
0.9236,0.0005,1.1773,1.2191,1.2995
1.6326,0.0005,0.8347,1.8726,0.4304
5.0955,0.0007,4.7760,1.5815,0.4186
1.2349,0.0004,1.1378,1.8035,0.4186
1.5031,0.0003,0.7744,1.5413,0.4186
5.0856,0.0006,4.7479,1.2159,0.6293
1.1716,0.0004,1.0792,1.7599,0.6293
1.5196,0.0005,0.7471,1.0134,0.4250
4.9885,0.0006,5.0522,1.8496,0.4170
1.1384,0.0003,1.0192,1.6899,0.4170
1.4614,0.0003,0.6887,1.4539,0.4388
4.8508,0.0006,4.4749,1.5150,0.4073
1.3894,0.0003,1.1155,1.9476,0.4073
1.3649,0.0004,0.7345,1.3577,0.4073
5.2185,0.0007,4.8332,1.3952,0.4222
1.2535,0.0004,1.1167,1.8476,0.4222
1.0031,0.0008,0.7009,1.0373,0.4222
4.8209,0.0004,4.5003,1.5277,0.4115
1.1674,0.0006,1.0795,1.6355,0.4115
1.4955,0.0009,0.8539,1.2196,0.4115
5.1336,0.0007,5.0331,2.1022,0.4405
1.3167,0.0004,1.0106,1.8101,0.4405
1.3196,0.0006,0.7178,1.3445,0.4234
5.9850,0.0007,5.4987,1.0461,0.4266
1.0121,0.0003,1.2017,1.6253,0.4266
1.2614,0.0004,0.7498,1.2565,0.4266
5.0203,0.0009,5.0449,2.2786,0.4457
0.7866,0.0005,1.0396,1.0955,0.4457
1.0714,0.0006,0.7103,1.0162,0.4457
4.6398,0.0007,4.3692,1.8507,0.4194
0.8567,0.0007,0.9778,1.3381,0.4194
1.4042,0.0005,0.7086,1.2854,0.4330
5.9734,0.0007,5.6642,1.2865,1.3117
0.7602,0.0003,1.1583,1.3335,1.3117
1.5724,0.0004,0.6404,1.1669,1.3117
5.0791,0.0008,4.7389,2.6601,0.4376
0.8345,0.0005,1.0877,1.3342,0.4376
1.7064,0.0006,0.7757,1.6734,0.4146
5.2959,0.0008,5.1739,1.7055,0.6513
0.7968,0.0007,1.1101,1.3685,0.6513
1.2639,0.0003,0.7042,0.9555,0.6513
4.5734,0.0006,4.3351,1.8386,0.4322
0.6952,0.0003,0.9024,1.0293,0.4322
1.1174,0.0003,0.6255,1.0819,0.4322
4.2930,0.0005,4.0349,1.5772,0.4134
0.6964,0.0005,0.8819,0.9511,0.4134
1.4039,0.0005,0.6363,1.2151,0.6346
4.7308,0.0013,4.7431,2.0785,0.4348
0.9674,0.0006,0.9679,0.9661,0.4348
0.8869,0.0003,0.8779,1.3432,0.4353
4.2747,0.0005,4.0737,1.1494,0.4337
0.7368,0.0004,0.8297,0.9769,0.4337
0.9864,0.0003,0.7356,0.9777,0.4337
4.8151,0.0006,4.4680,1.9864,0.4098
0.7655,0.0004,1.0200,1.2807,0.4098
1.2491,0.0003,0.6439,1.2756,0.4098
4.4157,0.0004,4.2285,1.4393,0.4442
0.6736,0.0004,0.7988,0.9229,0.4442
0.9601,0.0003,0.6121,1.0513,0.4442
4.2522,0.0005,4.0009,1.2995,0.4152
0.9074,0.0005,0.9387,1.2350,0.4152
0.9926,0.0003,0.8011,1.0588,0.4152
5.3963,0.0008,4.9441,1.8661,1.1351
0.8848,0.0007,1.2158,1.5024,1.1351
1.1237,0.0004,0.7663,1.0116,1.1351
4.3849,0.0005,4.2387,2.2451,0.4279
0.7180,0.0005,0.8273,0.9134,0.4279
1.0680,0.0005,0.6365,0.9215,0.4279
4.5528,0.0006,4.2459,1.7782,0.4419
1.1125,0.0004,0.9870,1.0616,0.4419
0.6931,0.0003,1.0253,1.0632,0.4419
4.4642,0.0005,4.2805,1.6297,0.4371
0.6726,0.0004,0.8276,0.9583,0.4371
1.2296,0.0003,0.6381,1.0637,0.4371
5.9116,0.0009,5.5825,1.6221,0.4431
1.2353,0.0004,1.0428,1.7647,0.4431
1.3161,0.0004,0.6319,1.2970,0.4431
4.8637,0.0007,4.6178,1.9839,0.4280
0.9969,0.0007,1.0314,0.9749,0.4280
0.9758,0.0004,0.8921,1.4141,0.4153
4.2679,0.0004,4.0667,1.6637,0.4197
0.6832,0.0003,0.8235,0.9340,0.4197
1.1514,0.0003,0.6182,1.0674,0.4197
4.4824,0.0007,4.2843,1.5146,0.4240
0.7412,0.0006,0.9595,1.1961,0.4240
1.0628,0.0005,0.6267,0.9214,0.4240
4.5356,0.0007,4.2530,1.5207,0.4302
0.6691,0.0003,0.9093,0.9397,0.4302
1.1196,0.0003,0.6720,1.1683,0.4247
4.6435,0.0004,4.4817,1.1904,0.4311
0.7549,0.0003,0.9668,1.2354,0.4311
1.1314,0.0003,0.6375,1.0308,0.4311
5.3339,0.0005,5.0221,1.3526,0.4651
0.7489,0.0005,1.0038,1.0796,0.4651
1.0126,0.0004,0.6483,1.1599,0.4321
5.1214,0.0005,4.8982,1.5374,0.4188
0.6874,0.0007,0.8633,0.9457,0.4188
0.7058,0.0004,0.6421,0.8786,0.4188
4.4092,0.0006,4.0663,1.6872,0.4219
0.7598,0.0005,1.0026,1.0738,0.4219
1.0938,0.0003,0.6533,1.2286,0.4219
5.1699,0.0004,5.0149,1.4012,0.4370
0.6282,0.0003,0.7708,0.9095,0.4370
0.8924,0.0003,0.6722,0.9523,0.4370
3.9436,0.0004,3.9804,1.2019,0.4372
0.6168,0.0003,0.7018,0.8531,0.4372
0.9065,0.0003,0.5759,0.7957,0.4372
5.2220,0.0007,4.7072,1.5907,0.4379
0.9505,0.0005,1.2431,1.3994,0.4379
0.9295,0.0003,0.8931,0.9413,0.4357
4.3641,0.0005,4.4058,1.5803,0.4131
0.6690,0.0004,0.8292,0.9703,0.4131
0.9100,0.0004,0.6585,0.8455,0.4131
4.1615,0.0007,4.0766,1.6967,0.4121
0.6784,0.0005,0.8554,0.8904,0.4121
1.0346,0.0004,0.7559,0.9652,0.4121
4.6106,0.0006,4.4819,1.6219,0.4653
0.9622,0.0006,1.0169,1.1108,0.4653
0.9964,0.0003,0.8249,1.2070,0.4314
4.4090,0.0012,4.4004,1.0471,0.4285
0.6390,0.0004,0.8432,0.9483,0.4285
1.2147,0.0003,0.5891,0.9964,0.4230
4.5683,0.0006,4.4094,1.4603,0.4290
0.9127,0.0004,1.0535,1.4145,0.4290
1.2199,0.0005,0.8186,0.9420,0.4485
4.3582,0.0008,4.5494,1.3340,0.4304
0.6344,0.0003,0.7634,0.9377,0.4304
0.9523,0.0002,0.6124,0.8391,0.4304
3.9145,0.0004,3.7844,1.8339,0.4272
0.6191,0.0005,0.7353,0.8707,0.4272
0.9560,0.0005,0.5648,0.9154,0.4272
4.9764,0.0007,4.7188,1.2590,0.4332
1.1669,0.0006,0.8711,1.5792,0.4332
1.0856,0.0004,0.6451,1.1150,0.4332
3.9991,0.0005,3.8644,1.0682,0.4386
0.6299,0.0003,0.7333,0.8477,0.4386
0.8434,0.0004,0.5684,0.9605,0.4386
3.8881,0.0006,3.7225,0.9490,0.4398
0.6170,0.0004,0.7564,0.8923,0.4398
1.2638,0.0005,0.5663,1.3305,0.4309
4.7989,0.0008,4.4022,1.3630,0.4445
0.7341,0.0007,1.0329,1.0758,0.4445
1.0026,0.0005,0.6280,0.9982,0.4445
3.9749,0.0007,3.8705,1.4724,0.4430
0.5878,0.0006,0.6837,0.8482,0.4430
0.9398,0.0004,0.5715,0.7994,0.4430
3.9374,0.0004,3.8186,1.4092,0.4506
0.6974,0.0005,0.7182,0.8834,0.4506
1.7151,0.0005,0.6955,1.7475,0.4679
4.5438,0.0005,4.4813,1.6909,0.4158
0.6815,0.0003,0.8087,1.1157,0.4158
1.1888,0.0003,0.5576,1.1557,0.4246
3.9748,0.0005,3.8711,0.8876,0.4237
0.5999,0.0003,0.7025,0.8601,0.4237
1.0555,0.0007,0.5932,1.0978,0.4237
4.3293,0.0007,3.9896,1.3806,0.4292
0.9414,0.0004,0.9860,1.4296,0.4292
1.5189,0.0004,0.7262,1.5376,0.4361
4.2917,0.0004,4.1549,1.1217,0.4388
0.6262,0.0003,0.7551,0.8960,0.4388
1.0599,0.0003,0.6034,1.1516,0.4388
4.1554,0.0005,3.9247,1.2413,0.4129
0.7384,0.0003,0.8333,1.0809,0.4129
1.0085,0.0003,0.6845,1.0483,0.4129
4.7213,0.0007,4.4029,1.2929,0.4667
0.7544,0.0005,0.9833,1.0549,0.4667
1.0109,0.0002,0.6751,0.9847,0.4667
4.2791,0.0004,4.0901,1.4977,0.4206
0.6384,0.0003,0.8055,0.9313,0.4206
1.0928,0.0004,0.6152,1.2127,0.4206
4.5341,0.0005,4.1412,1.3629,0.4272
1.2449,0.0005,1.1607,1.4542,0.4272
0.9590,0.0005,1.1539,1.0314,0.4272
4.6487,0.0005,4.6175,1.7326,0.4316
0.9024,0.0003,0.8784,0.9137,0.4316
0.9851,0.0003,0.9031,0.8411,0.4262
4.2921,0.0005,4.4276,0.9855,0.4404
0.6881,0.0004,0.8556,1.0080,0.4404
0.9735,0.0004,0.5844,1.0165,0.4404
4.9150,0.0006,4.5804,1.1427,0.4466
0.7199,0.0004,0.9592,1.0354,0.4466
1.0691,0.0005,0.6073,1.0253,0.4466
4.2801,0.0004,4.0762,1.6227,0.4253
0.6559,0.0004,0.8385,0.9283,0.4253
1.0111,0.0003,0.6178,0.9727,0.4253
4.7209,0.0006,4.5449,1.4391,0.4347
1.2823,0.0002,0.9287,1.5905,0.4347
0.8061,0.0004,0.7664,0.8001,0.4347
4.8275,0.0005,4.5292,2.0672,0.4404
1.0328,0.0005,1.0694,0.9750,0.4404
0.7571,0.0005,0.9088,0.9807,0.4404
4.4075,0.0006,4.2156,1.7753,0.4577
0.6954,0.0005,0.8709,0.9556,0.4577
0.8204,0.0003,0.6394,0.8840,0.4577
4.3455,0.0005,4.0769,1.4343,0.4126
0.8079,0.0007,0.9282,1.1979,0.4126
1.4903,0.0005,0.6783,1.3696,0.4429
5.3612,0.0006,5.3069,1.1426,0.4531
0.6224,0.0004,0.8008,0.9367,0.4531
1.0226,0.0003,0.6006,0.9263,0.4531
4.2533,0.0005,4.0662,1.2826,0.4329
0.7030,0.0004,0.8607,0.9595,0.4329
0.8867,0.0006,0.7136,1.0129,0.4329
4.8037,0.0007,4.3938,1.5743,0.4348
0.7516,0.0004,1.0580,1.0677,0.4348
0.6922,0.0005,0.7125,0.9443,0.4348
4.4488,0.0006,4.1735,1.1326,0.4366
1.3246,0.0004,0.9086,1.7850,0.4366
1.1768,0.0005,0.6414,0.8823,0.4366
5.0570,0.0009,4.6134,2.3832,0.4311
1.1847,0.0009,1.2265,1.7546,0.4311
1.3711,0.0006,0.8720,1.3605,0.4311
4.8157,0.0010,4.6699,1.4516,0.4201
0.8874,0.0006,0.9535,1.3242,0.4201
1.5430,0.0004,0.6897,1.5829,0.4249
4.4997,0.0005,4.2655,0.9888,0.4100
0.7197,0.0003,0.8834,0.9835,0.4100
0.9293,0.0005,0.6556,1.0862,0.4100
5.1911,0.0007,4.7742,1.9086,0.4631
1.0471,0.0006,1.1228,1.1426,0.4631
0.6405,0.0003,0.9589,1.0436,0.4631
4.8078,0.0006,4.5075,1.3792,0.4387
0.7771,0.0006,1.0324,1.0934,0.4387
0.8715,0.0006,0.6554,0.8802,0.4298
4.7452,0.0008,4.4958,1.2252,0.4517
0.7446,0.0006,1.0191,1.0835,0.4517
0.9880,0.0004,0.6679,1.0697,0.4517
4.6852,0.0007,4.4149,1.2961,0.4296
0.6803,0.0005,0.9299,1.0731,0.4296
0.9804,0.0003,0.6148,0.7581,0.4296
4.3993,0.0005,4.1847,1.2822,0.4225
0.8860,0.0004,0.9745,0.9431,0.4225
0.5801,0.0003,0.7880,0.9774,0.4225
4.6035,0.0007,4.2591,1.4246,0.4321
0.7913,0.0007,0.9964,1.1584,0.4321
1.0098,0.0004,0.7085,0.9535,0.4321
4.3358,0.0005,4.1677,1.4852,0.4306
0.6983,0.0006,0.8363,0.9230,0.4306
0.9402,0.0005,0.6309,0.9129,0.4306
4.2989,0.0005,4.1008,1.6558,0.4163
0.9621,0.0004,0.9029,0.9153,0.4163
0.6628,0.0003,0.8830,0.8599,0.4163
4.6742,0.0007,4.4139,2.2533,0.4440
0.7237,0.0005,0.9616,0.9948,0.4440
1.4039,0.0005,0.6524,1.6237,0.4440
5.1540,0.0006,4.9584,0.9743,0.4247
0.6361,0.0003,0.7952,0.9111,0.4247
1.1074,0.0003,0.6071,0.9152,0.4247
4.4732,0.0007,4.0865,1.5466,0.4310
0.7715,0.0005,1.0606,1.2447,0.4310
1.1159,0.0005,0.6905,0.9631,0.4310
4.4909,0.0006,4.3123,1.5107,0.4463
0.6384,0.0003,0.8113,0.9210,0.4463
1.0723,0.0003,0.6088,1.1875,0.4463
4.2129,0.0004,3.9778,1.4300,0.4197
0.6735,0.0003,0.8481,0.9504,0.4197
1.1324,0.0004,0.6998,0.9572,0.4181
4.7658,0.0007,4.5880,1.6645,1.2618
0.8649,0.0006,1.0346,1.2623,1.2618
1.4131,0.0007,0.7672,1.4735,0.4254
4.6868,0.0008,4.5050,0.9716,0.4325
0.7022,0.0006,0.8972,1.0524,0.4325
0.9863,0.0003,0.6344,0.9593,0.4325
4.3279,0.0005,4.0381,1.7268,0.4184
0.8524,0.0005,1.0129,1.1076,0.4184
1.5982,0.0010,0.7332,1.3944,0.4416
4.7739,0.0006,4.9881,1.2595,0.4341
0.6891,0.0003,0.8586,0.9474,0.4341
1.0342,0.0002,0.6320,0.9421,0.4341
4.1899,0.0006,4.0153,1.9932,0.4287
0.6235,0.0003,0.7740,0.8997,0.4287
1.1345,0.0004,0.5944,1.0283,0.4287
4.5211,0.0005,4.2549,1.7375,1.1618
0.6919,0.0003,0.9501,1.0679,1.1618
0.8781,0.0003,0.5886,0.8241,1.1618
4.2945,0.0007,4.0803,1.4860,0.4441
0.7013,0.0007,0.8576,0.9227,0.4441
0.7927,0.0004,0.6156,0.9703,0.4441
4.2342,0.0006,3.9533,1.1657,0.4441
0.7117,0.0004,0.9448,0.9655,0.4441
0.9434,0.0004,0.6317,0.8553,0.4441
5.0388,0.0008,4.6381,1.6018,0.4398
1.0575,0.0006,1.1143,1.6058,0.4398
1.6776,0.0005,0.7256,1.6725,0.4313
4.8574,0.0007,4.5678,1.2339,0.4251
0.9033,0.0008,1.0323,1.1253,0.4251
1.1579,0.0006,0.7968,1.3630,0.4251
4.7992,0.0006,4.5576,1.1231,0.4409
0.7573,0.0006,1.0265,1.0879,0.4409
1.2933,0.0005,0.6613,1.4466,0.4280
4.4192,0.0006,4.2724,1.6148,0.4392
0.6845,0.0006,0.8184,0.9167,0.4392
0.9102,0.0007,0.6884,0.9593,0.4392
4.3459,0.0005,4.3153,1.8346,0.4517
0.6822,0.0005,0.8581,1.0054,0.4517
1.3725,0.0005,0.6094,1.4425,0.4417
4.7939,0.0007,4.4672,1.2633,0.4270
0.7704,0.0007,0.9930,1.0175,0.4270
1.0206,0.0003,0.6618,0.9563,0.4355
4.2272,0.0005,4.1639,1.3458,0.4265
0.6736,0.0004,0.8081,0.9058,0.4265
1.0610,0.0003,0.6179,0.9529,0.4265
4.3085,0.0005,4.0762,1.6525,0.4066
0.7464,0.0006,0.8984,1.1795,0.4066
1.2984,0.0003,0.6714,1.2777,0.4066
4.6680,0.0005,4.4651,1.4445,0.4104
0.7036,0.0004,0.8988,1.0272,0.4104
0.9394,0.0004,0.6254,0.8256,0.4104
4.4648,0.0006,4.2170,1.7919,0.4169
0.7010,0.0004,0.8886,1.0061,0.4169
0.9748,0.0004,0.6390,0.9004,0.4169
4.6752,0.0007,4.3223,1.3902,0.6400
0.7816,0.0005,0.9943,1.2931,0.6400
1.1297,0.0003,0.7738,0.8699,0.6400
4.7400,0.0005,4.2167,1.7458,0.4249
0.7978,0.0003,1.1991,1.5690,0.4249
1.1134,0.0003,0.5850,1.0920,0.4249
4.4955,0.0005,4.2564,1.3329,0.3989
0.6913,0.0003,0.8547,1.0508,0.3989
1.3542,0.0004,0.6513,1.3317,0.3989
5.6147,0.0006,5.1412,1.1697,0.4226
0.6873,0.0006,1.1695,1.4156,0.4226
1.1872,0.0003,0.6401,1.1742,0.4226
4.5158,0.0005,4.1522,1.3249,0.4099
0.9530,0.0005,1.0266,0.9448,0.4099
1.1169,0.0007,0.8672,1.5063,0.4063
4.9704,0.0007,4.6846,1.8409,0.4302
0.7714,0.0005,1.0534,1.0990,0.4302
1.3661,0.0008,0.6950,1.5342,0.4218
4.4221,0.0007,4.2271,1.6026,0.4299
0.9163,0.0006,0.8759,0.9223,0.4299
0.8470,0.0004,0.8551,1.0189,0.4299
4.2458,0.0005,4.0917,1.5077,0.4289
0.6437,0.0004,0.8006,0.9905,0.4289
1.2355,0.0004,0.6792,0.9292,0.4289
4.5776,0.0006,4.5668,1.9054,0.4117
0.8366,0.0003,0.8995,1.2690,0.4117
0.9831,0.0004,0.6306,0.8573,0.4117
5.2432,0.0005,5.0374,1.3310,0.4237
0.6152,0.0002,0.8036,0.9274,0.4237
0.7841,0.0003,0.5898,0.7256,0.4237
5.8794,0.0007,5.4611,1.3045,0.8045
0.7582,0.0006,1.0718,1.2558,0.8045
1.3554,0.0005,0.6622,1.0640,0.4310
4.1957,0.0005,4.2036,1.4200,0.4233
0.6294,0.0003,0.7210,0.8641,0.4233
0.9904,0.0003,0.6814,0.9196,0.4233
4.9384,0.0005,4.8795,1.2636,0.4569
0.8482,0.0003,0.9076,0.9425,0.4569
0.8523,0.0003,0.6614,0.9089,0.4569
4.6406,0.0008,4.3953,1.6359,0.4203
0.9525,0.0006,0.9569,1.1687,0.4203
0.7479,0.0004,0.8568,0.8989,0.4203
4.3590,0.0005,4.2051,1.9386,0.4242
0.6701,0.0005,0.8137,0.8990,0.4242
0.8724,0.0003,0.6383,0.8152,0.4242
4.5544,0.0008,4.2811,1.5081,0.4414
0.9010,0.0008,1.0673,1.4386,0.4414
1.5999,0.0004,0.7270,1.5674,0.4379
4.5193,0.0005,4.3429,1.3509,0.4172
0.6276,0.0003,0.8177,0.9063,0.4172
0.9067,0.0003,0.6754,0.8950,0.4172
4.3735,0.0006,4.3431,1.5658,0.4368
0.7143,0.0004,0.8977,0.9660,0.4368
0.9088,0.0004,0.6370,0.9084,0.4368
4.7641,0.0007,4.5096,1.6254,1.0955
0.7632,0.0006,1.0461,1.0848,1.0955
0.8755,0.0008,0.6527,1.1049,1.0955
4.1040,0.0004,3.9752,1.2105,0.4525
0.5682,0.0003,0.6945,0.8317,0.4525
0.8973,0.0006,0.5467,0.9595,0.4525
3.9536,0.0003,3.7955,1.1814,0.4417
0.5897,0.0003,0.7268,0.8683,0.4417
1.1743,0.0006,0.7373,0.8093,0.4417
4.5717,0.0005,4.6815,1.7011,0.4222
0.7104,0.0004,0.9082,0.9452,0.4222
0.8818,0.0004,0.6311,0.9096,0.4222
4.0116,0.0004,3.8625,1.3474,0.4354
0.8685,0.0006,0.7354,0.8797,0.4354
0.7491,0.0003,0.8340,0.8717,0.4354
3.9732,0.0008,3.8052,1.3891,0.4395
0.8286,0.0003,0.8029,1.1762,0.4395
1.5740,0.0004,0.7347,1.5982,0.6501
4.4234,0.0005,4.2676,0.7317,0.4223
0.6319,0.0006,0.7957,0.8562,0.4223
0.9375,0.0004,0.5989,1.0169,0.4223
5.3787,0.0006,5.1540,1.4409,0.4218
0.7261,0.0004,0.8616,1.1297,0.4218
1.1783,0.0003,0.6669,0.8656,0.4407
5.4384,0.0006,5.2499,1.3165,0.4625
0.6988,0.0003,0.9720,1.0951,0.4625
1.1201,0.0003,0.6375,0.9520,0.4625
4.2428,0.0006,4.0701,1.5761,0.4440
0.6826,0.0004,0.8265,0.9828,0.4440
1.0839,0.0004,0.6140,0.9891,0.4440
4.2562,0.0007,4.0840,1.4757,0.4392
0.7401,0.0006,0.8346,0.8991,0.4392
0.9617,0.0005,0.7486,1.1059,0.4392
4.6300,0.0005,4.6742,1.2367,0.4414
0.8305,0.0004,0.8932,1.1867,0.4414
1.0246,0.0004,0.7760,0.9945,0.4380
4.3919,0.0007,4.2082,1.7415,0.4172
0.7670,0.0006,0.9923,1.0314,0.4172
1.0993,0.0004,0.7676,1.3551,0.4367
4.7557,0.0007,4.5665,1.0990,0.4517
0.9872,0.0005,1.0361,1.0977,0.4517
0.6729,0.0004,0.8850,1.0961,0.4517
5.3264,0.0006,5.1129,1.3803,0.4281
0.8953,0.0005,0.8576,0.9213,0.4281
0.6427,0.0004,0.8403,0.7962,0.4281
4.8153,0.0007,4.4290,1.7758,0.4117
1.2225,0.0008,1.1018,1.0904,0.4117
1.0326,0.0003,1.1849,0.9548,0.4533
4.6911,0.0007,4.7312,1.1039,0.4324
0.7476,0.0005,0.9856,1.1511,0.4324
1.0019,0.0003,0.6580,0.9282,0.4324
4.7327,0.0006,4.4767,1.5194,0.4439
0.6670,0.0004,0.8816,1.0081,0.4439
0.9003,0.0003,0.5967,0.8138,0.4439
4.5555,0.0008,4.1665,1.3169,0.4333
0.7978,0.0008,1.0917,1.1517,0.4333
1.1314,0.0005,0.6739,0.9731,0.4333
4.4618,0.0006,4.3259,1.5534,0.4259
0.6830,0.0004,0.8430,0.9724,0.4259
1.1278,0.0005,0.6488,0.8797,0.4259
4.6580,0.0007,4.4529,1.8237,0.4370
0.8986,0.0005,1.0570,1.1226,0.4370
1.1812,0.0006,0.7604,1.2222,0.4370
6.0781,0.0008,5.6175,2.2176,0.4579
1.1154,0.0005,1.3096,1.1742,0.4579
0.6629,0.0003,0.9815,1.2107,0.4579
4.8234,0.0006,4.5429,2.0728,0.4316
0.8214,0.0006,1.0154,1.0923,0.4316
1.0319,0.0005,0.7164,1.2105,0.4316
4.9892,0.0008,4.5770,1.4261,0.6203
0.7791,0.0003,1.0968,1.2075,0.6203
0.9810,0.0003,0.7628,1.0138,0.6203
4.7449,0.0007,4.6894,1.7762,0.4441
1.1143,0.0008,0.9985,1.5124,0.4441
0.9388,0.0004,0.8125,0.8211,0.4441
4.7018,0.0007,4.5477,1.7489,0.4302
0.8027,0.0004,0.9603,1.0610,0.4302
1.3506,0.0006,0.8693,1.1439,0.4302
5.1956,0.0007,5.2935,1.5535,0.4211
1.0608,0.0009,1.2728,1.7212,0.4211
1.4299,0.0004,0.8359,1.4335,0.4303
5.2445,0.0008,4.9063,1.4115,0.4212
0.7629,0.0004,1.0772,1.3525,0.4212
1.5186,0.0005,0.7728,1.3435,0.4318
5.4144,0.0009,5.2985,1.8846,0.4385
0.8509,0.0007,1.1632,1.1956,0.4385
1.2386,0.0007,0.7523,1.4019,0.4096
4.8534,0.0007,4.5990,1.4364,0.4181
1.0358,0.0006,1.0320,1.1026,0.4181
1.0431,0.0005,0.9553,1.3461,0.4214
4.9719,0.0008,4.7440,1.2503,1.2508
0.8894,0.0008,1.1389,1.1814,1.2508
1.3432,0.0005,0.7471,1.5973,0.4288
4.9255,0.0008,4.5838,1.2508,0.4231
0.7652,0.0004,1.0505,1.1343,0.4231
0.8474,0.0003,0.6597,0.8681,0.4231
4.5683,0.0006,4.3033,1.9067,0.4176
1.0893,0.0005,0.9937,1.2995,0.4176
0.9876,0.0004,0.9878,1.1765,0.4176
5.1224,0.0006,4.7881,2.2198,0.4242
1.2872,0.0006,1.1220,1.7788,0.4242
1.2430,0.0006,0.8868,1.2141,0.4242
5.3298,0.0007,5.1521,1.5181,0.4297
0.7672,0.0007,1.0241,1.0772,0.4297
1.4436,0.0006,0.7803,1.5693,0.4297
5.3550,0.0008,5.1792,1.4743,0.4434
0.8163,0.0006,1.1154,1.3866,0.4434
1.5606,0.0007,0.7247,1.5492,0.4434
4.9232,0.0006,4.6854,1.3903,0.4326
0.7715,0.0005,1.0608,1.1023,0.4326
0.9244,0.0003,0.6401,1.0484,0.4326
4.9682,0.0010,4.5376,1.4107,0.4365
0.7779,0.0003,1.1085,1.2226,0.4365
1.1775,0.0004,0.6691,1.0012,0.4365
5.5596,0.0007,5.2605,1.5514,0.4171
0.7326,0.0007,0.9547,1.0652,0.4171
1.2507,0.0009,0.6652,0.8936,0.4171
4.8237,0.0008,4.3882,1.8626,0.4289
1.0968,0.0007,1.1974,1.7049,0.4289
1.5707,0.0005,0.7188,1.5916,0.4289
4.8081,0.0008,4.5455,1.8283,0.4232
1.0624,0.0004,0.9883,1.6140,0.4232
1.1637,0.0003,0.7804,1.0301,0.4232
4.7656,0.0009,4.5952,2.1852,0.4254
0.8354,0.0008,1.0735,1.3214,0.4254
1.4321,0.0007,0.7178,1.4041,0.4212
5.5388,0.0007,5.2044,1.7757,0.4199
0.8845,0.0006,1.1744,1.5382,0.4199
1.7710,0.0006,0.7301,1.7520,0.4273
5.5546,0.0008,5.2318,0.8988,0.4061
0.9618,0.0005,1.0401,1.0961,0.4061
0.8006,0.0003,0.8925,1.0444,0.4061
4.8426,0.0007,4.4683,1.4857,0.4657
0.9135,0.0004,1.0598,1.4091,0.4657
1.4321,0.0003,0.7312,1.0084,0.4657
4.9076,0.0007,4.7538,1.5624,0.4483
0.7821,0.0006,0.9550,1.0565,0.4483
0.9686,0.0004,0.7726,0.9037,0.4483
4.9222,0.0007,4.8481,1.2992,0.4201
0.9505,0.0007,1.2211,1.2145,0.4201
0.9138,0.0007,0.7365,1.0249,0.4201
4.6757,0.0006,4.4423,1.9720,0.4261
0.7341,0.0004,0.9350,0.9893,0.4261
1.0495,0.0004,0.6699,1.2568,0.4261
4.6708,0.0007,4.3770,1.4156,0.4159
0.7513,0.0006,0.9661,1.0371,0.4159
0.8989,0.0005,0.6623,0.8850,0.4159
4.9185,0.0007,4.6407,2.1417,0.4570
1.0214,0.0006,1.0747,1.0892,0.4570
0.8307,0.0004,0.8883,1.2258,0.4570
4.8392,0.0007,4.5174,1.1963,0.4362
1.0057,0.0005,1.1275,1.4727,0.4362
1.2511,0.0008,0.8702,1.3354,0.4362
5.2208,0.0010,4.7108,1.2282,0.4148
1.1260,0.0006,1.2686,1.7910,0.4148
1.3569,0.0007,0.8146,1.1393,0.4148
5.2484,0.0007,4.8680,2.1956,0.4252
0.9093,0.0009,1.2246,1.2738,0.4252
1.0645,0.0008,0.7813,1.0214,0.4252
21.8343,0.0009,21.1630,1.9958,0.4168
1.5586,0.0010,1.8658,1.4780,0.4168
2.1729,0.0007,1.9209,1.1724,0.4589
5.2909,0.0007,5.6463,1.1724,0.4254
1.1206,0.0007,1.1884,1.1835,0.4254
0.9702,0.0006,1.0546,1.2073,0.4254
5.1344,0.0007,4.8361,1.7690,0.4280
1.1088,0.0007,1.2771,1.3080,0.4280
1.3109,0.0005,1.0345,1.5856,0.4280
5.6274,0.0010,5.4001,1.7723,0.4159
1.3569,0.0008,1.3349,2.0006,0.4159
1.4933,0.0007,0.8640,1.5299,0.4159
5.3837,0.0008,5.0147,1.7800,0.4180
1.5054,0.0008,1.4081,1.2353,0.4180
1.3142,0.0007,1.4494,1.8571,0.4426
5.5395,0.0008,5.3723,2.0763,0.4230
0.9890,0.0006,1.3471,1.6500,0.4230
1.3692,0.0004,0.8807,1.2726,0.4230
5.8162,0.0008,5.4561,2.0894,0.4312
1.1292,0.0008,1.1940,1.6733,0.4312
1.5341,0.0006,0.8112,1.5578,0.4312
5.3633,0.0008,5.0307,2.0534,0.4166
1.1588,0.0006,1.1978,1.6160,0.4166
1.4268,0.0011,0.9355,1.5565,0.4166
4.8818,0.0009,4.6408,1.6499,0.4245
1.1362,0.0004,1.0425,1.6679,0.4245
1.6433,0.0005,0.7476,1.5539,0.4245
6.2189,0.0009,5.9026,1.7410,0.4319
1.0984,0.0004,1.2685,1.7847,0.4319
1.3674,0.0004,0.7217,1.3629,0.4319
5.8925,0.0009,5.5091,1.6286,0.4295
1.0901,0.0003,1.1292,1.6920,0.4295
1.2384,0.0004,0.7265,1.1159,0.4295
5.2673,0.0009,5.0498,1.8506,0.4225
1.1885,0.0005,1.1088,1.8122,0.4225
1.5727,0.0006,0.6863,1.3992,0.4269
5.0994,0.0008,4.8866,1.4233,0.4175
1.1802,0.0005,1.1045,1.7701,0.4175
1.4108,0.0004,0.7677,1.2687,0.4334
5.5958,0.0007,5.2941,1.8333,0.4323
1.0515,0.0004,1.1326,1.6804,0.4323
1.4301,0.0004,0.7061,1.4326,0.4323
4.9903,0.0006,4.6485,1.6189,0.4308
1.2289,0.0003,1.0494,1.7717,0.4308
1.1964,0.0004,0.7155,1.1936,0.4308
5.4522,0.0007,5.0434,1.4852,0.6648
0.8846,0.0004,1.1968,1.2836,0.6648
1.2692,0.0005,0.7569,1.4664,0.4311
5.1752,0.0009,4.7381,1.6527,0.4249
1.0202,0.0010,1.2818,1.3156,0.4249
1.2829,0.0007,0.8744,1.5647,0.4390
6.1631,0.0008,5.7667,1.6816,0.4181
0.9544,0.0007,1.2587,1.2924,0.4181
1.2736,0.0004,0.8609,1.4855,0.4181
5.9861,0.0009,5.6268,1.5451,0.4240
0.8940,0.0007,1.2175,1.1895,0.4240
1.3615,0.0004,0.7636,1.5921,0.4375
5.5351,0.0008,5.0808,1.5967,0.4482
1.3276,0.0008,1.3275,1.9380,0.4482
1.4894,0.0007,0.8625,1.2148,0.4330
5.6558,0.0008,5.4729,1.7066,0.4256
1.1193,0.0007,1.1874,1.7380,0.4256
1.2852,0.0005,0.7293,1.0283,0.4256
5.4002,0.0007,4.9859,1.8006,0.4351
0.8235,0.0004,1.1814,1.4472,0.4351
1.8248,0.0006,0.7113,1.7938,0.4544
5.0510,0.0007,4.7161,1.2520,0.4463
1.2795,0.0004,1.0639,1.7428,0.4463
1.0232,0.0004,0.8781,0.9955,0.4463
5.4129,0.0008,5.0902,1.9522,0.4305
0.9035,0.0005,1.2171,1.3639,0.4305
1.2866,0.0006,0.8694,1.4418,0.4305
5.3438,0.0012,5.0291,2.3134,0.4498
1.3267,0.0009,1.1719,1.8847,0.4498
1.7249,0.0010,0.8122,1.6374,0.4429
5.5224,0.0012,5.0960,1.3015,0.4295
1.3615,0.0010,1.4835,1.4059,0.4295
0.9111,0.0006,1.2212,1.3091,0.4752
5.2009,0.0009,4.9694,1.6016,0.4228
1.3190,0.0008,1.1724,1.8878,0.4228
1.5805,0.0009,0.7688,1.5735,0.4407
5.1634,0.0007,4.8111,1.2990,0.6668
1.3263,0.0008,1.1723,1.8808,0.6668
1.5208,0.0011,0.8367,1.4885,0.6668
5.1070,0.0008,4.8831,1.9024,0.4393
1.0352,0.0006,1.1248,1.2523,0.4393
1.1131,0.0005,0.9248,1.3923,0.4393
5.3816,0.0007,5.0305,2.2155,0.4248
1.2971,0.0008,1.2494,1.9441,0.4248
1.6390,0.0007,0.7906,1.5529,0.4248
5.5012,0.0007,5.2642,1.8801,0.4247
0.9887,0.0004,1.1931,1.6274,0.4247
1.3402,0.0005,0.7459,1.3334,0.4438
5.3490,0.0009,4.9870,1.2571,0.4326
0.8981,0.0008,1.1834,1.3790,0.4326
1.4750,0.0008,0.7855,1.5483,0.4319
5.2451,0.0010,4.8652,1.5337,0.4334
0.8941,0.0007,1.1964,1.4000,0.4334
1.1043,0.0003,0.7700,1.1265,0.4334
5.1388,0.0010,4.8234,2.1372,0.4457
0.8174,0.0005,1.0870,1.2008,0.4457
1.1224,0.0007,0.7070,1.2936,0.4457
5.2014,0.0009,4.8025,1.3482,0.4307
0.8818,0.0004,1.1786,1.2683,0.4307
1.6486,0.0004,0.7399,1.8149,0.4318
5.0728,0.0008,4.7796,1.2283,0.4236
1.2231,0.0004,1.0590,1.7861,0.4236
1.4539,0.0004,0.6797,0.9735,0.4236
5.4156,0.0011,4.9675,2.6674,0.4270
0.9565,0.0011,1.3062,1.4070,0.4270
1.1047,0.0006,0.8055,1.2460,0.4270
5.1206,0.0008,4.7755,2.3581,0.4282
1.2343,0.0006,1.1421,1.7970,0.4282
1.8565,0.0005,0.7711,1.8493,0.4269
5.0343,0.0007,4.6696,4.7540,0.4504
1.5246,0.0007,1.2044,1.7298,0.4504
1.6236,0.0005,0.9780,1.6314,0.4765
5.3935,0.0008,5.2092,1.4050,0.4467
0.8392,0.0005,1.1738,1.3023,0.4467
1.2973,0.0003,0.6899,1.1939,0.4467
4.9822,0.0010,4.6533,1.5750,0.4343
1.3535,0.0007,1.0976,1.8281,0.4343
1.4969,0.0010,0.8692,1.5171,0.4343
5.3625,0.0010,5.1048,1.7100,0.4163
1.3261,0.0008,1.1476,1.8147,0.4163
1.4619,0.0005,0.8696,1.4156,0.4275
5.0350,0.0007,4.9000,1.6100,0.4364
1.1340,0.0007,1.0872,1.6290,0.4364
1.4469,0.0006,0.8405,1.2811,0.4364
5.3788,0.0007,5.1333,1.9018,0.4326
1.1399,0.0007,1.1651,1.7322,0.4326
1.2387,0.0007,0.7423,1.1129,0.4326
6.2727,0.0007,5.7247,2.0796,0.4328
0.8565,0.0003,1.3359,1.4187,0.4328
0.8626,0.0004,0.7643,1.0659,0.4328
5.6068,0.0014,5.1492,2.1245,0.4200
1.3043,0.0006,1.2716,1.8949,0.4200
0.9170,0.0007,0.8804,0.9215,0.4200
4.9085,0.0007,4.6378,1.7840,0.4189
1.0994,0.0002,1.0445,1.6573,0.4189
1.6169,0.0005,0.6738,1.6342,0.4189
5.2930,0.0007,4.8108,1.5486,0.4533
1.3037,0.0005,1.2128,1.8473,0.4533
1.0000,0.0007,0.7787,1.1019,0.4190
4.8697,0.0008,4.5634,1.2897,0.4163
1.2499,0.0005,1.0611,1.7400,0.4163
1.2999,0.0005,0.7405,0.9549,0.4163
5.1828,0.0011,4.8410,2.3690,0.6532
0.9515,0.0007,1.2113,1.1791,0.6532
1.3394,0.0004,0.8163,1.5203,0.4270
5.1328,0.0006,4.9734,1.6292,0.4291
1.2197,0.0003,1.1191,1.6864,0.4291
1.3641,0.0005,0.8840,1.4602,0.4268
5.1994,0.0007,4.7698,1.3236,0.4379
0.9155,0.0003,1.2930,1.4082,0.4379
1.1416,0.0003,0.7758,1.2232,0.4379
4.9396,0.0007,4.5707,2.0809,0.4442
1.1336,0.0006,1.0726,1.7121,0.4442
1.2489,0.0007,0.6804,1.2447,0.4442
5.8419,0.0008,5.4692,1.3969,0.4290
1.1216,0.0010,1.1276,1.6617,0.4290
1.4949,0.0007,0.7813,1.2639,0.4290
4.8620,0.0007,4.6326,2.0806,0.4358
1.1860,0.0006,1.0191,1.6962,0.4358
1.3485,0.0006,0.6924,1.2109,0.4323
4.8553,0.0008,4.6760,1.6767,0.4363
1.2274,0.0003,0.9992,1.6732,0.4363
1.1813,0.0004,0.7527,1.1711,0.4363
5.1580,0.0008,4.8983,2.5093,0.4225
1.2955,0.0007,1.2748,1.1428,0.4225
0.8075,0.0009,1.1001,1.3984,0.4397
5.0104,0.0010,4.6355,1.5453,0.4423
1.1634,0.0006,1.1430,1.6597,0.4423
1.1724,0.0005,0.7939,1.0436,0.4423
6.7632,0.0007,6.2987,1.8710,1.1105
0.9692,0.0006,1.2674,1.6069,1.1105
1.8835,0.0007,0.7554,1.7660,0.4364
5.4997,0.0009,4.9996,1.8710,0.4380
0.9225,0.0005,1.4405,1.2916,0.4380
1.1863,0.0003,0.7748,1.5334,0.4380
5.5964,0.0007,5.2022,1.7305,1.0545
1.2096,0.0006,1.3050,2.0265,1.0545
1.1193,0.0005,0.7666,1.1238,1.0545
5.0443,0.0009,4.7141,1.9647,0.4454
0.9988,0.0005,1.1244,1.5988,0.4454
1.7192,0.0006,0.7009,1.6415,0.4421
6.1972,0.0009,5.7047,1.5929,0.4440
1.1058,0.0005,1.3065,1.7931,0.4440
1.4339,0.0008,0.8204,1.4482,0.4440
5.2131,0.0008,4.8876,1.8145,0.4384
0.7745,0.0009,1.0895,1.2936,0.4384
1.3655,0.0003,0.7083,1.4376,0.4384
5.2299,0.0008,4.8149,1.5366,0.4521
1.3619,0.0010,1.1701,1.9575,0.4521
1.3601,0.0009,0.9460,1.2577,0.4521
4.9542,0.0007,4.8065,2.1721,0.4281
0.7614,0.0005,1.0334,1.1096,0.4281
1.1395,0.0003,0.6558,1.1154,0.4281
4.6249,0.0006,4.4339,2.0423,0.4204
0.9954,0.0006,1.0550,1.2044,0.4204
1.1270,0.0003,0.8882,1.2508,0.4204
5.0480,0.0006,4.5763,2.0700,0.4391
0.7407,0.0004,1.1667,1.2376,0.4391
1.2850,0.0003,0.6531,1.4908,0.4391
4.6289,0.0005,4.3278,1.3996,0.4318
1.2100,0.0004,0.9188,1.5937,0.4318
1.0353,0.0003,0.7600,1.0027,0.4318
6.1101,0.0009,5.7742,2.1071,0.4748
1.3486,0.0007,1.2510,1.2152,0.4748
0.6375,0.0005,1.1730,1.1670,0.4748
5.7141,0.0008,5.3029,2.1821,0.4258
0.7784,0.0005,1.1042,1.0767,0.4258
0.8342,0.0004,0.6912,0.9608,0.4258
5.6911,0.0006,5.3507,1.4708,1.2155
0.8050,0.0004,1.0373,1.1474,1.2155
1.1059,0.0005,0.8038,1.0144,1.2155
4.7460,0.0007,4.6667,2.2349,0.4428
0.8014,0.0006,1.0289,1.2462,0.4428
1.1977,0.0003,0.7102,1.2598,0.4428
5.1979,0.0010,4.6760,1.5614,0.4520
1.2551,0.0005,1.2163,1.8385,0.4520
1.3210,0.0008,0.8579,1.4424,0.4520
4.7250,0.0007,4.4954,1.5270,0.4398
0.7709,0.0006,0.9298,0.9775,0.4398
1.1142,0.0005,0.6775,1.1670,0.4398
4.4782,0.0007,4.2168,2.1710,0.4142
0.7174,0.0004,0.9218,0.9751,0.4142
1.3360,0.0006,0.7244,1.4755,0.4142
4.7322,0.0006,4.7485,1.2558,0.4500
0.8657,0.0005,0.9985,1.2383,0.4500
0.9960,0.0003,0.7796,1.0182,0.4500
4.4777,0.0006,4.2503,1.4133,0.4350
0.7016,0.0005,0.8796,0.9659,0.4350
0.8598,0.0003,0.6055,0.8622,0.4350
4.3285,0.0010,4.0235,1.3593,0.4285
0.8917,0.0005,1.0598,1.1597,0.4285
0.9779,0.0003,0.7380,0.9846,0.4285
4.7030,0.0006,4.5281,1.9665,0.4350
0.6660,0.0004,0.8314,0.9273,0.4350
1.0619,0.0003,0.6266,0.9994,0.4350
5.1742,0.0005,5.1725,1.3658,0.4314
0.6511,0.0003,0.8202,0.9334,0.4314
0.8710,0.0004,0.5767,0.8755,0.4314
4.5407,0.0006,4.1981,1.4807,0.4864
0.7624,0.0007,0.9871,1.1045,0.4864
1.0101,0.0004,0.6953,0.9783,0.4324
4.2717,0.0005,4.2164,1.2769,0.4502
0.6200,0.0003,0.7723,0.9348,0.4502
1.1819,0.0003,0.5871,1.2497,0.4502
4.1742,0.0006,3.9478,1.2149,0.4483
0.6540,0.0004,0.8424,0.9426,0.4483
0.8844,0.0005,0.6121,0.9552,0.4483
5.0712,0.0008,4.7139,1.8332,0.4380
0.8566,0.0005,1.1099,1.0856,0.4380
0.7987,0.0006,0.7255,1.0807,0.4380
4.3642,0.0007,4.1676,1.1757,0.4501
0.9042,0.0005,0.8236,0.8798,0.4501
0.6715,0.0003,0.8621,0.8780,0.4501
4.6852,0.0007,4.2914,1.5994,0.4196
1.2440,0.0007,1.2341,1.1330,0.4196
0.8728,0.0004,1.0462,1.4407,0.4506
4.4538,0.0006,4.2608,1.5703,0.4441
0.7041,0.0005,0.8348,1.0317,0.4441
1.2210,0.0004,0.6932,0.9420,0.4441
4.8224,0.0008,4.7470,1.9414,0.4613
1.1518,0.0004,0.8855,1.5054,0.4613
1.1384,0.0003,0.7669,0.8393,0.4613
4.8826,0.0009,4.6385,1.7983,0.4425
0.7604,0.0005,0.9818,1.0023,0.4425
0.9499,0.0003,0.6647,0.8232,0.4425
4.2648,0.0005,4.1825,1.9814,0.4616
0.6612,0.0003,0.8098,0.8991,0.4616
0.9615,0.0003,0.6300,0.9653,0.4616
4.6391,0.0008,4.2802,1.6088,0.4359
0.8295,0.0005,1.0686,1.0677,0.4359
1.0189,0.0004,0.7112,1.2963,0.4359
4.4042,0.0007,4.1720,1.1650,0.4277
0.7249,0.0005,0.8345,0.9148,0.4277
1.4502,0.0003,0.7183,1.5756,0.4397
4.3083,0.0006,4.2080,0.9889,0.4547
0.6997,0.0005,0.8552,0.9556,0.4547
0.8678,0.0004,0.6370,0.8447,0.4547
4.7116,0.0006,4.3623,2.0018,0.4518
0.7779,0.0006,1.0386,1.1434,0.4518
1.3554,0.0004,0.6700,1.5576,0.4411
4.3541,0.0005,4.1685,0.9316,0.4453
0.9025,0.0004,0.7974,0.9196,0.4453
0.6319,0.0003,0.8627,0.9862,0.4453
4.7747,0.0007,4.3817,1.4214,0.4327
0.7655,0.0006,1.0775,1.1807,0.4327
0.9717,0.0007,0.7434,0.9295,0.4327
4.5542,0.0006,4.3670,1.8143,0.4455
0.8907,0.0007,0.9067,0.9368,0.4455
0.8471,0.0003,0.8582,0.9747,0.4455
4.6658,0.0008,4.5265,2.1677,0.4409
0.7336,0.0006,0.9338,1.0060,0.4409
0.8871,0.0007,0.6713,0.8615,0.4542
4.6980,0.0010,4.4560,1.1647,0.4544
0.8522,0.0006,1.1287,1.2069,0.4544
1.2073,0.0004,0.6975,1.4584,0.4544
4.6111,0.0007,4.2849,1.3870,0.4331
0.7384,0.0005,0.9425,0.9517,0.4331
0.9230,0.0004,0.6909,1.0165,0.4331
4.3431,0.0006,4.1587,1.3458,0.4547
0.6775,0.0007,0.8329,0.9144,0.4547
0.9962,0.0004,0.6165,1.0038,0.4547
4.6176,0.0008,4.4363,1.7459,0.4440
0.7421,0.0005,0.9639,1.0270,0.4440
0.9905,0.0008,0.6693,0.9752,0.4440
4.3322,0.0008,4.0886,1.6637,0.4326
0.7250,0.0007,0.8767,1.1325,0.4326
0.9172,0.0005,0.6718,0.9444,0.4326
4.2609,0.0005,4.0647,1.0646,0.4304
0.9594,0.0005,0.8378,0.8904,0.4304
1.1253,0.0007,0.9667,0.7926,0.6589
5.7176,0.0005,5.8986,1.4390,0.4532
0.7450,0.0003,0.9315,1.2232,0.4532
1.0898,0.0003,0.6369,0.9862,0.4532
4.2421,0.0006,4.1224,1.2234,0.4340
0.6548,0.0003,0.8441,0.9196,0.4340
0.8677,0.0003,0.6321,0.8653,0.4340
5.0736,0.0007,4.7484,1.8909,0.4374
0.7390,0.0007,0.9757,1.0251,0.4374
0.9028,0.0003,0.6787,0.8618,0.4374
4.3400,0.0005,4.0986,1.4113,0.4406
0.6848,0.0003,0.8661,0.9379,0.4406
0.7926,0.0004,0.6195,0.9585,0.4406
4.3515,0.0007,4.0748,1.2592,0.4396
0.9920,0.0005,0.9149,0.9688,0.4396
0.6521,0.0003,0.9146,0.8514,0.4396
4.8857,0.0008,4.5203,1.6369,0.4781
0.7957,0.0006,1.0578,1.1059,0.4781
0.9126,0.0002,0.7792,0.9854,0.4781
4.3412,0.0005,4.2443,1.4039,0.4520
0.6860,0.0004,0.8382,0.9259,0.4520
0.9799,0.0004,0.6739,0.9249,0.4520
4.2144,0.0005,3.9953,1.4382,0.4290
0.8786,0.0005,0.8518,1.1347,0.4290
0.8427,0.0004,0.8890,0.9650,0.4290
4.6559,0.0007,4.5090,1.8067,0.4510
0.6995,0.0007,0.8947,1.1311,0.4510
1.3614,0.0004,0.6125,1.3499,0.4367
4.3064,0.0004,4.0986,1.2358,0.4485
0.6283,0.0003,0.8028,0.9224,0.4485
1.0838,0.0003,0.6724,0.8897,0.4485
5.8590,0.0007,5.6234,1.6213,0.4520
0.8462,0.0004,1.1584,1.2378,0.4520
1.1384,0.0003,0.6931,1.2866,0.4520
4.6830,0.0007,4.4612,1.3445,0.4536
0.7061,0.0004,0.9261,0.9914,0.4536
0.8469,0.0005,0.6288,0.8495,0.4536
4.3305,0.0005,4.1040,1.4601,0.4517
0.7615,0.0006,0.8983,1.0271,0.4517
1.2707,0.0004,0.6767,1.3890,0.4517
5.7281,0.0006,5.4890,1.4080,0.4271
0.7036,0.0003,0.9290,0.9563,0.4271
0.9644,0.0003,0.6449,0.9415,0.4271
4.2120,0.0004,4.1345,1.6608,0.4447
0.8944,0.0003,0.8432,0.8935,0.4447
0.7330,0.0003,0.8362,1.0693,0.4447
6.0719,0.0007,5.6637,1.3101,0.4286
1.0026,0.0004,1.1246,1.1349,0.4286
0.7012,0.0004,0.8696,0.9377,0.4286
4.3020,0.0004,4.0694,1.7186,0.4277
0.6348,0.0003,0.8473,1.0424,0.4277
1.0046,0.0004,0.6125,0.8825,0.4277
4.2728,0.0005,4.1787,1.4273,0.4232
0.6885,0.0004,0.8426,0.9384,0.4232
1.3493,0.0003,0.6355,1.2366,0.4232
4.6538,0.0006,4.6864,1.1165,0.4297
0.6487,0.0003,0.8715,0.9604,0.4297
0.9684,0.0003,0.6323,0.9933,0.4297
4.4027,0.0005,4.3405,1.3915,0.4449
0.7444,0.0003,0.9093,0.9922,0.4449
1.0541,0.0004,0.6363,0.9264,0.4449
4.6994,0.0006,4.4156,1.6990,0.4423
0.9388,0.0005,1.0831,1.4290,0.4423
1.0510,0.0005,0.8571,0.9005,0.4423
4.4381,0.0005,4.3657,1.5383,0.4529
1.1853,0.0004,0.7793,1.5787,0.4529
0.7216,0.0005,0.6033,0.7628,0.4529
4.4873,0.0006,4.0929,1.1457,0.4362
1.2651,0.0003,0.9729,1.6910,0.4362
1.2302,0.0003,0.7311,1.3154,0.4362
4.8013,0.0006,4.5120,1.0456,0.4470
0.7961,0.0003,0.9460,1.2928,0.4470
1.0968,0.0005,0.6398,0.9423,0.4470
4.3649,0.0006,4.0850,2.0149,0.4331
0.7490,0.0004,0.9204,1.2222,0.4331
1.1776,0.0004,0.6263,1.1646,0.4331
4.7025,0.0007,4.3442,1.2549,0.4163
0.7544,0.0003,1.0197,1.3028,0.4163
1.3071,0.0003,0.6784,1.1078,0.4163
4.4000,0.0006,4.1710,1.5767,0.4361
0.8649,0.0004,0.8488,0.8904,0.4361
1.0836,0.0005,0.8620,1.4592,0.4506
4.2271,0.0005,4.0106,0.9979,0.4344
0.6909,0.0005,0.8424,0.8982,0.4344
1.0497,0.0003,0.6955,1.0277,0.4344
4.5711,0.0006,4.3862,1.9291,0.4562
0.9874,0.0004,1.0199,1.0520,0.4562
0.7079,0.0002,0.8709,1.1164,0.4562
4.4665,0.0006,4.0714,1.7995,0.4299
0.7362,0.0005,1.0662,1.0076,0.4299
1.0072,0.0004,0.6160,1.2677,0.4299
4.3720,0.0005,4.1465,1.4517,0.4592
0.6434,0.0008,0.8140,1.0161,0.4592
1.4000,0.0007,0.7002,1.1942,0.4592
4.9791,0.0006,4.8958,1.5290,0.4379
1.3421,0.0006,1.0820,0.7663,0.4379
1.1197,0.0009,1.3156,0.7663,0.4474
4.5735,0.0006,4.7181,0.8854,0.4315
0.6683,0.0003,0.9061,1.0634,0.4315
0.8788,0.0002,0.6192,0.8480,0.4315
4.9252,0.0007,4.5948,1.3731,0.4413
0.7558,0.0004,1.0216,1.1088,0.4413
1.0262,0.0004,0.6878,1.0194,0.4413
4.7554,0.0007,4.4082,1.9112,0.4453
0.7597,0.0005,1.0271,1.2606,0.4453
1.2283,0.0005,0.6779,1.2518,0.4584
4.4175,0.0007,4.2217,0.9959,0.4351
0.6712,0.0006,0.8160,1.0230,0.4351
1.3188,0.0006,0.6919,0.9853,0.4351
5.3480,0.0007,5.2846,1.7888,0.4355
1.0912,0.0006,1.0583,0.9775,0.4355
0.6132,0.0005,1.0011,0.9103,0.4355
4.5255,0.0006,4.2571,1.2367,0.4562
0.7131,0.0006,0.9100,0.9811,0.4562
0.9752,0.0004,0.6247,1.0054,0.4562
4.4866,0.0006,4.1815,1.3640,0.4318
0.7540,0.0006,0.9770,1.0275,0.4318
0.9221,0.0003,0.6521,0.9734,0.4318
4.3192,0.0005,4.1178,1.3833,0.4412
0.8994,0.0003,0.8188,1.2442,0.4412
0.9662,0.0002,0.6669,0.9716,0.4412
4.2446,0.0007,4.0230,1.3817,0.4458
0.6889,0.0005,0.8397,0.9475,0.4458
0.9332,0.0004,0.6173,0.9282,0.4458
4.7362,0.0009,4.3363,1.6487,0.4640
1.0945,0.0006,1.1453,1.1311,0.4640
0.9716,0.0003,1.0125,1.4926,0.4308
4.6221,0.0006,4.5890,0.8947,0.4325
0.6893,0.0002,0.8949,1.0191,0.4325
0.9515,0.0003,0.6282,0.8726,0.4325
5.8696,0.0007,5.3511,1.3342,0.4219
0.7230,0.0004,1.1849,1.0581,0.4219
0.9258,0.0003,0.6469,1.0272,0.4219
4.6529,0.0005,4.6790,1.5788,0.4207
1.1166,0.0004,0.9224,1.5760,0.4207
1.1776,0.0004,0.6269,1.1905,0.4222
4.2509,0.0005,4.0616,1.1811,0.4325
0.6568,0.0006,0.8213,0.8695,0.4325
1.1020,0.0003,0.6055,0.8718,0.4242
5.0934,0.0009,4.8142,1.5956,0.4998
0.7539,0.0005,1.1255,1.3037,0.4998
0.8433,0.0005,0.6248,0.8699,0.4998
4.2813,0.0007,4.0714,1.3372,0.4331
0.6836,0.0004,0.8446,0.9102,0.4331
0.8977,0.0006,0.5987,1.0696,0.4331
4.1777,0.0007,3.9573,1.4000,0.4500
0.8093,0.0006,0.9003,1.0527,0.4500
1.3628,0.0005,0.7015,1.4027,0.4500
4.6015,0.0007,4.3579,1.3220,0.4482
0.7432,0.0005,0.9075,1.1717,0.4482
0.9160,0.0004,0.7289,0.8574,0.4482
4.4687,0.0006,4.4947,1.6190,0.4353
0.6445,0.0004,0.8263,0.9502,0.4353
1.5808,0.0003,0.6010,1.6382,0.4422
4.7209,0.0009,4.4072,1.2603,0.6533
0.7243,0.0005,1.0225,1.1459,0.6533
1.0510,0.0007,0.6932,0.8891,0.6533
4.4102,0.0005,4.4046,1.3731,0.4451
0.6466,0.0004,0.7950,0.9278,0.4451
1.0210,0.0004,0.5837,1.1244,0.4451
4.1452,0.0007,3.9377,1.1100,0.4233
0.6330,0.0003,0.7910,0.9189,0.4233
1.1524,0.0003,0.6620,0.9651,0.4233
4.7139,0.0006,4.7554,1.6514,0.4398
0.8100,0.0006,1.0433,1.0051,0.4398
0.6827,0.0003,0.6687,0.9506,0.4329
4.2263,0.0007,4.0325,1.1068,0.4356
0.6254,0.0003,0.7946,0.9803,0.4356
1.3126,0.0004,0.5858,1.3211,0.4653
4.3911,0.0008,4.0876,1.3612,0.4425
0.7461,0.0004,0.9832,1.1302,0.4425
1.2855,0.0004,0.6403,1.2397,0.4425
4.6494,0.0006,4.5632,1.7310,0.4352
0.6798,0.0005,0.8749,0.9360,0.4352
0.7878,0.0004,0.6326,0.8421,0.4352
4.1773,0.0004,4.0029,1.3688,0.4679
0.6463,0.0004,0.8014,0.9690,0.4679
1.1336,0.0003,0.6133,0.9280,0.4679
5.3095,0.0007,5.0214,1.6837,0.4555
1.1078,0.0006,1.1696,1.0706,0.4555
0.5881,0.0004,0.9890,0.7878,0.4619
4.3420,0.0004,4.1512,1.1932,0.4384
0.6947,0.0003,0.8387,0.9209,0.4384
0.7831,0.0004,0.5944,0.8332,0.4384
4.5603,0.0007,4.2090,1.2814,0.4635
0.7758,0.0005,1.0289,1.1838,0.4635
1.4389,0.0004,0.7282,1.5152,0.4353
5.0226,0.0006,4.7324,1.4037,0.4650
0.7403,0.0006,0.9832,1.0289,0.4650
1.0008,0.0003,0.6752,0.9491,0.4650
4.4936,0.0007,4.1846,1.5135,0.4318
0.7535,0.0004,1.0239,1.1135,0.4318
1.0713,0.0002,0.6305,0.9251,0.4318
4.7434,0.0007,4.4177,1.7092,0.4335
0.7643,0.0007,0.9775,1.0571,0.4335
0.9262,0.0005,0.6959,1.1170,0.4335
4.4086,0.0006,4.1564,1.3555,0.4215
0.6500,0.0003,0.8592,0.9568,0.4215
1.0870,0.0003,0.6724,0.9043,0.4215
4.8443,0.0006,4.5111,1.7816,0.4414
1.1857,0.0005,1.0699,0.7703,0.4414
0.6593,0.0003,1.0843,0.7703,0.4278
4.9683,0.0006,4.6514,1.4418,0.4455
0.7379,0.0003,1.0346,1.0770,0.4455
0.8057,0.0004,0.6421,0.8934,0.4455
5.7839,0.0008,5.3046,1.3455,0.4376
1.1496,0.0006,1.1786,0.7976,0.4376
0.6365,0.0003,1.0728,0.7976,0.4198
5.5880,0.0006,5.2889,1.0406,0.4468
0.6573,0.0003,0.9323,1.0973,0.4468
1.1912,0.0003,0.6292,0.9549,0.4468
4.4257,0.0005,4.3276,1.4419,0.4355
0.6736,0.0003,0.8245,0.9578,0.4355
1.1424,0.0003,0.6286,0.8112,0.4332
4.3097,0.0009,4.2549,1.4488,0.4452
0.6659,0.0005,0.8320,0.9030,0.4452
0.7805,0.0005,0.6079,0.8204,0.4452
4.9286,0.0007,4.5279,1.8790,0.4947
0.7241,0.0003,1.0395,1.0592,0.4947
0.9706,0.0003,0.6385,0.8746,0.4947
4.4400,0.0006,4.1985,1.6074,0.4487
0.9007,0.0005,0.8856,0.9103,0.4487
0.7218,0.0002,0.8347,0.9811,0.4487
4.3789,0.0006,4.1223,1.3737,0.4494
0.8729,0.0007,0.9490,1.0577,0.4494
0.9048,0.0003,0.8006,0.9970,0.4494
4.5372,0.0006,4.3487,1.6012,0.4203
0.6392,0.0003,0.8210,0.9268,0.4203
0.7489,0.0002,0.5983,0.8283,0.4203
4.2545,0.0006,4.0483,1.3667,0.4336
0.7088,0.0004,0.8565,0.8995,0.4336
0.9127,0.0004,0.6364,1.0037,0.4336
4.7445,0.0009,4.4446,1.1756,0.4406
0.8315,0.0006,1.0805,1.1686,0.4406
1.4329,0.0009,0.8333,1.6089,0.4377
5.6734,0.0007,5.4829,0.8952,0.4482
1.0612,0.0007,1.0648,1.5866,0.4482
1.1848,0.0006,0.7281,0.8054,0.4482
4.7043,0.0010,4.6129,1.7657,0.4359
0.9653,0.0008,1.0839,1.3987,0.4359
1.5870,0.0006,0.8717,1.3380,0.4359
4.9492,0.0007,4.8520,1.9553,0.4310
0.8010,0.0005,1.0501,1.0426,0.4310
1.0013,0.0004,0.6831,1.0471,0.4310
5.4042,0.0006,5.1729,1.6040,0.4357
0.8119,0.0003,1.0617,1.2393,0.4357
1.2184,0.0007,0.7063,1.0658,0.4357
5.0878,0.0007,4.7207,2.0685,0.4286
0.8184,0.0008,1.1073,1.1226,0.4286
1.1878,0.0005,0.7165,1.4377,0.4286
5.0191,0.0006,4.6749,1.6757,0.4157
1.0362,0.0005,1.1040,1.4174,0.4157
1.0913,0.0005,0.9424,0.9699,0.4157
6.2034,0.0009,5.9358,1.6390,0.6287
0.8866,0.0006,1.2164,1.4073,0.6287
1.5746,0.0008,0.7786,1.4866,0.6287
5.1712,0.0010,5.0365,1.7930,0.4049
0.8656,0.0008,1.1420,1.1404,0.4049
1.2404,0.0006,0.7380,1.5125,0.4359
5.2529,0.0007,4.8203,1.3346,0.4320
1.1318,0.0008,1.1963,1.6748,0.4320
1.3540,0.0005,0.8583,1.2758,0.4320
5.1421,0.0008,4.7858,1.4441,0.4327
1.1147,0.0010,1.1290,1.1968,0.4327
0.9020,0.0004,1.0535,1.3776,0.4327
5.3157,0.0012,4.8603,1.7799,0.4440
0.8991,0.0008,1.2653,1.4515,0.4440
1.4322,0.0004,0.7662,1.5184,0.4642
4.8130,0.0006,4.5884,1.3390,0.4330
0.7307,0.0004,0.9560,1.0653,0.4330
1.3805,0.0006,0.7531,1.2854,0.4330
4.9291,0.0007,4.8289,2.0730,0.4421
0.8186,0.0005,1.0499,1.1821,0.4421
1.1562,0.0006,0.6955,1.0742,0.4421
5.1857,0.0007,4.8283,2.1882,0.4353
0.8183,0.0007,1.0860,1.3137,0.4353
1.1978,0.0006,0.7314,1.2394,0.4353
4.7226,0.0007,4.4057,1.4859,0.4487
0.7456,0.0006,0.9924,1.1443,0.4487
1.6605,0.0003,0.7680,1.1951,0.4487
5.0903,0.0008,5.0881,1.9889,0.4250
0.8378,0.0007,1.0587,1.2052,0.4250
1.1737,0.0005,0.8153,1.0506,0.4250
4.9685,0.0007,4.8152,2.2700,0.4204
1.0181,0.0005,1.0620,1.0919,0.4204
0.8851,0.0005,0.9442,1.3073,0.4204
5.4084,0.0012,4.9714,1.6820,0.4295
1.3330,0.0009,1.1912,1.8134,0.4295
1.3774,0.0005,1.3521,1.5275,0.4639
4.8724,0.0008,4.6396,1.3994,0.4384
0.7754,0.0007,0.9974,1.1143,0.4384
1.5438,0.0005,0.6820,1.6870,0.4354
4.8078,0.0007,4.4885,0.9864,0.4208
1.0661,0.0004,1.0037,1.5739,0.4208
1.4555,0.0004,0.7084,1.4133,0.4208
5.0782,0.0008,4.7259,1.5275,0.4285
1.1344,0.0006,1.1943,1.1744,0.4285
0.8126,0.0003,1.0215,1.2958,0.4285
4.9026,0.0007,4.6121,1.8617,0.4478
0.9788,0.0008,1.0512,1.0669,0.4478
0.8231,0.0004,0.8822,1.0108,0.4478
4.8425,0.0007,4.4873,1.6938,0.6688
0.7484,0.0004,1.0448,1.1410,0.6688
1.5559,0.0003,0.6565,1.6674,0.4368
4.7085,0.0008,4.4499,0.9029,0.4295
1.0714,0.0004,0.9402,1.5443,0.4295
1.0938,0.0004,0.6561,1.1141,0.4295
6.1369,0.0010,5.6900,1.2640,0.4673
0.8045,0.0005,1.1488,1.2506,0.4673
1.1658,0.0005,0.8006,0.9893,0.4673
5.7282,0.0006,5.6151,1.5717,0.4380
1.0984,0.0004,1.0490,1.6091,0.4380
1.5300,0.0005,0.6945,1.5301,0.4498
5.2728,0.0009,4.8594,1.4308,0.4382
1.0288,0.0007,1.1767,1.6042,0.4382
1.5228,0.0010,0.8315,1.5127,0.4645
4.9257,0.0007,4.6275,1.4290,0.4329
0.7506,0.0006,1.0760,1.2229,0.4329
1.2358,0.0004,0.6659,1.3095,0.4329
4.6107,0.0007,4.3253,1.2358,0.4322
0.9705,0.0005,0.9330,1.0496,0.4322
1.1795,0.0003,0.9245,1.4313,0.4353
5.1494,0.0007,4.8324,1.5556,0.4451
0.8177,0.0004,1.1428,1.1587,0.4451
1.3057,0.0004,0.7151,1.5283,0.4451
5.0014,0.0007,4.8059,1.1680,0.4373
0.8484,0.0004,1.0149,1.3626,0.4373
1.1645,0.0004,0.6544,1.1895,0.4373
4.9792,0.0007,4.5654,1.3247,0.4396
1.1762,0.0004,1.1459,1.7385,0.4396
1.1751,0.0005,0.7289,0.9779,0.4396
5.0241,0.0008,4.8322,1.3549,0.4330
0.8656,0.0005,1.1219,1.1953,0.4330
1.1152,0.0004,0.7347,1.2172,0.4330
4.9079,0.0010,4.5777,1.9847,0.4361
