frame_ms,scenario_ms,game_ms,render_ms,gpu_ms
1.8702,0.0005,0.8629,1.7739,0.3523
20.6338,0.0008,15.6837,1.4696,0.3483
1.9651,0.0005,4.1763,1.4696,0.3483
1.0021,0.0005,1.8085,1.9061,0.3483
1.1184,0.0004,0.9616,1.0551,0.4327
2.1834,0.0005,1.1352,2.3507,0.4471
1.3637,0.0005,1.1774,1.3588,0.4471
1.7456,0.0005,1.0713,1.6642,0.4354
1.7754,0.0007,1.1606,1.9360,0.5856
2.0176,0.0007,1.1834,2.0810,0.4351
1.9633,0.0006,1.1810,2.0626,0.4448
1.3651,0.0005,1.0732,1.3226,0.4224
1.3178,0.0004,0.9441,1.1934,0.4224
2.2519,0.0006,0.8814,2.3617,0.4285
1.6071,0.0005,0.8278,1.6610,0.3568
1.6423,0.0005,0.7961,1.2991,0.3568
1.9563,0.0005,0.7441,2.2731,0.3487
1.6594,0.0007,1.1167,1.1899,0.3348
1.6765,0.0006,1.1754,1.9590,0.3501
2.0443,0.0010,1.0778,2.1770,0.3453
1.8584,0.0006,0.9486,1.7987,0.3396
1.7865,0.0004,0.8918,1.7864,0.3396
1.9734,0.0005,0.8401,1.8344,0.3388
1.4455,0.0005,1.0436,1.5398,0.3536
1.6019,0.0007,0.9897,1.7258,0.3536
2.2250,0.0004,0.7179,1.9359,0.3483
1.9856,0.0007,1.0480,2.1759,0.3622
1.8232,0.0170,0.9448,1.7161,0.3769
1.2802,0.0005,1.1104,1.4479,0.3359
1.9323,0.0007,0.8236,1.8889,0.3389
1.7566,0.0006,0.8676,1.7782,0.3486
2.0740,0.0009,0.8672,1.9247,0.3515
1.3370,0.0005,1.0000,1.3660,0.3453
1.8380,0.0005,1.0243,1.8080,0.3453
1.4820,0.0004,0.8818,1.5530,0.3378
1.5384,0.0006,0.8684,1.5216,0.3367
1.4006,0.0004,1.0169,1.3852,0.3367
2.2581,0.0007,0.8906,2.2146,0.3733
1.1898,0.0004,1.0481,0.9729,0.3733
2.2301,0.0005,0.9878,2.4751,0.3572
1.4080,0.0004,0.8566,1.4229,0.3472
1.2221,0.0008,0.8428,1.0029,0.3472
2.0035,0.0006,0.8702,2.1141,0.3481
1.3514,0.0006,1.0560,1.5056,0.3481
1.8748,0.0007,0.8825,1.6409,0.3381
1.6235,0.0005,0.9162,1.4802,0.3271
1.9660,0.0008,0.8556,2.2462,0.3457
1.6780,0.0008,0.8856,1.6147,0.3441
1.9894,0.0007,1.0550,1.9958,0.3564
1.7796,0.0005,1.0048,1.8686,0.3528
2.0231,0.0007,0.7696,2.0159,0.3304
2.3761,0.0008,0.8079,2.1720,0.3523
1.1671,0.0005,1.1917,1.3790,0.3435
1.9045,0.0008,0.8062,1.5128,0.3435
1.8269,0.0004,1.1558,2.1304,0.3634
1.8997,0.0006,0.8648,1.8737,0.3568
1.6320,0.0008,0.9028,1.6651,0.5348
1.3629,0.0006,0.8944,1.4226,0.5348
1.7987,0.0006,0.7870,1.6486,0.3390
1.7819,0.0006,1.1186,1.5765,0.3484
2.0108,0.0004,0.9861,2.3067,0.3484
2.3787,0.0005,0.8527,1.9592,0.3394
2.0827,0.0007,0.9481,2.3503,0.3474
1.5767,0.0004,1.0440,1.6877,0.3474
2.1200,0.0006,0.8073,2.0882,0.3300
1.6840,0.0008,0.9876,1.5902,0.3563
1.5562,0.0006,1.2702,1.6822,0.3563
1.5953,0.0007,0.8148,1.6061,0.3398
1.5032,0.0004,0.8573,1.5048,0.3311
1.5491,0.0005,0.7955,1.4143,0.3601
1.6173,0.0007,0.9142,1.7387,0.3531
1.6042,0.0005,0.9710,1.3710,0.3531
2.3080,0.0007,0.7754,2.3238,0.3386
1.5636,0.0007,1.0233,1.6203,0.3432
1.9181,0.0007,1.0670,2.0038,0.3496
1.9434,0.0007,1.1253,1.8662,0.3747
1.7422,0.0005,1.0609,1.7706,0.3747
2.0920,0.0006,0.8583,2.1499,0.3444
1.8383,0.0004,0.8824,1.8053,0.3401
1.3734,0.0005,0.8458,1.4083,0.3401
1.6254,0.0006,0.9145,1.6235,0.3783
1.8661,0.0006,0.7543,1.8150,0.3520
1.8725,0.0006,0.7711,1.7928,0.3456
1.8021,0.0005,0.8716,1.8411,0.3590
1.3415,0.0008,0.9493,1.3634,0.3590
2.1597,0.0006,0.9195,2.0542,0.3569
1.7978,0.0006,1.0336,1.9157,0.3351
1.6203,0.0005,0.9546,1.4051,0.3325
2.1404,0.0007,0.8632,1.8493,0.3505
1.9307,0.0007,1.1938,2.3393,0.3524
1.5788,0.0006,0.9775,1.6360,0.3398
1.9479,0.0007,1.0940,1.9644,0.3481
1.5688,0.0006,0.8205,1.3550,0.3481
2.3024,0.0005,0.8050,2.3002,0.3725
1.3706,0.0005,1.0907,1.4920,0.3725
2.2865,0.0005,1.1078,2.2878,0.3650
1.3076,0.0004,0.8426,1.2503,0.3505
2.0329,0.0004,0.9341,2.1049,0.3369
1.5667,0.0005,0.8343,1.5661,0.3436
0.9783,0.0006,0.8352,0.9770,0.3436
1.8214,0.0004,0.7504,1.8405,0.3395
1.9588,0.0004,0.6789,1.9312,0.3483
1.8207,0.0005,0.7330,1.7573,0.3559
1.1483,0.0011,0.8437,1.1715,0.3559
1.5696,0.0006,0.9704,1.4998,0.3666
1.8521,0.0006,0.9288,1.9254,0.3417
1.7716,0.0006,0.7721,1.7765,0.3417
1.7816,0.0006,0.8353,1.7644,0.3302
1.2270,0.0004,0.8321,1.2209,0.3302
1.9205,0.0004,0.7552,1.8576,0.3624
1.3941,0.0005,0.7813,1.4472,0.3430
1.6860,0.0006,0.7864,1.2906,0.3465
1.6451,0.0006,0.9016,2.0185,0.3434
2.2015,0.0006,0.7794,2.1065,0.3501
1.8848,0.0008,0.9731,1.8621,0.3504
1.6037,0.0007,0.9383,1.3853,0.3504
1.9952,0.0008,0.9104,1.7732,0.3519
2.1839,0.0006,0.8784,2.7335,0.3494
1.1649,0.0005,0.7318,1.1889,0.3494
2.1669,0.0005,0.7241,2.0628,0.3431
0.9812,0.0004,0.9293,0.8648,0.3431
1.3056,0.0004,0.9344,1.5187,0.3640
2.1528,0.0006,0.8189,1.8997,0.3476
1.9543,0.0005,0.9771,2.0672,0.3608
1.9920,0.0007,0.9820,1.9093,0.3565
1.5858,0.0007,1.1900,1.6919,0.3460
1.6221,0.0005,0.8565,1.6945,0.3378
1.8096,0.0005,0.6754,1.4624,0.3378
1.8498,0.0010,0.7810,2.1248,0.3427
1.6406,0.0005,0.7809,1.4614,0.3352
2.1189,0.0006,0.9066,2.2015,0.3430
1.5050,0.0007,1.0285,1.5627,0.3430
1.5749,0.0005,0.9008,1.6101,0.3459
1.9749,0.0006,0.8246,1.9063,0.3570
1.6553,0.0007,0.9551,1.7179,0.3570
1.9576,0.0005,1.0314,1.8451,0.3431
1.2043,0.0004,0.8557,1.3229,0.3431
1.7973,0.0004,0.7325,1.3235,0.3552
1.7991,0.0005,0.8371,2.2049,0.3401
1.6363,0.0005,0.8106,1.6684,0.3410
1.4948,0.0004,0.9189,1.4256,0.3352
1.9692,0.0006,1.0415,1.9190,0.3520
1.7604,0.0008,1.0968,1.4008,0.3810
1.3382,0.0005,1.5232,1.7539,0.3458
1.5157,0.0005,0.8402,1.5528,0.3463
1.6054,0.0005,0.8071,1.5946,0.3463
1.6667,0.0004,0.9037,1.6284,0.3459
2.1130,0.0005,0.7847,2.1192,0.3476
1.6983,0.0004,0.8402,1.7238,0.3476
1.7166,0.0007,0.7682,1.5870,0.3364
2.0191,0.0007,0.8910,2.1033,0.3422
1.6592,0.0008,0.8614,1.4696,0.3422
2.4100,0.0008,1.0670,2.5224,0.3736
1.4488,0.0004,1.0723,1.4071,0.3736
1.8153,0.0006,0.8252,1.6206,0.3430
1.8706,0.0006,0.7709,2.0705,0.3314
1.3279,0.0005,0.9549,1.2692,0.3314
1.9760,0.0004,0.6699,2.1180,0.3443
1.2306,0.0005,0.6540,1.0147,0.3443
1.8674,0.0006,0.6823,2.0701,0.3314
1.4077,0.0006,0.7754,1.3933,0.3314
2.0510,0.0006,0.7432,1.9855,0.3477
1.7493,0.0005,0.8995,1.7911,0.3545
1.5877,0.0005,0.7660,1.6189,0.3430
2.0554,0.0003,0.6760,2.0143,0.3413
1.1781,0.0003,0.6611,0.9440,0.3413
1.3104,0.0006,0.8312,1.3632,0.3450
2.1279,0.0005,0.7610,2.2220,0.3530
1.1412,0.0005,0.7729,1.2508,0.3530
1.4084,0.0007,0.6253,1.0182,0.3450
2.0664,0.0007,0.6486,2.3853,0.3499
1.3435,0.0005,0.7816,1.3383,0.3499
1.8598,0.0003,0.7498,1.8817,0.3473
1.7107,0.0006,0.7410,1.7056,0.3449
1.7358,0.0003,0.7528,1.6359,0.3449
1.8510,0.0004,0.6119,1.9322,0.3386
1.6554,0.0004,0.6373,1.6349,0.3418
1.7981,0.0006,0.6360,1.8056,0.3540
1.4955,0.0005,0.7654,1.3620,0.3542
1.3514,0.0005,0.8938,1.4003,0.3366
1.6925,0.0005,0.6437,1.6931,0.3398
1.1971,0.0005,0.5928,0.9664,0.3398
1.7652,0.0006,0.8501,1.7187,0.3671
2.1681,0.0005,0.8820,2.2018,0.3488
1.4156,0.0006,0.9329,1.5554,0.3565
1.2078,0.0007,0.8314,1.2108,0.3565
1.3228,0.0003,0.8824,1.2643,0.3522
1.8350,0.0004,0.8703,1.9314,0.3488
1.6782,0.0005,0.6995,1.6116,0.3460
1.4082,0.0002,0.8389,1.4337,0.3460
1.7641,0.0003,0.9108,1.8277,0.3415
1.4683,0.0004,0.7784,1.4233,0.3415
1.4669,0.0005,0.7930,1.4328,0.3397
2.1201,0.0006,0.8342,2.0408,0.3567
1.5822,0.0005,0.8012,1.6723,0.3562
1.4463,0.0003,0.8548,1.4670,0.3578
1.5843,0.0004,0.6839,1.5620,0.3632
1.0677,0.0004,0.6601,1.0780,0.3632
1.8634,0.0005,0.6756,1.8393,0.3498
1.4431,0.0004,0.8572,1.4500,0.3498
2.2772,0.0005,0.8214,2.0297,0.3407
1.1870,0.0005,1.0806,0.9315,0.3520
1.6065,0.0006,1.0878,2.0195,0.3520
1.8641,0.0004,0.8403,1.8439,0.3403
1.6936,0.0004,0.8048,1.7504,0.3710
1.4643,0.0005,0.7527,1.4668,0.3485
1.1882,0.0004,0.7719,1.1568,0.3485
1.7103,0.0004,0.6492,1.6623,0.3634
2.2469,0.0007,0.6908,2.2868,0.3579
1.2813,0.0004,0.7861,1.2817,0.3579
1.5303,0.0004,0.7370,1.4847,0.3443
1.4333,0.0004,0.7895,1.5108,0.3443
1.7695,0.0008,0.6330,1.2905,0.3445
1.6958,0.0005,1.0680,1.9057,0.3631
1.8630,0.0005,0.9320,2.0708,0.3361
1.9394,0.0004,0.8886,1.8273,0.3518
1.2218,0.0009,0.8008,1.3028,0.3518
1.5204,0.0003,0.6640,1.5448,0.3370
1.1882,0.0004,0.6187,1.1791,0.3370
2.1324,0.0006,0.6281,2.0804,0.3544
1.4343,0.0005,0.6910,1.4582,0.3544
1.5272,0.0005,0.6554,1.5360,0.3358
1.7758,0.0007,0.6703,1.6582,0.3540
1.2902,0.0007,0.9240,1.3453,0.3540
1.4474,0.0005,0.8400,1.3217,0.3750
1.9752,0.0006,0.7683,2.1294,0.3410
1.5687,0.0006,0.7366,1.5837,0.3524
1.8428,0.0006,0.6032,1.8093,0.3339
1.1420,0.0006,0.6897,1.1233,0.3429
2.0183,0.0006,0.8624,1.9771,0.3447
1.1428,0.0006,1.0977,0.9123,0.3447
1.7337,0.0009,0.7896,1.9732,0.3545
1.4833,0.0006,0.7385,1.5017,0.3554
1.5636,0.0007,0.7687,1.4735,0.3554
1.7132,0.0007,0.9378,1.5645,0.3922
1.7482,0.0005,0.8442,1.8967,0.3792
2.3134,0.0006,0.7490,2.3177,0.3554
1.4657,0.0003,0.7821,1.5268,0.3493
1.5765,0.0006,0.7041,1.4545,0.3493
1.2221,0.0003,0.8223,1.0451,0.3454
1.5062,0.0003,0.6456,1.4413,0.3454
1.3939,0.0005,0.7059,1.3593,0.3398
1.2653,0.0003,0.7758,1.4738,0.3389
1.6814,0.0004,0.6102,1.8136,0.3463
1.4739,0.0006,0.6788,1.2996,0.3777
1.4995,0.0004,0.8241,1.7012,0.3574
1.6935,0.0003,0.7413,1.4016,0.3533
1.4859,0.0007,0.6802,1.7223,0.3397
1.7025,0.0004,0.7134,1.7134,0.3470
1.7186,0.0005,0.8961,1.7409,0.3386
1.6701,0.0005,0.6569,1.4740,0.3368
1.2510,0.0004,0.8046,1.2999,0.3368
1.5560,0.0005,0.7179,1.6818,0.3370
1.8529,0.0003,0.5989,1.8819,0.3566
1.5041,0.0005,0.6535,1.4323,0.3649
2.0123,0.0006,0.8601,1.9392,0.3472
1.5997,0.0004,0.8655,1.4365,0.3472
1.7702,0.0006,0.7914,1.8683,0.3516
2.1116,0.0009,0.8923,2.2211,0.3376
1.5878,0.0006,0.8465,1.6263,0.3436
1.6321,0.0006,0.7483,1.2550,0.3505
1.7443,0.0008,0.7537,2.0884,0.3490
1.3405,0.0006,0.9597,1.3002,0.3490
1.6584,0.0005,0.8435,1.4115,0.3572
1.8829,0.0005,0.8409,2.1255,0.3510
1.7025,0.0005,1.0011,1.5615,0.3510
1.7080,0.0004,0.8748,1.7675,0.3455
1.6563,0.0005,0.8388,1.7668,0.3349
1.7678,0.0005,0.6996,1.7102,0.3489
1.4123,0.0003,0.7368,1.4387,0.3489
1.6173,0.0003,0.7397,1.5891,0.3413
1.6841,0.0003,0.8541,1.7436,0.3413
1.4853,0.0002,0.6529,1.3822,0.3425
1.6366,0.0004,0.7205,1.7469,0.3482
1.4998,0.0007,0.5895,1.1004,0.3480
1.8040,0.0006,0.8069,1.7730,0.3645
1.8401,0.0007,1.1802,2.1997,0.3539
1.2097,0.0003,0.7059,1.0268,0.3413
1.3976,0.0004,0.8013,1.6005,0.3507
1.3494,0.0004,0.6317,1.3490,0.3359
1.5527,0.0004,0.6059,1.3020,0.3359
1.9732,0.0157,0.7653,1.2752,0.3419
1.2339,0.0003,0.9261,2.0714,0.3419
1.6071,0.0005,0.6651,1.3423,0.3581
1.7969,0.0008,0.7418,1.3890,0.3476
1.7714,0.0006,1.1757,2.1568,0.3476
1.4183,0.0005,1.2291,1.3085,0.3822
1.7364,0.0005,1.1787,2.0255,0.3678
1.6486,0.0005,0.9483,1.5398,0.3457
1.5162,0.0004,0.8610,1.5952,0.3425
1.8988,0.0004,0.9508,1.8752,0.3590
1.6168,0.0004,0.8342,1.6609,0.3661
1.1409,0.0003,0.9704,1.2408,0.3661
1.7740,0.0004,0.6976,1.6575,0.3348
1.3636,0.0003,0.7770,1.4368,0.3563
1.4635,0.0007,0.7673,1.4729,0.3563
1.6454,0.0006,0.8013,1.5488,0.3855
1.4650,0.0005,0.9080,1.6108,0.3605
1.4457,0.0006,0.6660,1.4376,0.3534
1.5271,0.0004,0.8760,1.5250,0.3685
1.4023,0.0004,0.6716,1.4128,0.3685
1.2078,0.0004,0.6319,1.1919,0.3330
1.4027,0.0004,0.7832,1.4013,0.3441
1.8082,0.0005,0.6715,1.8108,0.3564
1.4106,0.0004,0.5828,1.4002,0.3480
1.4598,0.0004,0.7526,1.4567,0.3480
1.6307,0.0007,0.6112,1.5413,0.3527
1.5686,0.0006,1.0028,1.2547,0.3500
1.8555,0.0006,1.0742,1.8917,0.3776
1.4027,0.0006,0.9330,1.6468,0.3383
2.0256,0.0006,0.8614,2.0449,0.3532
1.3049,0.0004,0.7427,1.2437,0.3465
1.1662,0.0003,0.7737,1.2476,0.3465
1.5732,0.0005,0.6382,1.3577,0.3516
1.4246,0.0005,0.6721,1.4449,0.3541
1.0872,0.0004,0.8356,1.3165,0.3541
1.4310,0.0004,0.6256,1.2235,0.3562
1.4472,0.0006,0.6680,1.4668,0.3404
2.0320,0.0006,1.3149,2.1313,0.3578
1.5238,0.0007,0.8548,1.5627,0.3648
1.1253,0.0004,0.7044,1.0058,0.3648
1.5882,0.0004,0.6788,1.4087,0.3408
1.5574,0.0008,0.7545,1.5073,0.3374
1.6430,0.0004,0.8783,1.6260,0.3358
1.6504,0.0005,0.6212,1.9403,0.3389
2.1097,0.0005,0.6122,2.0415,0.3461
1.1189,0.0003,0.7670,0.9624,0.3461
2.0429,0.0008,0.6581,2.1482,0.3496
1.9820,0.0007,1.0598,1.3901,0.3496
1.8457,0.0006,1.2311,2.2859,0.3761
1.5839,0.0005,1.2221,1.7934,0.3509
1.6340,0.0169,0.7794,1.2953,0.3374
1.9109,0.0004,0.8376,2.2306,0.3459
1.3261,0.0006,0.7507,1.1173,0.3459
2.0652,0.0006,0.7773,2.2180,0.3620
1.5420,0.0004,0.8370,1.6570,0.3620
1.7379,0.0005,0.8959,1.7402,0.3378
2.0778,0.0006,0.6599,1.9933,0.5329
1.5719,0.0004,0.7948,1.6299,0.5329
1.5484,0.0004,0.8161,1.5675,0.3723
1.7654,0.0005,0.8045,1.7534,0.3460
1.2417,0.0003,0.7374,0.9997,0.3460
1.7450,0.0005,0.7701,1.9592,0.3503
1.5160,0.0005,0.6967,1.0653,0.3503
1.8152,0.0005,0.9004,1.8997,0.3489
1.5037,0.0006,0.9464,1.6482,0.3489
1.7377,0.0006,0.7244,1.4991,0.3359
1.3530,0.0006,0.8840,1.6472,0.3359
2.0440,0.0005,0.8420,1.8448,0.3496
1.6085,0.0004,1.1465,1.7370,0.3546
1.4532,0.0003,1.2063,1.5821,0.3546
1.0522,0.0004,0.8210,0.7625,0.3546
1.5962,0.0004,0.8854,1.6623,0.3411
1.6189,0.0005,0.7592,1.5971,0.3410
1.9902,0.0006,0.8987,2.2772,0.3355
1.2449,0.0005,0.7722,0.9433,0.3355
1.7318,0.0005,1.0273,1.8698,0.3583
1.2494,0.0005,0.8315,1.2679,0.3583
1.6453,0.0006,0.7406,1.7086,0.3512
1.4058,0.0003,0.7137,1.4220,0.3826
1.2519,0.0005,0.7009,1.2426,0.3870
1.6442,0.0006,0.6803,1.5482,0.3468
1.7848,0.0005,0.7499,1.4477,0.3359
1.0022,0.0005,0.7626,1.4705,0.3359
1.5914,0.0006,0.7063,1.5035,0.3446
1.2893,0.0004,0.7909,1.3633,0.3378
1.7490,0.0006,0.6183,1.5984,0.3337
1.6586,0.0006,0.7930,1.7150,0.3508
1.3870,0.0006,0.8293,0.9762,0.3464
1.3807,0.0008,0.8484,1.6913,0.3464
1.6575,0.0005,0.8115,1.5804,0.3421
2.1408,0.0007,0.9577,2.1591,0.3521
1.1396,0.0007,0.9432,1.3499,0.3521
1.7498,0.0006,0.6626,1.4321,0.3402
1.6292,0.0005,0.7935,1.8916,0.3373
1.8562,0.0006,0.8917,1.8870,0.3470
1.0056,0.0170,0.6861,0.7564,0.3470
1.6089,0.0005,0.8860,1.6597,0.3397
1.1745,0.0004,0.9632,1.3825,0.3397
1.2791,0.0006,0.6165,1.1569,0.3600
1.9273,0.0006,0.6642,1.6159,0.3828
0.8892,0.0006,1.2499,1.0517,0.3828
1.9508,0.0004,0.8883,2.1363,0.3597
1.8966,0.0004,0.9070,1.7823,0.3688
1.2458,0.0004,0.8881,1.2729,0.3547
0.8807,0.0005,0.7471,1.0072,0.3404
1.5542,0.0004,0.6620,1.1903,0.3404
1.4327,0.0004,0.7404,1.7756,0.3392
1.3999,0.0004,0.6615,1.2486,0.3519
1.3357,0.0004,0.8477,1.4778,0.3639
1.2152,0.0004,0.7318,1.0299,0.3639
1.7841,0.0005,0.7101,1.6920,0.3469
2.0525,0.0007,0.6794,2.0249,0.3870
1.2373,0.0004,1.2095,0.8786,0.3865
1.5247,0.0006,1.0525,2.0076,0.3605
1.0909,0.0004,0.7605,0.9945,0.3605
1.4730,0.0005,0.7606,1.5989,0.3673
1.5177,0.0005,0.7356,1.1568,0.3562
1.2712,0.0003,1.0841,1.4406,0.3562
2.0962,0.0005,0.7867,2.2497,0.3300
1.5103,0.0005,0.6837,1.5518,0.3618
1.1910,0.0004,0.7565,1.1385,0.3618
2.1042,0.0004,0.8780,2.0733,0.3405
1.3014,0.0004,0.7557,1.3440,0.3405
1.6962,0.0007,0.7572,1.6863,0.3655
1.0712,0.0005,0.6962,1.0535,0.3655
1.4695,0.0004,0.7081,1.3146,0.3602
1.6945,0.0007,0.6604,1.5275,0.3450
2.1368,0.0007,1.0029,2.2900,0.3413
1.6650,0.0004,0.8601,1.5838,0.3413
2.3998,0.0004,0.6704,2.5050,0.3407
1.7517,0.0004,0.8435,1.8525,0.3453
1.7427,0.0007,0.8798,1.7060,0.3500
1.1083,0.0004,0.7562,1.0875,0.3500
1.8393,0.0005,0.8755,1.7906,0.3681
1.6326,0.0004,0.8153,1.4567,0.3575
1.7257,0.0004,0.8030,1.8859,0.3478
1.3720,0.0003,0.8489,1.3136,0.3560
1.8124,0.0007,0.7512,1.4105,0.3626
1.5414,0.0005,0.7440,1.8913,0.3474
1.6403,0.0005,0.7165,1.7051,0.3526
1.7290,0.0005,0.6710,1.8631,0.3411
1.5401,0.0005,0.7044,1.3933,0.3377
1.1721,0.0003,0.8520,1.3068,0.3377
2.1081,0.0006,0.7079,1.9948,0.3974
1.2549,0.0005,0.8541,1.3555,0.3413
1.8027,0.0003,0.7892,1.6434,0.3413
1.5148,0.0003,0.7594,1.5273,0.3568
2.1428,0.0006,0.6999,2.2837,0.3584
0.9765,0.0003,0.6941,0.8165,0.3584
1.6113,0.0006,0.6321,1.4871,0.3554
1.8850,0.0005,0.8695,2.1474,0.3625
1.3601,0.0004,0.6935,1.2146,0.3625
1.9462,0.0008,0.6596,2.0504,0.3392
1.7461,0.0007,0.7836,1.7028,0.3849
1.4157,0.0006,0.8749,1.3504,0.3849
1.4125,0.0006,0.7017,1.4398,0.3547
1.3944,0.0005,0.6798,1.4125,0.3524
1.4906,0.0005,0.7140,1.4200,0.3550
1.4578,0.0005,0.8497,1.4076,0.3560
1.7880,0.0009,0.8793,1.7352,0.3603
1.2772,0.0003,0.7504,1.2539,0.3464
1.2009,0.0004,0.7598,1.3414,0.3464
1.2977,0.0005,0.5731,1.3813,0.3323
1.5144,0.0008,0.5924,1.2552,0.3580
2.2358,0.0009,0.7653,2.3369,0.3580
1.2554,0.0005,0.8965,1.2242,0.3482
1.7467,0.0004,0.9138,1.7780,0.3506
1.4890,0.0004,0.9532,1.5849,0.3447
1.0960,0.0003,0.6665,1.0948,0.3447
1.4771,0.0005,0.6256,1.3081,0.3493
1.2100,0.0004,0.8124,1.1091,0.3493
1.3079,0.0004,0.7479,1.5634,0.3476
1.3958,0.0005,0.7622,1.2570,0.3327
1.8856,0.0007,0.6552,1.9436,0.3550
1.2143,0.0005,0.7728,1.0402,0.3413
1.5889,0.0008,0.9541,1.6652,0.3999
1.1864,0.0007,1.3811,1.3137,0.3999
1.4957,0.0005,0.8156,1.5179,0.3778
1.3220,0.0004,0.6408,1.1533,0.3470
1.5802,0.0005,0.6733,1.7380,0.3352
1.5556,0.0005,0.7225,1.4317,0.3480
1.6720,0.0006,1.0378,1.7847,0.3574
0.9202,0.0005,0.9126,0.7274,0.3574
1.5821,0.0008,0.8252,1.5077,0.3554
1.7968,0.0005,0.7046,2.0202,0.3298
1.9091,0.0005,0.6877,1.4897,0.3353
1.3393,0.0007,0.9561,1.5876,0.3353
1.9917,0.0007,1.0279,1.3751,0.3867
1.4439,0.0005,0.9077,2.1410,0.3628
1.1970,0.0004,0.7708,1.3037,0.3628
1.5663,0.0006,0.6202,1.4687,0.3480
1.6517,0.0004,0.6568,1.7288,0.3326
1.4508,0.0004,0.6445,1.2860,0.3462
2.0750,0.0007,0.5986,2.1231,0.3595
0.9718,0.0003,0.7077,1.1058,0.3468
1.4095,0.0005,0.6051,1.3997,0.3603
1.5058,0.0004,0.6135,1.2098,0.3417
1.5383,0.0004,0.9111,1.6960,0.3616
1.7143,0.0005,1.2206,1.5349,0.3616
1.6929,0.0004,1.2762,1.8504,0.3623
1.4590,0.0005,0.7823,1.3401,0.3426
1.2913,0.0006,0.7386,1.4976,0.3298
1.6822,0.0006,0.6490,1.3453,0.3399
1.5344,0.0005,0.7281,1.5157,0.3508
1.5908,0.0003,0.7584,1.9466,0.3388
1.5878,0.0004,0.6446,1.5059,0.3347
1.7091,0.0007,0.6923,1.6542,0.3418
2.1938,0.0006,0.7756,2.0258,0.3516
1.4255,0.0006,0.9805,1.0667,0.3905
1.0537,0.0004,1.4009,1.6576,0.3905
1.3494,0.0006,0.8317,1.1929,0.3604
1.4201,0.0005,0.8591,1.5071,0.3453
1.2865,0.0005,0.7392,1.2954,0.3453
1.3270,0.0006,0.7457,1.0026,0.3403
1.3624,0.0005,0.8240,1.5403,0.3518
1.0639,0.0003,1.2329,1.0979,0.3619
1.9764,0.0005,1.0251,2.0133,0.3590
1.1266,0.0005,0.8706,1.1703,0.3462
1.0791,0.0004,0.8211,0.8778,0.3462
2.1805,0.0007,0.8421,2.3219,0.3530
1.5233,0.0008,0.9211,1.1488,0.3530
1.4544,0.0006,1.0617,1.7795,0.3441
1.4633,0.0005,0.8869,1.2928,0.3441
1.9177,0.0005,0.7288,2.1760,0.3527
1.3143,0.0004,0.8257,1.3916,0.3476
1.4421,0.0006,0.7471,1.1619,0.3365
1.6145,0.0004,0.6301,1.5078,0.3298
1.2753,0.0003,0.6649,1.5030,0.3562
1.8197,0.0004,0.8174,1.9540,0.3529
1.6255,0.0004,0.8192,1.4966,0.3529
1.4131,0.0005,0.7617,1.0895,0.3589
1.8104,0.0004,0.7775,2.2256,0.3753
1.3376,0.0006,0.8237,0.9336,0.3861
2.0810,0.0006,0.8116,2.4490,0.3504
1.5194,0.0004,0.6884,1.5181,0.3616
1.0684,0.0005,0.6890,0.7973,0.3616
1.6321,0.0005,0.6820,1.6144,0.3489
1.5060,0.0006,0.7707,1.5778,0.3377
1.8773,0.0004,1.0651,1.8773,0.3404
1.6020,0.0005,1.0278,1.6247,0.3611
1.8574,0.0006,0.6867,1.7630,0.3528
1.5294,0.0007,0.8547,1.3930,0.3528
1.3320,0.0005,1.3055,1.3352,0.3738
1.9757,0.0004,0.7179,2.1481,0.3595
1.3018,0.0004,0.6819,1.3328,0.3595
1.6785,0.0005,0.6674,1.3401,0.3553
1.7259,0.0006,0.7651,1.8563,0.3525
1.8000,0.0006,0.6681,1.5224,0.3390
1.1931,0.0006,1.0398,1.5959,0.3390
1.6532,0.0005,0.7850,1.5164,0.3485
1.5099,0.0004,0.6593,1.6552,0.3493
1.7218,0.0005,0.6689,1.3941,0.3773
1.4151,0.0004,1.3379,1.5941,0.3667
1.4032,0.0007,0.7185,1.4585,0.3472
1.7223,0.0005,0.6610,1.6528,0.3484
1.5177,0.0005,0.6480,1.4605,0.3404
1.3500,0.0005,0.7995,1.4043,0.3404
1.6131,0.0005,0.6929,1.7199,0.3388
1.1435,0.0006,0.8720,1.1628,0.3388
1.3842,0.0004,0.7767,1.3572,0.3398
1.7408,0.0004,0.7420,1.6579,0.3427
1.3822,0.0005,0.7281,1.4658,0.3447
1.3558,0.0006,0.6738,1.1497,0.3447
1.8205,0.0007,0.7967,2.0831,0.3749
1.7419,0.0008,0.7895,1.7327,0.3544
1.6318,0.0006,0.6085,1.5297,0.3465
1.9278,0.0004,0.5831,1.9684,0.3338
1.9455,0.0007,0.6102,1.6424,0.3295
1.6235,0.0005,0.9060,1.9465,0.3517
1.5331,0.0003,0.6627,1.2712,0.3417
1.9548,0.0004,0.6568,2.1809,0.3359
1.4598,0.0004,0.6239,0.9849,0.3359
1.4644,0.0006,0.8845,1.6695,0.3451
1.5568,0.0005,0.8521,1.7887,1.0170
1.4275,0.0007,0.7711,1.4228,0.3883
1.6722,0.0006,0.8964,1.6049,0.3614
1.1729,0.0007,0.9388,1.1754,0.3614
1.7155,0.0006,0.7117,1.6941,0.3682
1.6868,0.0005,0.8194,1.4915,0.3443
1.5155,0.0005,0.8720,1.3960,0.3438
1.5548,0.0005,0.8537,1.8012,0.3568
1.1308,0.0006,0.8714,1.0429,0.3471
1.3113,0.0004,1.1137,1.2660,0.3471
1.7628,0.0007,0.8415,1.7097,0.3475
1.5654,0.0006,1.4537,1.5608,0.8707
1.5312,0.0005,1.1090,1.6102,0.3466
1.8547,0.0005,0.8604,2.0634,0.3396
0.8586,0.0005,0.7183,0.9024,0.3396
1.7117,0.0004,0.6591,1.5672,0.3389
1.4048,0.0004,0.8178,1.2752,0.3558
1.2620,0.0006,0.8740,1.5107,0.3558
1.3015,0.0004,0.7173,1.2008,0.3584
1.5173,0.0004,0.6541,1.4042,0.3400
1.7585,0.0003,0.8823,1.9383,0.3400
1.8465,0.0007,0.6713,1.8081,0.3734
1.5919,0.0007,0.7299,1.5841,0.3586
1.6464,0.0007,0.7606,1.6106,0.3499
0.9003,0.0007,0.7488,0.9640,0.3499
1.6795,0.0004,0.6775,1.5474,0.3552
2.1939,0.0005,0.6527,2.2335,0.3538
0.9697,0.0004,0.7764,0.8602,0.3538
1.8979,0.0004,0.7874,2.0881,0.3497
1.3565,0.0007,0.6871,0.9731,0.3591
1.8891,0.0005,0.8073,2.1066,0.3449
1.4095,0.0005,1.0075,1.5378,0.3449
1.6905,0.0005,0.8502,1.6376,0.3762
1.7530,0.0004,0.8685,1.7815,0.3454
1.4930,0.0007,0.7656,1.3231,0.3454
1.5855,0.0004,1.0324,1.7720,0.3435
2.0564,0.0007,0.8624,1.9447,0.3433
1.7537,0.0007,0.9386,1.6441,0.3515
0.7198,0.0004,0.9535,0.7998,0.3515
1.9097,0.0004,0.6594,1.9492,0.3478
1.6363,0.0006,0.7036,1.6452,0.3492
1.9048,0.0007,0.6343,1.9577,0.3376
1.6900,0.0005,0.6369,1.2065,0.3471
1.6747,0.0006,1.1324,2.1127,0.3570
1.1850,0.0005,1.0125,1.0731,0.3570
1.5093,0.0004,0.8858,1.5598,0.3578
1.6850,0.0004,1.0078,1.7595,0.3578
1.2939,0.0005,0.6468,1.3084,0.3430
1.7323,0.0004,0.6326,1.7073,0.3373
1.0322,0.0006,0.6319,0.9321,0.3373
1.4658,0.0004,0.7882,1.5485,0.3449
1.7558,0.0007,0.7189,1.2003,0.3449
2.1797,0.0007,0.6843,2.4366,0.3330
1.8008,0.0007,1.0187,1.6253,0.3330
1.7961,0.0005,1.5163,2.2141,0.3758
1.9189,0.0006,0.7788,1.8824,0.3416
1.7520,0.0005,0.7429,1.5706,0.3447
2.3516,0.0004,0.7605,2.5319,0.3661
1.1917,0.0004,0.7773,0.9592,0.3661
1.4475,0.0004,0.7766,1.6221,0.3439
1.7999,0.0006,0.9087,1.8580,0.3587
1.5365,0.0005,0.8127,1.5563,0.3587
1.5763,0.0005,0.5966,1.5344,0.3420
1.4118,0.0003,0.7735,1.4216,0.3608
1.7524,0.0007,0.9363,1.7467,0.3588
1.6564,0.0005,0.6645,1.3882,0.3438
1.4511,0.0003,0.7021,1.6813,0.3390
2.2012,0.0006,0.7754,2.1501,0.3460
1.7351,0.0004,0.8593,1.7528,0.3479
1.2755,0.0004,0.8061,0.9830,0.3479
1.7327,0.0005,0.7218,1.8857,0.3696
1.4217,0.0005,0.8843,1.2385,0.3696
1.8278,0.0007,0.7949,2.0014,0.3519
1.7976,0.0007,0.8858,1.8726,0.3525
2.0926,0.0007,1.0311,2.1331,0.3552
1.8073,0.0005,0.8249,1.6974,0.3484
1.4970,0.0004,0.8429,1.6626,0.3408
1.9099,0.0004,0.5993,1.8779,0.3474
1.3545,0.0004,0.6345,1.0343,0.3474
2.0796,0.0004,0.7031,2.3391,0.3465
1.7342,0.0005,0.7520,1.6322,0.3406
2.0055,0.0005,0.6603,2.1233,0.3309
1.7319,0.0007,0.7603,1.7269,0.3524
1.4496,0.0005,0.7469,0.8855,0.3484
1.3764,0.0004,0.8741,1.9604,0.3484
1.5280,0.0004,0.8318,1.4567,0.3638
1.1959,0.0004,0.7055,1.2768,0.3548
1.5176,0.0005,0.6044,1.4153,0.3476
1.5965,0.0005,0.6987,1.3686,0.3539
1.4030,0.0005,0.7723,1.4132,0.3460
1.4918,0.0004,0.7918,1.3478,0.3538
1.4752,0.0006,0.8510,1.6900,0.3395
2.2020,0.0005,0.6434,2.2041,0.3555
1.7282,0.0006,0.8667,1.8092,0.3390
1.4655,0.0007,0.8936,1.5005,0.3390
2.0202,0.0006,0.8065,1.9344,0.3298
1.7400,0.0004,0.8681,1.6764,0.3487
2.0329,0.0005,0.7822,2.1837,0.3392
1.3734,0.0005,0.7604,1.3876,0.3392
1.7540,0.0007,0.7604,1.5675,0.3368
1.4912,0.0005,0.9558,1.5462,0.3516
1.6915,0.0003,0.9406,1.4920,0.3547
1.3406,0.0008,0.7550,1.6514,0.3405
2.1469,0.0006,0.9600,1.9998,0.3737
1.3105,0.0003,1.2835,1.4650,0.3542
1.7402,0.0007,0.7602,1.7466,0.3485
1.7081,0.0005,0.7445,1.5703,0.3548
1.3457,0.0005,0.8347,1.4635,0.3386
1.6809,0.0006,0.6705,1.6645,0.3483
1.3924,0.0007,0.6297,1.2859,0.3483
1.5974,0.0005,0.7809,1.1139,0.3392
1.9536,0.0005,0.7095,2.5287,0.3375
1.4333,0.0003,0.6540,1.2016,0.3375
1.9218,0.0006,0.7104,2.0530,0.3504
2.1219,0.0005,0.8230,2.0864,0.3274
1.3703,0.0005,0.8910,1.4597,0.3462
1.8545,0.0005,0.8206,1.7377,0.3340
1.4567,0.0006,0.7469,1.5837,0.3632
1.0647,0.0004,0.6223,1.0710,0.3632
1.8678,0.0006,0.5945,1.8096,0.3602
1.5057,0.0005,0.7120,1.4721,0.3462
2.0914,0.0004,0.6411,2.1586,0.3513
1.3593,0.0004,0.5776,0.9768,0.3513
1.9100,0.0006,0.8620,2.2426,0.3714
1.3764,0.0004,0.6921,1.3815,0.3587
1.5563,0.0005,0.6609,1.4238,0.3481
1.7042,0.0004,0.7175,1.7805,0.3380
1.7851,0.0004,0.7872,1.7485,0.3404
1.9782,0.0006,0.9182,1.9630,0.3521
1.3719,0.0004,0.8746,1.4568,0.3422
1.2570,0.0004,0.7344,1.2167,0.3422
1.7698,0.0006,0.7422,1.7743,0.3382
1.9746,0.0005,0.7250,1.9569,0.3453
2.0175,0.0005,0.6943,1.8745,0.3430
1.3456,0.0005,0.9436,1.3770,0.3764
1.3685,0.0005,0.8948,1.5011,0.3310
1.9606,0.0007,0.7379,1.8978,0.3479
1.9911,0.0004,0.6785,2.0088,0.3465
1.0207,0.0003,0.8197,1.0465,0.3465
1.7094,0.0004,0.6479,1.4377,0.3524
1.4156,0.0005,0.6619,1.5618,0.3393
2.0487,0.0003,0.6662,2.0450,0.3387
1.3153,0.0004,0.7961,1.1829,0.3366
1.8215,0.0005,0.8621,1.9992,0.3366
1.4709,0.0005,0.7374,1.2975,0.9322
1.8707,0.0005,0.7590,1.9873,0.3548
1.1519,0.0005,0.7546,1.0203,0.3617
1.8886,0.0006,0.6818,1.8368,0.3577
1.4062,0.0005,0.7659,1.4080,0.3432
1.9001,0.0006,0.6755,2.1690,0.3533
1.1986,0.0004,0.7141,1.1448,0.3533
1.4749,0.0003,0.6403,1.2259,0.3588
1.4589,0.0004,0.7974,1.4772,0.3588
1.4204,0.0006,0.6797,1.6370,0.3466
2.0768,0.0006,0.6488,1.9315,0.3555
1.3508,0.0003,0.9115,1.4760,0.3534
1.5670,0.0004,0.8151,1.5984,0.3570
1.5087,0.0003,0.6480,1.2732,0.3570
1.5289,0.0005,0.7433,1.6581,0.3458
1.8493,0.0005,0.7873,1.8569,0.3638
1.3143,0.0005,0.7493,1.3826,0.3638
1.5170,0.0003,0.7217,1.4027,0.3306
1.8268,0.0007,0.6941,1.8056,0.3556
2.0299,0.0004,0.6356,2.1157,0.3346
1.8250,0.0006,0.6147,1.1782,0.3966
1.4038,0.0006,1.1377,1.8543,0.3966
1.8536,0.0006,0.6929,1.9897,0.3379
1.6826,0.0003,0.7560,1.7078,0.3569
1.5308,0.0005,0.7843,1.4720,0.3569
1.9496,0.0005,0.7490,1.9155,0.3439
1.6759,0.0006,0.8027,1.7532,0.3507
1.4232,0.0005,0.6806,1.3040,0.3507
1.7973,0.0004,0.6666,1.9126,0.3499
1.9117,0.0005,0.6624,1.8503,0.3482
1.5306,0.0004,0.7253,1.5342,0.3511
1.4692,0.0005,0.9141,0.9368,0.3511
2.0581,0.0006,0.6974,2.5859,0.3391
1.4010,0.0004,0.7557,1.3455,0.3357
1.7293,0.0003,0.9864,1.8137,0.3345
1.4780,0.0003,0.6344,1.4197,0.3345
1.5047,0.0003,0.5825,1.4158,0.3438
1.7441,0.0004,0.6518,1.6985,0.3418
1.9459,0.0003,0.6929,2.1016,0.3512
1.4351,0.0004,0.6099,1.4412,0.3512
1.9713,0.0004,0.6067,1.9272,0.3582
1.5920,0.0007,0.7657,1.4937,0.3582
1.3715,0.0005,1.0434,1.2606,0.3709
1.6245,0.0006,0.7716,1.4930,0.3550
1.7206,0.0007,0.9713,1.9783,0.3389
1.6075,0.0006,0.7447,1.3951,0.3556
1.4411,0.0005,0.9157,1.5997,0.3556
1.9857,0.0006,0.7282,1.9217,0.3545
1.8834,0.0003,0.7603,1.9570,0.3473
1.3715,0.0004,0.7486,1.4628,0.3473
1.6086,0.0009,0.6760,1.5410,0.3483
1.9579,0.0005,0.8991,1.8640,0.3980
1.9102,0.0006,0.9943,1.8320,0.3389
1.3615,0.0004,0.8393,1.5717,0.3550
1.7415,0.0005,0.7491,1.6879,0.3419
2.2975,0.0005,0.7568,2.1309,0.3416
1.4763,0.0006,0.9461,1.2498,0.3416
2.0883,0.0006,0.9298,2.4782,0.3417
1.9293,0.0008,0.8742,1.7922,0.3507
1.5083,0.0006,1.0212,1.4712,0.3507
2.1727,0.0005,1.4862,2.3152,0.3604
1.7624,0.0005,0.9927,1.7875,0.3604
1.7966,0.0006,0.9094,1.7676,0.3388
1.7800,0.0006,0.7485,1.7543,0.3388
1.4705,0.0005,0.7874,1.4161,0.3358
1.8865,0.0006,0.7067,1.8554,0.3377
1.7428,0.0007,0.8350,1.8490,0.3521
1.6434,0.0007,0.8665,1.2042,0.3349
2.1073,0.0006,0.9351,2.4247,0.3425
1.8773,0.0007,1.1106,1.7878,0.3706
1.2278,0.0007,1.2484,0.9343,0.3469
1.6212,0.0004,1.0664,2.0912,0.3324
1.3640,0.0004,0.7108,1.0353,0.3324
1.9913,0.0006,0.7099,2.0492,0.3370
1.4108,0.0007,1.0200,1.6335,0.3370
1.6263,0.0008,1.0984,1.4357,0.3651
1.9897,0.0006,0.9025,2.1199,0.3421
2.0116,0.0007,0.8512,1.9874,0.3437
1.9802,0.0007,1.0083,1.9463,0.3652
1.6069,0.0007,1.1203,1.6386,0.3605
1.8269,0.0007,1.0445,1.6631,0.3601
1.5651,0.0007,1.1869,1.6071,0.3526
1.8833,0.0007,1.2825,1.9919,0.3623
1.8222,0.0006,1.0698,1.8224,0.3398
1.7870,0.0008,1.0921,1.4250,0.3398
2.3181,0.0009,1.0015,2.6216,0.3412
1.8882,0.0006,0.9596,1.8002,0.3548
1.6215,0.0008,1.1051,1.2435,0.3475
2.2057,0.0007,1.1096,2.4436,0.3475
2.1449,0.0007,1.1765,2.3386,0.3363
1.8045,0.0007,1.2943,1.8468,0.3476
1.3481,0.0006,0.9260,1.0802,0.3476
1.5467,0.0005,0.8644,1.6732,0.3763
2.1707,0.0004,1.0032,2.2832,0.3471
1.4578,0.0005,0.8482,1.4957,0.3474
1.6316,0.0005,0.8035,1.4338,0.3476
2.2524,0.0007,0.7886,2.1032,0.3461
1.5953,0.0004,1.2462,1.7481,0.3671
1.3714,0.0004,0.9554,1.4685,0.3671
1.5476,0.0003,0.8271,1.6313,0.3469
1.9457,0.0006,0.7336,1.6601,0.3320
1.6216,0.0005,0.9197,1.7124,0.3320
1.8411,0.0005,1.0333,2.0181,0.3499
1.5694,0.0007,0.9171,1.4320,0.3626
1.5730,0.0004,1.1588,1.5217,0.3536
1.7429,0.0003,1.0681,1.8101,0.3474
1.3789,0.0006,1.0522,1.3976,0.3529
1.5320,0.0005,1.2990,1.4713,0.3529
2.0392,0.0007,1.1030,1.8804,0.3396
1.8585,0.0006,1.1267,2.0436,0.3396
1.2175,0.0007,0.9332,1.1839,0.3524
1.5857,0.0005,0.9601,1.5352,0.3524
1.4621,0.0004,0.9208,1.5391,0.3320
1.7376,0.0006,0.7523,1.6333,0.3409
2.1014,0.0005,0.8966,2.1767,0.3337
1.2824,0.0007,0.9009,1.2637,0.3337
2.4887,0.0008,0.7870,2.3164,0.3655
1.2310,0.0006,0.9900,1.3146,0.3655
1.9665,0.0006,0.8979,2.0469,0.3390
1.5695,0.0005,0.8225,1.1418,0.3390
1.7927,0.0004,0.9439,2.1602,0.3325
1.6721,0.0004,0.7328,1.6024,0.3395
1.4530,0.0003,0.8454,1.5596,0.3522
1.8811,0.0005,1.0328,1.6223,0.3652
1.9203,0.0008,0.7935,2.2291,0.3412
1.4672,0.0006,0.6647,1.2445,0.3412
2.0040,0.0008,0.9215,2.1630,0.3788
1.7521,0.0006,0.8741,1.7479,0.3788
1.5683,0.0006,0.8726,1.2696,0.3733
1.7628,0.0007,0.8662,1.8984,0.3376
2.1797,0.0006,0.7614,2.3013,0.3606
1.8696,0.0004,0.7776,1.8821,0.3552
1.5144,0.0005,0.8518,1.4418,0.3326
1.2578,0.0009,0.9346,1.1996,0.3326
1.8458,0.0006,0.9979,1.9865,0.3462
1.9279,0.0007,0.8319,1.8137,0.3400
1.4319,0.0005,1.1516,1.5118,0.3518
1.7633,0.0006,1.0669,1.7722,0.3727
1.6201,0.0004,0.9071,1.5568,0.3424
2.1888,0.0005,0.8544,2.2029,0.3496
1.5424,0.0006,0.8987,1.5071,0.3492
1.4851,0.0005,0.9025,1.4367,0.3492
1.3764,0.0005,0.8520,1.2224,0.3518
1.7057,0.0004,0.7736,1.9022,0.3417
1.7214,0.0005,0.7855,1.7477,0.3398
2.1673,0.0005,0.7952,1.8737,0.3387
1.7432,0.0007,1.2208,1.9850,0.3717
1.5019,0.0006,1.0021,1.4619,0.3717
1.9907,0.0007,0.9399,2.0551,0.3448
1.5278,0.0007,0.8718,1.3894,0.3470
1.6519,0.0007,0.9531,1.7910,0.3430
1.8937,0.0006,0.8526,1.8840,0.3568
1.2876,0.0004,0.7384,1.3239,0.3568
1.7665,0.0004,0.7205,1.7417,0.3555
1.5552,0.0005,0.6661,1.5465,0.3517
1.6513,0.0007,0.6348,1.6093,0.3805
1.8824,0.0009,0.8863,1.4641,0.3598
1.2489,0.0007,1.4151,1.5484,0.3693
1.5617,0.0006,0.8722,1.6330,0.3548
1.1291,0.0005,0.7397,1.1529,0.3443
1.3677,0.0005,0.9083,1.2915,0.3443
1.6263,0.0003,0.7636,1.5596,0.3490
1.5741,0.0190,0.7665,1.4966,0.3408
1.5638,0.0005,0.8281,1.7599,0.3346
1.7395,0.0004,0.7590,1.4532,0.3427
1.4523,0.0006,0.7647,1.7026,0.3319
1.5169,0.0007,0.7182,1.5267,0.3381
1.7165,0.0006,0.8152,1.6713,0.3419
2.2013,0.0005,0.9861,2.2291,0.3501
1.5202,0.0006,1.0226,1.5403,0.3438
1.3995,0.0005,0.7686,1.4278,0.3457
1.5695,0.0005,1.3204,1.2260,0.3457
1.7572,0.0005,0.8757,1.7628,0.3538
1.9705,0.0007,1.0350,2.2119,0.3394
1.4428,0.0004,0.8883,1.4395,0.3394
2.2819,0.0007,0.8218,2.0789,0.3442
1.4022,0.0005,1.1111,1.4515,0.3442
2.5433,0.0007,0.9783,2.4447,0.3912
1.3134,0.0006,1.0768,1.5408,0.3912
1.6802,0.0005,0.8786,1.6643,0.3456
1.9389,0.0005,0.8187,1.8029,0.3399
1.5837,0.0003,0.8453,1.6613,0.3399
1.5235,0.0003,0.8857,1.5066,0.3527
1.9871,0.0006,0.7325,1.9222,0.3464
1.4525,0.0003,1.0216,1.5583,0.3464
1.7772,0.0005,0.6681,1.3835,0.3385
1.8302,0.0007,0.8782,1.8691,0.3437
2.3789,0.0009,0.9480,2.4861,0.3662
0.9131,0.0006,1.2740,0.9573,0.3662
1.9111,0.0006,0.8242,1.7510,0.3361
1.5488,0.0007,0.9645,1.7489,0.3361
1.9046,0.0005,1.0073,2.0001,0.3471
1.7757,0.0003,0.8519,1.8004,0.3466
1.6694,0.0004,0.7158,1.6056,0.3466
1.6046,0.0004,0.7364,1.6204,0.3422
1.9485,0.0004,0.6913,1.7613,0.3398
2.2602,0.0005,0.8541,2.3832,0.3541
1.1730,0.0007,0.9050,1.1625,0.3541
1.9338,0.0004,0.8748,1.9956,0.3536
1.6818,0.0004,0.7061,1.6935,0.3614
2.0178,0.0005,0.7257,1.9706,0.3646
1.2658,0.0007,0.7793,1.2741,0.3646
2.0448,0.0005,0.7266,2.0396,0.3392
1.4155,0.0008,0.7401,1.1197,0.3392
1.4973,0.0006,0.8875,1.6727,0.3345
2.4687,0.0008,0.9254,2.1373,0.4007
1.3026,0.0006,1.4038,1.6311,0.3651
1.7814,0.0010,1.1172,1.8379,0.3603
1.3022,0.0006,0.8705,1.0825,0.3603
2.0359,0.0008,0.9235,2.1900,0.3474
1.6377,0.0005,0.8130,1.6577,0.3474
1.6454,0.0005,0.9047,1.5402,0.3448
1.2950,0.0003,1.0218,1.2335,0.3448
1.7185,0.0006,0.9278,1.7264,0.3458
1.9054,0.0008,0.7388,2.0685,0.3527
1.6008,0.0007,0.7379,1.3633,0.3453
1.9316,0.0005,0.9069,2.1443,0.3593
1.9855,0.0005,0.8667,1.9898,0.3424
1.7114,0.0007,0.7862,1.7229,0.3424
1.4956,0.0006,0.7649,1.5059,0.3494
1.7603,0.0006,0.8078,1.6247,0.3381
2.1938,0.0005,1.0041,2.2981,0.3615
1.4614,0.0006,0.8045,1.4711,0.3615
1.8903,0.0004,0.8364,1.7138,0.3376
1.7370,0.0007,0.9736,1.5686,0.3376
2.1584,0.0005,1.5638,2.4277,0.3729
2.0470,0.0005,1.0783,2.0593,0.3518
1.5019,0.0005,0.8458,1.5283,0.3518
1.8052,0.0007,0.7941,1.5699,0.3463
1.6327,0.0005,0.7190,1.6887,0.3426
1.7639,0.0004,0.6917,1.5887,0.3438
2.0024,0.0004,0.7742,2.3228,0.3333
1.5970,0.0004,0.7534,1.6058,0.3555
2.0489,0.0007,0.7297,1.8665,0.3555
1.9203,0.0006,1.2127,2.0559,0.3752
1.6357,0.0005,0.9788,1.6510,0.3752
2.1393,0.0006,0.7567,2.0980,0.3616
1.8064,0.0006,0.7822,1.8210,0.3541
1.6499,0.0006,0.8300,1.6406,0.3548
1.4476,0.0004,0.7664,1.4730,0.3377
1.6905,0.0005,0.7455,1.6699,0.3618
1.3699,0.0006,0.7470,1.3664,0.3618
1.5348,0.0008,0.7252,1.4210,0.3407
2.6144,0.0022,0.9250,2.5931,0.3495
1.7540,0.0004,1.4217,1.6784,0.3566
1.3386,0.0006,1.2325,1.3844,0.3566
1.8142,0.0005,0.9660,1.9295,0.3366
1.7334,0.0005,0.7466,1.6146,0.3535
1.2531,0.0005,0.8913,1.1849,0.3535
2.0053,0.0007,0.9327,1.7676,0.3358
2.3287,0.0005,1.0922,2.6572,0.3574
1.6677,0.0005,0.9559,1.7232,0.3442
1.4844,0.0004,0.8830,1.2932,0.3442
1.7360,0.0005,0.9984,1.7222,0.3502
1.7560,0.0006,0.9632,1.9654,0.3408
1.4802,0.0006,0.7949,1.2038,0.3408
1.9785,0.0006,0.8771,2.1219,0.3382
1.3296,0.0005,0.9870,1.4487,0.3382
1.9044,0.0003,0.7144,1.8173,0.3465
1.6392,0.0006,0.7899,1.6465,0.3465
1.6557,0.0006,0.7630,1.3943,0.3418
2.5127,0.0008,0.8554,2.5169,0.3635
1.3014,0.0009,1.1473,1.5374,0.3926
1.7155,0.0005,0.9564,1.7636,0.3473
1.6406,0.0005,0.7914,1.5314,0.3473
2.0500,0.0006,0.8170,2.1329,0.3408
1.8695,0.0005,0.9383,1.7808,0.3405
1.9222,0.0006,0.8456,1.9956,0.3593
1.6295,0.0006,0.7980,1.5422,0.3364
1.3418,0.0006,1.0075,1.4384,0.3364
1.6009,0.0004,1.0555,1.3427,0.5295
1.6672,0.0008,0.6647,1.9036,0.3437
1.9307,0.0007,0.7321,1.8780,0.3457
1.4106,0.0005,0.8585,1.4475,0.3457
1.7453,0.0005,0.7654,1.7536,0.3439
1.6551,0.0005,0.7200,1.6542,0.3354
1.5541,0.0006,0.7291,1.2547,0.3354
1.7884,0.0010,0.8612,1.5873,0.3467
1.9127,0.0007,0.9359,2.0903,0.3474
2.0667,0.0006,0.9138,2.2810,0.3418
2.0737,0.0007,0.9692,2.0705,0.3366
1.4816,0.0007,0.8393,1.4408,0.3366
1.7335,0.0007,1.3122,1.7696,0.3683
2.2501,0.0008,1.3203,2.2101,0.3441
1.5011,0.0006,1.0223,1.5058,0.3431
1.7004,0.0004,0.8613,1.6608,0.3344
2.1482,0.0006,0.8696,2.0094,0.3545
1.5575,0.0008,1.1421,1.7281,0.3468
1.8259,0.0006,0.9479,1.8357,0.3415
1.3781,0.0005,0.7882,1.2609,0.3415
1.7666,0.0006,0.7514,1.7129,0.3455
1.7384,0.0006,1.1931,1.9036,0.3816
1.4759,0.0005,0.9969,1.1424,0.3816
2.1293,0.0006,0.9573,2.3999,0.3314
1.4711,0.0008,0.8515,1.3781,0.3474
2.1068,0.0008,1.0214,2.1887,0.3473
2.2565,0.0009,0.8463,2.1252,0.3530
1.4400,0.0004,1.0210,1.6168,0.3482
1.6716,0.0003,0.7626,1.6903,0.3482
1.8828,0.0005,0.6433,1.8647,0.3308
2.0400,0.0007,0.6996,1.9360,0.3571
1.2697,0.0005,0.9772,1.2006,0.3521
2.1589,0.0007,0.9119,2.1273,0.3448
1.8506,0.0008,0.9399,2.0080,0.3469
2.0227,0.0007,0.7742,1.9045,0.3505
1.7332,0.0007,0.9459,1.7276,0.3403
1.3963,0.0005,0.9316,1.4492,0.3403
1.9700,0.0006,0.8148,1.8659,0.3449
1.8286,0.0005,0.8942,1.7048,0.3335
1.9540,0.0008,1.0382,2.0846,0.3884
1.3557,0.0005,1.0049,1.4246,0.3752
2.0178,0.0007,0.9000,1.9918,0.3476
1.3991,0.0183,0.8278,1.4072,0.3476
1.9353,0.0006,0.8720,1.7606,0.3377
1.9998,0.0005,1.0795,1.9687,0.3498
1.3072,0.0005,1.0195,1.4749,0.3416
1.8410,0.0006,0.8477,1.8353,0.3416
1.4709,0.0005,0.7779,1.5426,0.3354
1.8983,0.0006,0.7775,1.8539,0.3421
2.2957,0.0007,0.9589,2.1571,0.3816
1.7102,0.0006,1.1475,1.8365,0.3816
2.0922,0.0005,0.8658,2.0182,0.3340
1.5461,0.0005,0.9499,1.5819,0.3340
1.9617,0.0010,0.8031,1.8436,0.3482
1.8352,0.0006,1.0224,1.8987,0.3490
1.6254,0.0004,1.0099,1.1872,0.3490
2.2646,0.0006,0.8443,2.7028,0.3398
1.4045,0.0004,0.8077,1.4588,0.3398
2.3964,0.0008,0.7100,2.3229,0.3455
1.6119,0.0006,0.8729,1.6157,0.3455
2.2739,0.0006,0.8602,2.2660,0.3533
1.7004,0.0006,0.9194,1.7245,0.3455
1.8325,0.0006,0.8405,1.8369,0.3455
2.0983,0.0005,0.8605,1.9960,0.3344
1.8062,0.0006,1.0996,1.8813,0.3434
2.0824,0.0007,0.8166,1.9571,0.3548
1.6397,0.0006,1.0434,1.5531,0.3646
0.9227,0.0005,1.5610,1.1213,0.3646
1.9718,0.0007,0.8293,1.5440,0.3364
2.4121,0.0006,1.0423,2.6509,0.3438
1.2944,0.0007,1.1111,1.4569,0.3418
1.2304,0.0005,1.0106,1.0211,0.3418
1.8843,0.0006,0.8351,2.0725,0.3604
1.6789,0.0007,1.0229,1.5917,0.3593
1.8251,0.0006,0.9642,1.8066,0.3410
1.7820,0.0006,0.8954,1.5902,0.3410
1.5992,0.0008,0.7919,1.8411,0.3526
2.1039,0.0007,1.0282,1.6789,0.9698
1.8679,0.0007,1.5598,2.0604,0.3508
1.8565,0.0005,0.9971,1.8491,0.3825
1.9553,0.0006,0.9869,1.7616,0.3385
1.5767,0.0005,0.8746,2.0276,0.3410
1.5621,0.0008,0.7443,1.4881,0.3410
1.8473,0.0004,0.7716,1.8960,0.3597
1.8422,0.0005,0.9691,1.8637,0.3384
1.7764,0.0006,0.8591,1.7196,0.3690
1.5764,0.0008,0.8716,1.2399,0.3690
1.7719,0.0007,1.4758,2.0998,0.3379
1.3111,0.0007,0.7758,1.0277,0.3379
1.4253,0.0006,0.8011,1.4745,0.3440
2.0650,0.0006,0.8282,2.1882,0.3310
1.5165,0.0006,0.8285,1.6235,0.3570
1.5707,0.0005,0.7447,1.5309,0.3622
1.8191,0.0007,0.7446,1.7344,0.3431
1.8997,0.0004,0.8151,1.5748,0.3431
1.9555,0.0005,0.7475,2.3215,0.3439
2.0247,0.0004,1.3166,1.9837,0.3491
1.6175,0.0005,1.3393,1.6706,0.3358
1.5962,0.0004,0.8567,1.2617,0.3509
2.0192,0.0006,0.9640,2.2811,0.3509
1.1469,0.0003,0.8191,1.0679,0.3510
2.1302,0.0005,0.9078,2.3112,0.3456
1.8760,0.0004,0.7807,1.8542,0.3501
1.6035,0.0006,0.7112,1.5836,0.3484
1.3090,0.0004,0.7712,1.3128,0.3484
1.4449,0.0005,0.8072,1.3325,0.3441
1.7023,0.0007,0.9836,1.7341,0.3942
1.8500,0.0007,1.0280,1.6687,0.3856
2.1690,0.0004,0.8755,2.4023,0.3472
1.6726,0.0004,0.7646,1.6458,0.3472
2.0471,0.0004,0.7563,1.7416,0.3441
1.9014,0.0005,0.7986,2.2320,0.3456
1.5032,0.0005,0.8256,1.4859,0.3491
1.5468,0.0006,0.7054,1.4301,0.3401
2.2320,0.0006,0.7202,2.2945,0.3602
1.1835,0.0005,0.8049,1.2126,0.3602
1.6671,0.0005,0.8102,1.4557,0.3482
1.8263,0.0003,0.8519,2.0359,0.3450
1.7740,0.0005,0.8215,1.3891,0.3480
1.6952,0.0004,0.8548,2.0435,0.3359
1.2073,0.0005,0.7792,0.9483,0.3481
1.5593,0.0009,0.9116,1.7449,0.3481
1.5109,0.0007,0.9432,1.2566,0.3617
1.9258,0.0006,0.9705,2.2284,0.3359
2.2047,0.0008,0.7894,2.1248,0.3359
1.8059,0.0007,0.9890,1.5108,0.3819
1.4990,0.0007,1.6684,1.8596,0.3819
1.7177,0.0004,0.7689,1.4715,0.3451
1.9617,0.0005,0.7532,2.2099,0.3464
1.5020,0.0003,0.7532,1.3418,0.3516
1.8770,0.0006,0.8649,1.8628,0.3545
1.4622,0.0004,0.8949,1.6037,0.3351
1.8991,0.0005,1.0054,1.1796,0.3351
2.2430,0.0008,0.8949,2.6885,0.3287
2.1530,0.0007,1.1822,1.9588,0.3287
1.8872,0.0006,1.1559,2.2957,0.3391
1.3406,0.0006,1.0855,1.3778,0.3391
1.6276,0.0005,0.8308,1.6223,0.3509
1.7492,0.0004,0.6735,1.7645,0.3490
1.4467,0.0004,0.6534,1.2708,0.3538
1.7007,0.0004,0.8223,1.8491,0.3445
1.5420,0.0003,0.6840,1.3056,0.3445
1.5596,0.0003,0.7524,1.4704,0.3373
1.8137,0.0005,0.6651,1.5236,0.3485
1.6188,0.0003,0.7284,2.1578,0.3614
2.0919,0.0008,0.9604,2.1047,0.3450
1.5120,0.0007,0.6873,1.5313,0.3491
1.8461,0.0006,0.6813,1.8379,0.3491
1.4880,0.0005,0.6303,1.0917,0.3465
1.9038,0.0005,0.6787,2.2921,0.3374
1.6615,0.0004,0.7518,1.2538,0.3452
1.7915,0.0005,0.6788,2.1051,0.3336
1.5689,0.0004,0.7628,1.6313,0.3630
2.0401,0.0008,0.8384,1.8132,0.3366
1.6607,0.0006,1.1277,1.8645,0.3932
1.1613,0.0007,0.7507,0.8903,0.3932
1.7876,0.0003,0.7921,2.0412,0.3420
1.5818,0.0005,0.6865,1.3566,0.3331
1.4487,0.0004,0.7940,1.3035,0.3581
1.6038,0.0004,0.8523,1.6218,0.3581
1.7036,0.0004,0.7490,1.9924,0.3709
1.1962,0.0004,0.7537,1.1046,0.3709
1.6424,0.0004,0.9031,1.7773,0.3398
1.1528,0.0005,0.7239,1.0519,0.3398
1.6589,0.0008,0.7742,1.6010,0.3487
2.3213,0.0009,1.0937,2.4242,0.3421
1.6333,0.0005,0.8741,1.5708,0.3566
1.2636,0.0007,0.9549,1.3625,0.3392
1.7177,0.0007,0.6674,1.6554,0.3695
0.9967,0.0004,0.7508,0.8241,0.3695
1.9107,0.0005,0.6366,2.1149,0.3737
1.9313,0.0004,0.7200,1.9312,0.3531
1.4713,0.0005,0.7224,1.4755,0.3603
1.4321,0.0006,0.7509,1.3987,0.3603
1.8131,0.0005,0.6489,1.7290,0.3542
2.0652,0.0007,0.8267,1.8912,0.3439
1.3050,0.0006,0.8615,1.5036,0.3698
1.6067,0.0005,0.7664,1.5332,0.3511
1.6454,0.0004,0.8816,1.7312,0.3481
1.4851,0.0005,0.6693,1.3534,0.3481
1.7744,0.0008,0.8571,1.9171,0.3359
1.4089,0.0005,0.6943,1.4180,0.3359
1.8852,0.0005,0.6394,1.6177,0.3443
1.8078,0.0006,0.6590,1.9770,0.3351
1.6283,0.0005,0.6669,1.4134,0.3328
1.7536,0.0007,0.7805,1.7947,0.3598
1.5610,0.0008,1.3351,1.6452,0.3671
1.5733,0.0003,0.8047,1.7002,0.3463
1.6662,0.0007,0.8214,1.5518,0.3414
2.2590,0.0007,0.8025,2.2411,0.3458
1.6004,0.0005,0.8821,1.2510,0.3458
1.8349,0.0007,0.9339,2.2817,0.3372
1.3553,0.0005,0.8591,1.1927,0.3372
1.7782,0.0003,0.6852,1.7589,0.3388
1.7825,0.0007,0.6814,1.8017,0.3586
1.5664,0.0005,0.7930,1.6181,0.3926
1.9870,0.0005,0.7774,1.7714,0.3450
1.9546,0.0005,0.8294,2.0894,0.3408
2.1074,0.0004,0.9601,2.1710,0.3406
1.3716,0.0004,0.7773,1.3322,0.3406
1.5759,0.0003,0.7639,1.5498,0.3479
1.8919,0.0004,0.7073,1.9374,0.3537
1.0584,0.0004,0.7896,1.0631,0.3537
1.9661,0.0005,0.6425,1.9445,0.3385
1.6752,0.0005,0.7120,1.6767,0.3618
2.0641,0.0005,0.7600,2.0678,0.3797
1.5160,0.0005,0.7912,1.5932,0.3566
1.8468,0.0006,0.6422,1.4972,0.3359
2.0204,0.0007,1.1086,2.2483,0.3449
1.6930,0.0004,0.9174,1.5915,0.3462
1.6790,0.0004,1.0180,1.6143,0.3358
1.5932,0.0004,0.9050,1.5665,0.3358
2.1030,0.0005,0.7118,2.2815,0.3636
1.4076,0.0007,0.7797,1.2542,0.3636
1.6340,0.0007,1.0461,1.8752,0.3836
1.5639,0.0006,0.7182,1.5713,0.3583
1.2568,0.0008,0.8118,0.8307,0.3583
2.2563,0.0009,0.7878,2.6083,0.3328
1.3414,0.0005,0.7938,1.3698,0.3328
1.5750,0.0005,0.6431,1.3043,0.3336
2.0220,0.0005,0.6392,2.0468,0.3491
1.5008,0.0004,0.7975,1.5183,0.3491
1.7544,0.0005,0.6410,1.9885,0.3517
2.1806,0.0008,0.5893,1.6618,0.3828
1.2085,0.0006,1.2455,1.6761,0.3828
1.9233,0.0007,0.8371,1.8626,0.3548
1.8408,0.0004,0.8676,1.8734,0.3597
1.5628,0.0003,0.7401,1.5576,0.3502
1.4877,0.0005,0.7009,1.2705,0.3283
1.3459,0.0003,0.6728,1.5945,0.3454
1.7303,0.0004,0.7148,1.7439,0.3530
1.7644,0.0003,0.5702,1.6522,0.3363
1.5719,0.0003,0.6751,1.5987,0.3363
1.5735,0.0006,0.6217,1.4830,0.3375
1.6731,0.0008,0.7709,1.7747,0.3727
1.6526,0.0006,0.8597,1.0770,0.3443
1.8854,0.0006,0.9645,2.4199,0.3443
1.8840,0.0003,0.7006,1.6725,0.3414
1.6774,0.0005,0.7133,1.5951,0.3247
1.7524,0.0005,0.8284,2.0700,0.3333
1.7109,0.0004,0.6951,1.6248,0.3471
1.5295,0.0003,0.7680,1.4800,0.3471
1.2790,0.0004,0.8205,1.1129,0.3566
1.7475,0.0009,0.6773,1.4658,0.3554
1.3587,0.0008,1.3132,1.5985,0.3554
1.0892,0.0008,1.1960,1.3629,0.3632
1.8829,0.0007,0.7291,1.8986,0.3630
1.1572,0.0009,0.7097,1.1571,0.3494
1.1535,0.0004,0.6864,1.0696,0.3581
0.9322,0.0004,0.7761,1.0344,0.3581
1.2471,0.0005,0.8600,1.0301,0.3575
1.2358,0.0003,0.7540,1.2518,0.3473
1.0171,0.0004,0.8058,1.1787,0.3367
1.2610,0.0003,0.6180,1.2584,0.3469
1.3131,0.0005,0.6388,1.2481,0.3396
1.4855,0.0006,0.6487,1.3743,0.3348
2.0579,0.0006,0.7845,1.6946,0.3464
0.9170,0.0005,1.3378,1.3632,0.3963
1.7017,0.0007,0.8281,1.7523,0.3725
0.9878,0.0006,0.6962,0.9751,0.3725
2.0184,0.0005,0.6869,1.9848,0.3473
0.9823,0.0003,0.8099,1.0491,0.3473
1.7551,0.0004,0.5887,1.7488,0.3581
1.0645,0.0004,0.5633,0.8795,0.3581
1.6485,0.0004,0.5782,1.5731,0.3352
1.6247,0.0005,0.5899,1.8865,0.3489
1.4764,0.0005,0.7113,1.4391,0.3435
1.1577,0.0005,0.8263,1.0830,0.3516
1.8408,0.0007,1.0110,1.6036,0.3689
1.1431,0.0007,1.1828,1.2296,0.3478
1.6277,0.0006,0.9329,1.7267,0.3478
1.3611,0.0003,0.6768,1.4055,0.3445
1.5522,0.0004,0.6287,1.6037,0.3407
1.5513,0.0004,0.6581,1.3078,0.3497
1.2457,0.0005,0.7325,1.4446,0.3538
2.2139,0.0005,0.9075,2.1842,0.3577
0.9505,0.0005,0.7994,0.9973,0.3577
2.0766,0.0006,0.6650,1.9885,0.3399
1.1350,0.0007,0.8196,0.9994,0.3399
1.3565,0.0006,1.0393,1.4095,0.3707
1.4416,0.0005,0.7935,1.3778,0.9914
1.4090,0.0005,0.7142,1.6049,0.3554
1.2089,0.0004,0.7117,1.2219,0.3403
1.3329,0.0004,0.7187,1.2327,0.3403
1.2959,0.0005,0.8304,1.3781,0.3511
1.4043,0.0006,0.6803,1.2628,0.3499
1.9683,0.0006,0.6303,2.0891,0.3497
1.4778,0.0005,0.6045,1.3169,0.3383
1.5794,0.0006,0.6488,1.5529,0.3478
1.4268,0.0015,0.8994,1.4861,0.3433
1.6003,0.0009,0.7869,1.4214,0.3274
1.4545,0.0007,0.8658,1.6665,0.3639
1.6059,0.0006,1.0528,1.5261,0.3544
1.4467,0.0007,1.0507,1.2102,0.3508
1.5817,0.0006,0.9055,1.7183,0.3323
1.9686,0.0008,0.7428,2.2063,0.3371
1.7036,0.0004,0.7680,1.7066,0.3648
1.4020,0.0005,0.6700,1.2725,0.3332
1.6460,0.0005,0.7812,1.6569,0.3518
1.2510,0.0006,0.8513,1.0572,0.3518
1.7784,0.0006,0.8094,2.0301,0.3585
1.8524,0.0004,0.7136,1.3707,0.3522
1.9314,0.0005,1.0552,2.2718,0.3458
1.7521,0.0005,0.9901,1.7988,0.3570
1.2265,0.0005,0.9945,1.3180,0.3570
1.7919,0.0008,0.7006,1.6366,0.3337
2.2636,0.0007,0.7067,2.3814,0.3348
1.4574,0.0004,0.8168,1.3722,0.3577
1.5977,0.0006,0.9306,1.5216,0.3577
1.8164,0.0007,0.8360,1.4094,0.3433
1.8266,0.0007,0.7772,2.0957,0.3383
2.1495,0.0008,1.1785,2.3026,0.3971
1.2524,0.0006,1.1481,1.3867,0.3971
1.4045,0.0006,0.9985,1.1744,0.3579
1.4182,0.0006,0.7498,1.5236,0.3319
2.0969,0.0005,0.7764,2.1603,0.3426
1.7753,0.0006,0.7772,1.6827,0.3390
1.1349,0.0005,0.9351,0.9840,0.3418
1.5124,0.0004,1.0700,1.4005,0.3418
1.9291,0.0004,0.6595,2.0556,0.3409
1.7387,0.0006,0.6335,1.9580,0.3324
1.8978,0.0005,0.7485,1.3238,0.3735
1.7077,0.0004,0.9845,2.2887,0.3735
1.6504,0.0003,0.6517,1.6019,0.3488
1.7379,0.0003,0.6575,1.6940,0.3370
2.0491,0.0005,0.6633,2.0154,0.3389
1.2614,0.0007,0.8776,1.1265,0.3389
1.7897,0.0007,0.9500,1.9462,0.3522
1.6635,0.0007,0.7814,1.2487,0.3659
1.9603,0.0005,0.8575,2.3719,0.3452
1.7357,0.0008,0.9121,1.7649,0.3680
1.3483,0.0005,0.8705,1.3765,0.3680
1.7215,0.0006,0.7934,1.7134,0.3463
1.4210,0.0004,0.6855,1.4405,0.3463
1.2896,0.0004,0.6718,1.2334,0.3283
1.7456,0.0005,0.6920,1.7637,0.3346
1.8357,0.0006,0.9090,1.6930,0.3656
1.4456,0.0003,0.8735,1.5759,0.3464
1.6600,0.0180,0.6644,1.5276,0.3681
1.0162,0.0004,0.8424,1.0378,0.3681
1.7817,0.0004,0.8291,1.8864,0.3368
1.5355,0.0006,0.6376,1.5115,0.3635
1.7999,0.0005,0.7450,1.4800,0.3636
1.6746,0.0005,0.8448,1.7180,0.3538
1.4756,0.0005,0.8082,1.7721,0.3342
1.7161,0.0005,0.6700,1.5653,0.3410
1.5005,0.0005,0.9367,1.4315,0.3337
1.5964,0.0004,0.7076,1.5525,0.3536
2.1078,0.0004,0.6639,2.3508,0.3531
1.1009,0.0004,0.6146,1.0615,0.3531
1.6103,0.0004,0.6247,1.4995,0.3361
1.9056,0.0006,0.6617,1.9353,0.3407
1.6785,0.0005,0.8123,1.7530,0.3624
1.4137,0.0003,0.8289,1.4217,0.3419
1.8861,0.0004,0.7918,1.8570,0.3446
1.6135,0.0004,0.6908,1.6283,0.3576
1.0320,0.0003,0.6834,0.8931,0.3576
2.1324,0.0005,0.8368,2.2043,0.3358
1.3593,0.0004,0.6957,1.1371,0.3358
2.1653,0.0006,0.7944,2.3731,0.3508
1.5650,0.0006,0.8419,1.5846,0.3508
1.7299,0.0005,0.9626,1.5051,0.3456
1.7741,0.0005,0.8541,1.7555,0.3793
2.2690,0.0005,1.2288,2.4368,0.3440
1.1719,0.0005,0.8452,1.0625,0.3440
2.1285,0.0009,0.9845,2.1965,0.3517
1.7972,0.0006,0.8509,1.8490,0.3695
1.7720,0.0007,0.9926,1.7872,0.3381
1.8814,0.0006,0.8483,1.8039,0.3424
1.8236,0.0006,0.8144,1.4752,0.3315
1.7701,0.0008,0.8451,1.8174,0.3328
2.3522,0.0009,0.9375,2.6261,0.3692
1.5642,0.0006,0.9428,1.5432,0.3686
1.3777,0.0006,0.9291,1.4110,0.3686
1.8136,0.0004,0.8875,1.7524,0.3334
1.6542,0.0005,0.9102,1.7409,0.3448
1.7365,0.0007,0.7561,1.7322,0.3390
2.0966,0.0004,0.7608,2.0778,0.3294
1.6707,0.0005,0.8333,1.6150,0.3294
1.9573,0.0008,0.9783,1.4293,0.3370
1.9127,0.0006,1.2981,2.4156,0.3843
1.5467,0.0006,1.5448,1.5654,0.3544
1.5716,0.0008,0.9329,1.5862,0.3472
1.9098,0.0005,0.9603,1.8827,0.3573
1.8740,0.0004,0.9299,1.8926,0.3547
1.7746,0.0005,1.0735,1.7843,0.3547
1.6729,0.0005,0.7781,1.6577,0.3327
1.8836,0.0006,0.7923,1.8818,0.3436
1.3417,0.0005,0.8310,1.3551,0.3436
1.8377,0.0007,0.7561,1.5908,0.3923
1.5985,0.0009,1.1127,1.7785,0.3923
1.9197,0.0007,0.9637,1.6491,0.3721
2.6209,0.0006,1.0727,2.8341,0.3524
1.5047,0.0006,1.1803,1.4571,0.3430
1.3474,0.0008,1.0545,1.1183,0.3430
1.7132,0.0007,0.8397,2.0253,0.3349
1.5549,0.0007,0.8048,1.5907,0.3399
2.1726,0.0008,0.7851,2.1357,0.3598
1.2295,0.0005,0.7639,1.0495,0.3598
2.5265,0.0013,0.7802,2.6137,0.3754
1.6563,0.0007,1.0614,1.7237,0.3538
1.5448,0.0005,0.9898,1.5514,0.3538
1.8490,0.0004,0.8779,1.6755,0.3446
1.8310,0.0005,0.7989,1.6300,0.3437
1.4320,0.0004,0.9751,1.5485,0.3413
1.6781,0.0005,0.7521,1.8584,0.3557
1.7958,0.0005,0.6816,1.8438,0.3416
1.8611,0.0005,0.7667,1.8530,0.3604
1.4147,0.0005,0.9007,1.3528,0.3604
2.1797,0.0008,1.0081,1.9540,0.3989
2.3210,0.0006,1.0922,2.5405,0.3297
1.8546,0.0007,1.0250,1.8571,0.3511
1.0331,0.0004,0.9483,1.0928,0.3511
1.8021,0.0006,0.8574,1.7483,0.3411
1.1696,0.0003,0.8703,1.0866,0.3411
1.6825,0.0006,0.6955,1.5515,0.3363
1.8469,0.0003,0.6744,1.9759,0.3605
1.8239,0.0005,0.7239,1.6370,0.3475
1.7521,0.0006,0.7686,1.6124,0.3553
2.4808,0.0006,0.9462,2.7195,0.3598
1.0191,0.0005,1.0857,1.1762,0.3598
1.7879,0.0006,0.8447,1.6745,0.3386
1.9020,0.0005,1.0023,1.8230,0.3314
1.4528,0.0005,1.1058,1.5737,0.3529
1.7400,0.0005,0.9854,1.4831,0.3405
1.7799,0.0005,0.8862,1.8868,0.3550
1.9975,0.0007,1.0485,2.1413,0.3515
2.2409,0.0008,0.8293,2.1076,0.3752
1.5010,0.0006,1.0999,1.3685,0.3778
2.1676,0.0006,1.0457,2.3330,0.3778
2.1131,0.0010,0.9465,2.0515,0.3348
1.3932,0.0005,1.0958,1.4314,0.3348
1.7568,0.0004,0.9890,1.8711,0.3546
1.7670,0.0004,0.7817,1.7045,0.3369
2.1351,0.0006,0.7777,2.1354,0.3511
1.4136,0.0008,0.8553,1.3757,0.3511
2.0624,0.0009,0.8473,1.5976,0.3428
1.8450,0.0007,0.8716,2.3243,0.3380
1.4798,0.0006,0.8232,1.4877,0.3443
1.5010,0.0005,0.7687,1.2627,0.3443
1.5380,0.0005,0.7395,1.6208,0.3518
1.7173,0.0006,0.7608,1.7785,0.3424
1.8137,0.0004,0.9376,1.6539,0.3422
1.9139,0.0003,1.0987,2.0682,0.3339
1.3645,0.0003,0.7993,1.1756,0.3339
2.3092,0.0006,0.8509,2.2296,0.3665
1.3950,0.0005,1.2768,1.3167,0.3799
2.0716,0.0007,1.2200,2.3563,0.3582
1.7811,0.0005,0.9470,1.6810,0.3597
1.4195,0.0006,1.0621,1.5294,0.3597
2.0184,0.0005,1.1189,2.0338,0.3578
1.5330,0.0005,1.0409,1.4583,0.3410
2.0166,0.0006,0.9788,1.9998,0.3450
1.8084,0.0007,0.8781,1.8325,0.3450
1.8747,0.0007,0.9834,1.9565,0.3456
1.6936,0.0005,0.9109,1.6273,0.3567
1.3624,0.0005,0.9878,1.4126,0.3567
1.7461,0.0005,0.8355,1.3001,0.3477
1.7208,0.0004,0.9380,2.1853,0.3313
1.9142,0.0004,0.7146,1.7604,0.3384
1.1719,0.0004,0.8621,1.3262,0.3315
1.4825,0.0003,0.7673,1.5095,0.3315
1.9472,0.0005,0.8198,1.7795,0.3467
1.6464,0.0003,0.9377,1.5187,0.3542
1.4822,0.0005,0.9816,1.7269,0.3542
1.9861,0.0008,0.8319,1.8814,0.3339
1.9414,0.0006,0.9035,1.9519,0.5228
1.6062,0.0004,0.9045,1.6500,0.3622
1.4863,0.0005,0.8948,1.4538,0.3622
1.8018,0.0003,0.7593,1.7896,0.3363
1.6032,0.0004,0.7496,1.6647,0.3396
1.6382,0.0004,0.7483,1.5733,0.3406
1.2205,0.0005,0.8152,0.9525,0.3406
1.4701,0.0004,1.0204,1.5350,0.3465
1.7587,0.0006,0.9216,1.5476,0.3487
1.5145,0.0009,0.8217,1.8832,0.3341
2.3975,0.0008,0.7534,2.3694,0.3668
1.6232,0.0007,0.9506,1.5925,0.3638
1.5257,0.0006,0.8973,1.3889,0.3638
2.0971,0.0005,0.7475,2.2350,0.3330
1.7347,0.0004,0.7911,1.7908,0.3330
1.6719,0.0006,0.8807,1.2824,0.3304
2.0572,0.0004,0.9738,2.4199,0.3323
1.1943,0.0006,0.7365,0.9725,0.3515
1.7942,0.0007,0.8758,1.7589,0.3430
1.9358,0.0009,1.0162,2.0235,0.3375
1.6983,0.0006,1.1755,1.8226,0.3555
1.5903,0.0003,0.9099,1.5451,0.3488
1.2175,0.0004,0.8914,1.1835,0.3488
1.9717,0.0006,0.9109,2.0465,0.3482
1.7735,0.0007,0.8260,1.4374,0.3482
1.7195,0.0007,1.2379,1.8243,0.3507
1.9822,0.0007,1.0532,2.2114,0.3611
1.7486,0.0004,0.7721,1.5981,0.3653
1.7225,0.0008,1.0100,1.8401,0.3653
1.7758,0.0007,0.8037,1.7556,0.3727
1.9290,0.0007,0.8808,1.7829,0.3537
1.7710,0.0007,1.0285,1.8206,0.3537
1.9146,0.0007,0.9703,1.9041,0.3552
1.4919,0.0006,1.2089,1.3474,0.3518
1.6892,0.0007,1.2525,1.8606,0.3518
2.0703,0.0005,0.9314,2.1565,0.3502
1.3187,0.0004,0.9015,1.3263,0.3502
1.6108,0.0005,0.8029,1.5174,0.3372
1.7814,0.0007,0.8813,1.8048,0.3328
1.7523,0.0009,1.0716,1.7656,0.3634
1.7009,0.0006,0.8675,1.5748,0.3634
1.7588,0.0006,0.7882,1.6809,0.3593
1.9207,0.0008,0.8681,1.9984,0.3349
2.2155,0.0008,1.0742,2.2793,0.3346
1.5033,0.0004,1.1510,1.5757,0.3346
1.8462,0.0006,0.8806,1.8311,0.3484
1.9722,0.0008,0.7696,1.8839,0.3368
1.9526,0.0010,0.8451,1.8215,0.3606
1.3584,0.0006,1.0465,1.5373,0.3606
1.7954,0.0007,0.8693,1.7964,0.3655
1.8366,0.0004,0.7286,1.7967,0.3375
2.2115,0.0005,0.7819,2.2283,0.3469
1.7962,0.0004,0.8326,1.8120,0.3492
1.7328,0.0006,0.8840,1.7067,0.3492
1.9926,0.0008,0.7609,1.9191,0.3411
1.6579,0.0005,0.8282,1.5327,0.3411
2.1988,0.0006,0.7543,2.2865,0.3476
1.3643,0.0006,0.9310,1.2946,0.3476
1.9136,0.0006,0.9804,2.0532,0.3474
1.9764,0.0005,0.8185,1.8012,0.3559
1.9913,0.0004,1.0644,2.1506,0.3660
1.2141,0.0005,0.7552,1.2122,0.3660
1.8172,0.0005,0.7832,1.4068,0.3425
2.2056,0.0005,0.9126,2.5898,0.3387
1.4899,0.0005,0.7927,1.5067,0.3387
2.3178,0.0006,0.7543,2.2580,0.3818
1.5335,0.0007,0.8756,1.5450,0.3623
1.3623,0.0206,0.8165,1.3157,0.3623
1.4909,0.0006,0.8228,1.4417,0.3483
1.8750,0.0007,0.9100,1.8875,0.3306
1.4039,0.0008,0.8515,1.3173,0.3306
1.6360,0.0006,0.9639,1.7534,0.3470
1.8621,0.0004,0.9404,1.8929,0.3305
1.5941,0.0006,0.8009,1.4675,0.3402
1.6830,0.0006,0.9746,1.7360,0.3402
2.1016,0.0007,0.8195,2.1118,0.3452
1.2665,0.0009,0.9480,1.2525,0.3452
2.2097,0.0007,1.0141,2.1643,0.3570
2.0393,0.0007,0.9055,1.9354,0.3507
1.4747,0.0005,1.0250,1.5117,0.3408
1.8796,0.0005,1.0564,1.9298,0.3433
1.7791,0.0007,0.9235,1.7723,0.3454
1.2683,0.0006,0.8471,1.1170,0.3454
1.6899,0.0004,0.8855,1.9211,0.3535
1.6656,0.0005,0.8018,1.6629,0.3462
1.5104,0.0005,0.7582,1.0596,0.3462
1.6577,0.0007,1.1068,1.7749,0.3580
1.8199,0.0010,1.5058,1.8481,0.3436
1.9122,0.0009,1.0885,2.1399,0.3515
2.0121,0.0005,0.8870,2.0107,0.3532
1.7757,0.0003,0.8532,1.8085,0.3532
2.0325,0.0004,0.7676,1.8804,0.3421
1.6498,0.0006,1.0145,1.7524,0.3421
1.7990,0.0004,0.7883,1.6731,0.3350
2.2497,0.0009,0.6678,2.2914,0.3434
1.3011,0.0008,0.9234,1.3394,0.3434
1.9738,0.0007,1.0548,1.7745,0.3796
2.2866,0.0007,0.9164,2.4770,0.3368
1.6383,0.0006,0.8668,1.6066,0.3379
1.6341,0.0004,0.9788,1.6938,0.3463
1.7997,0.0006,0.8419,1.6689,0.3353
1.6635,0.0008,0.8604,1.7732,0.3385
2.2282,0.0005,0.8181,1.6474,0.3450
1.7298,0.0008,1.3003,2.1243,0.3450
2.0113,0.0006,1.3513,1.9321,0.3731
1.7092,0.0009,1.2409,1.9364,0.3416
1.9020,0.0005,0.9672,1.8808,0.3560
1.8311,0.0005,0.8149,1.6854,0.3445
2.0961,0.0006,0.9908,2.0959,0.3369
1.5243,0.0005,1.1571,1.6458,0.3369
2.1632,0.0005,0.8461,2.1540,0.3386
1.6309,0.0005,0.8279,1.2634,0.3386
1.7052,0.0006,0.8994,1.9989,0.3458
1.9077,0.0005,1.1303,1.6933,0.3433
1.9604,0.0004,0.9763,2.1465,0.3528
1.8470,0.0004,0.9930,1.9467,0.3379
1.6216,0.0004,0.7837,1.5721,0.3379
2.1860,0.0005,0.7983,2.1760,0.3715
1.6083,0.0005,0.8367,1.6620,0.3715
1.9095,0.0007,0.8535,1.8861,0.3394
1.4530,0.0004,0.8374,1.2709,0.3339
2.6219,0.0007,0.7245,2.3390,0.3671
0.9985,0.0006,1.2488,1.1932,0.3671
1.5897,0.0008,0.8984,1.5997,0.3557
1.5472,0.0006,1.0153,1.6850,0.3681
0.9517,0.0004,1.1135,0.9754,0.3718
1.5599,0.0004,0.9629,1.1234,0.3394
1.4709,0.0005,0.9657,1.6359,0.3461
1.4947,0.0004,0.9388,1.5723,0.3508
1.2036,0.0006,1.0180,1.3121,0.3508
1.5228,0.0006,0.7456,1.5840,0.3511
1.7934,0.0007,0.8952,1.8177,0.3332
1.7245,0.0006,0.8689,1.6568,0.3332
1.3354,0.0008,1.1387,1.3826,0.3635
1.8458,0.0007,1.4646,1.5032,0.3918
1.1823,0.0006,1.2306,1.5684,0.3918
1.4732,0.0006,0.9297,1.4030,0.3565
1.7237,0.0006,0.8000,1.5626,0.3486
1.4163,0.0007,1.1228,1.6307,0.3486
1.2975,0.0005,0.8319,1.0787,0.3512
1.3131,0.0005,1.2399,1.4205,0.3284
1.7049,0.0006,0.8843,1.4964,0.3533
1.5613,0.0004,1.0886,1.4921,0.4028
1.9629,0.0005,1.0274,2.2406,0.3315
1.3949,0.0009,0.9655,1.4126,0.3606
1.6912,0.0006,0.9724,1.5779,0.5434
2.4454,0.0007,0.8788,2.5591,0.3611
0.8307,0.0004,0.8521,0.8547,0.3611
1.7075,0.0006,0.8154,1.6617,0.3544
1.5647,0.0006,0.8197,1.4845,0.3482
1.6303,0.0008,0.8024,1.4588,0.3533
1.9897,0.0006,0.9193,2.2697,0.3430
1.9542,0.0005,0.7141,1.9314,0.3425
1.4016,0.0008,0.7750,1.4254,0.3520
1.3988,0.0008,0.8874,1.3390,0.3520
1.9599,0.0007,0.9033,1.9420,0.3919
1.6186,0.0004,0.8876,1.6315,0.3417
1.1693,0.0004,0.8841,0.8028,0.3417
1.6205,0.0006,0.9432,1.7547,0.3559
1.9496,0.0006,0.7346,1.7631,0.3548
2.0833,0.0005,0.9875,2.4691,0.3511
1.7450,0.0176,1.0383,1.7012,0.3485
1.8107,0.0006,0.9404,1.8339,0.3525
1.3853,0.0007,1.0668,1.4015,0.3525
2.0463,0.0007,0.7730,1.6627,0.3443
1.8826,0.0005,1.0489,2.2403,0.3442
1.7017,0.0006,0.8327,1.7090,0.3442
1.7621,0.0007,0.8075,1.7513,0.3447
2.0679,0.0007,0.8905,1.8095,0.3423
2.0132,0.0007,1.0494,2.1708,0.3439
1.1184,0.0006,0.9495,1.1302,0.3439
1.7180,0.0006,0.9289,1.5061,0.3482
1.8191,0.0006,1.0660,1.7359,0.3456
2.6652,0.0009,0.8596,2.6530,0.3824
1.0075,0.0007,1.2785,1.0489,0.3824
2.0950,0.0007,0.8759,2.3759,0.3549
1.5092,0.0005,0.7944,1.4272,0.3549
1.9355,0.0006,0.9347,2.0065,0.3455
1.7898,0.0005,0.8823,1.8228,0.3434
1.9272,0.0007,0.8566,1.9081,0.3485
1.4979,0.0006,0.7701,1.3765,0.3485
1.6102,0.0005,0.8653,1.7448,0.3367
1.6256,0.0005,0.7282,1.4264,0.3639
2.1923,0.0007,1.0097,2.2712,0.3550
1.2539,0.0004,1.0240,1.1935,0.3550
1.5642,0.0005,0.8657,1.6829,0.3527
1.7829,0.0005,0.7785,1.5482,0.3588
1.8189,0.0004,1.0122,2.0295,0.3386
1.7105,0.0005,0.7973,1.5340,0.3386
1.4390,0.0006,0.9575,1.5734,0.3455
1.9290,0.0008,0.9539,1.4741,0.3642
2.0810,0.0005,0.8183,2.4449,0.3396
1.4410,0.0006,0.9360,1.5357,0.3391
1.7619,0.0004,0.8210,1.7467,0.3877
1.5733,0.0005,0.8727,1.6236,0.3483
1.6727,0.0004,0.7838,1.6298,0.3483
1.6668,0.0006,0.8634,1.6481,0.3496
1.2091,0.0004,0.8309,1.2516,0.3496
1.8824,0.0005,0.7129,1.5056,0.3496
1.9692,0.0006,0.9120,2.2294,0.3414
1.4671,0.0005,0.9028,1.5383,0.3321
1.8587,0.0006,0.6711,1.6536,0.3400
1.4793,0.0006,0.9097,1.4118,0.3400
1.6276,0.0006,0.9669,1.6501,0.3455
1.6409,0.0006,0.9695,1.7288,0.3455
1.7065,0.0003,1.2028,1.8071,0.3442
1.6108,0.0007,0.7766,1.5105,0.3647
2.1567,0.0007,0.7335,2.1908,0.3395
1.5139,0.0006,0.7804,1.4845,0.3425
1.9333,0.0006,0.8173,1.7955,0.3374
2.2127,0.0009,0.9075,2.3469,0.3365
1.2012,0.0005,0.8583,1.2286,0.3365
1.6475,0.0005,0.7842,1.6430,0.3474
2.1561,0.0003,0.8384,2.1396,0.3346
1.1453,0.0004,0.9332,1.2097,0.3346
1.6797,0.0003,0.7597,1.6749,0.3541
1.8071,0.0005,0.7458,1.7043,0.3390
1.9878,0.0005,0.9871,1.9488,0.3458
1.6018,0.0005,0.8424,1.5341,0.3458
2.0632,0.0005,0.7630,2.2107,0.3631
1.6903,0.0005,0.7180,1.5575,0.3631
2.1610,0.0006,0.7445,1.8773,0.3304
2.0673,0.0006,1.1098,2.2842,0.5490
1.6933,0.0006,1.1415,1.7720,0.3534
1.5982,0.0006,1.0107,1.4817,0.3534
1.9784,0.0006,1.0267,2.0388,0.3599
1.5459,0.0007,1.1433,1.5761,0.3445
1.5213,0.0006,0.9498,1.5092,0.3445
2.0632,0.0006,0.9763,2.1206,0.3378
2.0334,0.0004,0.8499,1.9491,0.3378
1.3132,0.0006,1.1551,1.3615,0.3461
1.9001,0.0006,1.2420,1.7667,0.3588
1.6035,0.0007,1.4337,1.7404,0.3436
1.5908,0.0007,0.9335,1.5811,0.3426
1.3246,0.0007,0.9024,1.3513,0.3426
1.6630,0.0008,0.8339,1.3705,0.3307
2.0286,0.0007,0.8339,2.2769,0.3363
1.4405,0.0008,0.9891,1.3338,0.3363
2.0448,0.0005,1.0520,1.8809,0.3390
1.8615,0.0007,0.8788,1.9111,0.3489
2.0191,0.0007,0.9890,1.8756,0.3461
2.4801,0.0006,1.1470,2.6560,0.3767
1.1367,0.0004,1.5373,1.3359,0.3511
1.5703,0.0005,0.9506,1.5747,0.3511
1.4347,0.0008,0.7420,1.4113,0.3612
1.9212,0.0006,0.6866,1.8692,0.3525
1.4629,0.0005,0.8052,1.5055,0.3525
1.5782,0.0006,0.8342,1.3992,0.3365
1.6918,0.0007,0.9520,1.8167,0.3373
1.9204,0.0010,0.8326,1.8658,0.3790
1.7263,0.0012,1.0284,1.6385,0.3406
1.8154,0.0009,1.2316,1.8546,0.3916
1.9923,0.0006,1.6010,1.9925,0.3503
1.5659,0.0006,1.0253,1.5583,0.3330
1.7339,0.0006,1.0337,1.5417,0.3330
1.8122,0.0007,1.2451,2.0121,0.3327
1.9533,0.0006,1.1854,1.9567,0.3327
2.1077,0.0007,0.8772,2.0347,0.3372
1.8135,0.0008,1.0077,1.8248,0.3509
1.4360,0.0009,0.9955,1.4261,0.3509
1.7574,0.0008,1.0297,1.7510,0.3648
1.8772,0.0006,1.0437,1.8964,0.3694
1.7402,0.0008,0.9290,1.5994,0.3365
2.4739,0.0005,0.9307,2.5513,0.3582
1.4173,0.0007,1.0613,1.1773,0.3582
2.2522,0.0011,1.1744,2.3745,0.3467
1.5482,0.0009,1.3056,1.3345,0.3612
2.1687,0.0008,1.1096,2.5119,0.3484
1.9432,0.0011,1.1242,1.7927,0.3784
2.0675,0.0008,1.2639,2.2065,0.3732
1.6718,0.0006,1.1319,1.6836,0.3392
2.1725,0.0006,1.1883,2.0668,0.3554
1.3019,0.0007,1.1804,1.4507,0.3554
1.9002,0.0007,0.8109,1.5622,0.3424
1.9034,0.0008,0.9382,2.1860,0.3446
2.2084,0.0010,1.0312,2.1790,0.3358
2.1798,0.0007,0.9634,2.1758,0.3658
1.7014,0.0008,0.9667,1.6680,0.3675
1.7899,0.0006,1.1032,1.8006,0.3718
2.1280,0.0006,0.9716,2.1198,0.3388
1.9039,0.0006,1.0051,1.8081,0.3389
1.7206,0.0005,0.9917,1.8452,0.3424
1.5907,0.0005,0.8366,1.5813,0.3424
1.9548,0.0007,0.8013,1.8402,0.3585
1.8400,0.0006,1.0383,1.9396,0.3352
2.1643,0.0005,0.9307,1.7270,0.3416
1.7542,0.0006,1.4787,1.8576,0.3416
2.0431,0.0006,1.3276,2.1542,0.3473
1.9618,0.0006,0.9672,1.8483,0.3441
2.0585,0.0006,1.3155,2.0988,0.3371
2.1953,0.0006,1.1379,2.3945,0.3658
1.3974,0.0004,1.1975,1.4584,0.3624
1.7209,0.0168,0.9878,1.6871,0.3658
1.4142,0.0004,0.8284,1.4587,0.3543
1.7508,0.0007,0.7276,1.6839,0.3462
1.3265,0.0007,0.7633,1.1350,0.3462
1.8644,0.0009,0.9757,2.0639,0.4000
1.5853,0.0005,1.1851,1.4147,0.3614
2.0819,0.0006,0.7489,2.1375,0.3425
1.4683,0.0006,1.0328,1.5950,0.3511
1.9926,0.0006,1.1388,1.8815,0.3551
1.8401,0.0006,0.9570,1.8527,0.3403
1.4947,0.0006,0.8831,1.4212,0.3384
1.0975,0.0006,1.1424,1.2344,0.3384
1.3448,0.0005,0.9022,1.3798,0.3455
2.1300,0.0008,0.6737,1.9859,0.3462
1.8113,0.0005,1.1049,1.7641,0.3732
1.2882,0.0005,1.2308,1.3940,0.3732
1.6519,0.0004,0.8588,1.6085,0.3358
1.7887,0.0006,0.9942,1.8412,0.3540
1.3885,0.0005,0.8291,1.3072,0.3400
1.8369,0.0005,1.1425,1.7561,0.3461
1.1660,0.0003,0.9877,1.3418,0.3461
1.5700,0.0005,0.8847,1.5623,0.3411
1.8569,0.0004,0.7213,1.7399,0.3414
1.6547,0.0005,0.9944,1.5869,0.3655
1.6524,0.0006,1.2404,1.6225,0.3655
1.7300,0.0007,1.0469,1.8455,0.3694
1.7820,0.0005,0.8639,1.8342,0.3517
2.2402,0.0009,0.8116,2.0822,0.3372
1.4621,0.0004,1.1454,1.4885,0.3372
2.1471,0.0007,0.9238,2.1477,0.3434
1.9469,0.0009,0.9945,1.9870,0.3469
1.6098,0.0004,0.9467,1.4445,0.3469
1.9217,0.0006,0.8910,2.0775,0.3391
2.0445,0.0008,1.0119,1.9208,0.3619
1.5951,0.0006,1.1331,1.6358,0.3637
1.4215,0.0004,1.1536,1.4633,0.3489
1.9810,0.0006,0.7870,1.9133,0.3625
1.9689,0.0006,0.9542,1.9790,0.3453
1.2714,0.0006,0.9995,1.3959,0.3453
1.8946,0.0008,0.7775,1.8840,0.3645
1.8109,0.0006,0.7369,1.7418,0.3441
1.7014,0.0009,0.8667,1.7507,0.3408
1.9156,0.0005,0.9154,1.6381,0.3408
1.7101,0.0005,1.1057,1.8864,0.3450
1.5661,0.0004,0.8930,1.5797,0.3450
1.7617,0.0008,0.8954,1.5169,0.3386
1.4770,0.0007,1.1647,1.5097,0.3494
1.8369,0.0005,0.7859,1.9277,0.3538
1.3944,0.0006,0.9170,1.5108,0.3538
2.2042,0.0006,0.8618,2.1608,0.3514
1.0268,0.0006,0.9558,1.1037,0.3514
1.6255,0.0006,0.6851,1.4624,0.3395
2.3450,0.0007,0.7452,2.3124,0.3765
1.3381,0.0005,1.1541,1.1411,0.3765
1.8141,0.0004,1.0629,1.8587,0.3511
2.0752,0.0005,0.8764,2.2421,0.3377
1.6442,0.0004,0.8752,1.4968,0.3402
1.8501,0.0004,0.6927,2.0864,0.3562
1.8802,0.0005,0.7538,1.9255,0.3455
1.5128,0.0006,0.7908,1.4057,0.3372
1.2668,0.0005,0.8680,1.1416,0.3372
1.8650,0.0004,0.7781,2.0500,0.3541
1.6962,0.0008,0.7448,1.6797,0.3733
1.4122,0.0006,0.8152,1.3417,0.3733
1.8945,0.0005,0.8966,1.6334,0.3494
1.9470,0.0005,0.9341,2.0261,0.3360
1.7704,0.0005,1.0963,1.9750,0.3535
1.8510,0.0008,0.9647,1.8213,0.3535
2.0660,0.0007,0.8256,2.0613,0.3457
1.3454,0.0005,0.8179,1.3758,0.3457
1.9693,0.0006,0.7615,1.9712,0.3412
2.1731,0.0008,1.0395,2.1169,0.3479
1.6773,0.0005,1.1283,1.4386,0.3568
1.9377,0.0007,1.0110,2.1988,0.3568
1.7523,0.0007,1.0428,1.6507,0.3360
1.8112,0.0006,0.9490,1.9128,0.3407
1.5218,0.0004,0.8078,1.5341,0.3685
1.9019,0.0007,0.7981,1.5297,0.3685
1.8065,0.0007,0.7835,2.0635,0.3396
2.1510,0.0006,0.8802,2.2061,0.3404
1.8937,0.0007,1.0726,1.7323,0.3404
1.7604,0.0006,1.1826,1.3236,0.3953
2.2035,0.0008,1.1295,2.7242,0.3359
1.3510,0.0003,0.9802,1.2720,0.3359
2.2174,0.0007,0.9107,2.2414,0.3346
1.8253,0.0005,1.1172,1.8892,0.3470
1.5134,0.0005,0.9027,1.4015,0.3470
2.0886,0.0007,0.8904,2.2030,0.3344
2.2154,0.0009,0.9115,1.8252,0.3666
1.7266,0.0006,1.3975,2.0593,0.3666
1.8483,0.0007,1.1957,1.8966,0.3791
1.8561,0.0004,0.9756,1.6789,0.3458
1.9064,0.0007,0.9279,1.8663,0.3445
1.8499,0.0008,0.8767,1.8382,0.3424
1.7606,0.0006,0.9668,1.9340,0.3377
1.8329,0.0005,0.9807,1.7942,0.3359
2.3624,0.0005,1.0019,2.3584,0.3481
1.3099,0.0004,1.2068,1.3516,0.3510
1.8899,0.0009,1.0169,1.8334,0.3863
1.8611,0.0008,1.0857,1.8699,0.3880
1.4340,0.0009,0.9676,1.4538,0.3530
1.5424,0.0005,1.0779,1.5660,0.3530
1.4119,0.0006,0.7285,1.3543,0.3508
1.6861,0.0006,0.8831,1.6231,0.3404
1.9406,0.0006,1.0798,2.0437,0.3532
1.8144,0.0006,0.7784,1.7120,0.3589
1.1157,0.0005,0.9356,1.2373,0.3468
2.3008,0.0007,0.7547,2.1151,0.3621
1.6921,0.0008,1.1076,1.7861,0.3613
20.0460,0.0008,19.6431,1.1898,0.3487
1.2829,0.0005,1.4339,2.1053,0.3487
1.7432,0.0004,1.2477,1.6759,0.3531
1.9024,0.0006,0.9517,1.8583,0.3531
1.9297,0.0006,0.8646,1.9349,0.3384
1.7654,0.0005,1.1014,1.8367,0.3618
1.6536,0.0006,0.9661,1.4291,0.3618
2.2217,0.0007,1.1261,2.3992,0.3663
1.7410,0.0006,1.3680,1.7378,0.3682
1.8796,0.0004,1.1291,1.9266,0.3539
1.6526,0.0004,0.7959,1.6665,0.3539
1.6668,0.0004,0.8404,1.6757,0.3404
2.0186,0.0009,0.8293,1.8292,0.3498
1.3247,0.0005,1.0688,1.5016,0.3346
1.7575,0.0008,0.8129,1.6522,0.3346
1.7029,0.0007,1.0940,1.6764,0.3420
1.7204,0.0006,1.1209,1.7858,0.3420
1.6712,0.0008,1.1644,1.3753,0.3618
1.5051,0.0005,1.3879,1.7226,0.3442
1.7578,0.0005,0.9758,1.8015,0.3435
1.7402,0.0005,0.8773,1.7858,0.3435
1.7701,0.0006,0.8126,1.5643,0.3413
1.7799,0.0005,0.9567,2.0030,0.3465
1.8735,0.0007,0.8228,1.5247,0.3588
1.4402,0.0005,1.3304,1.5795,0.3588
1.8323,0.0004,0.9372,1.8937,0.3521
1.6755,0.0005,0.9397,1.6872,0.3521
1.8529,0.0005,0.9576,1.8634,0.3850
1.8055,0.0006,1.1871,1.8805,0.3481
1.4928,0.0007,0.9111,1.3003,0.3481
1.6659,0.0006,0.8743,1.7261,0.3385
2.0444,0.0007,0.8666,2.0261,0.3385
1.4282,0.0008,0.9001,1.1913,0.3423
2.5631,0.0008,0.9856,2.7335,0.3436
1.0786,0.0005,1.2038,1.1799,0.3686
1.7015,0.0007,0.8714,1.6325,0.3686
2.2973,0.0009,0.8201,2.2958,0.5468
1.5134,0.0007,1.1044,1.5843,0.3692
1.3985,0.0007,0.9013,1.3989,0.3448
1.8461,0.0008,0.8070,1.8230,0.3476
1.3860,0.0007,0.8271,1.3850,0.3323
1.4135,0.0006,0.7942,1.4304,0.3323
1.6206,0.0007,0.7844,1.4801,0.3360
1.9347,0.0005,0.9316,1.9545,0.3439
1.9295,0.0004,0.8920,1.9371,0.3568
1.6499,0.0005,0.8926,1.7415,0.3568
2.0625,0.0007,0.8580,1.9350,0.3521
1.8878,0.0008,1.1884,1.8613,0.3699
1.3522,0.0009,1.1088,1.2711,0.3699
2.1642,0.0006,1.0938,2.3178,0.3458
1.6657,0.0006,0.8458,1.6868,0.3417
1.9159,0.0006,0.8079,1.6828,0.3670
1.7273,0.0005,1.0580,1.9531,0.3540
1.4445,0.0006,0.7708,1.2757,0.3540
2.0289,0.0005,0.8816,1.6401,0.3301
2.4029,0.0007,0.9881,2.8135,0.3800
1.5121,0.0006,1.1870,1.2019,0.3451
1.4929,0.0007,1.3645,1.7762,0.3451
2.0611,0.0005,0.9347,2.0613,0.3529
1.9115,0.0005,0.9164,1.8745,0.3370
1.6541,0.0004,1.0204,1.4694,0.3619
2.1942,0.0007,1.0461,2.4145,0.3386
1.1102,0.0005,1.1164,1.1952,0.3462
1.6257,0.0009,0.9581,1.6694,0.3754
1.7539,0.0006,0.7511,1.6732,0.3655
1.4008,0.0005,1.1421,1.4590,0.3655
1.4656,0.0004,0.8695,1.4766,0.3898
2.1180,0.0006,0.8297,1.9192,0.3499
1.4470,0.0006,1.0005,1.6093,0.3625
1.4950,0.0006,0.8097,1.4321,0.3588
1.5800,0.0008,0.9242,1.6058,0.3588
2.1626,0.0006,0.9496,2.1532,0.3387
1.9860,0.0005,0.9213,1.9864,0.3553
1.4660,0.0005,0.8974,1.4854,0.3553
2.0914,0.0009,0.8843,1.9986,0.3419
1.9369,0.0006,1.1735,1.9677,0.3402
1.6213,0.0006,1.2385,1.6129,0.3687
1.9399,0.0008,0.9131,1.8406,0.3436
1.9244,0.0004,0.9579,2.0311,0.3436
2.2290,0.0007,1.0328,2.1541,0.3449
1.4600,0.0006,0.9702,1.5457,0.3494
1.9970,0.0007,0.7873,1.9613,0.3638
1.4582,0.0005,0.8019,1.4964,0.3466
1.6553,0.0008,0.7522,1.5899,0.3640
1.7286,0.0008,0.8262,1.6219,0.3430
1.7683,0.0005,1.0074,1.8456,0.3444
1.7332,0.0005,0.8214,1.6796,0.3494
1.7651,0.0008,0.8635,1.6977,0.3494
1.8593,0.0004,0.9318,1.9811,0.3381
1.8279,0.0006,0.8665,1.8171,0.3526
1.6531,0.0005,0.8000,1.5924,0.3526
2.0258,0.0004,0.7592,2.0869,0.3358
1.8966,0.0006,0.7116,1.8668,0.3339
1.7381,0.0008,0.7914,1.7270,0.3427
1.9991,0.0005,0.8278,1.8550,0.3612
1.4048,0.0007,1.0826,1.3705,0.3612
1.8867,0.0007,1.1262,1.9618,0.3540
1.9156,0.0007,0.9498,1.9716,0.3436
1.9964,0.0008,0.8963,1.9918,0.3436
1.7563,0.0007,0.8819,1.6794,0.3436
1.6265,0.0006,0.9000,1.6427,0.3341
2.0441,0.0005,0.8911,2.0193,0.3357
1.9609,0.0008,1.0406,1.7297,0.3357
1.9020,0.0006,1.5910,1.8227,0.3710
2.1985,0.0005,1.2441,2.4262,0.3641
1.9155,0.0007,1.1061,1.8578,0.3599
1.3839,0.0005,1.2604,1.5256,0.3496
2.0739,0.0006,0.9500,2.0586,0.3462
1.3021,0.0006,0.8065,1.3640,0.3462
1.9724,0.0006,0.7238,1.8698,0.3486
1.6575,0.0009,0.7675,1.6432,0.3593
1.3711,0.0007,0.9383,1.4441,0.3783
1.5055,0.0009,0.8807,1.0098,0.3783
2.0924,0.0006,0.8554,2.5754,0.3411
1.8432,0.0005,1.0119,1.8599,0.3411
1.9896,0.0005,0.7526,1.9585,0.3356
2.0744,0.0006,0.7642,1.8553,0.3418
1.7667,0.0006,0.9390,1.9831,0.3638
1.5068,0.0004,0.7653,1.4690,0.3638
1.9350,0.0004,0.6647,1.7076,0.3451
2.2883,0.0010,0.7101,2.3998,0.5198
1.0871,0.0008,1.0057,1.2029,0.5198
2.2028,0.0005,0.9221,2.0698,0.3446
1.3620,0.0003,0.9290,1.2273,0.3446
2.2451,0.0007,0.9005,2.4125,0.3312
1.6612,0.0005,1.0714,1.4359,0.3302
1.9604,0.0004,1.0475,2.0861,0.3302
2.0356,0.0005,0.8192,1.6937,0.3363
2.1439,0.0007,0.8712,2.5609,0.3297
1.7352,0.0011,0.9819,1.7105,0.3282
2.5419,0.0006,1.3418,2.4239,0.3540
1.8706,0.0005,1.3939,1.8982,0.3428
1.3885,0.0008,1.0753,1.3845,0.3428
1.7264,0.0005,1.0890,1.8396,0.3421
1.6844,0.0006,0.8775,1.6634,0.3421
2.1187,0.0006,0.9486,2.0371,0.3436
1.3903,0.0008,1.0738,1.3788,0.3508
1.3121,0.0009,0.9301,1.0977,0.3419
2.2193,0.0009,0.9408,2.4035,0.3391
1.9284,0.0007,1.1229,1.8853,0.3595
2.0638,0.0167,1.2116,1.9458,0.3460
1.2179,0.0005,1.2981,1.4825,0.3460
1.7788,0.0006,1.0090,1.7746,0.3355
1.4635,0.0004,0.8325,1.5061,0.3355
1.6021,0.0005,0.7813,1.4817,0.3397
1.7669,0.0007,0.7285,1.5703,0.3324
2.2180,0.0008,0.8497,2.3899,0.3631
1.4897,0.0006,1.1133,1.1869,0.3631
2.7905,0.0010,1.3618,2.8305,0.3572
1.1535,0.0008,1.4612,1.3615,0.3715
2.3892,0.0007,0.9281,2.3276,0.3394
1.4837,0.0006,1.1084,1.6646,0.3394
1.5802,0.0005,1.0205,1.6024,0.3522
1.8379,0.0006,0.8000,1.7063,0.3398
1.5269,0.0003,0.8337,1.6367,0.3296
1.7203,0.0004,0.7177,1.6197,0.3473
1.7297,0.0004,0.8242,1.7870,0.3539
1.4835,0.0005,0.8455,1.4732,0.3731
1.6800,0.0005,0.9134,1.6515,0.3475
1.1098,0.0003,0.9394,1.1660,0.3475
1.6373,0.0005,0.7521,1.2420,0.3455
1.6711,0.0006,0.8204,1.7160,0.3337
2.1416,0.0006,0.9315,2.3482,0.3542
0.9728,0.0006,0.8469,1.1060,0.3542
1.7981,0.0006,0.6957,1.3277,0.3436
1.7760,0.0009,0.7986,1.8346,0.3367
1.9409,0.0007,0.8440,2.2047,0.3438
1.3781,0.0005,0.8396,1.4604,0.3395
1.8451,0.0005,0.7474,1.4730,0.3953
1.3826,0.0005,1.2995,1.4414,0.3953
2.1708,0.0005,0.9517,2.3508,0.3440
1.4352,0.0004,0.8199,1.4791,0.3440
2.1488,0.0007,0.7429,2.1918,0.3503
1.4509,0.0006,0.8639,1.3227,0.3427
1.9161,0.0004,0.7576,2.0769,0.3350
1.8259,0.0005,0.8085,1.8159,0.3300
1.7158,0.0006,0.7775,1.7164,0.3504
1.4948,0.0006,0.8026,1.4390,0.3504
1.9893,0.0007,0.7745,1.7614,0.3463
2.2219,0.0009,0.9916,2.3269,0.3577
1.2084,0.0004,0.9034,1.3417,0.3343
1.6323,0.0005,0.7159,1.5930,0.3343
1.8594,0.0005,0.6619,1.6481,0.3365
2.2470,0.0007,0.6849,2.3193,0.3447
1.3561,0.0004,0.9114,1.0820,0.3447
2.0361,0.0006,0.9008,2.4335,0.3517
1.6500,0.0006,0.7197,1.6484,0.3517
1.6357,0.0009,0.7121,1.5940,0.3591
1.5734,0.0011,0.8715,1.2725,0.3574
2.1526,0.0005,1.2002,2.3669,0.3566
1.6116,0.0008,0.9314,1.5477,0.3463
1.4989,0.0007,0.9926,1.6706,0.3463
1.7957,0.0008,0.7821,1.7411,0.3559
1.6352,0.0007,0.8290,1.6281,0.3559
2.1651,0.0005,0.9012,2.1723,0.3483
1.7261,0.0006,0.7376,1.4217,0.3395
2.6398,0.0007,0.8986,2.5835,0.3642
1.4915,0.0004,1.3224,1.7062,0.3642
1.6795,0.0004,0.9552,1.7716,0.3376
1.5728,0.0005,0.7644,1.4466,0.3532
1.9569,0.0006,0.6810,2.0845,0.3344
1.9562,0.0009,0.8204,1.8780,0.3381
1.4168,0.0006,0.9821,1.4377,0.3381
1.8890,0.0006,0.7506,1.7541,0.3490
1.8111,0.0005,0.8590,1.9692,0.3358
2.1020,0.0007,0.6856,1.8785,0.3528
1.7338,0.0006,1.1531,1.9649,0.3528
1.5135,0.0005,0.8674,1.1548,0.3625
1.6942,0.0005,0.8070,1.6115,0.3589
1.8464,0.0005,0.8475,2.2710,0.3450
2.2009,0.0006,0.7167,2.0696,0.3571
1.6760,0.0004,0.8594,1.6020,0.3469
1.5019,0.0005,0.9320,1.6222,0.3469
1.6067,0.0005,0.7498,1.4989,0.3536
1.6238,0.0006,0.8554,1.4910,0.3504
1.9836,0.0005,0.9328,1.7565,0.3530
1.9338,0.0007,1.3113,2.2566,0.3514
1.2331,0.0003,1.0426,1.0442,0.3514
1.9703,0.0005,0.9581,2.2384,0.3374
1.6618,0.0004,0.8096,1.7402,0.3439
1.7153,0.0005,0.6674,1.6074,0.3349
1.8145,0.0005,0.7573,1.9032,0.3422
1.9064,0.0008,0.7632,1.7312,0.3302
1.6401,0.0003,0.8518,1.8188,0.3302
1.8607,0.0006,0.7310,1.1499,0.3476
2.1422,0.0007,1.0657,2.8109,0.3337
1.6941,0.0006,0.7641,1.6740,0.3337
1.4699,0.0006,0.7209,1.3582,0.3549
1.4675,0.0007,1.0001,1.3248,0.3549
1.9592,0.0005,0.8528,2.2206,0.3485
1.4958,0.0004,0.6623,1.5061,0.3485
1.8121,0.0003,0.6480,1.8250,0.3483
1.7818,0.0005,0.6192,1.6005,0.3435
2.1781,0.0006,0.6528,1.8130,0.3469
1.4657,0.0009,1.0704,1.9149,0.3469
1.6416,0.0005,1.1361,1.5620,0.3436
1.4840,0.0005,0.8907,1.2132,0.3436
1.9659,0.0005,0.8505,2.2543,0.3434
1.4320,0.0004,0.7796,1.4578,0.3664
1.6285,0.0005,0.7441,1.5597,0.3664
1.6218,0.0003,0.8073,1.5612,0.3438
1.7731,0.0008,0.7342,1.4597,0.3383
1.4981,0.0005,0.7795,1.9293,0.3494
1.5075,0.0008,0.9673,1.3372,0.3439
1.5800,0.0005,0.8501,1.5896,0.3332
1.7767,0.0008,0.9058,1.8021,0.3680
1.9804,0.0007,1.2473,2.0058,0.3663
1.7517,0.0006,1.0761,1.8557,0.3554
1.3645,0.0006,0.7377,1.3846,0.3356
1.8960,0.0006,0.7277,1.7356,0.3516
1.5771,0.0005,0.8816,1.5047,0.3475
1.7659,0.0005,0.8940,1.9892,0.3457
1.9736,0.0004,0.7097,1.9465,0.3498
1.3309,0.0005,1.0011,1.2990,0.3498
2.7292,0.0009,0.8830,2.5010,0.3639
1.4630,0.0005,1.1669,1.5788,0.3431
1.8133,0.0005,1.0304,1.8750,0.3431
2.0828,0.0005,0.7583,1.8698,0.3356
2.1866,0.0005,0.8707,2.4311,0.3492
1.5649,0.0006,0.8306,1.5503,0.3445
1.6880,0.0005,0.9074,1.7001,0.3535
1.1565,0.0004,0.7766,1.1213,0.3535
2.2874,0.0009,0.7073,2.2166,0.3316
1.5129,0.0006,0.9347,1.4437,0.4004
1.6768,0.0005,1.3715,1.3933,0.3645
1.1572,0.0004,1.1967,1.4533,0.3430
1.8066,0.0003,0.7959,1.8143,0.3430
1.5291,0.0006,0.8166,1.4853,0.3428
1.5185,0.0003,0.8358,1.5121,0.3325
1.4168,0.0005,0.7951,1.5451,0.3325
1.6977,0.0005,0.7395,1.4779,0.3282
1.4457,0.0005,0.8267,1.6388,0.3282
1.9175,0.0006,0.8915,1.9325,0.3440
1.5493,0.0007,0.7583,1.3132,0.3455
1.9660,0.0007,1.0668,2.0064,0.3442
1.6193,0.0005,0.9851,1.3227,0.3482
1.3013,0.0004,0.9497,1.5722,0.3482
1.7072,0.0004,0.9076,1.4458,0.3504
1.5844,0.0003,1.0247,1.9370,0.3504
1.7698,0.0004,0.7717,1.4378,0.3476
1.5009,0.0004,0.8927,1.9457,0.3476
1.7706,0.0004,0.6288,1.2488,0.3431
1.2827,0.0004,0.7649,1.5220,0.3431
2.2577,0.0007,0.7038,2.2692,0.3522
0.8934,0.0006,1.1653,0.8927,0.3522
2.0446,0.0006,0.8217,2.1409,0.3557
1.4940,0.0003,0.9771,1.5859,0.3492
1.6449,0.0005,0.6475,1.5661,0.3475
1.3097,0.0006,0.7380,1.3286,0.3396
0.9757,0.0005,0.7718,0.8758,0.3396
1.7640,0.0004,0.7132,1.7768,0.3354
1.4380,0.0003,0.7252,1.6021,0.3678
1.5173,0.0004,0.6503,1.4693,0.3678
1.4483,0.0004,0.7112,1.1340,0.3449
1.9048,0.0005,0.8013,2.1647,0.3379
1.4440,0.0005,0.8567,1.3074,0.3359
2.0112,0.0006,0.7755,2.1054,0.3525
1.4985,0.0006,0.8294,1.2060,0.3576
1.7475,0.0003,0.9852,1.9011,0.3468
1.8503,0.0003,0.6946,1.9951,0.3342
1.6606,0.0003,0.7408,1.3465,0.3561
1.7148,0.0003,0.7022,2.0679,0.3322
1.1517,0.0003,0.6335,0.9805,0.3322
1.6033,0.0005,0.6612,1.7624,0.3463
1.6837,0.0004,0.7078,1.6664,0.3551
2.0728,0.0004,0.7501,1.9085,0.3628
0.9385,0.0004,0.9911,0.8950,0.3628
1.6968,0.0004,0.8410,1.7981,0.3536
1.6536,0.0005,0.7183,1.4841,0.3466
1.9777,0.0004,0.7402,2.1141,0.3315
1.6907,0.0006,0.8060,1.8217,0.3504
1.4108,0.0005,0.6115,1.2782,0.3450
1.5071,0.0007,0.7806,1.3342,0.3450
1.8736,0.0004,0.8155,2.1545,0.3329
1.3486,0.0003,0.6612,1.3519,0.3329
1.8907,0.0006,0.7312,1.8213,0.3735
1.5218,0.0004,1.0956,1.4551,0.3616
1.6008,0.0005,0.9380,1.4484,0.3576
1.5677,0.0005,0.6674,1.6150,0.3458
1.8115,0.0005,0.7842,1.5545,0.3457
1.4030,0.0005,0.7618,1.6722,0.3436
1.9429,0.0009,0.6652,2.0185,0.3512
1.7123,0.0005,0.6996,1.7828,0.3268
1.3220,0.0006,0.6634,1.3614,0.3593
1.3058,0.0005,0.7167,1.1235,0.3415
1.6961,0.0008,0.6615,1.8257,0.3465
1.7482,0.0005,1.0743,1.5874,0.3823
1.4658,0.0004,0.8893,1.6164,0.3527
2.1033,0.0005,0.7708,2.0651,0.3597
1.3556,0.0006,0.8377,1.3588,0.3597
1.6298,0.0004,0.8163,1.5347,0.3478
1.4201,0.0006,0.8749,1.4941,0.3427
1.7446,0.0005,0.7320,1.7700,0.3454
1.0078,0.0004,0.7977,0.8582,0.3454
1.7092,0.0004,0.8322,1.8564,0.3402
1.6967,0.0007,0.6461,1.2366,0.3391
1.7542,0.0005,0.7982,2.1383,0.3638
1.6416,0.0005,0.8724,1.7164,0.3649
1.2259,0.0003,0.7020,0.9194,0.3336
1.3919,0.0003,0.8430,1.3663,0.3509
1.8007,0.0005,0.9673,2.1379,0.3564
0.9777,0.0005,0.7398,0.8020,0.3564
1.5333,0.0004,0.9453,1.7063,0.3546
1.1458,0.0004,0.6294,1.0331,0.3330
1.8076,0.0004,0.6103,1.7120,0.3550
1.3920,0.0005,0.7714,1.4643,0.3426
1.5433,0.0007,0.6357,1.3455,0.3393
2.1854,0.0006,0.7195,2.4108,0.5397
1.0751,0.0003,0.7796,1.1063,0.5397
2.2889,0.0005,0.7192,2.1981,0.3630
0.9173,0.0005,0.8388,0.8119,0.3630
1.9298,0.0006,0.8116,1.9872,0.3440
2.0861,0.0006,0.7969,2.0390,0.3556
2.0357,0.0008,0.9149,2.0844,0.3607
1.4110,0.0004,0.8243,1.4986,0.3392
1.1125,0.0003,0.6734,1.1293,0.3409
1.6800,0.0004,0.6734,1.2980,0.3620
1.5249,0.0005,1.0039,1.7091,0.3620
1.5304,0.0005,1.4393,1.6660,0.3724
2.0575,0.0005,0.7828,2.0058,0.3598
1.4505,0.0006,0.7794,0.9934,0.3598
2.2355,0.0006,0.9605,2.7204,0.3408
1.5409,0.0008,0.7037,1.5790,0.3456
1.3440,0.0008,0.6604,1.0004,0.3456
1.8938,0.0006,0.7049,2.2098,0.3370
1.4678,0.0007,0.6133,1.4076,0.3415
1.6065,0.0009,0.6729,1.4861,0.3648
1.2896,0.0005,0.6886,1.4118,0.6253
1.4900,0.0005,1.0525,1.1776,0.3607
1.0848,0.0004,0.9625,1.4312,0.3607
1.8589,0.0005,0.9609,1.6336,0.3539
1.9416,0.0005,0.7812,1.7121,0.3462
1.6097,0.0004,0.7151,1.8130,0.3543
1.7149,0.0004,0.7579,1.7245,0.3436
1.6030,0.0004,0.6308,1.6554,0.3366
1.6035,0.0004,0.6236,1.7647,0.3378
1.7427,0.0004,0.6282,1.5523,0.3595
1.6721,0.0007,0.8617,1.7867,0.3595
1.5547,0.0005,1.0042,1.4825,0.3518
1.6711,0.0007,0.8007,1.5655,0.3834
1.9766,0.0005,0.7112,1.6582,0.3515
1.6371,0.0005,0.7524,1.7609,0.3381
1.6531,0.0003,0.8340,1.9842,0.3442
1.6351,0.0009,0.9237,1.6468,0.3514
1.5177,0.0006,0.8464,1.5224,0.3703
1.9770,0.0005,0.7132,1.7776,0.3660
1.3752,0.0006,0.8587,1.5725,0.3478
1.4558,0.0006,0.8729,1.4093,0.3524
1.4613,0.0006,0.7671,1.3892,0.3573
1.8633,0.0006,1.0600,1.8430,0.3617
0.8505,0.0006,0.8181,0.9973,0.3617
1.4069,0.0004,0.6911,1.2322,0.3470
1.8321,0.0005,0.7854,1.8410,0.3397
1.6795,0.0004,0.7677,1.5360,0.3373
1.2493,0.0004,0.7977,1.3761,0.3444
1.6613,0.0003,0.7184,1.7790,0.3459
1.3427,0.0003,0.6486,1.3610,0.3555
1.2269,0.0004,0.7171,0.9868,0.3555
1.4723,0.0005,0.5992,1.5470,0.3463
2.1642,0.0013,0.6297,1.6982,0.3394
1.9945,0.0005,1.2052,2.5326,0.3452
1.2908,0.0006,0.9013,1.2022,0.3452
1.5282,0.0004,0.8854,1.5283,0.3473
1.2836,0.0004,0.7335,1.4284,0.3480
1.5311,0.0007,0.7016,1.2779,0.3617
1.8855,0.0005,0.9459,2.1274,0.3386
1.5551,0.0006,0.6769,1.4243,0.3434
1.4045,0.0005,0.6760,1.2513,0.3464
2.2547,0.0006,0.6699,2.4201,0.3467
1.7490,0.0006,0.8200,1.7633,0.5881
1.2195,0.0005,0.8690,1.3151,0.5881
1.7054,0.0004,0.7163,1.6049,0.3611
1.6596,0.0003,0.7587,1.6712,0.3432
1.1461,0.0006,0.6623,1.0712,0.3432
2.0041,0.0006,0.6751,2.0355,0.3547
1.2972,0.0004,0.7255,1.3978,0.3547
1.7522,0.0005,0.6071,1.7396,0.3415
1.7613,0.0004,0.6532,1.7481,0.3498
1.4817,0.0005,0.6347,1.4062,0.3498
1.6691,0.0006,0.7456,1.6010,0.3413
1.3121,0.0005,0.9190,1.2792,0.3926
1.9503,0.0006,0.8865,2.0606,0.3672
1.6385,0.0006,0.8769,1.5953,0.3425
1.5117,0.0004,0.7558,1.5135,0.3425
1.6362,0.0004,0.7386,1.6338,0.3384
1.3326,0.0004,0.7060,1.3878,0.3447
2.0977,0.0003,0.6340,2.0088,0.3634
1.5324,0.0003,0.7396,1.6076,0.3506
1.4626,0.0007,0.5767,1.3497,0.3506
1.7300,0.0006,0.7472,1.7756,0.3618
1.7361,0.0005,0.7847,1.7489,0.3842
1.6703,0.0007,0.8030,1.6900,0.3616
1.5944,0.0005,0.8151,1.3528,0.3605
1.9827,0.0007,0.7058,2.2006,0.3305
1.7780,0.0005,0.6348,1.7763,0.3472
1.4166,0.0006,0.6361,1.4290,0.3472
1.7267,0.0005,0.6068,1.6870,0.3591
1.7133,0.0007,0.6610,1.4195,0.3591
1.5222,0.0005,0.9548,1.7169,0.3496
1.2743,0.0006,0.9705,1.1037,0.3496
2.1960,0.0007,0.9881,2.3861,0.3658
1.7967,0.0005,0.8419,1.7331,0.3515
1.1134,0.0004,0.9048,0.8241,0.3515
1.6234,0.0005,0.8100,1.8041,0.3414
1.9036,0.0005,0.7449,2.1274,0.3422
1.4721,0.0004,0.7550,1.4594,0.3500
1.7234,0.0004,0.7258,1.5464,0.3325
2.2541,0.0010,0.6574,2.2179,0.3399
1.2479,0.0004,0.9207,1.4478,0.3566
1.6582,0.0004,0.6738,1.6474,0.3566
1.4034,0.0005,0.6749,1.0232,0.3606
2.0486,0.0004,0.8563,2.3456,0.3415
1.8089,0.0005,0.7533,1.8530,0.3604
1.5234,0.0005,0.8751,1.4675,0.3412
1.4251,0.0004,0.7109,1.4940,0.3501
1.6563,0.0005,0.5735,1.6390,0.3501
1.8042,0.0006,0.6016,1.7478,0.3447
1.8136,0.0006,0.6774,1.6902,0.3325
1.0641,0.0006,0.7464,1.2337,0.3430
2.0524,0.0005,0.8360,1.6711,0.3435
0.8516,0.0008,0.9713,1.2071,0.3435
1.8390,0.0006,0.8546,1.4121,0.3708
1.7615,0.0006,1.1194,2.1285,0.3796
1.7108,0.0004,0.8112,1.7514,0.3440
1.8851,0.0006,0.6136,1.2140,0.3373
1.3419,0.0006,0.9554,1.8918,0.3373
1.9814,0.0005,1.1096,1.8256,0.3483
1.2193,0.0005,0.9306,1.4754,0.3549
1.2971,0.0003,0.6512,1.1612,0.3549
1.8029,0.0004,0.6423,1.9261,0.3456
2.3449,0.0007,0.6426,2.2366,0.3946
1.5108,0.0004,0.9231,1.5554,0.3512
1.4921,0.0005,0.7730,1.5339,0.3415
1.6976,0.0004,0.6385,1.5819,0.3401
1.1472,0.0004,0.6947,1.2792,0.3401
1.6884,0.0005,0.6367,1.5335,0.3439
1.6409,0.0003,0.7807,1.5354,0.3394
1.8027,0.0005,0.7517,1.5369,0.3383
1.7493,0.0005,0.8557,2.2171,0.3516
1.4298,0.0007,0.7914,1.2502,0.3528
1.6770,0.0006,0.8328,1.5435,0.3378
1.9103,0.0008,0.9459,2.1520,0.3438
1.5623,0.0007,0.8028,1.6130,0.3385
1.4160,0.0005,0.7282,1.3021,0.3385
1.3164,0.0004,0.6530,1.3785,0.3551
2.0006,0.0004,0.6348,2.0210,0.3681
1.2495,0.0004,0.6909,1.0280,0.3681
1.8286,0.0004,0.6813,2.0686,0.3541
1.5714,0.0003,0.5771,1.5636,0.3345
1.1340,0.0004,0.6341,0.8528,0.3573
1.7551,0.0005,0.6358,1.6153,0.3384
2.2091,0.0006,0.7112,2.1908,0.3789
1.2821,0.0003,1.1207,1.6754,0.3789
1.4499,0.0004,0.6863,1.0407,0.3506
1.7089,0.0007,0.6616,1.8384,0.3387
1.7551,0.0003,0.7741,2.0343,0.3471
1.3452,0.0003,0.7009,1.1736,0.3471
1.4771,0.0003,0.8199,1.5336,0.3544
1.5098,0.0004,0.9117,1.6417,0.3385
1.8799,0.0005,0.6212,1.3895,0.3352
1.5887,0.0003,0.8186,1.7628,0.3703
1.6947,0.0005,0.7273,1.8840,0.3409
1.8582,0.0003,1.0434,1.7371,0.3916
1.7171,0.0004,1.0781,1.8073,0.3408
1.6082,0.0003,0.8485,1.7286,0.3577
1.6175,0.0005,0.6986,1.6086,0.3573
1.4148,0.0003,0.7257,1.4113,0.3525
2.0889,0.0004,0.7336,1.9927,0.3487
1.1643,0.0006,0.7920,1.2256,0.3594
1.1037,0.0004,0.8353,1.0417,0.3594
1.4781,0.0004,0.7562,1.5019,0.3471
1.4989,0.0006,0.8220,1.3024,0.3446
1.7759,0.0005,0.7217,1.7869,0.3627
1.6342,0.0004,0.8383,1.6870,0.3686
1.8269,0.0006,0.8530,1.9190,0.3570
1.5591,0.0005,1.4159,1.5774,0.3485
1.5303,0.0005,0.8701,1.3310,0.3485
1.7980,0.0004,0.7996,1.6526,0.3338
1.5627,0.0005,0.8738,1.6879,0.3465
1.5463,0.0005,0.7180,1.6504,0.3374
2.0217,0.0006,0.6229,2.1332,0.3374
1.5374,0.0007,0.5951,1.4826,0.3374
1.4225,0.0007,0.8919,1.3975,0.3792
1.2962,0.0006,1.2926,1.0903,0.3792
1.3107,0.0005,1.0390,1.5564,0.3718
1.3783,0.0003,0.8060,1.3924,0.3599
1.8563,0.0003,0.7846,1.8193,0.3466
1.1262,0.0004,0.7189,0.9252,0.3466
1.7937,0.0004,0.7820,1.8156,0.3399
1.4647,0.0004,0.8524,1.3786,0.3399
1.5016,0.0004,0.6794,1.6223,0.3492
1.7872,0.0005,0.7153,1.9386,0.3411
1.5719,0.0005,0.6439,1.3954,0.3290
1.9495,0.0005,0.6885,2.0655,0.3701
1.3721,0.0005,1.0302,1.1158,0.3529
1.6563,0.0004,0.7912,1.5404,0.3406
2.2785,0.0007,0.8016,2.5273,0.3360
0.7333,0.0006,0.8857,0.9249,0.3360
1.7447,0.0006,0.6202,1.7139,0.3335
1.5852,0.0005,0.6405,1.5680,0.3405
1.2633,0.0005,0.6881,1.1997,0.3405
1.3290,0.0004,0.7484,1.3943,0.3427
2.1630,0.0004,0.5934,1.9815,0.3360
1.3932,0.0008,0.9325,1.4780,0.3563
1.5454,0.0005,1.2013,1.2689,0.3824
0.9458,0.0004,1.3366,1.1515,0.3824
1.5835,0.0006,0.8454,1.5902,0.3517
1.8578,0.0004,0.6020,1.9868,0.3336
1.9786,0.0005,0.6486,1.9604,0.3540
1.3409,0.0004,0.7537,1.3397,0.3540
1.5218,0.0005,0.5897,1.0993,0.3338
1.9380,0.0004,0.5608,2.1958,0.3452
1.4921,0.0006,0.6306,1.5182,0.3585
1.5623,0.0004,0.7099,1.4370,0.3585
1.6201,0.0006,1.0085,1.8295,0.3703
1.6602,0.0004,0.7223,1.5955,0.3674
1.8565,0.0003,0.7672,1.8570,0.3651
1.4663,0.0005,0.7490,1.5143,0.3651
1.7979,0.0004,0.7563,1.7276,0.3413
1.5060,0.0005,0.6966,1.4742,0.3544
1.7622,0.0007,0.8927,1.8255,0.3532
1.2223,0.0004,0.7360,1.2535,0.3532
1.4936,0.0003,0.6151,1.4796,0.3272
2.1882,0.0005,0.6385,1.9681,0.3450
1.2550,0.0006,1.2693,1.1909,0.3450
1.8578,0.0006,1.1072,1.5957,0.3686
1.3216,0.0003,0.9130,1.8318,0.3686
1.9320,0.0004,0.6581,1.9248,0.3576
1.6502,0.0005,0.6267,1.6322,0.3460
1.2208,0.0003,0.6792,1.2451,0.3460
1.8156,0.0005,0.7291,1.6666,0.3442
1.6199,0.0004,0.6858,1.7369,0.3389
2.0061,0.0006,0.6602,1.9239,0.3338
1.2720,0.0009,0.8387,1.0209,0.3338
1.7157,0.0008,0.9162,1.9683,0.3402
1.3914,0.0005,0.8701,1.4068,0.9384
1.3478,0.0007,0.7360,1.3146,0.4027
1.9093,0.0006,0.6979,1.9179,0.3513
1.3211,0.0006,0.6458,1.3602,0.3513
1.6301,0.0004,0.6452,1.6277,0.3448
1.7227,0.0004,0.6009,1.6057,0.3448
1.8344,0.0004,0.7341,1.8943,0.3362
1.9527,0.0006,0.7460,1.7636,0.3722
1.9748,0.0003,0.8980,2.1335,0.3526
1.3700,0.0005,0.6630,1.1765,0.3526
2.0074,0.0005,0.8167,2.1251,0.3498
1.1527,0.0005,0.8751,0.9991,0.3498
1.8255,0.0005,0.8884,2.0089,0.3408
1.3442,0.0004,0.8568,1.3476,0.3408
1.5685,0.0005,0.7023,1.6106,0.3575
1.0353,0.0005,0.8083,1.0772,0.3575
2.0219,0.0007,0.6743,1.9075,0.3499
0.9389,0.0005,0.8427,0.8048,0.3499
1.9174,0.0005,0.6622,2.0328,0.3411
1.6998,0.0005,0.7565,1.7198,0.3653
1.7354,0.0007,0.6556,1.5299,0.3708
1.7339,0.0006,1.1026,1.7557,0.3422
1.5798,0.0003,0.9578,1.8100,0.3422
1.5740,0.0005,0.6758,1.5327,0.3374
1.2682,0.0005,0.6730,1.3300,0.3374
1.8441,0.0005,0.6306,1.8132,0.3450
1.3407,0.0005,0.6556,0.7686,0.3450
1.6231,0.0005,0.8630,2.1195,0.3387
1.7056,0.0005,0.7954,1.7413,0.3476
1.1123,0.0005,0.6768,1.1241,0.3476
1.7135,0.0006,0.6612,1.6812,0.3440
1.8110,0.0008,0.7199,1.6745,0.3519
1.6615,0.0005,0.8948,1.6885,0.3555
1.8383,0.0007,0.8215,1.8958,0.3555
1.5113,0.0004,0.7096,1.5752,0.3452
1.6789,0.0004,0.6159,1.6705,0.3600
1.0443,0.0004,0.5912,0.8569,0.3502
1.5387,0.0004,0.8414,1.6282,0.3482
1.7267,0.0002,0.7251,1.3572,0.3482
1.9093,0.0004,0.7294,2.2787,0.3445
1.4064,0.0002,0.7963,1.4396,0.3375
1.3678,0.0004,0.6591,1.2484,0.3375
1.5952,0.0004,0.8022,1.6309,0.3753
1.8123,0.0004,0.8148,1.6247,0.3638
1.6858,0.0003,0.8390,1.8986,0.3476
1.9973,0.0005,0.6672,2.0069,0.3318
1.6210,0.0006,0.6538,1.3029,0.3616
1.1881,0.0006,0.9980,1.5332,0.3616
1.7375,0.0006,0.6695,1.6430,0.3560
1.4707,0.0006,0.6627,1.3435,0.3343
1.5331,0.0005,0.6429,1.5433,0.3472
2.0281,0.0007,0.6178,2.1176,0.3641
1.6272,0.0007,0.8692,1.6997,0.3641
1.8308,0.0005,0.8439,1.3101,0.3509
1.6810,0.0004,0.8270,2.2180,0.3509
2.0219,0.0005,0.6617,1.9144,0.3479
1.7571,0.0004,0.8352,1.7489,0.3504
1.3476,0.0004,0.8437,1.1841,0.3404
1.7411,0.0004,0.8020,1.7492,0.3404
1.8350,0.0003,0.7019,2.0654,0.3370
1.7938,0.0003,0.6507,1.5751,0.3419
1.4777,0.0005,0.9061,1.4485,0.3547
2.0250,0.0009,1.1037,2.2233,0.3587
1.3526,0.0005,0.7075,1.3876,0.3587
1.5656,0.0007,0.6455,1.1942,0.3316
1.7151,0.0005,0.6926,2.0251,0.3340
1.7690,0.0007,0.8056,1.5146,0.3509
1.8559,0.0006,0.8340,2.1372,0.3346
1.4486,0.0004,0.7904,1.3143,0.3487
1.4286,0.0004,0.7368,1.3474,0.3442
1.8690,0.0005,0.6042,2.0095,0.3605
1.6790,0.0005,0.6857,1.5351,0.3513
1.9404,0.0004,1.0812,2.1271,0.3711
1.9002,0.0005,0.7424,1.7461,0.3392
1.7647,0.0005,0.8461,1.8361,0.3553
1.4794,0.0004,0.8051,1.5654,0.3553
1.8243,0.0004,0.5897,1.7709,0.3357
1.8108,0.0004,0.6310,1.8565,0.3346
1.8322,0.0007,0.7076,1.3749,0.3449
1.5884,0.0005,0.7866,1.8500,0.3306
1.9162,0.0008,0.7790,2.0163,0.3332
1.5038,0.0004,0.7757,1.4967,0.3674
1.6788,0.0005,1.1758,1.5217,0.3433
1.6770,0.0005,0.7218,1.8637,0.3480
1.2422,0.0004,0.7143,1.0624,0.3480
2.0336,0.0006,0.7835,2.0381,0.3553
1.8089,0.0005,0.6917,1.6196,0.3425
1.7463,0.0005,0.7518,2.0128,0.3401
1.4982,0.0004,0.7814,1.5173,0.3401
1.3772,0.0005,0.7113,1.3623,0.3553
1.4726,0.0008,0.8758,1.4868,0.3446
2.1483,0.0006,0.9319,2.1221,0.3891
1.1312,0.0004,0.8982,1.1836,0.3891
1.4021,0.0005,0.8649,1.3538,0.3597
1.6458,0.0004,0.8436,1.5763,0.3431
1.8597,0.0005,0.6739,1.9601,0.3432
1.4351,0.0003,0.6512,1.2509,0.3432
1.5870,0.0004,0.6114,1.4810,0.3564
1.6679,0.0005,0.6706,1.9493,0.3375
1.8489,0.0004,0.7147,1.8486,0.3373
1.1281,0.0003,0.6173,1.1010,0.3373
1.9184,0.0004,0.5936,1.8269,0.3504
1.9319,0.0004,0.7913,1.9623,0.4050
1.3278,0.0005,0.8974,1.2442,0.3477
1.6212,0.0005,1.1509,1.7564,0.3642
1.4120,0.0005,0.6543,1.1861,0.3503
1.9951,0.0004,0.6547,2.1392,0.3446
1.3802,0.0004,0.7358,1.1356,0.3446
1.3363,0.0003,0.7554,1.3667,0.3533
1.4160,0.0004,0.7182,1.4132,0.3420
1.5369,0.0003,0.9073,1.5053,0.3420
1.5590,0.0003,0.6182,1.6898,0.3551
1.7097,0.0006,0.7799,1.7999,0.3726
1.5753,0.0004,0.8823,1.5183,0.3552
2.0844,0.0003,0.8634,2.0530,0.3355
1.5913,0.0003,0.8896,1.7265,0.3355
1.7879,0.0004,0.6529,1.7284,0.3492
1.5219,0.0003,0.6957,1.1201,0.3448
1.4170,0.0005,0.7313,1.8236,0.3312
1.4351,0.0004,0.7176,1.3151,0.3447
1.6749,0.0005,0.9122,1.8047,0.3384
1.5522,0.0004,0.6210,1.2845,0.3384
2.5582,0.0008,0.6651,2.6976,0.3433
1.5671,0.0007,0.9564,1.2353,0.3655
1.7812,0.0006,1.1023,1.8462,0.3655
2.1046,0.0006,0.9603,2.4062,0.3381
1.3036,0.0005,0.8171,1.1328,0.3381
1.8169,0.0003,0.6892,2.0543,0.3537
1.7301,0.0005,0.6304,1.1854,0.3336
1.6809,0.0004,0.7146,1.5877,0.3370
1.8424,0.0004,0.8781,2.3776,0.3492
1.3261,0.0005,0.7649,1.0224,0.3492
1.8999,0.0005,0.8595,2.0261,0.3592
1.7832,0.0005,0.8453,1.6828,0.3682
1.6873,0.0004,0.8517,1.9424,0.3322
1.8878,0.0005,0.8789,1.3880,0.3554
1.9242,0.0005,0.8352,2.3470,0.3560
1.1393,0.0004,0.7786,1.0650,0.3560
1.3205,0.0004,0.6648,1.4434,0.3490
1.5321,0.0004,0.6636,1.4871,0.3487
1.6721,0.0006,0.6304,1.3973,0.3443
2.2889,0.0009,0.9660,2.5059,0.3389
1.2616,0.0006,1.1313,1.0575,0.5491
1.3568,0.0004,0.8664,1.7074,0.3302
1.8453,0.0004,0.7080,1.8413,0.3544
1.6297,0.0004,0.7880,1.5123,0.3443
1.2972,0.0005,0.8179,1.3723,0.3443
1.5973,0.0005,0.7683,1.2084,0.3508
1.9962,0.0004,0.6655,2.3679,0.3339
1.3443,0.0004,0.6979,1.2185,0.3403
2.1122,0.0006,0.7631,2.2111,0.3576
1.2854,0.0007,0.7658,1.1432,0.3576
2.4207,0.0008,0.9846,2.4955,0.3858
1.4918,0.0007,1.0717,1.2164,0.3858
2.0062,0.0005,0.9573,2.2800,0.3481
1.3417,0.0005,0.8498,1.1094,0.3481
2.1968,0.0005,0.9376,2.0861,0.3466
2.0180,0.0005,0.9255,2.0284,0.3418
1.8887,0.0012,0.9491,1.9401,0.3456
1.8197,0.0004,1.0476,2.1214,0.3479
1.9170,0.0005,0.9099,1.8865,0.3458
1.8571,0.0006,1.1443,1.8068,0.3614
1.9234,0.0006,0.9305,1.8741,0.3433
1.7504,0.0006,0.9142,1.8509,0.3451
1.8898,0.0005,0.9065,1.8680,0.3474
1.9966,0.0004,0.7511,1.9760,0.3496
1.4803,0.0004,0.7723,1.5066,0.3496
1.6768,0.0004,0.7435,1.3579,0.3376
1.7679,0.0005,0.8683,2.0449,0.3415
1.6970,0.0005,0.8249,1.6557,0.3390
2.1630,0.0005,0.9236,2.1210,0.3385
1.0198,0.0004,0.9117,1.1038,0.3438
1.9156,0.0005,0.8773,1.8791,0.3400
1.6992,0.0005,0.9309,1.6862,0.3513
1.8301,0.0005,0.7520,1.7118,0.3513
1.7512,0.0006,0.9265,1.7933,0.3419
2.0016,0.0005,0.9271,1.6338,0.3402
2.0654,0.0007,0.8628,2.4069,0.3840
1.7630,0.0009,1.1340,1.7611,0.3522
2.0291,0.0009,1.1810,1.9740,0.3522
1.8043,0.0008,1.4702,1.4505,0.3601
1.6891,0.0008,1.2579,2.0862,0.3601
1.8533,0.0009,1.2010,1.6466,0.3538
2.1351,0.0008,1.0567,2.3283,0.3456
1.4514,0.0008,1.0172,1.4561,0.3456
1.9331,0.0006,0.9094,1.6479,0.3418
1.9201,0.0006,0.9980,2.0048,0.3425
1.5011,0.0006,1.1120,1.6593,0.3326
1.8990,0.0008,1.1235,1.7350,0.3465
2.3531,0.0004,1.3492,2.3940,0.3846
1.6470,0.0008,1.2573,1.4239,0.3841
2.0435,0.0005,1.1275,2.3478,0.3328
1.4603,0.0005,0.9450,1.5034,0.3491
1.5152,0.0006,0.9290,1.5122,0.3491
1.5063,0.0005,0.7654,1.2695,0.3351
2.0832,0.0005,0.8243,2.2752,0.3410
1.4457,0.0007,1.0739,1.4991,0.3410
2.1329,0.0007,0.8886,2.0119,0.3481
1.2415,0.0008,0.9890,1.2755,0.3481
1.5439,0.0003,1.0639,1.2481,0.3821
1.6351,0.0005,0.9098,1.9771,0.3548
1.6979,0.0005,0.8176,1.6238,0.3413
1.6060,0.0006,0.9775,1.1512,0.3314
1.8599,0.0006,0.8773,2.3716,0.3449
1.4257,0.0005,0.9228,1.1035,0.3449
1.8021,0.0006,1.0446,1.9834,0.3630
2.2009,0.0005,0.8388,2.1585,0.3514
1.6084,0.0007,1.1605,1.6913,0.3497
1.9826,0.0005,1.3905,1.9090,0.3561
1.5845,0.0006,1.0280,1.6762,0.3561
1.8177,0.0005,0.8891,1.5146,0.3463
1.6488,0.0006,1.0084,1.9656,0.3636
1.7273,0.0010,0.7907,1.6883,0.3271
2.0781,0.0004,0.9452,2.0923,0.3563
1.4869,0.0007,0.8538,1.1066,0.3563
2.0514,0.0005,0.8349,2.4224,0.3630
1.3481,0.0006,0.7555,1.3125,0.3630
2.3030,0.0007,1.2452,1.6678,0.3566
2.2447,0.0006,1.4621,2.6552,0.3620
1.2026,0.0005,1.0791,1.3266,0.3469
1.7148,0.0004,0.9886,1.7267,0.3588
1.7558,0.0004,1.0263,1.2852,0.3416
1.9207,0.0007,0.9997,2.4189,0.3416
1.7635,0.0006,0.7901,1.8217,0.3352
1.5776,0.0004,0.6967,1.4967,0.3369
1.4148,0.0004,0.6725,1.4546,0.3455
1.7551,0.0005,0.7107,1.6878,0.3338
1.5631,0.0006,0.8878,1.5197,0.3774
2.1629,0.0005,1.4530,2.2126,0.3508
1.4691,0.0005,0.8374,1.4148,0.3480
1.4779,0.0006,0.7886,1.2564,0.3480
2.0525,0.0007,0.8074,1.9938,0.3450
1.9370,0.0006,1.0673,2.0656,0.3430
1.9402,0.0006,1.1526,1.7415,0.3439
1.7581,0.0005,0.9401,1.8842,0.3439
1.5675,0.0006,0.8480,1.6009,0.3485
2.0773,0.0005,1.1093,2.1247,0.3674
1.6164,0.0005,1.0389,1.7060,0.3523
2.0077,0.0005,0.8919,1.8390,0.3485
1.7203,0.0005,1.0644,1.4261,0.3485
2.1953,0.0006,0.9440,2.5916,0.3448
1.5643,0.0005,0.9697,1.4680,0.3448
2.1541,0.0006,1.1316,2.2431,0.3518
1.7275,0.0007,1.2107,1.8075,0.3398
1.5208,0.0007,0.9388,1.5443,0.3398
2.2989,0.0004,0.7830,2.2279,0.3722
1.2119,0.0012,0.9308,1.2777,0.3722
1.6751,0.0006,0.8743,1.4673,0.3351
2.2586,0.0005,0.8770,2.4233,0.3380
1.2399,0.0003,0.7952,1.2957,0.3380
1.4999,0.0005,0.6970,1.2296,0.3389
1.9608,0.0005,0.6742,2.0482,0.3441
1.8605,0.0006,0.8791,1.9929,0.3410
1.4779,0.0004,0.9738,1.4954,0.3404
1.5892,0.0009,0.7023,1.5511,0.3404
1.7271,0.0004,0.7674,1.7117,0.3716
1.6875,0.0004,0.8359,1.7293,0.3716
1.7221,0.0007,0.6996,1.6629,0.3477
1.8420,0.0006,0.7685,1.6952,0.3615
1.6561,0.0004,0.9688,1.7427,0.3401
1.7104,0.0003,0.7821,1.7458,0.3401
1.2523,0.0005,0.7436,1.0438,0.3476
1.5570,0.0005,0.8216,1.5608,0.3405
1.9699,0.0005,0.6454,2.1964,0.3397
1.2378,0.0005,0.6296,1.2342,0.3397
1.6952,0.0005,0.7355,1.5232,0.3560
1.8427,0.0006,0.8432,1.9198,0.3525
1.7277,0.0004,0.8089,1.7823,0.3358
1.5069,0.0004,0.7585,1.4431,0.3358
1.8713,0.0003,0.7833,1.8519,0.3443
1.4696,0.0004,0.9860,1.5604,0.3404
1.6540,0.0004,0.7250,1.3410,0.3404
1.8247,0.0005,0.7635,1.8312,0.3468
1.7574,0.0005,0.7269,2.0187,0.3324
2.0517,0.0005,0.8000,2.0034,0.3503
1.2543,0.0005,0.7379,1.2429,0.3503
1.8639,0.0004,0.7668,1.8061,0.3347
1.4075,0.0003,0.8458,1.5218,0.3347
1.8851,0.0005,0.6871,1.8754,0.3423
1.1122,0.0005,0.7269,0.9718,0.3423
1.8854,0.0004,0.8563,2.0067,0.3632
1.9503,0.0005,0.6468,1.6908,0.3423
1.7079,0.0006,0.7004,1.9021,0.3470
1.7623,0.0007,0.7026,1.6233,0.3360
1.8305,0.0009,0.8275,1.7386,0.3603
1.9974,0.0007,1.0588,2.1612,0.3612
2.2460,0.0007,1.1008,2.2260,0.3453
1.3658,0.0005,1.0258,1.3627,0.3453
1.6776,0.0005,0.9297,1.7644,0.3462
1.8179,0.0005,0.9003,1.7602,0.3396
1.3871,0.0006,0.9167,1.4306,0.3378
1.6922,0.0004,0.6987,1.3277,0.3400
1.5053,0.0005,0.6611,1.8784,0.3486
1.8545,0.0007,0.8119,1.6184,0.3483
2.1746,0.0006,1.1117,2.1696,0.3702
1.9866,0.0005,1.2843,2.1775,0.3612
1.3465,0.0005,0.8212,1.3478,0.3612
1.7847,0.0003,0.7321,1.7747,0.3439
1.1882,0.0004,0.7254,1.1469,0.3439
1.9162,0.0004,0.7828,1.9467,0.3474
1.7542,0.0007,0.7902,1.7231,0.3374
1.4699,0.0005,0.8140,1.5027,0.3517
1.7237,0.0004,0.7337,1.7215,0.3464
1.9566,0.0007,0.6762,1.6246,0.3563
1.1481,0.0005,1.1161,1.4294,0.3563
1.9869,0.0007,1.1995,1.6267,0.3907
1.6112,0.0004,1.0626,1.9870,0.3547
1.6390,0.0005,0.7553,1.6429,0.3521
1.9250,0.0005,0.7243,1.8808,0.3391
1.5934,0.0005,0.7571,1.5883,0.3401
1.8308,0.0004,0.7328,1.8383,0.3412
1.9302,0.0005,0.7341,1.7587,0.3478
1.8770,0.0006,0.9464,2.0179,0.3402
2.0578,0.0006,0.8124,1.9835,0.6597
1.5861,0.0005,1.2452,0.9283,0.3745
1.1621,0.0005,1.2699,1.5550,0.3745
1.6796,0.0005,0.8414,1.8186,0.3498
1.5350,0.0008,0.7072,1.5742,0.3495
1.7875,0.0005,0.8721,1.7383,0.3440
1.2319,0.0006,0.7900,1.1006,0.3440
1.6268,0.0005,0.7488,1.4290,0.3501
1.6309,0.0008,0.8155,1.9749,0.3545
1.7851,0.0004,0.9470,1.5498,0.3545
2.2447,0.0008,0.8357,2.3473,0.3399
1.7520,0.0188,1.0805,1.7495,0.3399
1.9171,0.0005,1.0091,1.9735,0.3587
1.5945,0.0006,0.8401,1.3313,0.3397
2.2333,0.0007,0.9129,2.4091,0.3449
1.5771,0.0008,0.8764,1.3918,0.3449
2.1640,0.0006,0.8535,2.4142,0.3362
1.7916,0.0004,0.8128,1.8131,0.3476
1.5431,0.0005,0.8082,1.5004,0.3476
1.6426,0.0007,0.7862,1.6369,0.3630
2.3610,0.0006,0.7244,2.3044,0.3690
1.6604,0.0004,0.9023,1.2739,0.3690
2.0250,0.0006,0.8426,2.3835,0.3505
1.5573,0.0005,1.2042,1.6506,0.3419
1.7593,0.0004,0.7900,1.4762,0.3467
1.7251,0.0005,1.0529,1.4154,0.3367
1.8116,0.0007,0.8554,2.2444,0.3496
1.9468,0.0005,0.9583,1.9078,0.3506
1.9232,0.0007,1.0117,1.7471,0.3506
2.5270,0.0008,1.1634,2.7337,0.3824
1.3280,0.0007,1.2479,1.4323,0.3555
1.9227,0.0005,1.0510,1.8980,0.3555
1.5616,0.0006,0.7616,1.3672,0.3469
1.4911,0.0003,0.9117,1.5234,0.3399
2.0138,0.0004,0.8042,2.1801,0.3328
1.4984,0.0005,0.8142,1.3330,0.3328
1.7264,0.0005,0.9238,1.7560,0.3524
1.7832,0.0007,0.9783,1.7090,0.3465
2.2558,0.0007,0.8151,2.1732,0.3870
1.1813,0.0005,1.5293,1.4274,0.3870
2.1664,0.0006,0.9185,2.1443,0.3460
1.5684,0.0006,0.8081,1.5047,0.3510
1.7255,0.0004,0.8594,1.8128,0.3510
1.9926,0.0005,0.7858,1.8941,0.3434
1.2392,0.0006,0.9627,1.1949,0.3434
2.2042,0.0007,0.8959,2.2214,0.3370
1.4737,0.0006,0.9879,1.5705,0.3370
1.9364,0.0006,0.8002,1.8126,0.3515
2.2818,0.0007,1.0684,2.2197,0.3756
1.9533,0.0005,1.3287,2.0919,0.3530
1.6710,0.0006,0.7902,1.5596,0.3503
1.5603,0.0005,0.9104,1.6856,0.3345
1.7154,0.0006,0.7426,1.7066,0.3434
1.7294,0.0005,0.7509,1.6605,0.3434
1.4722,0.0005,0.8649,1.4195,0.3602
1.3025,0.0005,1.0833,1.4329,0.3450
1.5601,0.0006,0.6598,1.3823,0.3642
2.0896,0.0005,0.7261,2.1701,0.3792
1.3791,0.0006,0.8719,1.3995,0.3619
1.8149,0.0007,0.8727,1.7885,0.3619
1.5253,0.0005,0.8244,1.3625,0.3467
1.8307,0.0008,0.7698,1.7828,0.3420
1.5633,0.0010,0.8721,1.7194,0.3420
1.6770,0.0010,1.0841,1.5771,0.3395
1.4272,0.0006,0.9567,1.5067,0.3395
1.8234,0.0005,0.7841,1.7960,0.3493
1.8496,0.0007,0.9025,1.6250,0.3409
1.5882,0.0006,1.2248,1.7698,0.3409
1.9341,0.0007,0.9217,2.0076,0.3699
1.3100,0.0006,1.0231,1.3607,0.3699
2.1062,0.0006,0.9511,2.0677,0.3531
1.5200,0.0005,0.9631,1.4923,0.3541
1.9287,0.0005,0.9961,1.9600,0.3552
1.2420,0.0004,0.9528,1.2166,0.3544
1.3134,0.0005,0.7780,1.0903,0.3458
2.3302,0.0006,0.8774,2.4131,0.3460
1.0559,0.0005,1.1578,1.0996,0.3490
1.6633,0.0007,0.9634,1.4959,0.3490
1.6671,0.0008,0.8974,1.9056,0.3825
1.4077,0.0005,0.9433,1.4293,0.3628
1.7477,0.0006,0.8767,1.3333,0.3474
1.6886,0.0006,0.9836,2.0881,0.3474
1.5996,0.0006,0.8576,1.5403,0.3384
1.5326,0.0004,0.8620,1.3021,0.3405
1.8629,0.0005,0.8884,1.9328,0.3405
1.7985,0.0008,0.8269,1.8995,0.3349
1.1630,0.0004,0.8681,1.2656,0.3349
1.4042,0.0006,0.9427,1.3573,0.3446
1.8180,0.0007,0.7515,1.5603,0.3599
1.7237,0.0007,0.9627,1.8765,0.3455
1.5976,0.0007,1.0941,1.5376,0.3465
1.7774,0.0006,0.9104,1.7934,0.3426
1.6691,0.0005,0.9091,1.7606,0.3329
1.2433,0.0006,0.8437,1.1054,0.3329
2.1003,0.0006,0.7326,2.1645,0.3507
1.3808,0.0006,0.8656,1.3160,0.3507
1.7845,0.0006,0.8144,1.5639,0.3572
1.6570,0.0006,1.0913,1.8948,0.3446
2.8360,0.0009,0.8581,2.8216,0.3726
1.3975,0.0004,1.1077,1.4686,0.3726
1.7283,0.0006,1.0562,1.6202,0.3422
1.7963,0.0007,1.0111,1.8031,0.3422
1.9495,0.0006,0.9972,1.8526,0.3353
2.1104,0.0005,1.0312,2.2765,0.3314
1.7366,0.0007,0.8827,1.7345,0.3408
1.6290,0.0004,0.8812,1.3820,0.3518
1.7230,0.0004,1.0358,1.8672,0.3644
2.0612,0.0007,1.1017,2.1038,0.3749
1.6705,0.0007,1.3478,1.6111,0.3426
1.6509,0.0005,1.0743,1.7704,0.3426
1.4590,0.0005,1.0540,1.4079,0.3622
2.1368,0.0004,0.7863,2.1222,0.3437
1.5740,0.0005,0.8878,1.5962,0.3437
1.7784,0.0005,0.8818,1.8727,0.3518
1.9196,0.0006,0.7285,1.8884,0.3435
1.9336,0.0010,0.7680,1.7414,0.3319
2.3391,0.0008,0.7884,2.4731,0.3475
1.4026,0.0005,0.8817,1.4163,0.3475
1.7873,0.0008,0.8463,1.6343,0.3549
1.4272,0.0005,1.0540,1.3370,0.3475
2.1580,0.0006,1.0527,2.2532,0.3389
1.7779,0.0005,1.0513,1.8340,0.3415
1.6407,0.0004,0.8370,1.5740,0.3415
1.8071,0.0004,0.9031,1.6311,0.3550
2.2263,0.0007,0.8824,2.4283,0.3418
1.8112,0.0008,0.9794,1.5583,0.3418
1.2868,0.0008,1.4034,0.9200,0.3907
1.4390,0.0006,1.2032,1.7620,0.3364
1.5070,0.0004,0.8938,1.7355,0.3364
1.7817,0.0004,0.7393,1.4325,0.3434
1.7493,0.0005,0.7253,1.9789,0.3379
2.0522,0.0006,0.7843,2.1549,0.3356
1.7390,0.0007,0.8779,1.7895,0.3521
1.8405,0.0008,0.8326,1.5059,0.3492
1.6291,0.0007,0.8899,1.7679,0.3431
2.3204,0.0012,0.8220,2.1842,0.3687
2.1865,0.0008,1.0452,2.4693,0.3503
1.2768,0.0006,0.8914,1.1510,0.3503
1.7158,0.0005,0.9106,1.5266,0.3516
1.7233,0.0005,0.7408,1.8612,0.3392
1.8011,0.0005,0.7730,1.6817,0.3427
1.6971,0.0005,0.8639,1.4057,0.3454
1.8684,0.0005,0.8130,2.1322,0.3326
2.2270,0.0007,0.7422,2.5254,0.3527
1.8674,0.0006,0.8958,1.3762,0.3527
1.5146,0.0005,1.2557,1.7643,0.3576
1.7589,0.0005,0.9656,2.0252,0.3463
1.7229,0.0005,0.8061,1.6399,0.3465
1.7499,0.0003,0.8227,1.7916,0.3587
1.4948,0.0005,0.7840,1.5298,0.3443
1.8034,0.0004,0.7424,1.6552,0.3449
1.7777,0.0005,0.8315,1.8953,0.3449
1.9173,0.0006,0.6790,1.9128,0.3486
1.6080,0.0007,0.8916,1.5392,0.3592
1.7890,0.0006,0.9553,1.8062,0.3832
1.4996,0.0008,1.3729,1.5244,0.3605
0.9746,0.0005,0.7424,1.0142,0.3605
1.7378,0.0005,0.6399,1.3947,0.3551
1.9246,0.0004,0.8123,2.2302,0.3462
1.6139,0.0004,0.7195,1.6136,0.3462
2.1104,0.0005,0.6689,2.0241,0.3649
0.9633,0.0005,0.8661,0.9319,0.3648
1.8849,0.0003,0.9055,1.9360,0.3648
1.8245,0.0011,0.9821,1.5423,0.3512
2.4101,0.0007,0.9168,2.5292,0.3858
1.2651,0.0005,1.1505,1.0329,0.3449
2.1325,0.0006,1.1503,2.0506,0.3449
1.9276,0.0004,0.9765,2.3090,0.3441
1.3486,0.0006,1.1484,1.4446,0.3567
1.8330,0.0007,0.7228,1.7502,0.3546
1.5051,0.0003,0.7905,1.5435,0.3386
1.6509,0.0004,0.8377,1.3554,0.3386
1.9490,0.0008,0.6992,1.9284,0.3379
1.7081,0.0007,1.2535,1.9442,0.3343
1.5269,0.0008,1.4045,1.3537,0.3929
1.6347,0.0007,1.0161,1.8546,0.3459
1.3071,0.0003,0.8640,1.2020,0.3459
1.6296,0.0004,0.7760,1.6743,0.3486
1.7814,0.0008,0.8253,1.7920,0.3589
1.5371,0.0006,0.7773,1.4363,0.3456
1.7212,0.0006,0.9786,1.7196,0.3534
1.8922,0.0006,1.1792,1.7809,0.3541
1.8550,0.0007,1.1235,1.9865,0.3578
2.3455,0.0006,1.0276,1.9481,0.3709
1.4782,0.0005,1.9886,1.4260,0.3782
1.3107,0.0008,1.3014,1.7356,0.3318
1.8909,0.0004,0.9248,1.9387,0.3528
1.3243,0.0004,0.7227,1.2348,0.3528
1.5493,0.0005,0.7107,1.5300,0.3424
1.7311,0.0006,0.6275,1.6055,0.3425
1.5041,0.0004,0.8654,1.5360,0.3425
2.2680,0.0006,0.7088,2.1714,0.3457
1.7829,0.0005,1.0568,1.9939,0.3457
1.3672,0.0005,0.7537,1.2476,0.3519
2.4579,0.0325,0.7639,2.4511,0.3481
1.0096,0.0007,0.8994,0.8584,0.3481
2.0659,0.0005,0.7724,2.3271,0.3570
1.1559,0.0005,0.7026,1.0309,0.3570
1.9022,0.0005,0.7499,2.0268,0.3454
1.2158,0.0004,0.6800,1.1133,0.3582
1.6210,0.0005,0.8214,1.6010,0.3582
2.0487,0.0005,0.6707,2.1597,0.3424
1.1572,0.0006,0.7620,0.9518,0.3424
1.6289,0.0003,0.8223,1.7754,0.3478
1.3620,0.0004,0.7683,1.2178,0.3611
1.2609,0.0004,0.8063,1.4283,0.3611
1.6046,0.0005,0.6269,1.5458,0.3599
1.8137,0.0004,0.7388,1.5276,0.3435
1.5387,0.0004,0.8710,1.6449,0.3493
1.5560,0.0005,0.6624,1.7307,0.3373
1.9935,0.0004,0.6155,1.9527,0.3498
1.4819,0.0004,0.7104,1.5646,0.3542
1.4879,0.0003,0.6410,1.4863,0.3320
1.4413,0.0005,0.6485,1.3590,0.3570
1.5434,0.0005,0.6813,1.5150,0.3598
1.4689,0.0004,0.7850,1.5367,0.5469
1.6797,0.0005,0.7048,1.6691,0.3531
1.6154,0.0007,0.6776,1.3339,0.3531
1.8198,0.0003,0.7753,2.0223,0.3435
1.1392,0.0003,0.7897,1.1415,0.3467
1.4412,0.0004,0.7626,1.3110,0.3467
1.7863,0.0008,0.8379,1.6426,0.3572
1.7750,0.0006,1.7177,1.9095,0.3572
1.4913,0.0005,0.9252,1.2328,0.3542
2.1044,0.0009,0.7183,2.3517,0.3504
1.5438,0.0008,0.9899,1.6222,0.3823
1.8536,0.0006,1.0695,1.8612,0.3516
1.5875,0.0003,0.8584,1.6482,0.3518
1.3514,0.0003,0.6936,1.4080,0.3518
1.4127,0.0003,0.6705,1.4010,0.3586
1.4251,0.0005,0.6772,1.2052,0.3531
1.7002,0.0006,0.7130,1.9035,0.3466
1.7544,0.0004,0.6717,1.5082,0.3336
1.8835,0.0005,0.6810,2.1080,0.3398
2.0926,0.0007,0.6155,1.5777,0.3775
1.0117,0.0005,1.2309,1.0218,0.3775
2.0645,0.0006,0.7789,2.5480,0.3436
1.5433,0.0005,0.6762,1.5498,0.3436
1.5667,0.0007,0.6057,1.5032,0.3393
1.1745,0.0004,0.6462,1.2556,0.3510
1.7953,0.0005,0.6083,1.7475,0.3407
1.7559,0.0003,0.7011,1.7520,0.3537
1.5539,0.0004,0.7055,1.4588,0.3350
1.1715,0.0005,0.7529,0.7811,0.3350
2.3666,0.0006,0.6060,2.5317,0.3519
1.2413,0.0008,0.9788,1.4163,0.3535
1.4498,0.0005,1.0536,1.4791,0.3535
1.6133,0.0005,0.9110,1.3329,0.3543
1.3243,0.0004,0.8739,1.6824,0.3483
2.1423,0.0004,0.7060,2.1120,0.3549
1.0730,0.0003,0.8067,1.1043,0.3549
1.3578,0.0004,0.6967,0.9912,0.3498
1.9546,0.0004,0.7411,2.3016,0.3605
1.6313,0.0005,0.7615,1.6034,0.3555
1.3871,0.0006,0.6452,1.3091,0.3555
1.8379,0.0005,0.7146,1.8631,0.3345
1.4832,0.0003,0.9245,1.3975,0.9255
1.7371,0.0006,0.7141,1.4150,0.3369
1.9959,0.0004,0.7791,2.4225,0.3468
1.2935,0.0006,0.8449,0.9903,0.3468
1.5824,0.0004,0.8675,1.5914,0.3399
1.3216,0.0004,0.6674,1.6192,0.3393
1.8811,0.0004,0.6130,1.8798,0.3484
1.6028,0.0004,0.5655,1.6005,0.3378
1.2956,0.0005,0.6029,1.1188,0.3464
1.6985,0.0004,0.7842,1.6801,0.3464
2.3685,0.0007,0.6482,2.4913,0.3647
1.2459,0.0004,0.7766,1.1985,0.3647
1.5697,0.0004,0.7787,1.4511,0.3445
2.2765,0.0005,0.6636,2.3596,0.3312
1.2827,0.0003,0.8263,1.3354,0.3312
1.7770,0.0004,0.7857,1.4035,0.3449
1.9783,0.0004,0.6558,1.9959,0.3323
1.4548,0.0005,0.7386,1.8254,0.3318
2.0060,0.0005,0.6932,1.9147,0.3436
1.2026,0.0007,0.9140,1.2574,0.3436
2.1135,0.0007,0.8209,1.9802,0.3847
1.7978,0.0005,0.9422,1.9278,0.3607
1.4758,0.0006,0.7767,1.4720,0.3607
1.5835,0.0007,0.7367,1.3869,0.3533
1.4852,0.0006,0.6845,1.5545,0.3603
1.4344,0.0005,0.6805,1.5630,0.3436
1.4783,0.0004,0.6653,1.4291,0.3473
1.8997,0.0005,0.7507,1.9043,0.3314
1.1397,0.0005,0.6975,1.1106,0.3505
1.2552,0.0005,0.7495,1.0611,0.3505
1.9043,0.0006,0.6637,1.9883,0.3464
1.7458,0.0004,0.7938,1.8917,0.3474
2.0371,0.0006,0.8195,1.7086,0.3350
1.9812,0.0005,0.9509,2.2079,0.3329
1.8227,0.0006,0.8134,1.8035,0.3329
1.9249,0.0006,0.8615,1.9322,0.3494
1.5665,0.0006,0.8035,1.5386,0.3342
1.9072,0.0004,0.7945,1.9164,0.3369
1.5382,0.0006,0.7605,1.5494,0.3531
1.6222,0.0006,0.7761,1.2826,0.5682
1.5579,0.0006,1.1801,1.3209,0.5682
2.2652,0.0006,1.0904,2.6570,0.3462
1.1214,0.0005,1.2345,1.0752,0.3462
1.3476,0.0004,1.0165,1.2651,0.3406
1.5517,0.0005,0.8087,1.7474,0.3519
2.0772,0.0008,0.7245,2.1832,0.3379
1.2918,0.0005,0.8999,1.3190,0.3501
1.6791,0.0004,0.8754,1.6600,0.3416
1.4505,0.0004,0.7283,1.4551,0.3508
1.5082,0.0008,0.6684,1.2478,0.3508
1.8437,0.0006,1.1150,1.8523,0.3595
2.4678,0.0009,1.4272,2.5684,0.3483
1.4999,0.0004,1.1691,1.5605,0.3483
2.3039,0.0006,1.0614,2.2179,0.3650
1.6796,0.0007,0.9505,1.6830,0.3650
1.9958,0.0006,0.9652,2.0305,0.3530
1.8978,0.0007,0.9333,1.9067,0.3518
1.7926,0.0005,0.9947,1.6458,0.3885
1.9708,0.0011,0.8605,1.8122,0.3467
2.1520,0.0006,1.1013,2.2851,0.3533
1.8204,0.0006,1.5444,1.8519,0.3643
2.0296,0.0007,1.0597,2.1788,0.3609
1.9104,0.0007,0.9347,1.9283,0.3545
1.4893,0.0005,0.7735,1.4848,0.3545
1.8471,0.0007,0.7129,1.7362,0.3481
1.7881,0.0006,0.9095,1.8256,0.3529
1.5924,0.0007,1.0169,1.6081,0.3529
1.8663,0.0006,0.9027,1.8235,0.3488
1.9378,0.0006,1.1579,1.9034,0.3685
1.6706,0.0005,1.0335,1.7336,0.3613
1.3207,0.0006,0.8462,1.0639,0.3613
2.5826,0.0005,0.8371,2.7606,0.3563
1.7006,0.0006,0.9311,1.7148,0.3413
1.4691,0.0006,0.9057,1.5272,0.3413
1.8921,0.0004,0.8043,1.5647,0.3432
1.7724,0.0004,0.7792,1.7198,0.3389
2.1241,0.0006,0.8789,2.4087,0.3389
1.3814,0.0005,1.0170,1.2727,0.3654
1.9830,0.0008,1.0540,2.1194,0.3808
1.7348,0.0005,0.9097,1.7508,0.3349
1.5548,0.0007,1.0509,1.4616,0.3349
1.5293,0.0006,0.7310,1.6346,0.3534
1.7021,0.0007,0.7114,1.6766,0.3364
1.4070,0.0005,0.8213,1.4054,0.3364
1.7330,0.0008,0.9993,1.7261,0.3448
1.7574,0.0006,0.7384,1.5636,0.3408
2.2648,0.0010,0.8454,2.2992,0.3469
1.7064,0.0006,1.1968,1.7724,0.3469
1.7325,0.0007,0.9514,1.6240,0.3622
1.8907,0.0007,0.8216,2.0643,0.3551
1.7068,0.0006,0.7562,1.4728,0.3450
1.4904,0.0007,0.9450,1.5510,0.3450
2.1938,0.0006,0.8211,2.3285,0.3521
1.5323,0.0006,0.8565,1.5365,0.3521
1.6204,0.0007,0.9858,1.5896,0.3451
1.7466,0.0007,1.1202,1.7219,0.3451
1.8201,0.0011,1.3562,1.7876,0.3542
2.0733,0.0005,0.9812,2.0628,0.3692
1.9001,0.0004,1.1608,1.9115,0.3692
1.5033,0.0008,1.1034,1.5188,0.3456
1.8240,0.0006,0.9336,1.8144,0.3452
1.6573,0.0006,0.9012,1.6410,0.3485
2.1273,0.0009,0.8739,1.9796,0.3412
1.4577,0.0007,1.0859,1.5745,0.3412
1.7983,0.0009,1.0035,1.7440,0.3371
2.2366,0.0008,1.0651,1.8100,0.3644
1.3806,0.0007,1.4904,1.6832,0.3796
1.3577,0.0005,1.1877,1.4105,0.3796
1.7386,0.0007,0.9779,1.7692,0.3460
1.5734,0.0007,1.0370,1.6554,0.3460
2.0865,0.0006,0.8533,2.0828,0.3440
1.6438,0.0006,0.7601,1.6276,0.3457
1.6583,0.0005,0.8144,1.6509,0.3457
2.0021,0.0004,0.7598,1.8917,0.3482
1.1916,0.0008,0.8194,1.2901,0.3482
1.7970,0.0007,0.7580,1.7281,0.5338
1.4148,0.0006,0.9196,1.4537,0.3565
1.8774,0.0006,1.0231,1.8532,0.3578
1.4974,0.0007,1.1042,1.4076,0.3335
1.7207,0.0005,1.0258,1.8195,0.3335
1.8555,0.0006,0.7314,1.8116,0.3353
1.3100,0.0005,0.9142,1.3608,0.3353
1.5137,0.0006,0.7469,1.5035,0.3518
1.6039,0.0006,0.6863,1.4240,0.3537
2.0263,0.0005,0.7103,1.9283,0.3445
2.0634,0.0008,0.9956,1.8919,0.3556
1.5376,0.0012,1.4949,1.8749,0.3829
1.9515,0.0008,1.2726,1.7980,0.3500
1.3092,0.0006,1.2882,1.4803,0.3520
1.6816,0.0007,0.8054,1.6858,0.3520
2.0877,0.0005,0.7955,1.8792,0.3403
1.6831,0.0004,0.9929,1.6533,0.3530
2.0617,0.0002,0.9065,2.1630,0.3595
1.4515,0.0004,0.8962,1.5608,0.3572
1.9159,0.0008,0.7470,1.8572,0.3436
1.5724,0.0007,0.8810,1.6044,0.3553
2.0526,0.0007,0.8934,2.0192,0.3580
1.3865,0.0008,0.9543,1.4353,0.3580
1.3235,0.0006,0.9288,1.1372,0.3513
2.0931,0.0008,0.7232,1.7225,0.3329
1.8176,0.0007,1.0328,2.3336,0.3329
1.7402,0.0006,0.9101,1.6793,0.3357
1.8044,0.0007,0.9150,1.8601,0.3519
1.7712,0.0009,0.7304,1.4947,0.3432
1.3924,0.0010,0.8553,1.5148,0.3311
2.2846,0.0007,1.2146,1.8537,0.3893
1.8046,0.0007,1.2543,2.2467,0.3525
1.6220,0.0008,0.9942,1.7194,0.3515
1.6362,0.0006,0.8503,1.3989,0.3515
1.6479,0.0007,0.9632,1.8296,0.3505
1.4689,0.0006,0.8457,1.3635,0.3439
1.8580,0.0005,1.0027,1.9901,0.3652
1.3966,0.0005,0.8248,1.3998,0.3381
1.6182,0.0007,0.7123,1.4308,0.3527
1.4268,0.0006,0.9242,1.4727,0.3527
2.0600,0.0005,1.1026,1.7906,0.3527
1.8951,0.0008,0.9950,2.2212,0.3528
1.7316,0.0005,0.9664,1.6983,0.3617
1.5096,0.0006,1.0995,1.2822,0.3617
1.8428,0.0005,0.8250,2.0513,0.3401
1.3778,0.0005,0.9205,1.2700,0.3401
2.0585,0.0009,0.6922,2.1625,0.3431
2.2260,0.0006,0.8795,2.0874,0.3410
1.4327,0.0005,1.0688,1.5529,0.3410
2.2646,0.0004,0.9823,2.1079,0.3533
1.7807,0.0004,1.1582,1.9456,0.3558
1.8611,0.0006,0.9722,1.6560,0.3406
1.6931,0.0011,1.1103,1.8143,0.3406
2.1968,0.0007,1.0970,2.0747,0.3389
1.3448,0.0005,1.2465,1.0129,0.3405
1.5579,0.0005,1.1213,2.0952,0.3405
2.3363,0.0005,0.7791,2.0174,0.3366
1.8153,0.0006,0.9049,2.0870,0.3366
1.9946,0.0006,0.8983,1.7536,0.3634
1.6738,0.0007,1.2455,1.9050,0.3720
1.5645,0.0006,0.9010,1.5726,0.3720
1.5338,0.0006,0.8683,1.3979,0.3448
1.8019,0.0006,0.8194,1.8568,0.3512
1.6295,0.0006,0.7676,1.6800,0.3536
1.6631,0.0006,0.8494,1.5413,0.3376
2.2183,0.0006,0.8304,2.3367,0.3626
1.8255,0.0007,0.7634,1.8155,0.3477
1.3939,0.0007,1.0405,0.9859,0.3593
2.1813,0.0009,1.3902,2.4983,0.3914
1.6780,0.0005,1.2167,1.7518,0.3340
1.3410,0.0005,0.8109,1.3623,0.3322
1.4223,0.0006,0.6700,1.3430,0.3625
1.2706,0.0003,0.7493,1.1658,0.3625
1.5285,0.0004,0.7009,1.5923,0.3537
1.5874,0.0004,0.7256,1.3699,0.3403
1.5194,0.0005,0.7174,1.7832,0.3324
1.8654,0.0004,0.7011,1.3678,0.3474
2.0275,0.0006,0.8029,2.2047,0.3349
2.2610,0.0006,1.6163,2.5129,0.3722
1.3557,0.0005,1.0170,1.4294,0.3504
1.5669,0.0003,0.8209,1.2278,0.3504
1.7629,0.0004,0.8151,2.0477,0.3549
1.7196,0.0004,0.8059,1.7672,0.3302
1.5989,0.0004,0.6996,1.6199,0.3500
1.5334,0.0005,0.6541,1.5106,0.3500
1.5185,0.0003,0.7768,1.1711,0.3508
1.8429,0.0005,0.7891,2.0598,0.3480
1.9078,0.0009,0.8313,1.7522,0.3377
1.8330,0.0008,1.1924,1.7696,0.3679
1.7097,0.0005,1.1095,1.7471,0.3679
2.0116,0.0006,0.9076,1.7598,0.3416
1.9711,0.0007,1.0566,2.3646,0.3383
1.4060,0.0006,0.9822,1.4823,0.3383
1.8471,0.0006,0.7328,1.5803,0.3466
1.9647,0.0004,0.9663,2.0708,0.3321
1.6272,0.0005,0.9209,1.6833,0.3569
1.8248,0.0007,0.9186,1.7646,0.3662
1.5406,0.0008,1.0794,1.5958,0.3650
1.3283,0.0006,0.9946,1.2951,0.3650
2.0329,0.0006,0.9218,2.0606,0.3611
1.5712,0.0006,0.9376,1.5967,0.3611
1.9956,0.0005,0.7967,2.0075,0.3535
1.3490,0.0005,0.8280,1.3512,0.3535
2.1157,0.0005,0.7659,2.0238,0.3352
1.4994,0.0007,0.8842,1.3973,0.3373
1.5830,0.0006,0.9994,1.4703,0.3373
2.8129,0.0012,0.7987,2.6239,0.3806
1.1541,0.0009,1.4656,1.3070,0.3806
2.0822,0.0010,1.1161,2.2277,0.3589
1.3660,0.0008,1.2201,1.5025,0.3414
1.4788,0.0006,0.7711,1.4860,0.3414
1.5143,0.0005,0.7636,1.4675,0.3609
2.0517,0.0007,0.7393,2.0708,0.3506
1.3952,0.0005,0.7855,1.0942,0.3506
2.1049,0.0008,0.8845,2.3369,0.3405
1.2882,0.0006,0.8778,1.2951,0.3405
2.1315,0.0005,0.7807,1.9012,0.3572
2.3207,0.0007,1.1234,2.4782,0.3801
1.8802,0.0006,1.2229,1.9632,0.3516
1.5312,0.0007,1.0693,1.5486,0.3476
1.7789,0.0007,0.9766,1.7622,0.3476
1.7968,0.0008,0.8949,1.7734,0.3478
1.7644,0.0006,0.9320,1.7767,0.3427
1.6412,0.0005,0.7610,1.6482,0.3427
1.6356,0.0005,0.7372,1.6251,0.3603
1.6675,0.0006,0.7972,1.4136,0.3520
2.4850,0.0008,1.1598,2.5306,0.3874
1.1458,0.0004,1.1245,1.2883,0.3874
1.9368,0.0003,1.0037,1.8764,0.3512
1.8990,0.0005,0.7766,1.9747,0.3440
1.7726,0.0007,0.8359,1.5755,0.3333
1.9427,0.0007,1.0106,2.0563,0.3308
2.1333,0.0008,1.0481,2.1138,0.3427
2.1180,0.0011,1.0109,2.0788,0.3427
1.6535,0.0009,1.1377,1.6794,0.3557
1.9670,0.0007,1.0502,1.8694,0.3838
1.7646,0.0008,1.1003,1.9211,0.3458
1.8668,0.0006,0.8239,1.7976,0.3331
2.1762,0.0070,0.9221,2.1370,0.3763
1.6492,0.0008,1.0435,1.0907,0.3763
2.4251,0.0005,0.9880,2.9895,0.3459
2.3241,0.0008,0.9141,2.3207,0.3402
2.0849,0.0009,1.0094,2.0090,0.3402
1.8657,0.0009,1.1888,1.8053,0.4050
1.3675,0.0006,1.2271,1.5265,0.4050
1.7654,0.0006,1.1715,1.7718,0.3636
1.9695,0.0009,0.9663,1.8022,0.3554
1.9479,0.0012,0.9709,2.0438,0.3571
1.5673,0.0008,1.0058,1.5851,0.3571
2.0996,0.0006,0.8858,1.8434,0.3625
2.1977,0.0006,1.2024,2.3831,0.3352
2.1274,0.0008,1.2377,2.0684,0.3688
1.7802,0.0008,1.1575,1.8599,0.3688
2.1319,0.0008,1.3910,2.0717,0.3469
2.1856,0.0007,1.0324,1.5822,0.3469
1.6713,0.0008,1.5929,2.2968,0.3543
1.9083,0.0007,1.0198,1.8674,0.3536
1.8451,0.0008,1.1413,1.8041,0.3495
1.6621,0.0008,1.2326,1.5106,0.3495
2.2436,0.0008,1.1693,2.3091,0.3380
2.0288,0.0011,1.1452,2.0557,0.3413
1.8843,0.0009,1.2157,1.8236,0.3669
2.0417,0.0009,1.1943,2.0484,0.3669
2.3075,0.0006,1.1125,2.3016,0.3394
1.8822,0.0011,1.1129,2.0250,0.3332
1.8701,0.0004,0.9447,1.8657,0.3332
2.0357,0.0006,0.9052,1.9395,0.3684
1.8405,0.0007,1.0272,1.7567,0.3385
1.4472,0.0007,1.0797,1.5530,0.3385
2.0102,0.0006,1.0390,1.9875,0.3686
1.9738,0.0009,1.0404,1.9756,0.3471
2.0892,0.0005,1.2171,1.5670,0.3471
2.2831,0.0007,1.1979,2.8273,0.3468
1.7355,0.0005,0.9570,1.7543,0.3432
1.7555,0.0005,0.8533,1.7814,0.3426
1.6068,0.0004,0.8315,1.6075,0.3426
1.7259,0.0008,0.8006,1.1978,0.3443
1.7016,0.0008,1.1299,1.9529,0.3327
2.8567,0.0009,1.2567,2.7833,0.3680
1.7273,0.0008,1.4089,1.9536,0.3573
1.6638,0.0005,1.1949,1.6903,0.3573
2.1858,0.0014,0.9347,2.1570,0.3375
1.8548,0.0006,0.9451,1.8749,0.3372
1.9109,0.0006,0.9322,1.8953,0.3465
1.2919,0.0004,0.9798,1.2560,0.3465
2.0342,0.0004,0.8825,1.9368,0.3554
2.3402,0.0013,1.0933,2.2202,0.3433
2.2384,0.0007,1.2501,2.4176,0.3653
1.5412,0.0006,1.0797,1.4966,0.3653
2.0042,0.0006,0.9676,1.8443,0.3500
1.6795,0.0007,1.1052,1.9080,0.3581
1.8343,0.0006,1.2290,1.7244,0.3384
1.2034,0.0005,1.1361,1.3245,0.3384
2.0073,0.0006,0.8287,1.8291,0.3435
2.0032,0.0006,0.9108,2.1183,0.3503
1.8626,0.0008,0.9527,1.7302,0.3503
2.4102,0.0007,1.0905,2.5178,0.3650
1.5727,0.0008,0.9772,1.5605,0.3650
1.7680,0.0007,0.9650,1.6820,0.3515
1.3470,0.0009,1.1973,1.3753,0.3631
1.8704,0.0006,1.1472,1.9416,0.3408
1.4251,0.0006,1.0821,1.3562,0.3290
2.1018,0.0008,0.9794,2.0602,0.3485
1.1740,0.0006,1.0478,1.2030,0.3677
1.3307,0.0006,0.8862,1.3366,0.3677
2.5773,0.0008,0.8982,2.5730,0.3704
1.7157,0.0005,1.1055,1.7572,0.3570
1.7661,0.0006,1.1006,1.8033,0.3532
1.7823,0.0004,0.9872,1.7483,0.3475
1.7026,0.0005,0.9372,1.6900,0.3571
1.8280,0.0006,0.8052,1.8216,0.3356
1.8048,0.0006,0.8870,1.6423,0.3356
1.7709,0.0006,1.1578,1.9057,0.3329
2.0388,0.0010,0.9494,1.9055,0.3485
1.5781,0.0009,1.0671,1.4978,0.3485
2.4171,0.0008,1.3601,2.5469,0.3448
1.6065,0.0007,1.1560,1.6207,0.3468
1.3571,0.0007,0.9832,1.0220,0.3468
1.8382,0.0007,0.9551,2.0329,0.3536
1.8889,0.0009,0.8754,1.7515,0.3314
2.2502,0.0006,0.9362,2.5050,0.3382
1.2478,0.0008,1.1704,1.1301,0.3382
1.7842,0.0007,1.0803,1.7092,0.3601
2.2271,0.0008,0.9478,2.3633,0.3734
1.7456,0.0011,1.0445,1.8090,0.3734
2.1354,0.0004,0.8893,2.1198,0.3451
1.4735,0.0004,0.8725,1.4660,0.3451
2.0861,0.0006,0.7950,2.0341,0.3351
1.9261,0.0007,0.8653,1.9525,0.3420
1.9172,0.0007,0.9034,1.8329,0.3320
1.5983,0.0008,0.9843,1.5537,0.3320
1.9504,0.0008,1.0975,2.0230,0.3540
2.1651,0.0007,0.9628,2.1614,0.3535
1.7266,0.0006,1.0416,1.6173,0.3605
2.0596,0.0006,1.1032,2.0791,0.3605
1.8619,0.0007,1.1976,1.9680,0.3334
1.8415,0.0008,0.8688,1.6450,0.3382
2.1206,0.0006,0.9367,2.1760,0.3589
1.5460,0.0007,1.0197,1.6745,0.3448
1.9531,0.0008,0.8737,1.9004,0.3514
1.5294,0.0005,1.0293,1.5282,0.3514
2.0449,0.0007,1.2919,2.0318,0.3490
1.9501,0.0004,1.1841,2.0041,0.3643
2.0693,0.0006,1.0128,1.9609,0.3531
1.7028,0.0006,1.0376,1.7962,0.3531
1.9586,0.0009,0.8053,1.9346,0.3462
1.7550,0.0009,0.8292,1.6467,0.3533
1.5715,0.0007,0.9144,1.4246,0.3533
1.9260,0.0005,1.0130,2.1616,0.3430
1.8455,0.0006,0.8744,1.7687,0.3430
2.3292,0.0007,1.1049,2.2360,0.3820
1.4471,0.0005,1.5193,1.3018,0.3820
2.1418,0.0007,1.0991,2.4173,0.3626
1.3851,0.0005,0.9101,1.4269,0.3626
1.8833,0.0005,0.7417,1.8646,0.3527
1.3101,0.0006,0.8122,1.1171,0.3501
2.4907,0.0006,1.1456,2.4430,0.3459
1.3616,0.0004,1.2750,1.5458,0.3600
1.2137,0.0004,0.8030,1.2736,0.3600
1.5278,0.0005,0.6725,1.0888,0.3644
2.0711,0.0005,1.0924,2.4313,0.3602
1.9952,0.0007,1.2388,1.8861,0.3611
1.1712,0.0005,0.9548,0.9854,0.3611
2.0546,0.0005,0.7626,2.3240,0.3499
1.8666,0.0010,0.8177,1.8591,0.3531
1.8018,0.0005,0.9229,1.5710,0.3531
2.2970,0.0004,0.9852,2.5273,0.3445
1.5888,0.0004,0.9556,1.6138,0.3445
1.8544,0.0009,0.8277,1.5586,0.3302
2.2497,0.0008,1.0684,2.4348,0.3665
1.5253,0.0006,1.0922,1.5381,0.3552
1.3319,0.0007,0.9815,1.2734,0.3552
1.8364,0.0008,1.0353,1.5641,0.3435
1.7886,0.0009,0.9166,2.1394,0.3348
1.9954,0.0006,0.8998,1.8696,0.3602
1.8673,0.0007,1.0215,1.9847,0.3457
1.6864,0.0006,1.1947,1.6977,0.3607
1.9243,0.0009,1.0725,1.8436,0.3643
1.7391,0.0010,1.1615,1.7465,0.3480
1.4197,0.0011,1.0319,1.4432,0.3480
1.3634,0.0007,0.9539,1.3862,0.3484
1.9380,0.0006,0.8340,1.8943,0.3552
1.7050,0.0006,0.8746,1.7183,0.3338
1.9868,0.0005,0.8851,1.9597,0.3468
1.4376,0.0006,0.9013,1.4885,0.3468
1.9172,0.0009,0.7946,1.6238,0.3448
2.0600,0.0007,0.8368,1.9206,0.3448
2.1714,0.0008,1.0086,2.2852,0.3557
1.4241,0.0008,1.2807,1.6713,0.3906
1.8450,0.0007,0.9894,1.8527,0.3906
1.8261,0.0007,0.9641,1.4430,0.3408
1.8016,0.0008,0.8400,1.9120,0.3424
2.2486,0.0006,0.9935,2.4348,0.3464
1.5146,0.0006,1.1276,1.3986,0.3460
1.6394,0.0007,1.0335,1.7834,0.3458
1.6546,0.0008,1.0426,1.6899,0.3458
2.4879,0.0009,0.8183,2.2690,0.3449
1.6248,0.0008,1.1547,1.6837,0.3449
2.0105,0.0007,1.2040,2.1192,0.3496
1.9413,0.0006,1.0100,1.7711,0.3444
2.1822,0.0006,1.1911,2.2523,0.3617
1.5464,0.0006,1.0835,1.4313,0.3512
1.8478,0.0007,1.0868,1.3097,0.3453
2.0874,0.0005,1.0272,2.8270,0.3405
2.2411,0.0007,0.8047,2.1736,0.3408
1.4048,0.0006,0.9091,1.2056,0.3408
2.0474,0.0006,1.0443,2.0857,0.3683
1.8121,0.0006,1.2475,1.9560,0.3459
2.2568,0.0007,1.1525,2.1711,0.3437
1.3808,0.0005,1.2752,1.1058,0.3569
1.8216,0.0007,1.2712,2.1190,0.3461
1.5028,0.0006,0.9149,1.2978,0.3461
1.9422,0.0007,0.9157,2.1715,0.3427
1.9796,0.0003,0.8951,1.8580,0.3427
1.7891,0.0006,1.2243,1.9425,0.3699
1.5003,0.0005,0.8278,1.5447,0.3699
1.7018,0.0005,0.7459,1.6722,0.3468
1.6918,0.0004,0.8361,1.5979,0.3468
1.6768,0.0005,0.9216,1.4726,0.3456
1.9046,0.0006,0.9130,2.1632,0.3508
1.4434,0.0005,0.9067,1.4013,0.3508
1.5200,0.0004,0.8333,1.1710,0.3448
1.8233,0.0006,0.8335,2.2202,0.3542
1.7919,0.0008,0.7366,1.6322,0.3541
1.5603,0.0008,0.9215,1.6598,0.3541
2.0087,0.0006,1.1625,2.0334,0.3494
1.2608,0.0006,1.0110,1.2646,0.3494
2.2780,0.0007,0.7761,2.2352,0.3424
1.4871,0.0005,0.8962,1.3738,0.3424
2.0416,0.0005,0.9614,2.1872,0.3370
1.9713,0.0006,0.7554,1.9663,0.3391
1.6537,0.0005,0.7302,1.2562,0.3528
2.1579,0.0007,0.9006,2.4819,0.3582
1.5129,0.0005,0.9441,1.5262,0.3582
1.6923,0.0005,0.8890,1.2298,0.3598
2.2530,0.0008,0.8819,2.6720,0.3353
1.9347,0.0008,1.0581,1.9478,0.3510
1.8061,0.0004,1.0446,1.6093,0.3417
2.2347,0.0008,0.9316,2.3374,0.3488
1.2269,0.0006,0.9149,1.3165,0.3488
1.8224,0.0005,0.7411,1.8437,0.3397
1.8940,0.0008,0.7692,1.5861,0.3461
2.6150,0.0008,0.7618,2.4388,0.3737
1.2258,0.0004,1.4409,1.5636,0.3737
2.2907,0.0005,1.0517,2.2895,0.3427
1.9173,0.0009,0.9192,1.8817,0.3427
1.5417,0.0007,1.0755,1.5998,0.3516
1.8539,0.0007,0.9854,1.7538,0.3452
2.1398,0.0006,1.0727,2.1725,0.3449
1.7572,0.0008,1.0208,1.7360,0.3456
1.5370,0.0008,1.0091,1.5785,0.3407
1.8267,0.0007,1.1829,1.8194,0.3407
1.6668,0.0004,1.3636,1.3599,0.5796
2.1022,0.0006,1.2929,2.3148,0.3442
1.7507,0.0007,1.1435,1.8836,0.3468
1.9316,0.0006,0.9088,1.7810,0.3468
1.2461,0.0005,1.0349,1.2897,0.3428
2.0711,0.0007,0.8312,2.0950,0.3308
1.8987,0.0007,0.9005,1.9413,0.3510
2.0182,0.0007,0.8879,1.7825,0.3488
1.5978,0.0013,1.1478,1.6458,0.3488
1.6714,0.0007,1.3451,1.4881,0.3887
2.2245,0.0007,1.3026,2.4780,0.3337
1.4164,0.0004,1.0562,1.3505,0.3337
1.6787,0.0006,1.2633,1.4680,0.3434
1.8237,0.0004,1.0570,1.9274,0.3434
1.8367,0.0005,0.9235,2.0658,0.3333
1.5320,0.0007,0.8548,1.4969,0.3462
1.6564,0.0006,1.0706,1.5808,0.3320
2.2460,0.0009,1.1441,2.2291,0.3674
2.0572,0.0010,1.1361,2.0726,0.3612
1.7323,0.0006,1.2007,1.5334,0.3612
2.2313,0.0188,1.0442,2.1251,0.3383
1.7995,0.0007,1.3716,2.0066,0.3383
1.7050,0.0009,1.5306,1.5135,0.3467
2.2915,0.0005,1.0602,2.5516,0.3378
1.8228,0.0009,1.0502,1.7315,0.3469
1.8396,0.0009,1.2203,1.7210,0.3469
2.1769,0.0010,1.4851,2.3379,0.3457
1.9981,0.0006,1.2695,2.0304,0.3964
1.7343,0.0011,1.1216,1.4708,0.3460
1.7066,0.0008,1.2209,1.9933,0.3460
2.1259,0.0007,1.0930,1.9902,0.3418
2.0993,0.0007,1.1240,2.2030,0.3492
1.4761,0.0006,0.9807,1.5068,0.3492
1.9987,0.0007,0.8758,1.7682,0.3392
2.1082,0.0008,1.2091,2.2582,0.3396
2.1462,0.0010,1.1870,2.1169,0.3451
1.9486,0.0005,1.1017,1.9876,0.3425
2.0487,0.0008,1.0497,2.0061,0.3681
1.4213,0.0008,1.0528,1.4488,0.3392
1.9751,0.0006,1.2923,1.9697,0.3392
1.9148,0.0007,1.0049,1.6795,0.3622
1.4961,0.0005,0.9423,1.5685,0.3340
2.2880,0.0007,0.9695,2.3491,0.3540
1.2878,0.0007,1.2507,1.3964,0.3540
2.3554,0.0008,1.1498,1.5152,0.3575
1.9889,0.0007,1.5903,2.7310,0.3564
1.9966,0.0006,1.1482,2.0358,0.3416
1.8500,0.0006,1.0537,1.5189,0.3416
2.2131,0.0007,1.2439,2.5096,0.3388
1.8705,0.0007,1.1723,1.8749,0.3570
2.1772,0.0005,1.0578,2.0356,0.3445
1.6608,0.0007,1.4344,1.7328,0.3445
1.6648,0.0009,1.1747,1.6843,0.3557
1.8548,0.0006,0.9844,1.7103,0.5279
2.3505,0.0008,1.5208,2.5009,0.3520
1.4508,0.0004,1.1086,1.3477,0.3520
1.9869,0.0007,1.0289,2.1002,0.3550
1.6580,0.0006,1.0670,1.5250,0.3550
2.3051,0.0006,1.1363,2.4070,0.3338
1.7173,0.0007,1.5801,1.7311,0.3597
2.1246,0.0011,1.4982,2.0468,0.3450
1.9996,0.0008,1.3162,1.9840,0.3450
1.9142,0.0007,1.1724,1.9676,0.3556
1.6520,0.0007,0.9644,1.6821,0.3719
1.8765,0.0006,0.8486,1.7867,0.3501
1.8823,0.0008,0.8911,1.8512,0.3416
2.1067,0.0006,1.1068,2.1823,0.3386
1.2349,0.0006,1.1751,1.2246,0.3386
1.4406,0.0005,1.0313,1.3682,0.3376
1.8496,0.0006,1.0341,1.5568,0.3461
1.7784,0.0007,0.9874,2.1349,0.3531
1.5947,0.0007,0.9456,1.2195,0.3947
2.2274,0.0005,0.9616,2.6270,0.3361
1.2955,0.0004,0.8952,1.1985,0.3361
2.1069,0.0007,0.7404,2.0579,0.3314
1.8276,0.0006,1.0645,1.8042,0.3604
1.8646,0.0006,1.2506,1.8518,0.3375
1.7673,0.0005,1.0775,1.9020,0.3594
1.5986,0.0007,0.8586,1.4301,0.3594
2.1194,0.0008,0.8841,2.1504,0.3437
1.6811,0.0007,1.2577,1.6392,0.3437
2.2138,0.0007,1.3627,2.2243,0.3464
1.9184,0.0005,1.1946,1.8797,0.3379
2.0959,0.0004,1.0555,2.2514,0.3441
1.6298,0.0004,0.8830,1.6507,0.3375
1.8395,0.0005,0.8584,1.6753,0.3476
1.7848,0.0005,1.1546,1.9565,0.3544
1.4848,0.0005,0.9045,1.4634,0.3544
2.3254,0.0007,0.8720,2.1998,0.3740
1.4174,0.0007,1.1912,1.5373,0.3740
1.7558,0.0004,0.8493,1.7519,0.5282
1.9078,0.0003,0.6862,1.7875,0.3390
1.4526,0.0004,0.8148,1.5622,0.3355
1.6881,0.0004,0.8795,1.6862,0.3355
1.6123,0.0005,0.8877,1.6115,0.3453
1.5037,0.0006,0.8860,1.5039,0.3453
2.0081,0.0006,0.7817,1.7804,0.3505
1.2771,0.0006,0.9729,1.4778,0.3505
1.5982,0.0005,0.9431,1.4630,0.3466
1.8127,0.0006,1.1643,1.5296,0.3539
1.6846,0.0008,1.1398,2.0667,0.3562
1.5952,0.0004,0.8408,1.5997,0.3562
1.6979,0.0004,0.9619,1.5773,0.3465
2.0477,0.0003,0.8248,2.1011,0.3401
1.6696,0.0005,0.9205,1.6403,0.3420
1.9308,0.0005,0.8836,1.9842,0.3480
2.0393,0.0005,0.8006,1.9885,0.3540
1.4277,0.0007,1.1008,1.4463,0.3540
1.9225,0.0007,1.0721,1.8876,0.3663
1.9210,0.0008,0.9018,1.7695,0.3686
1.2916,0.0006,1.1242,1.4236,0.3408
1.7865,0.0005,0.9774,1.7742,0.3466
1.4328,0.0006,0.7981,1.5034,0.3466
1.7884,0.0007,0.7160,1.7688,0.3385
1.3377,0.0004,0.7480,1.0174,0.3396
2.1813,0.0004,0.7562,2.4759,0.3476
1.5678,0.0005,0.7898,1.5931,0.3494
1.5753,0.0005,0.6316,1.4872,0.3456
2.2257,0.0006,0.7406,1.6492,0.3778
1.6941,0.0004,1.2143,2.2497,0.3532
1.4423,0.0005,0.9756,1.2309,0.3532
1.6807,0.0005,0.7486,1.9519,0.3436
1.7386,0.0004,0.7223,1.6242,0.3426
1.7301,0.0005,1.0359,1.7787,0.3426
1.7763,0.0005,0.8785,1.8001,0.3397
1.8953,0.0005,0.8060,1.8978,0.3354
1.5323,0.0004,0.8019,1.1509,0.3372
2.0985,0.0008,1.0537,2.4028,0.3455
1.9639,0.0004,0.8869,1.9941,0.3824
1.7278,0.0005,0.8626,1.4262,0.3418
2.1057,0.0005,0.9341,2.3934,0.3495
1.4109,0.0003,0.9317,1.4072,0.3495
1.5648,0.0005,0.8056,1.5986,0.3395
1.6654,0.0005,0.8406,1.6313,0.3461
1.5522,0.0005,0.8498,1.5635,0.3439
1.6673,0.0007,0.7401,1.4484,0.3504
1.7739,0.0011,0.8942,1.6316,0.3542
2.2666,0.0009,1.1723,2.4838,0.3508
1.8783,0.0007,1.1674,1.9321,0.3408
1.4642,0.0006,0.9375,1.5119,0.3408
1.5555,0.0006,0.7506,1.5492,0.3420
2.1803,0.0009,0.6810,2.1476,0.3452
1.8989,0.0007,0.8215,1.8736,0.3383
1.6495,0.0005,0.7975,1.6567,0.3443
1.4501,0.0007,0.8382,1.4764,0.3559
2.0845,0.0005,0.8667,1.9650,0.3493
1.5385,0.0007,0.8721,1.1029,0.3623
1.4104,0.0005,1.6258,1.7057,0.3622
2.0519,0.0005,1.3322,2.1060,0.3500
1.1032,0.0005,1.0679,0.9646,0.3419
1.5161,0.0004,1.0089,1.8208,0.3413
1.2773,0.0005,0.7066,0.9675,0.3413
1.7743,0.0004,0.6859,1.9470,0.3493
2.3244,0.0005,0.7974,2.4085,0.3409
1.4815,0.0007,0.8857,1.4833,0.3488
1.3277,0.0006,0.8474,1.0951,0.3488
2.0135,0.0008,1.1102,2.0487,0.3521
1.6492,0.0006,1.0213,1.7147,0.3521
1.5548,0.0006,0.9880,1.5812,0.3789
2.0127,0.0007,0.8519,2.0785,0.3523
1.8031,0.0009,0.7990,1.8070,0.3416
1.5187,0.0005,0.7732,1.4180,0.3480
1.4950,0.0005,0.8598,1.2332,0.3480
1.9010,0.0009,0.7770,2.1526,0.3409
2.3585,0.0008,0.8197,2.2441,0.3449
1.2740,0.0007,1.1237,1.4382,0.3449
2.2203,0.0006,0.8944,2.1037,0.3617
1.4203,0.0006,1.3834,1.3651,0.3439
1.5468,0.0006,1.2035,1.6499,0.3439
1.8553,0.0005,0.9243,1.8462,0.3333
1.7669,0.0004,0.9319,1.6950,0.3466
1.9940,0.0003,0.8878,2.0177,0.3463
1.5735,0.0005,0.9110,1.6302,0.3463
1.8349,0.0003,0.8085,1.8221,0.3390
1.8535,0.0004,0.6919,1.9241,0.3264
1.8577,0.0009,0.6872,1.6641,0.4076
1.4449,0.0005,0.9824,1.5825,0.4076
1.7892,0.0007,1.2294,1.6084,0.3487
1.6975,0.0008,0.9094,1.4808,0.3557
1.7343,0.0006,0.9505,1.7248,0.3484
1.4048,0.0005,0.9707,1.6312,0.3484
1.6370,0.0006,0.8274,1.7442,0.3558
2.0215,0.0006,0.9776,1.8529,0.3299
1.4339,0.0005,1.0907,1.4351,0.3299
1.2734,0.0005,1.2707,1.4313,0.3495
1.3688,0.0005,0.8166,1.2434,0.3495
1.7337,0.0007,0.8276,1.6046,0.3846
1.3774,0.0004,0.9332,1.6637,0.3448
2.0931,0.0006,0.7654,2.0321,0.3449
1.6581,0.0006,0.8804,1.6813,0.3599
1.4480,0.0007,0.9912,1.4086,0.3303
1.5188,0.0005,0.8196,1.5934,0.3420
1.6543,0.0006,0.7318,1.5951,0.3420
2.2288,0.0005,1.0054,2.1870,0.3433
1.4251,0.0004,0.8516,1.3261,0.3433
2.1106,0.0007,0.9835,2.1216,0.3560
1.4909,0.0006,1.1322,1.1969,0.3560
1.9811,0.0007,1.3120,2.1349,0.3676
2.2118,0.0007,0.9654,2.3266,0.3517
1.2482,0.0006,1.1234,1.1637,0.3517
1.9579,0.0007,0.7210,2.1803,0.3418
1.3438,0.0007,0.8691,1.0650,0.3418
1.5772,0.0006,0.8706,1.6245,0.3529
2.4104,0.0008,0.7968,2.4700,0.3416
0.7548,0.0005,1.0573,0.9383,0.3416
1.7964,0.0006,0.6912,1.6082,0.3448
1.9287,0.0007,0.8999,1.8202,0.5578
1.6423,0.0006,0.9501,1.8039,0.3697
1.9793,0.0005,0.8374,2.0806,0.3465
1.9144,0.0007,0.8482,1.7800,0.3577
1.8273,0.0006,1.2406,1.7909,0.3473
1.4794,0.0005,1.2264,1.5265,0.3604
1.0972,0.0004,0.8463,1.1985,0.3412
1.6740,0.0005,0.7147,1.3656,0.3412
2.1762,0.0006,0.8163,2.2475,0.3514
1.6965,0.0006,1.2517,1.1030,0.3514
1.8894,0.0005,1.5308,2.5629,0.3461
1.6427,0.0005,1.0887,1.7085,0.3317
1.7449,0.0004,0.8419,1.6970,0.3500
1.1958,0.0004,0.7685,0.9599,0.3500
1.8175,0.0005,0.9153,1.7136,0.3415
1.8162,0.0008,0.8370,1.9683,0.3447
1.2278,0.0005,1.0076,1.0360,0.3447
15.5622,0.0009,15.0692,1.9829,0.3622
1.4368,0.0004,1.3528,2.0295,0.3622
1.5177,0.0004,1.1808,1.4906,0.3622
1.6729,0.0006,0.8342,1.5704,0.3573
2.4619,0.0006,0.9760,2.5880,0.3483
1.1532,0.0007,0.9997,1.1109,0.3483
1.9200,0.0007,0.9449,1.9364,0.3532
1.4873,0.0007,1.2398,1.4594,0.3569
1.5970,0.0006,1.3294,1.5504,0.3447
2.1705,0.0005,0.9186,2.2479,0.3495
1.8866,0.0006,0.8859,1.8281,0.3464
1.8621,0.0007,0.9827,1.9375,0.3559
1.7971,0.0004,0.8676,1.5837,0.3559
1.3058,0.0007,1.0882,1.3369,0.3454
2.1661,0.0005,1.0702,2.2019,0.4027
1.5836,0.0007,1.0107,1.7876,0.3707
1.6911,0.0006,0.7957,1.7041,0.3707
1.7104,0.0007,0.6803,1.6236,0.3410
1.7106,0.0010,0.7683,1.4642,0.3375
1.9602,0.0009,0.8151,2.2423,0.3408
1.8273,0.0004,0.8439,1.6455,0.3340
1.9297,0.0005,1.0186,2.1159,0.3386
2.2691,0.0008,0.8578,1.9246,0.3354
1.2418,0.0010,1.2751,1.4658,0.3354
1.9284,0.0006,1.1267,1.6744,0.3752
1.7593,0.0005,1.0934,2.0175,0.3469
2.0761,0.0007,1.0425,2.0109,0.3717
1.4034,0.0006,1.2873,1.3536,0.3557
1.6607,0.0005,1.1277,1.8153,0.3557
2.0316,0.0006,0.9315,2.0475,0.3629
1.2022,0.0004,0.8857,0.9570,0.3629
2.1223,0.0004,0.7106,2.3606,0.3413
1.6151,0.0004,0.8114,1.5533,0.3413
1.9150,0.0007,0.8922,1.7083,0.5312
2.1857,0.0007,0.8680,2.3942,0.3401
1.5176,0.0007,0.8124,1.4059,0.3471
1.9017,0.0008,0.8977,2.0440,0.3503
1.6354,0.0006,0.6796,1.5738,0.3503
1.7182,0.0008,0.8314,1.7417,0.3382
1.6780,0.0005,0.8053,1.6927,0.3472
1.8415,0.0007,0.7840,1.8145,0.3472
2.0123,0.0006,0.9627,1.8571,0.3466
1.8632,0.0007,1.3375,1.9456,0.4012
1.6662,0.0004,0.9922,1.7456,0.4012
1.7743,0.0005,0.7521,1.6968,0.3359
1.2064,0.0005,0.8117,1.2215,0.3359
1.9124,0.0005,0.7623,1.9496,0.3471
1.7067,0.0007,0.7887,1.6281,0.3290
2.0541,0.0005,0.7896,1.9206,0.3494
1.6646,0.0006,1.0736,1.8428,0.3464
1.9602,0.0006,0.8043,1.9329,0.3464
1.4347,0.0006,0.8386,1.1838,0.3679
2.1704,0.0006,0.9448,2.3250,0.3408
1.9068,0.0005,0.9341,1.9371,0.3441
1.7957,0.0005,0.8425,1.8839,0.3378
1.3955,0.0003,0.6883,1.3048,0.3378
1.9398,0.0007,0.8809,1.5559,0.3513
1.8515,0.0007,0.7840,2.2438,0.3346
1.0610,0.0006,0.9186,1.1065,0.3445
2.2034,0.0005,0.7121,2.1888,0.3535
1.6775,0.0006,0.7055,1.6356,0.3714
2.1060,0.0006,0.8167,2.0904,0.3586
1.4844,0.0003,0.9289,1.2523,0.3586
1.9641,0.0007,0.8123,1.8418,0.3367
1.9705,0.0004,0.8639,2.3424,0.3367
1.5124,0.0005,0.7389,1.5576,0.3551
1.9513,0.0005,0.6524,1.8735,0.3387
2.1487,0.0005,0.7849,2.1358,0.3499
1.3637,0.0004,1.0534,1.2735,0.3442
2.2426,0.0006,1.0454,2.2995,0.3495
1.4789,0.0005,0.8322,1.4917,0.3495
1.5850,0.0005,0.9260,1.4968,0.3657
2.0111,0.0006,0.9215,1.9516,0.3657
1.9369,0.0005,0.9054,1.9713,0.3485
1.4087,0.0008,0.9137,1.5515,0.3454
1.7381,0.0006,0.7765,1.6137,0.3386
1.6930,0.0006,1.0697,1.6121,0.3386
1.6410,0.0005,0.8269,1.5334,0.3445
1.6067,0.0006,0.8807,1.8151,0.3443
1.4800,0.0005,0.7989,1.3361,0.3443
2.1183,0.0006,0.8687,2.1949,0.3339
1.5019,0.0005,1.0422,1.3543,0.3514
1.8653,0.0006,1.0430,2.0775,0.3496
1.3150,0.0004,0.7892,1.3710,0.3496
1.5429,0.0003,0.7090,1.5524,0.3429
1.5564,0.0007,0.6322,1.3809,0.3418
1.6146,0.0006,0.7651,1.6170,0.3517
1.8061,0.0006,0.7969,1.6763,0.3476
1.9626,0.0006,0.8270,2.0719,0.3462
1.6737,0.0006,0.9236,1.1991,0.3373
1.5974,0.0006,0.8770,2.0328,0.3807
2.5172,0.0005,0.9891,2.4345,0.3603
1.6374,0.0005,1.2408,1.6446,0.3465
1.3620,0.0005,1.2443,1.2075,0.3430
2.2469,0.0006,1.1477,2.4051,0.3461
1.4016,0.0006,1.2193,1.4852,0.3392
2.0611,0.0007,0.9282,1.7892,0.3562
1.8847,0.0007,1.1820,2.1699,0.3532
1.2526,0.0006,1.0499,1.2057,0.3720
1.5196,0.0005,1.0050,1.1531,0.3720
1.7546,0.0005,1.1582,2.2492,0.3552
1.6148,0.0006,0.8787,1.5301,0.3604
1.6844,0.0004,0.7540,1.4760,0.3604
2.1928,0.0007,0.6811,1.8064,0.3372
1.9729,0.0003,0.8541,2.4294,0.3394
1.9291,0.0004,1.0419,2.0354,0.3321
1.5491,0.0004,0.8615,1.5647,0.3321
1.6422,0.0004,0.8570,1.5232,0.3431
1.7234,0.0005,0.7641,1.5173,0.3447
1.5886,0.0006,0.8355,1.8129,0.3685
1.5682,0.0007,0.8133,1.6044,0.3435
1.5330,0.0006,0.8704,1.2155,0.3639
1.9450,0.0007,0.9329,1.8770,0.3442
1.8469,0.0005,1.1069,2.2192,0.3547
1.8530,0.0003,0.8748,1.8081,0.3541
1.4407,0.0004,0.8384,1.5303,0.3585
1.3816,0.0005,0.7573,1.0384,0.3585
1.7646,0.0005,0.7477,1.6862,0.3403
1.5271,0.0006,0.9014,1.7790,0.3423
2.0332,0.0007,1.1949,2.1669,0.3634
1.3531,0.0005,0.8557,1.4004,0.3634
1.6060,0.0003,0.7604,1.3253,0.3286
2.1735,0.0006,1.0674,2.3883,0.3367
1.6751,0.0006,0.7714,1.7268,0.3377
1.0335,0.0004,0.6478,0.9688,0.3384
1.2725,0.0004,0.7112,1.1257,0.3384
1.5493,0.0004,0.6280,1.6470,0.3480
1.9817,0.0007,0.5909,1.9533,0.3408
1.5892,0.0005,0.6675,1.6776,0.3307
1.7837,0.0005,0.7185,1.6799,0.3741
1.6451,0.0006,0.7175,1.7698,0.3538
1.9691,0.0006,0.7064,1.8551,0.3380
1.6620,0.0003,0.8107,1.7128,0.3451
1.4585,0.0003,0.7122,1.3978,0.3390
2.1214,0.0006,0.7097,2.1862,0.3323
1.4939,0.0004,0.8453,1.3944,0.3426
1.2576,0.0005,0.9427,1.0658,0.3426
1.9268,0.0004,0.8476,1.6505,0.3475
1.6564,0.0007,0.7122,2.1305,0.3247
1.9279,0.0004,1.0148,1.9531,0.3846
1.9456,0.0004,0.8673,1.7887,0.3436
1.1386,0.0004,1.1539,1.1951,0.3518
1.7191,0.0005,0.9299,1.8655,0.3548
1.4819,0.0004,0.6434,1.2194,0.3548
1.9587,0.0004,0.6405,2.1346,0.3470
1.5582,0.0007,0.7227,1.5540,0.3354
1.8820,0.0005,0.7031,1.9545,0.3337
1.8484,0.0003,0.7195,1.8119,0.3343
1.7580,0.0005,0.9600,1.7026,0.3545
1.5948,0.0005,1.0231,1.3169,0.3666
1.9269,0.0006,0.9258,1.7926,0.3637
2.0201,0.0005,0.7657,2.3704,0.3330
1.5213,0.0005,0.9193,1.4640,0.3519
1.3327,0.0006,0.8188,1.4870,0.3519
1.3545,0.0004,0.6931,0.9485,0.3350
1.7309,0.0004,0.8478,1.8042,0.3384
1.5654,0.0003,0.8146,1.5949,0.3457
1.7652,0.0004,0.7350,1.5669,0.3319
2.4433,0.0007,0.7809,2.4494,0.3283
1.9265,0.0005,1.5869,2.2270,0.3385
1.0515,0.0005,1.2307,0.8874,0.3385
1.6860,0.0004,0.7381,1.7788,0.3434
1.7200,0.0004,0.7229,1.9106,0.3487
1.0593,0.0004,0.6775,0.9683,0.3487
2.0850,0.0004,0.6631,2.1810,0.3552
2.1368,0.0005,0.6442,1.9586,0.3504
1.4215,0.0005,0.7741,1.5835,0.3499
1.2649,0.0007,0.6496,1.2452,0.3499
1.6598,0.0007,0.6813,1.5606,0.3579
2.0915,0.0005,0.9627,2.0442,0.3541
1.8761,0.0005,1.0744,1.9983,0.3396
1.5115,0.0004,0.8398,1.5268,0.3396
1.9747,0.0004,0.8061,1.9529,0.3303
1.4441,0.0005,0.6779,1.4490,0.3303
1.3438,0.0004,0.6524,1.2421,0.3449
2.0969,0.0006,0.7290,2.0450,0.3371
1.1733,0.0004,0.8946,1.3135,0.3371
1.7644,0.0006,0.8576,1.7054,0.3477
1.8909,0.0005,0.7740,1.8018,0.3678
1.7874,0.0005,1.0070,1.7687,0.3403
1.1906,0.0005,1.0178,1.3240,0.3354
1.5973,0.0006,0.6386,1.4034,0.3354
1.8656,0.0004,0.7617,1.9769,0.3554
1.9952,0.0005,0.7590,2.0341,0.3441
1.2738,0.0004,0.6120,1.3111,0.3441
1.8742,0.0004,0.6236,1.8761,0.3544
1.5185,0.0006,0.6809,1.4399,0.3544
1.7651,0.0005,0.7093,1.7886,0.3445
1.7475,0.0003,0.7279,1.4379,0.3500
1.4177,0.0003,1.0970,1.6422,0.3500
1.7178,0.0003,0.8598,1.7529,0.3455
1.8187,0.0003,0.8364,1.8507,0.3408
1.4008,0.0004,0.8257,1.3020,0.3275
1.4429,0.0004,0.9497,1.5474,0.3275
1.5295,0.0003,0.6226,1.5287,0.3364
1.9392,0.0003,0.6166,1.9340,0.3409
1.3862,0.0006,0.6210,1.2890,0.3409
2.1334,0.0007,0.7736,2.1694,0.3489
1.4607,0.0004,0.8339,1.4037,0.3489
1.4413,0.0003,0.9366,1.4961,0.3788
1.6391,0.0004,0.7462,1.3743,0.3555
1.7440,0.0005,0.7898,1.9805,0.3470
1.2329,0.0003,0.7925,1.2689,0.3470
1.6531,0.0003,0.6402,1.2173,0.3442
1.4451,0.0003,0.7136,1.6325,0.3368
1.7523,0.0003,0.7217,1.8313,0.3438
1.7017,0.0004,1.0067,1.8254,0.3400
1.7588,0.0005,0.7821,1.6899,0.3381
1.4867,0.0005,0.9578,1.3941,0.3539
1.3835,0.0004,1.0291,1.5370,0.3584
1.5950,0.0003,0.7071,1.6097,0.3584
1.3196,0.0006,0.6166,1.2545,0.3494
2.1293,0.0004,0.7084,2.1515,0.3501
1.5334,0.0006,0.6593,1.5250,0.3540
1.3599,0.0005,0.6419,1.3745,0.3335
1.2494,0.0004,0.6226,0.9588,0.3577
1.2362,0.0004,0.7431,1.4718,0.3577
1.5272,0.0003,0.6705,1.5851,0.3586
1.6359,0.0004,0.5817,1.5739,0.3277
1.5951,0.0004,0.6505,1.1361,0.3379
2.0521,0.0005,0.7954,2.4910,0.3873
1.6647,0.0003,1.1988,1.6072,0.3763
1.6693,0.0004,0.9543,1.7039,0.3527
1.7235,0.0005,0.6994,1.7242,0.3527
1.6098,0.0003,0.6919,1.6243,0.3505
1.5538,0.0005,0.6315,1.3028,0.3350
1.6736,0.0006,0.6905,1.9000,0.3539
1.7476,0.0014,0.7470,1.7312,0.3592
1.2145,0.0005,0.7341,1.1350,0.3592
1.9318,0.0005,0.7131,1.8265,0.3585
1.4404,0.0005,0.9013,1.6064,0.3748
1.5491,0.0006,0.8608,1.5824,0.3539
2.0192,0.0008,0.7776,2.0057,0.3476
1.7388,0.0004,0.6612,1.7395,0.3384
1.4054,0.0003,0.6320,1.4058,0.3384
1.6797,0.0006,0.6553,1.4932,0.3391
2.0684,0.0004,0.8731,1.7033,0.3488
1.4215,0.0004,0.8505,1.7513,0.3427
1.8187,0.0005,0.8240,1.9726,0.3398
2.2129,0.0007,0.6926,2.0750,0.3741
1.2989,0.0006,0.9908,1.2201,0.3504
1.1171,0.0007,1.1527,1.1272,0.3504
1.5909,0.0004,0.9202,1.4478,0.3614
1.8663,0.0005,0.8065,2.1373,0.3336
1.3328,0.0004,0.6809,1.3227,0.3426
1.6345,0.0005,0.7213,1.1681,0.3439
1.7109,0.0003,0.7173,2.0063,0.3403
2.0276,0.0003,0.6814,2.1936,0.3397
1.3037,0.0002,0.6844,1.2986,0.3494
1.2797,0.0004,0.6955,1.3199,0.3494
1.5478,0.0004,0.8467,1.4781,0.3730
1.8980,0.0005,0.9260,1.4936,0.3615
1.6883,0.0004,0.6858,1.8256,0.3385
1.8016,0.0006,0.6698,2.1105,0.3344
1.3677,0.0007,0.6666,1.2032,0.3344
1.9908,0.0008,0.8526,1.5960,0.3528
1.9275,0.0005,0.7718,1.7603,0.3473
1.4453,0.0005,0.9957,1.8217,0.3473
1.1950,0.0005,0.8005,1.4976,0.3467
2.1871,0.0007,0.8834,2.1518,0.3605
1.7579,0.0007,0.8087,1.7639,0.3903
1.1868,0.0007,1.0947,0.9712,0.3420
1.8287,0.0006,0.8889,2.0669,0.3481
1.4331,0.0008,0.6549,1.4230,0.3481
2.2014,0.0004,0.7125,2.1190,0.3430
1.5654,0.0003,0.8231,1.6518,0.3430
2.0718,0.0004,0.6911,2.0361,0.3409
1.0010,0.0009,0.7459,1.0307,0.3409
1.7275,0.0005,0.6738,1.2185,0.3508
1.5597,0.0006,0.8075,1.8952,0.3431
1.7293,0.0005,0.7446,1.6312,0.3504
1.5986,0.0003,0.8324,1.5434,0.3737
1.9128,0.0005,0.8187,2.2253,0.3413
1.9324,0.0007,0.7619,1.8969,0.3384
1.5004,0.0004,0.8183,1.5064,0.3384
1.3653,0.0003,0.6414,1.1077,0.3485
1.9914,0.0004,0.6671,2.2324,0.3414
1.4330,0.0005,0.6212,1.3500,0.3414
1.9730,0.0004,0.6046,2.0483,0.3352
1.5039,0.0005,0.5777,1.1644,0.3457
1.9379,0.0006,0.6675,2.0251,0.3438
1.2725,0.0004,1.0304,1.2701,0.3438
1.8725,0.0004,0.7486,2.0573,0.3509
1.5639,0.0004,0.6896,1.5631,0.3595
1.8523,0.0005,0.6513,1.8978,0.3448
1.6407,0.0003,0.6180,1.6461,0.3448
1.8284,0.0005,0.6484,1.6900,0.3447
1.5506,0.0003,0.8230,1.2716,0.3375
1.2724,0.0003,0.7758,1.4119,0.3375
1.3770,0.0006,0.5979,1.5311,0.3399
2.2934,0.0007,0.6604,2.0330,0.3497
2.6355,0.0007,0.8630,2.7683,0.3598
0.7634,0.0006,0.9893,0.9676,0.3429
1.1390,0.0005,0.7019,1.0266,0.3429
2.0424,0.0004,0.6429,2.1120,0.3576
1.5031,0.0004,0.6684,1.3870,0.3469
1.3194,0.0185,0.8213,1.3566,0.3368
1.3172,0.0003,0.7306,1.3562,0.3368
1.7061,0.0004,0.6324,1.2526,0.3352
1.8757,0.0006,0.7819,2.3109,0.3259
2.2421,0.0008,0.7115,2.1524,0.3467
1.7526,0.0006,0.9887,1.8060,0.3548
1.7325,0.0007,0.9121,1.7548,0.3373
1.2404,0.0008,0.7956,1.1049,0.3373
1.5725,0.0007,0.7539,1.3943,0.3502
1.4740,0.0006,0.8747,1.7170,0.3433
1.5051,0.0006,0.9102,1.4683,0.3479
1.9838,0.0005,0.7465,2.0512,0.3612
1.4090,0.0004,0.6487,1.4491,0.3548
1.2548,0.0005,0.5966,1.2466,0.3548
1.7105,0.0004,0.5697,1.6088,0.3668
1.5920,0.0003,0.9094,1.6426,0.3716
1.8598,0.0003,0.8005,1.8206,0.3355
1.2882,0.0003,0.7196,1.3470,0.3361
1.5760,0.0003,0.6459,1.5358,0.3372
1.7647,0.0003,0.6431,1.6434,0.3550
0.9435,0.0003,0.7870,1.0386,0.3550
1.7142,0.0004,0.6770,1.7371,0.3703
1.4229,0.0007,0.6413,1.1283,0.3371
1.6862,0.0005,0.7291,1.5901,0.3416
1.7015,0.0008,0.6619,1.8024,0.3464
1.5833,0.0007,0.9376,1.6840,0.3429
1.6449,0.0007,1.0442,1.5535,0.3539
1.6537,0.0005,0.8995,1.7229,0.3826
2.0426,0.0008,0.6983,2.1997,0.3346
1.6498,0.0006,0.6726,1.6537,0.3349
1.3195,0.0004,0.6956,1.3512,0.3349
1.7281,0.0003,0.6168,1.5114,0.3537
1.4563,0.0007,0.6514,1.6404,0.3413
1.9104,0.0007,0.7098,1.6817,0.3404
1.7897,0.0007,0.7403,1.9708,0.3362
1.4371,0.0005,1.0254,1.1340,0.3583
1.9296,0.0005,0.7840,2.2427,0.3741
1.7231,0.0004,0.6629,1.4861,0.3419
1.9712,0.0004,0.7436,2.1160,0.3405
1.5330,0.0004,0.8441,1.6109,0.3384
1.8735,0.0005,0.6624,1.8119,0.3401
1.3610,0.0003,0.8264,1.2572,0.3401
1.8139,0.0004,0.6870,1.9117,0.3457
1.9952,0.0004,0.6621,2.0050,0.3435
1.6581,0.0006,0.9458,1.6406,0.3495
1.5810,0.0008,0.9392,1.4305,0.3544
1.3708,0.0005,1.0161,1.5009,0.3433
1.4691,0.0005,0.7177,1.2916,0.3433
2.1611,0.0004,0.8186,2.3535,0.3409
1.5615,0.0006,0.6998,1.5720,0.3543
1.8918,0.0003,0.7652,1.7717,0.3507
1.1913,0.0003,0.7805,1.2476,0.3507
1.4845,0.0004,0.6485,1.2482,0.3347
1.9804,0.0005,0.7292,2.2245,0.3523
1.4165,0.0005,0.6884,1.2624,0.3523
2.2601,0.0006,0.6998,2.2550,0.3602
1.3270,0.0005,0.9805,1.1990,0.3765
1.6182,0.0004,0.8538,1.6003,0.3346
1.8805,0.0007,0.8482,2.1726,0.3442
1.6492,0.0004,0.8801,1.5137,0.3393
1.8283,0.0004,0.7665,1.9541,0.3543
1.3515,0.0004,0.8072,1.2367,0.3543
1.9065,0.0005,0.7927,1.8484,0.3626
1.9732,0.0004,0.8058,2.0281,0.3483
1.3459,0.0005,0.7503,1.3860,0.3483
1.5631,0.0006,1.2523,1.1682,0.3854
1.4189,0.0005,1.2155,1.8349,0.3854
1.4444,0.0007,0.8297,1.1111,0.3630
1.6228,0.0006,0.8063,1.5953,0.3440
1.6068,0.0005,0.8103,1.6822,0.3299
1.4966,0.0005,0.7125,1.6066,0.3379
1.6701,0.0006,0.7399,1.6565,0.3435
2.2586,0.0006,0.7387,2.4165,0.3453
1.5291,0.0005,0.6805,1.5157,0.3487
1.5566,0.0004,0.5886,1.5614,0.3487
1.1754,0.0004,0.6639,0.9886,0.3553
1.6906,0.0004,0.7642,1.5667,0.3823
1.4719,0.0003,0.7790,1.7636,0.3481
1.4499,0.0004,0.7054,1.2245,0.3428
1.6349,0.0004,0.9476,1.8690,0.3450
2.1766,0.0005,0.7406,2.0518,0.3559
0.9688,0.0006,0.7873,0.8917,0.3559
2.2809,0.0004,0.8213,2.4605,0.3467
1.1076,0.0003,0.6950,0.8868,0.3467
2.0599,0.0006,0.7735,2.2308,0.3449
1.7603,0.0007,0.6944,1.6833,0.3580
1.4292,0.0007,0.8944,1.4603,0.3704
1.7998,0.0006,0.8470,1.8069,0.3640
1.4313,0.0007,0.7070,1.2307,0.3640
1.9748,0.0006,0.6668,2.1189,0.3527
1.7795,0.0006,0.6831,1.5059,0.3434
1.6452,0.0006,0.8165,1.7338,0.3400
1.6298,0.0006,0.7461,1.7685,0.3454
1.2968,0.0005,0.7743,1.0586,0.3463
1.3953,0.0006,0.7390,1.6446,0.3573
1.8704,0.0007,0.7588,1.9070,0.3437
1.4610,0.0006,0.7251,1.4980,0.3917
1.7320,0.0005,0.7778,1.6741,0.3526
1.3806,0.0003,0.6947,1.4623,0.3526
1.4371,0.0005,0.6192,1.4050,0.3346
1.6757,0.0005,0.6670,1.6132,0.3346
1.8313,0.0004,0.7509,1.7486,0.3385
1.4148,0.0003,0.7871,1.4570,0.3385
1.7676,0.0005,0.6935,1.7592,0.3431
1.5628,0.0004,0.7271,1.3929,0.3262
1.7708,0.0005,0.7919,1.8882,0.3466
1.5306,0.0005,0.7714,1.5535,0.3466
1.6038,0.0004,0.8509,1.6613,0.3666
1.8530,0.0005,0.8011,1.8512,0.3479
1.2031,0.0004,0.7454,1.2246,0.3479
1.8802,0.0005,0.6534,1.5441,0.3366
1.7218,0.0003,0.8144,1.9097,0.3457
1.9132,0.0004,0.7845,1.9561,0.3397
1.1478,0.0005,0.6490,1.1943,0.3416
1.3382,0.0004,0.6200,1.3635,0.3416
1.9595,0.0005,0.6258,1.7931,0.3424
1.5848,0.0005,0.8070,1.4238,0.5118
1.4627,0.0005,1.4833,1.6327,0.3751
1.4324,0.0003,1.1485,1.5133,0.3375
1.5228,0.0006,0.6527,1.5203,0.3515
1.3108,0.0004,0.6780,1.3431,0.3515
1.8264,0.0003,0.6694,1.7976,0.3320
1.4117,0.0005,0.6310,1.4177,0.3320
2.0428,0.0007,0.6375,1.9606,0.3483
1.0552,0.0006,0.7648,1.0947,0.3483
1.9763,0.0004,0.8377,1.9360,0.3443
1.0316,0.0004,0.7863,0.9190,0.3443
2.3721,0.0005,0.6407,2.3943,0.3584
1.4333,0.0006,0.8903,1.2043,0.3578
1.8190,0.0006,0.9893,1.9027,0.3539
1.8561,0.0006,1.0148,2.0775,0.3544
1.2433,0.0005,0.7380,1.0983,0.3544
1.5562,0.0005,0.6290,1.5969,0.3369
1.9281,0.0006,0.6528,1.9867,0.3334
1.4332,0.0002,0.7935,1.3843,0.3334
1.5813,0.0005,0.7361,1.2966,0.3525
1.5066,0.0005,0.7909,1.6132,0.3525
2.3390,0.0004,0.6824,2.2683,0.3637
1.2014,0.0004,1.0629,1.5410,0.3637
1.8845,0.0004,0.7059,1.4514,0.3557
1.7585,0.0004,0.8870,2.1836,0.3557
1.6052,0.0004,0.6883,1.5862,0.3445
1.6233,0.0004,0.6988,1.6332,0.3445
1.4025,0.0004,0.6145,1.3407,0.3473
1.5930,0.0005,0.6287,1.3505,0.3451
1.7593,0.0006,0.7470,1.5005,0.3400
1.7433,0.0005,0.9182,2.2720,0.3490
1.6927,0.0005,0.7653,1.3814,0.3696
1.2935,0.0005,1.0798,1.4712,0.3504
1.6521,0.0004,0.9769,1.3143,0.3347
1.8271,0.0007,1.3032,2.2437,0.3441
1.1460,0.0006,0.8846,1.1485,0.3441
1.2243,0.0006,0.6847,1.2473,0.3514
1.3644,0.0005,0.8408,1.3724,0.3640
1.5566,0.0004,0.6549,1.4256,0.3495
2.1487,0.0004,0.7732,2.1875,0.3385
1.4445,0.0004,0.7453,1.2994,0.3385
1.5446,0.0004,0.6260,1.6191,0.3403
1.7264,0.0006,0.6969,1.6653,0.3527
2.0388,0.0008,1.1853,2.1246,0.3792
1.6873,0.0005,1.1364,1.7394,0.3401
1.3022,0.0005,0.9803,1.2849,0.3424
1.5108,0.0005,0.7162,1.5266,0.3387
1.7293,0.0004,0.6417,1.7254,0.3497
2.1685,0.0005,0.6600,2.0148,0.3382
1.6753,0.0005,0.8087,1.6069,0.3483
0.7128,0.0002,1.0412,0.7947,0.3483
1.5926,0.0003,0.6814,1.5367,0.3618
2.0029,0.0006,0.6742,2.0830,0.3557
1.5534,0.0007,1.0099,1.6087,0.3496
1.4132,0.0005,0.9615,1.0731,0.3496
1.8102,0.0006,0.8109,2.1730,0.3426
1.6945,0.0005,0.7570,1.6920,0.3515
1.6094,0.0003,0.6392,1.6180,0.3515
1.8093,0.0005,0.6471,1.7688,0.3465
1.1699,0.0005,0.6382,0.9507,0.3465
1.5819,0.0005,0.6729,1.7445,0.3382
2.0465,0.0009,0.7953,2.0560,0.3474
1.4537,0.0003,0.8255,1.4124,0.3474
1.7321,0.0004,0.8353,1.6498,0.3614
1.6773,0.0004,0.8927,1.7945,0.3434
1.4392,0.0004,0.7001,1.2812,0.3434
1.8230,0.0005,0.7138,1.9797,0.3401
1.8805,0.0005,0.7432,1.8568,0.3342
1.6318,0.0004,0.6356,1.6509,0.3342
1.2440,0.0003,0.5627,1.2465,0.3439
1.3208,0.0003,0.6729,1.2563,0.3495
1.3443,0.0005,0.7294,1.2158,0.3495
1.8532,0.0006,0.7188,1.8923,0.3506
1.9943,0.0008,0.7164,2.0665,0.3438
1.9032,0.0004,0.8079,1.8448,0.3438
1.7483,0.0005,0.6978,1.6692,0.3542
1.3688,0.0003,0.8296,1.5075,0.3542
1.4700,0.0005,0.6435,1.4960,0.3679
1.7559,0.0004,0.6223,1.7520,0.3431
1.5813,0.0003,0.6318,1.5876,0.3592
1.4688,0.0006,0.6003,1.3711,0.3592
1.6736,0.0004,0.6939,1.6425,0.3519
1.9976,0.0006,0.8374,1.7924,0.3467
1.5637,0.0006,0.9704,1.8371,0.3446
1.4142,0.0003,1.1459,1.1463,0.3812
2.0382,0.0005,0.8530,2.1851,0.3416
1.1413,0.0004,0.8450,1.0684,0.3416
2.0170,0.0004,0.6626,2.1994,0.3416
1.3110,0.0002,0.6387,1.2499,0.3416
1.4581,0.0003,0.6541,1.5062,0.3510
1.7136,0.0005,0.6271,1.3038,0.3596
1.5897,0.0005,0.9023,1.5466,0.3479
1.4114,0.0004,0.9088,1.7585,0.3376
2.3172,0.0009,0.7420,2.2408,0.3558
1.2158,0.0004,1.0134,0.8977,0.3558
1.8925,0.0004,1.0323,2.2694,0.3404
1.6233,0.0005,0.8390,1.5862,0.3603
1.7620,0.0004,0.8376,1.8289,0.3452
1.5725,0.0006,0.6684,1.5137,0.3564
1.1579,0.0008,0.8301,1.1803,0.3359
2.3686,0.0005,0.7619,2.3329,0.3576
1.6460,0.0009,0.8663,1.7111,0.3480
1.5181,0.0007,0.8133,1.2245,0.3480
2.3754,0.0007,0.8317,2.5895,0.3737
1.3613,0.0006,1.0271,1.4067,0.3737
2.1080,0.0007,1.0721,2.0572,0.3406
1.3829,0.0006,0.9486,1.1015,0.3406
1.9785,0.0004,1.0141,2.2327,0.3462
1.5564,0.0007,0.7947,1.5746,0.3462
1.9833,0.0006,1.2124,1.9143,0.3477
1.3265,0.0005,0.9097,1.3880,0.3339
1.5985,0.0005,0.7088,1.5759,0.3339
1.8084,0.0006,0.6428,1.8200,0.3650
1.7606,0.0007,0.8154,1.5380,0.3681
1.9384,0.0006,0.9386,1.8353,0.3745
1.6507,0.0006,1.0939,1.8456,0.3327
2.1488,0.0005,1.0020,2.2170,0.3424
1.9895,0.0006,0.9194,1.9299,0.3345
1.5179,0.0005,1.1496,1.5053,0.3416
1.8621,0.0005,1.0044,1.9493,0.3351
1.8133,0.0005,0.8357,1.7328,0.3351
2.0445,0.0008,0.7611,2.0743,0.3314
1.7340,0.0005,1.1092,1.5609,0.3667
1.3437,0.0007,1.0942,1.4409,0.3643
1.2439,0.0004,0.8893,1.3734,0.3643
2.0050,0.0006,0.6759,1.9772,0.3601
1.8938,0.0006,0.8196,1.5156,0.3525
1.8531,0.0005,1.1830,1.9905,0.3712
2.1024,0.0005,0.7484,2.2745,0.3431
1.2708,0.0003,0.7470,1.0149,0.3431
1.5683,0.0006,0.7046,1.6615,0.3525
1.9711,0.0006,0.7059,2.0723,0.3462
1.1492,0.0004,1.0210,1.1841,0.4097
1.6230,0.0005,0.8257,1.4375,0.4040
1.3425,0.0006,0.7272,1.5186,0.3361
2.1083,0.0006,0.8664,1.9645,0.3589
1.1324,0.0003,0.8917,1.3761,0.3589
1.8425,0.0004,0.7405,1.8213,0.3620
1.9137,0.0003,0.6700,1.9098,0.3321
1.2591,0.0003,0.5807,1.1434,0.3410
1.5126,0.0003,0.5555,1.5914,0.3475
1.7085,0.0006,0.6277,1.6158,0.3562
1.5677,0.0007,0.8566,1.0623,0.3463
1.6488,0.0004,1.1293,2.2310,0.3665
1.4272,0.0005,0.8793,1.3006,0.3442
1.5804,0.0006,0.7295,1.4280,0.3599
1.9287,0.0004,0.8076,2.2078,0.3391
1.7846,0.0004,0.6592,1.7390,0.3321
2.0730,0.0005,0.6113,2.0222,0.3460
1.0395,0.0005,0.7214,0.9959,0.3460
1.4221,0.0006,0.7829,1.4439,0.3546
1.8260,0.0005,0.6415,1.9115,0.3445
1.6345,0.0006,0.7929,1.4856,0.3485
1.7674,0.0005,0.9822,1.7940,0.3662
1.7095,0.0006,0.8347,1.5667,0.3702
1.6008,0.0006,1.0458,1.5678,0.3527
1.9532,0.0004,0.7587,2.1020,0.3418
1.8604,0.0004,0.7837,1.6016,0.3368
1.7709,0.0005,0.8725,2.0583,0.3374
1.4237,0.0003,0.8420,1.4102,0.3351
1.3414,0.0006,0.7573,1.2865,0.3351
1.7016,0.0006,0.7537,1.7454,0.3403
2.2776,0.0006,0.7966,2.2260,0.3741
1.2094,0.0005,0.9095,1.3188,0.3741
1.6858,0.0005,1.0667,1.3104,0.3639
1.8587,0.0005,0.7464,1.6493,0.3385
1.8967,0.0006,0.6985,2.4785,0.3315
1.3979,0.0004,0.6386,1.2829,0.3353
2.1302,0.0004,0.6319,2.2311,0.3352
1.7284,0.0003,0.5782,1.6529,0.3454
1.5385,0.0004,0.7037,1.5837,0.3454
1.2615,0.0005,0.6328,1.2593,0.3493
1.8716,0.0005,0.6610,1.8306,0.3475
1.2918,0.0004,0.8555,1.3325,0.3475
1.2418,0.0005,0.7174,1.2255,0.3615
1.8136,0.0007,0.6839,1.8110,0.3501
1.3399,0.0004,0.6855,1.0437,0.3634
1.7774,0.0005,0.8027,2.0500,0.3494
1.3109,0.0005,0.6747,1.1985,0.3494
1.2111,0.0005,0.8240,1.1166,0.3482
1.3150,0.0005,0.7010,1.4253,0.3760
2.1953,0.0006,0.6896,2.2665,0.3391
1.5424,0.0006,0.6993,1.5285,0.3626
1.5996,0.0009,0.7479,1.0245,0.3590
1.6360,0.0005,1.1207,2.2141,0.3590
1.6437,0.0004,0.6993,1.6541,0.3589
1.6126,0.0005,0.6433,1.6308,0.3589
1.4635,0.0004,0.6230,1.2272,0.3400
1.8351,0.0006,0.6993,1.9255,0.3346
1.1894,0.0005,0.8302,1.1440,0.3428
1.7989,0.0004,0.6369,1.8453,0.3436
1.5204,0.0006,0.7384,1.2705,0.3436
2.2285,0.0008,0.6673,1.9216,0.3519
1.5960,0.0008,1.2409,2.1672,0.3460
1.8419,0.0006,0.9309,1.7742,0.3714
1.5585,0.0005,0.8940,1.3941,0.3538
1.4459,0.0004,0.6887,1.7112,0.3430
1.7821,0.0005,0.6473,1.3839,0.3443
1.6408,0.0004,0.6548,1.9293,0.3453
1.6166,0.0004,0.6122,1.7271,0.3304
1.8262,0.0004,0.6079,1.6451,0.3522
1.1861,0.0003,0.7590,1.2702,0.3522
2.1042,0.0006,0.7320,1.8785,0.3470
1.0973,0.0006,1.1422,1.2758,0.3470
2.1193,0.0007,0.8504,2.2125,0.3408
1.7403,0.0006,0.6520,1.7352,0.3441
1.7687,0.0005,0.6581,1.7045,0.3511
1.4089,0.0005,0.6915,1.4634,0.3609
1.5317,0.0004,0.6648,1.2716,0.3609
1.6461,0.0006,0.7733,1.6341,0.3394
1.9247,0.0007,0.7877,2.1310,0.3404
1.3787,0.0005,0.7232,1.2562,0.3404
2.1363,0.0008,0.7462,2.2252,0.3641
1.9294,0.0007,0.8521,1.9164,0.3641
1.3570,0.0006,0.9311,1.1735,0.4163
1.7921,0.0005,0.9137,2.0261,0.3368
1.6969,0.0005,0.6794,1.5884,0.3499
1.3525,0.0005,0.9119,1.0058,0.3499
1.4667,0.0006,1.0643,1.8839,0.3426
1.4630,0.0006,0.6917,1.5098,0.3487
1.7746,0.0008,0.6397,1.5282,0.3501
1.7097,0.0007,1.2111,1.7905,0.3580
1.3870,0.0006,1.0062,1.1828,0.3423
1.8271,0.0008,1.1321,2.0709,0.3423
2.0056,0.0008,0.9361,1.7662,0.3781
1.9790,0.0007,0.9008,2.2044,0.3445
2.0020,0.0009,0.9067,1.9873,0.3383
1.2907,0.0006,0.9754,1.3461,0.3365
2.0141,0.0003,0.7753,1.9925,0.3365
1.5571,0.0004,0.8777,1.3324,0.3459
2.1352,0.0005,0.8678,2.3360,0.3324
1.7119,0.0006,0.9105,1.6968,0.3531
1.4516,0.0006,0.8018,1.2477,0.3531
2.0018,0.0009,0.9484,2.1668,0.3639
1.2239,0.0005,1.1098,1.2645,0.3631
1.8822,0.0005,0.8535,1.8885,0.3631
2.0455,0.0004,0.7282,1.8988,0.3474
1.7008,0.0005,0.8686,1.7230,0.3541
1.7020,0.0006,1.0902,1.6782,0.3568
1.5501,0.0005,1.2343,1.6694,0.3568
1.4943,0.0004,0.8350,1.1702,0.3438
2.0107,0.0005,0.7062,2.3012,0.3452
1.9994,0.0005,0.7772,1.9261,0.3772
1.7796,0.0004,0.9644,1.8219,0.3506
1.4222,0.0007,0.8578,1.3840,0.3506
2.1297,0.0006,0.8721,1.8031,0.3517
2.1778,0.0006,1.0666,2.3803,0.3372
1.5119,0.0007,1.4606,1.6162,0.3372
2.4529,0.0008,1.1594,2.4369,0.3576
1.5479,0.0006,1.0028,1.5508,0.3387
1.5552,0.0007,1.0196,1.1128,0.3387
1.5840,0.0008,1.2798,1.9689,0.3473
2.2514,0.0008,1.1736,2.2527,0.3488
1.4713,0.0008,1.0936,1.4996,0.3474
1.9298,0.0005,0.9543,1.6903,0.3474
2.3843,0.0004,0.9816,2.5947,0.3622
1.3618,0.0005,1.0391,1.4083,0.3398
1.1976,0.0005,0.8415,0.9814,0.3398
2.4022,0.0005,0.7548,2.5646,0.3506
1.6479,0.0007,0.8354,1.7038,0.3463
2.4493,0.0007,0.7546,2.0175,0.3779
1.6500,0.0005,1.5412,1.0837,0.5700
1.3604,0.0006,1.3880,1.8412,0.5700
1.6009,0.0006,0.8592,1.6411,0.3376
2.0736,0.0006,0.8596,1.9151,0.3656
1.9723,0.0007,0.9722,2.2215,0.3540
1.2504,0.0004,0.8332,1.1613,0.3540
1.9904,0.0004,0.8216,2.0841,0.3507
1.4956,0.0006,0.8558,1.4168,0.3497
1.2202,0.0005,0.9412,1.2401,0.3497
2.4641,0.0008,0.7724,2.3819,0.3587
1.3451,0.0006,0.9760,1.4460,0.3587
1.6497,0.0007,0.8610,1.5164,0.3499
1.7279,0.0007,0.8416,1.7622,0.3361
1.8427,0.0004,0.8809,1.8971,0.3390
1.8750,0.0007,0.7605,1.8729,0.3306
1.9690,0.0005,0.8101,1.9774,0.3452
1.7104,0.0005,0.8646,1.6980,0.3536
1.9343,0.0005,0.8291,1.8295,0.3536
1.7993,0.1599,0.8354,1.6631,0.3590
1.9725,0.0008,1.2251,1.9966,0.3625
1.7542,0.0004,1.1968,1.8932,0.3625
2.2015,0.0004,0.8848,2.1562,0.3568
2.2716,0.0008,0.8954,2.3422,0.3533
1.2815,0.0006,0.9742,0.9968,0.3533
1.7431,0.0005,0.9606,1.8775,0.3454
1.2622,0.0006,0.9658,1.2264,0.3558
1.8974,0.0006,0.9802,1.9322,0.3316
1.6821,0.0007,0.9845,1.7168,0.3404
2.0294,0.0006,1.2867,1.7476,0.3989
1.5880,0.0006,1.1162,1.5486,0.3478
1.8793,0.0007,1.2234,2.1182,0.3549
1.8301,0.0006,1.0379,1.8151,0.3498
1.3343,0.0005,1.0481,1.4030,0.3498
1.8605,0.0005,0.8167,1.8994,0.3416
1.3585,0.0007,0.8078,1.1454,0.3416
1.8545,0.0006,0.9386,1.5827,0.3477
1.5124,0.0005,0.8203,2.0158,0.3356
2.1147,0.0007,0.6963,2.0664,0.3872
1.4325,0.0004,0.8759,1.4625,0.3782
1.5546,0.0005,0.9526,1.0982,0.3782
1.8729,0.0005,0.9781,2.3077,0.3452
1.6578,0.0006,0.7342,1.6511,0.3527
1.0424,0.0004,0.7874,0.8865,0.3527
1.7918,0.0005,0.7738,1.6493,0.3391
1.8629,0.0006,0.8962,2.1800,0.3448
1.3629,0.0005,0.8966,1.1005,0.3448
1.7537,0.0006,0.8047,1.8194,0.3430
2.0029,0.0010,0.7394,1.8690,0.3400
2.0822,0.0008,0.9867,1.9741,0.3714
2.5262,0.0009,1.1945,2.8355,0.3467
1.7192,0.0008,0.9612,1.5912,0.3471
1.2939,0.0006,1.1395,1.4706,0.3560
2.2885,0.0007,0.9873,2.2201,0.3415
1.5488,0.0005,1.0987,1.4759,0.3325
1.4968,0.0007,1.0209,1.5904,0.3640
2.0740,0.0008,0.9529,1.8247,0.3422
1.8041,0.0007,1.3010,1.9713,0.3422
1.8489,0.0007,1.0459,1.8226,0.3679
1.8470,0.0008,1.0201,1.8442,0.3472
1.7935,0.0006,0.9303,1.8623,0.3472
2.0259,0.0006,0.8145,1.6982,0.3435
2.0518,0.0007,0.8842,2.3890,0.3422
1.6409,0.0005,0.9278,1.6740,0.3422
1.9562,0.0005,0.7285,1.8273,0.3554
1.5278,0.0006,0.8380,1.3697,0.3554
2.2721,0.0008,0.9347,2.3854,0.4126
1.6759,0.0006,1.3766,1.7766,0.3898
1.4407,0.0004,1.0539,1.2950,0.3898
1.4733,0.0005,0.9749,1.5770,0.3576
2.2339,0.0005,0.6822,2.1762,0.3594
1.5054,0.0007,0.9394,1.5855,0.3483
0.9671,0.0003,0.7419,1.0266,0.3483
1.6821,0.0007,0.6316,1.3037,0.3440
1.7667,0.0005,0.8355,2.0804,0.3428
2.1388,0.0005,0.7378,2.0019,0.3363
1.8770,0.0005,1.5724,1.5587,0.3363
2.2941,0.0009,0.9519,2.6833,0.3652
1.4552,0.0006,0.9601,1.4156,0.3582
1.3725,0.0004,0.9288,1.2426,0.3582
2.1469,0.0005,0.7866,2.3289,0.3508
1.2267,0.0006,0.8036,1.0056,0.3508
1.5476,0.0008,0.8469,1.5475,0.3410
1.9442,0.0007,0.8929,2.1178,0.3513
1.6507,0.0008,1.0227,1.7039,0.3513
1.9438,0.0010,0.9108,1.8425,0.3493
1.6881,0.0010,1.1523,1.5265,0.3630
2.1275,0.0009,1.4203,2.0647,0.3552
1.7227,0.0006,0.8580,1.6104,0.3355
1.7218,0.0010,0.7459,2.0123,0.3516
1.8998,0.0006,0.8267,1.9027,0.3440
1.6509,0.0006,0.8989,1.7247,0.3384
1.6595,0.0007,0.8647,1.6514,0.3780
1.3567,0.0004,0.8790,1.4096,0.3780
1.8889,0.0004,0.6730,1.8451,0.3402
1.4700,0.0007,0.7523,1.4246,0.5827
1.5613,0.0009,1.0247,1.2932,0.5827
2.0417,0.0007,1.0792,2.1748,0.3613
1.6850,0.0007,0.9233,1.6372,0.3581
1.9637,0.0007,0.8329,2.0684,0.3384
1.5568,0.0007,0.8098,1.2799,0.3484
1.6547,0.0006,0.8452,1.7197,0.3419
2.0462,0.0008,0.8670,2.2989,0.3336
2.5097,0.0007,0.8724,2.2679,0.3579
1.1798,0.0008,1.0782,1.4010,0.3515
1.6874,0.0005,0.8960,1.3530,0.3625
2.0145,0.0006,1.0368,2.3384,0.3538
1.5572,0.0005,0.8531,1.5033,0.3424
1.6893,0.0005,0.8518,1.7521,0.3541
1.5938,0.0005,0.7404,1.3081,0.3412
2.0370,0.0005,0.9141,1.6689,0.3426
2.1252,0.0008,0.9649,2.7250,0.3572
1.2887,0.0005,0.8551,1.3450,0.3448
1.5806,0.0003,0.7500,1.5619,0.3428
1.5724,0.0006,0.7701,1.5416,0.3428
1.8841,0.0005,0.8639,1.7631,0.5477
1.5129,0.0006,0.9891,1.5881,0.3575
1.8937,0.0006,0.8294,1.7960,0.3633
2.0133,0.0005,0.9248,2.0319,0.3368
1.8699,0.0006,1.0265,1.7545,0.3469
1.5995,0.0004,1.2496,1.7645,0.3463
1.6821,0.0005,0.9555,1.6395,0.3463
1.7118,0.0005,1.0158,1.0755,0.3612
2.2018,0.0006,0.7643,2.8432,0.3589
1.7263,0.0006,0.8005,1.6265,0.3527
1.8916,0.0008,1.0230,1.3331,0.3583
1.5387,0.0004,1.0396,2.1203,0.3583
1.4070,0.0006,1.0019,1.2880,0.3641
1.7318,0.0006,0.9291,1.8486,0.3415
2.0402,0.0007,0.7789,1.6483,0.3364
1.9959,0.0005,1.0578,2.4747,0.3471
1.5441,0.0004,0.8148,1.4047,0.3471
1.9524,0.0004,0.7924,2.0636,0.3477
2.3720,0.0008,0.7399,2.2439,0.3623
1.4854,0.0005,0.9530,1.5425,0.3373
1.3665,0.0006,0.8710,1.4251,0.3373
1.7732,0.0005,0.7374,1.4189,0.3385
1.8375,0.0005,0.7848,2.1838,0.3408
2.1020,0.0007,0.8701,2.0852,0.3536
1.7912,0.0005,0.8628,1.7043,0.3478
1.6948,0.0005,0.8552,1.7881,0.3452
1.7619,0.0005,0.7288,1.7527,0.3452
2.3159,0.0008,0.7435,1.8504,0.3694
1.6560,0.0006,1.4965,1.8921,0.3407
1.4073,0.0004,1.1783,1.2423,0.3407
1.7216,0.0005,0.8387,1.7470,0.3493
2.0251,0.0007,0.8593,2.3446,0.3517
1.5307,0.0006,1.2207,1.3889,0.3323
1.7596,0.0007,0.9088,1.5152,0.3346
1.2368,0.0005,1.0286,1.4658,0.3625
1.9174,0.0003,0.8365,1.8340,0.3625
1.3539,0.0006,0.7529,1.3654,0.3433
1.7185,0.0007,0.7854,1.7116,0.3680
1.4937,0.0008,1.1561,1.6242,0.3884
2.1699,0.0005,1.0374,2.1252,0.3513
1.2360,0.0005,1.0224,1.3550,0.3513
1.5931,0.0005,0.7933,1.5958,0.3375
1.4695,0.0008,0.7351,1.2841,0.3604
2.0211,0.0006,0.8976,2.1523,0.3624
1.2593,0.0009,0.9483,1.2973,0.3624
1.6631,0.0007,0.7329,1.5140,0.3455
1.3553,0.0005,0.8761,1.3015,0.3455
1.7792,0.0007,0.8681,1.5577,0.3546
2.0074,0.0008,1.0196,2.2715,0.3609
1.7614,0.0005,1.0037,1.8585,0.3608
1.4573,0.0005,0.8151,1.3302,0.3490
2.0020,0.0007,0.8587,1.9043,0.3521
1.5080,0.0006,0.8910,1.6751,0.3397
2.1803,0.0005,0.8920,2.1432,0.3326
1.6753,0.0005,0.8583,1.2279,0.3474
2.0537,0.0005,0.9951,2.5243,0.3613
1.9117,0.0006,0.9018,1.8854,0.3799
1.3530,0.0006,0.8589,1.3843,0.3799
2.0716,0.0007,0.8750,1.8797,0.3700
1.7496,0.0005,1.0320,1.7914,0.3386
1.6912,0.0005,0.9005,1.8157,0.3445
1.5944,0.0007,0.7899,1.5916,0.3445
1.2945,0.0005,0.7444,1.3052,0.3513
1.8043,0.0004,0.7084,1.6662,0.3408
1.5512,0.0007,0.8521,1.4221,0.3408
2.2757,0.0006,0.8087,2.2374,0.3463
1.0291,0.0009,1.0357,0.9394,0.3463
1.9556,0.0004,0.8864,2.0984,0.3572
1.7858,0.0007,0.8979,1.8099,0.3516
1.3200,0.0004,1.1313,1.4282,0.3481
1.1602,0.0005,0.9521,1.2282,0.3481
1.7025,0.0004,0.8804,1.5858,0.3485
1.6260,0.0005,1.0351,1.6147,0.3485
1.5973,0.0005,0.8541,1.6942,0.3325
2.1417,0.0009,0.8360,1.9280,0.3529
0.9520,0.0005,0.9499,1.0177,0.3529
1.9066,0.0006,0.7895,1.9935,0.3396
1.6328,0.0006,0.8304,1.5051,0.3465
2.0349,0.0006,1.4253,2.0725,0.3733
2.1546,0.0005,0.9975,2.0838,0.3406
1.2867,0.0005,1.0020,1.4676,0.3406
1.9309,0.0003,0.7145,1.9087,0.3466
1.7562,0.0006,0.7784,1.7088,0.3343
1.8782,0.0005,0.9018,1.9045,0.3393
1.6963,0.0007,0.7742,1.6536,0.3372
2.0898,0.0006,0.9323,2.0729,0.3382
2.6593,0.0006,0.8614,2.6185,0.3374
1.6106,0.0006,1.0873,1.6599,0.3374
1.3837,0.0007,1.1031,1.0877,0.3506
1.9706,0.0006,0.8392,2.1836,0.3481
1.6725,0.0004,0.8638,1.7164,0.3346
1.9347,0.0005,0.8304,1.6211,0.3259
1.9433,0.0005,0.9690,2.2242,0.3425
1.6609,0.0005,0.9799,1.6487,0.3324
1.9782,0.0006,0.7631,1.9958,0.3366
1.9560,0.0005,1.1698,1.9411,0.3571
2.0707,0.0007,0.9088,1.9104,0.3630
1.5777,0.0005,1.0048,1.7440,0.3505
1.2465,0.0006,0.8203,1.2652,0.3490
1.3782,0.0004,0.7850,1.3731,0.3490
1.4641,0.0006,0.8792,1.2038,0.3515
1.7808,0.0008,0.8522,1.6516,0.3433
1.5698,0.0007,0.8257,1.9225,0.3477
1.7000,0.0008,0.8532,1.2975,0.3504
2.2754,0.0008,1.1071,2.3051,0.3508
1.2853,0.0007,1.2291,1.5140,0.3508
2.0021,0.0006,1.1209,1.9909,0.3480
1.3483,0.0007,1.0465,1.4407,0.3480
2.0103,0.0005,0.8681,1.8446,0.3436
1.8346,0.0005,0.9728,1.9184,0.3436
1.8898,0.0006,0.9679,1.8323,0.3554
2.0001,0.0006,0.9861,2.0729,0.3367
2.3178,0.0007,1.1530,2.1400,0.3392
2.0778,0.0008,1.1635,2.1202,0.3678
1.5728,0.0005,1.3583,1.1531,0.3678
2.1229,0.0006,1.3160,2.5096,0.3456
1.3238,0.0005,1.1492,1.3759,0.3513
1.3468,0.0006,0.9108,1.1833,0.3513
1.5217,0.0007,0.8885,1.6764,0.3470
1.5774,0.0005,0.8393,1.4414,0.3393
1.3829,0.0007,0.9076,1.5402,0.3466
1.6541,0.0010,0.9057,1.3027,0.3431
1.8651,0.0005,0.8572,1.9082,0.3435
1.9714,0.0006,1.2071,2.3089,0.3430
2.1990,0.0008,0.8841,2.0621,0.3970
1.5299,0.0004,1.4696,1.6696,0.3970
1.4108,0.0006,0.8688,1.2402,0.3398
2.1211,0.0006,0.9059,2.1933,0.3481
1.4836,0.0008,0.9418,1.4996,0.3578
1.7747,0.0302,0.9077,1.6026,0.3578
1.8277,0.0007,1.1235,1.4513,0.3309
2.0970,0.0009,1.1541,2.5280,0.3545
1.8432,0.0005,0.9322,1.7587,0.3491
1.3015,0.0006,1.0168,1.4900,0.3491
2.1632,0.0008,0.8556,2.1165,0.3859
1.7493,0.0005,0.8917,1.7946,0.3456
1.6329,0.0004,0.8451,1.6935,0.3456
1.5715,0.0005,0.9262,1.3343,0.3462
1.8889,0.0005,0.8021,1.6394,0.3462
2.2573,0.0007,0.7670,2.6515,0.3609
1.5433,0.0005,0.9187,1.4977,0.3609
2.1761,0.0006,0.8975,2.2387,0.3438
1.7493,0.0010,0.8617,1.5483,0.3438
2.2944,0.0006,1.3323,2.4721,0.3484
1.1289,0.0009,0.8365,1.0494,0.3484
1.5308,0.0006,0.9396,1.6320,0.3539
1.1979,0.0007,1.0406,1.1293,0.3539
1.7824,0.0006,0.9109,1.7368,0.3522
2.1489,0.0006,0.8431,2.1279,0.3683
1.2987,0.0006,0.9447,1.4083,0.3683
1.8027,0.0005,0.7491,1.5953,0.3481
1.7801,0.0006,0.8164,1.9379,0.3356
2.2019,0.0008,0.9709,2.1265,0.5589
1.6749,0.0007,1.0583,1.7543,0.3468
1.7014,0.0005,0.9576,1.6201,0.3349
1.6705,0.0004,0.8486,1.3991,0.3349
1.9144,0.0007,0.8599,2.2459,0.3347
1.6788,0.0004,0.9950,1.5695,0.3577
1.8156,0.0004,0.8656,1.9382,0.3421
1.6668,0.0004,0.9598,1.6471,0.3421
1.9535,0.0004,0.8076,1.8312,0.3372
2.0071,0.0008,0.6823,1.8072,0.5285
1.9923,0.0007,0.9337,2.0902,0.3600
0.9259,0.0006,1.6622,1.0515,0.3600
1.7566,0.0008,0.7993,1.5486,0.3315
1.8165,0.0006,1.0089,1.7044,0.3315
2.0282,0.0007,1.0071,2.2548,0.3344
1.7915,0.0006,1.0371,1.9313,0.3344
1.3520,0.0005,0.7372,1.3434,0.3408
1.6105,0.0004,0.7914,1.4426,0.3408
1.8513,0.0006,0.7310,2.0135,0.3324
1.8217,0.0006,0.7037,1.5999,0.3320
1.6548,0.0006,0.9074,1.8571,0.9821
1.5849,0.0005,0.8878,1.5384,0.3620
1.7064,0.0009,0.9731,1.7282,0.3536
1.8347,0.0005,0.8536,1.7113,0.3529
1.2780,0.0003,0.8864,1.3195,0.3529
1.7851,0.0006,0.8465,1.7716,0.3678
1.9324,0.0004,0.8288,1.8835,0.3460
1.7073,0.0004,0.8993,1.7166,0.3460
2.0122,0.0006,0.9162,1.9816,0.3437
1.7097,0.0007,0.9072,1.6847,0.3716
1.7154,0.0007,1.0353,1.6302,0.3548
1.2525,0.0007,1.0555,1.4575,0.3548
2.0091,0.0008,0.8068,1.9398,0.3413
1.5631,0.0007,0.9211,1.3156,0.3419
1.8970,0.0007,1.2473,2.1579,0.3260
1.6249,0.0006,0.7974,1.6203,0.3354
1.7193,0.0006,0.7742,1.7365,0.3515
1.5800,0.0005,0.6875,1.5746,0.3445
1.5804,0.0006,0.7612,1.0815,0.3445
2.4155,0.0005,0.8809,2.7768,0.3673
1.1306,0.0004,0.8990,1.2861,0.3390
1.3166,0.0005,0.7347,1.2998,0.3390
1.8738,0.0009,0.7641,1.4450,0.3374
1.6573,0.0005,0.8367,2.0568,0.3374
1.4707,0.0006,0.7260,1.3767,0.3379
1.1566,0.0004,0.9119,1.0826,0.3479
1.5768,0.0004,0.6933,1.6122,0.3354
1.8751,0.0003,0.6483,1.9552,0.3490
2.2794,0.0005,0.7005,1.8501,0.3404
1.4430,0.0006,1.0914,1.7534,0.3291
2.0537,0.0004,0.9269,2.1079,0.3397
1.9864,0.0004,0.8325,2.0272,0.3361
1.2345,0.0004,0.7430,1.2132,0.3471
1.3132,0.0004,0.7484,1.1785,0.3471
1.7780,0.0004,0.7083,1.7562,0.3530
1.3869,0.0005,0.7826,1.5497,0.3437
1.3563,0.0004,0.6279,1.4135,0.3427
1.5117,0.0004,0.6510,1.4004,0.3348
1.5464,0.0004,0.7244,1.4834,0.3389
1.8041,0.0006,0.8363,1.6413,0.3547
1.7314,0.0005,0.9518,2.0037,0.8672
1.6754,0.0005,0.8269,1.3725,0.3407
2.2473,0.0006,0.8561,2.5421,0.3355
1.3236,0.0007,0.8068,1.2223,0.3355
2.3677,0.0006,0.7662,2.1690,0.3548
1.2016,0.0004,1.0499,1.5166,0.3690
1.3865,0.0003,0.6945,1.3773,0.3690
1.7595,0.0006,0.5811,1.7546,0.3438
1.7759,0.0007,0.5772,1.5186,0.3507
1.9523,0.0006,0.6561,2.0428,0.3486
2.2230,0.0006,1.1632,2.0598,0.3485
1.5866,0.0005,1.1970,1.7812,0.3372
1.4793,0.0005,1.1529,1.4667,0.3473
1.3432,0.0005,0.8854,1.3470,0.3309
1.3295,0.0005,0.7672,1.3295,0.3309
1.5983,0.0005,0.7345,1.5685,0.3434
1.9080,0.0005,0.8113,1.9185,0.3523
1.3295,0.0004,0.9100,1.3232,0.3522
1.5365,0.0005,0.7490,1.5274,0.3476
1.4214,0.0004,0.8475,1.3865,0.3611
1.0439,0.0004,0.9460,0.9905,0.3611
1.5465,0.0005,0.7905,1.5026,0.3595
1.5145,0.0005,0.7258,1.5737,0.3417
1.9223,0.0005,0.8927,2.0438,0.3384
1.5094,0.0005,0.8493,1.4748,0.3384
1.9662,0.0004,0.8332,1.8843,0.3372
1.6605,0.0004,0.8467,1.7750,0.3372
1.6447,0.0005,0.6049,1.5692,0.3449
1.3920,0.0005,0.7062,1.3402,0.3449
2.0185,0.0006,0.7767,1.8899,0.3430
1.6413,0.0005,1.0986,1.2281,0.3619
1.6233,0.0005,1.0978,2.1837,0.3619
1.4787,0.0003,1.0064,1.5297,0.3525
1.5997,0.0004,0.7421,1.3225,0.3397
1.5665,0.0004,0.8452,1.8499,0.3397
1.4738,0.0005,0.6835,1.4605,0.3414
1.3418,0.0004,0.7442,1.1348,0.3332
1.2732,0.0004,0.6460,1.4899,0.3625
1.3686,0.0004,0.8460,1.1675,0.3625
1.7005,0.0003,0.7813,1.7486,0.3513
2.1199,0.0007,0.5592,2.1760,0.3380
1.7242,0.0005,0.8603,1.7509,0.3565
1.7088,0.0004,1.0011,1.6110,0.3353
1.3971,0.0004,0.8182,1.5074,0.3496
1.4321,0.0006,0.6379,1.4082,0.3351
1.6659,0.0005,0.7207,1.6924,0.3554
1.4456,0.0004,0.6903,1.4337,0.3554
1.6849,0.0005,0.6294,1.6726,0.3389
1.8071,0.0007,0.7374,1.6942,0.3538
1.5714,0.0004,0.8101,1.6399,0.3557
1.3952,0.0005,0.7188,0.8414,0.3557
2.0913,0.0294,1.2387,2.3051,0.3676
1.4672,0.0007,1.2516,1.4505,0.3676
1.5258,0.0003,0.9803,1.7200,0.3285
1.5015,0.0004,0.8154,1.6969,0.3478
2.0151,0.0004,0.6388,1.8768,0.3464
1.8384,0.0003,0.7723,1.9409,0.3415
1.4701,0.0006,0.6971,1.4773,0.3532
1.5077,0.0005,0.6497,1.4800,0.3534
1.1899,0.0006,0.6851,1.1451,0.3534
1.7630,0.0005,0.7834,1.7726,0.3533
2.1021,0.0008,0.6771,1.9636,0.3540
2.1359,0.0006,1.0307,2.1486,0.3302
1.5237,0.0006,1.1576,1.6069,0.3694
1.5424,0.0005,0.7893,1.4990,0.3433
1.3081,0.0006,0.7650,1.3080,0.3433
1.7529,0.0005,0.6738,1.5586,0.3435
1.7558,0.0006,0.7385,2.0218,0.3435
1.4316,0.0004,0.7798,1.3938,0.3539
1.9404,0.0006,0.6099,1.6684,0.3423
1.7150,0.0005,0.6730,1.4208,0.3385
1.7038,0.0006,1.0416,1.7222,0.3419
1.6668,0.0003,1.2080,2.2098,0.3510
1.4270,0.0005,0.7895,1.4127,0.3510
1.3894,0.0004,0.8035,1.2371,0.3644
1.7980,0.0005,0.7608,1.4535,0.3454
1.9516,0.0004,0.6333,2.4340,0.3351
1.4196,0.0005,0.7198,1.3915,0.3375
1.6828,0.0004,0.7502,1.6808,0.3375
1.6642,0.0003,0.6735,1.6238,0.3351
1.6393,0.0004,0.7684,1.6707,0.3403
1.8754,0.0005,0.7944,1.8561,0.3709
1.7981,0.0005,0.7439,1.7033,0.3361
1.8280,0.0007,0.8380,1.8240,0.3361
1.5859,0.0004,0.7612,1.7175,0.3388
1.5225,0.0005,0.5917,1.2460,0.3397
1.6065,0.0004,0.7072,1.3968,0.3475
1.8791,0.0005,0.6543,1.9842,0.3464
1.4639,0.0007,1.0938,1.6749,0.3634
1.8619,0.0004,1.0328,1.8672,0.3407
1.2821,0.0005,0.7831,1.3975,0.3407
1.7803,0.0006,0.8562,1.7048,0.3674
1.4262,0.0005,1.1786,1.4633,0.3674
1.7367,0.0005,0.8778,1.3070,0.3524
2.1463,0.0006,0.7020,2.5558,0.3548
1.0598,0.0007,0.7426,0.8291,0.3548
1.9773,0.0004,0.8557,2.0752,0.3338
1.6774,0.0003,0.8604,1.8032,0.3338
1.8421,0.0004,0.6584,1.8645,0.3355
1.3152,0.0005,0.6932,1.2390,0.3348
1.7172,0.0004,0.7176,1.3197,0.3424
1.5886,0.0007,0.7010,1.8371,0.3457
1.8231,0.0005,0.7567,1.9952,0.3733
2.0205,0.0004,0.6669,2.0309,0.3545
1.5012,0.0003,0.6603,1.4131,0.3545
1.9630,0.0006,0.7380,2.0224,0.3692
1.3693,0.0005,0.8852,1.0209,0.3692
1.7760,0.0006,0.9232,1.6516,0.3456
1.6466,0.0007,0.6711,1.7631,0.3405
1.7830,0.0005,0.9404,1.9125,0.3370
2.0943,0.0007,0.8077,2.1500,0.3549
1.6627,0.0005,0.8924,1.7048,0.3748
1.4059,0.0005,0.8996,1.4687,0.3519
1.8411,0.0003,0.7267,1.6651,0.3413
1.2616,0.0003,0.8679,1.4699,0.3413
1.3855,0.0005,0.6480,1.3535,0.3297
1.4520,0.0005,0.6903,1.4618,0.3488
1.4567,0.0004,0.6828,1.4693,0.3778
1.3028,0.0005,0.6482,1.0976,0.3553
2.2900,0.0005,0.6560,2.0677,0.3308
1.7415,0.0004,0.8166,2.0774,0.3308
1.8919,0.0005,0.6573,1.8877,0.3352
1.5913,0.0005,0.7991,1.5983,0.3502
1.4782,0.0004,0.6905,1.3706,0.3599
1.7011,0.0005,0.7955,1.7438,0.3576
1.8872,0.0006,0.7768,1.9024,0.3540
1.4449,0.0004,0.7860,1.1229,0.3540
1.7560,0.0004,0.8189,2.0306,0.3374
1.7794,0.0004,0.8407,1.7962,0.3565
1.4242,0.0005,0.8529,1.4125,0.3397
1.6913,0.0005,0.7562,1.6990,0.3347
1.4835,0.0005,0.7594,1.4659,0.3936
1.3076,0.0004,0.9429,1.1232,0.3936
1.9171,0.0004,0.9573,2.1397,0.3483
1.6948,0.0004,0.6554,1.6329,0.3329
2.1072,0.0006,0.8451,2.1628,0.3476
1.5252,0.0005,0.6702,1.5627,0.3476
1.7641,0.0005,0.5984,1.7550,0.3543
1.8768,0.0004,0.5746,1.5478,0.3381
1.6389,0.0004,0.5514,1.9614,0.3398
1.6922,0.0005,0.5836,1.5872,0.3391
1.8077,0.0004,0.6343,1.8639,0.3388
1.7559,0.0004,0.6568,1.6382,0.3514
1.5454,0.0007,0.7971,1.3702,0.3514
2.2721,0.0006,0.7333,2.4749,0.3378
1.2635,0.0005,0.7617,1.3414,0.3422
1.4915,0.0004,0.7490,1.2604,0.3422
2.1556,0.0004,0.6522,2.3585,0.3410
1.4712,0.0004,0.7092,1.4802,0.3366
1.6823,0.0004,0.6553,1.6749,0.3366
1.5899,0.0006,0.6355,1.3786,0.3447
2.1458,0.0007,0.7949,2.3133,0.3617
1.5580,0.0006,0.7866,1.4164,0.3474
1.5915,0.0003,0.8949,1.7110,0.3474
1.3128,0.0004,0.9011,1.3368,0.3474
1.9151,0.0006,0.9051,1.9233,0.3444
1.5095,0.0004,0.6556,1.1940,0.3350
1.8230,0.0005,0.7409,2.1050,0.3614
1.2936,0.0003,0.7046,1.3252,0.3614
1.6653,0.0004,0.6980,1.5817,0.3344
1.7643,0.0006,0.6772,1.5245,0.3572
1.5884,0.0004,1.2056,1.2471,0.9192
1.4923,0.0004,1.3330,2.0887,0.9192
1.5399,0.0005,0.7752,1.5026,0.3618
1.4741,0.0004,0.8604,1.0837,0.3575
1.5477,0.0006,0.7294,1.6262,0.3372
1.7775,0.0004,0.8764,2.1186,0.3667
1.3785,0.0004,0.7139,1.3902,0.3440
1.1754,0.0004,0.5979,1.1747,0.3440
1.6760,0.0004,0.5746,1.6639,0.3496
1.5635,0.0004,0.5789,1.0657,0.3403
1.6072,0.0005,0.7124,2.0541,0.3495
1.6073,0.0005,0.8423,1.4847,0.3824
2.1034,0.0006,1.3333,2.0931,0.3522
1.5028,0.0004,0.8951,1.5438,0.3522
2.2401,0.0005,0.7421,2.2375,0.3467
1.3309,0.0004,0.8305,1.0539,0.3467
2.2315,0.0005,0.8596,2.4519,0.3448
1.1524,0.0005,0.7836,1.2834,0.3552
1.1630,0.0004,0.6625,1.1689,0.3355
1.9970,0.0004,0.6298,1.9629,0.3593
1.4556,0.0007,0.6731,1.3981,0.3593
1.6167,0.0004,0.8231,1.0607,0.3804
1.3478,0.0004,0.9688,1.9001,0.3804
1.4906,0.0004,0.7669,1.1568,0.3593
1.6485,0.0005,0.9938,1.9903,0.3509
1.6543,0.0005,0.6834,1.4970,0.3499
1.5472,0.0005,0.9678,1.5081,0.3499
1.6114,0.0005,0.7308,1.4687,0.3542
2.0651,0.0005,0.8167,2.3472,0.3511
1.5721,0.0003,0.7077,1.6165,0.3511
1.9944,0.0009,0.6883,1.6982,0.3376
2.0259,0.0007,1.2823,2.2171,0.3803
1.6337,0.0007,1.0988,1.6910,0.3803
1.6037,0.0007,0.9169,1.5789,0.3503
1.3275,0.0006,0.7844,1.2992,0.3430
1.5946,0.0006,0.7733,1.6158,0.3470
1.5823,0.0006,0.7418,1.3203,0.3399
1.6521,0.0006,0.8833,1.8342,0.3467
1.2842,0.0006,0.7703,1.3466,0.3467
1.6259,0.0004,0.7129,1.5917,0.3533
1.5078,0.0004,0.6487,1.3061,0.3362
2.2687,0.0005,0.8932,2.4019,0.3617
1.5530,0.0006,0.8872,1.5971,0.3617
1.9012,0.0004,0.8117,1.7782,0.3381
1.5872,0.0003,0.8634,1.5891,0.3381
1.4209,0.0003,0.9179,1.3193,0.3409
2.1419,0.0004,0.8155,2.3158,0.3463
1.0119,0.0004,0.7771,1.0667,0.3463
1.7775,0.0004,0.8039,1.8178,0.3504
1.8468,0.0006,0.6037,1.7357,0.3332
2.0104,0.0006,0.7511,1.9468,0.3543
1.7783,0.0007,0.9588,1.7679,0.3643
1.1655,0.0007,0.9949,1.2845,0.3643
1.8637,0.0004,0.7442,1.8575,0.3487
1.5281,0.0005,0.6568,1.4980,0.3529
1.5105,0.0008,0.7335,1.5191,0.3529
2.0948,0.0004,0.7543,1.9523,0.3518
1.4068,0.0004,0.9024,1.5003,0.3518
1.8475,0.0005,0.7834,1.8553,0.3410
1.7726,0.0006,0.7564,1.7458,0.3617
2.0038,0.0006,0.8387,1.9197,0.3617
2.3686,0.0005,1.0542,2.3501,0.3596
1.8663,0.0005,1.0334,1.9634,0.3447
1.9375,0.0006,0.9175,1.9309,0.3510
1.2079,0.0006,0.8314,1.0195,0.3510
2.0390,0.0006,0.6849,2.1466,0.3530
1.8601,0.0005,0.7844,1.8850,0.3449
1.4426,0.0006,0.7311,1.4667,0.3449
1.6797,0.0005,0.8750,1.6665,0.3412
1.9485,0.0007,0.7874,1.9336,0.3484
1.5790,0.0006,0.7729,1.5998,0.3484
1.8697,0.0005,0.7872,1.8107,0.3457
1.5850,0.0005,0.7442,1.6517,0.3457
1.9267,0.0005,0.6277,1.6700,0.3418
2.2258,0.0008,0.8677,2.3121,0.3457
1.6209,0.0004,1.1269,1.5736,0.3457
2.2962,0.0008,0.8818,2.3138,0.3281
1.5746,0.0008,0.9466,1.4460,0.3281
2.0173,0.0008,0.9200,2.0695,0.3548
1.7468,0.0004,1.3153,1.6851,0.3548
2.0463,0.0007,1.1489,2.1079,0.3326
1.8837,0.0006,0.9850,1.9662,0.3537
1.2321,0.0005,0.9237,1.1536,0.3537
2.1339,0.0008,1.0155,1.7921,0.3341
1.7730,0.0005,0.9745,2.1688,0.3463
1.6786,0.0006,0.9283,1.6198,0.3449
2.2195,0.0007,0.9779,2.3229,0.3354
1.1625,0.0006,0.9701,1.0879,0.3354
2.3674,0.0003,0.7998,2.3641,0.3565
1.5873,0.0005,1.0750,1.6410,0.3653
1.2819,0.0005,1.0122,1.1386,0.3653
1.6367,0.0004,0.9990,1.7792,0.3428
1.8502,0.0007,0.9190,1.7302,0.3336
2.1545,0.0007,0.9781,2.2177,0.3361
1.8602,0.0006,1.2620,1.8763,0.3396
2.2083,0.0008,1.0145,2.1790,0.3650
1.3630,0.0006,0.8837,1.3638,0.3338
1.5934,0.0009,0.9599,1.5520,0.3338
2.0803,0.0007,0.9665,1.9468,0.3869
1.7260,0.0008,1.1689,1.8435,0.3444
1.7510,0.0008,1.1287,1.7531,0.3496
1.9767,0.0005,0.9419,1.9676,0.3496
2.3068,0.0190,1.1208,2.1495,0.3618
1.3031,0.0006,1.1701,1.1822,0.3482
1.4961,0.0006,0.9665,1.8053,0.3482
2.1776,0.0007,0.9018,2.1588,0.3455
1.6792,0.0007,0.8749,1.6408,0.3455
1.9685,0.0004,1.0196,1.9802,0.3859
1.7720,0.0005,1.0292,1.7901,0.3859
1.6097,0.0005,0.9567,1.2655,0.3379
1.8823,0.0006,0.8244,2.2178,0.3390
1.6267,0.0006,0.8167,1.3679,0.3315
1.7244,0.0006,0.9502,1.8484,0.3563
1.2356,0.0007,1.1378,0.9760,0.3507
1.8279,0.0006,1.1972,2.1135,0.3491
1.3603,0.0004,0.8919,1.4662,0.3491
1.8043,0.0006,0.6702,1.5110,0.3469
1.8145,0.0013,0.8774,1.8790,0.3725
1.8811,0.0006,1.1903,1.9375,0.3432
1.7574,0.0007,0.9703,1.6815,0.3503
2.1037,0.0007,1.1005,2.2190,0.3606
1.5659,0.0005,0.8889,1.6146,0.3606
2.0711,0.0007,0.7519,2.0504,0.3344
1.7427,0.0006,0.8128,1.5972,0.3350
1.9280,0.0005,0.8930,1.8887,0.3415
1.4703,0.0005,0.9317,1.4416,0.3415
2.1177,0.0006,0.9245,2.3040,0.3755
1.9766,0.0006,0.8216,1.9888,0.3365
1.8033,0.0010,0.7678,1.7432,0.3365
1.6858,0.0006,0.9376,1.4407,0.3566
1.4942,0.0006,1.0988,1.7078,0.3701
1.5219,0.0006,0.8133,1.1236,0.3479
2.0047,0.0004,0.8731,2.4620,0.3514
1.4168,0.0004,0.8655,1.3233,0.3514
1.7525,0.0004,0.7488,1.7693,0.3354
2.5486,0.0007,0.7480,2.3607,0.3504
1.5375,0.0006,1.1584,1.3181,0.3597
1.8642,0.0005,1.1305,2.2377,0.3590
1.0909,0.0006,0.8412,0.9768,0.3590
1.6828,0.0006,0.7618,1.6798,0.3599
1.9376,0.0006,0.8092,2.1253,0.3511
1.6541,0.0007,0.7794,1.6379,0.3482
1.7135,0.0004,0.8727,1.5393,0.3482
2.1214,0.0005,0.7140,2.2629,0.3596
1.5513,0.0007,0.7592,1.5048,0.5372
1.4237,0.0007,1.0541,1.3451,0.5372
1.9715,0.0007,0.9150,2.0815,0.3583
1.5623,0.0006,0.9518,1.3493,0.3439
1.7249,0.0005,0.9586,1.8713,0.3384
1.8313,0.0005,0.7731,1.7934,0.3499
1.7796,0.0005,0.8266,1.7316,0.3588
1.3358,0.0003,0.8808,1.2011,0.3523
1.3680,0.0003,0.7815,1.3754,0.3523
1.4551,0.0004,0.6645,1.7362,0.3594
1.3766,0.0005,0.6268,1.2498,0.3590
2.0337,0.0005,0.7202,1.9374,0.5314
1.6827,0.0006,1.0137,1.8323,0.5314
1.8466,0.0004,1.0363,1.6746,0.3501
1.7376,0.0006,0.9700,1.8902,0.3489
1.3829,0.0008,0.7910,1.3844,0.3489
1.7405,0.0005,0.7310,1.6060,0.3524
1.7275,0.0007,0.9523,1.7871,0.3314
1.7409,0.0008,0.9653,1.7767,0.3349
2.0127,0.0007,0.9084,1.9987,0.3414
1.6873,0.0007,0.9112,1.6534,0.3414
1.6573,0.0008,1.5498,1.3875,0.3692
2.2534,0.0007,1.0555,2.5118,0.3380
1.4354,0.0005,0.8366,1.4829,0.3380
1.4943,0.0004,0.7780,1.5104,0.3533
1.6194,0.0006,0.6919,1.5855,0.3514
1.7893,0.0006,0.7211,1.7607,0.3556
1.7355,0.0006,0.8153,1.6438,0.3556
1.6327,0.0005,0.8276,1.4283,0.3475
1.9243,0.0007,0.9662,1.8631,0.3506
1.9770,0.0006,1.2106,1.8947,0.3536
1.4167,0.0006,1.2460,1.6924,0.3428
1.6785,0.0004,0.9368,1.8208,0.3463
1.6924,0.0005,0.7797,1.5634,0.3463
1.5986,0.0005,0.9228,1.7396,0.3507
1.6310,0.0005,0.8807,1.6131,0.3507
1.9416,0.0006,0.8644,1.8988,0.3564
1.5834,0.0005,0.9289,1.6303,0.3564
1.4956,0.0005,0.7773,1.2530,0.3547
2.2869,0.0006,0.7926,2.4031,0.3421
1.6905,0.0010,1.4263,1.6722,0.3474
2.0294,0.0009,1.3674,2.0543,0.3608
1.8312,0.0006,1.1852,1.8589,0.3403
1.7927,0.0006,1.0376,1.6951,0.3533
1.2218,0.0006,1.0604,1.3469,0.3533
2.0233,0.0006,0.8649,1.9815,0.3395
1.3576,0.0003,0.7676,1.3502,0.3496
1.3655,0.0005,1.0203,1.3590,0.3417
1.5721,0.0005,1.0434,1.1567,0.3417
1.9138,0.0005,0.8992,2.2587,0.3508
1.9636,0.0006,0.8356,1.9605,0.3370
1.8392,0.0005,1.0154,1.8273,0.5350
1.7271,0.0007,0.8688,1.6645,0.3512
1.9029,0.0003,0.8519,2.0413,0.3414
1.4254,0.0006,0.8513,1.2434,0.3370
1.7886,0.0006,0.7875,1.4586,0.3392
1.9234,0.0007,0.7895,1.9138,0.3369
2.3279,0.0007,1.0161,2.6861,0.3385
1.8132,0.0006,1.2521,1.7970,0.3445
2.0586,0.0005,1.0817,2.0478,0.3445
2.0412,0.0006,1.0955,2.0850,0.3341
1.5186,0.0005,1.0739,1.5065,0.3341
1.8677,0.0005,0.7341,1.9434,0.3452
1.5510,0.0005,0.7717,1.3228,0.3343
1.9937,0.0006,0.9481,2.0996,0.3590
1.2074,0.0004,1.0568,1.2198,0.3361
1.3406,0.0003,1.0259,1.2685,0.3361
2.0415,0.0004,0.6982,2.1960,0.3425
1.1727,0.0006,0.7406,1.1954,0.3751
1.8534,0.0005,0.8987,1.8008,0.3639
1.3501,0.0011,1.1162,1.0945,0.3639
1.4044,0.0007,1.0998,1.6234,0.3341
1.6860,0.0006,0.9680,1.7325,0.3341
1.3033,0.0004,0.7954,1.2789,0.3361
1.1683,0.0006,1.0453,1.1553,0.3343
1.5416,0.0006,0.9710,1.4561,0.3379
1.1550,0.0004,0.9508,1.2706,0.3379
1.4437,0.0004,0.9524,1.4497,0.3520
1.7374,0.0005,0.8198,1.7080,0.3448
1.0338,0.0005,0.9840,1.0157,0.3448
1.9732,0.0007,0.7565,1.8725,0.3538
1.7120,0.0003,0.9785,1.6467,0.3423
1.2426,0.0005,1.0065,1.4114,0.3423
1.5666,0.0004,0.7898,1.5498,0.3446
1.5763,0.0004,0.7711,1.3337,0.3650
2.1675,0.0006,0.8428,2.3367,0.3568
1.3807,0.0007,1.1950,1.1495,0.3568
1.6787,0.0007,1.0552,1.9479,0.3368
2.0723,0.0004,0.7621,1.6882,0.3352
1.6264,0.0005,0.9400,2.0005,0.3352
1.5458,0.0005,0.7819,1.4891,0.3645
1.7596,0.0005,0.9600,1.6456,0.3774
1.7953,0.0004,1.0566,1.9614,0.3705
2.1676,0.0005,0.9490,2.0814,0.3481
1.5533,0.0006,1.0643,1.4239,0.3598
0.9489,0.0004,1.0660,1.1362,0.3598
1.6736,0.0004,0.7724,1.5311,0.3653
2.0138,0.0007,0.7900,2.0783,0.3299
1.8566,0.0178,0.7820,1.8906,0.3429
1.8230,0.0008,0.8986,1.7159,0.3639
1.6812,0.0006,1.1716,1.7731,0.3707
1.3582,0.0008,0.9019,1.1538,0.3707
2.2802,0.0008,0.9548,2.3568,0.3416
1.3104,0.0007,0.9434,1.2383,0.3452
1.9691,0.0006,1.0058,2.1568,0.3538
1.4293,0.0006,0.8034,1.2990,0.3538
2.1104,0.0007,1.1245,2.2077,0.3586
2.0728,0.0009,0.8151,2.0015,0.3377
1.1828,0.0004,1.0551,1.1095,0.3377
1.9540,0.0005,0.9523,2.0667,0.3442
2.2156,0.0007,0.8854,2.0938,0.3654
0.9148,0.0004,1.0531,0.9971,0.3654
1.8650,0.0009,0.7713,1.7844,0.3611
1.5325,0.0008,0.9759,1.6853,0.3475
2.1140,0.0008,0.9935,2.0781,0.3331
1.6510,0.0006,0.8077,1.5948,0.3466
2.3374,0.0006,1.0717,2.3725,0.3561
1.4729,0.0005,0.9842,1.5116,0.3443
1.3721,0.0006,0.7961,1.1341,0.3443
1.7811,0.0008,0.9259,1.9078,0.3577
2.0240,0.0006,1.0218,1.9678,0.3746
1.2979,0.0007,1.0870,1.2115,0.3519
1.5386,0.0007,1.2353,1.6793,0.3519
1.2925,0.0004,1.0492,1.3456,0.3554
1.7979,0.0004,0.7181,1.3815,0.3504
1.5863,0.0006,0.7631,1.9417,0.3485
1.6396,0.0006,0.7695,1.2677,0.3426
1.7484,0.0005,0.7910,2.2094,0.3597
1.6072,0.0005,0.9139,1.5575,0.3597
2.0500,0.0006,0.7307,1.7713,0.3526
1.5673,0.0004,1.2008,1.8624,0.3526
2.3285,0.0005,0.9236,2.2083,0.3544
1.5949,0.0004,0.8594,1.5714,0.3478
1.1053,0.0005,0.9397,0.9107,0.3478
1.6082,0.0005,0.7834,1.6335,0.3454
2.2826,0.0005,0.9337,2.4530,0.3440
1.5175,0.0004,0.8672,1.4137,0.3421
1.1831,0.0004,0.9814,0.9610,0.3439
1.1871,0.0004,1.1530,1.3340,0.3439
1.4093,0.0005,1.0171,1.3620,0.3514
2.1929,0.0007,1.0105,2.4150,0.3889
1.5937,0.0006,1.0113,1.6633,0.3720
1.2243,0.0003,0.8421,1.2643,0.3720
1.7705,0.0007,0.7082,1.3024,0.3523
1.7085,0.0006,0.8774,1.8099,0.3569
1.5569,0.0006,1.0337,1.5594,0.3382
1.8419,0.0009,0.8263,2.0143,0.3355
1.5032,0.0005,0.9478,1.3470,0.3459
2.0419,0.0005,1.0946,2.2508,0.3474
1.4366,0.0007,0.8841,1.2778,0.3474
2.5457,0.0011,1.4976,2.5643,0.3562
1.5102,0.0004,1.0844,1.6680,0.3550
1.8119,0.0006,0.7828,1.6605,0.3442
1.4798,0.0161,0.9291,1.5463,0.3582
1.2922,0.0005,0.8919,1.3843,0.3582
1.3782,0.0006,0.7825,1.3822,0.3420
1.7645,0.0005,0.7491,1.6319,0.3366
1.2985,0.0004,0.8411,1.3684,0.3538
1.0579,0.0003,0.8590,0.8206,0.3538
1.6768,0.0006,0.7422,1.8509,0.3335
1.7804,0.0006,1.1165,1.5677,0.3347
2.1017,0.0007,1.1296,2.3865,0.3583
1.4904,0.0004,0.9091,1.5007,0.3583
1.9718,0.0005,0.8546,1.9309,0.3400
1.2366,0.0005,0.8416,1.0611,0.3400
1.6799,0.0008,0.8834,1.6752,0.3456
2.0705,0.0004,0.9509,2.2605,0.3383
1.5517,0.0007,0.7433,1.4715,0.3627
1.6770,0.0004,0.8665,1.6738,0.3627
1.8239,0.0008,0.8069,1.8059,0.6671
1.5042,0.0005,1.1096,1.4137,0.3809
1.6621,0.0005,1.0470,1.7576,0.3809
1.7928,0.0007,0.7842,1.5117,0.3389
1.9471,0.0007,0.8207,2.1353,0.3538
1.3269,0.0007,0.9842,1.4776,0.3538
2.0102,0.0005,0.7982,1.7710,0.3381
2.2390,0.0005,0.9361,2.3352,0.3541
1.5254,0.0005,0.9777,1.5697,0.3406
1.5636,0.0006,0.8749,1.2792,0.3406
2.2053,0.0010,1.0018,2.4697,0.3676
1.5210,0.0008,1.0581,1.5921,0.3676
1.8035,0.0004,0.8850,1.8022,0.3435
1.8610,0.0005,0.7671,1.7682,0.3430
1.3776,0.0006,0.8567,1.3903,0.3430
1.8264,0.0003,0.8378,1.8588,0.3493
2.1528,0.0005,0.7340,2.1565,0.3542
1.9142,0.0005,0.7728,1.8665,0.3390
1.3196,0.0006,0.7997,1.3168,0.3390
1.7716,0.0007,0.7748,1.5983,0.3396
1.8380,0.0006,1.0152,2.0256,0.3655
1.3439,0.0006,1.1704,1.2241,0.3566
1.7489,0.0009,0.9676,1.7590,0.3566
1.9433,0.0007,0.8751,1.6307,0.3450
1.6117,0.0008,0.8545,1.9175,0.3380
1.5872,0.0006,0.8578,1.6069,0.3574
1.6961,0.0006,1.1115,1.6729,0.3436
1.8286,0.0005,0.9850,1.8372,0.3436
1.8587,0.0007,0.8873,1.8797,0.3721
2.0279,0.0008,0.9040,1.9011,0.3978
1.6950,0.0007,1.1968,1.6307,0.3630
1.3033,0.0004,1.1308,1.4649,0.3630
1.6088,0.0008,0.9768,1.6234,0.3422
2.6432,0.0007,1.0557,2.5835,0.3288
1.4179,0.0008,1.0397,1.2800,0.3288
2.1356,0.0010,1.1002,1.9821,0.3468
1.6096,0.0008,1.2593,1.8671,0.3468
1.7653,0.0009,1.1920,1.8171,0.3469
2.2011,0.0008,0.9028,2.1442,0.3337
1.5110,0.0006,1.2439,1.5468,0.3863
1.5607,0.0007,0.9350,1.5892,0.3863
1.7362,0.0006,0.8809,1.6123,0.3467
2.1277,0.0008,0.8903,2.2208,0.3370
1.5966,0.0007,0.9259,1.5683,0.3370
1.7303,0.0008,0.9342,1.5692,0.3624
1.9038,0.0007,0.8877,1.9525,0.3362
1.4441,0.0005,1.0001,1.4980,0.3459
2.0344,0.0006,0.9550,2.0467,0.3419
2.0345,0.0010,0.8735,1.9236,0.3701
1.7609,0.0004,1.0858,1.4784,0.3461
1.5052,0.0004,1.1293,1.9390,0.3461
1.9020,0.0006,1.0168,1.5354,0.3475
1.9200,0.0007,1.0237,2.0411,0.3475
1.8442,0.0008,1.2517,1.9052,0.3456
1.5524,0.0008,1.0705,1.4473,0.3456
2.1179,0.0008,1.1913,2.3337,0.3427
1.7010,0.0011,1.2238,1.5475,0.3427
1.9168,0.0008,1.0298,1.8949,0.3738
2.2157,0.0006,1.1175,2.3317,0.3596
1.7621,0.0006,1.0590,1.7530,0.3623
2.0016,0.0007,1.2643,1.9772,0.3488
1.8630,0.0008,1.1189,1.7954,0.3442
1.4287,0.0007,1.2739,1.4269,0.3442
1.7591,0.0006,1.0524,1.8288,0.3310
1.9407,0.0006,0.9249,1.7244,0.3442
2.5397,0.0008,1.0981,2.7082,0.3413
1.7012,0.0007,1.1016,1.7728,0.3413
1.5085,0.0006,1.0018,1.5161,0.3584
1.7431,0.0008,0.9184,1.5398,0.3477
2.6352,0.0007,0.9602,2.6649,0.3429
1.8499,0.0006,1.2274,2.0006,0.3404
1.7746,0.0011,0.9634,1.8023,0.3527
1.7236,0.0003,0.7828,1.7126,0.3527
1.9588,0.0006,0.7589,1.8916,0.3372
2.1396,0.0010,0.9272,1.7662,0.5578
1.4802,0.0007,1.5790,1.5618,0.3566
1.2991,0.0005,1.2103,1.5240,0.3566
1.9235,0.0008,0.8051,1.9796,0.3470
1.5376,0.0007,0.8788,1.5340,0.3470
1.7016,0.0007,0.8726,1.6327,0.3547
1.5521,0.0006,0.8630,1.6302,0.3378
1.8814,0.0007,0.9650,1.3356,0.3572
2.1651,0.0007,0.9298,2.5875,0.3362
1.3564,0.0006,0.9513,1.1470,0.3362
1.8824,0.0007,1.1257,2.0764,0.3667
2.3081,0.0008,1.3831,2.3345,0.3736
1.5351,0.0007,1.3038,1.5778,0.3433
2.0790,0.0007,0.9831,2.0693,0.3316
1.9539,0.0009,1.0533,1.7615,0.3316
1.8711,0.0006,0.9862,2.0585,0.3479
1.7910,0.0007,0.8651,1.7545,0.3531
1.9790,0.0007,0.8516,1.7429,0.3375
1.9575,0.0007,0.9454,2.1435,0.3471
1.8754,0.0007,0.9843,1.9286,0.3792
1.6468,0.0006,0.9594,1.6644,0.3792
1.7133,0.0007,1.1289,1.6776,0.3470
1.9316,0.0007,1.0695,1.9537,0.3526
1.8345,0.0007,0.8536,1.8265,0.3486
1.4805,0.0006,0.8682,1.4888,0.3464
1.6714,0.0006,0.7898,1.5825,0.3464
1.5123,0.0005,0.8971,1.3910,0.3379
1.9149,0.0006,1.0171,1.6713,0.3379
1.7223,0.0008,1.1050,2.0475,0.3522
1.8385,0.0010,0.9784,1.8423,0.3619
1.6280,0.0009,1.1171,1.4057,0.3619
2.2816,0.0004,1.3121,2.4706,0.3523
1.4545,0.0005,0.9503,1.4670,0.3523
1.7291,0.0004,1.0893,1.8051,0.3389
1.9907,0.0005,0.8072,1.4775,0.3389
1.9958,0.0005,0.7383,2.4823,0.3364
1.4013,0.0005,0.7890,1.4110,0.3364
1.9271,0.0007,0.7388,1.3973,0.3527
1.3957,0.0006,1.3004,1.6865,0.3614
1.8912,0.0004,0.9716,1.9456,0.3526
1.3717,0.0005,1.0510,1.5178,0.3526
2.1385,0.0006,0.8865,2.1289,0.3527
2.0932,0.0006,0.7856,2.0584,0.3366
1.5258,0.0005,0.8233,1.5414,0.3454
1.6324,0.0007,0.7816,1.6440,0.3433
1.7440,0.0007,0.8245,1.7210,0.3433
1.7102,0.0005,0.9254,1.4750,0.3594
2.0125,0.0008,0.9606,2.1451,0.3538
1.5152,0.0007,1.0759,1.2411,0.3829
2.1889,0.0007,0.9955,2.5103,0.3491
1.4057,0.0004,0.8365,1.3947,0.3491
1.8413,0.0005,0.8555,1.8755,0.3329
1.6914,0.0006,0.7846,1.6743,0.3380
1.7141,0.0005,0.9082,1.7283,0.3360
1.7974,0.0004,0.7112,1.8123,0.3385
1.5439,0.0006,0.7258,1.5070,0.3449
1.3763,0.0006,0.8665,0.9454,0.3449
2.3669,0.0006,0.9966,2.4384,0.3804
1.0884,0.0009,1.6496,1.1835,0.3804
1.8165,0.0005,0.8329,1.7379,0.3583
2.0016,0.0009,0.9553,2.2591,0.3361
1.5182,0.0010,1.0040,1.2419,0.3361
1.7735,0.0010,0.9528,1.5882,0.3471
1.7268,0.0005,0.9857,2.0571,0.3328
1.8631,0.0007,0.8283,2.0154,0.3470
1.4749,0.0008,0.6860,1.3869,0.3477
2.1606,0.0006,0.8098,2.0359,0.3342
1.3449,0.0004,1.4609,1.0437,0.3342
1.9241,0.0180,1.1184,2.3129,0.3665
1.5462,0.0006,0.8408,1.5855,0.3356
1.7297,0.0005,0.8387,1.7144,0.3398
1.6748,0.0007,0.8786,1.5915,0.3623
2.0861,0.0006,0.9873,2.1461,0.3436
1.8842,0.0007,0.8388,1.8997,0.3460
2.3718,0.0008,0.7905,1.8512,0.3477
2.0262,0.0005,1.2970,2.4441,0.3474
1.7988,0.0005,1.5294,1.8399,0.3474
1.8138,0.0004,1.0181,1.8190,0.3733
1.8151,0.0003,0.9900,1.7236,0.3468
2.1238,0.0005,0.9835,2.1118,0.3437
1.5222,0.0004,0.9400,1.5814,0.3416
1.4374,0.0004,0.8597,1.2728,0.3574
2.0466,0.0008,0.8015,1.7601,0.3292
2.0281,0.0008,1.0731,2.4588,0.3292
2.0039,0.0007,1.0298,1.9860,0.3446
1.5763,0.0008,0.9367,1.4840,0.3446
2.0798,0.0008,1.1744,2.1739,0.3448
1.3872,0.0006,1.1293,1.4044,0.3382
1.3131,0.0004,0.7941,1.3284,0.3464
1.6735,0.0004,0.7466,1.6615,0.3364
2.0335,0.0005,0.7250,1.8238,0.3492
1.2689,0.0006,0.9925,1.3859,0.3501
1.8985,0.0006,1.3517,1.8659,0.3496
1.5858,0.0006,1.4462,1.3576,0.3496
1.8680,0.0008,0.8954,2.0756,0.3508
2.0712,0.0007,1.0267,1.9422,0.3773
1.6126,0.0006,1.1896,1.7900,0.3528
1.9374,0.0008,0.9234,1.9523,0.3447
1.8004,0.0006,1.1757,1.7341,0.3447
1.8467,0.0007,1.1351,1.8923,0.3398
1.8018,0.0009,0.8803,1.6712,0.3398
1.7595,0.0010,0.8276,1.6255,0.3493
1.7400,0.0008,0.9797,1.9188,0.3493
1.5685,0.0008,1.1327,1.5852,0.3396
2.0336,0.0013,0.8849,2.0083,0.3640
1.4079,0.0004,0.9640,1.4851,0.3363
1.6270,0.0007,1.0176,1.6343,0.3363
1.6496,0.0005,0.8096,1.5117,0.3440
1.4459,0.0004,0.8728,1.5645,0.3327
1.5744,0.0006,0.6995,1.5569,0.3427
2.0289,0.0006,0.6884,1.9709,0.3408
1.2942,0.0004,0.8628,1.3471,0.3408
1.7403,0.0004,0.8074,1.7391,0.3362
1.8011,0.0007,0.8769,1.7666,0.3375
2.5186,0.0005,0.7567,2.3689,0.3549
1.2110,0.0006,1.0028,1.3351,0.3549
1.5687,0.0006,0.8164,1.5875,0.3556
1.7915,0.0004,0.7406,1.7846,0.3415
2.0527,0.0007,0.8105,1.9034,0.3390
1.3785,0.0005,1.1224,1.1360,0.3390
2.0557,0.0006,1.0543,2.2255,0.3452
1.3671,0.0004,1.1385,1.2567,0.3452
1.9788,0.0004,0.8899,2.1399,0.3477
2.0545,0.0005,0.8720,1.9042,0.3995
1.6697,0.0007,1.5066,1.9069,0.3594
1.5797,0.0003,0.9799,1.5771,0.3594
1.8018,0.0004,0.7449,1.7553,0.3445
1.6760,0.0006,0.7872,1.6695,0.3385
1.5578,0.0005,0.8347,1.5356,0.3385
1.8447,0.0005,0.9458,1.6218,0.3447
2.0772,0.0007,0.8865,2.3346,0.3322
1.4612,0.0005,0.8585,1.5040,0.3409
1.8841,0.0010,0.7420,1.5410,0.3409
2.1138,0.0008,0.9168,2.3524,0.3633
1.5863,0.0007,0.9506,1.6236,0.3538
1.2238,0.0006,0.7990,1.0423,0.3538
1.9752,0.0007,0.8502,1.9169,0.3538
2.2002,0.0007,1.0888,2.2305,0.3715
1.3617,0.0006,1.0360,1.4807,0.3401
2.0084,0.0004,0.9641,1.9336,0.3649
1.2378,0.0004,0.8831,1.3286,0.3267
1.5256,0.0006,0.8049,1.5869,0.3267
2.2915,0.0008,0.6820,1.4788,0.3554
1.9511,0.0007,1.2075,2.6014,0.3754
1.2873,0.0005,1.1377,1.4132,0.3754
1.8395,0.0007,0.9350,1.3819,0.3484
2.1185,0.0006,0.8689,2.4527,0.3590
1.7081,0.0004,1.0680,1.7897,0.3590
1.6385,0.0004,0.7677,1.4592,0.3378
1.7894,0.0007,0.9606,1.8313,0.3430
1.8446,0.0006,1.0496,1.9584,0.3397
2.1101,0.0010,0.8854,2.0578,0.3544
1.4391,0.0007,1.0898,1.4977,0.3452
1.4697,0.0004,0.8621,1.1749,0.3452
2.2711,0.0006,0.8752,2.3352,0.3560
1.9441,0.0006,1.0857,2.1315,0.3530
1.7065,0.0006,0.9824,1.6891,0.3461
1.7204,0.0007,1.0741,1.6329,0.3513
1.7485,0.0007,1.0349,1.7408,0.3589
1.3448,0.0003,1.0630,1.3179,0.3589
2.3529,0.0007,0.7545,2.1616,0.3517
1.5170,0.0008,1.1819,1.7689,0.3746
1.6121,0.0007,0.9680,1.5402,0.3797
1.5370,0.0007,1.0482,1.5338,0.3438
1.9484,0.0005,0.9878,1.9721,0.3509
1.8994,0.0005,0.8541,1.7219,0.3478
2.1716,0.0008,0.9458,2.2895,0.3493
1.1581,0.0008,0.9426,1.2796,0.3493
1.9505,0.0005,0.7564,1.8678,0.3410
1.8095,0.0007,0.8328,1.7576,0.3558
1.5151,0.0006,1.0800,0.9139,0.3651
1.2343,0.0005,1.3893,1.9017,0.3651
1.7311,0.0009,0.8282,1.6491,0.3462
2.1873,0.0007,0.8834,2.2116,0.3344
1.7932,0.0009,0.9212,1.8122,0.3620
1.7373,0.0007,0.9239,1.5384,0.3430
1.9551,0.0004,1.0380,2.1813,0.3493
1.7416,0.0005,0.7910,1.6568,0.3493
1.6176,0.0006,0.8189,1.3459,0.3397
2.5009,0.0008,0.7743,2.6716,0.3451
1.5150,0.0004,0.9685,1.6613,0.3675
1.3442,0.0006,1.0997,1.1366,0.3675
2.0042,0.0007,0.8326,2.0932,0.3532
1.8448,0.0007,0.9106,1.6432,0.3411
2.3924,0.0010,1.0127,2.5211,0.3377
1.6413,0.0005,1.0023,1.7744,0.3447
1.3570,0.0007,0.7986,1.3623,0.3447
1.9784,0.0005,0.7304,1.8956,0.3396
1.8609,0.0006,0.7865,1.7787,0.3363
2.3440,0.0008,0.8623,2.3832,0.3406
1.7280,0.0004,1.0514,1.6924,0.3542
1.7543,0.0005,1.0099,1.8184,0.3542
1.8934,0.0004,0.8154,1.9422,0.3450
1.8610,0.0005,0.7063,1.8243,0.3596
1.4626,0.0005,0.7755,1.1055,0.3596
1.5948,0.0008,0.7804,1.8500,0.3405
2.1538,0.0006,0.7991,2.1392,0.3308
2.4137,0.0008,0.8969,2.4083,0.3489
1.9902,0.0009,1.0591,1.9132,0.8678
1.3977,0.0006,1.1360,1.5495,0.3474
1.8883,0.0006,0.8016,1.9008,0.3414
1.8574,0.0007,0.7584,1.6927,0.3360
1.9219,0.0006,0.9105,1.9902,0.3384
1.7492,0.0004,0.8581,1.8202,0.3561
1.5775,0.0004,0.7739,1.5134,0.3561
2.1271,0.0003,0.6975,2.1396,0.3366
2.1928,0.0007,0.6799,1.9289,0.3445
1.0643,0.0006,1.0490,1.2573,0.3715
1.9264,0.0005,1.0303,1.9817,0.3725
1.5614,0.0004,0.8654,1.5558,0.3556
1.4835,0.0006,0.8843,1.5032,0.3556
1.6620,0.0005,0.7242,1.3733,0.3471
2.2415,0.0006,0.7678,2.4677,0.3517
1.4983,0.0007,0.8015,1.3982,0.3517
1.3569,0.0006,0.9021,1.1700,0.3440
1.9882,0.0008,0.8220,2.2545,0.3593
1.1798,0.0007,0.9714,1.0015,0.3593
2.7724,0.0006,0.8819,2.7064,0.3532
1.3991,0.0004,1.1458,1.5155,0.3543
1.5559,0.0005,1.0372,1.5552,0.3543
2.3068,0.0008,0.8775,2.3608,0.3425
1.7188,0.0007,0.8384,1.7373,0.3496
1.3815,0.0007,0.8078,1.3182,0.3622
1.4915,0.0008,0.8506,1.5744,0.3622
1.5261,0.0006,0.7751,1.4818,0.3444
1.7624,0.0007,0.8790,1.5475,0.3488
2.4399,0.0007,1.0607,2.3673,0.5076
1.5602,0.0008,1.2040,1.5252,0.5076
1.5335,0.0007,1.1333,1.8055,0.3541
2.2203,0.0007,0.7672,2.2443,0.3474
1.5757,0.0006,0.8279,1.5757,0.3474
1.5923,0.0006,0.9467,1.5517,0.3520
2.1027,0.0006,0.7047,2.0914,0.3495
1.5375,0.0005,0.7570,1.4615,0.3453
1.2803,0.0012,0.8627,1.3105,0.3453
1.5623,0.0006,0.7304,1.4779,0.3558
1.8967,0.0006,0.8837,1.9882,0.3519
1.8236,0.0007,0.8893,1.6669,0.3779
2.2651,0.0006,0.9776,2.2704,0.3339
1.0726,0.0008,1.2291,1.1097,0.3295
1.4268,0.0005,0.9439,1.5585,0.3516
1.9321,0.0005,0.9014,1.8884,0.3516
1.7257,0.0006,0.8563,1.4019,0.3391
2.0437,0.0006,0.8698,2.2821,0.3748
1.7958,0.0006,1.2079,1.7479,0.3513
1.3720,0.0005,1.0738,1.4984,0.3513
1.8178,0.0007,0.9352,1.4541,0.3616
2.1617,0.0004,0.9852,2.5512,0.3585
1.6311,0.0004,0.8486,1.1714,0.3619
1.6674,0.0004,0.9256,2.1361,0.3485
1.3842,0.0005,0.6963,1.3769,0.3485
1.4844,0.0004,0.6461,1.4330,0.3317
1.4820,0.0004,0.7409,1.4736,0.3317
2.0334,0.0004,0.8916,1.9952,0.3419
1.3901,0.0006,0.8163,1.2758,0.3381
1.5887,0.0007,0.8144,1.5699,0.3383
2.2204,0.0009,1.0711,2.2093,0.3699
1.9480,0.0008,1.1497,1.8571,0.3449
1.1596,0.0004,1.2276,1.3277,0.3362
1.9114,0.0005,0.7807,1.8020,0.3362
1.7067,0.0005,0.8440,1.7742,0.3436
1.5578,0.0006,0.9281,1.5542,0.3436
1.9182,0.0005,0.8049,1.8697,0.3423
1.5387,0.0005,0.8424,1.5945,0.3488
1.7018,0.0005,0.7909,1.6860,0.3488
2.1484,0.0006,0.7498,2.0578,0.3955
1.4824,0.0006,1.2427,1.5059,0.3714
1.8053,0.0005,1.1147,1.8587,0.3433
1.2711,0.0006,0.7904,1.0017,0.3433
1.6920,0.0007,0.7231,1.8330,0.3419
1.7939,0.0005,0.7689,1.5904,0.3373
2.1329,0.0010,0.8857,2.4389,0.3377
1.7045,0.0006,0.8758,1.7409,0.3481
1.6395,0.0007,0.8401,1.5186,0.3481
1.6011,0.0005,0.9048,1.7373,0.3648
1.8429,0.0005,0.7157,1.7671,0.3725
1.3284,0.0004,0.8233,1.3802,0.3496
2.0860,0.0004,0.7423,1.9462,0.3623
1.1724,0.0003,0.8352,1.3046,0.3623
1.5407,0.0005,0.7223,1.4842,0.3665
1.7813,0.0011,0.7227,1.6455,0.3405
1.3233,0.0006,0.8957,1.5106,0.3405
1.8569,0.0007,0.7548,1.7752,0.3398
1.9327,0.0006,0.9154,1.8191,0.3331
1.6442,0.0008,1.1861,1.7559,0.3469
1.6310,0.0008,1.1205,1.5447,0.3469
2.4828,0.0007,1.0433,2.4805,0.3512
19.8303,0.0010,19.0844,1.2209,0.3573
1.3936,0.0004,1.3571,2.1147,0.3573
1.4175,0.0004,1.0669,1.0747,0.3573
1.9323,0.0005,0.7641,2.2906,0.3434
1.7030,0.0004,0.7622,1.5762,0.3458
1.5076,0.0006,0.8855,1.4146,0.3458
2.1414,0.0006,0.6932,2.3274,0.3406
1.1856,0.0006,0.8334,1.0940,0.3406
2.4220,0.0007,0.8380,2.3345,0.3604
1.0759,0.0005,1.0551,1.2527,0.3604
1.9266,0.0004,0.8108,1.7015,0.3440
2.0877,0.0006,0.8070,2.1992,0.3600
1.3936,0.0005,0.8928,1.4733,0.3392
1.4431,0.0004,0.7918,1.4867,0.3611
1.6371,0.0004,0.7266,1.6849,0.3664
1.1711,0.0004,0.8377,1.1912,0.3629
1.5331,0.0005,0.6136,1.5155,0.3629
1.5133,0.0006,0.6174,1.1041,0.3447
1.8548,0.0005,0.8823,2.1330,0.8512
1.6033,0.0006,0.8554,1.4065,0.3532
1.9189,0.0005,1.1102,2.1434,0.3482
1.7402,0.0004,0.8011,1.6357,0.3333
1.8483,0.0004,0.9947,2.0008,0.3352
1.5899,0.0002,0.7492,1.5994,0.3572
1.0817,0.0003,0.5722,1.0010,0.3544
1.7564,0.0004,0.6992,1.8229,0.3544
1.7851,0.0003,0.7159,1.5985,0.3608
2.1087,0.0006,0.6087,2.2364,0.3490
2.1021,0.0006,0.8370,1.9803,0.3404
0.9192,0.0004,1.1353,1.0788,0.3698
1.6124,0.0003,0.7768,1.6007,0.3448
1.4392,0.0003,0.7163,1.2755,0.3431
1.3654,0.0006,0.7717,1.4497,0.3431
1.4701,0.0004,0.6468,1.2612,0.3480
1.5107,0.0003,0.9322,1.7540,0.3441
1.4115,0.0004,0.6686,1.1091,0.3441
1.5642,0.0005,0.8181,1.5362,0.3312
1.4952,0.0005,0.7759,1.6595,0.3403
2.2563,0.0007,0.7203,2.2786,0.3781
1.0457,0.0006,0.9674,0.8705,0.3781
2.2877,0.0004,0.7972,2.4384,0.3437
1.2553,0.0002,0.7851,1.2983,0.3477
1.1274,0.0003,0.7759,0.9256,0.3477
1.9484,0.0004,0.6869,2.2239,0.3398
1.3975,0.0003,0.7166,1.2996,0.3402
1.3522,0.0004,0.7467,1.2848,0.3402
2.2989,0.0004,0.7349,2.4174,0.3534
1.3403,0.0008,0.7246,1.3295,0.3359
1.8410,0.0011,0.7061,1.3186,0.3359
1.8800,0.0006,1.2605,2.3766,0.3526
1.5650,0.0003,0.9702,1.1585,0.3526
1.8176,0.0006,0.6278,1.8825,0.3449
1.0962,0.0004,0.7491,1.4389,0.3464
2.0009,0.0004,0.9548,2.0359,0.3503
1.2434,0.0005,0.6362,1.1194,0.3503
1.1721,0.0003,0.7277,1.3096,0.3453
1.2976,0.0003,0.7006,1.2937,0.3585
1.9289,0.0006,0.5620,1.9087,0.3665
1.3738,0.0005,0.6904,1.1412,0.3360
2.4631,0.0011,1.0089,2.5364,0.3627
1.4990,0.0006,0.9699,1.4700,0.3352
1.3129,0.0004,0.9891,1.3984,0.3352
1.4363,0.0004,0.7157,1.3403,0.3446
1.6343,0.0006,0.7538,1.4519,0.3467
1.7672,0.0004,0.7185,1.6984,0.3357
1.4581,0.0006,0.8314,1.5418,0.3295
1.4662,0.0005,0.7151,1.5611,0.3373
2.1235,0.0004,0.7293,2.2845,0.3378
1.3816,0.0004,0.7809,1.3238,0.3378
1.9699,0.0006,0.9900,2.0022,0.3538
1.5247,0.0003,0.9329,1.1773,0.3538
1.6980,0.0005,0.8892,1.8502,0.3476
1.5688,0.0005,0.8111,1.7700,0.3440
1.4149,0.0005,0.8757,1.3976,0.3538
1.6977,0.0004,0.6344,1.2812,0.3448
1.9474,0.0004,0.6179,2.3765,0.3343
1.5521,0.0004,0.6485,1.3268,0.3343
1.4479,0.0005,0.7644,1.4012,0.3441
1.5504,0.0006,0.8262,1.7212,0.3363
1.8982,0.0012,0.8156,1.8673,0.3593
1.7005,0.0008,0.9309,1.5004,0.3862
1.8634,0.0006,0.8771,2.1291,0.3325
1.4284,0.0003,0.7313,1.4694,0.3495
1.4978,0.0004,0.6447,1.4366,0.3495
1.3992,0.0007,0.7462,1.2417,0.3408
1.7930,0.0005,0.8967,1.8975,0.3408
1.0792,0.0004,0.8276,1.0218,0.3433
1.5735,0.0005,0.6707,1.4445,0.3549
1.3538,0.0006,0.9644,1.5906,0.3472
1.7003,0.0005,0.8932,1.4620,0.3530
2.3776,0.0178,0.8551,2.3990,0.5203
1.5525,0.0006,1.0797,1.6368,0.3639
1.4421,0.0004,0.9313,1.5430,0.3639
1.7768,0.0004,0.9179,1.5561,0.3420
1.6868,0.0004,0.8067,1.6671,0.3412
1.6380,0.0005,0.7607,1.8042,0.3594
1.8809,0.0004,0.7266,1.6146,0.3594
1.9650,0.0004,1.0881,1.6907,0.3582
1.9246,0.0006,1.0568,2.4279,0.3376
1.4098,0.0007,0.8458,1.4659,0.3600
2.0072,0.0003,0.8233,1.9823,0.3589
1.4002,0.0004,0.7547,1.4012,0.3589
1.2233,0.0004,0.6905,1.1920,0.3641
1.8729,0.0004,0.7083,1.8295,0.3374
1.7101,0.0005,0.7775,1.6348,0.3374
2.1828,0.0005,0.7903,2.0454,0.3430
1.8951,0.0005,1.0448,2.1030,0.3430
1.4557,0.0004,0.8070,1.1729,0.3467
1.6758,0.0006,0.8916,1.4833,0.3364
1.7282,0.0007,1.1052,1.9481,0.3364
1.2478,0.0005,0.9877,1.4384,0.3743
1.6497,0.0007,0.8753,1.7085,0.3394
1.2361,0.0005,0.8661,0.8934,0.3394
1.6895,0.0005,0.7747,1.7375,0.3301
1.9191,0.0008,0.6683,2.2068,0.3435
1.8564,0.0006,0.8477,1.8579,0.3386
1.4358,0.0004,0.8950,1.5096,0.3386
1.9907,0.0004,0.6134,1.9986,0.3391
1.3526,0.0004,0.5879,1.3315,0.3391
1.7501,0.0006,0.5904,1.6987,0.3437
1.5839,0.0004,0.7454,1.5206,0.3960
1.7729,0.0004,0.8262,1.8396,0.3356
1.7501,0.0004,0.6877,1.7169,0.3356
1.4840,0.0004,0.7178,1.4858,0.3767
1.4713,0.0004,0.7739,1.3742,0.3767
2.1195,0.0005,0.7461,2.2112,0.3423
1.3531,0.0004,0.6139,1.3801,0.3423
1.6682,0.0004,0.6271,1.6588,0.3236
1.5700,0.0005,0.6118,1.0024,0.3236
1.4930,0.0005,0.8461,1.6373,0.3482
1.6726,0.0005,1.1855,1.8147,0.3897
1.6465,0.0005,0.8642,1.8397,0.3628
1.7350,0.0007,0.7579,1.4082,0.3437
1.8053,0.0005,0.7591,2.1373,0.3538
1.6140,0.0004,0.6945,1.4416,0.3330
1.9570,0.0004,0.7786,1.9701,0.3412
1.5527,0.0005,0.8862,1.6215,0.3324
1.5532,0.0004,0.8127,1.6025,0.3517
1.6903,0.0003,0.8409,1.4943,0.3462
1.5289,0.0005,0.8733,1.6506,0.3462
2.1982,0.0005,0.8821,2.1966,0.3467
1.2667,0.0004,0.8924,1.2451,0.3462
0.8635,0.0004,0.8584,1.0016,0.3462
1.4529,0.0005,0.6645,1.2938,0.3413
1.4459,0.0005,0.9486,1.5773,0.3594
1.5038,0.0004,1.0315,1.5012,0.3564
1.2608,0.0004,0.6460,1.2739,0.3408
1.3956,0.0004,0.6493,1.2510,0.3531
0.9177,0.0004,0.7478,0.7594,0.3531
1.3777,0.0005,0.7672,1.6746,0.3583
1.3047,0.0005,0.6549,1.0484,0.3583
1.8676,0.0005,0.6052,1.8433,0.3868
1.4936,0.0006,0.8652,1.4993,0.3691
1.2972,0.0004,1.3472,1.3977,0.3691
1.7085,0.0004,0.7930,1.5757,0.3605
1.3720,0.0003,0.9778,1.6137,0.3609
0.9357,0.0003,0.9392,0.8661,0.3609
1.5784,0.0002,0.6504,1.4907,0.3428
1.5237,0.0004,0.7456,1.6380,0.3492
1.2644,0.0003,0.7188,1.3073,0.3588
1.3745,0.0003,0.6458,1.3452,0.3541
1.6003,0.0007,0.7033,1.3449,0.3541
1.7112,0.0005,0.8706,1.9404,0.3705
1.4053,0.0005,0.8377,1.0573,0.3777
1.2040,0.0005,1.0390,1.2605,0.3777
1.6594,0.0004,0.8701,1.5938,0.3430
1.3136,0.0004,0.9734,1.5740,0.3430
1.2623,0.0004,0.8044,1.3752,0.3642
1.3947,0.0005,0.7184,1.3627,0.3466
1.3223,0.0005,0.6511,1.2704,0.3542
1.7582,0.0004,0.6921,1.6804,0.3280
1.5038,0.0005,0.8264,1.2473,0.3456
1.5243,0.0006,0.6715,1.9148,0.3330
1.5783,0.0005,0.6302,1.4460,0.3441
1.4167,0.0008,0.6876,1.4695,0.3441
1.2007,0.0006,1.0039,0.9464,0.3799
1.5845,0.0003,1.0262,1.8783,0.3857
1.4114,0.0003,0.6863,1.2276,0.3554
1.8726,0.0004,0.6824,2.0640,0.3428
1.6293,0.0004,0.6324,1.6343,0.3473
1.2432,0.0004,0.6100,0.8397,0.3473
1.2901,0.0004,0.7287,1.6346,0.3457
2.2482,0.0003,0.7668,2.1388,0.3391
0.8562,0.0003,0.9157,0.8343,0.3391
1.9170,0.0006,0.6679,2.0768,0.3573
1.2054,0.0007,0.7191,1.1339,0.3573
1.5740,0.0006,0.8539,1.4514,0.3784
1.5095,0.0005,0.8419,1.5246,0.3941
1.8361,0.0006,0.9083,1.8920,0.3473
1.6675,0.0003,0.8578,1.6106,0.3635
1.2896,0.0004,0.7842,1.4183,0.3635
1.9159,0.0004,0.6123,1.7690,0.3291
1.1858,0.0004,0.7786,1.2278,0.3508
1.4115,0.0004,0.6822,1.4916,0.3431
1.5578,0.0004,0.6404,1.4534,0.3515
1.3932,0.0005,0.6111,1.3529,0.3451
1.8046,0.0009,0.6192,1.5467,0.3665
2.0106,0.0006,0.8787,1.9579,0.3431
1.5316,0.0006,0.9784,1.5248,0.3370
1.7610,0.0006,0.7294,2.1815,0.3391
1.1749,0.0004,0.7567,1.1844,0.3391
1.6038,0.0005,0.9197,1.2782,0.3442
1.6912,0.0003,0.9685,1.9481,0.3675
1.6146,0.0004,0.7159,1.3780,0.3339
1.3877,0.0004,0.8643,1.5371,0.3339
1.7657,0.0006,0.6357,1.8338,0.3539
1.6003,0.0006,0.6765,1.3443,0.3377
1.9276,0.0162,1.3673,1.7979,0.3967
1.7315,0.0006,1.1857,2.0459,0.3403
1.0183,0.0004,0.8022,0.9916,0.3403
1.8079,0.0004,0.8748,1.8443,0.3720
1.8167,0.0004,0.7425,1.8237,0.3535
1.3970,0.0005,0.7272,1.2510,0.3581
1.4187,0.0002,0.8266,1.4375,0.3581
1.5587,0.0003,0.6214,1.5526,0.3495
1.5742,0.0004,0.5733,1.7768,0.3398
2.2622,0.0006,0.5414,1.7613,0.3555
1.3241,0.0005,1.4825,1.7525,0.3471
1.8723,0.0005,0.9062,1.7930,0.3485
1.2999,0.0006,0.8368,1.2787,0.3485
1.9964,0.0007,0.9553,2.0542,0.3466
1.1581,0.0004,0.7886,1.0797,0.3466
1.5714,0.0004,0.6840,1.6944,0.3513
1.9975,0.0006,0.7091,1.9525,0.3480
1.5807,0.0005,0.8543,1.5764,0.3422
1.0671,0.0006,0.6850,1.1330,0.3422
1.5466,0.0005,0.6872,1.3689,0.3407
2.2955,0.0006,0.8436,2.0286,0.3695
1.0229,0.0007,1.1803,1.3045,0.3695
1.9061,0.0006,0.8542,2.0110,0.3466
1.3059,0.0004,0.8426,1.0396,0.3466
2.2173,0.0006,0.6446,2.3572,0.3409
1.3346,0.0003,0.8051,1.3849,0.3511
1.4410,0.0003,0.7441,1.5102,0.3418
1.0641,0.0003,0.6082,1.0861,0.3418
1.5227,0.0003,0.6023,1.4827,0.3349
1.4386,0.0004,0.6317,1.2060,0.3349
1.5453,0.0004,0.8820,1.6210,0.3518
2.3284,0.0011,1.0353,2.3462,0.3936
1.2670,0.0007,1.0698,1.3486,0.3936
2.2206,0.0006,0.8898,2.2096,0.3386
1.3411,0.0007,0.7646,1.0245,0.3386
1.6416,0.0006,0.8461,1.9872,0.3602
1.8111,0.0004,0.8425,1.8134,0.3545
1.2742,0.0003,0.6332,1.2126,0.3545
1.6181,0.0005,0.6789,1.6481,0.3570
1.2380,0.0005,0.6383,1.1608,0.3632
1.3649,0.0005,0.7643,1.2566,0.3597
1.4394,0.0007,0.8053,1.1645,0.3597
1.6483,0.0007,0.8665,1.9389,0.3750
1.4560,0.0007,0.7758,1.5389,0.3680
1.7527,0.0006,0.7040,1.4977,0.3483
1.2976,0.0005,0.8810,1.5965,0.3483
1.4070,0.0006,0.8481,1.4109,0.3450
1.7998,0.0006,0.6818,1.8197,0.3478
1.4137,0.0005,0.7066,1.0902,0.3509
1.8227,0.0007,0.8284,1.5783,0.3517
1.2727,0.0005,0.8549,1.7551,0.3517
1.3340,0.0005,0.9821,1.2762,0.3666
1.2546,0.0007,0.8654,1.1227,0.3666
1.6422,0.0006,0.8089,1.7946,0.3686
1.6402,0.0004,0.8918,1.6314,0.3457
1.4026,0.0004,0.9056,1.4113,0.3457
1.1020,0.0004,0.7090,1.0092,0.3633
1.9976,0.0006,0.7085,2.1354,0.3450
1.7613,0.0004,0.7821,1.7446,0.3532
1.3712,0.0006,0.6332,1.3665,0.3532
1.6911,0.0005,0.7189,1.6483,0.3738
2.0068,0.0004,0.7088,2.0383,0.3577
1.4105,0.0004,0.6720,1.4082,0.3577
1.4180,0.0005,0.6708,1.3998,0.3421
1.3114,0.0006,0.7485,1.2728,0.3878
1.9211,0.0008,0.7058,1.9660,0.3821
1.3259,0.0004,0.6754,1.3333,0.3601
1.3076,0.0004,0.8326,1.2549,0.3601
1.6884,0.0004,0.6600,1.3119,0.3455
1.5455,0.0004,0.7172,1.5332,0.3392
1.9099,0.0004,0.7958,2.2128,0.3554
1.5416,0.0004,0.7459,1.4028,0.3554
1.5533,0.0004,0.6945,1.6398,0.3463
1.9719,0.0006,0.8514,2.0633,0.3589
2.0692,0.0004,0.8772,1.8715,0.3552
1.3664,0.0005,1.1258,1.5743,0.3567
1.3553,0.0005,0.8922,1.3741,0.3432
1.2978,0.0005,0.8563,1.3032,0.3432
1.5709,0.0005,0.6280,1.2039,0.3623
1.5784,0.0005,0.6833,1.8772,0.3411
1.6081,0.0006,0.8204,1.5312,0.3537
2.0436,0.0005,0.9824,2.0673,0.3777
1.2547,0.0005,0.8475,1.1657,0.3777
1.8385,0.0007,0.6479,1.9579,0.3462
1.8006,0.0006,0.7046,1.8174,0.3510
1.6236,0.0005,0.8109,1.4091,0.3454
1.5354,0.0006,0.6963,1.5776,0.3413
1.3173,0.0005,0.6483,1.4944,0.3473
2.1852,0.0005,0.6798,1.8756,0.3538
1.8303,0.0005,0.8449,2.0793,0.3538
1.7724,0.0004,0.8430,1.7599,0.3408
1.6995,0.0005,0.9822,1.7376,0.3428
1.7582,0.0004,0.7065,1.7690,0.3457
1.7847,0.0007,0.6252,1.6496,0.3625
1.3899,0.0006,0.9154,1.4558,0.3625
1.6231,0.0004,0.9280,1.6588,0.3522
1.4685,0.0005,0.6824,1.3542,0.3385
1.5615,0.0003,0.7683,1.6707,0.3456
1.4790,0.0008,0.6616,1.4760,0.3456
2.0212,0.0005,0.7736,1.9124,0.3376
1.3447,0.0005,0.8461,1.2613,0.3344
1.7666,0.0004,0.6280,1.7564,0.3479
1.7713,0.0004,0.7230,1.7933,0.3417
1.9437,0.0005,0.7093,2.0533,0.3380
1.2166,0.0006,0.6671,0.9953,0.3674
1.4706,0.0005,0.7233,1.6893,0.3999
1.9821,0.0005,0.6445,1.3892,0.3463
1.5732,0.0005,0.9030,1.9645,0.3463
2.1475,0.0005,0.8206,2.2638,0.3488
1.4032,0.0005,0.7437,1.4074,0.3374
1.1443,0.0006,0.6672,1.1851,0.3374
1.6858,0.0007,0.6753,1.2539,0.3484
2.1083,0.0007,0.8115,2.5038,0.3343
1.1575,0.0003,0.6425,1.1778,0.3343
1.8207,0.0007,0.7775,1.7117,0.3468
1.5022,0.0005,0.7584,1.5487,0.3905
1.1288,0.0005,0.8680,1.0413,0.3905
1.5064,0.0004,0.7986,1.3489,0.3472
2.0011,0.0006,0.7725,2.2356,0.3472
1.4735,0.0003,0.9746,1.4884,0.3471
1.5053,0.0004,0.7250,1.1931,0.3471
1.7061,0.0004,0.7825,2.0018,0.3515
1.7219,0.0006,0.7173,1.6305,0.3479
1.7640,0.0008,0.7611,1.7239,0.3410
1.8002,0.0004,0.9103,1.6549,0.3448
1.4177,0.0005,0.9874,1.5162,0.3865
2.0677,0.0003,0.7759,2.0516,0.3702
1.1042,0.0005,0.9154,0.7790,0.3606
1.1877,0.0004,1.1061,1.6491,0.3606
1.8478,0.0004,0.6616,1.8063,0.3457
1.6573,0.0004,0.7260,1.6786,0.3432
1.5202,0.0003,0.8257,1.4849,0.3706
1.3209,0.0003,0.8425,1.3492,0.3479
1.0994,0.0003,0.6123,1.0476,0.3479
1.3300,0.0004,0.6069,1.3893,0.3433
1.5721,0.0005,0.6302,1.3957,0.3433
1.6221,0.0006,0.6595,1.7231,0.3487
1.8545,0.0011,0.8083,1.8459,0.3572
0.9419,0.0008,0.8381,0.8827,0.3572
1.6279,0.0003,0.7328,1.3869,0.3621
1.8706,0.0006,0.7840,2.2051,0.3442
1.7605,0.0006,0.6526,1.7505,0.3487
1.4776,0.0004,0.7037,1.4594,0.3625
1.6086,0.0004,0.6815,1.5211,0.3456
1.1751,0.0005,0.7493,1.2368,0.3456
1.4266,0.0004,0.7655,1.0188,0.3526
1.8394,0.0005,0.7172,2.2082,0.3451
1.9423,0.0006,0.7659,1.9028,0.3759
1.4752,0.0007,1.0840,1.2109,0.3759
