frame_ms,scenario_ms,game_ms,render_ms,gpu_ms
0.9426,0.0003,0.8878,1.0950,0.3307
20.8290,0.0008,15.9405,1.3701,0.3679
2.3244,0.0009,4.5139,1.3860,0.3679
1.8423,0.0007,2.2352,1.0827,0.4614
1.8211,0.0005,1.7952,1.0541,0.4348
1.2804,0.0005,1.7326,1.0541,0.4348
1.1675,0.0005,1.1888,1.0775,0.4388
1.1229,0.0004,1.1663,0.9050,0.4482
1.3682,0.0005,1.0765,1.6082,0.4311
1.7051,0.0004,1.1563,1.0174,0.4396
1.3776,0.0003,1.8819,1.0174,0.4384
1.6405,0.0004,1.3189,1.0430,0.4548
1.7683,0.0005,1.5792,1.0868,0.4425
1.0457,0.0003,1.7181,1.5920,0.4546
1.0020,0.0005,1.0012,1.0733,0.3480
1.3757,0.0005,0.9214,1.2468,0.3480
1.4605,0.0004,1.0272,1.4652,0.3526
1.3694,0.0004,1.3595,1.4573,0.3452
0.9534,0.0004,0.9748,0.9555,0.3462
1.2342,0.0003,0.9562,1.1419,0.3462
1.5215,0.0003,1.1050,1.4072,0.3307
1.1141,0.0004,1.4552,1.3334,0.3495
1.3610,0.0005,0.9838,1.0067,0.3510
1.4182,0.0008,1.5221,1.0631,0.3513
1.0554,0.0005,1.2735,1.1713,0.3504
1.8571,0.0007,1.2750,1.4822,0.3692
1.1248,0.0005,1.6527,1.5754,0.3767
1.3936,0.0005,1.0748,1.5571,0.3644
1.3039,0.0004,1.0378,1.2595,0.3644
1.8798,0.0005,1.0445,1.6225,0.3588
1.1909,0.0005,1.4114,1.0724,0.3491
1.3933,0.0004,1.0424,1.6983,0.3505
1.4874,0.0005,1.1253,1.3805,0.3505
1.7001,0.0004,1.2187,1.6556,0.3669
1.1972,0.0005,1.2247,1.3342,0.3474
2.1837,0.0007,1.0425,1.8522,0.3404
2.0462,0.0007,1.3612,1.9848,0.3990
1.7291,0.0005,1.7967,0.8546,0.3706
1.0234,0.0003,1.4476,1.0889,0.3713
0.9234,0.0002,0.9362,0.9754,0.3450
1.3963,0.0003,0.9152,1.5084,0.3450
2.1343,0.0004,1.0005,2.1561,0.3493
1.3094,0.0003,1.0530,1.3427,0.3493
1.6673,0.0003,0.9414,1.5405,0.3357
1.3545,0.0003,1.1827,1.3571,0.3357
1.9394,0.0006,1.2569,1.2766,0.3666
1.5125,0.0006,1.8855,1.3744,0.3347
1.3442,0.0006,1.5787,1.3434,0.3347
1.4789,0.0004,1.1539,1.5947,0.4002
1.3388,0.0004,1.4175,1.4829,0.3453
1.5820,0.0004,1.0073,1.7252,0.3453
1.6193,0.0003,0.9308,1.5858,0.3435
1.3239,0.0002,1.0218,1.2750,0.3435
1.7483,0.0003,1.0291,1.6995,0.3400
1.4303,0.0004,1.0818,1.4520,0.3400
2.0640,0.0005,0.9379,1.9811,0.3388
1.4968,0.0005,1.3087,1.0246,0.3528
1.0069,0.0004,1.3775,1.1942,0.3403
1.7631,0.0004,0.9261,1.9359,0.5410
1.5281,0.0006,1.0396,1.4927,0.3627
1.1182,0.0006,1.0695,0.9367,0.3627
1.6206,0.0005,0.9759,1.5699,0.3568
1.3746,0.0005,1.2344,1.2922,0.3601
1.4581,0.0004,1.1582,1.6164,0.3538
1.3860,0.0004,1.3484,1.1397,0.3512
1.3856,0.0003,1.3077,1.5400,0.3413
1.5514,0.0003,1.1511,1.5575,0.3413
1.7600,0.0003,1.1897,1.8812,0.3482
1.4891,0.0004,1.1273,1.3770,0.3663
1.6514,0.0006,1.1939,1.7833,0.3315
1.4258,0.0005,1.1920,1.4769,0.3806
1.5539,0.0004,1.2035,1.5578,0.3806
1.6750,0.0005,1.0113,1.5596,0.3390
1.2846,0.0004,1.2423,1.0700,0.3500
1.3959,0.0006,1.2530,1.6527,0.3500
1.3525,0.0003,1.0803,1.4097,0.3453
2.3028,0.0004,1.0520,2.2398,0.3709
1.2619,0.0005,1.3491,1.3015,0.3480
1.3552,0.0004,0.9931,1.1020,0.3395
1.2488,0.0004,1.2028,1.3155,0.3395
1.8792,0.0005,0.9417,2.0036,0.3571
1.6462,0.0005,1.0560,1.6709,0.3939
1.0713,0.0005,1.0813,1.1104,0.3939
1.6097,0.0005,0.9833,1.3694,0.3462
1.3989,0.0004,1.1605,1.5584,0.3440
1.3341,0.0004,0.9853,1.3704,0.3452
1.5233,0.0004,0.9683,1.1066,0.3521
1.6280,0.0005,1.0082,2.0395,0.3589
1.2258,0.0003,0.9774,1.0167,0.3476
1.6934,0.0003,1.1228,1.5755,0.3378
1.5751,0.0005,1.0107,1.9054,0.3373
1.6160,0.0007,0.9534,1.3682,0.3607
1.5606,0.0005,1.0832,1.5500,0.3782
1.3032,0.0005,1.1003,1.3316,0.3512
1.2098,0.0007,1.0394,1.2081,0.3590
1.0924,0.0005,0.9669,1.0124,0.3590
1.4690,0.0004,0.9127,1.5348,0.3503
1.9638,0.0004,1.0018,1.9121,0.3308
1.3344,0.0004,1.0700,1.0802,0.3414
1.4759,0.0004,1.2321,1.6197,0.3397
1.8439,0.0005,1.0165,1.9261,0.3620
1.4217,0.0004,1.0355,1.4362,0.3435
1.4392,0.0005,1.0194,1.3992,0.3674
1.3595,0.0004,1.1769,1.1556,0.3674
2.0353,0.0003,1.2163,2.2590,0.3464
1.2936,0.0004,1.1096,1.1605,0.3467
1.2715,0.0006,1.2157,1.4009,0.3467
1.7500,0.0004,1.3083,1.2714,0.3813
1.0451,0.0005,1.5548,1.3057,0.3580
1.3958,0.0004,1.0259,1.3674,0.3580
1.5359,0.0004,1.2805,1.6064,0.3504
1.3824,0.0004,1.1808,1.5411,0.3412
1.3229,0.0004,0.9907,1.0758,0.3412
1.8892,0.0006,0.9606,2.0835,0.3486
1.5638,0.0005,1.0371,1.5519,0.3449
1.4879,0.0005,1.1861,1.0762,0.3556
1.4732,0.0004,1.5634,1.5809,0.3556
1.6349,0.0006,1.2821,1.8252,0.3635
1.6868,0.0004,1.0370,1.8457,0.3565
1.3719,0.0004,0.9717,1.0204,0.3505
1.5359,0.0004,1.2362,1.6133,0.3505
1.7528,0.0004,1.0642,2.0168,0.3384
1.3358,0.0003,0.9536,0.9135,0.3439
1.2062,0.0004,1.2164,1.3928,0.3439
1.9286,0.0004,1.0466,2.1211,0.3382
1.5698,0.0005,1.1623,1.4008,0.3600
1.6587,0.0006,1.4806,1.6005,0.3599
1.3991,0.0004,1.5165,1.2360,0.3528
1.1105,0.0003,1.3695,1.4184,0.3528
1.5066,0.0004,1.0015,1.3158,0.3625
1.6059,0.0002,0.9472,1.9040,0.3456
1.5395,0.0004,0.9054,1.2058,0.3456
1.6692,0.0003,0.9328,1.9852,0.3434
1.4507,0.0003,1.0612,1.4122,0.3434
1.3380,0.0004,0.9108,1.1430,0.3335
2.1439,0.0006,0.9088,2.1499,0.3385
2.0391,0.0007,1.3946,0.8784,0.3433
1.4045,0.0004,2.0892,1.6547,0.3745
1.2182,0.0003,1.1536,1.4139,0.3498
1.5354,0.0003,1.2849,1.5750,0.3373
1.4980,0.0006,1.3076,0.9589,0.3664
1.0098,0.0005,1.2990,0.8086,0.3463
0.9779,0.0007,0.9197,1.2271,0.3463
1.3298,0.0005,0.8999,1.2165,0.3399
1.6548,0.0004,1.0586,1.6839,0.3399
1.4348,0.0004,1.1315,1.3733,0.3424
1.4044,0.0006,1.0247,1.5263,0.3303
1.8237,0.0005,1.0235,1.7441,0.3604
1.3646,0.0004,1.1853,1.4142,0.8627
1.4020,0.0003,1.2102,1.3581,0.3524
1.4174,0.0004,1.1669,1.2216,0.3472
1.7802,0.0006,0.9650,1.9871,0.3419
1.3014,0.0004,1.0077,1.3180,0.3419
1.6325,0.0004,1.0384,1.3520,0.3485
1.6311,0.0003,1.3198,1.9004,0.3509
1.6130,0.0004,0.9808,1.6205,0.3575
1.4629,0.0003,1.0609,1.4362,0.3400
2.0731,0.0008,0.9545,1.9808,0.3835
1.3816,0.0005,1.2562,1.2395,0.3835
1.6267,0.0006,1.3279,1.6132,0.3763
1.6170,0.0007,1.2522,1.6477,0.3414
1.1541,0.0003,1.3142,1.3509,0.3414
1.9733,0.0004,1.0376,1.9471,0.3552
1.1746,0.0007,1.1282,0.8732,0.3653
1.3022,0.0003,1.2568,1.4736,0.3521
1.6591,0.0003,1.1627,1.6720,0.3560
1.4323,0.0003,1.4124,1.5538,0.3404
1.3664,0.0003,1.0472,1.1631,0.3404
2.0848,0.0004,1.2139,2.2278,0.3732
1.5470,0.0006,1.4229,1.1170,0.3572
1.4440,0.0005,1.7275,1.5856,0.3425
1.1292,0.0004,1.3544,1.4487,0.3425
1.5456,0.0003,0.9524,1.2218,0.3461
1.6454,0.0003,1.1547,1.7522,0.3343
1.3869,0.0005,1.2515,1.2273,0.3430
1.0939,0.0004,1.3391,1.3387,0.3430
1.2618,0.0005,0.9602,1.2689,0.3546
1.7145,0.0005,0.9838,1.7063,0.3472
1.9547,0.0004,1.0207,2.0102,0.3472
1.7640,0.0007,1.0794,1.4863,0.3547
1.2815,0.0007,1.4332,1.3740,0.3899
1.0360,0.0006,1.1482,1.1046,0.3765
1.5430,0.0005,1.0753,1.3110,0.3453
1.4714,0.0004,1.2156,1.8238,0.3453
1.2698,0.0005,0.9573,1.1052,0.3495
1.3021,0.0004,1.1609,1.4509,0.3495
1.3551,0.0004,0.9698,1.1639,0.3316
2.0625,0.0005,0.9590,2.1967,0.3406
1.2243,0.0006,1.1125,1.0353,0.3364
1.5247,0.0006,1.1934,1.7387,0.3364
1.9492,0.0007,1.0465,1.7489,0.3413
1.4744,0.0004,1.2705,1.5661,0.3413
1.8234,0.0004,1.4023,1.7885,0.3642
1.8709,0.0007,1.2843,1.9137,0.3457
1.2760,0.0003,1.1746,1.3495,0.3457
1.4987,0.0004,1.0244,1.4451,0.3568
1.3528,0.0005,0.9573,1.1932,0.3586
2.0685,0.0009,0.9697,2.2170,0.3533
1.6952,0.0007,1.2281,1.5277,0.3435
1.2156,0.0010,1.4158,1.3564,0.3636
1.0756,0.0005,1.0045,1.0423,0.3636
1.3203,0.0004,1.0839,1.3933,0.3416
1.7842,0.0008,1.4817,1.7316,0.6682
1.5267,0.0007,1.5983,1.1812,0.3693
1.5303,0.0004,1.5841,1.5431,0.3422
1.6189,0.0004,1.3180,2.0128,0.3438
1.5654,0.0006,0.9103,1.5528,0.3545
1.3363,0.0005,0.9544,1.1121,0.3545
1.7932,0.0005,1.1634,1.8806,0.3352
1.6019,0.0007,1.4390,1.1528,0.3431
1.1018,0.0004,1.4348,1.1574,0.3339
1.3358,0.0005,0.9567,1.2841,0.3405
1.1127,0.0006,1.2654,1.4211,0.3405
1.5666,0.0006,0.9111,1.5146,0.3588
1.6583,0.0005,1.1764,1.2516,0.3553
1.5279,0.0004,1.3400,1.6355,0.3554
1.8067,0.0003,1.3441,2.0014,0.3457
1.5782,0.0004,1.2099,1.2529,0.3435
1.5218,0.0004,1.3360,1.9719,0.3422
1.1696,0.0004,1.0066,0.9199,0.3422
1.7682,0.0006,1.0465,1.8620,0.3491
1.0874,0.0004,1.1449,1.0733,0.3335
1.4546,0.0004,0.9164,1.3358,0.3569
1.5943,0.0005,1.1772,1.5388,0.3549
1.9391,0.0007,2.0323,0.8635,0.3617
1.9402,0.0006,1.7463,1.0019,0.3972
1.0856,0.0004,1.7073,1.0019,0.3972
0.8975,0.0003,0.9467,1.0699,0.3414
1.3609,0.0005,0.9098,0.9151,0.3326
1.2933,0.0005,1.5261,1.8042,0.3326
1.5596,0.0005,0.9820,1.2974,0.3364
1.6454,0.0006,1.4005,1.2890,0.3448
1.3672,0.0005,1.4562,1.3849,0.3461
1.1312,0.0005,1.4058,1.1078,0.3439
0.9201,0.0006,0.9492,1.1423,0.3439
1.4846,0.0004,1.0157,1.3864,0.3510
1.7867,0.0006,1.1158,1.8759,0.3510
1.6934,0.0004,1.0985,1.7181,0.3824
1.5387,0.0005,1.0816,1.2292,0.3473
1.3347,0.0005,1.4148,1.4819,0.3500
1.6012,0.0004,1.1252,1.4583,0.3360
1.4701,0.0005,1.3597,1.3187,0.3676
1.9425,0.0004,1.3076,2.2381,0.3364
1.4761,0.0005,1.2352,0.8238,0.3470
1.1504,0.0004,1.5221,1.2193,0.3506
1.0581,0.0004,0.9634,1.1922,0.3506
1.5519,0.0004,1.0567,1.4068,0.3449
2.2105,0.0012,1.0468,2.3624,0.3772
1.5697,0.0005,1.3513,1.4547,0.3463
1.6494,0.0005,1.4701,1.8416,0.3469
1.1339,0.0003,1.0150,1.1410,0.3434
1.3998,0.0004,1.0088,1.0221,0.3394
1.2903,0.0005,1.2670,1.4941,0.3394
1.6008,0.0004,1.2625,1.7841,0.3509
1.4002,0.0003,0.9981,1.1138,0.3343
1.6369,0.0003,1.0088,1.6528,0.3348
1.6508,0.0004,0.9979,1.8752,0.3457
1.3315,0.0004,1.0057,1.3422,0.3457
1.5501,0.0005,0.9275,1.5037,0.5297
1.5105,0.0005,1.0377,1.5321,0.5297
1.7293,0.0006,1.0353,1.7133,0.3459
1.6248,0.0004,0.9940,1.4835,0.3505
1.4497,0.0004,1.1617,1.6030,0.3505
1.5944,0.0005,0.9279,1.1997,0.3611
1.1965,0.0003,1.2855,1.5462,0.3611
1.5045,0.0004,1.0319,1.3983,0.3485
1.8721,0.0004,1.1019,1.8323,0.3497
1.4114,0.0005,1.1915,1.0726,0.3562
1.4070,0.0006,1.4196,1.9036,0.3562
2.2894,0.0009,1.0539,1.8033,0.3675
1.4062,0.0004,1.7634,0.9789,0.3752
1.2113,0.0005,1.2252,1.5106,0.3752
1.3634,0.0004,1.2284,1.1433,0.3464
1.5173,0.0004,1.2304,1.3584,0.3494
1.3524,0.0004,1.5225,1.2211,0.3371
1.2831,0.0003,1.2238,1.6875,0.3371
1.3911,0.0004,1.0904,1.2153,0.3410
1.4442,0.0003,1.2386,1.4915,0.3410
1.2580,0.0003,0.9436,1.4104,0.3351
1.1540,0.0003,0.9239,1.1480,0.3319
1.3578,0.0004,1.0288,1.3271,0.3564
2.0412,0.0007,1.2962,1.9500,0.3600
1.6000,0.0004,1.2154,1.5057,0.3600
1.6533,0.0007,1.4258,1.5660,0.3421
2.0858,0.0004,1.1112,2.3110,0.3398
1.4727,0.0006,1.1650,0.8853,0.3369
1.5895,0.0006,1.4131,2.0353,0.3412
1.1819,0.0004,1.0971,1.1280,0.3412
1.1512,0.0003,1.2169,1.3278,0.3597
1.4638,0.0003,0.9996,1.1976,0.3372
2.0739,0.0005,1.0157,2.0724,0.3367
1.5076,0.0008,1.4335,1.3512,0.3769
1.6504,0.0005,1.1734,1.8386,0.3769
1.5595,0.0004,1.1841,1.7336,0.3808
1.6760,0.0003,1.1077,1.5952,0.3627
1.3669,0.0003,1.2729,1.2686,0.3323
1.5522,0.0003,0.9598,1.6324,0.3471
1.6423,0.0003,0.9731,1.6293,0.3532
1.5040,0.0003,0.9988,1.4361,0.3647
1.6278,0.0005,1.2415,1.7403,0.3517
1.2814,0.0005,1.1446,0.7954,0.3385
1.4947,0.0006,1.3685,1.3726,0.3543
1.6955,0.0006,1.3783,1.9515,0.5318
1.3324,0.0006,1.5951,1.2776,0.3659
1.9024,0.0005,1.0145,2.1980,0.3389
1.3057,0.0004,1.0022,1.2145,0.3389
1.5372,0.0004,0.9850,1.4524,0.3665
1.1846,0.0005,0.9670,1.3496,0.3411
1.4057,0.0007,1.0310,1.0906,0.3408
1.0396,0.0005,1.4150,1.1255,0.3551
1.3812,0.0003,0.9699,1.4652,0.3551
1.3552,0.0004,1.2277,1.1865,0.3531
1.6501,0.0004,0.9990,1.7508,0.3540
2.3413,0.0006,1.1623,2.1559,0.3548
1.5939,0.0006,1.8149,0.9466,0.3734
1.4193,0.0006,1.1968,1.3490,0.3367
1.0954,0.0004,1.4866,1.2121,0.3633
0.9578,0.0005,0.9642,0.9384,0.3603
1.3283,0.0004,0.9522,1.4214,0.3334
1.2517,0.0004,1.2062,1.3573,0.3543
1.3925,0.0006,1.0876,1.3828,0.3543
1.8055,0.0004,0.9659,1.4138,0.3518
1.4951,0.0005,1.3632,1.5249,0.3518
1.4006,0.0004,1.3533,1.7612,0.3601
1.4942,0.0006,1.0287,1.4032,0.3632
1.9219,0.0006,1.1103,1.9355,0.3544
1.1813,0.0004,1.2623,0.8530,0.3961
1.6962,0.0004,1.0245,1.8673,0.3487
1.4077,0.0005,1.2452,1.5230,0.3438
1.3138,0.0005,1.1811,0.9620,0.3438
1.5669,0.0004,1.0557,1.6891,0.3333
1.1014,0.0004,1.2127,1.2794,0.3434
1.6979,0.0005,0.9429,1.7274,0.3292
1.2244,0.0007,0.9132,1.1053,0.3292
1.8676,0.0004,0.9577,1.9528,0.3421
1.2582,0.0004,0.9876,1.2632,0.3534
1.5503,0.0006,1.0058,1.4888,0.3430
1.3839,0.0006,1.2023,1.0936,0.3664
1.3538,0.0006,1.3169,1.6388,0.3664
1.5141,0.0004,1.2845,1.4829,0.3534
1.5734,0.0004,1.3152,1.6523,0.3474
1.4494,0.0006,1.0338,1.3039,0.3524
1.3610,0.0004,1.5027,1.3494,0.3524
1.6759,0.0004,1.2681,1.7303,0.3429
1.6163,0.0005,1.1623,1.3809,0.3343
1.5223,0.0006,1.0450,1.4992,0.3469
1.4160,0.0003,1.2340,1.5123,0.3469
1.8422,0.0005,1.0859,1.9870,0.3452
1.5872,0.0006,1.2477,1.3727,0.3765
2.0389,0.0005,1.2330,2.2106,0.3574
1.6341,0.0004,1.5238,1.1077,0.3503
1.2495,0.0003,1.3785,1.3873,0.3427
1.3729,0.0002,1.2246,1.6405,0.3427
1.8058,0.0006,0.9920,1.8456,0.3314
1.2948,0.0006,0.9993,1.3281,0.3327
1.7226,0.0004,1.0020,1.6121,0.3306
1.7113,0.0004,1.0953,1.7061,0.3450
1.5515,0.0008,1.1729,1.0564,0.3450
1.3098,0.0004,1.6505,1.7140,0.3450
1.6762,0.0004,1.0925,1.8069,0.3744
1.2824,0.0002,1.0000,1.3011,0.3744
1.6130,0.0005,1.0298,1.5083,0.3525
1.6006,0.0003,1.2183,1.5995,0.3461
1.7431,0.0004,0.9488,1.8245,0.3519
1.5987,0.0003,1.2520,1.4762,0.3406
1.3442,0.0004,1.1715,1.4826,0.3410
1.2509,0.0004,0.9605,1.1060,0.3461
1.6072,0.0003,0.9663,1.4281,0.3454
1.4510,0.0007,1.3939,1.4117,0.3454
2.0566,0.0005,1.3599,2.3338,0.3418
1.1222,0.0004,1.1975,1.0625,0.3418
1.4432,0.0003,1.0416,1.5559,0.3655
1.1901,0.0003,0.9262,1.0573,0.3655
1.4059,0.0003,1.0716,1.3001,0.3444
2.0080,0.0004,1.1704,2.2093,0.3360
1.2413,0.0004,0.9945,1.2160,0.3360
1.7464,0.0005,1.0170,1.3904,0.3457
1.5244,0.0004,1.3099,1.4782,0.3391
1.0300,0.0004,1.3605,1.3062,0.3391
1.7458,0.0004,0.9511,1.8297,0.3517
2.2389,0.0006,1.3255,1.0684,0.3729
1.7386,0.0006,2.1799,0.8798,0.3543
1.4370,0.0005,1.7968,0.8798,0.3576
1.5807,0.0005,1.1963,0.8360,0.3576
1.4570,0.0007,1.5921,1.4269,0.3458
1.1447,0.0006,1.5336,0.9755,0.3590
1.0485,0.0004,0.9442,1.2244,0.3559
1.5534,0.0008,1.0475,1.4532,0.3597
1.2389,0.0005,1.1955,1.3672,0.3597
1.6588,0.0003,1.0066,1.5896,0.3508
1.9856,0.0010,1.0187,1.6777,0.3328
1.4689,0.0009,1.6067,1.6220,0.3465
1.7824,0.0007,1.2127,1.9423,0.3647
1.4162,0.0009,1.0992,1.2618,0.3647
1.8355,0.0007,1.2456,1.6167,0.3409
1.2254,0.0004,1.3885,1.5662,0.3409
2.0921,0.0006,1.1503,2.0924,0.3603
1.3875,0.0005,1.2773,1.4050,0.3603
1.5115,0.0004,1.2658,1.4879,0.3357
1.8567,0.0005,1.1100,1.8935,0.3447
2.2590,0.0006,1.1012,2.1464,0.3443
2.0439,0.0007,1.5387,1.3191,0.3667
2.0628,0.0006,2.3077,2.0415,0.3490
1.6748,0.0007,1.6539,1.7595,0.3737
1.4618,0.0004,1.7371,0.9963,0.3364
1.2664,0.0004,1.3893,1.2944,0.3464
1.7068,0.0004,1.2221,2.1420,0.3478
1.3755,0.0004,1.2473,1.3929,0.3638
1.4762,0.0005,1.1026,1.4184,0.3638
1.7387,0.0005,1.0637,1.7446,0.3336
2.2557,0.0007,1.1025,2.0653,0.3631
1.6510,0.0009,1.5594,1.4656,0.3510
1.8753,0.0007,1.4366,1.6728,0.3610
1.9343,0.0007,1.8044,2.2273,0.3360
2.3926,0.0008,1.2760,2.3934,0.3399
1.8740,0.0010,1.7261,1.3999,0.3695
1.7313,0.0006,1.8607,1.9390,0.3538
1.5257,0.0008,1.6076,1.9974,0.3417
1.6181,0.0007,1.2585,1.3951,0.3417
2.3226,0.0010,1.7189,2.1534,0.3436
2.5858,0.0010,2.0836,1.2849,0.3579
1.4864,0.0005,2.3623,1.2849,0.3435
1.1356,0.0006,1.2812,1.0605,0.3367
1.1172,0.0005,1.0713,1.4220,0.3408
1.6547,0.0006,1.0730,1.6022,0.3431
1.5368,0.0007,1.3827,1.5369,0.3431
1.5443,0.0198,1.3581,1.2046,0.3355
2.0133,0.0008,1.3774,2.3022,0.3442
1.5593,0.0006,1.2667,1.5886,0.3442
2.3672,0.0008,1.4215,2.2463,0.3373
1.7259,0.0006,1.9026,1.7985,0.3817
1.4953,0.0012,1.3668,1.0373,0.3610
1.8236,0.0008,1.4345,2.2927,0.3542
1.8039,0.0007,1.2178,1.6866,0.3600
1.3005,0.0006,1.5741,0.9973,0.3378
1.4307,0.0006,1.1246,1.7891,0.3529
1.9319,0.0007,0.9904,1.7749,0.3431
1.6434,0.0005,1.2433,1.6525,0.3423
1.4168,0.0007,1.4042,1.3278,0.3407
2.1040,0.0007,1.3513,2.1606,0.3407
1.3755,0.0006,1.3673,1.4694,0.3859
1.8681,0.0006,1.1519,1.7010,0.3489
1.8801,0.0006,1.3963,2.0063,0.3381
1.7048,0.0006,1.4225,1.7274,0.3577
1.7175,0.0007,1.1310,1.7191,0.3453
1.0653,0.0005,1.0850,1.0835,0.3453
1.1988,0.0004,1.0002,1.0092,0.3630
1.2613,0.0004,1.2558,1.2964,0.3630
1.7986,0.0005,1.0319,1.7707,0.3407
1.5552,0.0007,1.1003,1.4358,0.3407
2.0278,0.0005,1.3805,2.0506,0.3738
1.6066,0.0005,1.1292,1.6050,0.3473
1.9602,0.0005,1.1154,2.1494,0.3514
1.2441,0.0003,1.0423,0.9548,0.3514
1.5156,0.0002,1.0147,1.6894,0.3432
1.5865,0.0005,1.2411,1.3353,0.3548
1.5906,0.0005,1.3617,1.6721,0.3483
1.4813,0.0004,1.6409,1.6742,0.3551
1.4960,0.0006,1.3738,1.4072,0.3551
1.6021,0.0005,1.1562,1.6888,0.3537
2.0388,0.0005,1.0652,2.0450,0.3412
1.8722,0.0004,1.3458,1.9088,0.3395
1.4772,0.0005,1.2534,1.4216,0.3598
1.9674,0.0006,1.1317,1.8619,0.3471
1.1849,0.0004,1.4060,1.1854,0.3392
1.7838,0.0005,1.0156,1.8828,0.3448
1.3345,0.0004,1.1619,1.4125,0.3448
1.7359,0.0006,1.0779,1.7099,0.3476
1.6825,0.0006,1.0740,1.6952,0.3590
1.6385,0.0005,1.0447,1.2843,0.3524
1.6123,0.0005,1.2419,1.9070,0.3524
1.8093,0.0005,1.1821,1.6608,0.3481
1.5105,0.0007,1.5292,1.2537,0.3501
1.4621,0.0007,1.4409,1.5250,0.3402
1.4796,0.0006,1.5149,1.6820,0.3402
1.4255,0.0003,1.4397,1.5922,0.3377
1.6480,0.0005,0.9925,1.6063,0.3460
1.5650,0.0005,1.0738,1.5044,0.3460
1.6865,0.0004,1.0600,1.3951,0.3407
1.6199,0.0003,1.2657,1.9564,0.3464
1.5473,0.0005,0.9978,1.4973,0.3464
1.8546,0.0007,1.2918,1.8475,0.3701
1.6760,0.0007,1.3775,1.3255,0.3372
1.5281,0.0004,1.3843,1.8030,0.3372
1.9382,0.0007,1.1087,1.8246,0.3478
1.3056,0.0005,1.4939,1.0660,0.3564
1.7002,0.0012,1.0765,1.4670,0.3394
1.6908,0.0008,1.3951,2.2178,0.3394
1.6959,0.0010,1.2778,1.5333,0.3571
1.1841,0.0009,1.3469,0.9589,0.3367
1.5387,0.0005,1.0905,1.8274,0.3554
1.5925,0.0006,1.0600,1.3214,0.3554
1.7441,0.0004,1.6847,1.5997,0.3762
1.5209,0.0005,1.3752,1.9137,0.3460
1.3673,0.0006,1.0829,1.2892,0.3460
2.2916,0.0006,1.0102,2.2194,0.3519
1.2413,0.0007,1.3021,1.0108,0.3620
1.7010,0.0006,1.0734,1.8086,0.3620
1.7103,0.0007,1.0309,1.7277,0.3542
1.2409,0.0004,1.4289,1.1225,0.3504
1.3637,0.0005,1.0791,1.6513,0.3504
1.4007,0.0005,1.0930,0.9774,0.3531
1.7944,0.0006,1.1343,1.9290,0.3770
1.8238,0.0003,1.7881,1.9451,0.3360
1.4147,0.0005,1.2478,1.5299,0.3624
1.1210,0.0006,1.3107,1.0942,0.3624
1.8320,0.0005,1.0354,1.8687,0.3499
1.4174,0.0005,1.0543,1.4155,0.3555
1.1701,0.0004,0.9710,1.1008,0.3555
1.5286,0.0004,0.9874,1.5522,0.3356
1.5296,0.0004,1.0124,1.5796,0.3386
1.3089,0.0004,0.9367,1.0031,0.3580
1.7600,0.0006,1.1031,1.9862,0.3580
1.4971,0.0006,1.1714,1.3131,0.3605
2.0516,0.0008,1.2722,2.2335,0.3587
1.8348,0.0005,1.1663,1.8231,0.3516
1.4516,0.0004,1.1074,1.4958,0.3516
2.1454,0.0007,1.3344,1.4415,0.3453
2.2718,0.0006,1.6607,2.7349,0.3566
1.4488,0.0003,1.5908,1.5945,0.3432
1.3430,0.0005,1.1220,1.3185,0.3432
1.9602,0.0004,1.1421,1.8201,0.3342
1.7318,0.0005,1.2872,1.8487,0.3866
1.4587,0.0005,1.3011,1.4450,0.3662
1.7834,0.0008,1.2770,1.6607,0.3662
1.6961,0.0007,1.1222,1.5906,0.3554
1.6327,0.0005,1.5238,1.7645,0.3468
1.9588,0.0005,1.5583,2.0474,0.3338
1.8454,0.0006,1.2403,1.8578,0.3503
1.1192,0.0004,1.1120,1.0236,0.3388
1.9024,0.0008,1.0889,1.6182,0.3388
2.1713,0.0004,1.2533,2.4921,0.3628
1.9401,0.0005,1.2883,1.4105,0.9603
1.2163,0.0006,1.9195,1.5902,0.3564
1.0731,0.0004,1.1757,1.2069,0.3564
1.7897,0.0005,1.0280,1.8212,0.3418
2.2149,0.0006,1.2127,2.1982,0.3509
1.6004,0.0005,1.0810,1.3143,0.3509
1.6551,0.0004,1.3158,1.6738,0.3653
1.4483,0.0005,1.2505,1.5184,0.3368
1.6250,0.0004,1.2644,1.6315,0.3368
1.5745,0.0004,1.3363,1.6077,0.3563
1.5744,0.0005,1.6656,1.6919,0.3511
1.8065,0.0004,1.2324,1.7886,0.3629
1.6390,0.0005,1.2277,1.0786,0.3524
1.7600,0.0007,1.5611,2.3545,0.3406
1.3895,0.0004,1.0444,1.3905,0.3406
2.0022,0.0004,1.1225,1.8333,0.3515
1.6366,0.0005,1.3589,1.7808,0.3515
1.4701,0.0004,1.1757,1.3085,0.3563
1.5627,0.0007,1.2802,1.6942,0.3387
1.3046,0.0005,1.1310,1.3286,0.3387
1.9630,0.0004,1.0961,1.8948,0.3560
1.5891,0.0006,1.2344,1.3581,0.3520
2.2816,0.0007,1.2816,2.3033,0.3735
1.6665,0.0008,1.6184,1.0447,0.3553
1.0607,0.0003,1.3976,1.6063,0.3465
1.1876,0.0004,1.0057,1.0126,0.3465
1.7390,0.0006,1.0364,1.8173,0.3565
1.6878,0.0005,1.3377,1.5037,0.3489
1.7717,0.0006,1.2412,2.0393,0.3524
1.3840,0.0006,1.1574,1.3766,0.3394
1.8794,0.0009,1.0630,1.7820,0.3515
1.6378,0.0007,1.3090,1.6473,0.3669
1.3246,0.0007,1.3671,1.3823,0.3415
1.4502,0.0005,1.1722,1.3771,0.3415
1.5618,0.0007,1.2517,1.6266,0.3570
2.2470,0.0011,1.1105,2.1777,0.3667
1.4187,0.0005,1.3045,1.3211,0.3365
1.3247,0.0005,1.3979,1.3536,0.3365
1.8844,0.0004,1.0057,2.0287,0.3370
2.0891,0.0005,0.9717,1.9273,0.3443
1.4542,0.0004,1.3634,1.4426,0.3520
1.6395,0.0005,1.3823,1.1420,0.3441
1.4775,0.0005,1.6418,2.1011,0.3441
1.7452,0.0004,1.2603,1.7439,0.3597
1.9580,0.0005,1.0806,1.9234,0.3443
1.6128,0.0004,1.1647,1.6354,0.3484
1.7862,0.0004,1.1353,1.6486,0.3450
1.7243,0.0006,1.3509,1.7912,0.3415
1.4967,0.0006,1.3822,1.5457,0.3416
1.5364,0.0006,1.0570,1.5347,0.3576
2.0525,0.0011,1.0003,1.6563,0.3580
1.5616,0.0005,1.6873,1.7801,0.3580
1.8939,0.0006,1.2631,1.7727,0.3673
1.5386,0.0007,1.4094,1.5204,0.3554
1.7586,0.0005,1.3877,1.7245,0.3354
1.5619,0.0004,1.4144,1.5766,0.3335
1.9613,0.0007,1.2093,2.2490,0.3453
1.2245,0.0004,1.1109,1.1698,0.3453
1.6100,0.0005,1.2094,1.5419,0.3426
1.7993,0.0005,1.2475,1.7297,0.3468
1.4695,0.0006,1.4737,1.6019,0.3581
1.5301,0.0005,1.2691,1.5432,0.3756
1.3775,0.0009,1.1357,1.0717,0.3395
1.7575,0.0007,1.2735,1.7230,0.3395
1.5917,0.0003,1.3045,1.9222,0.3519
1.4378,0.0005,1.0901,1.1585,0.3338
1.5107,0.0005,1.2692,1.6413,0.3437
2.2574,0.0004,1.0810,2.3472,0.3607
1.4488,0.0007,1.1893,1.1342,0.3345
1.3561,0.0006,1.3650,1.6216,0.3621
1.3211,0.0006,1.2335,1.2878,0.3621
1.8810,0.0007,1.3880,1.9486,0.3856
1.6926,0.0182,1.1616,1.5207,0.3629
1.4040,0.0007,1.5515,1.0546,0.3537
1.1160,0.0007,1.1716,1.1025,0.3537
1.3938,0.0005,1.1463,1.3852,0.3413
1.6470,0.0005,1.4590,1.6157,0.3333
1.2761,0.0005,1.6372,1.1836,0.3410
1.9169,0.0005,1.1215,2.1568,0.3437
1.5223,0.0007,1.1565,1.3741,0.3306
1.6272,0.0006,1.5047,1.6225,0.3510
1.2916,0.0008,1.4974,1.3994,0.3510
2.9063,0.0010,1.2371,2.4826,0.3631
1.5047,0.0011,1.9621,1.4981,0.3757
1.1769,0.0005,1.3428,1.6864,0.3433
1.6622,0.0005,1.0955,1.6013,0.3361
1.8645,0.0008,1.0750,1.3698,0.3455
1.7238,0.0007,1.4355,1.9536,0.3455
2.2220,0.0005,1.3293,2.2670,0.3456
2.0695,0.0008,1.7641,1.1593,0.3488
1.3311,0.0009,1.7911,1.4244,0.3441
1.0644,0.0005,1.1424,1.3744,0.3409
1.7787,0.0007,1.0748,1.8057,0.3568
1.5503,0.0004,1.5084,1.5160,0.3397
1.8081,0.0005,1.3045,1.8308,0.3555
1.1997,0.0005,1.0661,1.2543,0.3555
1.7171,0.0006,1.0094,1.3536,0.3573
1.8958,0.0005,1.2864,2.1788,0.3637
1.4448,0.0007,1.1738,1.4253,0.3425
1.1588,0.0003,1.1877,1.2267,0.3425
2.0930,0.0005,1.0086,1.8972,0.3419
1.3181,0.0006,1.2652,1.4555,0.3605
1.8412,0.0007,1.1124,1.7821,0.5461
1.3791,0.0005,1.2222,1.4173,0.3752
1.2197,0.0006,1.1161,1.0000,0.3752
2.1347,0.0004,1.0357,2.3450,0.3530
1.9758,0.0006,1.0345,1.7798,0.3437
1.5255,0.0007,1.4130,1.3837,0.3562
1.4293,0.0009,1.6686,1.0566,0.3651
1.3906,0.0006,1.1754,1.4324,0.3586
1.5728,0.0007,1.5459,1.4939,0.3422
1.1184,0.0006,1.4343,1.4057,0.3422
1.8034,0.0008,1.1121,1.2279,0.3424
1.8775,0.0006,1.8544,1.3815,0.3952
1.6217,0.0006,1.9805,1.9149,0.3753
1.0998,0.0004,1.4692,1.4132,0.3516
1.6435,0.0005,1.0075,1.7980,0.3516
1.4945,0.0006,0.9831,1.5831,0.3416
1.5442,0.0007,1.0572,1.4903,0.3555
1.8871,0.0007,1.1851,1.9216,0.3405
1.6259,0.0005,1.2320,1.4259,0.3571
1.4730,0.0006,1.3780,1.4820,0.3571
1.7139,0.0008,1.2292,1.8523,0.3349
1.8392,0.0006,1.1550,1.8288,0.3890
1.1839,0.0004,1.1976,1.0238,0.3890
1.3414,0.0005,1.1177,1.5361,0.3601
1.4782,0.0005,1.0980,1.4898,0.3510
1.6290,0.0007,1.4103,1.4022,0.3504
1.7313,0.0005,1.3921,1.7652,0.3620
1.3146,0.0007,1.5604,1.3806,0.3463
1.3208,0.0006,1.0930,1.2672,0.3463
1.8651,0.0005,1.0442,1.8510,0.3342
1.2850,0.0005,1.3998,1.2536,0.3484
1.3957,0.0007,1.0811,1.5674,0.3465
1.8579,0.0008,1.2793,1.4171,0.3465
1.5586,0.0006,1.8114,1.9698,0.3511
2.0630,0.0007,1.2994,1.7853,0.3619
1.6734,0.0006,1.3493,1.6278,0.3619
1.6632,0.0008,1.4318,1.9369,0.3538
1.6983,0.0006,1.1971,1.6329,0.3563
1.4422,0.0005,1.2240,1.5447,0.3517
1.3414,0.0005,1.0334,1.3359,0.3428
1.3315,0.0003,0.9961,1.2363,0.3458
1.6451,0.0004,1.1637,1.6530,0.3458
1.6167,0.0006,1.2918,1.2896,0.3487
2.0024,0.0005,1.1567,2.3575,0.3488
1.9243,0.0005,1.2244,1.7122,0.3422
1.1771,0.0005,1.4780,1.3271,0.3422
1.5346,0.0006,1.1193,1.4956,0.3650
1.7099,0.0005,1.1978,1.4976,0.3430
1.5435,0.0004,1.4905,1.5936,0.3430
2.2705,0.0005,1.4656,2.5063,0.3639
1.3495,0.0005,1.3155,1.3140,0.3570
1.5307,0.0005,1.2927,1.4974,0.3551
1.6157,0.0009,1.3949,1.6412,0.3551
1.9019,0.0007,1.2966,1.8255,0.3754
1.8265,0.0008,1.2521,1.5846,0.3754
1.5326,0.0008,1.3659,1.6874,0.3584
1.8092,0.0006,1.1649,1.7007,0.3394
1.8200,0.0005,1.5231,1.5574,0.3564
1.0898,0.0004,1.5039,1.2796,0.3317
1.6059,0.0005,1.0319,1.6868,0.3317
1.4863,0.0004,1.0509,1.5837,0.3510
1.5908,0.0004,1.6046,1.6716,0.3401
1.7234,0.0005,1.1687,0.9418,0.3404
1.3871,0.0005,1.7685,2.1275,0.3837
1.7599,0.0004,1.1468,1.6387,0.3622
2.1470,0.0005,1.7850,1.3642,0.3656
1.1856,0.0004,1.6831,1.5720,0.3470
1.7301,0.0008,1.0868,2.0109,0.3506
1.4048,0.0004,1.0327,1.2244,0.3439
1.3777,0.0004,1.3207,1.4406,0.3636
1.6157,0.0005,1.1683,1.4732,0.3636
1.9423,0.0004,0.9345,2.0505,0.3327
1.7141,0.0006,1.0110,1.5462,0.3557
1.4777,0.0007,1.3737,1.5701,0.3557
1.8742,0.0006,1.2086,2.0552,0.3544
1.3582,0.0004,1.5057,1.3520,0.3544
1.5574,0.0005,1.0594,1.4471,0.3672
1.4572,0.0005,1.2697,1.5447,0.3307
1.9800,0.0005,1.3313,2.0149,0.3377
1.3102,0.0004,1.0366,1.3433,0.3482
1.6588,0.0005,0.9916,1.6243,0.3490
1.6240,0.0008,1.0157,1.2162,0.3490
1.9674,0.0006,1.0565,2.3455,0.3442
1.4476,0.0005,1.0639,1.4353,0.3760
1.5626,0.0008,1.1838,1.5424,0.3687
1.4430,0.0004,1.2982,1.3797,0.3562
1.5803,0.0005,1.3984,1.6683,0.3630
1.2912,0.0005,1.1683,1.0516,0.3712
1.3738,0.0006,1.3291,1.5593,0.3712
1.8947,0.0006,1.1254,1.7769,0.3446
1.2135,0.0003,1.5178,0.8090,0.3527
0.9579,0.0003,1.0286,1.2705,0.3527
1.7794,0.0005,0.9638,1.5262,0.3510
1.1503,0.0003,1.2962,1.1452,0.3510
2.4255,0.0010,1.0325,2.5132,0.3613
1.8199,0.0007,1.2922,1.8686,0.5546
1.4834,0.0005,1.3328,1.5394,0.3481
1.3791,0.0006,1.1905,1.2551,0.3407
1.3180,0.0006,1.3704,1.2023,0.3368
1.2722,0.0004,1.3228,1.4884,0.3346
1.2180,0.0004,0.9838,1.2171,0.3346
1.5135,0.0004,0.9216,1.1938,0.3544
1.3314,0.0005,1.2458,1.5196,0.3417
1.2116,0.0004,1.3757,1.2188,0.3417
1.8897,0.0003,1.0116,2.0206,0.3413
1.3146,0.0006,1.0850,1.2268,0.3413
2.3472,0.0006,1.1490,2.3356,0.3725
1.6651,0.0007,1.2312,1.7022,0.3466
1.8166,0.0006,1.1312,1.8182,0.3325
1.5939,0.0006,1.0804,1.2478,0.3453
1.7597,0.0005,1.3350,2.0921,0.3384
1.5575,0.0005,1.1798,1.5388,0.3400
1.4022,0.0003,1.0642,1.3958,0.3367
1.8725,0.0005,0.9988,1.8241,0.3661
1.7461,0.0006,1.2370,1.7511,0.3471
1.4488,0.0006,1.4121,1.3897,0.3471
2.1557,0.0007,1.3037,2.1549,0.3774
1.2290,0.0005,1.2641,1.2328,0.3446
1.5754,0.0005,1.1754,1.3303,0.3398
1.4664,0.0005,1.2735,1.5757,0.3355
1.7524,0.0006,1.0202,1.9367,0.3448
1.5740,0.0006,1.0334,1.2811,0.3364
1.3711,0.0003,1.1999,1.6447,0.3537
1.6983,0.0008,1.0365,1.6890,0.3453
1.6345,0.0008,1.2672,1.5271,0.3602
1.9766,0.0008,1.5613,2.0169,0.3528
1.8809,0.0006,1.4934,1.4917,0.3569
1.1748,0.0005,1.9151,1.1508,0.3501
1.1426,0.0005,0.9800,1.4196,0.3501
1.4661,0.0005,0.9121,1.1327,0.3367
1.2703,0.0006,1.1609,1.5876,0.3367
1.5354,0.0003,0.9620,1.5205,0.3332
1.4081,0.0004,0.9678,1.2489,0.3427
1.5628,0.0002,0.9334,1.7062,0.3567
1.2214,0.0004,0.9380,1.1037,0.3567
1.6375,0.0004,1.2590,1.6638,0.3540
1.4197,0.0003,1.1430,1.1026,0.3354
1.3655,0.0004,1.2084,1.5848,0.3354
1.8392,0.0004,1.1771,1.9359,0.3543
1.5826,0.0005,1.0274,1.5765,0.3444
1.4591,0.0002,0.9621,1.4691,0.3657
1.3905,0.0005,1.0388,1.3853,0.3516
1.1074,0.0004,0.9364,1.0899,0.3513
1.5162,0.0005,0.9301,1.0905,0.3422
1.2590,0.0004,1.2157,1.5843,0.3422
1.6007,0.0004,1.1246,1.6410,0.3422
1.4467,0.0004,0.9993,1.4714,0.3332
1.6082,0.0004,0.9408,1.6094,0.3487
1.6451,0.0006,0.9485,1.5925,0.3511
1.6622,0.0005,1.1980,1.1831,0.3720
1.6501,0.0004,1.9118,1.2356,0.3413
1.6520,0.0005,1.6569,1.1216,0.3643
1.4200,0.0003,1.4228,0.9737,0.3562
1.4115,0.0003,1.4365,0.8723,0.3591
0.8997,0.0003,1.2611,1.2904,0.3591
1.3384,0.0004,0.9507,1.2263,0.3435
1.2095,0.0003,1.5534,1.2937,0.3435
1.7829,0.0003,0.9736,1.6179,0.3631
1.3941,0.0004,1.0447,1.7215,0.3378
1.9456,0.0008,0.9657,1.2911,0.3392
1.5157,0.0008,1.4979,2.0821,0.3844
1.4776,0.0004,1.2042,1.4259,0.3508
1.1120,0.0005,1.2542,0.9658,0.3488
1.6552,0.0004,0.9824,1.8940,0.3369
1.6996,0.0005,0.9214,1.4893,0.3441
1.6945,0.0004,1.2174,1.7273,0.3577
1.5271,0.0004,1.5741,0.9159,0.3461
0.9137,0.0004,1.1538,1.2582,0.3457
1.3118,0.0003,0.9399,1.0766,0.3534
1.2813,0.0003,1.2483,1.3935,0.3432
1.9153,0.0003,1.0678,2.1435,0.3447
1.2451,0.0005,0.9507,1.2288,0.3447
1.3737,0.0004,1.0234,1.3747,0.3715
1.4120,0.0004,0.9574,1.1263,0.3751
1.6349,0.0003,0.9753,1.6224,0.3569
1.6170,0.0004,1.4691,1.3007,0.3601
1.5929,0.0005,1.6975,1.1175,0.3543
1.3532,0.0004,1.2645,1.3226,0.3548
1.0262,0.0004,1.4056,0.9822,0.3439
1.0241,0.0005,0.8874,1.2618,0.3414
1.6985,0.0004,0.8795,1.6932,0.3414
1.5106,0.0004,0.8915,1.4565,0.3607
1.7518,0.0005,0.9982,1.7137,0.3516
2.3003,0.0005,1.3611,2.2758,0.3683
1.0836,0.0003,1.2178,0.8143,0.3486
1.1462,0.0004,1.0425,1.3167,0.3468
1.6737,0.0006,1.0153,1.4897,0.3614
1.3118,0.0006,1.4559,1.2417,0.3614
1.6274,0.0004,1.1635,1.9456,0.3485
1.4547,0.0004,1.0832,1.4665,0.3510
1.0207,0.0004,1.0527,0.9190,0.3555
1.5914,0.0004,0.9808,1.3946,0.3630
1.4170,0.0005,1.2902,1.5972,0.3630
1.7522,0.0006,1.1516,1.6470,0.3526
2.0306,0.0006,1.4290,2.1763,0.3619
1.5056,0.0006,1.2216,1.2455,0.3607
1.9785,0.0005,1.1080,2.2511,0.3510
1.5533,0.0006,1.3228,1.5573,0.3556
1.4393,0.0005,1.1663,0.9396,0.3528
1.3425,0.0005,1.5264,1.6892,0.3528
1.7090,0.0007,1.0213,1.7820,0.3446
1.6851,0.0004,1.2757,1.6777,0.3526
1.5714,0.0005,1.2429,1.4094,0.3452
1.5034,0.0007,1.3637,1.4953,0.3452
2.3557,0.0007,1.2060,2.4405,0.3614
1.5005,0.0010,1.4236,1.5064,0.3493
2.0504,0.0009,1.3347,1.4227,0.3630
1.5150,0.0008,2.0699,1.9766,0.3630
2.0366,0.0007,1.2840,2.2756,0.3294
1.5294,0.0006,1.1362,1.3349,0.3294
2.0684,0.0006,1.2765,2.2274,0.3362
1.6859,0.0006,1.2355,1.5762,0.3446
1.2501,0.0006,1.4752,0.9847,0.3466
1.5884,0.0007,1.0506,1.8372,0.3466
1.1557,0.0004,1.3447,1.1097,0.3956
1.6852,0.0005,1.0952,1.5710,1.1450
1.4858,0.0005,1.4613,1.3936,0.3461
1.7401,0.0006,1.1159,1.6322,0.3547
1.8179,0.0006,1.5047,0.8518,0.3411
1.5940,0.0004,1.7897,0.8598,0.3631
1.2622,0.0004,1.4761,0.8598,0.3631
1.1204,0.0004,1.1705,1.2979,0.3387
1.0606,0.0004,1.2134,1.0873,0.3432
1.1878,0.0009,0.9062,1.2906,0.3508
1.6066,0.0005,1.2202,1.0290,0.3498
1.3024,0.0005,1.5589,1.1700,0.3666
1.0671,0.0005,1.1565,1.1574,0.3666
1.8844,0.0004,1.0932,2.1154,0.3380
0.9997,0.0004,1.1744,0.9310,0.3380
1.2585,0.0004,0.9471,1.1914,0.3466
1.6240,0.0005,0.9006,1.6127,0.3727
1.7926,0.0005,0.9484,1.8057,0.3394
1.2520,0.0007,1.1772,1.3914,0.3461
1.0614,0.0005,1.0464,0.8511,0.3580
1.1893,0.0003,0.9370,1.2717,0.3580
1.3793,0.0004,0.8913,1.4827,0.3486
1.2907,0.0004,0.9078,1.0553,0.3501
1.1757,0.0008,1.2617,1.2729,0.3501
2.0036,0.0007,1.0656,2.0767,0.3795
1.3731,0.0005,1.1209,1.0384,0.3498
1.4849,0.0005,1.6003,1.4219,0.3518
1.2289,0.0005,1.2188,1.5521,0.3518
1.4802,0.0005,1.0192,1.4104,0.3482
1.1685,0.0004,1.4273,1.3424,0.3482
1.4716,0.0004,0.9619,1.2450,0.3536
1.3561,0.0004,0.9368,1.3931,0.3473
1.6251,0.0006,1.1427,1.7837,0.3292
1.2845,0.0004,1.0912,1.0315,0.3292
1.5118,0.0005,1.1053,1.7374,0.3483
1.9903,0.0006,1.1923,1.1089,0.3876
1.2516,0.0004,1.9527,1.6666,0.3764
1.2304,0.0004,1.0674,1.4158,0.3764
1.7464,0.0005,1.0272,1.4212,0.3477
1.6420,0.0005,1.4736,1.4833,0.3529
1.0707,0.0004,1.3784,1.5378,0.3338
1.3089,0.0005,0.9201,1.1730,0.3380
1.3396,0.0003,0.9196,1.3424,0.3380
2.0486,0.0003,0.9892,2.1907,0.3354
1.4719,0.0004,1.2014,1.4852,0.3427
1.7850,0.0008,0.9778,1.2783,0.3427
2.1984,0.0008,1.2683,2.5571,0.3501
1.4347,0.0007,1.3263,1.4923,0.3501
1.5685,0.0008,1.2780,1.3661,0.3340
1.7742,0.0007,1.0933,2.0086,0.3365
1.1286,0.0004,1.0582,0.9280,0.3365
1.9321,0.0004,0.9728,2.1127,0.3444
0.9879,0.0003,0.9546,1.0238,0.3444
1.6903,0.0005,0.9924,1.6818,0.3398
1.1739,0.0005,1.0269,0.9961,0.3381
1.5907,0.0004,1.2988,1.2276,0.3424
1.9652,0.0004,1.0423,2.3470,0.3393
1.8558,0.0006,1.1378,1.6827,0.3763
1.2046,0.0006,1.5217,1.2506,0.3763
1.8884,0.0004,1.0737,2.0953,0.3405
1.2053,0.0004,1.0873,1.0895,0.3405
1.3973,0.0005,1.0531,1.4199,0.3471
1.0902,0.0005,1.1759,1.0973,0.3471
1.7808,0.0005,0.9570,1.6857,0.3593
1.5846,0.0007,1.2529,1.7500,0.3230
1.2394,0.0004,1.0426,1.2343,0.3383
1.2799,0.0005,0.9591,1.2287,0.3383
1.4376,0.0006,1.0746,1.3974,0.3602
1.6291,0.0006,1.2783,1.6288,0.3590
1.3582,0.0004,1.1194,1.3261,0.3534
1.3901,0.0004,1.0197,1.4882,0.3515
1.3680,0.0180,0.9433,1.1645,0.3436
1.4895,0.0003,1.3569,1.1073,0.3580
1.0656,0.0004,1.4085,1.1738,0.3306
1.2120,0.0004,0.9715,1.2935,0.3528
1.1110,0.0004,1.3203,1.1756,0.3528
1.5652,0.0004,0.9336,1.3661,0.3465
1.3696,0.0004,1.5203,1.1029,0.3678
1.3576,0.0004,1.2441,1.3195,0.3462
1.3030,0.0004,1.2789,1.6915,0.3515
1.3504,0.0006,0.9588,0.8798,0.3348
1.5034,0.0005,1.5902,1.6925,0.3929
1.4060,0.0005,1.2148,1.4507,0.3510
1.3292,0.0004,1.2703,1.3822,0.3585
1.0100,0.0004,1.3286,1.0716,0.3585
1.3874,0.0003,0.8853,1.4342,0.3594
1.3235,0.0004,0.9527,1.1220,0.3510
1.1121,0.0004,1.2139,1.1828,0.3432
1.3443,0.0005,0.9689,1.5056,0.3606
1.2130,0.0003,0.9350,1.1611,0.3606
1.4357,0.0004,1.0461,1.1665,0.3429
1.3048,0.0004,1.3080,1.2581,0.3506
1.1660,0.0006,1.3263,1.3546,0.3506
1.7597,0.0007,0.9400,1.8772,0.3634
1.5251,0.0004,1.0693,1.5413,0.3758
1.1080,0.0004,1.0287,1.0365,0.3758
1.2367,0.0004,1.1562,1.1486,0.3459
1.4560,0.0004,1.0006,1.5873,0.3459
1.6904,0.0004,1.0060,1.7187,0.3396
2.1124,0.0005,1.0172,1.7615,0.3532
1.1643,0.0004,1.5441,1.3790,0.3532
1.1878,0.0004,1.0247,1.1411,0.3456
1.6387,0.0003,1.1556,1.5667,0.3392
1.1295,0.0004,1.2961,1.2403,0.3655
1.6575,0.0006,1.0097,1.4100,0.5418
1.4412,0.0004,1.4085,1.3609,0.3754
1.2389,0.0004,1.4191,1.6122,0.3754
1.3260,0.0003,1.0301,1.2196,0.3594
1.2782,0.0003,1.0164,1.2915,0.3594
1.6499,0.0004,1.0902,1.3921,0.3554
1.1128,0.0005,1.2695,1.4560,0.3554
1.7753,0.0005,0.9734,1.3918,0.3415
1.7645,0.0005,1.3400,1.5509,0.3398
1.2020,0.0004,1.7670,1.3067,0.3434
1.4014,0.0003,0.9847,1.6897,0.3434
1.6045,0.0004,0.9721,1.5047,0.3587
1.7907,0.0005,1.0482,1.6444,0.3521
1.5521,0.0004,1.2047,1.5936,0.3402
2.0594,0.0004,1.0428,2.2209,0.3574
1.2579,0.0006,0.9735,1.2849,0.3574
1.3008,0.0004,0.9575,1.2909,0.3331
1.4025,0.0005,1.0569,1.1936,0.3331
1.6652,0.0006,1.0016,1.7838,0.3414
1.4335,0.0004,1.2676,1.2364,0.3462
1.6924,0.0004,1.0354,1.6672,0.3473
1.3672,0.0003,1.3785,1.4732,0.3548
1.5927,0.0007,1.6284,1.7034,0.3829
1.5836,0.0006,1.3577,1.1056,0.3566
1.3893,0.0006,1.5255,1.7773,0.3749
1.4993,0.0004,1.2204,1.6036,0.3749
1.9885,0.0007,1.0014,1.9584,0.3508
1.3824,0.0005,1.0745,1.2314,0.3508
1.8055,0.0004,1.0384,1.6073,0.3570
1.4226,0.0004,1.3425,1.3207,0.3634
1.4350,0.0004,1.3799,1.5724,0.3470
1.4596,0.0005,1.3930,1.5127,0.3587
1.0190,0.0004,1.3550,1.0686,0.3510
1.4017,0.0003,0.9759,1.4239,0.3510
1.8957,0.0007,1.0132,1.6494,0.3570
1.6773,0.0004,1.1775,2.0651,0.3530
1.3246,0.0005,1.0936,1.3348,0.3530
1.8538,0.0006,0.9905,1.2913,0.3464
1.3869,0.0004,1.5747,1.7913,0.3426
1.6322,0.0003,1.0711,1.4144,0.3380
1.2342,0.0003,1.2777,1.3110,0.3380
1.7117,0.0003,1.0981,1.9941,0.3332
1.3207,0.0004,1.0056,1.1229,0.3332
1.9894,0.0005,1.1234,1.9887,0.3466
2.0725,0.0006,1.4136,1.3777,0.3933
1.5278,0.0005,2.0377,1.3565,0.3608
1.3663,0.0005,1.4268,1.0515,0.3420
1.0870,0.0006,1.3211,1.2019,0.3486
1.3186,0.0003,1.0601,1.3737,0.3486
1.6708,0.0003,1.0395,1.7495,0.3387
1.9415,0.0003,0.9125,1.9457,0.3603
1.4767,0.0003,0.9662,1.5730,0.3423
1.4058,0.0005,0.9621,1.0598,0.4387
1.4356,0.0003,1.3962,1.6271,0.3360
1.4977,0.0004,1.2640,1.5100,0.3672
1.3012,0.0003,1.0935,1.3692,0.3672
1.6950,0.0005,1.0712,1.2649,0.3561
1.1849,0.0005,1.5403,1.3091,0.3481
1.1498,0.0002,1.1029,1.4286,0.3481
1.3316,0.0004,1.0012,1.3152,0.3441
1.4978,0.0003,0.9483,1.4148,0.3441
1.5202,0.0004,0.9477,1.6466,0.3550
1.1739,0.0003,0.9488,1.0768,0.3550
1.7945,0.0004,0.9968,1.6676,0.3378
1.3968,0.0005,1.2733,1.1516,0.3513
1.3171,0.0003,1.3764,1.4861,0.3373
1.5802,0.0006,1.2664,1.5731,0.3373
1.5015,0.0008,1.4123,1.4922,0.3605
2.0657,0.0006,1.2986,2.2508,0.3420
1.2468,0.0005,1.2757,1.2999,0.3446
1.2759,0.0005,1.0463,1.2945,0.3389
1.0951,0.0004,0.9450,1.1056,0.3389
1.8490,0.0005,0.9350,1.8276,0.3445
1.2037,0.0004,0.9638,1.2055,0.3546
1.2698,0.0004,0.9719,1.3005,0.3451
1.8178,0.0006,0.9241,1.7928,0.3451
1.6578,0.0007,0.9522,1.2798,0.3342
1.9549,0.0006,0.9998,1.8010,0.3394
2.1649,0.0005,1.7416,1.6829,0.3880
1.1555,0.0003,1.7310,1.8266,0.3550
1.2816,0.0004,1.0090,1.3631,0.3490
1.3861,0.0004,0.9887,1.0717,0.3507
1.1833,0.0003,1.5774,1.1530,0.3468
1.2341,0.0002,0.9427,1.4849,0.3468
1.3475,0.0005,0.9110,1.3562,0.3444
1.7718,0.0006,0.9029,1.4718,0.3361
1.2840,0.0003,1.2705,1.3693,0.3460
1.0500,0.0003,1.1952,1.2672,0.3460
1.7251,0.0005,0.9000,1.6269,0.3479
1.2466,0.0008,1.2638,1.1696,0.3479
1.6379,0.0009,1.1664,1.3228,0.3679
1.4274,0.0006,1.6497,1.7621,0.3580
1.4472,0.0004,1.3496,1.2066,0.3598
1.4976,0.0005,1.4449,1.4591,0.3587
1.2811,0.0005,1.3203,1.2913,0.3587
1.5036,0.0004,1.1178,1.8266,0.3419
1.5534,0.0006,1.0736,1.1120,0.3321
1.4106,0.0006,1.5911,1.4411,0.3321
1.7804,0.0004,1.0822,1.9165,0.3445
1.6270,0.0006,1.1111,1.8814,0.3389
1.7341,0.0004,1.0566,1.6999,0.3389
1.6852,0.0004,1.3350,1.4902,0.3712
1.6824,0.0004,1.4323,1.7791,0.3394
1.3670,0.0003,1.2411,1.4772,0.3468
1.3252,0.0004,0.9721,1.1539,0.3468
2.1763,0.0004,0.9614,2.2165,0.3462
1.5486,0.0005,1.1458,1.0714,0.3437
1.4482,0.0004,1.6337,1.0817,0.3490
0.9702,0.0004,1.2956,1.1818,0.3321
1.4013,0.0004,0.9194,1.3355,0.3406
1.6740,0.0006,1.0147,1.5812,0.3406
2.1521,0.0007,1.4971,1.8883,0.3557
1.4198,0.0005,2.0195,1.9938,0.3557
1.4410,0.0003,1.1477,1.2596,0.3501
1.5069,0.0004,1.0333,1.5011,0.3433
1.2953,0.0005,1.2568,1.3919,0.3433
1.7287,0.0005,0.9717,1.5718,0.3671
2.0169,0.0004,0.9915,2.2678,0.3414
1.3191,0.0004,1.0473,1.1356,0.3600
1.7313,0.0005,1.3195,1.5066,0.3600
1.9068,0.0006,1.7378,1.8855,0.3690
1.5489,0.0006,1.6019,1.3617,0.3690
1.6133,0.0005,1.3168,1.9743,0.3748
2.0526,0.0008,1.2757,1.8834,0.3528
1.5946,0.0006,1.4743,1.2461,0.3522
1.2713,0.0008,1.5698,1.3955,0.3522
1.6297,0.0004,1.0896,1.9453,0.3309
1.5789,0.0004,1.0265,1.3885,0.3309
1.4135,0.0005,1.1692,1.4928,0.3590
1.9216,0.0007,1.1306,1.9813,0.3403
1.5446,0.0004,1.0602,1.4816,0.3733
1.2703,0.0008,1.2408,1.1248,0.3322
1.4606,0.0005,1.0202,1.6340,0.3629
1.5599,0.0005,1.1184,1.4160,0.3481
1.6542,0.0004,1.0961,1.6085,0.3481
1.3596,0.0004,1.0247,1.4493,0.3334
1.4273,0.0003,1.0180,1.5159,0.3384
1.4530,0.0004,0.9483,1.3451,0.3537
1.7737,0.0003,1.2003,1.9101,0.3490
1.3021,0.0004,0.9646,1.3090,0.3496
1.3090,0.0004,0.9842,1.3202,0.3496
1.3860,0.0005,0.9929,1.2790,0.3420
1.7595,0.0006,1.0169,1.8407,0.3517
1.1867,0.0004,1.1102,0.8030,0.3517
1.9288,0.0005,1.1264,2.2535,0.3600
1.2590,0.0004,1.0642,0.8389,0.3353
1.2093,0.0005,1.2917,1.4411,0.3353
1.3634,0.0003,0.9673,1.4904,0.3582
1.5701,0.0003,0.9595,1.6461,0.3453
1.6744,0.0003,0.9735,1.6685,0.3453
1.4587,0.0004,1.2019,1.0935,0.3593
1.0869,0.0003,1.3848,1.3652,0.3680
1.2434,0.0003,0.9095,1.2175,0.3656
1.2091,0.0003,1.0567,1.3138,0.3656
1.5421,0.0004,1.0275,1.1719,0.3426
2.0613,0.0006,0.9273,2.2971,0.3675
1.6894,0.0004,1.1802,1.7715,0.3432
1.7757,0.0005,1.0809,1.7472,0.3564
1.5075,0.0003,1.0071,1.5493,0.3359
1.8054,0.0003,0.9470,1.7626,0.3299
1.5053,0.0004,1.0527,1.4301,0.3338
1.5477,0.0004,1.1878,1.4842,0.3443
1.4000,0.0005,0.9771,1.4340,0.3395
1.7001,0.0003,1.0019,1.4822,0.3559
1.5493,0.0004,1.3001,1.3373,0.3581
1.1746,0.0004,1.4030,1.5295,0.3581
1.8510,0.0005,1.0469,1.8513,0.3679
1.5203,0.0004,1.2475,1.6741,0.3679
1.8303,0.0003,1.0491,1.8137,0.3472
1.5107,0.0006,1.2000,1.2604,0.3472
1.7322,0.0005,1.1346,1.9889,0.3537
1.4197,0.0005,1.0478,1.3168,0.3453
1.8057,0.0006,1.1501,1.6023,0.3500
1.2674,0.0004,1.2695,1.4628,0.3590
1.5836,0.0004,1.0560,1.3883,0.3464
1.7015,0.0006,1.2332,1.4815,0.3582
1.2279,0.0004,1.6322,1.5041,0.3582
1.6024,0.0004,1.1752,1.7707,0.3490
1.1234,0.0003,1.0562,1.0626,0.3490
1.5978,0.0003,0.9636,1.3836,0.3525
1.7097,0.0005,1.1036,1.6085,0.3661
1.4508,0.0003,1.4536,1.8688,0.3634
1.6409,0.0003,0.9695,1.6130,0.3499
1.4437,0.0004,0.9810,1.4552,0.3486
1.1766,0.0004,1.1000,1.0969,0.3486
1.2247,0.0004,0.9954,1.2284,0.3412
1.8320,0.0005,1.2858,1.6695,0.3704
2.0088,0.0007,1.0362,1.7633,0.3282
1.8469,0.0005,1.7920,1.5259,0.3453
1.4913,0.0005,1.7314,1.2733,0.3467
1.0116,0.0005,1.3172,1.3648,0.3467
1.5246,0.0004,0.8886,1.5614,0.3509
1.6028,0.0003,0.8762,1.4500,0.3469
1.2188,0.0003,1.1803,1.2943,0.3469
1.3063,0.0004,0.9116,1.2724,0.3301
1.4569,0.0004,0.9309,1.4016,0.3301
1.9737,0.0005,0.9326,1.7128,0.3433
1.2116,0.0005,1.1896,1.4591,0.3433
1.7658,0.0006,0.9551,1.6358,0.3788
1.8942,0.0004,1.4492,2.1846,0.3752
1.6629,0.0005,1.3291,1.5533,0.3438
1.5123,0.0005,1.4410,1.0630,0.3422
1.2646,0.0003,1.5916,1.1473,0.3461
1.0227,0.0003,0.9247,1.2733,0.3464
1.9928,0.0004,0.9109,1.9703,0.3500
1.2625,0.0004,1.0437,0.8540,0.3384
1.3735,0.0004,1.3653,1.3660,0.3446
1.6640,0.0004,1.2094,2.0630,0.3446
1.7184,0.0004,1.0175,1.6932,0.3404
2.0377,0.0008,1.0930,1.5388,0.3513
1.2888,0.0006,1.3839,1.7365,0.3513
1.4083,0.0005,1.0584,1.2732,0.3434
1.4797,0.0005,0.9804,1.3734,0.3449
1.2665,0.0003,1.2435,1.3133,0.3449
1.4520,0.0003,0.9724,1.6741,0.3503
1.4326,0.0006,0.9429,1.2423,0.3393
1.7519,0.0006,1.0150,1.7328,0.3519
1.7484,0.0004,1.4620,1.8960,0.3434
1.2263,0.0004,1.0836,1.1943,0.3495
2.0376,0.0003,0.9783,2.0168,0.3496
1.5793,0.0005,1.1833,1.5245,0.3650
1.6033,0.0004,1.4562,1.6986,0.3466
1.5702,0.0006,1.0957,1.0245,0.3516
1.4963,0.0004,1.7878,1.2155,0.3443
1.2362,0.0003,1.2872,1.3605,0.3413
1.3979,0.0003,1.2233,1.5345,0.3341
1.4714,0.0004,1.3494,1.2402,0.3472
0.9282,0.0003,1.2288,1.2487,0.3472
1.5178,0.0003,0.8672,1.3670,0.3333
1.7515,0.0006,0.8961,1.9766,0.3470
1.3396,0.0006,0.8951,1.3227,0.3554
1.7531,0.0005,1.0586,1.6879,0.5475
1.3274,0.0006,1.5390,1.2007,0.3788
1.8982,0.0005,1.3197,2.0576,0.3620
1.4260,0.0004,1.1656,0.7822,0.3430
1.3533,0.0005,1.3519,1.8958,0.3581
1.5445,0.0005,1.0019,1.5531,0.3508
1.5765,0.0004,0.9577,1.2105,0.3544
1.3376,0.0004,1.3847,1.4062,0.3544
1.7005,0.0005,1.2151,1.9927,0.3460
1.3905,0.0004,0.9792,1.2200,0.3557
1.6899,0.0006,1.2178,1.7287,0.3557
1.7128,0.0007,1.2954,1.6867,0.3589
1.9014,0.0006,1.2261,1.9587,0.3443
1.6240,0.0006,1.3548,1.6466,0.3617
1.4142,0.0003,1.1585,1.1604,0.3545
1.5014,0.0005,1.4261,1.5430,0.3498
1.5111,0.0005,1.3659,1.3948,0.3517
1.2435,0.0005,1.3246,1.2873,0.3489
1.8046,0.0004,1.1960,2.0423,0.3497
1.6298,0.0003,0.9630,1.6469,0.3579
1.6709,0.0004,0.9816,1.6409,0.3576
2.1676,0.0005,1.0668,2.0625,0.3576
1.7745,0.0005,1.2452,1.8193,0.3392
1.7472,0.0005,1.1171,1.5506,0.3427
1.4976,0.0006,1.4185,1.2363,0.3554
1.1763,0.0004,1.4715,1.1272,0.3432
1.0634,0.0004,1.0082,0.9387,0.3432
1.8071,0.0003,0.9165,2.0194,0.3460
1.8992,0.0003,0.8903,1.7116,0.3522
1.2352,0.0003,1.2780,1.3610,0.3522
2.1928,0.0003,1.0447,2.1931,0.3371
1.2849,0.0007,1.2205,1.2290,0.3371
1.8487,0.0004,1.1503,2.0041,0.3423
1.7012,0.0005,1.1886,1.5807,0.3596
1.3938,0.0003,1.5047,1.3446,0.3596
2.0056,0.0003,0.9790,2.1748,0.3690
1.4038,0.0003,1.0172,1.4045,0.3508
1.4377,0.0003,0.9615,1.4505,0.3508
1.5619,0.0006,0.9590,1.5211,0.3493
1.6267,0.0002,1.0805,1.6211,0.3764
1.7069,0.0304,1.3865,1.2980,0.3444
1.4724,0.0007,1.2511,1.7469,0.3444
2.3463,0.0006,1.3141,2.4269,0.3579
1.3158,0.0004,1.1251,1.2952,0.3579
1.8964,0.0005,1.1117,1.8747,0.3584
1.1341,0.0005,1.1370,1.2352,0.3584
1.4386,0.0006,1.0805,1.2473,0.3613
1.8365,0.0003,1.1611,1.9005,0.3613
1.8737,0.0004,1.1558,1.9616,0.3420
1.6772,0.0005,1.0110,1.6811,0.3427
1.6145,0.0005,1.0297,1.5406,0.3431
1.3515,0.0003,1.1877,1.3860,0.3431
2.7728,0.0006,1.0103,2.6917,0.3796
1.1939,0.0008,1.2394,1.2077,0.3524
1.6954,0.0005,1.0964,1.7717,0.3628
1.2801,0.0005,1.1114,1.1066,0.3628
1.3968,0.0003,1.3942,1.1891,0.3455
1.3520,0.0004,1.3710,1.4496,0.3459
1.7948,0.0004,1.1557,2.0350,0.3478
1.3006,0.0003,1.0543,0.9389,0.3533
1.4943,0.0003,1.1042,1.8715,0.3533
1.4864,0.0003,0.8839,1.4161,0.3414
1.8419,0.0004,1.0500,1.4787,0.3570
1.8564,0.0005,1.5843,0.9574,0.3978
1.0854,0.0004,1.7932,1.2921,0.3697
1.1259,0.0002,0.9364,1.3721,0.3350
1.2204,0.0004,0.9096,1.0940,0.3695
1.3892,0.0003,1.1365,1.4582,0.3695
1.8386,0.0004,1.1862,1.8354,0.3357
1.3842,0.0004,1.2574,1.0160,0.3598
1.0747,0.0004,1.2684,1.4577,0.3598
1.3756,0.0003,1.0750,1.0639,0.3673
1.7843,0.0004,1.2562,2.0348,0.3673
1.8321,0.0003,1.0901,1.6555,0.3355
1.2709,0.0003,1.3218,1.3325,0.3355
1.5056,0.0002,1.1765,1.6159,0.3831
1.2755,0.0004,1.0260,1.2900,0.3424
1.4997,0.0004,1.0230,1.2151,0.3584
1.4075,0.0003,1.1546,1.6018,0.3446
1.4637,0.0003,0.9952,1.4794,0.3446
1.5603,0.0004,0.9780,1.3177,0.3407
1.5370,0.0004,1.5208,1.3819,0.3544
1.0288,0.0004,1.4084,1.2309,0.3639
1.5794,0.0004,0.9148,1.4458,0.3408
1.3227,0.0004,1.1478,1.5041,0.3627
1.3894,0.0005,1.3303,1.5314,0.3627
1.8895,0.0006,1.0327,1.8700,0.3848
1.4457,0.0004,1.4406,1.4148,0.3848
1.2515,0.0004,1.1009,1.3050,0.3490
1.3624,0.0003,1.1350,1.3590,0.3490
1.4880,0.0004,1.0592,1.2952,0.3440
1.0050,0.0003,1.2014,1.1181,0.3587
0.9396,0.0005,0.8980,1.0378,0.3587
1.6729,0.0004,0.8787,1.2061,0.3376
1.2915,0.0003,1.1756,1.6054,0.3376
1.3819,0.0003,1.0916,1.4193,0.3477
1.5592,0.0003,1.1927,1.1973,0.3467
1.5044,0.0005,1.5274,1.5167,0.3570
1.2889,0.0004,1.5512,1.3952,0.3570
1.8419,0.0004,1.0992,2.0153,0.3499
1.2559,0.0005,1.1626,1.3715,0.3499
1.6092,0.0005,0.9869,1.5173,0.3677
1.8613,0.0005,1.2165,1.5955,0.3355
1.3190,0.0005,1.3309,1.4626,0.3355
1.6869,0.0005,1.1005,1.8678,0.3563
1.1095,0.0005,0.9882,1.0889,0.3563
1.9053,0.0004,1.0262,1.8232,0.3423
1.3133,0.0004,1.2749,0.9619,0.3555
1.6881,0.0004,1.2377,2.0534,0.3609
1.4731,0.0005,1.1594,1.1444,0.3609
1.8445,0.0008,1.1070,2.1767,0.5186
1.7139,0.0005,1.0952,1.7404,0.3378
1.6799,0.0003,1.0550,1.6856,0.3409
1.6631,0.0003,0.9991,1.5463,0.3351
1.3682,0.0003,1.2661,1.1778,0.3410
1.5079,0.0004,1.2105,1.6538,0.3485
1.4923,0.0005,1.1862,1.6497,0.3449
1.4805,0.0004,0.9803,1.4157,0.3449
1.8404,0.0006,1.0614,1.7975,0.3472
2.0835,0.0005,1.1361,2.0657,0.3668
1.5357,0.0005,1.4061,1.5722,0.3483
1.3352,0.0004,1.5274,1.3284,0.3483
1.7342,0.0007,1.0310,1.5473,0.3447
2.1151,0.0006,1.1200,2.1626,0.3471
1.2043,0.0005,1.4981,0.8298,0.3527
1.2251,0.0003,1.0169,1.1181,0.3417
1.4386,0.0003,1.2577,1.7629,0.3464
1.9665,0.0004,0.8870,1.9137,0.3517
1.2889,0.0003,1.0520,1.2297,0.3517
1.6087,0.0004,1.0172,1.6216,0.3706
1.3541,0.0004,1.4163,1.2560,0.3706
2.3610,0.0007,1.1307,2.3912,0.3549
1.4713,0.0006,1.5004,1.2618,0.3480
1.1137,0.0004,1.4739,1.2453,0.3648
1.5927,0.0005,0.9566,1.8197,0.3648
1.5060,0.0005,0.9270,1.3546,0.3444
1.6929,0.0003,0.9966,1.7511,0.3577
1.6057,0.0003,1.2005,1.2775,0.3415
1.2564,0.0005,1.2360,1.4931,0.3529
1.4516,0.0005,1.2980,0.9238,0.3279
1.3132,0.0006,1.4820,1.4093,0.3622
1.7910,0.0005,1.1639,2.1111,0.3598
1.2851,0.0004,1.0717,1.3071,0.3569
1.1022,0.0006,1.0278,1.1161,0.3488
1.6603,0.0004,0.9716,1.6383,0.3336
1.4045,0.0005,0.9537,0.9303,0.3355
1.0654,0.0003,1.5164,1.5030,0.3380
1.4333,0.0003,0.9304,1.2017,0.3380
1.4048,0.0003,1.2374,1.5224,0.3507
1.9133,0.0006,0.9664,2.0498,0.3500
1.2698,0.0003,0.9503,1.1456,0.3500
1.7997,0.0005,1.0468,1.8023,0.3464
1.8018,0.0006,1.1807,1.5144,0.3638
1.6107,0.0004,1.2864,1.7834,0.3638
2.2466,0.0005,1.1414,2.2901,0.3452
1.4781,0.0004,1.3740,1.6165,0.3452
1.6912,0.0005,1.2382,1.3094,0.3378
1.8120,0.0005,1.2806,1.9496,0.3434
1.4119,0.0005,1.4338,1.0930,0.3434
1.6903,0.0005,1.3060,1.7829,0.3229
1.7373,0.0005,1.7880,1.7593,0.3425
1.3585,0.0009,1.5475,1.6112,0.3425
1.8426,0.0006,1.1993,1.7020,0.3710
2.0610,0.0006,1.4348,2.2308,0.3385
1.7368,0.0007,1.3915,1.7363,0.3447
1.5232,0.0005,1.2777,1.3836,0.3356
1.6137,0.0004,1.4769,1.7394,0.3516
1.4170,0.0004,1.2366,1.4463,0.3516
1.6385,0.0005,1.2006,1.6258,0.3461
1.5174,0.0006,1.2088,1.0534,0.3390
1.6411,0.0004,1.4475,1.7890,0.3410
1.7874,0.0005,1.4170,2.0324,0.3417
1.7062,0.0005,1.1518,1.5214,0.3417
1.9412,0.0005,1.1385,2.0877,0.3399
1.1394,0.0005,1.1866,1.2128,0.3526
1.6297,0.0005,1.1025,1.4706,0.3484
1.6729,0.0008,1.1938,1.5124,0.3484
1.9898,0.0005,1.4051,2.2441,0.3464
1.7522,0.0009,1.3722,1.5669,0.3632
1.9840,0.0008,1.6054,2.1448,0.3451
1.7426,0.0009,1.3794,1.7323,0.3378
1.9689,0.0011,1.2227,1.8856,0.3378
2.0919,0.0008,1.4458,1.9185,0.3449
1.8359,0.0009,1.9401,2.0658,0.3541
1.6993,0.0009,1.2351,1.7114,0.3567
1.4298,0.0007,1.1689,1.4287,0.3567
1.7422,0.0008,1.1707,1.6263,0.3552
2.1908,0.0005,1.4259,2.2850,0.3536
1.4720,0.0005,1.2220,1.5088,0.3433
1.7673,0.0005,1.2522,1.7582,0.3433
1.8071,0.0006,1.0128,1.7262,0.3629
1.5211,0.0006,1.2010,1.5539,0.3629
1.7061,0.0007,1.1461,1.6895,0.3414
1.6411,0.0007,1.0722,1.3761,0.3414
1.9182,0.0007,1.1309,2.1658,0.3523
1.6276,0.0006,1.2476,1.6208,0.3523
1.9836,0.0007,1.2651,1.7972,0.3419
1.6870,0.0007,1.5074,1.5813,0.3517
1.1373,0.0006,1.6207,1.1752,0.3422
1.9957,0.0007,1.0142,2.1974,0.3467
1.5815,0.0007,1.1278,1.5713,0.3751
1.4413,0.0005,1.2550,1.3067,0.3681
2.0499,0.0005,1.2551,2.1811,0.3402
1.6839,0.0006,1.2119,1.5166,0.3569
1.4404,0.0008,1.4392,1.6105,0.3421
1.8754,0.0004,1.0598,1.8577,0.3482
1.6276,0.0004,1.0525,1.6366,0.3515
1.0322,0.0003,1.0321,1.0428,0.3427
1.8709,0.0006,1.0494,1.7853,0.3549
1.7572,0.0009,1.1517,1.7877,0.3549
1.9517,0.0007,1.2709,1.8613,0.3505
2.0246,0.0005,1.3806,2.0386,0.3827
1.6342,0.0006,1.2602,1.4771,0.3418
1.4064,0.0004,1.3815,1.2955,0.3418
1.6766,0.0004,1.3265,1.8514,0.3468
2.3127,0.0005,1.2143,2.2974,0.3564
1.7950,0.0007,1.5057,1.9165,0.3612
1.1674,0.0003,1.1081,1.2064,0.3612
1.5142,0.0004,0.9802,1.4692,0.3473
2.0618,0.0006,0.9811,2.0655,0.3633
1.4349,0.0005,1.0692,1.2021,0.3633
2.1740,0.0007,1.1789,2.3607,0.3427
1.6755,0.0007,1.2983,1.6895,0.3427
1.9698,0.0006,1.1377,1.8840,0.3341
1.7193,0.0005,1.2887,1.8184,0.3395
1.5731,0.0005,1.0438,1.5774,0.3492
1.5764,0.0005,1.0179,1.1583,0.3498
1.4356,0.0005,1.2613,1.5320,0.3513
1.7853,0.0007,1.2548,1.7487,0.3466
1.3783,0.0007,1.4253,1.6942,0.3466
1.8817,0.0006,1.1120,1.8636,0.3487
1.8128,0.0004,1.1703,1.5331,0.3487
1.8679,0.0004,1.3423,2.1321,0.3584
1.5496,0.0004,1.1186,1.5800,0.3584
1.6676,0.0003,1.0630,1.6345,0.3407
1.5095,0.0005,1.1406,1.5398,0.3407
2.2091,0.0005,1.0032,1.7342,0.3450
1.7054,0.0006,1.3311,1.9808,0.3498
1.4627,0.0005,1.3519,1.4957,0.3461
1.9983,0.0008,1.4294,1.3767,0.3418
1.6279,0.0005,1.9680,2.3229,0.3655
1.7309,0.0007,1.1282,1.7079,0.3655
1.4758,0.0005,1.5291,1.5081,0.3700
1.5747,0.0004,1.0990,1.2889,0.3660
1.2487,0.0004,1.3292,1.4436,0.3660
1.9359,0.0005,1.0291,1.9852,0.3479
2.0440,0.0005,1.0953,1.8231,0.3404
1.6643,0.0004,1.3964,1.6325,0.3362
1.8604,0.0006,1.2505,2.0903,0.3384
1.8183,0.0007,1.1378,1.8164,0.3663
1.5200,0.0007,1.1787,1.5404,0.3751
1.8971,0.0006,1.1275,1.8829,0.3585
1.4836,0.0004,1.0984,1.4896,0.3466
1.4267,0.0003,1.0949,1.2637,0.3466
1.9128,0.0005,1.0064,1.9418,0.3532
1.4100,0.0005,1.3159,1.3073,0.3401
1.4987,0.0005,1.3292,1.6644,0.3318
1.6208,0.0004,1.1757,1.6079,0.3286
1.5130,0.0004,1.0361,1.5687,0.3286
1.6342,0.0007,1.1440,1.2514,0.3470
1.9668,0.0007,1.3446,2.1248,0.3893
1.6562,0.0005,1.6974,1.6594,0.3296
1.3431,0.0006,1.4596,1.4657,0.3296
1.6246,0.0006,1.1836,1.6910,0.3324
1.5500,0.0007,1.0977,1.2441,0.3413
1.6795,0.0005,1.3245,1.7633,0.3413
2.0152,0.0005,1.0663,2.0967,0.3570
1.6043,0.0003,1.2984,1.7234,0.3260
1.5766,0.0003,1.0099,1.5727,0.3260
2.0023,0.0008,0.9873,1.8819,0.3449
1.7914,0.0005,1.3082,1.7717,0.3270
1.7499,0.0011,1.3422,1.6890,0.3347
1.4379,0.0005,1.3298,1.5975,0.3347
2.1218,0.0007,1.2972,2.0761,0.3496
1.6947,0.0008,1.1404,1.7187,0.3454
1.2646,0.0008,1.0867,1.0277,0.3364
1.2675,0.0004,1.3469,1.3326,0.3364
1.5502,0.0004,0.9867,1.6256,0.3433
1.3982,0.0005,0.9264,1.5093,0.3515
1.8032,0.0006,1.0761,1.7171,0.3620
1.8073,0.0006,1.5866,1.4702,0.3405
1.7065,0.0005,1.7068,2.0714,0.3594
1.0951,0.0004,1.1300,0.8862,0.3594
1.5354,0.0005,1.0518,1.6031,0.3497
1.7050,0.0005,1.3398,1.3350,0.3414
1.2387,0.0005,1.6676,1.3081,0.3404
1.6699,0.0004,1.1387,1.8242,0.3522
1.2668,0.0004,1.2936,1.4308,0.3522
1.7768,0.0005,1.1191,1.5882,0.3542
1.4037,0.0007,1.2986,1.4996,0.3542
2.1070,0.0011,1.2402,2.0437,0.3554
1.2802,0.0005,1.3036,1.2585,0.3554
1.2557,0.0006,1.2003,1.3495,0.3537
1.6932,0.0004,1.2055,1.3277,0.3792
1.4666,0.0004,1.4278,1.7254,0.3459
1.7887,0.0005,1.1453,1.9264,0.3497
1.8435,0.0006,1.0381,1.4793,0.3417
1.7015,0.0006,1.3831,1.5094,0.3402
1.1823,0.0007,1.6599,1.4423,0.3552
1.8292,0.0009,1.0086,1.9916,0.3462
1.7234,0.0010,1.2630,1.7172,0.3680
1.8396,0.0007,1.4175,1.8140,0.3471
1.6705,0.0005,1.2675,1.4851,0.3430
1.4016,0.0005,1.5717,1.4661,0.3478
1.5845,0.0007,1.1870,1.6292,0.3478
1.4197,0.0007,1.3404,1.5162,0.3381
1.4628,0.0006,1.1794,1.4696,0.3610
1.3843,0.0005,1.1027,1.3032,0.3610
1.5927,0.0005,1.0327,1.4356,0.3368
2.1306,0.0008,1.1830,2.3240,0.3494
1.3870,0.0006,1.2538,1.4214,0.3482
1.8605,0.0007,1.2838,1.7414,0.5299
1.8725,0.0006,1.5078,1.9287,0.3701
1.4705,0.0009,1.2949,1.2805,0.3701
1.9231,0.0009,1.3046,1.7365,0.3391
1.5325,0.0007,1.5272,1.8083,0.3626
1.8575,0.0007,1.2048,1.8603,0.3548
1.7487,0.0006,1.1729,1.5646,0.3507
1.4958,0.0009,1.5841,1.6798,0.3507
1.9216,0.0009,1.3738,1.9810,0.3543
2.2610,0.0010,1.3742,1.7922,0.3498
2.3499,0.0008,2.0485,1.3200,0.3694
1.3055,0.0008,2.1174,1.4456,0.3455
1.0579,0.0005,1.1533,1.4410,0.3383
1.6536,0.0008,0.9733,1.2347,0.3383
1.7277,0.0009,1.3877,2.0753,0.3571
1.4876,0.0008,1.2058,1.3273,0.3382
2.0295,0.0008,1.5044,1.8190,0.3527
1.5973,0.0005,1.8250,1.9201,0.3510
1.1351,0.0005,1.2146,1.0555,0.3486
1.5450,0.0005,1.1504,1.4893,0.3486
1.5542,0.0009,1.5073,1.6629,0.3731
2.2496,0.0008,1.2973,2.2318,0.3532
1.3842,0.0009,1.3078,1.4281,0.3532
1.9092,0.0006,1.2641,1.7702,0.3614
1.7419,0.0005,1.3757,1.8420,0.3462
1.9947,0.0007,1.2230,1.8242,0.3418
1.3175,0.0008,1.4276,1.2045,0.3651
1.9062,0.0008,1.2931,2.1069,0.3429
1.3430,0.0008,1.2861,1.4015,0.3502
1.8716,0.0008,1.2253,1.7793,0.3457
2.4007,0.0012,1.5019,2.3194,0.3706
1.7395,0.0009,1.6868,1.8221,0.3412
1.7189,0.0006,1.3982,1.7731,0.3412
2.0481,0.0009,1.2031,2.0034,0.3487
1.5594,0.0009,1.2566,1.5402,0.3487
1.9530,0.0007,1.3294,1.7391,0.3538
1.6737,0.0006,1.5855,1.7978,0.3532
1.5677,0.0007,1.4234,1.6521,0.3507
1.9126,0.0009,1.2820,1.8740,0.3507
2.2346,0.0007,1.2943,2.2309,0.3628
1.7177,0.0007,1.3870,1.7538,0.3628
1.6448,0.0005,1.4590,1.3134,0.3328
1.9174,0.0007,1.4099,2.2204,0.3446
1.5472,0.0011,1.3993,1.5134,0.3446
1.6360,0.0007,1.4236,1.1122,0.3636
2.1520,0.0005,1.4231,2.6631,0.3472
1.4756,0.0007,1.2541,1.5366,0.3403
1.9952,0.0009,1.1431,1.7731,0.3403
1.8659,0.0006,1.4886,2.0093,0.3342
2.0018,0.0007,1.4304,1.9873,0.3573
1.5330,0.0005,1.2778,1.5904,0.3560
1.5860,0.0006,1.1464,1.4406,0.3365
1.8276,0.0008,1.5749,1.4519,0.3431
1.5917,0.0006,1.6214,1.9430,0.3412
1.6270,0.0005,1.4100,1.7777,0.3412
2.0539,0.0006,1.2316,2.0168,0.3390
1.1737,0.0006,1.2451,0.9613,0.3390
1.6602,0.0007,1.1714,1.7818,0.3407
2.3874,0.0007,1.5267,2.4070,0.3580
1.5478,0.0007,1.4446,1.4654,0.3426
1.9944,0.0009,1.3644,2.0307,0.3659
1.5904,0.0007,1.2971,1.4985,0.3593
1.9108,0.0009,1.4788,1.9923,0.3545
1.9474,0.0006,1.3921,1.6372,0.3575
2.0537,0.0006,1.5777,2.2626,0.3431
1.6921,0.0007,1.5063,1.5074,0.3411
1.9892,0.0010,1.8222,2.2736,0.3549
2.1912,0.0011,1.9814,1.5002,0.3425
1.2232,0.0004,1.9157,1.6012,0.3448
1.4427,0.0004,1.1419,1.7201,0.3444
1.5900,0.0004,1.1978,1.6224,0.3502
1.9288,0.0006,1.3196,1.7866,0.3396
1.3028,0.0006,1.3970,1.3281,0.3596
1.7230,0.0007,1.2760,1.4033,0.3450
2.3625,0.0009,1.3663,2.5837,0.3445
1.8001,0.0006,1.5259,1.7089,0.3565
2.1095,0.0008,1.8340,1.6831,0.3783
1.3730,0.0007,2.0534,1.4325,0.3769
1.0542,0.0005,1.1608,1.4466,0.3523
1.7842,0.0004,1.0302,1.7146,0.3470
1.5992,0.0007,1.0646,1.5995,0.3359
1.1640,0.0005,1.3327,1.1091,0.3359
1.9702,0.0007,1.1390,1.9966,0.3382
1.6511,0.0010,1.2247,1.5556,0.3392
2.1435,0.0006,1.2812,2.1687,0.3592
1.4065,0.0007,1.2683,1.3717,0.3572
1.5957,0.0009,1.2295,1.5907,0.3678
1.9136,0.0007,1.3328,1.9325,0.3496
1.8905,0.0010,1.8145,1.4050,0.3579
1.6624,0.0009,1.8227,2.1560,0.3724
1.2927,0.0008,1.3048,0.8917,0.3724
1.5649,0.0007,1.4120,1.5576,0.3451
1.5001,0.0007,1.4832,1.8142,0.3451
1.8731,0.0008,1.3791,1.7606,0.3622
2.2312,0.0007,1.6142,2.3062,0.3524
1.6916,0.0007,1.3677,1.6992,0.3513
1.6159,0.0008,1.4542,1.6073,0.3513
2.1749,0.0009,1.6351,1.8323,0.3809
1.6697,0.0008,1.6923,1.9156,0.3809
1.3318,0.0006,1.4331,1.3497,0.3387
2.5393,0.0008,1.1377,2.4472,0.3489
1.4375,0.0009,1.4942,0.9083,0.3537
1.3145,0.0005,1.2793,1.6854,0.3542
1.9893,0.0006,1.0890,1.7898,0.3574
1.2434,0.0008,1.4282,1.4055,0.3363
2.5040,0.0011,1.0982,2.2648,0.3509
1.5895,0.0009,1.6728,1.0745,0.3697
1.3828,0.0005,1.3823,1.5867,0.3550
1.6564,0.0007,1.4145,1.7067,0.3412
1.2701,0.0008,1.6238,1.4631,0.3412
2.0972,0.0007,1.1524,1.9439,0.3508
1.7259,0.0010,1.5537,1.5270,0.3453
1.6657,0.0004,1.6209,1.9238,0.3453
1.5439,0.0005,1.4067,1.4586,0.3561
1.7290,0.0005,1.3901,1.6147,0.3561
2.2515,0.0007,1.2045,2.4117,0.3505
1.5975,0.0007,1.2815,1.6378,0.3566
1.8248,0.0005,1.2899,1.7885,0.3595
1.5578,0.0005,1.2202,1.2217,0.3569
2.5206,0.0005,1.4587,2.7058,0.3724
1.3046,0.0005,1.4944,1.4146,0.3281
1.9275,0.0005,1.3057,2.0136,0.3489
1.3770,0.0004,1.2329,1.3148,0.3489
1.5521,0.0005,1.2294,1.4227,0.3555
1.9421,0.0007,1.3010,1.8625,0.3463
2.0051,0.0009,1.6961,2.1076,0.3728
1.8265,0.0008,1.4920,1.5424,0.3445
1.7212,0.0006,1.6330,1.8325,0.3471
1.2704,0.0003,1.6453,1.5518,0.3471
1.9698,0.0007,1.1956,1.5463,0.3522
2.0622,0.0008,1.4794,2.2490,0.3372
1.3843,0.0004,1.5847,1.3257,0.3372
1.8347,0.0006,1.2519,1.9991,0.3276
1.9135,0.0008,1.4812,1.9254,0.3607
1.9328,0.0008,1.3622,1.8532,0.3607
1.8618,0.0009,1.5195,1.9306,0.3421
2.1171,0.0006,1.5582,2.0130,0.3529
1.8168,0.0008,1.5601,1.9274,0.3529
1.7684,0.0007,1.4356,1.6772,0.3440
1.8818,0.0006,1.4785,1.7944,0.3356
1.6634,0.0008,1.4784,1.7661,0.3356
1.5910,0.0007,1.4811,1.4970,0.3524
2.4432,0.0012,1.3941,2.4171,0.3356
1.8744,0.0011,1.3713,1.8887,0.3751
2.0297,0.0006,1.8588,1.5810,0.3674
1.2579,0.0007,1.7631,1.8810,0.3456
1.8150,0.0005,1.1053,1.5304,0.3456
2.0707,0.0004,1.2366,2.2474,0.3381
1.4446,0.0004,1.3527,1.5376,0.3581
1.6574,0.0008,1.1751,1.6305,0.3504
1.8652,0.0008,1.3549,1.6889,0.3504
1.7720,0.0005,1.6539,1.9301,0.3408
1.8854,0.0008,1.1938,1.7904,0.3758
1.4550,0.0006,1.3446,1.5353,0.3758
1.8321,0.0005,1.3676,1.7952,0.3839
2.1724,0.0006,1.1873,2.1707,0.3396
1.5164,0.0004,1.1689,1.5496,0.3403
1.8650,0.0006,1.1769,1.4949,0.3430
1.8375,0.0005,1.4461,1.9321,0.3628
1.9694,0.0006,1.3765,2.1663,0.3419
2.0767,0.0005,1.1883,2.1249,0.3395
1.9420,0.0006,1.2027,1.7786,0.3395
2.0068,0.0006,1.7766,1.6860,0.3684
1.5453,0.0006,1.6396,1.9547,0.3585
1.9450,0.0006,1.2376,1.9585,0.3350
1.6810,0.0005,1.1887,1.5711,0.3350
1.8856,0.0007,1.3881,2.0311,0.3390
1.7963,0.0005,1.1026,1.3822,0.3428
1.8018,0.0005,1.3887,2.1890,0.3571
1.5235,0.0006,1.3273,1.5529,0.3563
1.9579,0.0007,1.0265,1.6386,0.3484
2.0973,0.0010,1.7997,1.0766,0.3720
1.6265,0.0007,1.8740,1.0766,0.3747
1.1243,0.0007,1.5158,1.6296,0.3424
1.4771,0.0004,1.0349,1.4365,0.3424
1.6887,0.0007,1.2546,1.6766,0.3454
1.8728,0.0008,1.4420,1.2722,0.3433
1.3720,0.0004,1.6582,1.9077,0.3543
1.8735,0.0005,1.1272,1.8327,0.3377
1.8158,0.0005,1.1956,1.8214,0.3447
1.6732,0.0010,1.3159,1.5962,0.3610
1.9027,0.0007,1.3671,1.8955,0.3621
1.8863,0.0008,1.6210,1.9186,0.3598
1.4823,0.0006,1.5743,1.4323,0.3448
1.4091,0.0010,1.3878,1.3938,0.3335
1.7081,0.0007,1.5189,1.5789,0.3604
1.4816,0.0006,1.4887,1.6825,0.3276
1.4260,0.0007,1.1686,1.4041,0.3276
1.9810,0.0008,1.2920,1.9696,0.3527
2.0947,0.0006,1.3333,2.0612,0.3637
1.5478,0.0007,1.3744,1.5087,0.3637
1.9383,0.0007,1.4076,1.9584,0.3541
1.5269,0.0007,1.3254,1.5400,0.3435
2.0753,0.0010,1.3041,1.9633,0.3505
1.3775,0.0006,1.5273,1.3776,0.3505
2.3224,0.0008,1.2077,2.2586,0.3497
2.0794,0.0007,1.6344,2.0013,0.3311
2.3336,0.0007,1.2775,2.5204,0.3311
1.9989,0.0009,1.2750,1.9992,0.3547
1.6738,0.0010,1.3382,1.2677,0.3351
1.8673,0.0006,1.7860,2.1997,0.3813
1.8166,0.0006,1.4332,1.7851,0.3343
1.7430,0.0007,1.5280,1.8346,0.3343
2.0482,0.0006,1.4318,2.0304,0.3481
1.7199,0.0008,1.2193,1.7111,0.3387
1.9214,0.0007,1.2102,1.7102,0.3361
1.8996,0.0010,1.4435,2.0008,0.3361
1.8519,0.0006,1.4203,1.9563,0.3650
1.7122,0.0009,1.1734,1.6721,0.3650
2.1767,0.0007,1.3427,1.8377,0.3728
1.8985,0.0010,1.4886,2.1336,0.3501
1.5145,0.0007,1.5406,1.3529,0.3418
1.5077,0.0007,1.3617,1.6821,0.3418
1.5623,0.0006,1.3670,1.3814,0.3495
1.8052,0.0006,1.2876,2.0720,0.3310
1.8055,0.0006,1.1263,1.7655,0.3327
1.3984,0.0006,1.1628,1.3040,0.3487
1.8165,0.0009,1.2650,1.9200,0.3487
2.3749,0.0006,1.1354,2.2930,0.3506
1.5722,0.0007,1.3142,1.6002,0.3462
1.9717,0.0006,1.2776,1.8943,0.3461
2.0532,0.0005,1.4147,2.0994,0.3427
1.6638,0.0005,1.2393,1.6991,0.3460
1.9490,0.0005,1.1928,1.9267,0.3500
1.0612,0.0006,1.3253,1.1072,0.3500
2.0284,0.0005,1.0475,2.0096,0.3422
1.7186,0.0008,1.0245,1.7075,0.3594
1.3521,0.0004,1.0613,1.3260,0.3594
1.5912,0.0004,1.1012,1.5840,0.3570
2.1360,0.0005,1.4658,1.9770,0.3461
1.8821,0.0005,1.4220,1.9154,0.3337
1.3692,0.0005,1.4370,1.5064,0.3337
1.6451,0.0004,1.0430,1.3464,0.3318
1.7185,0.0004,1.0516,1.5346,0.3371
1.5394,0.0004,1.3277,1.9974,0.3449
2.0998,0.0005,1.0406,1.6452,0.3379
1.7980,0.0008,1.3251,2.1968,0.3578
2.0817,0.0008,1.3387,1.0925,0.3833
1.4597,0.0008,2.0835,2.3877,0.3552
1.3075,0.0005,1.2540,1.3807,0.3552
1.5764,0.0006,0.9738,1.4476,0.3492
2.0061,0.0005,1.0871,2.0901,0.3499
1.5935,0.0007,1.2316,1.2412,0.3499
2.0388,0.0006,1.0824,2.2779,0.3382
1.8775,0.0004,1.2661,1.8449,0.3502
1.4084,0.0004,1.2433,1.4276,0.3501
2.2307,0.0007,1.4293,2.1190,0.3761
1.7467,0.0006,1.6610,0.9175,0.3630
1.1943,0.0004,1.5555,1.8402,0.3379
2.0148,0.0007,1.1257,1.9968,0.3621
1.5150,0.0005,1.2260,1.3759,0.3423
1.6114,0.0004,1.2880,1.6939,0.3423
2.0900,0.0006,1.1562,2.0419,0.3466
1.6348,0.0005,1.2043,1.6744,0.3364
1.6701,0.0006,1.1731,1.7076,0.3259
1.9739,0.0007,1.0196,1.7366,0.3439
1.9308,0.0007,1.1584,2.0822,0.3519
1.9655,0.0008,1.3186,1.8550,0.3576
1.5453,0.0006,1.4302,1.6961,0.3450
1.6845,0.0009,1.1570,1.6570,0.3425
1.6544,0.0004,1.2898,1.6127,0.3510
1.3510,0.0005,1.3323,1.4500,0.3510
1.9219,0.0004,1.0965,1.8020,0.3553
1.8283,0.0005,1.2882,1.8299,0.3549
1.7535,0.0004,1.2402,1.5192,0.3549
2.1505,0.0007,1.0562,2.3676,0.3676
1.3604,0.0006,1.2757,1.4230,0.3533
1.6832,0.0006,1.1190,1.2491,0.3423
1.5730,0.0005,1.2561,1.8982,0.3423
1.4679,0.0005,1.0991,1.4441,0.3603
1.7210,0.0005,1.2555,1.7405,0.3362
1.9904,0.0005,1.2029,1.8409,0.3382
1.6383,0.0007,1.4049,1.5181,0.3398
2.0488,0.0006,1.2443,2.1260,0.3398
1.5761,0.0006,1.2650,1.5216,0.3458
2.1902,0.0007,1.1945,2.3758,0.5263
1.6151,0.0008,1.4158,1.6999,0.3741
1.4890,0.0007,1.3575,1.4102,0.3747
1.7829,0.0006,1.4471,1.4088,0.3407
1.1976,0.0005,1.6531,0.8827,0.3544
0.9793,0.0003,1.0680,0.8630,0.3544
1.4230,0.0003,0.9429,1.5792,0.3408
1.8290,0.0003,0.9406,1.8886,0.3383
1.4400,0.0005,0.9610,1.3567,0.3464
2.3899,0.0007,1.3396,2.3969,0.3395
1.9880,0.0006,1.1356,1.8633,0.3511
1.3551,0.0006,1.4239,1.4394,0.3511
1.9943,0.0007,1.1786,2.0331,0.3419
1.6486,0.0005,1.0579,1.6002,0.3419
1.8495,0.0004,1.2518,1.8961,0.3331
1.5837,0.0004,1.1645,1.5935,0.3658
1.6711,0.0007,1.0527,1.4993,0.3511
1.2348,0.0004,1.4556,1.0353,0.3628
1.3650,0.0005,1.0659,1.5728,0.3628
1.7802,0.0008,0.9758,1.7754,0.3490
1.3242,0.0006,1.1880,1.1813,0.3490
1.8283,0.0004,1.3585,1.9370,0.3358
2.1893,0.0006,1.4199,1.5956,0.3548
1.8665,0.0005,1.1837,2.5065,0.3306
2.0902,0.0006,1.0450,2.0643,0.3470
1.3996,0.0004,1.0619,1.4429,0.3538
1.5322,0.0008,1.0558,1.4923,0.3554
1.7152,0.0007,1.2456,1.7114,0.3383
1.7915,0.0007,1.4747,1.5346,0.3383
2.0648,0.0010,1.4458,2.2677,0.3493
2.1363,0.0006,1.4620,1.2539,0.5512
1.5441,0.0005,1.9789,1.4316,0.3804
1.0712,0.0003,1.4331,1.3106,0.3484
1.6682,0.0004,0.9632,1.8876,0.3379
1.5882,0.0004,0.9648,1.5585,0.3379
1.7024,0.0004,0.9887,1.7165,0.3335
1.4178,0.0006,1.0402,1.3994,0.3446
1.5099,0.0005,1.1067,1.3918,0.3569
1.5303,0.0005,1.4988,1.4022,0.3569
1.7503,0.0005,1.2451,1.9863,0.3329
2.0432,0.0006,1.0747,1.9412,0.3329
1.7598,0.0005,1.2972,1.6961,0.3561
1.3349,0.0005,1.3636,1.4740,0.3470
1.5718,0.0005,1.1141,1.4725,0.3470
1.3008,0.0005,1.4988,1.2053,0.3406
1.7216,0.0005,1.1150,1.8495,0.3458
1.5246,0.0005,1.3821,1.2986,0.3411
1.8240,0.0004,1.1229,2.1013,0.3448
1.5843,0.0005,1.1060,1.4787,0.3605
1.3600,0.0005,1.2044,1.4514,0.3406
1.8907,0.0006,1.0829,1.2894,0.3622
1.7376,0.0005,1.6240,1.8159,0.3533
1.7422,0.0007,1.5719,2.2263,0.3506
1.6390,0.0003,1.1643,1.6295,0.3534
1.3268,0.0003,1.1062,1.3217,0.3534
1.7342,0.0005,1.1402,1.7184,0.3481
1.6590,0.0008,1.3874,1.6072,0.3323
1.8437,0.0006,1.1757,1.8520,0.3341
1.8679,0.0007,1.0999,1.7428,0.3362
1.7590,0.0005,1.2049,1.5886,0.3384
2.0174,0.0008,1.6648,1.7750,0.3453
2.0341,0.0008,2.3213,2.1059,0.3854
1.1917,0.0006,1.6264,1.2278,0.3642
1.0913,0.0004,1.0653,1.3814,0.3642
2.1730,0.0004,0.9955,2.1112,0.3533
1.8802,0.0004,1.3261,1.8142,0.3463
17.8293,0.0008,17.3775,1.6087,0.3516
1.3091,0.0007,1.6868,1.3323,0.3516
1.8463,0.0004,1.5836,0.8687,0.3564
1.0897,0.0005,1.4450,0.8687,0.3477
1.3278,0.0004,1.0254,1.1095,0.3477
1.7429,0.0007,1.4343,1.7599,0.3316
1.5830,0.0005,1.8299,2.0608,0.3821
1.2139,0.0006,1.1012,1.1323,0.3430
2.6381,0.0006,1.1643,2.4357,0.3402
1.8743,0.0007,1.6564,1.0340,0.3378
1.4439,0.0006,1.8597,1.1860,0.3436
1.8225,0.0004,1.2503,2.1156,0.3366
2.1861,0.0006,1.3876,1.9973,0.3503
1.3850,0.0006,1.5182,1.5472,0.3399
2.2550,0.0010,1.3391,2.1651,0.3602
1.6931,0.0008,1.5617,1.1090,0.3551
1.7299,0.0007,1.6540,2.2970,0.3596
1.5453,0.0019,1.4960,1.3134,0.3465
1.6968,0.0009,1.5512,1.9379,0.3342
1.9035,0.0006,1.4930,1.7769,0.3342
2.5697,0.0014,1.5709,2.3836,0.3398
1.8374,0.0007,1.8037,1.8917,0.3553
2.6896,0.0010,1.6910,2.6952,0.3608
2.4475,0.0007,1.9383,1.1604,0.3874
1.5003,0.0004,2.1991,1.7993,0.3542
1.4962,0.0006,1.3751,1.7312,0.3498
1.6023,0.0005,1.5158,1.7914,0.3408
1.3363,0.0004,1.1374,1.3622,0.3408
1.8673,0.0004,1.1320,1.6632,0.3345
1.7860,0.0003,1.4281,1.9073,0.3365
1.3846,0.0003,1.3311,0.9064,0.3341
1.5906,0.0004,1.2794,2.0862,0.3409
1.7482,0.0009,0.9376,1.6282,0.3409
1.6097,0.0008,1.2073,1.6434,0.3757
1.7409,0.0005,1.4150,1.7647,0.3585
1.6941,0.0003,1.2048,1.6950,0.3408
1.6889,0.0004,1.0123,1.6962,0.3612
1.8307,0.0004,0.9861,1.7221,0.3455
1.1549,0.0006,1.1930,1.1957,0.3455
2.0199,0.0003,0.9986,1.6360,0.3470
1.8977,0.0006,1.2384,2.3210,0.3583
1.6269,0.0004,1.2847,1.4876,0.3418
1.9926,0.0013,1.3151,1.3387,0.3320
1.6871,0.0008,2.2432,2.1763,0.3404
1.6680,0.0006,1.3126,1.9045,0.3500
1.7018,0.0005,1.3810,1.5839,0.3500
1.6743,0.0007,1.4309,1.8003,0.3488
1.8298,0.0007,1.1974,1.2557,0.3425
1.5909,0.0008,1.1038,2.1500,0.3478
1.5862,0.0007,1.1325,1.3392,0.3478
1.9074,0.0006,1.3165,1.7183,0.3542
1.5090,0.0007,1.5844,1.5887,0.3408
1.9996,0.0006,1.5763,2.2774,0.3457
2.0039,0.0006,1.2592,2.0310,0.3358
1.7382,0.0006,1.2046,1.6674,0.3358
1.4997,0.0005,1.1270,1.4931,0.3389
1.8931,0.0004,1.2886,1.8005,0.3348
1.7185,0.0006,1.3639,1.5656,0.3526
1.8994,0.0004,1.4166,2.2011,0.3452
1.1357,0.0005,1.2046,1.1279,0.3419
1.8104,0.0006,1.1133,1.7276,0.3459
1.8268,0.0009,1.2618,1.7360,0.3647
1.5844,0.0008,1.5680,1.1404,0.3785
1.9103,0.0008,1.5340,2.2045,0.3663
1.4693,0.0005,1.5444,1.6448,0.3408
1.8777,0.0005,1.2535,1.8778,0.3460
1.7660,0.0006,1.3115,1.4354,0.3502
1.5181,0.0007,1.6565,1.8791,0.3437
2.0328,0.0005,1.1937,1.8582,0.3544
1.7080,0.0006,1.5342,1.5047,0.3403
1.7003,0.0006,1.5741,1.9055,0.3403
2.2982,0.0008,1.1998,2.3696,0.3466
1.4978,0.0006,1.3188,1.5694,0.3895
1.5219,0.0006,1.2063,1.5084,0.3492
1.6116,0.0005,1.1314,1.4792,0.3361
2.0617,0.0007,1.2655,2.0554,0.3358
1.7321,0.0004,1.3257,1.8604,0.3358
1.9506,0.0003,1.2513,1.8190,0.3296
1.7013,0.0007,1.5025,1.7967,0.3549
1.6342,0.0006,1.3987,1.6544,0.3549
1.7330,0.0006,1.1566,1.6710,0.3365
2.1058,0.0006,1.3325,2.0473,0.3439
1.7577,0.0008,1.6625,1.7981,0.3572
1.6444,0.0006,1.4993,1.6214,0.3467
1.8926,0.0005,1.3519,1.8243,0.3404
1.8141,0.0005,1.1857,1.9255,0.3425
1.7364,0.0004,1.3833,1.4234,0.3384
1.7974,0.0005,1.2459,1.9738,0.3384
1.8411,0.0007,1.7317,1.7794,0.3412
2.1705,0.0005,1.3127,2.2942,0.3469
1.5489,0.0007,1.3078,1.1996,0.3862
1.3761,0.0005,1.7180,1.7824,0.3575
1.7791,0.0004,1.1137,1.4499,0.3521
1.3774,0.0005,1.3435,1.4940,0.3561
1.0824,0.0007,1.2723,1.1547,0.3549
1.2245,0.0005,0.9901,1.1203,0.3549
1.8686,0.0004,1.1248,1.9126,0.3396
1.9828,0.0004,1.0136,2.1559,0.3670
1.2502,0.0005,1.0770,1.0766,0.3670
1.9066,0.0005,1.1546,2.0894,0.3328
1.6404,0.0005,0.9631,1.5797,0.3376
1.7246,0.0006,1.3544,1.4383,0.3810
1.5268,0.0007,1.8025,1.5308,0.3448
1.1328,0.0004,1.4258,1.3060,0.3448
2.0811,0.0005,0.9783,2.2081,0.3536
1.4260,0.0005,0.9546,1.2830,0.3328
1.2673,0.0002,1.1747,1.0711,0.3409
1.3281,0.0005,1.1279,1.6071,0.3409
2.1662,0.0007,0.9812,2.0294,0.3421
1.6675,0.0007,1.4141,1.8314,0.3389
1.6521,0.0005,1.1455,1.4452,0.3457
1.3399,0.0006,1.3037,1.1405,0.3457
1.7628,0.0006,1.5563,1.8301,0.3594
1.6052,0.0006,1.3818,1.4711,0.3556
1.3615,0.0004,1.2985,1.6695,0.3460
1.9330,0.0005,1.2640,1.9552,0.3369
1.1120,0.0003,1.1998,1.0507,0.3640
1.3978,0.0004,1.0425,1.2418,0.3484
1.2573,0.0006,1.2431,1.4655,0.3484
1.5791,0.0004,0.9143,1.3973,0.3545
1.5694,0.0004,1.0834,1.8721,0.3430
1.4183,0.0004,1.0006,1.3232,0.3430
1.9929,0.0005,0.9937,2.0022,0.3493
1.6192,0.0004,1.1802,1.5755,0.3758
1.4240,0.0003,1.3151,1.3473,0.3623
1.4289,0.0004,1.1725,1.5911,0.3396
1.7172,0.0005,0.9629,1.6904,0.3486
1.2918,0.0005,1.0259,1.1379,0.3486
1.6894,0.0009,1.1050,1.4914,0.3521
1.7263,0.0003,1.3075,2.0630,0.3411
1.8037,0.0002,1.0425,1.5980,0.3439
1.3226,0.0004,1.2079,1.4070,0.3534
1.4145,0.0007,1.4178,1.1798,0.3534
1.8963,0.0006,1.1506,2.0025,0.3531
1.6608,0.0005,1.5997,1.3218,0.3647
1.2622,0.0004,1.4288,1.4894,0.3647
1.3876,0.0005,1.0932,1.6596,0.3420
1.2865,0.0005,1.1296,1.2938,0.3340
1.8224,0.0005,1.2168,1.7028,0.3461
1.6393,0.0003,1.1030,1.7354,0.3487
1.3110,0.0003,0.9249,1.3191,0.3487
1.6669,0.0003,0.9984,1.4704,0.3443
1.5383,0.0004,0.9961,1.4401,0.3481
1.3693,0.0006,1.4631,1.4792,0.3481
1.6105,0.0005,1.1295,1.4564,0.3518
1.7390,0.0006,1.1007,1.7209,0.3400
1.7572,0.0004,1.3522,1.8633,0.3453
1.2074,0.0004,1.3027,1.3023,0.3453
2.1381,0.0005,1.0445,2.1142,0.3594
1.4624,0.0004,1.2032,1.4673,0.3450
0.9485,0.0003,1.2229,0.7956,0.3450
1.8573,0.0003,0.9085,2.0726,0.3416
1.5616,0.0003,0.9154,1.4730,0.3365
1.3030,0.0003,1.0506,1.3646,0.3418
1.6770,0.0005,0.9217,1.0748,0.3592
1.6073,0.0007,1.8431,2.1755,0.3646
1.5473,0.0004,1.2719,1.5645,0.3646
1.9544,0.0006,0.9641,1.9125,0.3726
1.2512,0.0005,1.0772,1.2703,0.3726
1.4133,0.0003,1.1091,1.4310,0.3450
1.4574,0.0005,1.2908,1.1910,0.3450
1.8949,0.0004,1.0944,2.1347,0.3466
1.2973,0.0005,0.9809,1.0830,0.3629
1.3399,0.0004,1.3643,1.2333,0.3352
1.7503,0.0005,1.2597,2.0593,0.3563
1.4932,0.0005,1.2720,1.4491,0.3563
1.1913,0.0006,1.1952,1.2252,0.4054
1.7553,0.0005,1.0414,1.7257,0.3570
1.3821,0.0004,1.0041,1.3835,0.3507
1.9601,0.0005,1.0398,1.8638,0.3479
1.1039,0.0004,1.3026,1.2091,0.3436
1.6936,0.0003,1.0445,1.6763,0.3436
1.5967,0.0003,0.9867,1.4889,0.3515
1.3402,0.0005,1.2031,1.1323,0.3592
1.4464,0.0004,1.2614,1.3947,0.3422
1.5902,0.0007,1.4126,1.4215,0.3601
2.0977,0.0007,1.6841,0.8411,0.8811
1.6807,0.0005,2.0102,0.8770,0.3561
1.3683,0.0004,1.7173,0.8770,0.3507
0.8947,0.0006,1.0699,1.0131,0.3507
0.8807,0.0003,0.9140,0.7728,0.3668
1.3074,0.0005,0.8789,1.0739,0.3448
1.4930,0.0007,1.5851,1.2639,0.3525
1.3006,0.0004,1.3414,1.1734,0.3455
1.0693,0.0003,1.3350,0.9595,0.3561
1.0490,0.0003,0.8857,1.0894,0.3561
1.5776,0.0005,0.8925,1.5165,0.3440
1.6776,0.0005,0.9952,1.7809,0.3502
2.0261,0.0011,1.1275,1.9756,0.3713
1.8178,0.0009,1.7926,1.8965,0.3805
1.4999,0.0007,1.2572,1.2736,0.3589
1.2043,0.0010,1.4811,1.0588,0.3531
0.9937,0.0006,1.0797,1.1762,0.3531
1.2842,0.0008,0.9782,1.4226,0.3414
1.5360,0.0006,0.9629,1.3510,0.3650
1.8238,0.0007,1.0900,1.6557,0.3591
1.4170,0.0006,1.2899,1.4075,0.3591
1.6686,0.0006,1.2355,1.5355,0.3483
2.1328,0.0007,1.0498,2.5189,0.3388
1.4133,0.0006,1.1421,1.4114,0.3527
1.8332,0.0004,1.2113,1.8484,0.3387
1.5578,0.0005,1.1347,1.2957,0.3387
1.9091,0.0005,1.1442,2.1712,0.3319
1.8718,0.0005,1.2026,1.8562,0.3573
1.5180,0.0005,1.0751,1.4781,0.3454
1.4486,0.0005,1.1518,1.5074,0.3384
2.2862,0.0007,1.0777,1.9958,0.3661
1.6544,0.0005,1.6326,0.9109,0.3646
1.5251,0.0006,1.5243,0.9109,0.3549
1.3200,0.0005,1.6242,1.3885,0.3845
0.9772,0.0004,1.0668,1.1605,0.3744
1.9724,0.0005,0.9427,1.9876,0.3467
1.1024,0.0004,1.1530,0.9760,0.3467
1.9459,0.0005,0.9704,2.0641,0.3432
1.1045,0.0004,1.1606,1.0526,0.3551
1.4925,0.0004,0.9670,1.3617,0.3514
1.3270,0.0004,1.2277,1.3589,0.3514
1.8869,0.0005,1.0171,2.1327,0.3372
1.6510,0.0004,0.9871,1.3375,0.3372
1.9823,0.0008,1.0686,2.2285,0.3593
1.6522,0.0004,1.1646,1.4550,0.3420
1.6067,0.0005,1.0888,1.8488,0.3332
1.4912,0.0004,0.9707,1.5020,0.3365
1.7779,0.0006,0.9507,1.7594,0.3365
1.5282,0.0003,0.9832,1.4334,0.3482
1.4678,0.0004,0.9764,1.4292,0.3288
1.4011,0.0004,1.2292,1.2336,0.3475
1.6570,0.0006,1.3392,1.9320,0.3337
1.4833,0.0004,1.0064,1.3137,0.3337
1.5845,0.0004,1.0504,1.2866,0.3557
1.4620,0.0005,1.2472,1.8497,0.3557
1.8124,0.0004,1.1410,1.6750,0.3845
1.5644,0.0005,1.5494,1.2544,0.3594
1.5705,0.0006,1.4111,2.0510,0.3554
1.4252,0.0004,1.0842,1.3960,0.3365
1.2350,0.0004,1.0195,0.9607,0.3365
1.5007,0.0005,0.9571,1.7230,0.3460
1.3419,0.0007,1.2083,1.4248,0.3409
1.2283,0.0006,1.1698,1.2074,0.3442
1.4804,0.0004,1.0993,1.3210,0.3442
2.2201,0.0005,1.2523,2.3474,0.3569
1.9476,0.0005,1.3244,1.4204,0.9553
1.2574,0.0011,1.6850,1.5905,0.3596
1.5384,0.0004,1.1797,1.6610,0.3596
1.5131,0.0004,1.0857,1.3507,0.3363
1.5513,0.0003,0.9507,1.5834,0.3363
1.3095,0.0003,1.2501,1.4570,0.3455
1.3128,0.0004,1.2171,1.1433,0.3455
1.8781,0.0005,1.1560,2.0571,0.3369
1.6624,0.0004,1.0161,1.1947,0.3441
1.0917,0.0004,1.3419,1.5985,0.3441
1.1231,0.0003,0.8725,1.1116,0.3448
1.7531,0.0005,0.9038,1.3778,0.3869
1.3427,0.0006,1.2960,1.6316,0.3531
1.6253,0.0005,1.0977,1.3415,0.3531
1.5045,0.0005,0.9728,1.8304,0.3444
1.0835,0.0004,0.9291,1.0106,0.3444
1.7453,0.0006,1.0331,1.8162,0.3519
0.9848,0.0004,0.9978,0.9692,0.3519
1.8936,0.0006,0.9225,1.6998,0.3521
1.7589,0.0004,0.9659,1.9360,0.3599
1.2802,0.0005,0.9628,1.3026,0.3599
1.4431,0.0004,1.0308,1.1001,0.3647
1.8144,0.0010,1.4443,2.0518,0.3669
1.3013,0.0007,1.1521,1.1526,0.3850
1.5122,0.0007,1.0861,1.3271,0.3489
1.4393,0.0007,1.4161,1.4251,0.3430
1.5276,0.0005,1.2759,1.9266,0.3430
2.0205,0.0007,0.9728,2.0013,0.3543
1.0857,0.0005,0.9466,1.0295,0.3543
1.9801,0.0005,0.9711,1.9849,0.3300
1.5475,0.0006,1.4929,1.2255,0.3300
1.5073,0.0005,1.3252,1.7718,0.3570
2.2963,0.0009,1.3762,1.2767,0.3450
2.1638,0.0008,2.4104,1.9178,0.3918
1.3372,0.0008,1.9356,1.7368,0.3743
1.1175,0.0009,1.2042,1.4230,0.3743
1.4879,0.0006,0.9982,1.5217,0.3418
1.5484,0.0005,1.0277,1.4519,0.3594
1.9489,0.0003,1.0079,2.1021,0.3642
1.4936,0.0003,0.9885,1.3161,0.3642
1.9012,0.0004,1.0930,2.0585,0.3429
1.1612,0.0007,1.1704,1.0486,0.3429
1.4911,0.0006,0.9593,1.4744,0.3486
1.7113,0.0007,1.0037,1.7940,0.3442
1.5108,0.0007,1.2953,1.4067,0.3795
1.4614,0.0004,1.4004,1.6219,0.3490
1.5048,0.0003,0.9481,1.1923,0.3508
1.6231,0.0004,1.1706,1.7761,0.3398
1.9148,0.0005,1.1617,2.0078,0.3508
1.6781,0.0004,1.1240,1.5739,0.3378
1.4209,0.0003,1.2949,1.5424,0.3378
1.7793,0.0004,1.0790,1.6223,0.3389
1.6617,0.0004,1.1177,1.8183,0.3306
1.8986,0.0006,1.0454,1.1586,0.3541
1.9438,0.0006,1.4245,2.3012,0.3787
1.1364,0.0006,1.8333,1.4957,0.3787
1.7662,0.0004,0.9699,1.7086,0.3401
1.3943,0.0004,1.0574,1.2398,0.3435
1.3727,0.0003,1.4282,1.5839,0.3525
1.3140,0.0003,1.1113,1.3115,0.3469
1.5858,0.0004,0.9635,1.5610,0.3401
1.6582,0.0004,1.0262,1.6862,0.3424
1.4970,0.0004,0.9252,1.2142,0.3424
1.9547,0.0004,0.9557,2.0907,0.3412
2.1873,0.0006,1.3321,1.1776,0.3705
1.4765,0.0005,2.0464,1.3956,0.3854
1.2573,0.0004,1.6005,1.0611,0.3394
1.2247,0.0003,0.9642,1.5206,0.3624
1.3235,0.0004,0.9036,1.3157,0.3526
1.2784,0.0004,0.9070,1.0923,0.3526
1.6945,0.0004,0.9397,1.8696,0.3514
1.3025,0.0005,0.9322,0.9043,0.3510
1.3037,0.0005,1.1788,1.6263,0.3510
1.4467,0.0004,1.1246,1.2207,0.3427
1.5451,0.0006,1.0965,1.8177,0.3467
1.6067,0.0006,0.9366,1.2052,0.3587
1.4742,0.0006,1.6861,1.5114,0.3685
1.5656,0.0005,1.1740,1.8966,0.3474
1.2894,0.0005,0.9936,1.2816,0.3402
1.2754,0.0004,0.9937,1.0009,0.3616
1.4298,0.0006,1.1999,1.7215,0.3616
1.5750,0.0004,0.9234,1.2671,0.3504
1.4425,0.0005,1.2840,1.4979,0.3443
1.4086,0.0005,1.4318,1.2494,0.3605
1.3225,0.0003,1.4331,1.0849,0.3545
1.0338,0.0003,1.2038,1.0409,0.3442
1.1925,0.0004,0.9236,1.4336,0.3592
1.6816,0.0004,0.8917,1.0957,0.3389
1.7103,0.0006,1.4112,2.1975,0.3525
1.4452,0.0005,1.4319,1.3247,0.3525
1.7574,0.0004,0.9743,1.7756,0.3365
1.3981,0.0004,1.2537,1.1358,0.3454
1.3783,0.0005,1.2276,1.6101,0.3454
1.5666,0.0005,1.1661,1.6538,0.3552
1.6623,0.0003,1.1760,1.3411,0.3358
1.4851,0.0006,1.3826,1.5326,0.3383
1.4417,0.0005,1.4470,1.2235,0.3519
1.4909,0.0006,1.4927,1.2080,0.3637
1.2421,0.0008,1.4076,1.0492,0.3484
1.6834,0.0006,1.3076,1.6844,0.3684
1.6917,0.0006,1.5749,1.9395,0.3539
1.6524,0.0004,1.3789,1.6895,0.3556
1.3371,0.0006,1.2992,1.1007,0.3556
1.9633,0.0006,1.2927,2.1595,0.3496
2.1754,0.0007,1.1494,2.1225,0.3358
1.5454,0.0007,1.3706,1.6066,0.3358
1.6809,0.0006,1.3808,1.6562,0.3456
2.1863,0.0007,1.1264,2.1779,0.3357
1.4750,0.0006,1.2845,1.2588,0.3607
2.1794,0.0006,1.3058,2.4229,0.3565
1.5947,0.0006,1.1849,1.5911,0.3416
1.8851,0.0005,1.0514,1.7771,0.3416
1.6006,0.0005,1.0554,1.6945,0.3442
1.8000,0.0007,1.0407,1.5780,0.3318
1.4563,0.0006,1.3985,1.6690,0.3386
1.3875,0.0010,1.1255,1.1261,0.3483
1.9365,0.0006,1.0881,2.1878,0.3475
1.3076,0.0006,1.0603,1.0524,0.3475
2.4578,0.0008,1.2004,2.2071,0.3499
1.9348,0.0007,1.9970,1.9174,0.3532
1.3869,0.0007,1.7793,1.4953,0.3524
1.1052,0.0007,1.2210,1.2851,0.3524
1.9511,0.0006,1.0468,2.1183,0.3501
1.9147,0.0005,1.0617,1.9003,0.3565
1.6404,0.0007,1.2293,1.6346,0.3565
1.4305,0.0007,1.0815,1.2362,0.3418
2.0024,0.0007,1.1112,2.0681,0.3517
1.4378,0.0011,1.2814,1.0508,0.3573
2.0763,0.0008,1.7052,2.3276,0.3809
1.3921,0.0005,1.8735,1.4518,0.3697
1.4361,0.0009,1.2717,1.3903,0.3438
1.7731,0.0008,1.5812,1.2625,0.3445
1.8502,0.0008,1.7856,1.4496,0.3466
1.2304,0.0006,1.7212,1.5639,0.3426
1.1870,0.0006,1.1276,1.5321,0.3485
2.2088,0.0007,1.0192,2.1250,0.3447
1.7431,0.0005,1.2038,1.5630,0.3472
1.7258,0.0008,1.7209,1.0968,0.3614
2.0190,0.0009,1.6301,2.1416,0.3623
1.6207,0.0009,1.9680,1.6411,0.3446
1.2571,0.0007,1.5462,1.3503,0.3446
1.9724,0.0007,1.3445,2.2307,0.3408
1.5425,0.0005,1.3851,1.5949,0.3408
2.1810,0.0005,1.0822,1.9660,0.3413
1.5935,0.0005,1.3648,1.7527,0.3447
1.6477,0.0005,1.3106,1.2893,0.3515
1.4015,0.0005,1.5781,1.3832,0.3388
1.7507,0.0007,1.4745,1.8013,0.3641
1.8551,0.0005,1.9643,1.6966,0.3717
1.5690,0.0004,1.6853,1.0230,0.3527
1.0521,0.0003,1.3792,1.4845,0.3527
1.7277,0.0005,0.9974,1.8207,0.3456
1.6472,0.0005,0.9583,1.6232,0.3444
1.5189,0.0006,1.0191,1.5332,0.3556
1.5089,0.0006,1.0284,1.2652,0.3354
1.8394,0.0006,1.0914,1.8544,0.3562
1.3573,0.0004,1.7422,1.4175,0.3632
2.2067,0.0009,1.1006,2.2047,0.3468
1.4795,0.0007,1.4843,1.2926,0.3468
1.8359,0.0007,1.4166,1.9953,0.3423
1.6261,0.0006,1.3845,1.5848,0.3423
2.1175,0.0004,1.1853,2.0811,0.3502
1.4244,0.0006,1.3625,1.6166,0.3586
1.3912,0.0005,1.1199,1.4080,0.3586
1.8076,0.0006,1.1123,1.3792,0.3403
1.9195,0.0008,1.2132,2.1033,0.3452
2.2840,0.0005,1.2426,2.1862,0.3348
1.3542,0.0006,1.5777,1.6478,0.3348
2.1176,0.0004,1.2440,2.0763,0.3681
1.5852,0.0007,1.1846,1.5622,0.3541
1.5852,0.0007,1.2346,1.2919,0.3463
1.8964,0.0004,1.3032,2.2071,0.3458
1.8868,0.0005,1.0801,1.6338,0.3549
1.5882,0.0004,1.3177,1.7862,0.3549
1.7335,0.0004,1.1231,1.5879,0.3410
1.2435,0.0003,1.3038,1.2972,0.3410
1.9392,0.0008,1.0179,2.0654,0.3442
2.0198,0.0006,1.0333,1.8155,0.3583
2.2507,0.0008,1.4615,2.1811,0.3402
1.6288,0.0005,1.5724,1.3923,0.3505
2.1446,0.0007,1.3255,2.5764,0.3488
1.4278,0.0005,1.3288,1.4664,0.3497
1.5880,0.0173,1.1726,1.2912,0.3497
1.6230,0.0003,1.2350,1.9251,0.3389
1.7882,0.0004,1.0421,1.7258,0.3371
1.3727,0.0003,1.1704,1.1961,0.3456
1.5129,0.0005,1.5703,1.1432,0.3520
1.1639,0.0004,1.2251,1.3701,0.3520
2.0001,0.0006,1.1474,2.0597,0.3542
1.4796,0.0006,1.4727,1.6351,0.3459
1.8942,0.0005,1.0588,1.7602,0.3459
1.8282,0.0007,1.1625,1.9167,0.3422
1.6024,0.0005,1.2271,1.2889,0.3431
1.1573,0.0004,1.3128,1.4695,0.3431
2.2327,0.0004,1.0589,2.1278,0.3629
1.2297,0.0005,1.2233,1.0206,0.3629
2.5609,0.0008,1.1513,2.6654,0.3437
1.4990,0.0009,1.4911,1.5479,0.3456
1.7696,0.0007,1.3743,1.7582,0.3488
1.5365,0.0005,1.3872,1.5702,0.3391
1.8357,0.0006,1.2579,1.7709,0.3387
1.6531,0.0007,1.3442,1.7759,0.3387
1.4659,0.0005,1.2434,1.2860,0.3292
1.7201,0.0005,1.3344,1.5371,0.3477
1.4268,0.0005,1.5493,1.5506,0.3555
1.6201,0.0006,1.3615,1.6930,0.3344
1.4157,0.0005,1.5120,1.5489,0.3344
2.0399,0.0008,1.2786,1.9220,0.5518
1.7315,0.0007,1.3422,1.8760,0.3517
1.4196,0.0004,1.0202,1.4147,0.3644
1.8554,0.0007,1.0228,1.7960,0.3644
1.4942,0.0006,1.4416,1.5414,0.3561
1.6570,0.0006,1.0930,1.3541,0.3390
1.5384,0.0005,1.3242,1.7519,0.3390
1.5679,0.0004,1.3534,1.5525,0.3579
1.9333,0.0004,1.0319,1.9600,0.3549
1.7613,0.0006,1.1689,1.7190,0.3601
1.4998,0.0004,1.1918,1.5760,0.3601
1.7904,0.0004,1.1672,1.6744,0.3621
1.5570,0.0006,1.2826,1.4751,0.3441
1.7024,0.0006,1.2965,1.5357,0.3350
1.3900,0.0006,1.3683,1.4750,0.3345
1.8140,0.0005,1.1598,2.0355,0.3496
1.9231,0.0004,1.0764,1.7307,0.3465
1.3252,0.0003,1.4673,1.5098,0.3465
1.6602,0.0004,1.1303,1.0774,0.3332
1.4554,0.0004,1.3440,1.8362,0.3332
2.3335,0.0006,1.1377,2.4774,0.3547
1.4597,0.0005,1.2856,1.3017,0.3628
1.4887,0.0003,1.4693,1.6014,0.3321
1.2573,0.0003,1.4113,1.3636,0.3321
1.7580,0.0003,1.0379,1.2160,0.3398
1.4540,0.0005,1.3799,1.9463,0.3398
1.3446,0.0004,1.2993,1.0061,0.3387
1.7171,0.0004,1.2103,1.9370,0.3387
2.0376,0.0003,1.1373,2.0892,0.3344
1.6999,0.0004,1.1882,1.3907,0.3344
1.6920,0.0008,1.1515,1.9638,0.3390
2.0653,0.0007,1.5350,2.0869,0.3683
1.5868,0.0005,1.3391,1.6059,0.3409
1.4766,0.0008,1.1047,1.4726,0.3645
1.6119,0.0006,1.0881,1.4729,0.3492
1.5081,0.0005,1.2360,1.6617,0.3492
1.6317,0.0006,1.2304,1.4855,0.3365
2.0343,0.0006,1.1442,1.9709,0.3421
1.5273,0.0005,1.4412,1.2041,0.3613
1.4670,0.0007,1.5379,1.5817,0.3613
1.2025,0.0005,1.3599,1.2617,0.3556
1.9655,0.0006,1.3361,1.9305,0.3661
1.3549,0.0006,1.9649,1.3637,0.3448
1.6447,0.0005,1.1260,1.8199,0.3448
1.7033,0.0005,1.3454,1.4093,0.3287
2.0467,0.0004,1.4069,2.1855,0.3287
1.9798,0.0004,1.1986,2.2056,0.3433
1.6524,0.0004,1.0820,1.6573,0.3433
1.8030,0.0004,1.0626,1.6790,0.3373
1.5582,0.0008,1.4327,1.5311,0.3428
2.4278,0.0007,1.2839,2.4608,0.3631
1.5601,0.0007,1.4636,1.6263,0.3392
1.8851,0.0004,1.2241,1.7699,0.3493
1.4712,0.0004,1.3120,1.2594,0.3594
1.5673,0.0004,1.3045,1.7780,0.3594
1.4464,0.0005,1.2942,1.4427,0.3384
1.5382,0.0004,1.3185,1.4256,0.3661
1.5056,0.0003,1.0957,1.7133,0.3661
1.4876,0.0003,1.0910,1.4914,0.3437
1.8910,0.0007,1.2189,1.8112,0.3569
1.9028,0.0009,1.6257,1.5761,0.3666
1.7918,0.0005,1.4859,2.1144,0.3431
1.7378,0.0005,1.1935,1.7604,0.3340
1.7111,0.0006,1.1176,1.7063,0.3383
1.6795,0.0005,1.0887,1.6917,0.3432
1.9449,0.0005,1.0538,1.9411,0.3432
1.8292,0.0004,1.0704,1.6489,0.3424
1.7023,0.0007,1.4139,1.7715,0.3700
1.8229,0.0007,1.4566,1.8841,0.3260
1.5782,0.0007,1.1294,1.5563,0.3689
1.4878,0.0006,1.2364,1.4734,0.3483
1.3085,0.0006,1.1630,1.3263,0.3483
1.8339,0.0005,1.0682,1.6717,0.3412
1.9786,0.0006,1.2042,2.0750,0.3481
1.5279,0.0005,1.2690,1.1523,0.3498
1.4240,0.0004,1.4721,1.7138,0.3498
1.7644,0.0003,1.3300,1.8985,0.3413
1.6917,0.0005,1.0465,1.6644,0.3557
1.9984,0.0006,1.1240,1.8158,0.3557
1.7252,0.0006,1.3905,1.8825,0.3471
1.6260,0.0008,1.2175,1.4497,0.3429
1.7946,0.0007,1.3348,1.9662,0.3578
1.5648,0.0006,1.1168,1.2347,0.3447
1.4895,0.0006,1.3902,1.6410,0.3565
1.5705,0.0005,1.4933,1.7571,0.3565
1.8340,0.0007,1.0595,1.6482,0.3481
1.7812,0.0006,1.2106,1.8740,0.3341
1.8723,0.0006,1.3941,1.8812,0.3510
1.9850,0.0006,1.2411,1.6651,0.3414
1.8954,0.0005,1.6419,2.0946,0.3696
1.6884,0.0004,1.4262,1.5483,0.3696
1.4880,0.0006,1.2997,1.7890,0.3523
1.8221,0.0006,1.0610,1.3392,0.3309
1.4992,0.0004,1.3926,1.9498,0.3309
1.9111,0.0006,1.1003,1.7313,0.3504
1.2759,0.0008,1.3915,1.4408,0.3414
1.1262,0.0004,1.1066,1.1462,0.3414
1.8269,0.0005,0.9975,1.6371,0.3350
1.8002,0.0008,1.0065,1.9050,0.3350
1.2618,0.0004,1.1938,1.2087,0.3679
1.9033,0.0006,1.2013,1.6493,0.3705
1.3069,0.0005,1.3832,1.5886,0.3705
1.6678,0.0008,1.0609,1.3728,0.3421
1.6881,0.0007,1.5456,1.4796,0.3464
1.2510,0.0005,1.5693,1.1565,0.3443
1.1697,0.0006,1.1192,1.3788,0.3398
1.6402,0.0005,1.1748,1.6099,0.3518
1.4470,0.0006,1.2999,1.2469,0.3455
1.5125,0.0005,1.3513,1.5353,0.3455
1.4564,0.0007,1.2290,1.7171,0.3432
1.7260,0.0006,1.3452,1.5285,0.3432
1.8777,0.0006,1.3518,1.6006,0.3956
1.6936,0.0005,1.9844,1.5963,0.3433
1.1000,0.0007,1.4881,1.2888,0.3392
1.4324,0.0003,1.0313,1.6933,0.3526
1.2600,0.0003,1.0314,1.1043,0.3532
1.1840,0.0005,1.2752,1.1008,0.3546
1.7298,0.0006,1.1561,1.9343,0.3589
1.4674,0.0006,1.2590,1.4812,0.3517
1.5827,0.0005,1.2894,1.5915,0.3497
1.3994,0.0005,1.0617,1.3944,0.3497
1.4523,0.0005,1.3661,1.3513,0.3501
1.8680,0.0007,1.5169,1.6433,0.3738
1.6903,0.0006,1.8069,1.3638,0.3534
1.2378,0.0007,1.5705,1.2282,0.3552
1.2312,0.0004,1.1632,1.3857,0.3552
1.6508,0.0005,1.2118,1.4482,0.3384
1.8738,0.0007,1.5145,2.1689,0.3437
1.2278,0.0006,1.2450,0.9534,0.3625
1.5364,0.0008,1.1053,1.7992,0.3481
1.6003,0.0006,1.1762,1.5676,0.3555
1.4731,0.0007,1.2104,1.5076,0.3485
1.8290,0.0006,1.1070,1.7573,0.3929
1.9375,0.0005,1.5062,1.0762,0.3536
1.2097,0.0006,1.7555,1.0726,0.3517
1.5422,0.0007,1.1113,1.7817,0.3378
1.5606,0.0009,1.2543,0.9725,0.3537
1.2065,0.0005,1.5888,1.6155,0.3537
2.0297,0.0008,1.0512,2.2331,0.3395
1.8936,0.0005,1.1060,1.6962,0.3514
1.4546,0.0004,1.4601,1.3281,0.3634
1.7058,0.0005,1.2554,1.7686,0.3574
1.8772,0.0600,1.2744,2.0048,0.3574
1.8630,0.0006,2.1485,1.9553,0.3691
1.4474,0.0005,1.2923,1.0755,0.3437
1.5131,0.0007,1.4317,1.6993,0.3437
1.5712,0.0007,1.4660,1.5792,0.3487
1.5061,0.0005,1.5020,1.4639,0.3631
2.1689,0.0005,1.2664,2.3371,0.3383
1.5499,0.0007,1.1574,1.4310,0.3383
2.0736,0.0005,1.1130,2.0927,0.3447
1.6898,0.0006,1.2724,1.7778,0.3447
2.1501,0.0007,1.2739,1.7084,0.3728
1.7516,0.0008,2.1696,1.5293,0.3890
1.3426,0.0006,1.7526,1.3998,0.3415
1.2981,0.0004,1.1133,1.4603,0.3598
1.3803,0.0004,1.3028,1.5638,0.3540
1.5406,0.0004,1.1706,1.4929,0.3399
1.8916,0.0008,1.2787,1.8663,0.3591
1.4279,0.0005,1.3830,0.8989,0.3409
1.8593,0.0006,1.4464,2.2344,0.3415
1.5802,0.0005,1.2323,1.6394,0.3508
1.7483,0.0008,1.1097,1.6717,0.3591
1.6025,0.0007,1.2906,1.5543,0.3764
1.3040,0.0006,1.4428,1.3565,0.3506
1.4273,0.0005,1.2621,1.1989,0.3415
1.3820,0.0003,1.3481,1.6132,0.3415
1.4798,0.0005,1.2912,1.2717,0.3431
1.5729,0.0005,1.4657,1.8578,0.3313
1.6020,0.0004,1.0559,1.6150,0.3414
1.7630,0.0004,1.0349,1.6495,0.3414
1.4774,0.0004,1.3129,1.1561,0.3431
1.8608,0.0005,1.1909,2.2589,0.3472
1.9030,0.0005,1.1853,1.8286,0.3607
1.4645,0.0006,1.2435,1.4509,0.3607
1.8155,0.0007,1.2607,1.8377,0.3605
1.2866,0.0005,1.2144,1.2798,0.3465
1.6059,0.0005,1.2342,1.5164,0.3465
1.5768,0.0006,1.3884,1.6312,0.3386
2.0238,0.0007,1.1638,1.6652,0.3430
1.5943,0.0006,1.4465,2.0025,0.3540
1.4735,0.0006,1.2257,1.1546,0.3443
1.8329,0.0007,1.4268,2.1063,0.3652
1.5317,0.0005,1.1331,1.4799,0.5205
1.7719,0.0004,1.2496,1.7496,0.3747
1.7001,0.0004,1.2189,1.7170,0.3642
1.7718,0.0004,1.1325,1.7691,0.3529
1.5054,0.0003,1.1497,1.4014,0.3499
2.2719,0.0006,1.0884,2.3449,0.3485
1.4973,0.0008,1.2133,1.2416,0.3489
1.1427,0.0006,1.4937,1.1686,0.3549
1.7003,0.0007,1.0511,1.6818,0.3549
1.7445,0.0006,1.2719,1.7217,0.3368
1.9849,0.0008,1.3740,2.1569,0.3563
1.5063,0.0177,1.4751,1.2215,0.3563
1.7182,0.0005,1.5765,1.6089,0.3663
1.4321,0.0007,1.5048,1.2725,0.3527
1.3859,0.0004,1.4186,1.5979,0.3379
1.0517,0.0004,1.3330,1.2479,0.3497
1.3602,0.0004,0.9973,1.3582,0.3497
1.8344,0.0003,1.0397,1.9497,0.3415
1.4690,0.0003,1.0690,1.4597,0.3381
1.2481,0.0003,1.0090,1.1277,0.3576
1.6778,0.0008,1.1819,1.7487,0.3576
1.6801,0.0007,1.3089,1.4934,0.3741
2.3917,0.0006,1.5070,2.4462,0.3638
1.6591,0.0005,1.4313,1.4055,0.3599
1.3350,0.0005,1.7179,1.7154,0.3456
1.3245,0.0003,1.1103,1.3410,0.3456
1.3621,0.0006,0.9564,1.1896,0.3673
1.5763,0.0005,1.1924,1.5295,0.3374
1.6910,0.0003,1.0990,1.7438,0.3385
2.0464,0.0006,1.2285,1.7187,0.3501
1.2320,0.0005,1.4953,1.4185,0.3299
2.1461,0.0006,1.1121,2.0350,0.3849
1.6613,0.0006,1.6966,1.7638,0.3389
1.5467,0.0005,1.5133,1.5517,0.3403
1.1424,0.0004,1.5302,1.1334,0.3491
1.8535,0.0004,1.0309,2.0607,0.3371
1.4440,0.0005,1.1804,0.9836,0.3381
1.7728,0.0005,1.4190,2.2564,0.3399
1.2601,0.0005,1.1845,0.8192,0.3631
1.4392,0.0006,1.2906,1.8728,0.3631
1.7590,0.0005,1.0867,1.7136,0.3362
1.6488,0.0008,1.1441,1.6215,0.3362
2.0159,0.0007,1.5581,1.2746,0.3530
1.1688,0.0007,1.6995,1.6141,0.3365
1.4669,0.0004,1.0959,1.4573,0.3365
1.7195,0.0006,1.0804,1.9385,0.3346
1.3482,0.0005,1.0324,1.2342,0.3530
1.8347,0.0004,1.2482,1.8191,0.3354
1.4053,0.0004,1.2174,1.3581,0.3354
1.7141,0.0005,1.0169,1.7957,0.3662
1.6241,0.0003,1.1804,1.6900,0.3458
1.4517,0.0003,1.0846,1.4866,0.3595
2.0448,0.0005,1.0049,1.9189,0.3985
1.6885,0.0006,1.3754,1.0602,0.3785
1.2230,0.0005,1.6427,1.3402,0.3578
1.5379,0.0005,1.0369,1.6737,0.3441
1.6012,0.0005,1.1777,1.6471,0.3441
1.4592,0.0004,1.2529,1.3121,0.3502
1.3344,0.0003,1.4303,1.2274,0.3497
1.6114,0.0005,1.3900,1.7277,0.3400
1.6881,0.0010,1.4210,1.8819,0.3485
1.6573,0.0006,1.1074,1.4704,0.3716
1.3554,0.0005,1.3233,1.3897,0.3716
2.1378,0.0006,1.1372,2.2109,0.3578
1.3935,0.0004,1.1811,1.1115,0.3604
1.7890,0.0004,1.3199,2.1094,0.3401
1.6901,0.0007,1.1270,1.6551,0.3471
1.5342,0.0006,1.1244,1.5515,0.3336
1.6900,0.0005,1.1324,1.6825,0.3345
1.8395,0.0007,1.1951,1.7042,0.3522
1.5419,0.0006,1.4356,1.4226,0.3522
1.9662,0.0005,1.3697,2.1931,0.3447
1.8319,0.0006,1.0990,1.6127,0.3351
2.4042,0.0005,1.9190,1.4941,0.4058
1.1824,0.0005,1.8540,1.6411,0.3515
1.2147,0.0005,1.0297,1.3914,0.3515
1.6116,0.0005,1.3003,1.1778,0.3326
1.1327,0.0003,1.4885,1.6018,0.3326
1.7709,0.0004,1.1108,1.7972,0.3352
1.6528,0.0006,1.2354,1.1749,0.3334
1.6285,0.0004,1.2195,2.0852,0.3334
1.5150,0.0004,0.9178,1.5542,0.3513
1.4646,0.0006,0.9184,0.9819,0.3513
1.3160,0.0006,1.3130,1.6757,0.3419
1.6421,0.0005,1.0170,1.6953,0.5422
1.5914,0.0004,1.0117,1.2306,0.3408
1.7956,0.0004,0.9682,2.1571,0.3474
1.2775,0.0006,0.9750,1.0517,0.3526
1.5109,0.0004,1.2866,1.7186,0.3522
1.8550,0.0004,1.1248,1.8466,0.3502
1.4736,0.0005,1.2791,1.1261,0.3467
1.3343,0.0005,1.3121,1.5592,0.3355
1.2064,0.0003,1.1895,1.2411,0.3355
2.0310,0.0004,1.0174,2.1010,0.3735
1.1947,0.0005,1.1037,1.0711,0.3735
1.6624,0.0006,1.1755,1.7545,0.3577
1.0155,0.0003,1.0624,1.0616,0.3577
1.6380,0.0005,0.9711,1.2624,0.3458
1.5332,0.0005,1.2602,1.5046,0.3525
1.8979,0.0004,1.4909,2.2433,0.3386
0.9881,0.0004,1.1346,0.9842,0.3386
1.5678,0.0004,0.9419,1.2741,0.3356
1.4480,0.0004,1.2479,1.5408,0.3447
1.5801,0.0003,1.2029,1.6591,0.3447
1.4941,0.0003,1.0930,1.3378,0.3383
1.1734,0.0003,1.4437,1.3832,0.3383
1.9924,0.0004,1.0744,1.6443,0.3578
1.4585,0.0004,1.2019,1.8587,0.3578
1.5736,0.0004,0.9521,1.5692,0.3367
1.9233,0.0005,0.9626,1.8487,0.3598
0.9890,0.0004,1.0714,0.9358,0.3598
2.2019,0.0004,0.9652,2.1431,0.3385
1.1335,0.0003,1.1280,1.2739,0.3385
1.4484,0.0004,1.0219,1.2004,0.3552
1.0896,0.0003,1.5228,1.1828,0.3552
1.4157,0.0004,0.9609,1.4680,0.3380
1.7292,0.0006,1.1467,1.6493,0.3556
1.7792,0.0006,1.2077,1.2154,0.3838
1.4853,0.0005,1.9350,1.3061,0.3403
1.1627,0.0004,1.3477,0.8322,0.3502
1.2681,0.0003,1.1310,1.2972,0.3377
1.3202,0.0005,1.2594,1.4635,0.3510
1.6115,0.0004,1.0999,1.6949,0.3510
1.5113,0.0004,0.9054,1.3960,0.3522
1.5747,0.0004,1.1762,1.6212,0.3528
1.4706,0.0004,1.4111,1.2236,0.3481
1.5858,0.0004,1.1752,1.9210,0.3481
1.3488,0.0006,0.9047,1.3086,0.3390
1.7076,0.0010,1.1174,1.3774,0.3396
1.5641,0.0005,1.1105,1.7053,0.3569
1.5823,0.0005,1.3634,1.6307,0.3334
1.9804,0.0004,1.3234,2.0875,0.3618
1.4351,0.0003,1.1186,1.4629,0.3618
1.8002,0.0004,1.1251,1.7777,0.3491
1.4775,0.0004,1.0818,1.5136,0.3399
1.3393,0.0003,1.0169,1.1344,0.3464
1.5488,0.0002,1.0332,1.5648,0.3362
1.5279,0.0003,1.0653,1.3421,0.3433
1.4997,0.0004,1.2147,1.5823,0.3433
1.7517,0.0003,1.2614,1.5917,0.3472
1.8136,0.0003,1.7288,2.1753,0.3349
1.5875,0.0002,1.0959,1.6184,0.3386
1.6788,0.0005,1.1211,1.6199,0.3571
1.5289,0.0004,1.1770,1.5410,0.3739
1.3062,0.0004,1.0060,0.9532,0.3526
1.2193,0.0004,1.4529,1.2432,0.3429
1.6593,0.0003,1.2801,1.9200,0.3557
1.3202,0.0003,1.2219,0.9641,0.3340
1.0083,0.0003,1.3137,1.1682,0.3340
1.7809,0.0004,0.8974,1.9334,0.3522
1.8788,0.0005,1.0415,1.8767,0.3898
1.2426,0.0004,1.0872,1.1590,0.3898
1.5627,0.0004,1.1241,1.4177,0.3410
2.0558,0.0005,0.9149,2.2620,0.3440
1.2697,0.0005,0.9372,1.3143,0.3464
1.6206,0.0005,0.9284,1.5826,0.3600
1.0744,0.0004,0.9710,1.0945,0.3600
1.2183,0.0004,0.9473,1.1897,0.3480
1.5407,0.0004,0.9435,1.2164,0.3531
1.6058,0.0005,1.1863,1.9062,0.3506
1.6856,0.0005,1.0417,1.4895,0.3506
2.0547,0.0003,1.8894,2.2153,0.3479
1.2766,0.0003,1.0404,1.1999,0.3479
1.3249,0.0003,1.0097,1.4099,0.3368
1.3250,0.0004,1.0294,1.0655,0.3420
1.5457,0.0003,1.3687,1.5064,0.3322
1.6374,0.0004,1.3551,1.4241,0.3495
0.9760,0.0004,1.3809,1.1864,0.3437
1.4202,0.0003,0.9385,1.6275,0.3590
1.3844,0.0003,0.9104,1.2685,0.3478
1.0951,0.0005,1.2226,1.1412,0.3461
1.9169,0.0007,0.9337,1.3550,0.3678
1.2671,0.0007,1.5347,1.7196,0.3697
1.0511,0.0005,1.1675,1.0497,0.3581
1.9571,0.0004,1.0252,1.9937,0.3375
1.1962,0.0005,1.0862,1.0018,0.3573
1.2016,0.0005,1.2570,1.5084,0.3573
1.3897,0.0003,0.9280,1.0634,0.3473
1.0918,0.0004,1.1799,1.4241,0.3522
1.2369,0.0004,0.9226,1.1034,0.3522
1.1528,0.0004,1.2225,1.1554,0.3577
1.3706,0.0003,0.8824,1.1478,0.3491
1.4363,0.0003,1.1423,1.7794,0.3536
1.4352,0.0005,1.0167,1.4258,0.3536
1.6481,0.0007,1.0301,1.4563,0.3479
1.8972,0.0005,1.2497,1.6141,0.3816
1.8463,0.0004,1.1505,2.3049,0.3399
1.6051,0.0005,0.9694,1.2073,0.3434
1.1827,0.0004,1.2572,1.5294,0.3467
1.7591,0.0006,1.0031,1.4440,0.3425
1.5904,0.0004,1.3507,1.5609,0.3621
2.0435,0.0007,1.4488,2.2301,0.3543
1.3721,0.0004,1.2898,0.9231,0.3524
1.1757,0.0004,1.1971,1.6218,0.3487
1.6836,0.0007,0.9964,1.6521,0.3571
1.3027,0.0005,1.0694,1.3191,0.3504
1.4308,0.0004,1.1016,1.0906,0.3518
1.6308,0.0004,1.3354,1.9640,0.3686
1.5368,0.0004,1.2782,1.4080,0.3515
1.0681,0.0006,1.3999,1.0359,0.3465
1.1350,0.0004,0.9391,1.2415,0.3465
1.7188,0.0004,0.9198,1.3833,0.3388
1.3914,0.0005,1.2062,1.7776,0.3388
1.3977,0.0005,1.0540,1.1467,0.3514
1.3491,0.0006,1.4298,1.3902,0.3560
1.9518,0.0005,1.1875,1.8780,0.3560
1.3922,0.0008,1.5042,1.3816,0.3643
1.8184,0.0006,1.1333,1.7284,0.3635
1.0990,0.0003,1.3919,1.2794,0.3635
1.2107,0.0003,0.9921,1.1891,0.3392
1.3061,0.0003,0.9770,1.4824,0.3556
1.3059,0.0004,0.9399,1.2632,0.3456
1.2873,0.0004,0.9488,1.1658,0.3466
1.4311,0.0004,1.3050,1.1269,0.3554
1.2989,0.0003,1.3027,1.3518,0.3543
1.3170,0.0003,1.3776,1.1893,0.3543
1.4698,0.0004,1.4111,1.6735,0.3457
1.0718,0.0004,1.2419,1.1137,0.3457
1.9148,0.0008,1.1419,1.6745,0.3899
1.9130,0.0007,1.6635,2.0588,0.3673
1.6960,0.0003,1.6337,1.6265,0.3524
1.4008,0.0004,1.3121,1.5800,0.3555
1.6501,0.0004,0.9887,1.7358,0.3632
1.3869,0.0003,0.9902,1.2466,0.3320
1.7196,0.0004,1.2168,1.8541,0.3402
1.7895,0.0004,1.0117,1.7550,0.3558
1.7071,0.0005,1.0774,1.5509,0.3536
1.3799,0.0003,1.4145,1.5419,0.3463
1.1943,0.0004,1.0037,1.1768,0.3463
2.0827,0.0004,1.1243,2.0351,0.3734
1.3242,0.0003,1.6624,1.3765,0.3296
1.5694,0.0007,1.0131,1.2706,0.3296
1.6342,0.0006,1.1270,1.7485,0.3359
1.6710,0.0006,1.2888,1.7694,0.3512
1.6238,0.0011,1.2537,1.4883,0.3722
2.2991,0.0009,1.8818,1.6077,0.3665
1.7188,0.0006,2.1929,1.5181,0.3343
1.1738,0.0006,1.4972,1.5480,0.3391
1.8211,0.0008,1.1301,1.8671,0.3572
2.2267,0.0006,1.7292,1.9547,0.3495
1.4008,0.0008,2.0073,1.7233,0.3433
2.2172,0.0008,1.3833,2.2550,0.3561
1.8979,0.0008,1.4141,1.8537,0.3286
1.5820,0.0009,1.3584,1.6212,0.3560
1.3730,0.0008,1.3622,1.3936,0.3376
1.8159,0.0006,1.2022,1.7607,0.3376
1.6659,0.0007,1.1816,1.7361,0.3394
1.4519,0.0008,1.0944,1.4195,0.3467
2.5250,0.0010,1.2994,2.3761,0.3566
1.7711,0.0007,1.6255,1.6839,0.3545
1.8157,0.0005,1.6326,1.9538,0.3496
1.6283,0.0009,1.3197,1.6681,0.3496
1.8940,0.0006,1.4244,1.8915,0.3414
1.6043,0.0004,1.2336,1.5311,0.3467
1.7766,0.0006,1.2532,1.7868,0.3467
1.7261,0.0006,1.2299,1.6641,0.3510
1.7814,0.0008,1.3776,1.9088,0.3510
1.8699,0.0009,1.2903,1.6360,0.3463
1.7409,0.0007,1.8236,1.5543,0.3507
1.9149,0.0006,1.5668,2.3005,0.3414
1.5065,0.0007,1.1741,1.5074,0.3414
1.5293,0.0005,1.0987,1.5224,0.3398
1.9302,0.0009,1.1075,1.8966,0.3331
1.6587,0.0009,1.2838,1.6465,0.3562
1.4875,0.0006,1.2682,1.4162,0.3562
1.8849,0.0007,1.2008,1.9897,0.3525
1.8912,0.0011,1.2640,1.8224,0.3370
1.6148,0.0007,1.2903,1.5924,0.3370
1.9301,0.0006,1.3624,1.9495,0.3573
1.4925,0.0005,1.2654,1.5584,0.3373
1.5588,0.0007,1.0475,1.3997,0.3373
1.8999,0.0008,1.0486,1.9011,0.3519
1.7609,0.0005,1.2282,1.8045,0.3422
1.5261,0.0005,1.1854,1.5001,0.3422
1.2771,0.0003,1.2799,1.3130,0.3555
1.2983,0.0003,1.1125,1.2903,0.3555
1.8877,0.0751,1.1637,1.4596,0.3350
2.0618,0.0004,1.1418,2.2367,0.3478
1.4289,0.0003,1.5245,1.7219,0.5367
1.6417,0.0003,0.9904,1.5096,0.3388
1.4210,0.0005,1.3204,1.3758,0.3542
1.6727,0.0005,1.3110,1.5841,0.3568
1.3199,0.0004,1.3428,1.4798,0.3459
1.2074,0.0004,1.0475,1.2012,0.3459
1.6132,0.0004,1.1968,1.2192,0.3562
1.3787,0.0005,1.6092,1.1546,0.3480
1.1595,0.0004,1.4268,1.0926,0.3549
1.3343,0.0003,0.9246,1.3683,0.3549
1.6367,0.0005,1.2664,1.7652,0.3857
1.6622,0.0006,1.4859,1.5392,0.3845
1.0896,0.0003,1.4060,1.0897,0.3570
1.3434,0.0002,0.9710,1.4994,0.3512
1.6415,0.0007,1.0249,1.1906,0.3512
2.1751,0.0007,1.1160,2.5596,0.3637
1.3355,0.0005,1.2043,0.9936,0.3520
1.4122,0.0004,1.4287,1.3958,0.3554
1.0237,0.0005,1.2304,1.4001,0.3554
1.8507,0.0003,0.9311,1.8626,0.3376
1.6430,0.0003,0.9755,1.2472,0.3466
1.6274,0.0007,1.2652,1.6870,0.3466
1.7864,0.0007,1.2422,1.7072,0.3522
2.0784,0.0006,1.4659,2.4154,0.3559
1.5338,0.0004,1.3048,1.5493,0.3559
1.5631,0.0008,1.1514,1.4436,0.3397
2.0939,0.0006,1.2882,2.1231,0.3397
1.9484,0.0006,1.3523,2.0094,0.3514
1.3757,0.0006,1.2065,1.4051,0.3448
1.4239,0.0006,1.2194,1.4039,0.3675
2.3303,0.0007,1.1597,2.2182,0.3815
1.3758,0.0007,1.2897,1.2702,0.3815
1.6397,0.0006,1.3230,1.8285,0.3585
1.4093,0.0006,1.2653,1.3858,0.3470
1.6685,0.0006,1.1310,1.4233,0.3660
1.7354,0.0007,1.0851,1.9865,0.3411
1.6342,0.0007,1.1392,1.2912,0.3485
2.3143,0.0006,1.2314,2.5880,0.3505
1.4696,0.0006,1.3198,1.4091,0.3505
1.6024,0.0005,1.4670,1.4858,0.3340
2.6288,0.0007,1.2210,2.4474,0.3456
1.9317,0.0167,1.7383,1.3612,0.3909
1.3344,0.0006,1.9278,1.8751,0.3656
1.3082,0.0006,1.1584,1.5767,0.3656
1.5745,0.0005,1.3182,1.5858,0.3386
1.3097,0.0006,1.1775,1.1603,0.3386
2.2672,0.0005,1.1317,2.3461,0.3435
1.5875,0.0005,1.2503,1.6475,0.3577
1.3137,0.0005,1.2558,1.3464,0.3577
1.7149,0.0005,1.0696,1.6950,0.3556
1.5644,0.0008,1.0702,1.3739,0.3383
1.5179,0.0005,1.8818,1.5634,0.3383
1.5603,0.0004,1.2102,1.6485,0.3981
2.0138,0.0004,1.1421,2.0372,0.3544
1.9629,0.0004,1.0946,1.9653,0.3592
1.4741,0.0004,1.2266,0.9864,0.3569
1.5547,0.0007,1.4197,1.8093,0.3569
2.1755,0.0006,1.2890,2.3430,0.3420
1.5068,0.0007,1.1535,1.5342,0.3420
1.8280,0.0007,1.0390,1.8257,0.3503
1.3326,0.0006,1.1120,1.2219,0.3503
2.0586,0.0006,1.1848,2.1246,0.3688
1.4208,0.0007,1.5001,1.4387,0.3477
1.4016,0.0006,1.0459,1.4208,0.3477
1.3480,0.0005,1.0352,1.1300,0.3431
1.7745,0.0005,0.9975,1.7344,0.3319
1.8182,0.0006,1.2700,2.0052,0.3417
1.7721,0.0005,1.0783,1.6350,0.3325
1.4544,0.0004,1.3373,1.2888,0.3325
1.7671,0.0003,1.2763,1.7290,0.3491
1.6583,0.0009,1.3210,1.8039,0.3491
2.1345,0.0007,1.3887,2.2188,0.3778
1.4273,0.0004,1.4315,1.4881,0.3778
1.4313,0.0007,1.1888,1.2493,0.3432
1.7070,0.0005,1.4432,1.9419,0.3476
1.3048,0.0006,1.1804,0.8530,0.3476
1.5314,0.0005,1.2144,1.8125,0.3541
1.9393,0.0005,1.0717,2.0844,0.3338
1.6762,0.0006,1.0193,1.6403,0.3480
1.8156,0.0007,1.0791,1.6219,0.3341
2.2729,0.0008,1.5037,2.0776,0.5166
1.6160,0.0007,1.7108,1.3037,0.3661
1.2864,0.0005,1.5836,1.7462,0.3661
1.7884,0.0005,1.1311,1.8599,0.3509
1.9948,0.0005,1.0072,2.0919,0.3428
1.6629,0.0005,1.0705,1.3088,0.3428
1.9037,0.0006,1.1054,2.0022,0.3622
2.2880,0.0005,1.2529,2.4575,0.3322
1.2678,0.0006,1.2819,1.3727,0.3481
1.8239,0.0007,1.0614,1.7492,0.3481
1.7149,0.0005,1.2113,1.7135,0.3540
1.6711,0.0006,1.3295,1.5716,0.3709
2.1343,0.0005,1.3194,2.2164,0.3434
1.3881,0.0006,1.2983,1.0434,0.3434
2.0886,0.0006,1.3404,2.3435,0.3360
1.6358,0.0004,1.2938,1.7010,0.3360
1.7947,0.0005,1.1572,1.7189,0.3361
1.6117,0.0007,1.3414,1.7334,0.3650
1.4864,0.0005,1.0364,1.1824,0.3650
1.8197,0.0005,1.0248,1.9469,0.3400
2.0556,0.0005,1.2451,2.0970,0.3481
1.4069,0.0005,1.4961,1.5277,0.3481
1.6092,0.0006,1.0887,1.3620,0.3386
1.8741,0.0006,1.1326,2.1091,0.3311
2.0078,0.0006,1.0838,1.8065,0.3486
1.0935,0.0006,1.4235,1.2514,0.3486
1.7443,0.0005,1.1020,1.3423,0.3373
1.5644,0.0005,1.1439,1.7721,0.3373
1.7871,0.0006,1.0660,1.9513,0.3605
1.6662,0.0008,1.0296,1.5655,0.3438
1.6801,0.0005,1.3440,1.5807,0.3580
1.4816,0.0006,1.6191,1.5349,0.3580
1.7197,0.0004,1.3374,1.4739,0.3304
1.4391,0.0005,1.3251,1.4466,0.3304
2.0638,0.0009,0.9885,2.3364,0.3354
1.5240,0.0004,1.1685,1.3597,0.3310
1.5485,0.0004,1.1818,1.6567,0.3310
1.8479,0.0004,1.1082,1.6948,0.3455
1.6264,0.0006,1.1924,1.8933,0.3368
1.9750,0.0006,1.2635,1.8693,0.3591
1.8282,0.0005,1.3770,1.7160,0.3702
1.8477,0.0005,1.4374,1.8466,0.3620
1.6770,0.0005,1.3765,1.8490,0.3620
1.6961,0.0005,1.1442,1.6186,0.3510
2.1657,0.0006,1.2442,1.7411,0.3477
1.4391,0.0006,2.0332,1.9077,0.3475
1.6091,0.0005,1.3258,1.5969,0.3513
1.4411,0.0005,1.2589,1.3517,0.3513
1.5488,0.0005,1.3275,1.4727,0.3382
2.2039,0.0010,1.0784,2.3057,0.3827
1.7940,0.0006,1.5001,1.7764,0.3556
1.9674,0.0005,1.5040,1.9929,0.3580
1.1732,0.0008,1.1383,0.9122,0.3580
2.2885,0.0011,1.0500,2.0405,0.3406
1.6950,0.0005,1.6388,2.2165,0.3471
1.8108,0.0004,1.1323,1.6875,0.3394
1.8147,0.0006,1.2954,1.8422,0.3314
1.7019,0.0003,1.2924,1.6191,0.3314
2.1561,0.0007,1.1569,2.2061,0.3765
1.1593,0.0007,1.2002,1.2325,0.3387
1.9181,0.0006,1.0679,1.8928,0.3597
1.6676,0.0008,0.9988,1.5736,0.3597
2.2586,0.0006,1.1068,2.2922,0.3520
1.6484,0.0006,1.2175,1.6498,0.3520
1.7823,0.0005,1.0493,1.4582,0.3348
1.8563,0.0004,1.2435,2.1878,0.3422
1.8413,0.0004,1.0703,1.8240,0.3388
1.8187,0.0008,1.1525,1.6867,0.3388
2.9183,0.0008,1.5545,1.7204,0.3682
2.3238,0.0006,2.8219,3.5844,0.3502
1.6085,0.0006,1.2915,1.3942,0.3707
1.7391,0.0007,1.3001,1.6342,0.3455
1.8772,0.0005,1.3672,2.2412,0.3584
1.2850,0.0005,1.1884,1.0846,0.3483
1.4603,0.0004,1.1287,1.5487,0.3389
1.3093,0.0004,1.0309,1.4349,0.3389
1.8347,0.0004,1.0216,1.3490,0.3507
2.3802,0.0006,1.2240,2.7056,0.3757
1.7012,0.0009,1.4355,1.1053,0.3394
1.3466,0.0006,1.7093,1.2931,0.3424
1.4859,0.0005,1.1631,1.7578,0.3424
1.7075,0.0005,1.2101,1.4875,0.3642
2.0325,0.0006,1.2194,2.2608,0.3383
1.5862,0.0004,1.2975,1.6221,0.3383
1.7887,0.0004,1.1978,1.5017,0.3498
2.0624,0.0006,1.1593,2.2010,0.3375
1.8496,0.0007,1.3364,1.6621,0.3332
2.0319,0.0008,1.8703,1.9165,0.3395
1.8766,0.0007,1.4348,2.2051,0.3402
1.5836,0.0008,1.4527,1.4324,0.3507
1.9383,0.0006,1.1381,2.1839,0.3484
1.9515,0.0008,1.0727,1.8798,0.3320
1.5855,0.0008,1.2827,1.5704,0.3285
1.5284,0.0005,1.2244,1.6141,0.3388
1.6519,0.0005,1.0787,1.5619,0.3324
2.0496,0.0007,1.1344,1.4862,0.4027
1.8445,0.0009,1.7223,2.0649,0.4027
1.6490,0.0005,1.8764,1.8113,0.3666
1.2087,0.0005,1.5408,1.4331,0.3584
1.6019,0.0005,1.0549,1.6182,0.3584
1.9199,0.0005,1.0614,1.8949,0.3581
1.6328,0.0004,1.1011,1.5227,0.3457
1.6531,0.0004,1.2129,1.6228,0.3491
1.2138,0.0004,1.2617,1.2218,0.3491
1.9060,0.0005,1.0844,2.0151,0.3440
1.5936,0.0008,1.0658,1.4296,0.3440
2.6095,0.0006,1.3960,2.6623,0.3424
1.4186,0.0008,1.4875,1.5123,0.3598
1.9797,0.0005,1.1260,1.8058,0.3391
1.1727,0.0005,1.2838,1.2604,0.3479
1.9398,0.0006,1.1011,1.8262,0.3479
1.6233,0.0004,1.4870,1.3359,0.3607
2.2461,0.0005,1.2512,2.5482,0.3305
1.7246,0.0005,1.2817,1.7944,0.3305
2.5230,0.0013,1.3018,2.3417,0.4062
2.1742,0.0008,2.1570,2.1669,0.3607
1.7749,0.0009,1.8339,1.2560,0.3477
1.5875,0.0011,1.7120,1.8238,0.3657
2.0019,0.0009,1.4812,2.2323,0.3406
1.6664,0.0005,1.4892,1.8672,0.3481
1.5405,0.0007,1.2272,1.4039,0.3441
1.9220,0.0004,1.2667,1.8643,0.3441
2.0204,0.0010,1.3500,2.0358,0.3383
2.1164,0.0008,1.5737,1.9496,0.3653
1.8481,0.0007,1.8807,2.0073,0.3479
1.5805,0.0007,1.3472,1.7126,0.3640
2.0698,0.0009,1.1233,1.9097,0.3543
1.3841,0.0007,1.4854,1.5065,0.3543
1.5720,0.0010,1.1257,1.1801,0.3419
1.4679,0.0007,1.1197,1.8165,0.3572
1.6023,0.0008,1.1767,1.4441,0.3346
1.7972,0.0005,1.0983,1.6992,0.3596
2.3004,0.0006,1.2721,2.4725,0.3527
1.5669,0.0163,1.3980,1.6361,0.5282
1.4802,0.0004,1.2472,1.4197,0.5282
2.0230,0.0005,1.2447,1.8518,0.3366
1.3057,0.0005,1.6199,1.3080,0.3366
2.1434,0.0004,1.1939,2.2647,0.3471
1.4270,0.0005,1.3237,1.3567,0.3352
1.6573,0.0004,1.2023,1.6503,0.3352
1.5361,0.0004,1.0295,1.6141,0.3523
2.0171,0.0004,0.9786,2.1033,0.3405
1.4120,0.0007,1.0192,1.3622,0.5489
1.8136,0.0005,1.1481,1.7254,0.5489
1.9971,0.0004,1.4419,2.0570,0.3513
1.3823,0.0004,1.1299,1.1637,0.3452
1.1057,0.0003,1.4006,1.0584,0.3472
1.7036,0.0005,0.9773,1.8337,0.3519
1.9511,0.0007,1.2023,2.0528,0.3404
1.0123,0.0004,1.1310,0.7584,0.3404
2.2259,0.0004,1.0093,2.4012,0.3543
1.4785,0.0005,1.0254,1.4077,0.3543
2.0025,0.0006,1.0477,1.9290,0.3446
1.5261,0.0007,1.5694,1.2245,0.3901
1.7277,0.0005,1.1296,2.0537,0.3901
1.5121,0.0005,1.0418,1.3047,0.3343
1.7235,0.0003,1.2856,1.8304,0.3403
1.5006,0.0005,1.4551,1.1525,0.3464
1.4977,0.0006,1.3361,1.7864,0.3417
1.4799,0.0006,1.2945,1.6393,0.3417
1.3814,0.0003,1.0149,1.1785,0.3420
1.5242,0.0003,1.0187,1.4678,0.3439
2.2354,0.0004,1.2417,2.1895,0.3641
1.7672,0.0006,1.6319,1.0627,0.3597
1.1126,0.0006,1.5961,1.8741,0.3597
1.6516,0.0004,1.0432,1.5834,0.3476
2.1620,0.0005,0.9353,2.1052,0.3441
1.1053,0.0004,1.1569,1.0923,0.3390
1.5498,0.0004,1.0020,1.5051,0.3390
1.7148,0.0003,1.1806,1.8829,0.3476
1.7786,0.0004,1.0192,1.6793,0.3304
1.8371,0.0004,1.1682,1.9041,0.3424
1.5257,0.0005,1.0614,1.3061,0.3424
1.9383,0.0004,1.3181,1.7698,0.3627
1.3450,0.0004,1.5809,1.5685,0.3657
1.7605,0.0003,1.0469,1.8689,0.3392
1.5522,0.0005,1.1220,1.2152,0.3493
1.7989,0.0005,1.6043,1.6907,0.3506
1.4322,0.0003,2.0373,1.0833,0.3434
0.9101,0.0003,1.0144,0.8153,0.3412
1.6394,0.0003,0.9690,1.8622,0.3481
1.4954,0.0003,0.9944,1.4680,0.3418
1.2326,0.0004,0.9950,0.9555,0.3418
1.6793,0.0005,1.2267,1.7434,0.3487
1.6920,0.0004,1.5972,1.4481,0.3547
1.5441,0.0005,1.7357,1.3320,0.3780
1.3807,0.0004,1.1097,1.5281,0.3780
1.9179,0.0003,0.9460,2.1270,0.3647
1.6783,0.0010,0.9351,1.5629,0.3624
1.4188,0.0006,1.3544,1.4210,0.3507
1.5405,0.0004,1.3601,1.4499,0.3591
1.1428,0.0004,1.3937,1.3032,0.3591
1.3379,0.0006,0.9839,1.2684,0.3396
1.3371,0.0006,1.1133,1.4053,0.3465
1.5247,0.0008,0.9921,1.3429,0.3500
1.7030,0.0006,1.2778,1.6369,0.3493
2.2700,0.0005,1.3510,2.4152,0.3910
1.6501,0.0004,1.1700,1.7299,0.3416
1.4830,0.0004,1.0721,1.0199,0.3483
1.5843,0.0005,1.5487,2.0291,0.3400
1.5857,0.0005,0.9856,1.6125,0.3728
1.4407,0.0004,0.9780,1.4330,0.3728
2.1134,0.0005,0.9665,2.0531,0.3551
1.4795,0.0006,1.0179,1.3119,0.3377
1.4119,0.0007,1.3463,1.0272,0.3436
1.1865,0.0007,1.3014,1.2560,0.3436
1.7641,0.0007,1.2228,1.7772,0.3769
1.2009,0.0004,1.4435,1.5301,0.3769
1.6245,0.0004,1.0449,1.2333,0.3412
1.7675,0.0005,1.2786,2.0613,0.3426
1.9661,0.0004,1.6482,2.0572,0.3387
1.5693,0.0005,1.0702,1.6001,0.3515
1.7868,0.0005,1.1270,1.7517,0.3520
1.4188,0.0004,0.9873,1.1835,0.3520
1.7160,0.0006,1.0936,1.9550,0.3341
1.8414,0.0007,0.9753,1.4123,0.3386
2.2209,0.0004,1.1142,2.6037,0.3756
1.4985,0.0006,1.1191,1.4152,0.3466
1.4287,0.0006,1.4178,1.0767,0.3437
1.2304,0.0003,1.3363,1.4648,0.3437
1.8649,0.0004,1.1156,2.0644,0.3441
1.4774,0.0004,0.9754,1.1555,0.3441
2.0451,0.0004,1.1362,2.2997,0.3408
1.6438,0.0003,1.0432,1.6842,0.3408
1.4024,0.0005,1.0586,1.3869,0.3477
2.0179,0.0008,1.3268,1.8996,0.3606
1.9964,0.0008,1.3699,1.9108,0.3516
1.5963,0.0007,1.5483,1.5678,0.3446
1.6449,0.0007,1.4667,1.6303,0.3446
1.7421,0.0008,1.2417,1.6780,0.3638
1.8415,0.0006,1.0449,1.9476,0.3483
1.3253,0.0004,1.3276,1.1914,0.3483
1.9288,0.0003,1.2310,2.0738,0.3394
2.2074,0.0005,0.9610,2.1951,0.3383
1.5276,0.0005,1.1711,1.6458,0.3383
1.4581,0.0002,1.0703,1.1906,0.3642
1.7893,0.0007,1.1676,1.9199,0.3689
2.1981,0.0006,1.5345,2.2837,0.3612
1.6729,0.0006,1.1339,1.6201,0.3395
1.2422,0.0004,1.1709,1.0186,0.3395
2.0966,0.0005,1.0814,2.3647,0.3371
1.6344,0.0005,1.0394,1.5633,0.3507
1.5907,0.0005,1.2483,1.6810,0.3507
1.4706,0.0004,1.0360,1.4892,0.3565
2.4182,0.0006,1.1318,2.1613,0.3482
1.6033,0.0008,1.5400,1.0553,0.3625
1.1624,0.0004,1.4506,1.4955,0.3625
1.7748,0.0002,1.0237,2.0490,0.3483
1.6489,0.0004,0.8865,1.5153,0.3335
2.0159,0.0005,0.9104,2.0008,0.3456
2.1816,0.0005,1.0225,2.2891,0.3348
1.8819,0.0005,1.0955,1.8686,0.3423
2.3432,0.0006,1.1977,2.1529,0.3519
1.8810,0.0007,1.8040,1.1307,0.3468
1.1958,0.0004,1.6951,1.0249,0.3585
1.7132,0.0005,1.0639,1.8744,0.3411
1.6527,0.0006,1.2545,1.7953,0.3449
1.2204,0.0005,0.9918,1.0006,0.3449
1.8763,0.0006,1.1411,1.9047,0.3385
1.9805,0.0007,1.1855,2.0908,0.3464
1.6524,0.0007,1.1053,1.6167,0.3544
2.3805,0.0006,1.1458,2.2992,0.3307
1.5216,0.0008,1.3447,1.3779,0.3434
1.4868,0.0005,1.5377,1.6342,0.3434
1.9812,0.0004,1.2626,2.1049,0.3732
1.8888,0.0005,1.0690,1.8506,0.3379
1.5502,0.0005,1.0820,1.5759,0.3379
2.0512,0.0005,1.1842,1.9062,0.3414
1.5303,0.0005,1.4468,1.5753,0.3326
1.2355,0.0005,1.3137,1.1788,0.3326
1.9947,0.0003,1.0227,1.9934,0.3324
1.3413,0.0005,1.1814,1.5001,0.3438
1.8834,0.0006,0.9915,1.7506,0.3455
1.2888,0.0008,1.3313,1.1056,0.3455
2.3209,0.0005,1.1723,2.4048,0.3587
1.2771,0.0003,1.2560,1.4845,0.3587
1.3725,0.0004,0.9740,0.9993,0.3550
1.8476,0.0004,0.9341,2.1173,0.3447
1.4450,0.0004,1.0874,1.4014,0.3442
1.9203,0.0004,0.9347,2.0200,0.3395
1.4365,0.0004,0.9508,1.4366,0.3395
1.7614,0.0005,0.9124,1.6588,0.3354
1.9083,0.0004,1.0571,1.9811,0.3354
1.5016,0.0006,1.0854,1.4520,0.3419
2.2319,0.0006,1.1950,2.0633,0.3747
1.6087,0.0005,1.4683,1.7725,0.3559
1.3909,0.0004,1.0829,1.3411,0.3503
1.9207,0.0004,1.1090,1.8796,0.3620
1.4166,0.0005,1.1942,1.5232,0.3620
1.7671,0.0004,1.0444,1.7280,0.3387
1.3898,0.0004,0.9764,1.3704,0.3387
2.1613,0.0005,1.0552,2.1447,0.3433
1.8061,0.0006,1.2441,1.4682,0.3433
2.1375,0.0005,1.9697,1.0059,0.3853
1.1817,0.0003,1.8860,1.0059,0.3490
0.9922,0.0005,1.0748,0.9152,0.3412
1.3186,0.0004,0.9375,1.5521,0.3510
0.9641,0.0004,0.9510,0.7742,0.3669
1.2740,0.0003,0.9713,1.4462,0.3669
1.7522,0.0003,0.9635,1.6963,0.3609
1.3011,0.0003,1.0010,1.3434,0.3609
1.6305,0.0007,1.0652,1.4457,0.3542
2.1832,0.0007,1.4176,2.2774,0.3486
1.1772,0.0005,1.2142,0.8610,0.3654
1.9848,0.0005,1.0721,2.2008,0.3820
1.4061,0.0006,1.2483,1.4727,0.3820
1.3957,0.0005,1.0948,1.2163,0.3481
2.1563,0.0006,1.0319,2.2972,0.3526
1.2614,0.0004,1.1340,1.2724,0.3495
1.5061,0.0003,1.1428,1.3218,0.3551
1.7936,0.0005,1.0241,1.9920,0.3453
1.2166,0.0004,0.9482,1.1911,0.3453
1.5079,0.0004,1.0128,1.2134,0.3541
1.7455,0.0006,1.2315,2.0524,0.3486
1.2651,0.0008,1.0344,1.1349,0.3486
2.1007,0.0006,1.0432,2.1601,0.3815
1.7359,0.0005,1.0924,1.7755,0.3411
1.5957,0.0004,1.0146,1.4683,0.3387
1.4280,0.0004,1.2216,1.4439,0.3387
1.6169,0.0007,1.4869,1.6472,0.3403
1.3518,0.0008,1.4689,1.2047,0.3403
2.1759,0.0005,1.3048,2.3485,0.3502
1.5608,0.0005,1.0572,1.3940,0.3465
1.2411,0.0007,1.2986,1.2504,0.3465
2.4442,0.0015,1.1563,1.9087,0.3522
2.4920,0.0007,2.2421,1.8067,0.3943
1.3442,0.0006,2.1758,2.0575,0.3643
1.4289,0.0007,1.2742,1.7491,0.3420
1.4849,0.0006,1.1081,1.4885,0.3527
1.6139,0.0009,1.1907,1.2664,0.3432
1.9328,0.0007,1.3408,2.2333,0.3423
1.7488,0.0007,1.2102,1.7328,0.3423
2.4452,0.0008,1.3469,2.2863,0.3489
1.3219,0.0008,1.5326,1.0533,0.3598
1.6042,0.0005,1.1402,1.9106,0.8683
1.5346,0.0006,1.0931,1.5674,0.3499
1.5057,0.0005,1.0931,1.5126,0.3454
1.6570,0.0006,1.0608,1.6364,0.3542
1.7805,0.0005,0.9815,1.6353,0.3407
1.1960,0.0005,1.2818,1.2731,0.3407
1.5446,0.0005,1.0984,1.6107,0.3534
1.8604,0.0005,0.9662,1.7935,0.3431
1.4588,0.0006,1.0687,1.3911,0.3431
1.6889,0.0005,1.0878,1.4922,0.3580
2.4478,0.0008,1.0355,2.5891,0.3820
1.9444,0.0006,1.5865,1.3118,0.3724
1.1868,0.0005,1.6783,1.7716,0.3563
1.9791,0.0007,1.0942,1.8030,0.3567
1.5717,0.0006,1.5014,1.8533,0.3588
1.6959,0.0006,1.1773,1.6911,0.3648
1.9044,0.0006,1.1383,1.8533,0.3419
1.6868,0.0006,1.2540,1.7072,0.3531
1.5716,0.0008,1.1854,1.4310,0.3531
1.9504,0.0005,1.1553,2.0357,0.3685
1.6917,0.0005,1.2512,1.5843,0.3349
1.6130,0.0004,1.7223,1.4030,0.3549
1.5755,0.0007,1.4156,1.9397,0.3336
1.6360,0.0004,1.3789,1.4765,0.3336
2.0233,0.0007,1.2473,2.0464,0.3465
1.7327,0.0003,1.4391,1.6785,0.3406
1.4456,0.0006,1.4184,1.1281,0.3322
1.6163,0.0007,1.3951,2.0371,0.3340
1.2328,0.0005,1.1846,1.2600,0.3448
1.7203,0.0008,1.1512,1.2008,0.3448
1.8594,0.0010,1.5530,2.2431,0.3513
1.7861,0.0006,1.5469,1.8324,0.3470
1.6489,0.0007,1.2664,1.3936,0.3470
1.7553,0.0008,1.6002,2.0369,0.3467
1.7305,0.0009,1.2072,1.7014,0.3467
1.7598,0.0007,1.2407,1.7381,0.3500
1.4302,0.0006,1.2582,1.3673,0.3500
1.9876,0.0007,1.2108,2.0402,0.3480
1.2715,0.0006,1.2582,1.0745,0.3480
1.7197,0.0010,1.1004,1.8017,0.3499
2.0597,0.0008,1.2493,1.9549,0.3650
2.2818,0.0008,1.5054,2.4230,0.3459
1.3822,0.0007,1.3532,1.3621,0.3406
1.6220,0.0007,1.3830,1.7044,0.3548
1.3299,0.0006,1.2032,1.3129,0.3596
1.8394,0.0006,1.1371,1.8122,0.3478
1.1610,0.0005,1.1594,0.9214,0.3498
1.8463,0.0004,1.0457,1.8454,0.3498
1.4759,0.0006,1.1850,1.6154,0.3408
2.0962,0.0007,1.1499,2.1676,0.3559
1.4167,0.0008,1.4307,1.4173,0.3559
2.1102,0.0005,1.4143,1.9615,0.3450
1.3550,0.0004,1.4976,1.5214,0.3442
1.5110,0.0005,1.1123,1.3257,0.3551
1.2219,0.0005,1.2778,1.3997,0.3401
1.6992,0.0004,1.0409,1.6692,0.3401
1.3173,0.0004,1.0844,1.3152,0.3471
1.4411,0.0008,1.0589,1.4346,0.3445
1.6186,0.0005,1.0210,1.6109,0.3467
1.6509,0.0008,1.0637,1.4535,0.3555
2.2082,0.0008,1.2333,2.2954,0.3555
1.8442,0.0006,1.4808,1.7871,0.3423
1.3598,0.0005,1.5145,1.4091,0.3487
2.0364,0.0007,1.2164,1.9414,0.3442
1.6035,0.0005,1.3739,1.7490,0.3512
1.4617,0.0004,1.2608,1.2781,0.3515
1.5320,0.0006,1.6400,1.3642,0.3583
1.3964,0.0006,1.2868,1.5614,0.3583
1.9045,0.0004,1.2363,1.9686,0.3465
1.3564,0.0004,1.2957,1.2400,0.3394
2.5872,0.0009,1.1786,2.3213,0.3755
1.4278,0.0009,1.8496,1.6834,0.3778
1.5863,0.0006,1.2173,1.8025,0.3459
1.3786,0.0007,1.1642,1.3607,0.3459
1.8352,0.0006,1.0614,1.8410,0.3454
1.6289,0.0006,1.1502,1.6300,0.3470
1.9271,0.0006,1.1601,1.6027,0.3407
1.1011,0.0005,1.4115,1.2416,0.3407
1.6252,0.0004,1.0311,1.4853,0.3497
1.5849,0.0004,1.2635,1.4389,0.3497
1.8693,0.0006,1.0716,2.1735,0.3453
2.0148,0.0005,1.1154,2.0821,0.3723
1.5269,0.0005,1.2765,1.0779,0.3411
1.1904,0.0005,1.5491,1.2805,0.3408
0.9371,0.0004,1.0010,1.1553,0.3408
1.7377,0.0005,0.9502,1.3199,0.3397
1.7696,0.0006,1.2007,2.2064,0.3453
1.4485,0.0005,1.0926,1.2309,0.3575
1.2138,0.0003,1.3354,1.3034,0.3575
1.6030,0.0006,1.2057,1.6528,0.3720
2.0029,0.0007,1.0871,1.8454,0.3720
2.4978,0.0012,1.8392,1.6187,0.3930
1.4200,0.0010,2.1502,1.5148,0.3833
1.1061,0.0007,1.2277,1.0401,0.3332
1.2883,0.0006,1.0514,1.4188,0.3551
1.5383,0.0005,1.2958,1.5729,0.3709
1.8073,0.0006,1.2108,1.8632,0.3709
1.7977,0.0005,1.2156,1.8188,0.3342
1.5724,0.0006,1.2207,1.4238,0.3342
1.9269,0.0006,1.1884,2.0582,0.3696
1.6185,0.0006,1.1262,1.5749,0.3696
2.0371,0.0005,1.5962,2.0331,0.3750
1.3236,0.0006,1.5108,1.3712,0.3432
1.7599,0.0004,1.0915,1.6734,0.3533
1.9744,0.0005,1.1975,1.8028,0.3448
1.6289,0.0003,1.6388,1.2366,0.3482
1.5705,0.0006,1.5946,1.6939,0.3390
1.4367,0.0008,1.4918,1.7806,0.3390
1.7620,0.0005,1.5463,1.7300,0.3503
1.3727,0.0004,1.2775,1.2869,0.3503
1.6340,0.0005,1.0874,1.8057,0.3513
1.6820,0.0007,1.1873,1.3577,0.3799
1.4972,0.0004,1.2380,1.6997,0.3650
1.6043,0.0005,1.1486,1.4093,0.4009
1.8411,0.0005,1.2829,2.0294,0.3358
1.6651,0.0005,1.4187,1.1276,0.3456
1.4003,0.0005,1.4979,1.6886,0.3444
2.0058,0.0004,1.2361,2.2857,0.3385
1.8041,0.0012,1.1656,1.6919,0.3375
1.8650,0.0005,1.5449,1.6112,0.3444
2.0817,0.0005,1.4621,2.0209,0.3588
1.3482,0.0005,1.8762,1.2923,0.3657
1.4024,0.0003,1.2542,1.7824,0.3657
1.5177,0.0004,1.1645,1.4968,0.3641
1.5890,0.0005,1.1572,1.6155,0.3476
1.8795,0.0004,1.1237,1.8456,0.3549
1.6010,0.0007,1.1954,1.5738,0.3719
1.7386,0.0005,1.3815,1.6109,0.3600
1.6208,0.0004,1.2910,1.4725,0.3591
1.6969,0.0005,1.3974,1.9732,0.3591
1.5130,0.0006,1.0183,1.4996,0.3425
1.7147,0.0009,1.1081,1.2793,0.3719
1.2285,0.0004,1.6287,1.3504,0.3719
1.5204,0.0005,1.0763,1.6873,0.3581
1.7272,0.0175,1.1374,1.5972,0.3506
2.0516,0.0006,1.4327,2.2197,0.3434
1.7518,0.0005,1.4185,1.8065,0.3483
1.8919,0.0006,1.2229,1.7338,0.3549
1.2155,0.0005,1.3905,1.2481,0.3350
1.4943,0.0007,1.3276,1.5261,0.3426
1.1871,0.0004,1.2598,1.0551,0.3426
1.7625,0.0005,0.9429,1.6326,0.3535
1.5749,0.0006,1.3554,1.8902,0.3409
1.8714,0.0005,1.1965,1.5093,0.3468
1.9458,0.0007,1.3180,2.1277,0.3623
1.4087,0.0007,1.6068,1.1488,0.3453
1.5290,0.0005,1.3352,1.3459,0.3480
1.1443,0.0004,1.5014,1.2643,0.3376
1.4581,0.0005,0.9915,1.4015,0.3450
1.5607,0.0005,1.3564,1.5088,0.3379
1.8180,0.0005,1.3067,2.1521,0.3628
1.3414,0.0004,1.0227,0.9125,0.3628
1.6397,0.0005,1.3623,1.8283,0.3399
1.8408,0.0005,1.3199,2.0629,0.3770
1.4971,0.0004,1.1422,1.2923,0.3470
1.6171,0.0495,1.0955,1.5439,0.3601
1.3904,0.0004,1.7590,1.6874,0.3546
1.4937,0.0007,1.0572,1.1826,0.3546
1.2825,0.0003,1.3048,1.4309,0.3420
1.4916,0.0004,1.1751,1.5623,0.3403
1.4258,0.0006,1.2154,1.3767,0.3552
1.7683,0.0004,1.2231,1.4521,0.3391
1.5638,0.0006,1.4139,1.5008,0.3391
1.4721,0.0004,1.6769,1.6917,0.3620
2.1358,0.0013,1.1776,2.2238,0.3499
1.6075,0.0005,1.5905,1.2065,0.3478
1.8372,0.0005,1.5993,2.3083,0.3532
1.1917,0.0004,1.2996,1.1362,0.3405
1.3540,0.0003,1.0546,1.4563,0.3405
1.9841,0.0004,1.0389,1.8064,0.3384
1.5184,0.0171,1.3041,1.5904,0.3468
1.5636,0.0005,1.5509,1.3470,0.3468
1.9356,0.0004,1.2205,2.2085,0.3376
1.6957,0.0443,1.2070,1.4553,0.3376
1.8660,0.0008,1.8163,2.0486,0.3681
1.8015,0.0006,1.6829,1.8190,0.3690
1.4072,0.0008,1.3803,1.1656,0.3690
2.2479,0.0008,1.3113,2.4616,0.3471
1.3825,0.0006,1.5058,1.3329,0.3447
1.6576,0.0006,1.3227,1.7337,0.3548
1.3743,0.0007,1.0646,1.1738,0.3311
1.3340,0.0006,1.4475,1.2121,0.3344
1.5121,0.0006,1.2995,1.5395,0.3440
1.4486,0.0006,1.4418,1.7246,0.3621
1.8436,0.0006,1.1430,1.7832,0.3563
1.6527,0.0006,1.7031,1.6739,0.3563
2.2096,0.0008,1.1284,2.0690,0.3409
1.4175,0.0009,1.4812,1.0358,0.3477
1.6117,0.0007,1.2156,1.9749,0.3482
1.7301,0.0006,1.0700,1.5427,0.3438
1.4646,0.0006,1.3773,1.2697,0.3612
1.8666,0.0005,1.3849,1.7598,0.3612
1.9814,0.0005,1.0261,2.4082,0.3531
1.7613,0.0009,1.1386,1.7004,0.3423
1.9945,0.0008,1.6879,1.9924,0.3676
1.3407,0.0010,1.4040,1.3704,0.3414
1.9167,0.0010,1.2487,1.8740,0.3424
1.4363,0.0009,1.3879,1.4592,0.3424
1.3981,0.0004,1.3448,1.4511,0.3588
1.8564,0.0006,1.1077,1.6710,0.3543
1.5780,0.0006,1.3989,1.5528,0.3563
1.5622,0.0007,1.5529,1.6324,0.3647
1.3711,0.0006,1.4087,1.4102,0.3647
1.9491,0.0007,1.2999,1.6654,0.3514
1.4492,0.0006,1.7347,1.6178,0.3639
1.5351,0.0007,1.3368,1.6478,0.3555
1.4300,0.0005,1.2529,1.3175,0.3567
1.3454,0.0006,1.5199,1.4725,0.3461
1.5206,0.0005,1.1797,1.4872,0.3671
1.4440,0.0004,1.1916,1.3879,0.3671
1.3303,0.0003,1.3095,1.3986,0.3567
1.4094,0.0002,1.2715,1.3175,0.3308
1.3272,0.0003,1.3442,1.4340,0.3308
1.6472,0.0004,1.1225,1.6045,0.3602
1.8093,0.0008,1.2474,1.7081,0.3753
1.6469,0.0007,1.5018,1.7225,0.3509
1.6886,0.0005,1.6655,1.2959,0.3344
1.7141,0.0005,1.6249,1.5212,0.3427
1.2960,0.0003,1.5867,1.2432,0.3582
1.3247,0.0003,1.3793,1.2254,0.3532
1.2510,0.0005,1.2505,1.3342,0.3464
1.3869,0.0007,1.2650,1.3517,0.3361
1.2566,0.0005,1.3410,1.5781,0.3361
1.3907,0.0233,1.0897,1.2620,0.3601
1.5306,0.0007,1.4363,1.6157,0.3712
1.1693,0.0008,1.2303,1.1897,0.3712
1.5553,0.0006,1.1774,1.5141,0.3667
1.7472,0.0005,1.3241,1.5475,0.3536
1.4668,0.0005,1.4298,1.5422,0.3363
1.2279,0.0004,1.3721,1.1857,0.3520
1.2051,0.0004,1.0573,1.3887,0.3497
1.6093,0.0004,1.0328,1.3883,0.3497
1.5354,0.0005,1.3435,1.3536,0.3507
1.7005,0.0005,1.4788,1.3792,0.3309
1.3357,0.0010,1.6489,2.0157,0.3464
1.6742,0.0005,1.0656,1.6577,0.3440
1.6033,0.0008,1.0501,1.5522,0.3440
1.5470,0.0005,1.1848,1.5568,0.3556
1.4657,0.0003,1.2499,1.4623,0.3498
2.1539,0.0006,1.1434,1.9517,0.3513
1.3397,0.0004,1.4486,0.9041,0.3545
1.2748,0.0003,1.1086,1.6272,0.3545
1.3719,0.0004,0.9786,1.1455,0.3435
1.5149,0.0006,1.0125,1.5504,0.3468
2.2527,0.0006,1.0733,1.9932,0.3652
1.6835,0.0006,1.9202,1.5237,0.3699
1.2056,0.0004,1.5821,1.2950,0.3454
1.9599,0.0356,1.1032,1.6191,0.3566
2.0109,0.0007,2.2251,1.6977,0.3638
1.6005,0.0005,1.9983,1.5383,0.3436
1.2714,0.0005,1.5114,1.1379,0.3466
1.2275,0.0005,1.0252,1.3487,0.3371
1.4066,0.0004,1.3286,1.0231,0.3399
1.5237,0.0004,1.2566,1.5489,0.3399
1.7311,0.0004,1.2674,1.9380,0.3538
1.7867,0.0005,1.3090,1.8895,0.3538
2.0040,0.0006,1.1281,1.8209,0.3480
1.5740,0.0012,1.4870,1.7510,0.3660
1.5253,0.0006,1.3034,1.5226,0.3697
1.8829,0.0005,1.1752,1.7021,0.3518
1.4072,0.0004,1.5942,1.5970,0.3495
1.7333,0.0006,1.1086,1.6899,0.3461
1.3034,0.0006,1.0549,1.3508,0.3461
1.8763,0.0006,1.0305,1.8209,0.3386
1.9750,0.0005,1.1449,1.8460,0.3319
1.2581,0.0005,1.2706,1.3990,0.3319
1.5503,0.0004,1.0831,1.2182,0.3520
1.4776,0.0004,1.2454,1.5882,0.3355
2.6491,0.0008,1.1221,2.7411,0.3759
1.4166,0.0009,1.3516,1.4292,0.3571
1.6154,0.0010,1.3722,1.5300,0.3571
1.9888,0.0006,1.4720,1.7460,0.3482
1.8804,0.0006,1.9478,2.2033,0.3636
1.5550,0.0007,1.3714,1.1010,0.3621
1.5769,0.0006,1.5283,2.0584,0.3722
1.7506,0.0007,1.4071,1.4523,0.3722
1.4311,0.0006,1.3785,1.7512,0.3410
2.1052,0.0007,1.1287,1.9771,0.3683
1.6715,0.0007,1.5051,1.7062,0.3683
1.6091,0.0011,1.4425,1.5978,0.4044
1.8844,0.0007,1.4560,1.5557,0.3494
1.5893,0.0007,1.4836,1.7925,0.3447
2.1393,0.0007,1.4186,2.2590,0.3759
1.4713,0.0008,1.2684,1.4800,0.3435
1.1437,0.0005,1.2413,1.1968,0.3435
1.8815,0.0006,1.1297,1.8042,0.3340
1.9719,0.0007,1.1047,1.9569,0.3351
2.3977,0.0007,1.3218,2.3724,0.3434
1.6870,0.0011,1.4383,1.7382,0.3675
1.1737,0.0007,1.2478,1.1441,0.3614
1.9110,0.0009,1.1923,1.8791,0.3399
1.9556,0.0009,1.2941,1.8215,0.3496
1.4245,0.0008,1.5414,1.2171,0.3557
1.2170,0.0005,1.3433,1.3509,0.3557
2.4089,0.0008,1.1591,2.3918,0.3485
1.7080,0.0010,1.6369,1.8059,0.3488
2.0932,0.0008,1.9623,1.7175,0.3730
2.3407,0.0008,1.7242,2.6077,0.3716
1.6881,0.0008,1.7833,1.5687,0.3347
1.5833,0.0008,1.5116,1.8924,0.3589
1.2545,0.0007,1.2908,1.1939,0.3589
1.9858,0.0007,1.1561,2.0241,0.3404
1.6394,0.0009,1.2667,1.5256,0.3367
1.7691,0.0007,1.4943,1.9070,0.3421
2.1373,0.0006,1.3835,1.9215,0.3608
1.6837,0.0007,1.7528,1.4823,0.3619
1.2185,0.0006,1.3592,1.4885,0.3619
1.5501,0.0008,1.2316,1.4085,0.3707
2.4157,0.0005,1.2743,2.5791,0.3443
1.2930,0.0005,1.3558,1.3614,0.3570
1.5619,0.0005,1.2694,1.5550,0.3491
1.6895,0.0006,1.2057,1.6572,0.3387
1.5353,0.0006,1.2813,1.5081,0.3372
1.7889,0.0009,1.3032,1.6758,0.3564
2.3287,0.0008,1.4326,2.2034,0.3441
2.0633,0.0010,1.9704,1.3984,0.3382
1.8654,0.0010,1.8218,1.2591,0.3691
1.3712,0.0005,1.7851,1.6299,0.3467
1.1728,0.0006,1.2125,1.3641,0.3537
1.3419,0.0004,1.1227,1.4965,0.3537
1.8544,0.0006,1.1808,1.4398,0.3603
2.2782,0.0006,1.1903,2.6194,0.3439
1.5936,0.0006,1.5051,1.5530,0.3377
1.8372,0.0005,1.5000,1.9144,0.3375
1.0725,0.0005,1.3449,1.0762,0.3556
1.9506,0.0010,1.1012,1.8584,0.3556
1.8302,0.0009,1.4752,1.7800,0.3881
1.5354,0.0007,1.6346,1.6738,0.3525
1.3978,0.0006,1.1373,1.3196,0.3525
1.6173,0.0009,1.3629,1.6711,0.3423
1.8327,0.0008,1.1621,1.4953,0.3561
2.0557,0.0006,1.3211,2.3951,0.3517
1.4639,0.0005,1.1245,1.5298,0.3506
1.4121,0.0006,0.9672,1.2856,0.3506
1.9313,0.0006,1.2155,1.7282,0.3442
2.5412,0.0009,1.4334,2.3388,0.3701
1.6893,0.0006,2.0525,1.6142,0.3794
1.1874,0.0005,1.3813,1.4989,0.3794
1.4380,0.0005,1.0995,1.6193,0.3480
1.7048,0.0007,0.9959,1.6964,0.3480
1.7851,0.0007,1.0678,1.7594,0.3322
1.3084,0.0005,1.0858,1.2944,0.3281
1.6724,0.0006,1.1326,1.5584,0.3281
1.7409,0.0007,1.2337,1.5713,0.3640
1.4076,0.0006,1.5260,1.5569,0.3429
1.9116,0.0007,1.1825,1.8646,0.3630
1.7300,0.0006,1.4175,1.6009,0.3907
2.0361,0.0006,1.6547,2.1016,0.3421
1.6238,0.0005,1.4335,1.8167,0.3439
1.1682,0.0006,1.0923,1.0155,0.3439
1.8813,0.0007,1.0380,2.0240,0.3392
1.4277,0.0004,1.1021,0.7942,0.3472
1.8834,0.0004,1.5323,2.2759,0.3480
1.8367,0.0006,1.5574,1.7599,0.3441
1.9145,0.0007,1.7369,1.8383,0.3791
2.0050,0.0008,1.7240,2.2320,0.3599
1.4166,0.0005,1.3550,1.4543,0.3396
1.8932,0.0004,1.2083,1.5693,0.3621
1.7286,0.0007,1.4775,1.8378,0.3511
1.7345,0.0005,1.6773,1.9570,0.3567
1.9239,0.0005,1.1418,1.6069,0.3567
2.2109,0.0005,1.1290,2.4073,0.3465
1.9528,0.0007,1.2852,1.9450,0.3428
2.0544,0.0008,1.3597,1.6621,0.3569
2.1679,0.0009,1.9431,2.2198,0.3421
1.2835,0.0007,1.9339,1.5208,0.3448
1.8296,0.0004,1.1826,1.9313,0.3448
1.5935,0.0005,1.1695,1.6222,0.3499
1.7847,0.0004,1.1577,1.7394,0.3454
1.3181,0.0005,1.1397,1.2283,0.3574
1.8212,0.0008,1.4008,1.9133,0.3459
1.4826,0.0008,1.4381,1.5097,0.3370
1.5565,0.0004,1.0918,1.4480,0.3370
1.8130,0.0009,1.3158,1.6116,0.3711
2.5998,0.0007,1.8097,2.6680,0.3530
1.8089,0.0009,1.9592,1.4468,0.3440
1.4100,0.0005,1.6445,1.7065,0.3400
1.5845,0.0005,1.4190,1.8589,0.3399
1.7984,0.0004,1.1606,1.7908,0.3396
1.9289,0.0007,1.0231,1.8556,0.3454
1.5517,0.0174,1.6155,1.4998,0.3454
1.6097,0.0004,1.6367,1.5374,0.3757
1.5676,0.0006,1.5056,1.7224,0.3410
1.4378,0.0006,1.1622,1.0893,0.3410
1.7009,0.0007,1.1292,2.0197,0.3739
1.4539,0.0004,1.0547,1.3347,0.3533
1.8810,0.0007,1.0131,1.8620,0.3499
1.6277,0.0005,1.4885,1.3236,0.3485
1.8329,0.0008,1.4114,2.0080,0.3497
1.5782,0.0011,1.6271,1.8049,0.3397
1.4716,0.0006,1.3547,1.2700,0.3397
1.8546,0.0004,1.0749,2.0661,0.3508
1.6915,0.0004,1.1362,1.0596,0.3389
1.9578,0.0004,1.5206,2.0172,0.3389
1.7358,0.0006,2.1331,1.7161,0.3471
1.6749,0.0007,1.5398,2.2386,0.3588
1.5839,0.0007,1.0572,1.1349,0.3532
1.4558,0.0006,1.4105,1.7337,0.3532
1.7334,0.0004,1.1485,1.8663,0.3589
1.5094,0.0005,1.0717,1.4670,0.3571
1.4601,0.0005,1.3408,1.2796,0.3429
1.5656,0.0004,1.2559,1.8264,0.3429
1.5357,0.0004,1.0255,1.5100,0.3522
1.5841,0.0006,0.9669,1.5402,0.3522
1.5221,0.0004,1.1204,1.5262,0.3472
1.7544,0.0005,1.1250,1.7756,0.3404
1.6381,0.0004,1.1232,1.6102,0.3562
1.2156,0.0003,1.1720,1.1180,0.3562
2.1041,0.0005,1.1057,2.0236,0.3569
1.9916,0.0005,1.6176,2.0505,0.3551
1.5361,0.0005,1.5085,1.6139,0.3634
1.1563,0.0004,1.2782,1.1606,0.3634
1.5709,0.0005,1.1653,1.3099,0.3380
2.1621,0.0005,1.2883,2.3549,0.3526
1.3709,0.0006,1.4397,1.1913,0.3526
1.8398,0.0005,1.3253,1.7142,0.3448
1.9434,0.0006,1.5797,2.0936,0.3466
1.5703,0.0006,1.3865,1.7445,0.3587
1.4133,0.0005,1.1915,1.1469,0.3484
1.7195,0.0004,1.4122,2.0117,0.3342
1.4434,0.0004,1.1183,1.2788,0.3529
1.9701,0.0004,1.2014,2.0785,0.3405
1.5667,0.0004,1.0812,1.5924,0.3620
1.8436,0.0005,1.0747,1.2491,0.3802
1.3581,0.0004,1.7393,1.9062,0.3595
1.7240,0.0006,1.1905,1.7346,0.3528
1.5480,0.0006,1.1025,1.5540,0.3450
1.6569,0.0004,1.1463,1.5327,0.3512
1.7640,0.0006,1.3234,1.7861,0.3516
1.7541,0.0006,1.4543,1.1183,0.3520
1.1487,0.0005,1.5643,1.5845,0.3359
1.7183,0.0006,1.0161,1.8796,0.3430
1.5301,0.0004,1.0272,1.4535,0.3430
1.6416,0.0005,1.0666,1.6713,0.3377
2.0925,0.0006,1.0998,2.0298,0.3606
1.5076,0.0005,1.2802,1.4659,0.3685
2.1855,0.0006,1.2519,2.1455,0.3610
1.5352,0.0005,1.4293,1.4714,0.3610
1.5623,0.0007,1.4746,1.4399,0.3543
1.3514,0.0004,1.5156,1.4003,0.3543
1.3242,0.0005,1.2572,1.5707,0.3525
1.7888,0.0005,1.2257,1.7602,0.3443
1.8721,0.0007,1.0803,1.4943,0.3529
1.8245,0.0005,1.4548,2.1151,0.3427
1.2124,0.0006,1.2749,1.3286,0.3427
1.7165,0.0007,1.1657,1.5664,0.3768
1.6290,0.0006,1.2124,1.7467,0.3768
1.8059,0.0008,1.1657,1.4657,0.3470
1.4981,0.0004,1.6027,1.3725,0.3389
1.4154,0.0005,1.4366,1.8549,0.3389
1.2922,0.0004,1.1796,1.2837,0.3482
1.9714,0.0004,1.0237,1.9708,0.3467
1.6005,0.0006,1.1480,1.3072,0.3433
1.4319,0.0004,1.2428,1.7300,0.3433
1.8533,0.0007,1.0450,1.7417,0.3475
1.3126,0.0007,1.3062,1.3116,0.3699
1.7107,0.0006,1.3240,1.4601,0.3464
1.3553,0.0007,1.7002,1.5641,0.3411
1.7010,0.0006,1.3516,1.7923,0.3656
1.4502,0.0005,1.0666,1.3233,0.3431
1.3090,0.0004,1.3030,1.3886,0.3431
1.3081,0.0005,1.0487,1.3754,0.3507
1.7030,0.0004,1.0725,1.6843,0.3351
1.5978,0.0004,1.1254,1.5129,0.3666
1.3399,0.0005,1.2492,1.1516,0.3666
2.2022,0.0010,1.1417,2.3564,0.3633
1.9317,0.0005,1.2635,1.8856,0.3639
1.7162,0.0007,1.3922,1.8098,0.3434
2.0335,0.0006,1.1664,1.9101,0.3494
1.2376,0.0005,1.6643,0.9022,0.3601
1.2847,0.0006,1.0965,1.6127,0.3427
1.5393,0.0007,1.0296,1.5142,0.3393
1.8445,0.0007,1.0446,1.8575,0.3396
1.5857,0.0006,1.3000,1.2968,0.3411
1.4221,0.0005,1.5843,1.6871,0.3525
1.8458,0.0008,1.0716,1.6235,0.3454
1.8027,0.0006,1.4259,1.9886,0.3761
1.4525,0.0006,1.3439,1.4657,0.3508
1.2914,0.0006,1.2213,1.3225,0.3508
1.7734,0.0005,1.0261,1.7441,0.3542
1.3517,0.0005,1.0729,1.3350,0.3542
1.6607,0.0005,1.0628,1.2726,0.3497
1.5752,0.0006,1.3193,1.7407,0.3404
1.5644,0.0005,1.3730,1.7233,0.3554
1.4636,0.0005,1.0836,1.4824,0.3307
1.5034,0.0006,1.2233,1.4342,0.3442
1.4977,0.0005,1.4340,1.2013,0.3442
1.9536,0.0008,1.1794,2.0838,0.8426
1.5062,0.0005,1.5261,1.1394,0.3318
1.3135,0.0005,1.2797,0.9860,0.3408
1.4545,0.0006,1.3429,1.8149,0.3423
1.3176,0.0004,1.1963,1.3944,0.3423
1.3221,0.0003,1.2875,1.3671,0.3455
1.6308,0.0005,1.1020,1.5376,0.3428
1.2089,0.0005,1.2611,1.2882,0.3428
1.6028,0.0008,1.1387,1.3337,0.3363
1.8808,0.0006,1.0477,1.7615,0.3373
2.4725,0.0009,1.1813,2.7212,0.3539
1.2434,0.0006,1.6537,1.2657,0.3734
1.7840,0.0008,1.1855,1.8111,0.3525
1.6178,0.0007,1.2536,1.3756,0.3606
1.3487,0.0006,1.5248,1.5551,0.3562
1.8153,0.0010,1.1332,1.7590,0.3562
1.8331,0.0006,1.2417,1.7630,0.3322
1.5953,0.0005,1.3600,1.5298,0.3409
1.6004,0.0006,1.3502,1.7432,0.3543
2.0426,0.0007,1.5582,1.7537,0.3468
1.6530,0.0007,1.8309,0.9894,0.5603
1.1397,0.0005,1.2751,1.5823,0.3995
1.3975,0.0006,1.0694,1.2948,0.3499
1.5521,0.0005,1.2551,1.3746,0.3512
20.9417,0.0008,20.5990,1.5929,0.3389
2.0206,0.0012,1.9818,1.9770,0.3389
2.1879,0.0008,2.4301,1.3949,0.3567
1.2735,0.0007,1.5825,1.4592,0.3397
1.0828,0.0008,1.1347,1.3332,0.3397
1.7180,0.0008,1.1280,1.2840,0.3483
2.0056,0.0007,1.2690,2.4008,0.3614
1.5349,0.0007,1.3943,1.5027,0.3545
1.8091,0.0007,1.3992,1.6619,0.3476
2.1264,0.0006,1.5525,2.3153,0.3432
1.1513,0.0005,1.4405,1.0486,0.3432
1.6751,0.0005,1.0991,1.4423,0.3543
1.5906,0.0004,1.3016,1.7593,0.3497
1.8090,0.0004,1.5091,2.0718,0.3604
1.3351,0.0006,1.2079,1.2966,0.3604
1.9710,0.0006,1.1980,1.9775,0.3620
1.9545,0.0008,1.2956,1.9581,0.3532
1.5300,0.0006,1.3246,1.4202,0.3346
1.5493,0.0006,1.3594,1.6768,0.3480
1.5663,0.0006,1.2825,1.5570,0.3482
1.8059,0.0008,1.0749,1.7251,0.3429
1.5001,0.0006,1.2732,0.8415,0.3399
1.6998,0.0006,1.6323,1.7894,0.3353
1.1121,0.0005,1.5255,1.2867,0.3501
1.6390,0.0008,0.9960,1.8078,0.3501
1.9831,0.0006,1.1546,2.0003,0.3502
1.4992,0.0006,1.2709,1.3865,0.3429
1.5450,0.0006,1.3892,1.7102,0.3533
2.0082,0.0006,1.2577,1.7813,0.3577
1.4600,0.0005,1.6001,1.1580,0.3631
1.6241,0.0005,1.1182,1.8207,0.3470
1.4398,0.0005,1.2855,1.4318,0.3510
1.3552,0.0005,1.2919,1.1223,0.3510
1.1495,0.0005,1.3558,1.3631,0.3341
1.4531,0.0004,1.0218,1.6136,0.3598
1.3006,0.0004,0.9464,1.2654,0.3598
1.5691,0.0006,1.0771,1.3620,0.3632
1.4194,0.0006,1.2460,1.6267,0.3652
1.7717,0.0006,1.2230,1.6194,0.3672
1.7019,0.0008,1.6276,1.2275,0.3579
1.3139,0.0006,1.6207,1.3520,0.3451
1.2805,0.0005,1.1629,1.6066,0.3547
1.3012,0.0008,1.0269,0.9131,0.3547
1.7071,0.0008,1.3343,1.7778,0.3412
1.9345,0.0003,1.2403,2.1985,0.3413
1.3326,0.0004,1.0720,1.3409,0.3465
1.6000,0.0004,1.1855,1.5646,0.3465
1.6778,0.0007,1.2422,1.4374,0.3821
1.4791,0.0005,1.8244,1.7125,0.3542
1.2312,0.0004,1.2424,1.2661,0.3542
1.3476,0.0006,0.9943,1.2666,0.3464
1.5984,0.0004,1.1104,1.3668,0.3553
1.5374,0.0005,1.2155,1.8356,0.3553
1.4853,0.0005,1.0758,1.4674,0.3607
1.7378,0.0005,1.0549,1.0450,0.3430
2.0005,0.0007,1.0818,2.6297,0.3478
1.2869,0.0006,1.1800,1.3146,0.3531
1.4353,0.0006,1.1315,1.4176,0.3531
1.8369,0.0006,1.1696,1.4802,0.3411
1.7460,0.0007,1.8824,2.0968,0.3429
1.5569,0.0010,1.1103,1.5180,0.3429
1.7679,0.0009,1.2263,1.7964,0.3463
1.3982,0.0009,1.2362,1.1217,0.3463
1.3319,0.0006,1.3328,1.6297,0.3383
1.5371,0.0004,1.0905,1.2534,0.3344
2.0199,0.0003,1.0532,2.2792,0.3636
1.6177,0.0004,0.9705,1.4802,0.3472
1.1998,0.0006,1.6223,0.7498,0.3472
1.3116,0.0008,1.0143,1.0804,0.3454
2.0678,0.0006,1.3453,2.5221,0.3745
1.4433,0.0007,1.0772,1.3865,0.3745
1.8033,0.0007,1.0947,1.7119,0.3411
1.4182,0.0005,1.2529,1.5724,0.3506
1.2545,0.0003,1.0213,0.9223,0.3506
1.9405,0.0004,1.0455,2.2508,0.3398
1.3399,0.0006,0.9837,1.2112,0.3398
1.7592,0.0004,1.1247,1.4930,0.3363
1.5021,0.0004,1.4683,1.5214,0.3426
2.0957,0.0008,1.2874,1.9327,0.3833
1.7922,0.0006,2.2616,1.9117,0.3764
1.9108,0.0008,1.5011,2.0841,0.3556
1.2015,0.0006,1.3183,0.9735,0.3416
1.4198,0.0007,1.2042,1.6275,0.3480
1.2797,0.0005,1.4073,1.3259,0.3480
2.0482,0.0006,1.3380,2.0814,0.3518
1.5151,0.0007,1.3342,1.3329,0.3382
1.3611,0.0006,1.4711,1.2423,0.3599
1.4919,0.0004,1.1958,1.6341,0.3599
1.6261,0.0006,1.0656,1.6110,0.3495
2.1227,0.0008,1.3206,2.2007,0.3798
1.5725,0.0005,1.8096,1.3104,0.3650
1.7686,0.0005,1.4230,1.9785,0.3622
1.4794,0.0005,1.2546,1.4767,0.3622
1.6353,0.0004,1.2207,1.6078,0.3372
1.2930,0.0005,1.1859,1.3993,0.3372
1.7035,0.0004,1.0356,1.6939,0.3394
1.7836,0.0006,1.0721,1.7054,0.3394
1.5831,0.0005,1.2765,1.6703,0.3434
1.4645,0.0006,1.0630,1.2292,0.3468
1.8518,0.0008,1.2659,1.8830,0.3362
2.4627,0.0006,1.3653,2.4196,0.3466
1.6962,0.0007,1.6776,1.4305,0.3505
1.2833,0.0007,1.6022,1.5655,0.3503
1.9861,0.0005,1.1742,2.1055,0.3530
1.9229,0.0004,1.2258,1.9099,0.3477
1.3175,0.0007,1.2441,1.3238,0.3419
1.8545,0.0008,1.2177,1.8017,0.3419
1.8846,0.0008,1.3290,1.8997,0.3661
1.9881,0.0007,1.3364,1.9658,0.3661
1.9979,0.0008,1.4028,1.6695,0.3880
1.6604,0.0007,1.3074,1.9326,0.3463
1.7864,0.0007,1.3858,1.9099,0.3516
1.4411,0.0005,1.2231,1.4633,0.3436
1.8106,0.0007,1.0893,1.3517,0.3601
2.0965,0.0006,1.1209,2.4987,0.3369
1.6328,0.0005,1.1352,1.5851,0.3456
1.9773,0.0006,1.0355,1.9717,0.3779
2.0887,0.0007,1.4230,1.2627,0.3688
1.8748,0.0008,2.0900,1.7583,0.3689
1.4685,0.0008,1.7661,1.3768,0.3407
1.4109,0.0008,1.4066,1.5140,0.3415
1.2919,0.0009,1.4062,1.6616,0.3449
1.7664,0.0010,1.2398,1.7337,0.3376
1.7349,0.0007,1.1643,1.7572,0.3328
1.7520,0.0005,1.0692,1.7641,0.3328
1.8905,0.0003,1.1103,1.7939,0.3368
1.6139,0.0003,1.2753,1.5426,0.3368
1.8657,0.0006,0.9927,1.9289,0.3468
1.8932,0.0005,1.4056,1.6089,0.3404
1.4549,0.0006,1.4934,1.4339,0.3619
1.3558,0.0004,1.2976,1.5882,0.3619
1.5715,0.0004,1.2632,1.7063,0.3451
1.6016,0.0006,1.1427,1.2824,0.3470
2.1984,0.0007,1.1427,2.2607,0.3758
1.4008,0.0008,1.6051,0.9947,0.3463
1.4897,0.0006,1.2338,1.8653,0.3463
1.7713,0.0005,1.1400,1.8250,0.3499
1.7759,0.0004,1.0491,1.6800,0.3835
1.7104,0.0007,1.2563,1.6648,0.3881
1.5802,0.0005,1.3066,1.7107,0.3488
1.6592,0.0008,1.0383,1.4701,0.3296
1.5126,0.0004,1.0128,1.7026,0.3409
1.3206,0.0005,0.9515,1.0858,0.3409
2.0551,0.0004,0.9690,2.1686,0.3425
1.5517,0.0006,1.2146,1.5760,0.3491
1.5620,0.0005,1.4618,1.2706,0.3657
1.8099,0.0004,1.4132,2.1546,0.3442
1.7499,0.0006,1.0316,1.4234,0.3442
2.0507,0.0006,1.2300,2.3219,0.3522
1.3188,0.0004,1.1360,1.3599,0.3522
1.6835,0.0004,1.0309,1.5338,0.3507
1.8731,0.0004,0.9466,1.8392,0.3451
2.0402,0.0004,0.9704,2.0832,0.3488
1.6695,0.0004,1.2894,1.7606,0.3524
1.4265,0.0003,1.1895,1.3338,0.3524
1.8213,0.0003,1.0589,1.6111,0.3253
1.3340,0.0003,1.0585,1.5441,0.3253
1.3981,0.0007,0.9785,1.4713,0.3668
1.8424,0.0004,1.1282,1.8233,0.3782
1.3077,0.0005,1.1744,1.0869,0.3782
1.8712,0.0006,1.0692,1.5889,0.3556
1.3741,0.0006,1.4481,1.5993,0.3411
1.6941,0.0004,1.1762,1.9849,0.3494
1.3147,0.0005,0.9377,1.1326,0.3494
1.9232,0.0005,1.0713,2.0793,0.3399
1.4286,0.0004,0.9596,1.2740,0.3421
1.0796,0.0003,1.2015,1.1533,0.3421
1.3501,0.0005,1.0244,1.4062,0.3481
1.8080,0.0005,1.0282,1.2744,0.3715
1.9154,0.0006,1.7744,1.4264,0.3759
1.5205,0.0005,1.7390,1.2138,0.3604
1.1194,0.0002,1.4328,0.8461,0.3760
0.9373,0.0003,0.9272,0.8419,0.3760
1.4941,0.0005,1.0810,0.8357,0.3504
1.8926,0.0006,1.8194,0.9480,0.3633
1.1384,0.0004,1.6153,0.9480,0.3633
0.9285,0.0005,0.9581,0.8683,0.3687
0.9351,0.0007,0.9171,0.8041,0.3542
0.9128,0.0005,0.9258,1.1724,0.3542
1.3035,0.0005,0.9178,1.1291,0.3590
1.8272,0.0006,1.4117,1.2248,0.3582
1.6574,0.0004,1.5508,2.1365,0.3737
1.1426,0.0004,1.4305,1.1012,0.3471
1.1396,0.0004,1.0609,1.3346,0.3471
1.7211,0.0004,0.9725,1.5260,0.3452
1.3251,0.0003,1.3318,0.9959,0.3535
0.9577,0.0003,1.1770,0.8919,0.3529
1.5368,0.0004,0.9118,1.7834,0.3452
1.2695,0.0004,0.9779,1.1859,0.3605
1.1674,0.0005,1.1373,1.0247,0.3605
1.8973,0.0004,1.0409,2.0863,0.3583
1.5332,0.0004,1.0307,1.5563,0.3718
1.8744,0.0007,1.1340,0.8165,0.3445
1.2062,0.0005,1.8921,1.4941,0.3580
0.9427,0.0004,1.0372,0.8225,0.3658
1.0729,0.0003,0.9254,1.1923,0.3658
1.3675,0.0003,0.9146,1.3299,0.3477
1.4537,0.0004,1.3855,1.3380,0.3481
1.3754,0.0005,1.3038,1.4363,0.3638
1.5916,0.0005,1.3125,1.0654,0.3586
1.4366,0.0006,1.6203,1.0161,0.3665
1.6051,0.0006,1.4903,0.8387,0.3621
0.9721,0.0005,1.3556,0.8387,0.3621
0.8925,0.0004,0.9392,0.9665,0.3710
1.3000,0.0003,0.8680,0.8774,0.3529
1.2301,0.0004,1.2133,1.5513,0.3529
1.7031,0.0004,1.3537,1.6195,0.3769
1.1751,0.0003,1.5453,1.4706,0.3769
1.9024,0.0011,0.9895,1.8119,0.3742
1.6880,0.0006,1.4229,1.1842,0.3654
1.1625,0.0005,1.5738,1.6056,0.3654
1.2313,0.0004,1.0446,1.3449,0.3406
1.5165,0.0005,0.9898,1.3308,0.3568
1.4371,0.0009,1.0112,1.6624,0.3607
1.4188,0.0006,1.0615,1.1587,0.3379
1.2093,0.0006,1.2486,1.4445,0.3541
1.5751,0.0004,1.0057,1.0205,0.3617
1.6177,0.0006,1.6352,2.0304,0.3617
1.7570,0.0004,1.2406,1.7922,0.3621
1.4301,0.0006,1.2649,1.1934,0.3621
1.4203,0.0004,1.2802,1.6823,0.3347
1.0928,0.0004,1.1919,1.1371,0.3347
1.7906,0.0002,1.0497,1.6887,0.3513
1.6836,0.0003,0.9816,1.7907,0.3437
1.2527,0.0003,0.8836,1.1438,0.3437
1.3187,0.0004,0.9100,1.3453,0.3523
1.6436,0.0004,0.9175,1.4184,0.3634
0.9617,0.0003,1.3568,0.9763,0.3634
1.4433,0.0006,0.9312,1.3791,0.3856
1.4676,0.0005,1.0976,1.5988,0.3856
1.7423,0.0005,1.2045,1.8272,0.3380
1.2480,0.0004,1.1582,1.1240,0.3380
2.0991,0.0006,0.9608,1.9364,0.3425
1.0674,0.0004,1.2784,1.3401,0.3425
1.5492,0.0003,0.9424,1.5799,0.3514
1.3848,0.0004,0.9575,1.3846,0.3470
1.2966,0.0003,1.1630,0.9610,0.3624
1.5286,0.0007,1.3612,1.5230,0.3504
1.3503,0.0006,1.4642,1.4497,0.3550
1.7149,0.0006,1.2124,1.2211,0.5200
1.5459,0.0006,1.9405,1.4432,0.4000
1.3278,0.0006,1.3959,1.4141,0.4000
1.5955,0.0005,1.2332,1.8323,0.3419
1.7877,0.0005,0.9688,1.7944,0.3494
1.9236,0.0006,0.9995,1.7735,0.3494
1.9548,0.0007,1.0725,2.0924,0.3541
1.5391,0.0004,1.2659,1.3478,0.3541
1.5026,0.0003,1.2622,1.6956,0.3469
1.4447,0.0006,1.0530,1.4742,0.3396
1.9618,0.0006,1.2278,1.9557,0.3476
1.7740,0.0006,1.2909,1.7586,0.3691
1.2309,0.0008,1.4209,1.3138,0.3569
1.9224,0.0007,1.0597,1.9151,0.3534
1.8752,0.0005,0.9833,1.8579,0.3336
1.0920,0.0005,1.0220,1.1263,0.3612
1.7906,0.0004,0.9991,1.7705,0.3343
1.0402,0.0005,0.9779,1.0313,0.3343
1.4955,0.0005,1.0445,1.5011,0.3473
1.5578,0.0004,1.1302,1.5421,0.3402
1.7892,0.0006,1.2207,1.7226,0.3557
1.3606,0.0014,1.0843,0.9233,0.3557
1.8838,0.0006,1.3781,1.9356,0.3756
1.4440,0.0004,1.3244,1.7971,0.3756
1.9033,0.0004,1.1343,1.9047,0.3547
1.3943,0.0005,1.1744,1.4282,0.3470
1.6342,0.0005,1.0499,1.3775,0.3637
1.7639,0.0005,1.2928,1.9891,0.3438
1.5047,0.0005,1.0078,1.4084,0.3438
2.2927,0.0005,1.0826,2.2217,0.3448
1.1944,0.0004,1.5913,1.1437,0.3448
2.0952,0.0008,1.0846,2.0435,0.3561
1.7592,0.0007,1.7061,1.7729,0.3629
1.8383,0.0005,1.3202,1.6737,0.3501
1.3973,0.0004,1.4033,1.6876,0.3501
1.2408,0.0004,1.3695,1.1858,0.3536
2.0726,0.0003,0.9571,2.1962,0.3437
1.4059,0.0005,0.9903,1.1635,0.3514
1.3060,0.0005,1.3543,1.3535,0.3474
1.4371,0.0006,1.3230,1.2319,0.3551
1.2490,0.0003,1.4278,1.2923,0.3446
1.3752,0.0005,1.0068,1.5681,0.3446
2.3722,0.0005,0.9777,2.3761,0.3633
1.3319,0.0004,1.0789,1.3749,0.3521
1.2279,0.0006,1.0886,1.2257,0.3618
1.3852,0.0005,0.9973,1.4033,0.3618
1.7424,0.0005,0.9388,1.3400,0.3547
1.5713,0.0005,1.2785,1.9607,0.3547
1.3119,0.0005,1.1500,1.0964,0.3508
1.4814,0.0004,1.3092,1.3812,0.3351
1.7631,0.0004,1.2178,1.9619,0.3543
1.5878,0.0004,1.3319,1.5203,0.3417
1.4508,0.0009,1.1794,0.8501,0.3469
1.4241,0.0008,1.6665,1.7679,0.3557
1.3855,0.0004,1.1603,1.3227,0.3427
1.6572,0.0006,1.1727,2.0124,0.3427
1.4529,0.0005,0.9076,1.4543,0.3399
1.2494,0.0004,0.9277,0.9025,0.3502
1.4097,0.0005,1.4388,1.3556,0.3449
1.4004,0.0006,1.2507,1.5057,0.3592
1.5525,0.0004,1.1521,1.8013,0.3540
1.6872,0.0004,0.9776,1.6888,0.3540
1.5668,0.0004,1.0102,1.5491,0.3403
1.3084,0.0004,0.9896,1.3018,0.3403
1.5207,0.0007,1.4145,1.3456,0.3518
1.3832,0.0004,1.0692,1.5277,0.3665
1.4012,0.0004,0.9807,1.3413,0.3665
1.7972,0.0006,0.9504,1.4962,0.3488
1.3869,0.0005,1.4308,1.3737,0.3488
1.3474,0.0004,1.2835,1.5221,0.3409
1.4082,0.0005,1.4239,1.2926,0.3435
1.0951,0.0004,1.2839,1.2473,0.3435
1.6359,0.0005,1.0190,1.4058,0.3506
1.7333,0.0004,1.4172,1.8953,0.3351
1.8465,0.0006,1.1257,2.0045,0.3477
2.3881,0.0005,1.1629,1.7691,0.3885
1.2658,0.0005,1.8072,1.0674,0.3592
1.1044,0.0003,1.1032,1.4764,0.3592
1.4795,0.0003,0.9572,1.4914,0.3438
1.3840,0.0004,0.8954,1.3849,0.3503
1.6595,0.0005,0.9568,1.0894,0.3467
1.0826,0.0005,1.2086,1.4542,0.3467
1.3639,0.0005,1.0464,1.3890,0.3474
1.8298,0.0005,1.0226,1.7189,0.3543
1.8034,0.0006,1.1751,2.0264,0.3477
1.0485,0.0006,1.0315,0.8659,0.3477
1.9983,0.0006,1.0101,2.1120,0.3390
1.5298,0.0006,1.1321,1.5836,0.3949
1.2149,0.0007,1.0785,1.2375,0.3949
1.5640,0.0005,0.9924,1.5556,0.3495
1.5763,0.0004,0.9489,1.3586,0.3483
1.6256,0.0004,0.9425,1.6727,0.3452
1.5053,0.0005,1.1920,1.6622,0.3415
1.7137,0.0006,1.2436,1.2166,0.3651
1.4515,0.0006,1.3086,1.7365,0.3347
1.7643,0.0003,0.9987,1.6107,0.3582
1.5103,0.0006,1.2160,1.4311,0.3582
1.8536,0.0006,1.0670,2.2273,0.3781
1.2507,0.0004,1.1215,1.1158,0.3781
1.6393,0.0003,1.0237,1.6921,0.3447
1.5957,0.0004,1.1254,1.6732,0.3447
1.4225,0.0005,1.0350,1.0927,0.3415
1.6351,0.0005,1.2893,1.9665,0.3488
1.4161,0.0006,1.0176,1.2524,0.3488
1.6449,0.0007,1.0437,1.4487,0.3599
1.5015,0.0004,1.2844,1.8640,0.3489
1.6194,0.0003,1.1149,1.2228,0.3331
1.1845,0.0005,1.3620,1.5278,0.3331
1.5657,0.0004,1.0491,1.3868,0.3672
1.6476,0.0004,1.0617,1.7065,0.3864
1.7640,0.0005,1.0656,1.5616,0.3563
1.9476,0.0005,1.3266,2.2283,0.3453
1.0578,0.0006,1.2471,1.0931,0.3478
1.2258,0.0003,0.9753,1.0399,0.3478
1.8406,0.0005,1.0385,2.0269,0.3494
1.4004,0.0005,1.0887,1.2019,0.3475
1.4622,0.0006,1.3638,1.1621,0.3492
1.5976,0.0006,1.5521,0.8270,0.3415
1.8900,0.0005,1.6271,0.8270,0.5239
1.2734,0.0004,1.7884,1.3891,0.5239
1.1616,0.0004,1.0388,1.4927,0.3562
1.2764,0.0004,1.1084,0.9863,0.3442
1.1387,0.0005,1.2691,1.2639,0.3442
1.8750,0.0007,0.9889,1.9819,0.3541
1.2531,0.0004,1.0782,1.2784,0.3546
1.3966,0.0004,1.0498,1.4055,0.3312
0.9481,0.0005,0.9714,0.7415,0.3516
1.3525,0.0004,0.9439,1.4262,0.3516
1.5283,0.0005,0.9628,1.5758,0.3403
1.5384,0.0007,0.9795,1.4482,0.3403
1.4376,0.0008,1.1935,1.4569,0.3328
1.5047,0.0005,1.1212,1.4691,0.3799
1.5501,0.0005,1.0157,1.7328,0.3446
1.6052,0.0004,1.0501,1.2142,0.3446
1.7563,0.0005,1.1026,2.0871,0.3548
1.2813,0.0004,1.0640,1.0942,0.3548
1.9498,0.0006,1.0037,2.0280,0.3413
1.4118,0.0004,1.3017,1.5383,0.3504
1.5920,0.0002,1.0203,1.4681,0.3331
1.2918,0.0003,1.2905,1.1044,0.3609
1.3001,0.0006,1.2697,1.4209,0.3609
1.8758,0.0010,1.0602,1.5804,0.3869
1.8348,0.0007,1.6822,2.1750,0.3795
1.7293,0.0005,1.4946,1.8082,0.3557
1.2662,0.0004,1.2112,1.1381,0.3557
2.0074,0.0005,1.1906,1.9814,0.3629
1.1173,0.0005,1.2422,0.8163,0.3516
1.4288,0.0004,1.1321,1.5906,0.3562
1.3974,0.0005,1.3076,1.4288,0.3562
1.5977,0.0004,1.1066,1.6507,0.3484
1.2415,0.0005,1.0153,1.2588,0.3521
1.2778,0.0003,0.9561,1.2672,0.3521
1.6336,0.0006,0.9953,1.3122,0.5318
1.3381,0.0005,1.4092,1.1537,0.3705
1.1382,0.0004,1.3451,1.6020,0.3705
1.6938,0.0004,1.0032,1.7005,0.3424
1.4486,0.0003,0.9937,1.4538,0.3651
1.5812,0.0005,0.9803,1.5655,0.3666
1.0981,0.0004,1.0222,1.1257,0.3666
1.3374,0.0004,0.9519,1.1636,0.3520
1.4490,0.0004,0.9360,1.4220,0.3520
1.4980,0.0006,1.0946,1.6695,0.3519
1.3138,0.0004,1.0590,1.2261,0.3582
1.4534,0.0006,0.9906,1.3543,0.3375
1.6602,0.0005,1.1924,1.5460,0.3482
1.9700,0.0008,1.4014,2.1887,0.3607
1.0652,0.0005,1.3713,1.0161,0.3607
1.4613,0.0006,1.0138,1.2126,0.3485
1.4419,0.0003,1.3350,1.5429,0.3518
1.1715,0.0003,1.3716,1.2812,0.3518
1.5873,0.0004,0.8977,1.4928,0.3582
1.7142,0.0004,1.0613,1.7377,0.3582
1.7918,0.0003,1.0156,1.9633,0.3484
1.1762,0.0004,0.9763,1.1126,0.3503
1.4629,0.0003,0.9366,1.3140,0.3506
1.7594,0.0007,0.9074,1.8798,0.5315
1.4724,0.0006,1.1344,1.4042,0.5315
1.4319,0.0003,1.4308,1.2481,0.3431
1.8331,0.0004,1.1655,1.8674,0.3448
1.3586,0.0005,1.1653,1.5871,0.3448
1.3993,0.0003,1.0236,1.2650,0.3472
1.6732,0.0005,0.9413,1.5664,0.3538
1.4974,0.0005,1.1631,1.4878,0.3399
1.4222,0.0004,1.3149,1.6039,0.3399
1.5378,0.0011,1.2744,1.4425,0.3513
1.5987,0.0004,1.1833,1.2944,0.3539
2.6729,0.0007,2.0791,0.9472,0.4005
1.7651,0.0006,2.4239,0.9472,0.3515
0.9427,0.0004,1.4209,1.6297,0.3515
1.6373,0.0003,0.8908,1.6160,0.3553
1.6208,0.0004,0.8774,1.6299,0.3480
1.3546,0.0003,0.9342,1.0618,0.3480
1.5925,0.0004,1.1324,1.8848,0.3464
1.5872,0.0004,1.0264,1.3027,0.3348
1.7198,0.0004,1.3783,1.5267,0.3358
1.7570,0.0005,1.2793,2.1434,0.3560
1.2816,0.0005,1.2197,1.2781,0.3560
1.8657,0.0005,1.6756,1.7464,0.3640
1.4960,0.0004,1.3486,1.6237,0.3640
1.6501,0.0004,0.9666,1.2476,0.3565
1.7551,0.0005,1.1771,2.0871,0.3380
1.4253,0.0004,1.1314,1.4784,0.3470
1.3087,0.0007,0.9804,1.2615,0.3493
1.5430,0.0004,1.1166,1.6230,0.3493
1.6337,0.0002,0.9315,1.6456,0.3490
1.5248,0.0004,0.9144,1.3557,0.3601
1.6035,0.0008,0.9763,1.6846,0.3601
1.3278,0.0007,1.1639,1.3322,0.3540
2.2481,0.0007,1.1763,2.1857,0.3450
1.6611,0.0006,1.4030,1.1720,0.3422
1.1277,0.0005,1.5740,1.5396,0.3389
0.9615,0.0004,0.9523,1.0370,0.3389
1.4840,0.0005,0.9884,1.5700,0.3484
1.5533,0.0005,1.1134,1.2100,0.3442
1.3598,0.0004,1.3167,1.5014,0.3442
1.5278,0.0006,0.9620,1.6631,0.3407
1.8782,0.0005,0.9944,1.8633,0.3558
1.1828,0.0005,0.9869,1.2023,0.3558
2.3734,0.0006,0.9721,2.1101,0.3808
1.5257,0.0006,1.5057,1.6268,0.3452
1.4362,0.0004,1.3300,0.8649,0.3515
1.0757,0.0004,1.3982,1.1239,0.3582
1.6749,0.0004,1.0036,1.8505,0.3582
1.4762,0.0004,1.0883,1.3800,0.3383
1.3651,0.0004,1.1528,1.5147,0.3383
1.8055,0.0006,0.9516,1.4498,0.3473
1.3432,0.0007,1.0797,1.5355,0.3473
2.1890,0.0010,1.2541,2.2560,0.3481
1.5118,0.0008,1.2752,1.4716,0.3481
1.6721,0.0008,1.3288,1.6551,0.4075
1.4896,0.0009,1.2827,1.5508,0.3634
1.8700,0.0005,1.2069,1.8150,0.3365
1.6315,0.0005,1.2912,1.6654,0.3601
1.5748,0.0005,1.1366,1.5737,0.3355
1.2490,0.0004,1.0765,1.2113,0.3418
1.7184,0.0007,1.0775,1.5960,0.3418
1.8084,0.0005,1.1108,1.9504,0.3412
1.7039,0.0007,1.0467,1.4632,0.3345
2.0495,0.0008,1.1017,1.8540,0.3569
1.6475,0.0007,1.6541,1.5252,0.3569
2.0415,0.0004,1.5118,2.5704,0.3382
1.5606,0.0005,1.0715,1.5494,0.3423
1.5801,0.0005,1.1298,1.5566,0.3467
1.2704,0.0010,1.3378,1.2949,0.3529
2.0004,0.0007,1.0753,1.9310,0.3410
1.8969,0.0006,1.1557,1.7745,0.3404
1.6883,0.0007,1.3095,1.8287,0.3491
1.5879,0.0007,1.1081,1.4144,0.3311
2.1526,0.0006,1.6247,1.5117,0.3741
1.7187,0.0005,2.0673,1.6708,0.3757
1.3299,0.0006,1.6664,1.1947,0.3406
1.1745,0.0003,1.1994,1.5745,0.3406
1.6479,0.0008,1.0833,1.5955,0.3415
1.6780,0.0008,1.1596,1.6453,0.3524
1.8164,0.0007,1.3545,1.7910,0.3424
2.1428,0.0007,1.3021,2.1417,0.3543
1.5993,0.0009,1.2847,1.3714,0.3469
1.2720,0.0006,1.5650,1.5213,0.3407
1.9559,0.0008,1.2171,1.9112,0.3407
1.3174,0.0007,1.5730,1.1346,0.3617
2.2083,0.0009,1.1883,2.2447,0.3396
1.8610,0.0010,1.5204,1.7017,0.3581
1.4879,0.0008,1.7826,1.5784,0.3470
1.5018,0.0009,1.3628,1.7263,0.3470
2.2285,0.0010,1.1971,2.2057,0.3410
1.6053,0.0006,1.1287,1.6268,0.3477
1.8213,0.0004,1.1133,1.8310,0.3483
1.8378,0.0008,1.1643,1.4131,0.3534
1.3804,0.0007,1.8452,1.2280,0.3752
1.6199,0.0006,1.3092,2.0371,0.3469
1.3592,0.0006,1.1504,1.2672,0.3469
1.7141,0.0007,1.2338,1.4462,0.3483
2.3105,0.0007,1.2480,2.3879,0.3603
1.9145,0.0006,1.3761,2.1631,0.3405
1.7160,0.0005,1.3018,1.6252,0.3523
1.5251,0.0005,1.3165,1.6257,0.3523
1.5783,0.0005,1.1051,1.4756,0.3613
1.6190,0.0006,1.1264,1.5449,0.3613
1.9192,0.0008,1.5277,1.5013,0.3893
1.2112,0.0008,1.5510,1.6892,0.3893
1.8582,0.0006,1.0515,1.9270,0.3444
1.4039,0.0006,1.0723,1.3733,0.3406
1.3545,0.0008,1.2803,1.3277,0.3350
2.1355,0.0008,1.3118,2.0977,0.3435
1.9789,0.0006,1.3981,1.8761,0.3477
1.5308,0.0005,1.4235,1.6909,0.3479
1.6611,0.0006,1.1559,1.6681,0.3479
1.8782,0.0008,1.0676,1.7673,0.3536
1.3738,0.0007,1.3402,1.4368,0.3910
1.5458,0.0008,1.2439,1.5541,0.3910
2.1419,0.0008,1.1876,2.0745,0.3575
1.7956,0.0006,1.3175,1.7692,0.3381
1.8422,0.0005,1.3303,1.9086,0.3414
1.5042,0.0006,1.2300,1.5283,0.3522
1.2737,0.0004,1.2389,1.2874,0.3522
1.5538,0.0006,1.1117,1.3885,0.3347
1.7047,0.0007,1.3030,1.4902,0.3584
1.8242,0.0008,1.2604,1.9552,0.3304
1.9065,0.0007,1.3144,1.9483,0.5205
1.9721,0.0009,1.6546,2.0277,0.3556
1.8892,0.0008,1.2362,1.9308,0.3430
1.9942,0.0006,1.2098,1.8888,0.3554
1.6117,0.0005,1.3860,1.5750,0.3384
1.6637,0.0004,1.3775,1.8373,0.3384
1.7414,0.0005,1.1048,1.7220,0.3531
1.3808,0.0005,1.0354,1.1982,0.3531
2.0355,0.0005,1.1716,1.9945,0.3550
1.8217,0.0005,1.4542,1.5644,0.3420
1.3107,0.0008,1.6909,1.6325,0.3526
1.2964,0.0006,1.2323,1.3131,0.3526
1.8845,0.0006,1.2073,1.4506,0.3401
1.6336,0.0005,1.2249,2.1690,0.3401
1.5850,0.0004,1.0508,1.5733,0.3381
1.3976,0.0006,1.0426,1.3904,0.3381
1.7331,0.0004,0.9809,1.6649,0.3414
1.7440,0.0004,1.2339,1.2138,0.3388
1.8283,0.0006,1.2184,2.3815,0.3386
1.5477,0.0004,1.1711,1.3824,0.3386
1.5201,0.0005,1.7847,1.5868,0.9563
1.8204,0.0006,1.0979,1.8831,0.3401
1.6510,0.0007,1.0728,1.6967,0.3484
1.4841,0.0005,1.2636,1.3480,0.3484
2.0315,0.0007,1.3046,2.1534,0.3481
1.4448,0.0005,1.0566,1.4365,0.3481
1.6058,0.0005,1.0660,1.3163,0.3380
1.8562,0.0005,1.0830,1.9500,0.3387
2.0969,0.0012,1.3687,1.7531,0.3361
1.4686,0.0008,1.5952,1.9379,0.3361
2.0093,0.0007,1.3518,2.0197,0.3515
1.8096,0.0004,1.2425,1.6643,0.3475
1.2721,0.0007,1.3832,1.4539,0.3475
1.7986,0.0006,1.0787,1.6893,0.3379
1.4365,0.0005,1.2203,1.5187,0.3439
1.6978,0.0004,1.1451,1.6869,0.3458
1.5696,0.0165,1.0865,1.5087,0.3614
1.6179,0.0004,1.2648,1.6760,0.3329
1.4917,0.0007,1.0145,1.2070,0.3327
1.8190,0.0005,1.1880,2.0319,0.3577
1.8976,0.0412,1.1691,1.5639,0.3436
1.7063,0.0006,1.5587,1.4977,0.3512
1.3383,0.0004,1.5096,1.4268,0.3381
1.3575,0.0004,1.2944,1.7062,0.3381
1.5352,0.0006,1.1549,1.4025,0.3394
1.4694,0.0005,1.5008,1.5838,0.3488
1.3454,0.0005,1.2485,1.3822,0.3488
1.8189,0.0005,1.2020,1.8704,0.3574
1.5238,0.0005,1.1179,1.5158,0.3447
1.9570,0.0009,1.2870,1.4096,0.3658
1.8366,0.0006,2.3383,1.1938,0.3617
1.2562,0.0005,1.3066,1.1676,0.3573
1.0658,0.0005,1.2070,1.2981,0.3483
1.4315,0.0005,1.0352,1.3359,0.3480
1.4689,0.0003,1.6111,1.7564,0.3325
1.2735,0.0005,1.0833,1.1275,0.3425
1.6574,0.0004,1.0139,1.8249,0.3500
1.1916,0.0004,0.9467,1.1842,0.3500
1.7105,0.0003,0.9687,1.3441,0.3406
1.5333,0.0005,1.1513,1.8868,0.3387
2.0714,0.0009,1.1034,1.2904,0.3881
1.8343,0.0006,1.7568,0.9747,0.3747
1.1007,0.0006,1.7273,0.9747,0.3478
1.3614,0.0005,1.0927,1.1009,0.3592
1.3964,0.0004,1.4895,1.6105,0.3596
1.3551,0.0004,1.2580,1.4840,0.3596
1.9300,0.0007,1.1529,1.6123,0.3646
1.6688,0.0005,1.3106,1.8518,0.3524
1.2449,0.0007,1.5323,1.2332,0.3427
1.5405,0.0005,1.2119,1.5908,0.3503
1.7248,0.0005,1.2518,1.9228,0.3503
1.8792,0.0006,1.1482,1.4682,0.3410
2.1171,0.0007,2.3825,1.4402,0.3794
1.2475,0.0004,1.6298,1.4815,0.3472
1.2553,0.0004,1.1189,1.4720,0.3601
1.7222,0.0008,1.1930,1.7657,0.3507
1.8284,0.0004,1.1349,1.6765,0.3515
1.5419,0.0005,1.2175,1.7522,0.3508
1.7213,0.0005,1.0113,1.7071,0.3508
1.5452,0.0004,1.2101,1.3746,0.3423
1.8970,0.0004,1.4268,2.0233,0.3563
1.3605,0.0005,1.2073,1.3465,0.3483
2.0563,0.0005,1.1866,1.8828,0.3554
1.6020,0.0007,1.3758,1.3174,0.3455
1.5543,0.0005,1.4515,1.8482,0.3348
1.5948,0.0005,1.2660,1.7496,0.3348
1.6119,0.0005,1.1167,1.1279,0.3502
1.4342,0.0004,1.3015,1.9356,0.3502
1.4357,0.0004,1.2483,1.4206,0.3516
1.5164,0.0004,1.2199,1.2938,0.3368
2.0939,0.0006,1.1342,2.0854,0.3419
2.0168,0.0006,2.0780,1.0906,0.3580
1.8464,0.0005,1.6471,1.0215,0.3558
1.1121,0.0007,1.6854,1.3713,0.3558
0.9464,0.0004,1.0344,1.2740,0.3558
1.5633,0.0005,0.9099,1.1456,0.3454
1.4805,0.0004,1.3765,1.6971,0.3409
1.6858,0.0004,1.2579,1.7151,0.3415
1.4594,0.0006,1.2958,1.4320,0.3497
1.5481,0.0006,1.5230,1.6513,0.3424
1.8311,0.0005,1.1325,1.8191,0.3453
1.7632,0.0005,1.1085,1.2904,0.3453
2.6590,0.0007,1.1641,2.8043,0.3631
1.2990,0.0007,1.7653,1.1234,0.3922
1.4260,0.0005,1.3231,1.5836,0.3486
1.4846,0.0005,1.4647,1.6512,0.3590
1.4987,0.0007,1.2372,1.5466,0.3590
1.8879,0.0009,1.0237,1.6625,0.3475
1.2755,0.0006,1.6159,1.3992,0.3335
1.6727,0.0005,1.1075,1.7613,0.3444
1.8936,0.0007,1.0230,1.7828,0.3504
1.1531,0.0005,1.2446,1.1366,0.3504
1.9706,0.0005,1.1142,2.0064,0.3578
1.3271,0.0005,1.2539,1.3025,0.3408
2.1730,0.0006,1.2561,2.0939,0.3520
1.5376,0.0004,1.4475,1.6873,0.3488
1.8301,0.0006,1.1453,1.7132,0.3457
1.2899,0.0007,1.3010,1.3377,0.3457
1.6838,0.0005,1.1518,1.6486,0.3558
1.5081,0.0006,1.3109,1.6226,0.3513
1.4040,0.0004,1.0682,1.1639,0.3513
1.7013,0.0006,0.9990,1.8959,0.3338
1.7934,0.0006,1.0885,1.7316,0.3433
1.6808,0.0008,1.2150,1.6948,0.3688
1.5589,0.0006,1.2784,1.3469,0.3354
1.7220,0.0007,1.5229,1.8100,0.3354
2.0109,0.0181,1.4843,1.5849,0.3544
1.5664,0.0005,1.3624,2.0161,0.3544
2.0005,0.0006,1.2238,2.0151,0.3493
1.1597,0.0005,1.2777,1.2654,0.3326
1.9490,0.0006,1.1095,1.3253,0.3326
2.1378,0.0010,1.1270,2.6671,0.3390
1.9469,0.0010,1.5273,1.0884,0.3746
1.2964,0.0006,1.7781,1.6346,0.3777
1.1878,0.0006,1.1851,1.4749,0.3777
1.9434,0.0006,1.1789,1.8943,0.3348
1.9952,0.0005,1.2400,1.9027,0.3426
1.4359,0.0006,1.5078,1.1282,0.3356
1.5552,0.0005,1.3246,1.9256,0.3356
1.8764,0.0006,1.1882,1.9003,0.3372
1.6356,0.0009,1.1990,1.6456,0.3541
1.5029,0.0006,1.2161,1.1431,0.3541
1.9878,0.0008,1.6943,1.5169,0.3881
1.7003,0.0007,1.7988,2.4592,0.3574
1.5519,0.0006,1.2305,1.6086,0.3394
1.7927,0.0008,1.2217,1.4146,0.3642
1.6515,0.0006,1.3701,1.9224,0.3588
1.7823,0.0006,1.2104,1.8539,0.3588
1.4157,0.0005,1.1191,1.2247,0.3523
1.8951,0.0008,1.0585,1.9888,0.3408
1.3852,0.0006,1.1903,1.4767,0.3408
1.7727,0.0008,1.1119,1.4903,0.3378
1.5059,0.0008,1.4346,1.4732,0.3583
2.1226,0.0007,1.2092,1.9956,0.3650
1.4293,0.0004,1.3958,1.5533,0.3708
1.8995,0.0004,1.1410,2.1484,0.3557
1.7707,0.0005,1.0551,1.7837,0.3493
2.0687,0.0007,1.0828,1.8864,0.3604
1.4558,0.0005,1.3614,0.8746,0.3367
1.1590,0.0006,1.4344,1.4007,0.3359
1.8477,0.0004,1.0482,2.1099,0.3568
1.5206,0.0009,1.1341,0.8374,0.3504
2.3786,0.0008,1.8230,1.9436,0.3774
1.3326,0.0006,2.1276,1.6346,0.3774
1.3347,0.0007,1.2803,1.2309,0.3606
1.0749,0.0006,1.2541,1.4002,0.3606
1.5479,0.0007,1.0148,1.3781,0.3397
1.5660,0.0008,1.0227,1.7379,0.3443
2.1545,0.0007,1.1080,2.2389,0.3507
1.3245,0.0005,1.3087,1.3533,0.3334
1.6797,0.0007,1.0925,1.4556,0.3453
1.1823,0.0005,1.4609,1.3138,0.3453
1.7078,0.0007,1.0601,1.6302,0.3478
1.8958,0.0008,1.2310,1.8971,0.3892
1.7633,0.0006,1.3968,1.5643,0.3892
1.7855,0.0006,1.5733,2.0449,0.3546
2.1605,0.0010,1.2930,2.0559,0.3429
1.3743,0.0007,1.5862,1.0788,0.3441
1.2810,0.0006,1.2058,1.3895,0.3441
1.6391,0.0004,1.1545,1.9078,0.3515
1.6559,0.0007,1.1266,1.5230,0.3362
1.3146,0.0006,1.3584,1.4769,0.3362
2.1580,0.0007,1.0131,1.7518,0.3786
1.3976,0.0008,1.5958,1.3676,0.3453
1.1475,0.0004,1.1818,1.5212,0.3528
1.4258,0.0005,1.0784,1.2395,0.3528
2.0789,0.0006,1.0720,2.2150,0.3369
1.3377,0.0005,1.1476,1.3615,0.3369
1.5479,0.0003,1.1334,1.4246,0.3405
1.7018,0.0006,1.0970,1.8224,0.3382
1.7731,0.0005,1.1563,1.2589,0.3528
1.6778,0.0007,1.2563,2.1763,0.3483
1.3623,0.0007,1.0852,1.3658,0.3483
2.2495,0.0008,1.0981,2.0682,0.3490
1.6796,0.0009,1.4533,1.4999,0.3457
1.5151,0.0004,1.6498,1.6849,0.3316
1.9289,0.0007,1.3291,1.9377,0.3496
1.2191,0.0006,1.2493,1.1680,0.3640
1.3726,0.0008,1.1799,1.4947,0.3545
1.7578,0.0005,1.1018,1.7289,0.3648
1.4184,0.0006,1.1394,1.3779,0.3560
1.8670,0.0007,1.2965,1.7691,0.3415
1.8397,0.0010,1.3571,1.6967,0.3415
1.6031,0.0007,2.0945,1.5884,0.3769
1.6006,0.0008,1.3248,1.8255,0.3882
1.5071,0.0005,1.5398,1.1702,0.3537
1.5397,0.0005,1.0844,1.8927,0.3380
1.9115,0.0005,1.0186,1.9797,0.3363
1.7086,0.0005,1.1354,1.7144,0.3523
1.4113,0.0004,1.2363,1.4115,0.3731
1.0437,0.0003,1.2131,1.0098,0.3731
1.5423,0.0005,1.0204,1.5652,0.3425
1.5262,0.0005,1.0595,1.3278,0.3481
2.3037,0.0008,1.1478,2.3047,0.3642
1.6511,0.0007,1.6557,1.3521,0.3705
1.0950,0.0008,1.2772,1.3347,0.3705
1.4746,0.0005,1.0320,1.6602,0.3385
1.8912,0.0003,1.0109,1.8653,0.3385
1.9492,0.0004,1.0889,1.8403,0.3335
1.7950,0.0005,1.2507,1.8551,0.3309
1.6567,0.0004,1.1171,1.6949,0.3365
1.2192,0.0005,1.1000,1.2337,0.3365
1.5198,0.0008,1.1563,1.4925,0.3459
1.3020,0.0010,1.0081,1.0401,0.3459
1.5439,0.0012,1.1971,1.7097,0.3462
2.0628,0.0009,1.1900,2.0763,0.3671
2.0712,0.0006,1.1336,1.9668,0.3539
1.4731,0.0005,1.3596,1.3868,0.3539
1.8211,0.0008,1.1892,1.6470,0.3393
1.6894,0.0007,1.5970,1.5302,0.3399
2.1766,0.0008,1.8819,0.9145,0.3364
1.3258,0.0005,1.8918,0.9145,0.3642
1.0553,0.0006,1.0684,1.4141,0.3439
1.7898,0.0008,0.9319,1.3800,0.3546
1.7298,0.0005,1.3891,2.0384,0.3546
1.9974,0.0005,1.3222,1.6256,0.3562
1.7007,0.0005,1.2847,1.9410,0.3594
1.8036,0.0005,1.5026,1.9357,0.3411
1.4832,0.0007,1.4525,1.2990,0.3327
1.3039,0.0008,1.4355,1.0866,0.3327
2.1417,0.0006,1.1758,2.3266,0.3391
2.0094,0.0008,1.3176,2.1073,0.3517
1.3789,0.0006,1.1440,0.9924,0.3547
2.1937,0.0008,1.5924,1.4378,0.3498
1.4457,0.0005,2.2377,1.4378,0.3558
1.2435,0.0005,1.1776,1.4916,0.3473
1.2832,0.0003,1.3246,1.3983,0.3473
2.0279,0.0004,1.0977,2.0297,0.3345
1.5091,0.0003,1.1422,1.1095,0.3345
1.7147,0.0008,1.0552,1.8406,0.3401
1.7597,0.0004,1.3179,1.8889,0.3418
2.0509,0.0005,1.0322,2.0503,0.3298
1.4364,0.0004,1.1420,1.2871,0.3298
1.9806,0.0007,0.9713,2.1826,0.3721
1.9443,0.0006,1.1488,1.9499,0.3761
1.9315,0.0005,1.1161,1.9375,0.3395
1.6354,0.0005,1.0674,1.6116,0.3528
1.4479,0.0005,1.0843,1.3763,0.3528
2.1616,0.0005,1.1503,2.2230,0.3510
1.6126,0.0005,1.2836,1.6071,0.3507
1.3944,0.0004,1.0468,1.3826,0.3519
1.1881,0.0006,1.0348,1.1841,0.3519
1.7888,0.0007,1.0042,1.2579,0.3460
1.7528,0.0006,1.3501,2.1898,0.3502
1.6865,0.0005,1.1873,1.7482,0.3669
1.4319,0.0005,1.0781,1.4152,0.3669
1.5214,0.0007,1.0509,1.1077,0.3541
1.7991,0.0006,1.0873,2.1826,0.3456
1.7830,0.0005,1.4349,1.5880,0.3379
1.2625,0.0004,1.3731,1.4917,0.3379
1.2537,0.0003,1.0893,1.2553,0.3488
1.7395,0.0004,1.0007,1.6994,0.3364
1.2905,0.0004,1.2107,1.2971,0.3342
1.5793,0.0006,0.9502,1.2236,0.3641
2.0954,0.0006,1.3287,1.7781,0.3484
1.7570,0.0005,2.0994,1.7485,0.3657
1.3400,0.0005,1.7782,1.3724,0.3498
1.0081,0.0003,1.0923,1.3694,0.3498
1.7750,0.0004,0.9830,1.4012,0.3387
1.4912,0.0003,0.9793,1.6321,0.3414
1.7724,0.0004,0.9967,1.9586,0.3460
1.4950,0.0005,1.0590,1.4823,0.3537
1.5221,0.0004,1.1724,1.5279,0.3537
1.6247,0.0004,0.9583,1.3321,0.3319
1.5626,0.0005,1.2588,1.8248,0.3319
1.8065,0.0005,1.1226,1.8069,0.3552
1.7370,0.0004,1.2292,1.7243,0.3442
1.9450,0.0006,1.2689,1.8897,0.3442
1.6025,0.0005,1.4070,1.6251,0.3514
1.6402,0.0004,1.1669,1.6661,0.3514
1.5144,0.0004,1.0262,1.2752,0.3605
1.5626,0.0004,1.0083,1.7537,0.3466
1.3368,0.0006,1.0307,1.2786,0.3522
1.8183,0.0005,1.1356,1.8321,0.3482
1.7987,0.0007,1.2465,1.7677,0.3454
2.1096,0.0009,1.9923,1.4741,0.3771
1.7724,0.0007,1.6807,1.3694,0.3535
1.5207,0.0009,1.9179,2.2629,0.3446
1.6433,0.0011,1.4906,1.1597,0.3565
1.4149,0.0009,1.5902,1.6860,0.3571
1.6006,0.0010,1.3673,1.7893,0.3496
1.5974,0.0013,1.3124,1.5173,0.3576
1.5175,0.0012,1.5626,1.4090,0.3809
2.3278,0.0010,1.5752,2.1258,0.3669
2.0323,0.0008,2.4254,1.7283,0.3613
1.6571,0.0010,1.6147,2.1352,0.3699
2.2794,0.0011,1.5792,2.2751,0.3505
2.1536,0.0008,1.3469,2.1368,0.3612
1.3182,0.0007,1.4579,1.4143,0.3544
1.6662,0.0005,1.2130,1.4305,0.3383
2.3008,0.0006,1.3660,2.4358,0.3470
1.2828,0.0005,1.3822,1.4086,0.3470
1.6118,0.0005,1.1237,1.4920,0.3477
1.9372,0.0009,1.3263,1.8494,0.3760
1.5544,0.0009,1.3173,1.5143,0.3760
2.0111,0.0005,1.2792,2.1644,0.3806
1.8176,0.0006,1.2185,1.6938,0.3434
1.8595,0.0007,1.3585,1.6321,0.3434
2.1020,0.0010,1.2054,2.2569,0.3565
1.7100,0.0006,1.5479,1.6298,0.3485
1.4076,0.0005,1.6263,1.4777,0.3543
2.4579,0.0006,1.2636,2.3928,0.3506
1.5272,0.0005,1.7302,1.3386,0.3481
1.3674,0.0004,1.3321,1.7494,0.5256
1.4817,0.0003,1.1036,1.5683,0.5256
1.9469,0.0005,0.9899,1.8843,0.3470
1.5971,0.0005,1.1145,1.4198,0.3477
1.3598,0.0005,1.4015,1.3584,0.3468
1.5324,0.0007,1.3007,1.6366,0.3468
1.5203,0.0005,1.5221,1.3127,0.3529
1.8270,0.0007,1.0821,1.7881,0.3368
1.8788,0.0006,1.1317,1.9469,0.3510
1.8067,0.0007,1.3698,1.9410,0.3510
2.0828,0.0006,1.4111,2.0893,0.3653
1.2645,0.0008,1.3700,0.9653,0.3599
1.6882,0.0008,1.1624,2.0075,0.3474
1.1107,0.0007,1.0934,1.1322,0.3474
2.2932,0.0007,1.0980,2.1657,0.3399
1.6580,0.0005,1.4308,1.6709,0.3531
1.6199,0.0004,1.3065,1.5461,0.3278
1.7692,0.0006,1.2779,1.9092,0.3343
1.6803,0.0009,1.1809,1.6050,0.3343
2.0365,0.0005,1.7508,1.9879,0.3663
2.1157,0.0007,1.5916,2.1748,0.3531
1.4973,0.0005,1.2791,1.2429,0.3531
1.2546,0.0007,1.5784,1.3434,0.3468
2.1148,0.0004,1.1172,2.2444,0.3468
1.5422,0.0005,1.2334,1.4602,0.3405
2.2501,0.0006,1.2921,2.2088,0.3327
1.1633,0.0006,1.2732,1.2146,0.3327
1.6550,0.0005,1.1495,1.7140,0.3432
1.9223,0.0007,1.2741,1.7419,0.3540
1.7770,0.0006,1.9372,1.8656,0.3418
1.7319,0.0006,1.5559,1.4520,0.3554
1.6876,0.0005,1.6380,1.8107,0.3554
1.6402,0.0004,1.0962,1.6676,0.3579
1.8532,0.0004,1.0787,1.9711,0.3483
1.8293,0.0004,1.2290,1.8997,0.3586
1.2059,0.0003,1.2724,1.2304,0.3540
2.1424,0.0006,1.0916,2.1003,0.3388
1.9216,0.0010,1.2454,1.6418,0.3357
2.3642,0.0009,1.4589,2.5002,0.3759
1.7073,0.0006,1.4685,1.8182,0.3405
1.5831,0.0007,1.2670,1.5931,0.3405
1.6089,0.0007,1.1949,1.2922,0.3510
1.4996,0.0005,1.4088,1.5504,0.3409
1.6381,0.0006,1.2242,1.7865,0.3406
2.4263,0.0006,1.1246,2.4588,0.3601
1.4535,0.0005,1.2525,1.4364,0.3601
1.7802,0.0006,1.2620,1.8782,0.3610
2.2529,0.0006,1.0467,2.1318,0.3365
2.4500,0.0008,1.2899,2.4548,0.3831
1.7685,0.0005,1.5843,1.7022,0.3505
1.3938,0.0004,1.4666,1.5526,0.3573
1.9466,0.0005,1.0250,1.7200,0.3573
2.1467,0.0008,1.0169,2.2139,0.3562
1.7705,0.0005,1.4145,1.7491,0.3426
1.5632,0.0008,1.4845,1.5599,0.3426
2.3235,0.0009,1.2711,2.2656,0.3347
1.9678,0.0007,1.4961,1.6474,0.3649
1.1770,0.0005,1.8556,1.5930,0.5186
1.5528,0.0006,1.1832,1.5941,0.3367
1.2063,0.0007,1.3618,1.1176,0.3367
1.9792,0.0015,1.2799,1.9632,0.3470
2.0567,0.0007,1.2090,2.0532,0.3490
2.2878,0.0007,1.3567,2.2869,0.3425
1.6482,0.0009,1.3669,1.6402,0.3386
2.1416,0.0007,1.2748,1.8920,0.3386
2.5608,0.0008,1.5420,2.4323,0.3369
1.7559,0.0005,1.9586,2.1357,0.3667
1.6547,0.0006,1.2400,1.6910,0.3544
1.3728,0.0005,1.0629,1.3705,0.3544
1.9746,0.0004,1.0888,1.9363,0.3534
1.8650,0.0005,1.1526,1.8655,0.3534
1.6665,0.0005,1.2037,1.5224,0.3428
1.8706,0.0005,1.0656,1.7475,0.3440
1.8813,0.0006,1.1920,1.8114,0.3440
2.3890,0.0009,1.3940,2.6073,0.3595
1.5885,0.0005,1.4144,1.5246,0.3595
1.7758,0.0006,1.6024,1.7952,0.3389
2.0693,0.0003,1.4743,2.1446,0.3399
1.9939,0.0007,1.3104,1.9944,0.3585
2.0185,0.0007,1.4675,1.8488,0.3429
1.5389,0.0005,1.6755,1.5956,0.3541
1.6757,0.0005,1.4717,1.6564,0.3648
1.7710,0.0006,1.4692,1.5766,0.3648
2.2866,0.0007,1.6748,1.5025,0.3427
2.0634,0.0008,2.3804,2.4686,0.3694
1.3601,0.0007,1.7753,1.2870,0.3500
1.6784,0.0007,1.1551,1.8694,0.3435
2.2501,0.0007,1.2459,2.3352,0.3414
1.3235,0.0006,1.4176,1.3011,0.3358
2.2741,0.0006,1.1430,2.3352,0.3475
1.3756,0.0006,1.2839,1.3878,0.3408
2.1419,0.0005,1.2694,2.0676,0.3408
1.7917,0.0005,1.4981,1.8171,0.3495
2.2330,0.0004,1.5807,2.1908,0.3670
1.9546,0.0006,1.4869,1.7606,0.3466
1.3866,0.0004,1.6302,1.4930,0.3619
2.0195,0.0008,1.1062,2.0249,0.3392
1.1028,0.0004,1.2372,1.2792,0.3392
2.0198,0.0005,1.0522,1.8571,0.3425
1.3209,0.0003,1.2822,1.3014,0.3425
1.7824,0.0004,1.1070,1.7163,0.3379
2.0729,0.0004,1.0213,2.2204,0.3510
1.4384,0.0006,1.1672,1.4750,0.4113
1.9028,0.0007,1.5999,1.4828,0.3796
1.7134,0.0005,1.5992,2.1252,0.3385
1.6492,0.0005,1.0917,1.6376,0.3502
1.5186,0.0005,1.0969,1.5286,0.3449
1.4123,0.0005,1.1154,1.4126,0.3449
1.8581,0.0006,1.0795,1.8196,0.3340
1.5275,0.0007,1.0688,1.4872,0.3340
1.7407,0.0007,1.1486,1.6850,0.3484
2.3425,0.0005,1.3301,2.0715,0.3500
1.8183,0.0004,1.6317,1.6265,0.3423
1.3587,0.0005,1.7351,1.9207,0.3415
1.6854,0.0007,1.0942,1.6726,0.3504
1.6943,0.0006,0.9932,1.5562,0.3504
2.1263,0.0009,1.0111,2.2239,0.3381
1.9845,0.0007,1.1382,1.5318,0.3489
2.0612,0.0005,1.4255,2.4830,0.3371
1.6440,0.0006,1.2100,1.3460,0.3371
2.1568,0.0010,1.2603,2.2689,0.3563
1.8088,0.0009,1.3563,1.6142,0.3563
2.3220,0.0007,1.4857,2.5991,0.3499
1.6607,0.0005,1.2258,1.4132,0.3406
1.8871,0.0008,1.0906,2.0874,0.3406
1.7301,0.0004,1.2482,1.8084,0.3532
1.8686,0.0004,1.1712,1.7501,0.3425
1.7080,0.0006,1.3738,1.6545,0.3387
2.1249,0.0003,1.1036,2.1716,0.3382
1.7873,0.0005,1.4199,1.2901,0.3440
1.4730,0.0006,1.7562,1.9858,0.3710
1.7619,0.0007,1.3985,1.4893,0.3710
1.7887,0.0006,1.3285,1.7706,0.3583
1.6417,0.0006,1.3112,1.8396,0.3595
2.2892,0.0005,1.1397,2.4234,0.3472
1.4375,0.0005,1.1003,1.3996,0.3351
1.5425,0.0005,1.2379,1.6205,0.3451
2.1200,0.0005,1.1013,2.0747,0.3504
1.5771,0.0006,1.1922,1.5862,0.3359
1.9699,0.0010,1.4161,1.7562,0.3359
2.0364,0.0009,1.7886,2.0544,0.3830
1.8797,0.0007,1.6749,2.0702,0.3460
1.5653,0.0005,1.1319,1.4340,0.3460
2.0100,0.0007,1.1758,2.0886,0.3437
1.5683,0.0007,1.1850,1.5976,0.3636
1.2094,0.0004,1.1399,1.2386,0.3636
1.5242,0.0005,1.0646,1.1207,0.3505
2.1197,0.0006,1.0178,2.3979,0.3320
1.6426,0.0007,1.2970,1.6705,0.3641
1.7691,0.0008,1.4430,1.6462,0.3694
1.4736,0.0007,1.7912,1.3100,0.3694
1.6338,0.0006,1.2231,1.7803,0.3454
1.9411,0.0005,0.9863,2.0260,0.3547
1.5163,0.0008,1.2179,1.5853,0.3501
1.7595,0.0006,1.1121,1.7664,0.3561
1.4900,0.0007,1.1144,1.3851,0.3444
1.5976,0.0003,1.4141,1.7259,0.3421
1.4129,0.0004,0.9696,1.2117,0.3421
2.0045,0.0006,1.0688,1.6976,0.3361
1.9479,0.0008,1.4181,1.8617,0.3706
2.1221,0.0016,2.1135,2.3780,0.3542
2.0119,0.0011,1.8949,2.0907,0.3542
2.2234,0.0008,1.7855,2.3671,0.3516
1.5263,0.0006,1.2132,1.3687,0.3516
1.8419,0.0008,1.2886,2.0268,0.3386
1.6327,0.0005,1.0440,1.3214,0.3386
1.8705,0.0010,1.2806,1.9407,0.3726
1.9350,0.0007,1.5638,2.0554,0.3452
1.3716,0.0006,1.5655,1.3992,0.5082
1.6684,0.0006,1.2694,1.5856,0.5082
1.8757,0.0004,1.2730,1.9915,0.3616
1.8501,0.0004,1.2068,1.8196,0.3351
1.3204,0.0007,1.0892,1.2180,0.3351
2.0307,0.0004,1.2074,2.1052,0.3345
1.3801,0.0004,1.1023,1.2859,0.3345
1.6127,0.0006,1.2990,1.6456,0.3354
1.9550,0.0006,1.1254,1.7207,0.3424
2.0221,0.0007,1.5880,2.0282,0.3803
1.4584,0.0007,1.7366,1.2233,0.5310
1.5264,0.0007,1.1999,1.7790,0.5310
2.0456,0.0005,1.3100,1.6587,0.3432
2.2115,0.0005,1.4642,2.6685,0.3406
1.2636,0.0005,1.2006,1.1369,0.3406
1.6856,0.0008,1.0644,1.8059,0.3449
1.2680,0.0008,1.0998,1.0908,0.3449
1.6378,0.0005,1.1077,1.6976,0.3582
1.4809,0.0005,1.4310,1.6217,0.3582
1.7109,0.0006,1.1573,1.5984,0.3578
1.9094,0.0005,1.3898,1.8549,0.3577
2.0370,0.0006,1.5452,2.0692,0.3653
1.8632,0.0008,1.3433,1.8793,0.3561
1.8325,0.0011,1.4265,1.2889,0.3682
2.2569,0.0016,1.9942,2.4602,0.3814
2.0377,0.0009,2.1722,2.2268,0.3633
1.3812,0.0007,1.8787,1.5213,0.3472
1.8667,0.0011,1.1815,1.8290,0.3462
2.2194,0.0010,1.3985,2.0045,0.3649
1.5696,0.0008,2.0168,1.8098,0.3491
1.8476,0.0006,1.4032,1.8339,0.3502
2.1312,0.0007,1.1967,2.0566,0.3435
1.9318,0.0015,1.4617,1.8009,0.3422
1.5941,0.0006,1.5743,1.7903,0.3422
1.8944,0.0006,1.3072,1.5180,0.3424
1.7394,0.0006,1.4246,2.1329,0.3424
2.0454,0.0005,1.1384,2.0386,0.3457
1.6203,0.0005,1.1758,1.5863,0.3531
1.8986,0.0006,1.2623,1.9169,0.3632
1.8465,0.0004,1.1833,1.8564,0.3632
1.7650,0.0004,1.0679,1.5376,0.3503
1.9893,0.0006,1.0544,2.2290,0.3368
1.9445,0.0005,1.0575,1.8569,0.3368
1.9721,0.0005,1.2564,2.0196,0.3515
1.5036,0.0005,1.1542,1.2207,0.3331
1.5145,0.0005,1.0294,1.8131,0.3393
1.8648,0.0004,1.0167,1.7702,0.3537
1.5863,0.0007,1.2387,1.6126,0.3657
1.5257,0.0004,1.1462,1.5494,0.3657
1.5262,0.0005,1.0612,1.4522,0.3391
2.0644,0.0006,1.0982,2.0332,0.3439
1.8462,0.0006,1.2313,1.9354,0.3505
1.4908,0.0005,1.1273,1.4836,0.3505
1.6519,0.0006,1.0622,1.1793,0.3710
1.6311,0.0006,1.1097,1.8613,0.3335
2.0203,0.0008,1.0677,2.2308,0.3492
1.4442,0.0007,1.2372,1.2470,0.3492
2.2004,0.0005,1.2173,2.0375,0.3454
1.7926,0.0004,1.3803,2.1558,0.3431
1.3443,0.0007,1.2220,1.1757,0.3538
1.4439,0.0005,1.2275,1.5636,0.3538
2.1892,0.0006,1.1825,2.1062,0.3580
1.5897,0.0005,1.4097,1.5918,0.3481
1.3235,0.0005,1.4352,1.4119,0.3615
1.8286,0.0006,1.0659,1.5675,0.3403
1.9621,0.0010,1.4831,1.8821,0.3694
1.8998,0.0006,1.8516,2.1301,0.3822
1.7246,0.0008,1.3698,1.7803,0.3387
1.2211,0.0006,1.2093,1.2444,0.3499
1.4861,0.0005,1.1175,1.1840,0.3499
1.6613,0.0006,1.0576,1.8006,0.3514
1.7502,0.0006,1.1836,1.8343,0.3514
1.8361,0.0008,1.1577,1.8674,0.3349
1.5061,0.0006,1.1054,1.1206,0.3392
1.4210,0.0004,1.5507,1.1481,0.3366
1.0570,0.0004,1.4241,1.1609,0.3516
1.4048,0.0006,0.9168,1.4664,0.3516
2.0347,0.0007,1.0243,2.1582,0.5209
1.5039,0.0006,1.1007,1.4614,0.3565
1.2148,0.0008,1.3033,1.2853,0.3565
1.8815,0.0004,0.9772,1.7725,0.3469
1.5605,0.0004,1.1224,1.5885,0.3469
1.6461,0.0003,0.9794,1.3793,0.3430
2.0248,0.0004,0.9510,2.1260,0.3326
1.5036,0.0005,1.1483,1.4809,0.3486
1.5033,0.0003,1.6238,1.7502,0.3551
1.7565,0.0003,0.9768,1.1087,0.3551
1.7771,0.0005,1.3870,1.8515,0.3625
1.6471,0.0003,1.7182,2.1345,0.3379
1.2558,0.0003,1.1249,1.3026,0.3379
1.9808,0.0003,1.0724,1.7513,0.3441
1.3626,0.0004,1.2661,1.5106,0.3521
1.4321,0.0004,1.1073,1.3748,0.3505
1.4937,0.0005,1.1550,1.6204,0.3505
1.6067,0.0005,1.0839,1.2516,0.3392
1.8685,0.0005,1.2244,2.0409,0.3772
0.9617,0.0004,1.1281,1.1367,0.3772
1.6415,0.0005,0.9038,1.5673,0.3414
1.6067,0.0005,1.0579,1.5961,0.3787
1.4978,0.0004,1.4504,1.5215,0.3434
1.2932,0.0004,1.0495,0.9902,0.3428
1.5060,0.0005,1.4958,1.3742,0.3419
1.3342,0.0005,1.3351,1.7599,0.3419
1.3762,0.0004,1.1024,1.3950,0.3446
1.7443,0.0010,0.9457,1.4433,0.3439
1.2459,0.0004,1.2946,1.1936,0.3336
1.4771,0.0006,1.2375,1.4369,0.3556
1.5225,0.0004,1.1479,1.8768,0.3556
1.4998,0.0006,0.9295,1.4177,0.3330
2.0419,0.0008,1.1711,2.0408,0.3688
1.8398,0.0007,1.2646,1.7289,0.3436
1.5900,0.0005,1.5119,1.2807,0.3460
1.2148,0.0003,1.4527,1.0963,0.3423
1.3268,0.0003,1.1592,1.1861,0.3527
1.2475,0.0003,1.3320,1.3802,0.3471
1.5807,0.0003,1.2599,1.3979,0.3487
1.2614,0.0004,1.3339,1.4363,0.3542
1.3405,0.0003,1.1954,1.3440,0.3408
1.4384,0.0005,1.3300,1.4291,0.3509
1.2447,0.0006,1.3439,1.5560,0.3362
1.2310,0.0006,0.9657,0.9709,0.3362
1.5977,0.0005,1.2080,1.8260,0.3516
1.5699,0.0004,0.9990,1.2349,0.3516
1.8450,0.0004,1.1163,2.0657,0.3563
1.2622,0.0004,1.1596,1.3761,0.3351
1.4942,0.0004,0.9829,1.1893,0.3481
2.0634,0.0003,0.9734,2.1892,0.3522
1.0166,0.0003,1.1304,0.9652,0.3522
1.7415,0.0005,0.9732,1.8706,0.3514
1.6079,0.0004,1.2349,1.4182,0.3468
1.1354,0.0003,1.5509,0.9173,0.3464
1.2885,0.0005,1.1023,1.4562,0.3799
1.7013,0.0007,1.3057,1.5271,0.3799
1.8168,0.0008,1.2891,2.0132,0.3373
1.3838,0.0004,1.0090,1.4062,0.3398
1.2637,0.0003,1.1261,1.2625,0.3398
1.5085,0.0004,0.9633,1.0833,0.3679
1.8324,0.0004,1.4827,1.4927,0.3564
1.0223,0.0004,1.5072,1.0669,0.3390
1.0047,0.0005,0.9447,1.2629,0.3573
2.0385,0.0005,0.9010,1.8667,0.3544
1.0884,0.0003,1.1786,1.0349,0.3474
1.3369,0.0003,1.0194,1.3272,0.3474
1.7367,0.0004,1.2358,1.9177,0.3641
1.5802,0.0004,1.1376,1.2038,0.3556
1.5250,0.0005,1.3433,1.6414,0.3560
1.4306,0.0004,1.4873,1.3392,0.3514
1.1396,0.0004,1.2920,1.5028,0.3514
1.6320,0.0004,0.9301,1.5095,0.3340
1.6836,0.0004,1.1228,1.5907,0.3464
1.7020,0.0003,1.1200,1.5256,0.3337
1.8690,0.0005,1.2520,1.4587,0.3589
1.7606,0.0005,1.7721,2.3273,0.3396
1.3444,0.0004,1.3763,1.1513,0.3396
1.8905,0.0005,1.1479,1.8022,0.3662
1.4848,0.0004,1.1561,1.7298,0.3549
1.4040,0.0004,1.0937,1.5954,0.3514
0.9946,0.0005,0.9785,0.8889,0.3514
1.6801,0.0006,0.9791,1.4922,0.3398
1.2304,0.0005,1.1538,1.5260,0.3398
1.2628,0.0004,0.9743,1.0927,0.3532
1.2129,0.0005,1.0144,1.3808,0.3646
1.6230,0.0004,1.0326,1.5528,0.3646
1.3460,0.0003,1.1418,1.3815,0.3500
1.4576,0.0005,1.0849,1.2423,0.3398
1.6922,0.0003,1.1013,1.7372,0.3694
1.4557,0.0004,1.2654,1.6065,0.3852
1.4221,0.0005,1.1646,0.9934,0.3518
1.1331,0.0004,1.5327,1.2076,0.3518
1.3217,0.0004,0.9475,1.6125,0.3485
1.2881,0.0005,0.9302,1.2294,0.3485
1.3612,0.0004,0.9532,1.2915,0.3405
1.2961,0.0004,0.9341,1.3008,0.3405
1.5461,0.0005,1.1099,1.5835,0.3491
1.4859,0.0003,1.3494,1.5121,0.3569
1.3828,0.0003,1.1627,1.4035,0.3376
1.4760,0.0006,0.9425,1.1665,0.3551
1.8235,0.0005,1.1538,2.0221,0.3635
1.3308,0.0006,1.3731,1.3098,0.3534
1.5919,0.0006,1.1351,1.4831,0.3432
1.6031,0.0004,1.4717,1.1463,0.3504
1.2340,0.0004,1.3605,0.8516,0.3492
1.0200,0.0003,1.3018,1.3832,0.3595
1.2320,0.0003,0.9517,1.0625,0.3408
1.5640,0.0005,1.3740,1.3212,0.3627
1.9832,0.0003,1.7944,0.7970,0.3511
1.0408,0.0003,1.6814,0.7970,0.3570
0.8718,0.0003,0.8973,0.8692,0.3570
0.8405,0.0003,0.8578,1.0374,0.3590
1.7654,0.0007,0.8797,1.3254,0.3658
1.1012,0.0004,1.3688,1.3626,0.3652
1.2878,0.0004,1.1126,1.1426,0.3369
1.7904,0.0005,1.5301,1.0347,0.3744
1.1263,0.0003,1.6624,1.0347,0.3570
1.0029,0.0003,0.9522,1.2780,0.3412
1.2761,0.0004,0.9564,0.9075,0.3451
1.7453,0.0006,1.3883,1.5797,0.3517
1.2691,0.0004,1.6400,1.6622,0.3481
1.0254,0.0005,1.0999,1.0644,0.3481
1.9188,0.0006,1.0248,1.9340,0.3447
1.3924,0.0006,1.1343,1.2587,0.3447
1.6444,0.0006,1.1243,1.6937,0.3461
1.5587,0.0005,1.1233,1.5094,0.3941
1.3196,0.0004,1.2753,1.4448,0.3494
1.5805,0.0003,1.1650,1.2535,0.3638
1.2559,0.0005,1.2488,1.4879,0.3638
1.6441,0.0005,1.1242,1.7167,0.3591
1.3596,0.0004,0.9951,1.0128,0.3551
1.0990,0.0003,1.4578,1.2719,0.3451
1.2562,0.0004,0.9660,1.4558,0.3451
1.3157,0.0004,0.9606,1.3011,0.3612
1.0228,0.0005,0.9611,1.0375,0.3612
1.3179,0.0004,0.9455,1.1239,0.3509
1.7285,0.0005,1.3673,1.1393,0.3641
1.9383,0.0005,2.0564,0.8967,0.3812
1.3349,0.0006,1.3996,0.8967,0.3498
1.0481,0.0003,1.4120,0.8656,0.3498
1.0331,0.0004,0.9320,0.9337,0.3558
0.8948,0.0003,1.0164,0.7966,0.3558
1.4865,0.0003,0.8678,1.5631,0.3394
1.3001,0.0004,0.9165,1.2760,0.3592
1.0448,0.0003,1.2023,1.2115,0.3592
1.2725,0.0003,0.8853,1.1984,0.3539
1.3774,0.0004,0.9990,1.4422,0.3399
1.6864,0.0004,1.0267,1.1699,0.3381
1.0530,0.0005,1.2908,1.4649,0.3381
1.3423,0.0005,0.9435,1.3736,0.3394
1.9240,0.0004,1.0722,1.9287,0.3676
1.4182,0.0004,1.4829,0.9863,0.3390
2.2070,0.0006,1.5454,1.4027,0.3515
1.5573,0.0006,2.1507,1.4027,0.3363
1.6876,0.0006,1.5616,0.9602,0.3585
1.4370,0.0004,1.5961,0.9849,0.3517
1.4582,0.0004,1.3465,0.8046,0.3611
1.3925,0.0004,1.4979,0.8322,0.3581
1.3947,0.0004,1.4393,0.8322,0.3487
1.0018,0.0006,1.2756,1.0050,0.3487
1.2810,0.0006,0.9988,1.3779,0.3487
2.4196,0.0006,2.1569,0.9701,0.3587
1.1459,0.0005,1.6619,0.9701,0.3587
0.8775,0.0003,0.9691,1.1378,0.3435
1.1083,0.0003,0.8671,1.1436,0.3559
1.3249,0.0003,0.9171,1.3277,0.3569
1.6825,0.0005,1.0671,1.6561,0.3513
1.2157,0.0004,0.9759,0.9021,0.3513
1.2988,0.0004,1.1348,1.6020,0.3492
1.3212,0.0005,0.9505,1.2844,0.3418
1.5912,0.0004,0.9703,1.6154,0.3551
1.2721,0.0004,0.9715,0.9383,0.3551
2.0327,0.0006,0.9677,1.8120,0.3580
1.5915,0.0005,1.5682,1.6392,0.3484
1.9989,0.0007,1.5036,2.4486,0.3535
1.4022,0.0005,1.2605,1.2286,0.3535
1.5970,0.0008,1.2098,1.3568,0.3545
1.6289,0.0006,1.4244,1.5485,0.3626
1.2432,0.0003,1.6217,1.1805,0.3356
1.0891,0.0004,0.9698,1.2592,0.3460
1.2683,0.0004,1.0823,1.3132,0.3460
1.8710,0.0006,0.9037,1.7141,0.3389
1.4335,0.0005,1.2126,1.4088,0.3389
1.6682,0.0005,1.3733,1.7051,0.3644
1.4729,0.0003,1.1182,1.6184,0.3434
1.3890,0.0004,1.0045,1.1863,0.3434
1.4504,0.0005,0.9704,1.5723,0.3417
1.2260,0.0004,0.9619,1.3057,0.3497
1.7089,0.0003,0.9662,1.6907,0.3431
1.3658,0.0004,0.9671,1.1414,0.3535
1.5185,0.0004,0.9395,1.6083,0.3462
1.4282,0.0004,1.1498,1.1828,0.3476
1.0799,0.0004,1.3120,1.4036,0.3476
1.1782,0.0004,0.9932,1.0992,0.3558
1.8301,0.0006,0.9020,1.8376,0.3347
1.2285,0.0006,1.0993,1.2263,0.3347
1.4998,0.0006,1.1537,1.4044,0.3788
1.5763,0.0005,1.0223,1.6004,0.3510
1.0789,0.0005,1.2530,1.2593,0.3543
1.2858,0.0005,0.9483,1.1255,0.3338
1.3454,0.0004,0.9642,1.4907,0.3338
1.3635,0.0005,0.9563,1.1762,0.3525
1.4438,0.0007,0.9797,1.5089,0.3525
1.6029,0.0008,1.1208,1.4579,0.3666
1.6849,0.0006,1.3162,1.8591,0.3666
1.8316,0.0008,1.3535,1.5259,0.3553
2.4754,0.0007,1.7175,2.7281,0.3658
1.3470,0.0005,1.2669,1.3558,0.3629
1.1314,0.0004,1.2181,1.1996,0.3472
1.4459,0.0004,1.1145,1.3120,0.3553
1.8953,0.0004,1.4305,1.9970,0.3471
1.2794,0.0004,1.1717,1.2863,0.3671
1.3940,0.0004,1.0130,1.2707,0.3668
1.2229,0.0005,1.2081,1.0960,0.3655
1.3937,0.0005,1.3000,1.5314,0.3499
1.5271,0.0005,1.1945,1.5814,0.3499
2.1851,0.0006,1.2257,2.0472,0.3455
1.4392,0.0008,1.4173,1.4593,0.3455
1.6413,0.0005,1.3838,1.7768,0.3429
1.4331,0.0006,1.3727,1.0159,0.3488
1.4424,0.0003,1.4941,1.5286,0.3481
1.4951,0.0004,1.4726,1.4752,0.3399
1.3776,0.0005,1.3950,1.7290,0.3486
1.3375,0.0004,1.0967,1.0636,0.3477
1.1811,0.0003,1.4697,1.1252,0.3477
1.4970,0.0004,1.0376,1.6435,0.3387
1.5357,0.0006,1.1545,1.4828,0.3477
1.4032,0.0007,1.5265,1.2691,0.3477
1.3446,0.0004,1.6273,1.3325,0.5532
1.6490,0.0003,1.0084,1.5865,0.3901
1.5428,0.0006,1.4351,1.4430,0.3439
1.3831,0.0004,1.3882,1.3395,0.3463
1.4432,0.0006,1.4443,1.3679,0.3422
1.2429,0.0005,1.3935,1.2352,0.3384
0.9702,0.0008,1.0641,1.0189,0.3384
1.9909,0.0003,0.9484,2.1707,0.3432
1.3256,0.0004,1.1919,1.2069,0.3529
1.5066,0.0004,1.1484,1.6956,0.3529
1.9004,0.0004,0.9619,1.3029,0.3381
1.5070,0.0007,1.2683,1.9022,0.3381
1.8398,0.0007,1.2414,1.7933,0.3398
1.6393,0.0005,1.2930,1.5482,0.3455
1.4198,0.0005,1.5426,1.3961,0.3455
1.4063,0.0008,1.3948,1.4332,0.3366
1.1663,0.0006,1.4351,1.0097,0.3587
1.1944,0.0003,1.0179,0.9316,0.3415
1.5207,0.0003,1.1836,1.9073,0.3415
1.9360,0.0004,0.9093,1.9020,0.3428
1.6846,0.0004,1.0140,1.6895,0.3372
1.2491,0.0004,1.3036,1.2458,0.3408
1.5946,0.0004,0.9996,1.5386,0.3571
1.8235,0.0005,1.1272,1.6797,0.3789
1.2630,0.0004,1.3221,1.3637,0.3789
1.6109,0.0005,1.2763,1.3999,0.3431
1.3650,0.0006,1.1966,1.5537,0.3431
1.2837,0.0005,1.2554,1.3731,0.3486
1.1134,0.0005,1.1247,1.1283,0.3473
1.3474,0.0008,1.0030,1.3157,0.3497
1.5809,0.0005,1.1038,1.5867,0.3522
1.5495,0.0004,0.9953,1.1812,0.3359
1.4244,0.0004,1.1122,1.7980,0.3546
1.3646,0.0010,0.9179,1.2852,0.3546
1.4361,0.0005,1.1327,1.4714,0.3383
1.8881,0.0004,1.5669,1.8888,0.3435
1.4631,0.0005,1.0846,1.2653,0.3435
1.6954,0.0004,1.0466,1.8469,0.3561
1.6701,0.0005,1.2086,1.5287,0.3353
1.1648,0.0005,1.2662,1.1728,0.3465
1.9826,0.0006,1.0363,2.0915,0.3782
1.5531,0.0006,1.1251,1.2684,0.3490
1.5296,0.0004,1.4913,1.3447,0.3556
1.7029,0.0005,1.5801,1.9826,0.3348
1.3618,0.0006,1.2991,1.4998,0.3587
1.6566,0.0004,1.1185,1.7025,0.6312
1.1395,0.0005,1.0576,1.1611,0.6312
1.7774,0.0002,0.9685,1.7486,0.3468
1.4108,0.0003,0.9648,1.4320,0.3474
1.5633,0.0004,0.9623,1.5353,0.3521
1.4987,0.0005,1.1900,0.9663,0.3516
1.5556,0.0004,1.4247,2.0697,0.3516
1.4687,0.0003,1.1008,1.2837,0.3553
1.8051,0.0004,0.9470,1.5585,0.3356
1.0939,0.0005,1.2451,1.3327,0.3558
1.3722,0.0005,1.0211,1.4767,0.3653
1.7708,0.0008,1.1100,1.6001,0.3666
1.5291,0.0004,1.5165,1.0577,0.3486
1.0027,0.0004,1.3226,1.1100,0.3541
1.4863,0.0005,0.9995,1.5361,0.3657
1.2388,0.0006,1.3300,1.0590,0.3363
0.9487,0.0004,1.0619,1.2107,0.3363
1.3358,0.0004,0.9338,1.3152,0.3483
1.4886,0.0004,1.0365,1.2602,0.3471
1.5036,0.0005,1.6031,1.0559,0.3531
1.7634,0.0004,1.5727,0.8206,0.3468
1.2046,0.0003,1.5963,0.8206,0.3468
1.1216,0.0004,1.2487,1.3537,0.3468
1.2355,0.0005,0.9794,1.1062,0.3595
1.7605,0.0007,1.3384,1.5995,0.3655
1.4706,0.0005,1.4476,1.4054,0.3596
1.4588,0.0005,1.4537,1.1437,0.3484
1.8519,0.0006,1.6278,1.2208,0.3457
1.1632,0.0005,1.6441,1.5008,0.3587
1.0499,0.0005,0.9997,1.3723,0.3443
1.1245,0.0006,0.9418,1.0807,0.3443
1.7314,0.0006,1.0037,1.7564,0.3494
1.3765,0.0006,1.0163,1.3042,0.3593
1.3803,0.0004,1.0239,1.4547,0.3444
1.6178,0.0004,0.9857,1.3537,0.3621
1.4536,0.0004,1.4640,1.4710,0.3621
1.7839,0.0003,1.1382,2.0071,0.3349
1.4700,0.0005,0.9727,1.3448,0.3337
1.4934,0.0005,1.2780,1.2399,0.3289
1.4820,0.0005,1.5076,1.5578,0.3289
1.4129,0.0006,1.4430,1.4465,0.3414
1.6808,0.0005,1.0606,1.5707,0.3443
1.3679,0.0005,1.0517,1.6313,0.3474
1.5983,0.0006,0.9840,1.3757,0.3445
1.6450,0.0004,1.3007,1.6157,0.3399
1.1551,0.0005,1.6360,1.0519,0.3522
1.5266,0.0005,1.2633,1.6118,0.3658
1.5912,0.0004,1.3375,1.4385,0.3640
1.2732,0.0004,1.3299,1.4635,0.3640
1.8426,0.0005,1.1465,1.7575,0.3660
1.8258,0.0003,1.3941,1.9980,0.3620
1.4302,0.0005,1.4912,1.1824,0.3503
1.6109,0.0008,1.5262,1.4788,0.3498
1.3278,0.0005,1.4569,1.5324,0.3614
1.2699,0.0004,1.2636,1.3917,0.3486
1.7563,0.0009,1.2742,1.7793,0.3515
1.2734,0.0008,1.1039,0.9435,0.3515
1.8167,0.0009,1.3444,2.0567,0.3576
2.2285,0.0009,1.3108,1.5325,0.3483
1.3529,0.0007,1.8408,1.6620,0.3481
1.0551,0.0008,1.1103,1.4045,0.3481
1.5121,0.0005,1.0650,1.5006,0.3638
1.5322,0.0006,1.1242,1.2153,0.3430
2.0395,0.0006,1.1277,1.9718,0.3505
1.6638,0.0005,1.6375,1.5610,0.3604
1.2713,0.0005,1.5462,1.4041,0.3354
1.2978,0.0005,1.0869,1.6103,0.3354
1.3391,0.0005,1.0162,1.1604,0.3546
1.8620,0.0004,1.2306,1.6271,0.3501
1.6626,0.0006,1.4458,1.8919,0.3501
1.4731,0.0005,1.5630,1.4276,0.3409
1.6018,0.0005,1.4972,1.7362,0.3448
1.4070,0.0003,1.2593,1.4919,0.3448
1.5064,0.0004,1.0554,1.4886,0.3540
1.8736,0.0005,1.0232,1.8365,0.3572
1.6252,0.0007,1.1097,1.6263,0.3432
1.5270,0.0008,1.0857,1.4661,0.3432
1.9816,0.0007,1.1586,1.8920,0.3562
2.0786,0.0009,1.4678,2.0651,0.3514
1.7903,0.0012,1.7096,1.8211,0.3525
1.9135,0.0007,1.5660,1.7694,0.3616
1.6153,0.0009,1.7249,1.4050,0.3522
1.8674,0.0012,1.4838,2.0874,0.3298
1.5114,0.0009,1.5340,1.3950,0.3298
1.9522,0.0008,1.4808,2.2325,0.3374
1.4573,0.0006,1.3263,1.4563,0.3374
1.6516,0.0005,1.2031,1.4913,0.3494
2.9079,0.0008,1.4484,2.4939,0.3592
1.6223,0.0009,2.3653,2.1173,0.3453
1.8766,0.0008,1.4050,1.6148,0.3453
2.0238,0.0008,1.3633,1.9819,0.3518
2.7306,0.0008,1.3535,2.5655,0.3705
2.8544,0.0008,2.5959,1.2849,0.3637
1.4017,0.0008,2.0934,1.2849,0.3637
1.8172,0.0007,1.3347,1.1430,0.3492
2.1103,0.0006,2.0398,1.6529,0.6659
1.9316,0.0008,1.9648,1.0223,0.6659
1.4143,0.0009,1.9889,1.0223,0.3656
1.2520,0.0008,1.2616,1.0704,0.3408
1.5912,0.0009,1.3035,1.3496,0.3641
1.2452,0.0010,1.5662,1.6038,0.3366
2.0417,0.0009,1.1294,2.2620,0.3491
1.3895,0.0005,1.1246,1.2751,0.3416
2.2131,0.0007,1.1241,2.1611,0.3641
2.4762,0.0010,1.7705,1.8074,0.3472
1.5508,0.0006,2.1379,2.2451,0.3952
1.7213,0.0007,1.5459,1.6869,0.3728
1.5364,0.0008,1.5959,1.6146,0.3728
1.7806,0.0008,1.3938,1.8106,0.3379
1.9469,0.0009,1.3203,1.9400,0.3535
1.5833,0.0007,1.2457,1.5986,0.3535
1.9699,0.0005,1.2267,1.9530,0.3572
2.5941,0.0009,1.3553,2.2254,0.3447
1.6759,0.0011,1.8629,1.3718,0.3489
1.3620,0.0008,1.4798,1.8798,0.3489
2.1112,0.0006,1.2953,2.1144,0.3498
1.5588,0.0007,1.3729,1.5288,0.3498
2.1135,0.0006,1.3658,2.0575,0.3396
1.3353,0.0007,1.6480,1.4365,0.3526
1.4828,0.0005,1.1204,1.4712,0.3496
1.8889,0.0007,1.1647,1.5430,0.3451
2.2113,0.0007,1.4062,2.3523,0.3411
2.0318,0.0007,1.4596,2.0959,0.3579
2.0770,0.0009,1.6896,1.6255,0.3796
2.0537,0.0008,2.0588,2.5195,0.3528
1.4433,0.0006,1.5806,1.5195,0.3417
1.7077,0.0005,1.2184,1.6745,0.3438
1.8338,0.0005,1.1496,1.8438,0.3608
1.6065,0.0006,1.1253,1.5808,0.3319
1.7620,0.0007,1.2029,1.7113,0.3546
1.6811,0.0008,1.5884,1.5496,0.3396
1.7642,0.0012,1.4700,1.9054,0.3606
2.0332,0.0009,1.9418,1.9229,0.3606
1.7187,0.0010,1.7606,1.6036,0.3618
1.8951,0.0008,1.9275,1.6507,0.3468
1.6696,0.0007,1.7048,1.9879,0.3467
1.4665,0.0009,1.5757,1.5377,0.3467
2.2220,0.0008,1.2829,2.0944,0.3478
1.5086,0.0009,1.5833,1.5719,0.3478
1.9898,0.0007,1.3006,1.9292,0.3414
1.8636,0.0008,1.5136,1.6064,0.3501
2.0299,0.0011,1.6233,2.2150,0.3501
1.8237,0.0007,1.9148,1.8474,0.3970
2.3218,0.0006,1.4614,2.3990,0.3368
1.8613,0.0011,1.4290,1.8796,0.3544
1.9431,0.0009,1.4679,1.9142,0.3609
2.0031,0.0010,1.5190,1.9384,0.3375
1.7126,0.0006,1.6520,1.7949,0.3432
2.2687,0.0008,1.3510,2.1272,0.3377
2.0448,0.0007,1.8088,1.4570,0.3561
2.0369,0.0006,1.7948,2.6785,0.3776
1.5730,0.0008,1.4454,1.6047,0.3479
1.8814,0.0009,1.2544,1.7070,0.3480
1.6984,0.0009,1.4939,1.6351,0.3480
2.2477,0.0007,1.4657,2.2825,0.3403
2.0185,0.0011,1.6219,1.9894,0.3481
1.4624,0.0005,1.7348,1.6915,0.3392
1.6992,0.0008,1.3173,1.6538,0.3392
2.3308,0.0006,1.3573,2.2716,0.3527
1.8686,0.0010,1.4250,1.8819,0.3658
1.8988,0.0006,1.3818,1.6048,0.3413
2.3009,0.0006,1.2911,2.4493,0.3444
2.3984,0.0012,1.7524,1.6211,0.3462
1.8742,0.0007,2.3194,2.1642,0.3494
1.3718,0.0007,1.7289,2.0114,0.3502
1.6628,0.0008,1.2446,1.6487,0.3399
2.5080,0.0013,1.2095,1.9775,0.3635
1.8884,0.0009,2.1127,1.5482,0.3639
1.4520,0.0006,1.6675,1.8502,0.4014
1.2212,0.0007,1.3658,1.4983,0.3465
2.3168,0.0007,1.2067,2.2141,0.3521
1.7139,0.0010,1.3538,1.5089,0.3606
1.7335,0.0008,1.8605,1.5649,0.3478
1.6964,0.0009,1.5943,1.9337,0.3432
1.8094,0.0009,1.6160,1.5240,0.3394
1.9564,0.0008,1.6648,2.1523,0.3519
1.8006,0.0007,1.5301,1.7197,0.3519
1.5503,0.0009,1.7242,1.6979,0.5558
2.0754,0.0009,1.3955,2.0192,0.3496
1.7015,0.0008,1.5455,1.8580,0.3446
2.0888,0.0007,1.3437,1.9076,0.3493
1.6399,0.0006,1.6958,1.5645,0.3493
1.5714,0.0008,1.5406,1.8469,0.3400
2.1487,0.0009,1.2594,2.1125,0.3489
1.3766,0.0007,1.4658,1.4233,0.3489
2.1877,0.0010,1.2551,1.5731,0.3615
2.0887,0.0007,1.6938,2.6028,0.5372
1.8272,0.0004,1.4687,1.7411,0.3446
1.9115,0.0008,1.6622,2.0050,0.3672
1.6903,0.0009,1.4921,1.5302,0.3672
2.0586,0.0006,1.2897,2.2466,0.3569
2.3349,0.0007,1.4859,2.1152,0.3416
1.5409,0.0007,1.6934,1.3849,0.3377
1.3003,0.0006,1.3263,1.6253,0.3377
2.3521,0.0012,1.2741,2.1977,0.3382
1.8413,0.0007,1.9076,1.8371,0.3583
1.8566,0.0007,1.4564,1.9658,0.3580
2.1010,0.0008,1.3415,2.1066,0.3525
1.8362,0.0007,1.5285,1.8233,0.3395
1.8274,0.0008,1.4248,1.5886,0.3508
2.1520,0.0008,1.7222,2.3544,0.3454
1.9033,0.0006,1.3918,1.9263,0.3345
1.7906,0.0012,1.3306,1.2296,0.3345
1.7289,0.0008,1.9070,2.1169,0.3534
2.6225,0.0008,1.5043,2.6886,0.3432
1.8234,0.0009,1.5125,1.7473,0.3347
1.7666,0.0008,1.5962,1.9133,0.3563
1.8873,0.0007,1.3391,1.8638,0.3591
1.3149,0.0009,1.3990,1.1335,0.3591
2.1993,0.0007,1.2172,2.3361,0.3323
1.6692,0.0008,1.3006,1.7149,0.3547
2.0048,0.0007,1.2757,1.9304,0.3589
1.7338,0.0009,1.3639,1.7338,0.3589
2.2112,0.0008,1.4413,2.0972,0.3566
1.7501,0.0006,1.7582,1.7874,0.3495
1.6093,0.0006,1.5556,1.6419,0.3570
1.7765,0.0009,1.4062,1.4561,0.3440
1.7686,0.0005,1.6934,1.9982,0.3353
1.6106,0.0005,1.3436,1.6857,0.3353
1.9578,0.0008,1.4587,2.0505,0.3539
2.0558,0.0008,1.1977,1.9255,0.3453
2.1761,0.0015,1.4356,2.0909,0.3587
1.6882,0.0007,1.6215,1.8585,0.3519
1.8167,0.0007,1.4724,1.7884,0.3416
1.5823,0.0007,1.5318,1.4529,0.3532
1.8002,0.0007,1.5115,1.8336,0.3465
1.8667,0.0007,1.5072,1.9657,0.3558
1.6867,0.0008,1.2229,1.3637,0.3558
1.9741,0.0009,1.3171,2.2698,0.3374
1.7723,0.0009,1.2829,1.7322,0.3512
2.2890,0.0010,1.3243,2.2153,0.3512
1.8264,0.0008,1.8923,1.8778,0.3801
2.1617,0.0008,1.5275,2.1298,0.3383
1.8101,0.0007,1.3117,1.8610,0.3369
1.6152,0.0009,1.3155,1.6380,0.3483
1.5672,0.0006,1.3143,1.4244,0.3483
1.8209,0.0007,1.2955,1.9289,0.3403
2.0285,0.0006,1.1936,1.9233,0.3456
1.3409,0.0008,1.4133,1.1071,0.3456
2.7118,0.0008,1.3189,2.8299,0.3730
1.5270,0.0007,1.7138,1.0365,0.3620
1.5499,0.0007,1.4072,1.7511,0.3538
1.6456,0.0006,1.6026,1.5619,0.3538
1.5950,0.0006,1.6027,1.8964,0.3477
1.7795,0.0006,1.3304,1.7566,0.3498
1.9170,0.0007,1.1669,1.7449,0.3292
1.6320,0.0006,1.5119,1.6311,0.3336
2.0335,0.0007,1.5474,2.1134,0.3336
2.3501,0.0009,1.4561,2.2387,0.3569
1.4247,0.0008,1.6185,1.2281,0.3756
1.8681,0.0008,1.3083,1.8924,0.3434
2.1442,0.0008,1.4663,2.4337,0.3532
1.6642,0.0008,1.3790,1.5078,0.3442
1.7164,0.0008,1.6448,1.7176,0.3497
1.4292,0.0008,1.4762,1.5941,0.3358
1.5853,0.0005,1.3803,1.3583,0.3463
1.8583,0.0009,1.5300,1.9718,0.3575
2.2708,0.0011,1.6766,2.2176,0.3709
2.8909,0.0011,1.7097,1.5929,0.3920
1.7202,0.0007,3.1031,2.7881,0.3517
1.4938,0.0009,1.3359,1.8004,0.3510
1.9714,0.0009,1.2805,1.9387,0.3455
1.6731,0.0006,1.2503,1.3230,0.3645
1.9842,0.0008,1.5903,2.2681,0.3601
1.8502,0.0007,1.5806,1.5567,0.3563
1.7743,0.0008,1.7172,1.9982,0.3563
2.5720,0.0009,1.4652,2.6126,0.3646
1.6635,0.0172,1.6728,1.5508,0.3691
1.8387,0.0007,1.8508,1.7851,0.3500
1.6226,0.0007,1.7183,1.5183,0.3463
1.7894,0.0006,1.5540,2.1268,0.3686
1.5792,0.0009,1.3628,1.5919,0.3686
2.1198,0.0007,1.2240,2.0607,0.3487
2.0129,0.0010,1.4219,1.9542,0.3483
1.9349,0.0008,1.6877,1.9185,0.3562
1.9142,0.0008,1.4760,1.8052,0.3562
2.5127,0.0171,1.6138,2.4233,0.3635
1.9523,0.0008,1.7960,2.1769,0.3561
1.6876,0.0007,1.4001,1.5729,0.3561
2.1338,0.0006,1.5501,2.1161,0.3408
1.7057,0.0006,1.7043,1.6282,0.3426
1.4777,0.0007,1.6301,1.7120,0.3426
1.6259,0.0008,1.2684,1.6086,0.3553
2.1252,0.0012,1.2374,2.0701,0.3618
1.7943,0.0010,1.3853,1.5349,0.3503
1.6395,0.0008,1.6794,1.7707,0.3556
1.6441,0.0006,1.6825,1.7972,0.3556
1.6842,0.0006,1.4320,1.4765,0.3416
1.8911,0.0006,1.6076,1.8771,0.3422
2.3878,0.0008,1.2693,2.3649,0.3556
1.3588,0.0008,1.6019,1.5704,0.3571
2.0566,0.0008,1.2057,2.0087,0.3507
1.9202,0.0010,1.2609,1.8319,0.3480
1.5837,0.0008,1.4975,1.6535,0.3480
2.1890,0.0009,1.4838,2.0557,0.3543
1.6236,0.0008,1.5973,1.7853,0.3614
2.0691,0.0007,1.2862,2.0539,0.3613
1.5692,0.0008,1.3204,1.5767,0.3613
2.5626,0.0008,1.3234,2.2491,0.3441
1.8491,0.0006,1.9209,1.3836,0.3348
1.4360,0.0006,1.6619,1.9554,0.3398
2.0574,0.0008,1.4486,2.1249,0.3610
2.2010,0.0008,1.6579,1.9267,0.3640
1.5663,0.0008,2.0307,1.8813,0.3557
1.6844,0.0008,1.2826,1.6767,0.3434
1.8798,0.0009,1.3212,1.7061,0.3430
1.6090,0.0008,1.5430,1.8041,0.3444
2.0475,0.0007,1.2665,2.0191,0.3371
1.5331,0.0243,1.1731,1.3610,0.3496
2.3263,0.0007,1.4610,2.4724,0.3491
1.6195,0.0011,1.4192,1.5638,0.3387
1.7573,0.0007,1.4376,1.7751,0.3387
2.2396,0.0010,1.4490,2.2253,0.3424
1.9892,0.0007,1.3365,1.9661,0.3424
1.8434,0.0010,1.3489,1.8262,0.3428
2.5710,0.0006,1.4372,2.4322,0.3538
1.3720,0.0007,1.6226,1.4901,0.3422
1.4071,0.0006,1.1906,1.5106,0.3396
1.7410,0.0008,1.1717,1.4800,0.3396
2.4024,0.0008,1.2487,2.5408,0.3766
1.6271,0.0010,1.4800,1.6602,0.5460
1.6593,0.0006,1.4154,1.4565,0.3473
1.6998,0.0006,1.6165,1.8807,0.3587
1.9085,0.0007,1.4038,1.9190,0.3553
1.3174,0.0007,1.5466,0.9388,0.3553
2.4310,0.0008,1.3058,2.7199,0.3523
1.7992,0.0009,1.3805,1.5353,0.3444
1.9117,0.0007,1.5449,2.0071,0.3444
2.4431,0.0007,1.3455,2.5090,0.3686
1.6892,0.0006,1.5627,1.7358,0.3894
1.9560,0.0007,1.4436,1.9015,0.3618
2.0050,0.0007,1.5641,2.0893,0.3608
1.4754,0.0007,1.3380,1.5245,0.3608
2.3648,0.0011,1.1929,2.1844,0.3408
1.6728,0.0008,1.5134,1.8189,0.3390
1.8252,0.0007,1.3064,1.8377,0.3390
2.0689,0.0008,1.2392,1.8994,0.3396
2.3652,0.0010,1.5755,2.4214,0.3534
2.0042,0.0008,1.5060,2.0175,0.3782
1.8403,0.0007,1.4135,1.8863,0.3782
1.5942,0.0007,1.3196,1.5931,0.3782
1.7958,0.0008,1.2247,1.7847,0.3481
2.2934,0.0008,1.3361,2.2264,0.3294
1.8948,0.0009,1.4949,1.9164,0.3399
2.0460,0.0008,1.3090,2.0556,0.3399
2.0557,0.0010,1.2984,1.5822,0.3601
2.1584,0.0008,1.8551,2.3982,0.3769
1.4923,0.0010,1.6112,1.3368,0.3480
1.8487,0.0009,1.4548,1.8876,0.3645
2.0022,0.0007,1.8871,1.8399,0.3420
1.9786,0.0009,1.9373,1.7918,0.3481
1.5133,0.0008,1.9209,1.3231,0.3589
1.7856,0.0008,1.3593,2.1125,0.3594
2.1911,0.0010,1.5291,2.1644,0.3355
1.5740,0.0008,1.5771,1.6618,0.3691
2.0320,0.0008,1.5308,1.9881,0.3844
1.6243,0.0008,1.5980,1.6656,0.3604
1.4697,0.0006,1.3298,1.4961,0.3604
1.8952,0.0006,1.1997,1.6790,0.3563
1.8441,0.0007,1.2821,1.7780,0.3375
1.6743,0.0006,1.6376,1.7524,0.3373
2.0654,0.0007,1.4596,2.1930,0.3422
1.3522,0.0006,1.2646,1.0215,0.3422
2.1029,0.0009,1.3414,2.3444,0.3433
1.9985,0.0007,1.5051,1.8908,0.3433
1.9038,0.0010,1.5836,1.9195,0.3699
1.7971,0.0008,1.6759,1.5290,0.3548
2.1869,0.0009,1.8181,2.5780,0.3310
1.5358,0.0010,1.4335,1.3780,0.3382
1.9106,0.0009,1.4314,2.0435,0.3486
1.7845,0.0008,1.3408,1.6229,0.3387
1.8446,0.0008,1.4692,2.0423,0.3320
2.4418,0.0008,1.3227,2.3281,0.3655
1.7534,0.0008,1.4881,1.7876,0.3608
1.4122,0.0006,1.4000,1.3737,0.3783
1.7199,0.0007,1.3841,1.5394,0.3444
2.1427,0.0007,1.6869,2.2808,0.3535
2.0095,0.0008,1.7022,2.0519,0.3426
1.7116,0.0011,1.3520,1.7421,0.3476
2.0162,0.0007,1.3087,1.8862,0.3407
1.8025,0.0006,1.6382,1.8194,0.3498
2.2443,0.0008,1.7331,2.2320,0.3563
2.3683,0.0007,1.6322,2.1523,0.3673
2.0047,0.0008,1.9135,2.2892,0.3682
1.3129,0.0009,1.6044,0.9905,0.3650
1.6722,0.0007,1.2548,1.8812,0.3331
1.8476,0.0007,1.6424,1.8136,0.3378
1.3106,0.0006,1.6975,1.4989,0.3454
1.5368,0.0006,1.2068,1.4124,0.3669
2.1737,0.0009,1.2653,2.1214,0.3543
1.7010,0.0008,1.4702,1.7800,0.3731
1.7006,0.0008,1.4225,1.6504,0.3760
1.4544,0.0005,1.7037,1.5180,0.3760
2.2319,0.0007,1.2394,1.9576,0.3325
1.9315,0.0009,1.4818,2.1424,0.3325
1.9963,0.0006,1.4304,2.0336,0.3512
1.7316,0.0006,1.4551,1.7180,0.3512
1.7293,0.0007,1.2745,1.5896,0.3376
1.8398,0.0007,1.5321,1.9989,0.3319
1.9323,0.0007,1.3082,1.8805,0.3503
2.0936,0.0010,1.2328,1.6274,0.3452
1.6170,0.0010,1.9611,1.7826,0.3452
2.0092,0.0006,1.5258,2.2957,0.3427
1.4229,0.0006,1.2463,1.4651,0.3448
1.4625,0.0008,1.1054,1.3904,0.3448
1.9631,0.0007,1.1976,1.9083,0.3430
2.5225,0.0008,1.1025,2.3102,0.3493
1.6009,0.0006,1.4790,1.4227,0.3355
2.1294,0.0009,1.4790,2.4342,0.3558
1.6607,0.0007,1.3401,1.7186,0.3948
1.7961,0.0007,1.4303,1.8162,0.3565
1.5676,0.0008,1.2155,1.2332,0.3511
2.0754,0.0007,1.3257,2.2351,0.3441
1.2957,0.0006,1.4487,0.9690,0.3532
1.5777,0.0009,1.1043,1.9109,0.3339
2.1246,0.0007,1.2565,2.0504,0.3339
1.9841,0.0006,1.1499,2.0329,0.3467
1.8333,0.0006,1.1405,1.3746,0.3345
2.4169,0.0009,1.2001,2.7362,0.3612
1.6995,0.0010,1.5559,1.7755,0.3279
1.2153,0.0006,1.3959,1.2712,0.3279
2.3253,0.0008,1.1149,2.2087,0.3324
1.8862,0.0008,1.4110,1.1401,0.3713
1.4239,0.0008,1.8537,1.7777,0.3367
1.3420,0.0004,1.3458,1.2512,0.3507
1.5338,0.0006,1.3498,1.9388,0.3598
1.3194,0.0005,1.0222,1.1303,0.3598
1.8616,0.0005,1.1640,1.9958,0.3375
1.9503,0.0007,1.2303,1.9059,0.3518
1.7192,0.0006,1.5759,1.5901,0.3738
1.4002,0.0006,1.6976,1.4872,0.3738
2.3118,0.0005,1.1619,2.0524,0.3389
1.5814,0.0005,1.6135,1.6875,0.3544
1.4146,0.0004,1.4612,1.6362,0.3486
1.6631,0.0006,1.0984,1.6446,0.3653
1.4267,0.0005,1.0822,1.3674,0.3653
2.0024,0.0006,1.2040,1.7151,0.3482
1.5853,0.0008,1.6699,1.5702,0.3529
2.3688,0.0007,1.3497,2.4920,0.3482
1.7384,0.0010,1.6301,1.7042,0.3474
1.6472,0.0006,1.5437,1.7275,0.3512
2.0698,0.0007,1.6628,2.1820,0.3603
1.2573,0.0006,1.2138,0.8770,0.3603
1.3817,0.0004,1.2421,1.4901,0.3507
2.2236,0.0005,1.1953,2.3535,0.3530
1.6927,0.0004,1.2862,1.5995,0.3340
1.9888,0.0007,1.0437,2.0352,0.3468
1.6602,0.0008,1.1786,1.4298,0.3468
2.1003,0.0006,1.3969,2.4520,0.3583
1.5692,0.0008,1.1806,1.4176,0.3425
1.6751,0.0005,1.5734,1.8022,0.3319
1.4418,0.0005,1.3079,1.4810,0.3463
1.3825,0.0006,1.1130,1.1653,0.3463
1.6170,0.0005,1.4020,1.8095,0.3603
1.6759,0.0004,1.1333,1.4081,0.3380
1.4326,0.0005,1.2427,1.4730,0.3380
19.9941,0.0008,19.3504,2.2598,0.3544
1.4028,0.0004,1.7678,1.3729,0.3544
1.4799,0.0003,1.5718,1.5207,0.3655
1.2890,0.0004,1.1873,1.3162,0.3445
1.4857,0.0003,1.3877,1.7344,0.3673
1.9055,0.0005,1.1925,1.8911,0.3432
1.3063,0.0003,1.1552,1.3109,0.3432
1.7177,0.0004,1.0983,1.6420,0.3563
1.5181,0.0005,1.2331,1.1941,0.3487
2.2143,0.0005,1.1040,2.6581,0.3499
1.5724,0.0007,1.1402,1.5234,0.3615
1.9061,0.0007,1.7258,1.3577,0.3866
1.4618,0.0007,1.4440,1.8274,0.3461
1.9054,0.0005,1.4150,1.6467,0.3461
1.6286,0.0006,1.3926,1.9535,0.3458
1.7728,0.0005,1.1392,1.7271,0.3411
1.5087,0.0005,1.3495,1.6302,0.3411
1.9894,0.0003,1.1464,1.8201,0.3445
1.2345,0.0004,1.2593,0.9659,0.3445
1.4558,0.0003,1.2215,1.8367,0.3476
1.4721,0.0005,0.8941,1.3651,0.3476
1.8611,0.0005,1.0567,1.9223,0.5466
1.6361,0.0007,1.0682,1.4771,0.4017
1.6114,0.0006,1.0721,1.7810,0.3321
1.8147,0.0006,1.0309,1.8016,0.3601
1.1641,0.0006,1.0098,1.1905,0.3473
1.3200,0.0006,0.9634,1.2189,0.3578
1.6645,0.0004,1.1765,1.7277,0.3578
1.5141,0.0005,1.0750,1.4360,0.3567
1.7319,0.0007,0.9154,1.3329,0.3418
1.2700,0.0004,1.2535,1.5751,0.3378
1.8169,0.0007,1.1621,1.6910,0.3661
1.4270,0.0004,1.8833,1.4895,0.3694
1.9617,0.0005,1.1112,2.1550,0.3505
1.4418,0.0003,1.0573,1.3916,0.3505
1.9634,0.0005,0.9993,2.0189,0.3412
1.7177,0.0003,0.9734,1.7217,0.3351
1.4165,0.0003,0.9424,1.0847,0.3444
2.1506,0.0004,1.2595,2.2925,0.3411
1.3288,0.0004,1.2380,1.4699,0.3457
1.1533,0.0003,1.0586,0.8702,0.3457
1.7950,0.0007,1.0522,2.0451,0.3775
1.5115,0.0004,1.1430,1.5219,0.3775
1.6005,0.0006,1.0469,1.1463,0.3436
1.4482,0.0005,1.4186,1.3836,0.3483
1.7006,0.0003,1.2598,2.1031,0.3483
1.8317,0.0004,1.0401,1.8445,0.3430
1.8070,0.0004,0.9326,1.3913,0.3426
1.0728,0.0003,1.2078,1.4104,0.3426
1.8123,0.0003,0.9214,1.9164,0.3471
2.0202,0.0005,0.9184,1.9905,0.3435
1.9256,0.0006,1.1922,1.3186,0.3706
1.4954,0.0006,2.0887,1.1757,0.3634
1.0739,0.0006,1.1958,1.1629,0.3742
0.9205,0.0005,0.9990,0.9616,0.3501
1.3805,0.0005,0.9066,1.3364,0.3486
1.5230,0.0004,1.3487,1.2281,0.3624
1.0793,0.0006,1.4173,1.2456,0.3425
1.4367,0.0004,0.9107,1.6457,0.3653
1.4463,0.0006,0.9715,1.0367,0.3300
1.6154,0.0006,1.7547,1.0432,0.3381
1.1085,0.0004,1.3437,0.9340,0.3647
0.9763,0.0004,1.0656,1.1229,0.3591
1.7210,0.0006,1.0126,1.8541,0.3555
1.5493,0.0004,1.3336,1.0182,0.3756
1.2532,0.0004,1.3380,1.7595,0.3619
1.2005,0.0004,1.0254,1.1943,0.3452
1.2500,0.0004,0.9475,1.2232,0.3452
1.3187,0.0005,0.9238,1.1818,0.3487
1.6315,0.0004,0.9614,1.5944,0.3583
1.8690,0.0008,1.4641,1.0184,0.3550
1.1554,0.0005,1.7220,1.0184,0.3524
1.3893,0.0004,1.0247,0.8688,0.3623
1.3704,0.0004,1.4941,0.8688,0.3458
1.6654,0.0008,1.4086,0.8312,0.3639
1.6682,0.0005,1.8726,0.8312,0.3681
1.1317,0.0005,1.3582,0.9828,0.3681
1.2988,0.0005,1.0355,1.4851,0.3532
1.1970,0.0005,1.3278,0.7751,0.3568
1.0928,0.0006,0.9710,1.1467,0.3626
0.9924,0.0003,1.1649,0.9596,0.3467
1.2495,0.0003,0.9282,1.3501,0.3467
1.4098,0.0003,0.9022,1.4594,0.3502
1.5272,0.0004,0.8975,1.4482,0.3663
1.0966,0.0005,1.1877,1.2366,0.3446
1.1336,0.0004,0.9351,1.0507,0.3446
1.5983,0.0003,0.9324,1.3338,0.3668
1.1147,0.0004,1.2897,1.4323,0.3447
1.3248,0.0004,0.9432,1.1395,0.3447
1.7714,0.0004,0.9642,1.9474,0.3706
1.1766,0.0003,1.0248,1.1140,0.3680
1.3947,0.0005,1.0753,1.4566,0.3567
1.4506,0.0004,1.3191,1.3374,0.3567
1.6218,0.0003,1.1175,1.5972,0.3448
1.5359,0.0202,1.3446,1.1246,0.3503
1.2971,0.0006,1.5241,1.1560,0.3491
1.0362,0.0004,1.0629,0.9088,0.3609
0.9894,0.0004,0.9851,1.2809,0.3673
1.1974,0.0004,0.9989,1.1970,0.3673
1.2360,0.0005,1.0447,1.1181,0.3534
1.2255,0.0005,0.9560,1.3199,0.3528
1.8439,0.0007,0.9747,1.7366,0.3460
1.6537,0.0006,1.4110,1.0562,0.3888
1.8282,0.0006,1.7059,0.9243,0.3577
1.4792,0.0006,1.7958,0.9243,0.3569
1.2823,0.0006,1.2487,0.9803,0.3569
1.0949,0.0005,1.3231,0.8790,0.3520
1.2228,0.0009,1.0019,1.2594,0.3636
1.2968,0.0004,1.3346,1.2909,0.3424
1.3213,0.0003,1.3449,1.3574,0.3424
1.4410,0.0003,1.1681,1.6274,0.3373
1.3007,0.0003,0.9443,1.2893,0.3414
1.2273,0.0004,0.9403,1.2178,0.3353
1.8224,0.0005,0.9878,1.3045,0.3638
1.9393,0.0004,1.5433,2.1737,0.3530
1.2170,0.0003,1.5136,1.1382,0.3476
1.3642,0.0006,1.0459,1.6027,0.3444
1.3218,0.0004,1.1390,1.1488,0.3444
1.5719,0.0004,1.0961,1.5528,0.3453
1.6222,0.0004,1.0724,1.6262,0.3357
1.8110,0.0003,1.0013,1.8220,0.3338
1.5553,0.0003,1.1537,1.7182,0.3512
1.4747,0.0003,0.9822,0.9885,0.3685
1.0052,0.0002,1.5035,1.4903,0.3685
1.7282,0.0004,0.9812,1.6469,0.3682
1.5167,0.0004,1.1035,1.5447,0.3451
1.1830,0.0003,1.0365,1.1015,0.3451
1.9700,0.0004,0.9576,2.0415,0.3378
1.6034,0.0004,1.0665,1.1006,0.3378
1.7483,0.0005,1.5740,2.0195,0.3363
1.6143,0.0003,1.1502,1.5568,0.3509
1.4839,0.0003,1.3819,1.2389,0.3546
1.0784,0.0003,1.4414,1.4063,0.3546
1.2858,0.0004,0.9053,1.2669,0.3448
1.4509,0.0005,1.1521,1.3672,0.3419
1.7361,0.0005,1.5425,1.9929,0.3830
1.2750,0.0006,1.1040,0.9335,0.3662
1.5510,0.0004,1.1607,1.8101,0.3662
1.4366,0.0007,1.1385,1.3926,0.3630
1.4157,0.0004,1.3239,1.1635,0.3630
1.7005,0.0004,1.3412,2.0409,0.3614
1.4252,0.0003,1.1861,1.2352,0.3450
2.0331,0.0006,1.3292,1.7916,0.3464
1.4888,0.0005,1.4481,1.7690,0.3464
1.6435,0.0005,1.4207,1.7641,0.3647
1.4677,0.0005,1.0806,1.2629,0.3334
2.5012,0.0005,1.2267,2.4959,0.3740
1.3936,0.0005,1.8578,0.9508,0.3312
1.4064,0.0007,1.2021,1.7260,0.3432
1.5023,0.0004,1.5317,1.5797,0.3432
1.6075,0.0004,1.2482,1.2905,0.3430
1.8068,0.0004,1.2314,2.0901,0.3408
1.3133,0.0004,1.0833,1.3450,0.3426
1.5200,0.0006,1.0853,1.0890,0.3422
1.1043,0.0005,1.5632,1.3838,0.3422
1.5668,0.0004,1.0356,1.4516,0.3423
2.0111,0.0005,1.0966,2.1811,0.3477
1.5504,0.0006,1.1731,1.5681,0.3595
1.3095,0.0005,1.1903,1.3255,0.3595
1.6385,0.0007,1.1812,1.4589,0.3422
1.5545,0.0004,1.1505,1.7232,0.3537
1.3300,0.0004,1.1467,1.1654,0.3656
1.1786,0.0005,1.3419,1.3051,0.3557
1.3255,0.0004,0.9927,1.2902,0.3557
1.4433,0.0003,0.9420,1.3019,0.3399
1.3499,0.0004,0.9457,1.5842,0.3399
1.1843,0.0005,0.9344,1.0427,0.3543
1.8544,0.0008,0.9668,1.4970,0.3559
2.0710,0.0009,1.6531,1.7018,0.3728
1.8537,0.0008,2.2216,0.9901,0.3696
1.5870,0.0005,1.7887,0.9901,0.3469
1.2588,0.0006,1.4824,1.2316,0.3430
1.0999,0.0005,1.0780,1.4393,0.3927
1.1597,0.0007,1.0238,0.9752,0.3927
1.3291,0.0006,1.1338,1.3985,0.3563
1.5823,0.0007,1.0845,1.4481,0.3431
1.8000,0.0005,1.3781,1.8928,0.3620
1.9358,0.0008,1.2152,1.8324,0.3577
1.3624,0.0005,1.3434,1.5666,0.3572
1.8367,0.0007,1.3467,1.0329,0.3815
1.1185,0.0004,1.6771,1.3401,0.3370
1.3184,0.0003,0.9768,1.3489,0.3370
1.3940,0.0004,0.9787,1.6148,0.3595
1.7987,0.0004,0.9494,1.8049,0.3457
1.1597,0.0003,0.9922,0.9346,0.3406
1.3211,0.0004,1.0969,1.5405,0.3607
1.4081,0.0005,1.0610,1.1897,0.3451
1.3822,0.0005,1.4004,1.4252,0.3504
1.2793,0.0004,1.4368,1.0116,0.3428
1.5691,0.0005,1.1465,1.5386,0.3587
1.3156,0.0004,1.2237,1.6033,0.3587
1.6791,0.0005,1.1631,1.4376,0.3489
1.3444,0.0005,1.4111,1.5845,0.3408
1.4934,0.0004,1.0798,1.4913,0.3530
1.5376,0.0003,1.2034,1.4016,0.3402
1.3815,0.0004,1.2996,0.9309,0.3718
1.0523,0.0003,1.3942,1.2403,0.3466
1.1242,0.0003,0.9432,1.0775,0.3421
1.4317,0.0004,0.9115,1.6321,0.3421
1.4949,0.0005,0.9016,1.3801,0.3339
1.8509,0.0008,0.9086,2.0063,0.3432
1.3548,0.0008,1.0847,1.2807,0.3432
2.4390,0.0009,1.2526,2.2395,0.3347
1.8150,0.0007,1.7062,1.8131,0.3474
1.2510,0.0009,1.5181,1.0543,0.3429
1.2977,0.0007,1.0627,1.2951,0.3334
1.7778,0.0006,1.3359,2.0759,0.3334
1.4918,0.0005,1.0404,1.1124,0.3374
1.3882,0.0004,1.3144,1.3781,0.3430
1.2416,0.0005,1.4021,1.3385,0.3430
1.7658,0.0004,1.1044,1.9730,0.3523
1.6839,0.0005,0.9239,1.3555,0.3486
1.9124,0.0009,1.4633,1.7721,0.3486
1.7136,0.0003,2.0514,1.3897,0.3867
1.1111,0.0003,1.4324,1.3857,0.3361
1.4696,0.0005,0.9502,1.7189,0.3447
1.6023,0.0004,0.8997,1.1776,0.3326
1.4192,0.0006,1.2339,1.4873,0.3514
1.0504,0.0006,1.2124,1.3294,0.3476
1.2717,0.0005,0.9513,1.0865,0.3476
1.5248,0.0004,0.9368,1.5573,0.3552
1.2642,0.0004,1.2178,1.3050,0.3552
1.6672,0.0004,0.9551,1.7743,0.3521
1.3051,0.0005,1.0156,1.2528,0.3521
2.2372,0.0004,1.1704,2.2358,0.3719
1.7186,0.0004,1.1359,1.6277,0.3545
1.4442,0.0005,1.1972,1.4306,0.3545
1.4058,0.0005,1.3315,1.2585,0.3545
1.5328,0.0005,1.5984,1.4786,0.3456
1.0029,0.0005,1.3196,1.1541,0.3456
1.3619,0.0003,0.8918,1.5543,0.3390
1.1985,0.0002,0.8748,1.1908,0.3475
1.3740,0.0004,0.9172,1.1320,0.3655
1.1486,0.0003,1.2295,1.2142,0.3655
1.2808,0.0005,1.0109,1.4278,0.3555
1.6519,0.0007,0.9565,1.1441,0.5239
1.2521,0.0006,1.7952,1.5443,0.5239
2.1078,0.0005,1.1311,2.2828,0.3564
1.3112,0.0005,1.0395,1.1056,0.3564
1.5007,0.0004,1.3246,1.7297,0.3496
1.3422,0.0005,0.9061,1.1240,0.3375
1.8809,0.0004,0.9313,2.0832,0.3457
1.1071,0.0003,0.9128,1.1017,0.3532
1.5768,0.0004,0.9720,1.4343,0.3318
1.6423,0.0005,1.3586,1.3941,0.3383
1.7151,0.0005,1.1871,1.9367,0.3383
1.4891,0.0003,1.1743,1.6018,0.3534
1.4813,0.0004,1.1290,1.4978,0.4096
1.5371,0.0003,0.9928,1.2920,0.3627
1.3594,0.0006,1.2662,1.4651,0.3527
1.4550,0.0006,1.3937,1.2227,0.3481
1.0280,0.0003,1.3757,1.2807,0.3481
1.2473,0.0006,0.9453,1.0978,0.3458
1.3518,0.0007,1.1481,1.5879,0.3367
1.2803,0.0003,1.1814,1.2536,0.3428
1.6084,0.0003,0.9809,1.4459,0.3471
1.6696,0.0005,1.0807,1.5526,0.3418
1.0953,0.0005,1.3201,1.0391,0.3481
2.0935,0.0008,1.0986,2.1791,0.3774
1.2297,0.0008,1.7668,1.2978,0.3774
1.6646,0.0007,1.1515,1.4122,0.3321
1.3918,0.0004,1.3095,1.3634,0.3614
1.3855,0.0004,1.2667,1.7217,0.3469
1.5743,0.0004,0.9472,1.4327,0.3456
1.0999,0.0004,1.2428,0.8270,0.3465
1.4206,0.0006,1.1086,1.1056,0.3495
1.1041,0.0005,1.3995,1.1705,0.3535
1.1929,0.0004,1.0444,1.1249,0.3525
1.4358,0.0004,1.2212,1.4814,0.3399
1.0834,0.0005,1.3503,1.3133,0.3399
2.0516,0.0006,0.9277,2.0233,0.5314
1.1023,0.0005,1.0755,1.0941,0.5314
1.5674,0.0005,1.0121,1.5224,0.3698
1.4482,0.0005,1.2136,1.1854,0.3332
1.3929,0.0009,1.4516,1.4147,0.3542
1.5364,0.0007,1.4428,1.3931,0.3366
1.0436,0.0007,1.2884,1.3000,0.3657
1.1725,0.0006,0.9606,1.3654,0.3353
1.7182,0.0006,1.0053,1.7141,0.3574
1.5432,0.0004,1.0142,1.2297,0.3456
1.4102,0.0005,1.2482,1.4133,0.3442
1.6851,0.0005,1.1368,1.6319,0.3572
1.3260,0.0005,1.3070,1.6322,0.3572
1.3353,0.0004,1.1133,1.2349,0.3563
1.8144,0.0004,0.9704,1.9218,0.3508
1.4397,0.0005,1.1559,0.8996,0.3431
1.3940,0.0004,1.3713,1.1094,0.3399
1.1213,0.0005,1.4070,1.2749,0.3547
1.1679,0.0003,0.9899,1.1746,0.3547
1.5457,0.0005,1.0195,1.6842,0.3449
1.4371,0.0003,1.2386,1.3592,0.3461
1.4448,0.0004,1.5545,1.1876,0.3451
1.6204,0.0005,1.2785,1.9013,0.3380
1.4726,0.0005,1.2369,1.4800,0.3380
2.0791,0.0005,1.1177,2.1768,0.3532
1.1799,0.0004,1.0123,1.2188,0.3532
1.3047,0.0005,0.9732,1.1030,0.3389
1.9157,0.0006,1.1161,1.8512,0.3416
1.4401,0.0006,1.5039,1.3690,0.3416
2.0650,0.0005,1.0912,2.1912,0.3469
1.5608,0.0007,1.4341,1.2477,0.3375
1.6233,0.0004,1.3736,2.0708,0.3472
0.9611,0.0004,1.3074,0.9976,0.3472
1.7456,0.0005,0.8939,1.6961,0.3627
1.1124,0.0005,0.9968,1.0301,0.3756
1.9041,0.0006,1.1010,1.9554,0.3788
1.3605,0.0004,1.1077,0.9229,0.3504
1.0676,0.0005,1.4018,1.4434,0.3504
1.4158,0.0005,1.0273,1.3811,0.3665
1.7152,0.0003,1.1549,1.5521,0.3392
1.8154,0.0003,0.9588,1.7885,0.3335
1.4085,0.0003,1.1853,1.3686,0.3466
1.4011,0.0005,1.3992,1.3596,0.3552
1.1403,0.0004,1.0784,1.0081,0.3676
1.7115,0.0004,1.1401,2.0976,0.3442
1.1497,0.0005,0.9877,1.0950,0.3442
2.0419,0.0005,1.8314,1.2441,0.3892
1.6463,0.0004,1.6414,1.1315,0.3350
1.0130,0.0004,1.3679,1.2856,0.3519
0.9885,0.0005,1.0311,1.2470,0.3519
1.6270,0.0004,0.9070,1.3496,0.3556
1.9791,0.0007,0.9200,2.1147,0.3500
1.2506,0.0004,1.3766,0.7549,0.3567
1.2491,0.0006,1.0233,1.1479,0.3441
1.2805,0.0005,1.2953,1.2419,0.3483
1.2115,0.0004,1.3479,1.5125,0.3483
1.4611,0.0005,0.9840,1.3304,0.3499
1.9134,0.0004,1.0704,1.7045,0.3648
1.4588,0.0005,1.5039,1.8480,0.3648
1.7798,0.0006,1.2537,1.6811,0.3515
1.3830,0.0003,1.1808,1.5045,0.3515
1.2190,0.0005,0.9802,1.1363,0.3287
1.3225,0.0004,1.2073,1.1607,0.3493
1.9643,0.0002,1.0525,2.1924,0.3503
1.1885,0.0003,1.0080,1.1684,0.3366
1.4761,0.0004,0.9921,1.3536,0.3366
1.8917,0.0004,1.1838,1.5878,0.3463
1.7208,0.0005,1.4217,1.4606,0.3841
1.2857,0.0006,1.6194,1.9373,0.3841
1.6662,0.0005,1.1613,1.2516,0.3472
1.3945,0.0006,1.2578,1.7542,0.3471
1.4890,0.0004,1.0252,1.3565,0.3552
1.6106,0.0006,1.1870,1.5986,0.3464
1.0400,0.0005,1.2466,1.1778,0.3446
1.4859,0.0004,0.9423,1.5385,0.3397
1.2836,0.0004,0.9833,1.2820,0.3397
1.4677,0.0006,0.9689,1.4235,0.3389
1.4702,0.0005,1.0223,1.1950,0.3514
1.0721,0.0006,1.2851,1.3799,0.3514
1.7346,0.0007,0.9306,1.6459,0.3696
2.0590,0.0007,1.4306,1.1763,0.3935
1.1258,0.0006,1.7068,1.7481,0.3558
1.5307,0.0006,1.1118,1.7449,0.3585
1.6718,0.0008,1.1254,1.6669,0.3632
1.1151,0.0004,1.2155,1.0664,0.3632
1.1587,0.0003,0.9994,1.2470,0.3475
1.8794,0.0006,0.9512,1.4275,0.3583
1.2233,0.0005,1.4046,1.5125,0.3567
1.2845,0.0005,1.0068,1.2496,0.3567
1.5311,0.0006,0.9424,1.5250,0.3603
1.7135,0.0007,1.2684,1.6688,0.3436
2.1461,0.0004,1.4139,2.1586,0.3680
1.4286,0.0004,1.2953,1.4615,0.3588
1.1118,0.0004,1.4014,1.2561,0.3588
1.1324,0.0004,0.9744,1.1494,0.3485
1.2140,0.0004,0.9412,1.0705,0.3485
1.3421,0.0006,0.9757,1.3349,0.3333
1.3496,0.0007,0.9860,1.4544,0.3511
1.1183,0.0006,1.0387,1.1314,0.3421
1.2061,0.0003,0.9723,1.1052,0.3364
1.1680,0.0003,1.1110,1.2065,0.3497
1.5810,0.0005,1.0980,1.6482,0.3415
1.4417,0.0006,0.9374,1.2954,0.3415
1.2269,0.0007,1.1496,1.1382,0.3690
1.6506,0.0006,1.4334,1.6778,0.3909
1.5243,0.0006,1.5141,1.2617,0.3318
1.5477,0.0004,1.5212,1.3325,0.3612
1.3129,0.0003,1.4584,1.3308,0.3631
1.0409,0.0004,1.3035,1.4307,0.3627
1.3412,0.0003,0.9101,1.2805,0.3627
2.0236,0.0003,0.9021,1.9830,0.3444
1.4264,0.0006,1.2080,1.2453,0.3565
1.5346,0.0005,1.4859,1.4332,0.3371
1.2248,0.0006,1.5991,1.4019,0.3474
1.6449,0.0004,1.0052,1.6240,0.3474
1.5225,0.0005,1.1102,1.7335,0.3498
1.5720,0.0005,1.0692,1.3089,0.3498
1.9014,0.0006,1.0548,2.1013,0.3470
1.3355,0.0005,1.1896,1.2627,0.3548
1.2581,0.0004,1.1572,1.3446,0.3399
1.4297,0.0006,0.9490,1.3365,0.3574
1.8339,0.0004,1.1431,1.4114,0.3468
1.1408,0.0004,1.2839,1.6611,0.3468
2.1740,0.0004,0.9963,2.0169,0.3416
1.5477,0.0009,1.3688,1.1142,0.3540
1.2055,0.0009,1.4092,1.5784,0.3540
2.0256,0.0006,1.2578,2.1153,0.3451
1.2725,0.0005,1.5108,1.3124,0.3632
1.1583,0.0003,1.0224,1.1851,0.3382
1.1323,0.0003,0.9816,1.1198,0.3699
1.6978,0.0003,0.9596,1.6842,0.3645
1.3330,0.0004,0.9604,1.2251,0.3735
1.3230,0.0004,1.1111,1.0854,0.3371
1.0601,0.0004,1.3325,1.3496,0.3371
1.4741,0.0004,0.8992,1.2989,0.3575
1.0922,0.0004,1.3905,1.3020,0.3426
1.3320,0.0003,0.8913,1.2888,0.3521
1.7544,0.0005,0.9635,1.5786,0.3458
1.5861,0.0004,1.1004,1.7502,0.3664
1.6574,0.0006,1.0417,1.1436,0.3939
1.8292,0.0003,1.1398,2.3483,0.3486
1.0023,0.0004,0.9809,0.7797,0.3547
1.5077,0.0003,1.0164,1.7066,0.3607
1.2146,0.0004,1.1450,1.0607,0.3607
1.7655,0.0004,1.2625,1.9213,0.3379
1.4327,0.0004,0.9581,1.2521,0.3379
1.5429,0.0006,0.9923,1.6899,0.3510
1.4106,0.0003,0.9470,1.4176,0.3501
1.9706,0.0005,0.9909,1.8525,0.3811
1.5332,0.0005,1.1696,1.4565,0.3877
1.2004,0.0004,1.2717,1.2931,0.3877
1.9976,0.0006,1.0006,1.8504,0.3607
1.5262,0.0005,1.2000,1.3037,0.3496
1.2697,0.0005,1.5646,1.2634,0.3549
0.9775,0.0003,1.1151,1.2285,0.3549
1.4756,0.0003,0.9265,1.5145,0.3464
1.6158,0.0003,0.9654,1.6755,0.3378
1.2251,0.0003,1.0193,1.0717,0.3378
1.4451,0.0005,1.0539,1.5288,0.3370
1.5565,0.0005,1.0122,1.2920,0.3613
1.3237,0.0004,1.5320,1.3908,0.9521
1.4140,0.0004,1.1293,1.5956,0.3610
1.5950,0.0004,1.0252,1.3519,0.3610
1.8050,0.0004,1.1666,2.1192,0.3511
1.6820,0.0004,0.9660,1.3792,0.3497
1.3094,0.0003,1.3724,1.5251,0.3497
1.9200,0.0003,1.1845,1.8662,0.3408
1.3585,0.0003,1.1924,1.1450,0.3501
1.0268,0.0003,1.2107,1.3611,0.3350
1.0480,0.0003,0.9377,1.0079,0.3350
1.0467,0.0004,0.9202,1.0184,0.3558
1.5177,0.0004,0.9443,1.3756,0.3635
1.7791,0.0005,1.2258,1.6301,0.3706
1.4845,0.0005,1.7165,1.3865,0.3456
1.5174,0.0004,1.2993,1.9348,0.3400
1.6627,0.0005,0.9799,1.6033,0.3423
1.8597,0.0006,1.3635,0.9651,0.3472
1.4178,0.0005,1.6746,1.7813,0.3527
1.0784,0.0005,1.4092,1.5058,0.3553
1.3093,0.0004,0.9390,1.0651,0.3670
1.2223,0.0004,1.1613,1.4754,0.3670
1.3357,0.0005,0.9691,1.0717,0.3485
1.1948,0.0004,1.1889,1.2650,0.3485
1.9386,0.0010,1.1242,2.0693,0.3720
1.4887,0.0006,1.1737,1.2292,0.3457
1.0419,0.0004,1.4245,1.2847,0.3457
1.3050,0.0004,1.0678,1.1598,0.3608
1.4794,0.0004,1.2579,1.3367,0.3412
1.4799,0.0006,1.3834,1.5500,0.3412
1.2674,0.0004,1.2504,1.5241,0.3617
1.5747,0.0004,0.9314,1.1319,0.3406
1.6123,0.0004,1.1412,2.0525,0.3371
1.2005,0.0004,0.9333,1.0995,0.3371
1.7234,0.0003,1.1381,1.5941,0.3462
1.4449,0.0005,1.1510,1.6130,0.3455
1.7674,0.0005,1.2665,1.4888,0.3648
1.7648,0.0005,1.6795,0.9999,0.3608
1.2597,0.0007,1.5436,0.9607,0.3519
1.0550,0.0005,1.1722,0.8690,0.3415
0.9520,0.0002,0.9981,1.0131,0.3553
1.0712,0.0005,0.9233,1.2525,0.3501
1.3421,0.0006,0.9702,1.3359,0.3521
1.1243,0.0004,0.9497,1.1311,0.3534
1.2927,0.0005,0.9497,0.9364,0.3524
1.4463,0.0004,1.4520,1.7823,0.3490
1.4056,0.0005,1.1080,1.0442,0.3640
1.9339,0.0007,1.6869,1.1304,0.3530
1.2863,0.0005,1.8112,1.1304,0.3831
1.1213,0.0004,1.1243,1.5284,0.3852
1.1545,0.0005,0.9769,1.1722,0.3852
1.4105,0.0004,0.9041,1.3674,0.3405
1.5826,0.0005,1.0339,1.2882,0.3309
1.0102,0.0004,1.1953,1.2712,0.3502
1.2908,0.0004,0.8766,1.2288,0.3429
1.3880,0.0005,1.1742,1.2132,0.3431
1.3213,0.0004,1.2023,1.2719,0.3358
1.2548,0.0006,1.2187,1.5425,0.3358
1.4495,0.0004,0.8900,1.3435,0.3483
1.2909,0.0003,0.9047,1.4217,0.3517
1.9066,0.0005,0.9214,1.8544,0.5382
1.6210,0.0003,1.3563,0.8520,0.3827
1.3213,0.0005,1.6228,1.4496,0.3423
1.1263,0.0002,1.0503,0.8642,0.3632
1.4615,0.0004,1.3449,0.9683,0.3548
1.0429,0.0003,1.2802,1.4777,0.3548
1.4574,0.0003,0.8839,1.4300,0.3365
1.2419,0.0004,0.9162,1.2106,0.3365
1.3892,0.0003,0.9852,1.2160,0.3652
1.5932,0.0006,0.9750,1.6679,0.3652
1.6135,0.0004,0.9614,1.3507,0.3530
1.3151,0.0008,1.1600,1.5823,0.3530
1.7757,0.0007,1.0717,1.7003,0.3608
1.4978,0.0007,1.3796,1.4482,0.3593
1.5947,0.0007,1.1751,1.5055,0.3525
1.4858,0.0007,1.4826,1.6159,0.3525
1.6976,0.0006,1.2464,1.5811,0.3509
1.7455,0.0012,1.3472,1.5230,0.3508
2.1385,0.0009,1.7595,2.3598,0.3488
1.4836,0.0006,1.6506,1.5065,0.3494
1.4417,0.0006,1.3581,1.5968,0.3496
1.4292,0.0008,1.2038,1.2085,0.3496
2.0415,0.0009,1.0856,2.1113,0.3547
1.8837,0.0007,1.5728,1.9660,0.3673
1.3454,0.0007,1.4468,1.3616,0.3337
1.7908,0.0003,1.1572,1.8194,0.3526
1.7855,0.0008,1.2209,1.4084,0.3521
1.8752,0.0005,1.6000,2.1095,0.3563
1.4116,0.0005,1.4254,1.3941,0.3474
1.3670,0.0008,1.2971,1.3080,0.3474
1.9479,0.0005,1.1597,2.1366,0.3595
2.0828,0.0007,1.2339,1.6595,0.3452
1.3669,0.0006,1.5881,1.4071,0.3452
1.9424,0.0004,1.2262,1.9001,0.3611
1.5844,0.0005,1.3575,1.9616,0.3587
1.5909,0.0005,1.0896,1.3829,0.3587
1.6933,0.0005,1.1554,1.6892,0.3508
1.5369,0.0008,1.4646,1.6730,0.3361
1.5013,0.0007,1.2144,1.5309,0.3533
1.4971,0.0005,1.1539,1.1353,0.3497
1.6342,0.0008,1.5645,1.9811,0.3447
1.9680,0.0009,1.3842,1.8390,0.3513
2.0959,0.0008,1.6009,2.1484,0.3763
1.4782,0.0007,1.4105,1.2072,0.3763
1.9806,0.0006,1.5095,2.2687,0.3417
1.7494,0.0005,1.2226,1.7734,0.3488
1.8246,0.0006,1.2436,1.6126,0.3458
1.7614,0.0008,1.7827,1.2820,0.3389
1.3155,0.0005,1.6864,1.8494,0.3475
1.0637,0.0007,1.1070,1.1832,0.3492
1.3894,0.0005,1.1032,1.2898,0.3492
2.0509,0.0006,1.1611,2.0650,0.3703
1.3621,0.0007,1.2495,1.2542,0.3628
1.3835,0.0005,1.2977,1.5119,0.3535
1.9492,0.0005,1.2645,1.8430,0.3432
1.2816,0.0007,1.4396,1.3109,0.3432
1.6587,0.0006,1.0732,1.6486,0.3329
1.8571,0.0005,1.0637,1.5676,0.3414
1.4886,0.0003,1.3258,1.7140,0.3519
1.5939,0.0006,1.0197,1.6020,0.3454
1.7219,0.0005,1.2102,1.6797,0.3529
1.3465,0.0007,1.3339,1.4473,0.3529
2.1912,0.0007,1.1337,2.1360,0.3431
1.3777,0.0006,1.3938,1.2874,0.3536
2.0180,0.0007,1.3602,2.1944,0.3439
1.6580,0.0005,1.2531,1.5930,0.3566
1.4384,0.0003,1.3391,1.5458,0.3407
1.5305,0.0004,1.1767,1.2799,0.3347
1.3933,0.0004,1.6546,1.3380,0.3347
1.5323,0.0007,1.2043,1.7431,0.3491
1.8860,0.0006,1.1567,1.8813,0.3419
1.7070,0.0006,1.3183,1.6963,0.3383
1.8481,0.0007,1.2476,1.5068,0.3383
1.9708,0.0008,1.9276,2.2859,0.3767
1.5193,0.0007,1.4370,1.2289,0.3489
1.7645,0.0006,1.3282,1.9828,0.3377
1.5861,0.0006,1.3147,1.4365,0.3377
1.4865,0.0006,1.3336,1.7652,0.3406
1.6611,0.0006,1.2231,1.4008,0.3550
1.6442,0.0006,1.3381,1.8778,0.3550
1.8130,0.0006,1.0948,1.7981,0.3554
1.1855,0.0005,1.1310,0.8837,0.3554
1.8514,0.0006,1.1465,2.0857,0.3651
1.8626,0.0006,1.2859,1.8771,0.3836
1.2491,0.0007,1.2295,1.2945,0.3730
1.1886,0.0006,1.1158,1.1925,0.3730
1.7491,0.0005,1.0730,1.7580,0.3472
1.4543,0.0007,1.1093,1.2197,0.3472
1.7466,0.0006,1.1946,1.9008,0.3347
1.4156,0.0173,1.0666,1.1758,0.3558
1.5548,0.0006,1.4872,1.8482,0.3290
1.4343,0.0005,1.0707,1.1370,0.3478
1.6993,0.0005,1.1866,1.9358,0.3290
1.4922,0.0006,1.0723,1.4269,0.3290
1.6605,0.0005,1.8684,1.7387,0.3515
1.3752,0.0005,1.0396,1.3892,0.3515
1.5416,0.0005,0.9956,1.2594,0.3532
1.8285,0.0005,1.2274,2.0275,0.3418
1.5594,0.0005,1.2153,1.5667,0.3515
1.9928,0.0005,1.4441,2.0255,0.3515
1.8132,0.0008,1.2116,1.8086,0.3444
1.5189,0.0006,1.0692,1.4851,0.3621
1.4929,0.0006,1.2985,1.1606,0.3488
1.9175,0.0005,1.5678,1.8661,0.3503
1.1257,0.0004,1.6898,1.4327,0.3398
1.7491,0.0005,1.1021,1.7940,0.3398
2.0144,0.0003,1.1668,1.9860,0.3620
1.5167,0.0005,1.1158,1.5404,0.3620
1.8169,0.0005,1.1987,1.6287,0.3643
1.8323,0.0008,1.2818,1.7584,0.3573
1.6103,0.0005,1.4142,1.7642,0.3573
2.1284,0.0006,1.2335,2.1648,0.3355
1.3707,0.0005,1.2505,1.0513,0.3355
2.5079,0.0008,1.1745,2.5706,0.3445
1.6998,0.0006,1.6249,1.4617,0.3557
1.4901,0.0006,1.6325,1.5021,0.3343
1.2469,0.0005,1.3464,1.7447,0.3343
1.4291,0.0004,1.1369,1.1035,0.3502
1.5087,0.0005,1.4732,1.5583,0.3423
1.9334,0.0008,1.2798,2.1416,0.3515
1.4039,0.0004,1.1787,1.2072,0.3516
1.3003,0.0003,1.3666,1.4710,0.3516
1.5422,0.0006,1.0024,1.5406,0.3388
1.4067,0.0006,1.0112,1.4106,0.3440
1.8475,0.0006,1.3792,1.8037,0.3549
1.3517,0.0005,1.1764,1.4035,0.3473
1.3992,0.0005,1.1311,1.2136,0.3473
1.8784,0.0007,1.1272,1.9948,0.3406
1.6749,0.0006,1.2677,1.6885,0.3489
1.7215,0.0005,1.3595,1.7509,0.3474
1.5020,0.0004,1.2166,1.3441,0.3474
1.5430,0.0004,0.9882,1.5855,0.3463
1.3752,0.0004,0.9758,1.4979,0.3478
1.4874,0.0005,1.0152,1.3549,0.3518
1.6737,0.0005,1.3921,1.4711,0.3632
1.7420,0.0005,1.6874,1.9095,0.3696
1.6658,0.0006,1.6518,1.2297,0.3576
2.1109,0.0005,1.7816,2.4613,0.3627
1.1616,0.0004,1.4672,1.3618,0.3422
1.4710,0.0004,1.0837,1.1452,0.3332
1.4477,0.0005,1.2137,1.6441,0.3500
1.7376,0.0005,1.2423,1.7817,0.3610
1.4870,0.0004,1.2861,1.2695,0.3462
1.4278,0.0005,1.5675,1.2310,0.3320
1.6339,0.0004,1.5383,2.0255,0.3629
1.3050,0.0009,1.2217,1.2976,0.3629
1.9189,0.0005,1.2126,1.7091,0.3596
1.2478,0.0004,1.6090,1.3760,0.3596
2.1152,0.0005,1.0880,2.0003,0.3562
1.5609,0.0006,1.3608,1.1081,0.3373
1.5273,0.0005,1.6152,1.3896,0.3553
1.1383,0.0008,1.4566,1.4622,0.3505
1.2999,0.0005,0.9500,1.2955,0.3455
1.3562,0.0005,1.2548,1.3236,0.3455
1.8116,0.0005,1.0003,2.0175,0.3529
1.7455,0.0008,1.0449,1.1983,0.3466
1.9304,0.0007,2.1639,1.4137,0.3860
1.1028,0.0005,1.4887,1.5350,0.3458
1.4755,0.0005,1.0819,1.6786,0.3580
1.3557,0.0005,1.0022,1.2998,0.3580
1.6826,0.0004,1.1788,1.4537,0.3407
1.4702,0.0003,1.4436,1.4902,0.3407
2.0269,0.0004,1.1927,2.2315,0.3349
1.1183,0.0003,1.1295,1.1544,0.3349
1.6564,0.0003,1.0780,1.6550,0.3560
1.2466,0.0004,1.1058,1.2342,0.3624
1.4754,0.0005,1.0471,1.3596,0.3661
2.6035,0.0005,1.3916,2.6108,0.3855
1.1723,0.0007,1.4819,1.2207,0.3457
1.3047,0.0007,1.1011,1.2488,0.3375
1.5425,0.0004,1.2172,1.2594,0.3375
1.5948,0.0005,1.0566,1.7929,0.3446
2.0986,0.0004,1.0958,2.2222,0.3427
1.3869,0.0005,1.2041,1.0978,0.3477
1.6871,0.0004,1.3858,1.9740,0.3477
