frame_ms,scenario_ms,game_ms,render_ms,gpu_ms
0.8580,0.0003,0.5553,0.7460,0.3450
24.5601,0.0009,19.3257,1.3577,0.3602
1.6881,0.0004,3.9469,1.2666,0.3602
1.2630,0.0004,1.6415,1.2666,0.3602
1.2091,0.0004,1.5359,1.0018,0.4370
1.1396,0.0004,0.8686,0.9009,0.4440
0.8048,0.0004,1.1279,1.0376,0.4398
1.2862,0.0003,1.1030,1.5182,0.4319
1.3227,0.0004,0.7837,1.2639,0.4386
1.8164,0.0005,0.7793,1.6225,0.4386
1.5207,0.0006,1.2564,1.6522,0.4573
1.3884,0.0005,1.0454,1.4007,0.4382
1.1736,0.0004,0.9798,1.2244,0.4382
1.4460,0.0004,1.0603,1.3515,0.4409
0.8475,0.0004,0.8451,1.1066,0.4409
1.3965,0.0003,0.6519,1.1594,0.3458
1.1732,0.0005,1.0330,1.4013,0.3607
1.7541,0.0004,0.6799,1.7191,0.3514
1.8858,0.0006,0.6856,1.7967,0.3431
1.2688,0.0004,1.1396,1.1757,0.3431
1.4327,0.0004,0.6872,1.6053,0.3566
1.3486,0.0031,0.6327,1.2876,0.3609
1.8937,0.0008,1.1146,1.8926,0.4141
1.3371,0.0005,0.8483,1.3636,0.3674
0.9761,0.0003,0.7463,0.9855,0.3674
1.6156,0.0003,0.9716,1.3932,0.3490
1.1382,0.0003,0.8366,1.1916,0.3490
1.6308,0.0003,0.6491,1.7657,0.3626
1.4596,0.0003,1.0302,1.2587,0.3569
1.3238,0.0003,0.8584,1.3769,0.3569
1.5167,0.0006,0.6604,1.5065,0.3351
1.4767,0.0006,1.0573,1.5176,0.3427
1.4819,0.0004,0.7862,1.5778,0.3536
1.6037,0.0006,0.8087,1.2760,0.3566
1.6889,0.0005,1.2572,1.9862,0.3689
1.4663,0.0004,0.8724,1.2367,0.3480
1.6127,0.0005,0.7473,1.6273,0.3689
1.1041,0.0003,1.2127,1.3629,0.3689
1.4603,0.0003,0.6520,1.2606,0.3543
1.6971,0.0003,0.6574,1.8787,0.3475
1.2452,0.0004,0.9269,1.2492,0.3591
0.9724,0.0003,0.6485,0.9877,0.3591
1.3514,0.0003,0.5745,1.1743,0.3604
1.5875,0.0003,0.9039,1.7239,0.3399
1.5165,0.0006,0.6209,1.4021,0.3429
1.2819,0.0005,0.8340,1.1967,0.3429
1.5570,0.0003,1.5449,1.7290,0.3387
1.2769,0.0005,0.7331,1.2870,0.3387
1.8562,0.0004,0.6587,1.8349,0.3672
1.4566,0.0004,0.9732,1.4536,0.3467
0.9884,0.0004,0.6126,1.0106,0.3467
1.3868,0.0005,0.6085,1.2046,0.3509
1.5221,0.0004,1.1469,1.4795,0.3353
1.2566,0.0004,0.9073,1.2785,0.3352
1.4940,0.0004,0.6346,1.4264,0.3366
1.6536,0.0005,0.9425,1.6495,0.3477
1.1466,0.0005,1.2001,1.2103,0.3477
1.7704,0.0004,1.0067,1.6414,0.5427
1.6411,0.0005,1.0218,1.7808,0.3577
1.3310,0.0004,0.8179,1.3080,0.3577
1.6315,0.0005,0.6571,1.7821,0.3393
1.0337,0.0005,0.9751,0.9141,0.3393
1.5980,0.0006,0.7231,1.7145,0.3578
1.4006,0.0003,0.7827,1.3208,0.3578
1.8806,0.0005,1.0042,1.9495,0.3367
1.0803,0.0004,0.6590,1.0911,0.3367
1.5681,0.0005,0.6582,1.3974,0.3549
1.6802,0.0007,1.0086,1.5661,0.3661
1.5800,0.0005,0.9355,1.7804,0.3866
1.5611,0.0004,0.7749,1.2677,0.3602
1.5283,0.0003,1.1905,1.8641,0.3368
1.4198,0.0003,0.6933,1.1007,0.3421
1.8198,0.0003,0.6395,2.1494,0.3341
1.1365,0.0003,0.9377,1.1275,0.3293
1.5523,0.0003,0.6416,1.5429,0.3442
1.2466,0.0003,0.6063,1.0552,0.3505
1.3752,0.0003,0.9633,1.5538,0.3316
1.3252,0.0004,0.6920,1.1432,0.3402
1.3965,0.0004,0.6356,1.5609,0.3617
1.9443,0.0006,0.9868,1.6659,0.3523
1.4124,0.0005,0.8293,1.6873,0.3436
1.3660,0.0005,0.7422,1.2260,0.3436
1.2399,0.0003,1.1817,1.2810,0.3493
0.9426,0.0003,0.7757,1.0504,0.3493
1.5254,0.0003,0.5969,1.5136,0.3599
1.1535,0.0003,0.9228,1.1564,0.3523
1.3772,0.0003,0.6423,1.2252,0.3548
1.0930,0.0005,0.7583,1.0878,0.3548
1.3658,0.0005,1.0622,1.3706,0.3503
1.1469,0.0004,0.7970,1.2651,0.3503
1.1209,0.0004,0.6399,1.0637,0.3654
1.4659,0.0006,1.0198,1.3728,0.3478
1.3834,0.0006,0.7978,1.4678,0.5171
1.5363,0.0005,0.7972,1.3786,0.3667
1.5872,0.0004,1.4351,1.4809,0.3367
0.8685,0.0005,1.0329,1.0432,0.3522
1.0978,0.0004,0.7407,1.0998,0.3522
1.2777,0.0003,0.9196,1.4128,0.3474
1.4586,0.0003,0.6488,1.2910,0.3498
1.0208,0.0004,0.8476,0.9948,0.3413
1.3743,0.0004,1.2813,1.4623,0.3739
1.5575,0.0003,0.7859,1.4258,0.3403
1.5503,0.0003,0.8159,1.6340,0.3403
1.6201,0.0005,0.9486,1.6144,0.3416
2.1392,0.0007,0.7444,2.1740,0.3723
1.5982,0.0006,0.8733,1.6138,0.3775
1.2791,0.0006,1.1467,1.1763,0.3415
1.6450,0.0005,0.7431,1.5060,0.3481
1.4064,0.0004,0.6520,1.6928,0.3466
1.6065,0.0003,1.2431,0.9719,0.3433
0.7904,0.0003,0.9855,1.2418,0.3433
1.2830,0.0005,0.8345,1.2462,0.3524
1.4766,0.0003,1.1208,1.5882,0.3559
1.3866,0.0003,0.5904,1.2686,0.3559
1.3664,0.0003,0.6688,1.3550,0.3603
1.4525,0.0007,1.2639,1.4090,0.3766
1.5560,0.0007,0.8118,1.4811,0.3766
1.3326,0.0005,0.7030,1.3850,0.3684
1.3947,0.0004,1.0520,1.5077,0.3364
1.3493,0.0004,0.6928,1.2322,0.3493
1.4103,0.0003,0.6711,1.5391,0.3384
1.4063,0.0005,0.9774,1.4352,0.3553
1.7860,0.0006,0.7494,1.7126,0.3547
1.8195,0.0005,0.8592,1.7110,0.3394
1.2346,0.0004,1.3407,0.9041,0.3553
1.2118,0.0004,0.8635,1.5723,0.3553
1.4545,0.0006,0.7199,1.2847,0.3292
2.3257,0.0004,1.0961,2.4505,0.3605
1.3534,0.0004,0.8378,1.3171,0.3605
1.4851,0.0006,0.8210,1.2446,0.3344
1.1250,0.0005,1.1655,1.3407,0.3344
1.4281,0.0005,0.7118,1.3183,0.3451
2.2582,0.0007,0.7176,2.4127,0.3604
1.3912,0.0004,1.3669,1.3957,0.3524
1.3045,0.0004,0.7457,1.3165,0.3580
1.1877,0.0005,0.6856,1.0157,0.3580
1.5295,0.0005,1.2047,1.4420,0.3507
1.2101,0.0007,1.0660,1.2321,0.3507
2.1699,0.0006,0.7653,2.1085,0.3770
1.3269,0.0004,1.4670,1.1008,0.3349
1.3264,0.0005,0.8613,1.4226,0.3532
1.3240,0.0005,0.8901,1.4434,0.3532
1.5870,0.0006,1.0818,1.7283,0.3419
1.8755,0.0006,0.8762,1.8723,0.3439
1.0438,0.0004,0.7644,1.0210,0.3439
1.8685,0.0004,1.0586,1.9325,0.3539
1.3955,0.0004,0.6694,1.3980,0.3532
1.1341,0.0003,0.6558,1.0888,0.3532
1.4377,0.0003,0.9103,1.4738,0.3692
1.6607,0.0004,0.6280,1.5171,0.3430
1.4240,0.0004,0.7092,1.4164,0.3634
1.4786,0.0003,0.9996,1.4264,0.3637
1.5912,0.0004,0.6529,1.6585,0.3574
1.5708,0.0004,0.7879,1.6292,0.3451
1.3319,0.0003,1.0979,0.9742,0.3451
1.6609,0.0003,0.6570,1.7377,0.3498
1.3313,0.0005,0.6114,1.5428,0.3495
1.3501,0.0005,1.0789,1.2877,0.3599
1.2681,0.0006,0.8198,1.1917,0.3599
1.9846,0.0008,0.6567,2.0803,0.3375
2.0367,0.0006,1.2188,1.7398,0.3641
0.7815,0.0005,1.1193,1.1296,0.3641
1.4188,0.0004,0.7028,1.4744,0.3502
1.3719,0.0004,1.0252,1.3769,0.3437
1.5603,0.0005,0.6571,1.2554,0.3638
1.6307,0.0005,0.6913,1.6765,0.3356
1.1081,0.0003,1.2599,1.3544,0.3356
1.2260,0.0005,0.6769,1.1951,0.3422
1.3051,0.0005,0.6485,1.3140,0.3519
1.1469,0.0003,0.9693,1.0490,0.3570
1.5535,0.0003,0.6606,1.6383,0.3535
1.5087,0.0004,0.6256,1.3152,0.3293
1.7170,0.0007,1.0039,1.8821,0.3514
1.1168,0.0007,0.7853,1.1406,0.3586
1.5564,0.0007,0.6980,1.2078,0.3592
1.5525,0.0006,1.1961,1.7348,0.3509
1.4520,0.0005,0.7574,1.4056,0.3426
1.3955,0.0006,0.6263,1.5861,0.3538
1.4607,0.0005,0.9551,1.4685,0.3441
0.9672,0.0003,0.6468,0.9785,0.3441
1.5484,0.0003,0.6105,1.2658,0.3538
1.0091,0.0003,1.2339,0.9452,0.3538
1.3959,0.0003,0.6035,1.3973,0.3425
1.8204,0.0005,0.5641,1.9643,0.3543
1.3107,0.0006,1.0554,1.1472,0.3820
1.8433,0.0006,0.9092,1.9956,0.3611
1.1534,0.0004,0.7860,1.1391,0.3611
1.2833,0.0003,1.1434,1.3658,0.3543
1.0743,0.0005,0.7135,0.8953,0.3543
1.5150,0.0004,0.8161,1.5315,0.3361
1.3920,0.0004,0.9562,1.5096,0.3613
1.3136,0.0005,0.6953,1.2237,0.3552
0.9135,0.0005,0.7623,1.0331,0.3552
1.4324,0.0006,0.9078,1.3578,0.3436
1.2524,0.0004,0.7901,1.0952,0.3454
1.2282,0.0006,1.0402,1.4224,0.3580
1.2291,0.0007,0.9752,1.2050,0.3580
2.1876,0.0007,0.7878,2.1472,0.3696
1.2678,0.0005,0.7817,1.3085,0.3504
1.2657,0.0006,1.0383,1.2758,0.3482
1.0960,0.0006,0.6744,1.1162,0.3482
1.3445,0.0003,0.6598,1.3010,0.3501
1.3870,0.0004,1.2369,1.3151,0.3515
1.4380,0.0003,0.8542,1.5211,0.3509
1.2569,0.0004,0.6915,1.2461,0.3490
1.2191,0.0003,0.9405,1.2187,0.3494
1.2766,0.0003,0.6591,1.2444,0.3553
1.4034,0.0004,0.6359,1.3927,0.3488
1.5835,0.0006,1.0467,1.5526,0.3480
1.8088,0.0004,0.8758,1.5656,0.3814
1.0686,0.0003,0.9500,1.3736,0.3529
1.2565,0.0006,1.0566,1.2502,0.3529
1.5664,0.0003,0.6824,1.5659,0.3369
1.2926,0.0003,0.6238,1.1655,0.3369
1.1860,0.0005,0.9182,1.2812,0.3583
1.6254,0.0005,0.6017,1.6286,0.3501
1.2284,0.0003,0.6465,1.2430,0.3636
1.1979,0.0004,0.9404,1.1997,0.3411
0.9671,0.0004,0.6217,0.8446,0.3411
1.4023,0.0005,0.9867,1.4087,0.3708
1.3464,0.0004,1.0271,1.4303,0.3708
1.2209,0.0005,0.6869,1.0684,0.3497
1.5335,0.0003,0.7269,1.3423,0.3794
1.7717,0.0004,1.3792,1.5891,0.3440
1.0546,0.0003,1.1114,1.3638,0.3580
1.2486,0.0003,0.7806,1.4065,0.3580
1.3132,0.0003,0.9616,1.2549,0.3524
1.3875,0.0004,0.6678,1.3185,0.3431
1.6109,0.0005,0.6347,1.5204,0.3540
1.0260,0.0005,1.1964,0.9976,0.3554
1.1951,0.0005,0.6796,1.2251,0.3554
1.6832,0.0005,0.6675,1.8730,0.3406
1.3821,0.0005,1.0704,1.4079,0.5442
1.5326,0.0005,0.7574,1.4736,0.3723
1.4906,0.0005,0.8079,1.5028,0.3940
1.0303,0.0006,1.0907,0.9451,0.3940
1.2225,0.0003,0.6632,1.1175,0.3492
1.8006,0.0003,0.6277,2.0082,0.3486
1.0181,0.0005,0.9605,1.0276,0.3486
1.2522,0.0004,0.6824,1.1520,0.3387
1.8296,0.0004,0.7161,1.9090,0.3571
1.2585,0.0003,0.9486,1.2688,0.3545
1.1942,0.0004,0.6270,1.0692,0.3545
1.7560,0.0004,0.6430,1.8392,0.3577
1.3125,0.0005,1.0391,1.3263,0.3486
1.1131,0.0004,0.7527,1.0980,0.3486
1.3872,0.0006,0.8754,1.2414,0.3804
1.6655,0.0004,1.2028,1.4091,0.3608
0.8717,0.0003,1.1356,1.1554,0.3608
2.0101,0.0003,0.6283,2.1167,0.3635
1.4141,0.0004,0.9501,1.3687,0.3340
1.2635,0.0003,0.6823,1.2396,0.3340
1.4922,0.0003,0.6617,1.3936,0.3580
1.7342,0.0005,0.9979,1.8988,0.3386
1.2537,0.0004,0.6258,1.2488,0.3503
1.2582,0.0004,0.6474,1.2221,0.3490
1.1218,0.0004,0.9573,1.1491,0.3487
1.8006,0.0005,0.6855,1.7260,0.3716
1.4065,0.0004,1.0052,1.4337,0.3970
1.0558,0.0004,1.0627,1.0406,0.3970
1.2924,0.0004,0.7056,1.3236,0.3628
1.3517,0.0004,0.9443,1.1592,0.3629
1.3109,0.0004,1.0729,1.3968,0.3503
1.4786,0.0004,0.6582,1.3983,0.3438
1.1056,0.0004,0.7641,1.2682,0.3438
1.5573,0.0005,1.0111,1.5338,0.3614
1.2893,0.0004,0.7395,1.1611,0.3683
1.5510,0.0005,0.8127,1.6763,0.3446
1.0929,0.0006,0.9642,1.1178,0.3446
1.6013,0.0007,0.6088,1.2886,0.3451
1.6260,0.0006,0.7416,1.7867,0.3717
1.5907,0.0005,1.4343,1.0318,0.3528
1.0256,0.0003,0.9853,1.4904,0.3364
1.0940,0.0003,0.7021,1.1196,0.3364
1.4555,0.0004,0.8996,1.5084,0.3598
1.4578,0.0004,0.6560,1.2046,0.3527
1.4432,0.0005,0.6374,1.6534,0.3457
1.3064,0.0005,1.0024,1.1875,0.3457
1.6742,0.0004,0.7133,1.7602,0.3515
1.6463,0.0003,0.6694,1.6715,0.3437
1.2842,0.0004,1.0161,1.1513,0.3437
2.6021,0.0008,0.8209,2.6400,0.3610
1.2170,0.0006,0.9075,1.2888,0.3560
1.0680,0.0003,1.1156,1.0980,0.3560
1.0839,0.0004,0.6582,1.0723,0.3495
1.2927,0.0003,0.6141,1.2294,0.3480
1.2371,0.0003,1.0285,1.1756,0.3649
1.3334,0.0003,0.7924,1.2026,0.3649
1.7512,0.0003,0.6160,1.9943,0.3415
1.0812,0.0004,0.9137,1.0890,0.3272
1.1454,0.0004,0.6259,1.1390,0.3462
1.2382,0.0004,0.5814,1.2237,0.3509
1.8082,0.0005,0.9198,1.7822,0.3420
1.2266,0.0005,0.9009,1.0105,0.3717
1.3706,0.0005,1.0034,1.4350,0.3717
1.7464,0.0003,1.0194,1.8794,0.3509
1.1729,0.0003,0.7180,1.1752,0.3454
1.4413,0.0004,0.6486,1.3353,0.3454
1.1755,0.0004,1.1143,1.2887,0.3460
1.8025,0.0005,0.6922,1.7599,0.3706
1.3804,0.0004,0.7223,1.2569,0.3455
1.0889,0.0003,1.2161,0.8480,0.3448
1.0370,0.0004,0.6905,1.1893,0.3448
1.4090,0.0004,0.6588,1.4030,0.3647
1.4611,0.0004,1.1181,1.4063,0.3480
2.0223,0.0005,0.6790,1.7976,0.3625
0.9618,0.0005,1.1795,1.3599,0.3593
1.0994,0.0005,1.0988,0.9480,0.3593
1.3616,0.0004,0.7604,1.4016,0.3456
1.6041,0.0007,0.9207,1.7166,0.3462
1.1020,0.0003,0.9785,0.8205,0.3453
1.1005,0.0003,0.7447,1.3546,0.3453
1.1142,0.0003,0.6426,1.0815,0.3476
1.6818,0.0003,1.1026,1.1485,0.3515
1.0976,0.0004,1.3620,1.1479,0.3477
0.8428,0.0003,0.9335,1.1678,0.3477
1.3718,0.0004,1.0801,1.4866,0.3315
1.2310,0.0004,0.7668,1.2937,0.3577
1.3102,0.0004,0.6123,1.2181,0.3431
1.3551,0.0004,1.0809,1.0839,0.3566
1.3151,0.0004,0.7588,1.6531,0.3946
1.0936,0.0004,0.7270,1.0552,0.3550
1.2633,0.0004,1.1374,1.1795,0.3476
1.3219,0.0005,0.7870,1.4194,0.3485
1.3991,0.0005,0.6664,1.1578,0.3507
1.1785,0.0004,1.0732,1.2910,0.3507
1.3260,0.0004,0.6644,1.3523,0.3580
1.5560,0.0005,0.6133,1.4495,0.3435
0.9569,0.0003,1.1276,0.9003,0.3435
1.2436,0.0003,0.6158,1.4687,0.3669
1.0928,0.0002,0.6143,1.0925,0.3458
1.3528,0.0004,1.2402,1.3280,0.3730
2.1316,0.0005,0.7763,2.0719,0.3766
0.8484,0.0005,0.9229,0.9123,0.3766
1.4632,0.0003,1.0190,1.4478,0.3558
1.0990,0.0004,0.7399,1.0893,0.3471
1.3740,0.0003,0.6517,1.0840,0.3789
1.1414,0.0004,0.9701,1.4333,0.3544
1.4635,0.0003,0.6498,1.2953,0.3441
0.9491,0.0005,0.8329,1.1107,0.3441
1.3226,0.0003,0.9838,1.2178,0.3500
1.1649,0.0004,0.7624,1.1063,0.3528
1.3260,0.0004,0.6282,1.4495,0.3431
1.2832,0.0004,0.9350,1.1708,0.3540
1.8765,0.0006,0.6919,1.9177,0.3536
0.9534,0.0006,0.8903,0.9994,0.3976
1.4216,0.0006,1.1913,1.3268,0.3998
1.2857,0.0005,0.7469,1.4021,0.3706
1.3831,0.0004,0.6404,1.1827,0.3554
1.3982,0.0003,0.9866,1.4495,0.3584
1.4229,0.0003,0.6673,1.5349,0.3583
1.4631,0.0005,0.6534,1.4704,0.3532
1.0398,0.0002,1.0059,0.9210,0.3532
1.4277,0.0004,0.6784,1.4118,0.3404
1.0839,0.0004,0.7686,1.0802,0.3404
1.4122,0.0004,0.9570,1.4216,0.3325
1.5737,0.0005,0.7040,1.4830,0.3384
1.6649,0.0006,0.9858,1.8213,0.3825
1.3256,0.0004,1.1632,1.1536,0.3407
1.3559,0.0004,0.8775,1.3631,0.3647
1.0947,0.0004,0.8808,1.2851,0.3647
1.3541,0.0003,0.9598,1.1289,0.3392
1.3786,0.0004,0.6431,1.6169,0.3422
1.3933,0.0003,0.5946,1.1782,0.3501
1.2135,0.0004,1.0400,1.2940,0.3447
1.4414,0.0004,0.7519,1.5690,0.3447
1.3331,0.0004,0.5750,1.0969,0.3370
1.5702,0.0003,1.0272,1.4835,0.3529
1.6811,0.0004,0.6481,1.4968,0.3407
2.2892,0.0006,0.7077,2.6566,0.5567
1.4929,0.0005,1.2823,1.5293,0.3635
1.1926,0.0003,0.8497,1.2499,0.3439
0.9153,0.0004,0.6225,0.9157,0.3439
1.3934,0.0004,0.9411,1.1884,0.3436
1.0868,0.0003,0.8675,1.0848,0.3436
1.7481,0.0004,0.6362,1.8740,0.3532
1.0079,0.0002,1.0132,1.0657,0.3440
1.3276,0.0004,0.6756,1.1965,0.3661
1.2764,0.0004,0.7739,1.1768,0.3661
1.4342,0.0003,0.9552,1.4812,0.3468
1.8583,0.0004,0.6263,1.9319,0.3756
1.2190,0.0003,0.9433,1.2813,0.3756
1.3931,0.0004,1.1512,1.1860,0.3736
1.6228,0.0005,0.7418,1.6929,0.3643
1.5087,0.0003,0.8073,1.5941,0.3420
1.2199,0.0004,1.0220,1.2728,0.3637
1.1492,0.0004,0.6754,1.1622,0.3584
1.1637,0.0004,0.6084,1.1615,0.3584
1.2919,0.0003,0.9036,0.9508,0.3488
1.4535,0.0004,0.7259,1.7703,0.3409
1.2005,0.0003,0.7771,1.0686,0.3409
1.5125,0.0007,0.9290,1.4031,0.3407
1.3804,0.0006,0.7922,1.5636,0.3407
1.5040,0.0005,0.7279,1.1384,0.3467
1.3151,0.0009,1.0849,1.6063,0.3945
1.3931,0.0006,0.7051,1.3412,0.3541
1.1343,0.0005,0.8399,1.2995,0.3566
1.3976,0.0004,0.9588,1.2136,0.3476
0.7869,0.0003,0.7712,0.9549,0.3476
1.5571,0.0003,0.6079,1.5528,0.3534
1.0120,0.0004,0.9099,0.8148,0.3534
1.2996,0.0003,0.6477,1.5070,0.3597
1.2589,0.0004,0.6702,1.0583,0.3384
1.2657,0.0004,1.0325,1.4346,0.3384
1.5830,0.0004,0.8376,1.5721,0.3987
1.0934,0.0008,0.6858,1.0100,0.3987
1.9164,0.0006,1.3540,1.5641,0.3662
1.0672,0.0003,1.1513,1.2158,0.3564
1.0967,0.0003,1.0921,1.3677,0.3564
1.3596,0.0003,1.1242,1.2822,0.3558
1.1177,0.0004,0.8624,1.1867,0.3517
1.2850,0.0005,0.6380,1.2894,0.3464
1.1186,0.0004,0.9431,1.1090,0.3464
1.1814,0.0004,0.6443,1.0631,0.3378
1.1579,0.0004,0.6587,1.2786,0.3379
1.4125,0.0004,0.9525,1.3385,0.3488
1.4797,0.0004,0.7585,1.3882,0.3476
1.5309,0.0008,0.8022,1.3913,0.3423
1.3193,0.0006,1.3917,1.5569,0.3423
1.3287,0.0003,0.8039,1.1268,0.5482
1.3111,0.0003,0.6689,1.3931,0.3775
1.2358,0.0003,0.9537,1.3799,0.3551
1.1121,0.0003,0.6454,1.1102,0.3404
1.3764,0.0004,0.6810,1.3783,0.3361
1.2395,0.0004,0.9397,1.1006,0.3414
1.6920,0.0004,0.6464,1.7867,0.3628
1.5448,0.0006,0.6240,1.5096,0.3293
1.2407,0.0005,1.0289,1.2392,0.3545
1.1685,0.0005,0.7189,1.2150,0.3510
1.2690,0.0003,0.6221,1.2592,0.3558
1.2836,0.0005,0.9566,1.2706,0.3446
1.1792,0.0003,0.6795,1.1487,0.3446
1.3830,0.0003,0.8184,1.2389,0.3944
1.3848,0.0004,1.0752,1.5056,0.3520
1.2404,0.0003,0.7782,1.1109,0.3631
1.6808,0.0004,0.6985,1.7935,0.3441
1.1466,0.0003,0.9877,1.1074,0.3610
0.8853,0.0003,0.7275,1.0071,0.3610
1.3547,0.0004,0.5706,1.2073,0.3597
1.1687,0.0004,1.0506,1.2891,0.3597
1.2431,0.0003,0.6494,1.2292,0.3541
1.2341,0.0004,0.6082,1.0807,0.3521
1.3208,0.0003,1.0562,1.4805,0.3446
2.1711,0.0007,0.6241,1.8540,0.3545
0.8949,0.0005,0.9349,1.1628,0.3545
1.0323,0.0003,1.0752,1.0013,0.3700
1.5566,0.0004,0.6296,1.5803,0.3604
0.9684,0.0004,0.6395,0.8957,0.3604
1.3248,0.0004,0.9568,1.4258,0.3710
1.4410,0.0006,0.6077,1.0686,0.3489
1.5232,0.0004,0.6438,1.8278,0.3526
1.4159,0.0004,0.9693,1.1649,0.3348
1.2625,0.0006,0.7007,1.5330,0.3533
1.2691,0.0005,0.6514,1.1741,0.3533
1.6940,0.0004,0.9925,1.7945,0.3420
1.7294,0.0003,0.6418,1.6799,0.3469
1.3367,0.0004,0.7528,1.2142,0.3494
1.5690,0.0006,1.2590,1.4351,0.3661
1.4320,0.0004,0.7675,1.5023,0.3554
1.5043,0.0003,0.6571,1.5552,0.3493
1.8398,0.0003,0.9780,1.9713,0.3526
1.2546,0.0004,0.7157,1.2104,0.3537
1.7676,0.0005,0.6600,1.7942,0.3591
1.4500,0.0004,0.9559,1.4657,0.3484
1.3829,0.0004,0.6551,1.3820,0.3484
1.1966,0.0004,0.5858,1.1671,0.3446
1.2158,0.0005,0.9601,1.2391,0.3403
1.7549,0.0005,0.6381,1.6611,0.3461
1.7614,0.0006,0.8058,1.7977,0.4029
1.1597,0.0004,1.1077,1.2004,0.3470
1.0520,0.0003,0.6894,1.0044,0.3470
1.6340,0.0004,0.6581,1.6547,0.3503
1.4973,0.0005,0.9700,1.5044,0.3459
1.2806,0.0003,0.6828,1.0795,0.3353
1.3319,0.0005,0.6008,1.5330,0.3546
1.3359,0.0004,0.9246,1.2941,0.3464
1.4601,0.0003,0.6129,1.3157,0.3448
1.1566,0.0004,0.5854,1.3431,0.3560
1.2564,0.0004,0.8915,1.1050,0.3384
1.5377,0.0006,0.6663,1.4750,0.3410
1.3677,0.0005,0.7745,1.5084,0.3691
1.3240,0.0003,1.1085,1.2667,0.3711
1.5269,0.0003,0.7167,1.3788,0.3433
1.3198,0.0007,0.7879,1.5329,0.3433
1.5383,0.0005,1.0114,1.3825,0.3575
1.2812,0.0004,0.6981,1.4263,0.3491
1.2385,0.0005,0.6560,1.2582,0.3414
1.4272,0.0006,0.9942,1.1431,0.3400
1.4465,0.0004,0.6675,1.6723,0.3489
1.3694,0.0003,0.6256,1.3080,0.3558
1.5878,0.0003,0.9716,1.4719,0.3491
1.4126,0.0005,0.6727,1.5879,0.3646
1.2697,0.0004,0.7083,1.1647,0.4246
1.1280,0.0004,1.0494,1.2774,0.3563
1.6207,0.0005,0.6657,1.2325,0.3485
1.5576,0.0004,0.6658,1.7399,0.3341
1.5501,0.0003,1.0383,1.7184,0.3395
0.9247,0.0004,0.6981,0.9420,0.3395
1.3924,0.0005,0.6294,1.2441,0.3558
1.3227,0.0004,1.1237,1.4392,0.3448
1.1436,0.0004,0.6817,1.1553,0.3388
1.1930,0.0004,0.6446,1.2059,0.3640
1.4182,0.0004,0.9229,1.2709,0.3255
1.5309,0.0006,0.7779,1.3225,0.3524
1.5058,0.0007,1.1295,1.7623,0.3617
1.5968,0.0008,1.5877,1.5498,0.3617
1.0928,0.0007,0.8723,1.0845,0.3493
1.5843,0.0006,0.7233,1.6838,0.3568
1.2193,0.0003,1.0637,1.0963,0.3482
1.0648,0.0004,0.8118,1.0562,0.3482
1.3847,0.0005,0.6132,1.5276,0.3566
1.2166,0.0004,0.9008,1.0001,0.3521
1.1987,0.0003,0.6041,1.4034,0.3447
1.3318,0.0003,0.5804,1.3303,0.3497
0.9393,0.0003,0.8968,0.9075,0.3497
1.3669,0.0004,0.5762,1.2655,0.3463
1.6279,0.0004,0.5934,1.4960,0.3761
1.6493,0.0004,1.0940,1.8554,0.3696
1.1063,0.0005,0.8029,1.1072,0.3694
1.7271,0.0003,0.8342,1.7025,0.3525
1.0610,0.0003,1.0059,0.9356,0.3522
1.0855,0.0004,0.7232,1.0566,0.3522
1.4726,0.0005,0.6484,1.4630,0.3474
1.2826,0.0004,0.9699,1.4795,0.3539
1.3828,0.0004,0.6425,1.2398,0.3472
1.0985,0.0004,0.7735,1.0311,0.3472
1.3899,0.0006,1.0077,1.3673,0.3594
1.7998,0.0005,0.7054,1.9620,0.3480
1.0554,0.0007,0.7081,0.7772,0.3480
1.9898,0.0007,1.2676,2.1863,0.5475
1.4735,0.0006,1.0833,1.4064,0.5475
1.5622,0.0012,0.8399,1.5180,0.3247
1.2167,0.0006,1.2261,1.3978,0.3406
1.3044,0.0006,0.7353,1.3073,0.3456
1.2676,0.0006,0.6953,1.2604,0.3456
1.3510,0.0004,1.0635,1.2651,0.3496
1.0931,0.0004,0.9151,1.0012,0.3499
1.0689,0.0003,1.0187,1.1247,0.3499
1.2089,0.0006,0.9926,1.3632,0.3426
1.2861,0.0003,0.6025,1.1271,0.3483
1.4775,0.0007,0.5945,1.4626,0.3483
2.0634,0.0006,1.1025,2.1550,0.3712
1.2536,0.0003,0.8696,1.0433,0.3712
1.6037,0.0003,0.6941,1.8444,0.3573
1.2520,0.0004,0.9851,1.2404,0.3631
1.1977,0.0004,0.6817,1.2193,0.3443
1.0480,0.0004,0.6513,0.8972,0.3443
1.4572,0.0003,0.9101,1.3490,0.3575
1.1026,0.0004,0.7568,1.2024,0.3575
1.4826,0.0004,0.6139,1.4107,0.3577
1.0905,0.0004,1.0633,1.3151,0.3410
1.1315,0.0003,0.6174,1.1185,0.3410
1.5089,0.0003,0.6012,1.2117,0.3505
1.8192,0.0006,1.2335,1.6289,0.3674
1.4879,0.0007,1.4848,1.6454,0.3674
1.7763,0.0007,0.9553,1.7628,0.3621
1.7161,0.0008,1.1375,1.9950,0.3437
1.5462,0.0004,0.7549,1.5684,0.3648
1.2978,0.0003,0.6619,1.1058,0.3634
1.5432,0.0005,1.0145,1.4791,0.3681
2.0046,0.0004,0.7074,2.1997,0.3525
1.2286,0.0005,0.6989,1.2584,0.3380
1.2249,0.0005,1.0196,0.9852,0.3469
1.2899,0.0005,0.8068,1.4931,0.3469
1.7362,0.0005,0.7645,1.6714,0.3695
1.6992,0.0005,1.5304,1.7673,0.3516
1.6227,0.0006,0.7738,1.5720,0.3603
1.5097,0.0007,0.7841,1.2635,0.3603
1.8491,0.0005,1.2232,2.0663,0.3535
1.4663,0.0010,0.8559,1.4897,0.3535
1.8120,0.0004,0.8121,1.7996,0.3455
1.2978,0.0004,1.1714,1.2674,0.3467
1.8070,0.0004,0.8621,1.8262,0.3539
1.4307,0.0005,0.9367,1.4428,0.3689
2.4793,0.0009,1.7148,0.9913,0.3541
1.2739,0.0005,1.6454,1.4037,0.3863
1.0735,0.0004,1.1285,1.6224,0.3863
1.7549,0.0003,1.0145,1.7397,0.3472
1.8135,0.0005,0.7260,1.7973,0.3385
1.2027,0.0005,0.7192,1.2031,0.3385
1.3848,0.0006,1.0866,1.0844,0.3517
1.6477,0.0007,0.7394,1.9537,0.3347
1.6246,0.0006,0.6740,1.6012,0.3568
1.5495,0.0005,1.0174,1.4100,0.3348
1.6532,0.0005,0.7373,1.5761,0.3283
2.1529,0.0007,0.7237,2.2504,0.3414
1.4478,0.0004,1.2747,1.3754,0.3414
1.4347,0.0004,0.9013,1.6054,0.3374
1.4862,0.0008,0.7432,1.2301,0.3583
1.6890,0.0007,1.4045,1.7489,0.3490
1.4542,0.0007,1.2566,1.5971,0.3513
1.5993,0.0006,0.7773,1.6278,0.3585
1.6292,0.0006,1.1423,1.4453,0.3585
2.1974,0.0007,0.9768,2.2620,0.3387
1.4879,0.0009,1.0131,1.5155,0.3395
1.9750,0.0012,1.3948,1.9289,0.3624
1.8209,0.0007,1.0960,1.8366,0.3433
1.5507,0.0006,0.9353,1.5481,0.3400
1.6390,0.0007,1.2710,1.6585,0.3388
1.6960,0.0008,0.8864,1.6883,0.3388
1.9369,0.0010,0.9117,1.8539,0.3522
1.4599,0.0009,1.4007,1.1586,0.3705
1.7596,0.0008,1.0080,2.0810,0.3502
1.4024,0.0009,0.8754,1.1007,0.3502
2.0045,0.0005,1.2822,1.9832,0.3386
1.4454,0.0007,1.2898,1.6249,0.3386
2.1372,0.0005,0.9100,2.3140,0.3361
1.7187,0.0004,1.1348,1.6393,0.3401
0.8829,0.0003,0.8989,0.8972,0.3401
1.6302,0.0005,0.6953,1.5818,0.3584
1.5910,0.0005,1.2111,1.6765,0.3498
1.5345,0.0006,0.8671,1.5418,0.3482
1.3250,0.0010,0.7345,1.2281,0.3482
1.7823,0.0005,1.1465,1.5715,0.3473
2.3101,0.0008,0.8459,2.3251,0.3518
1.4353,0.0007,1.1328,1.6508,0.3518
1.6007,0.0010,1.4308,1.6053,0.3557
1.4965,0.0007,0.8376,1.4801,0.3557
1.5881,0.0005,0.7052,1.4321,0.3450
1.9831,0.0009,1.2510,1.9904,0.3421
1.5138,0.0005,1.1593,1.6520,0.3421
1.8068,0.0006,0.9695,1.7257,0.3495
1.4864,0.0004,1.4605,1.4397,0.3454
1.6409,0.0005,0.8134,1.6836,0.3623
1.3318,0.0005,0.8366,1.4595,0.3340
1.5820,0.0005,1.1094,1.5115,0.3340
1.3964,0.0006,0.8452,1.2994,0.3938
1.7302,0.0005,0.7719,1.8462,0.3598
1.4213,0.0005,1.2390,1.3143,0.3370
1.3200,0.0004,0.7906,1.4376,0.3377
1.6500,0.0006,0.6829,1.4027,0.3601
2.2749,0.0007,1.3074,2.3719,0.3550
1.2702,0.0005,1.0288,1.3263,0.3550
1.8457,0.0006,0.8709,1.8633,0.3327
1.2982,0.0008,1.5348,1.3273,0.3509
1.7427,0.0007,0.8507,1.5819,0.3495
1.6885,0.0007,1.0076,1.2914,0.3881
1.5785,0.0009,1.9976,2.0754,0.3881
1.7733,0.0007,1.0009,1.7628,0.3574
1.6316,0.0008,1.0031,1.5068,0.3474
1.7541,0.0005,1.5959,1.8701,0.3474
1.5005,0.0005,0.8748,1.5217,0.3453
1.7923,0.0005,0.7615,1.7834,0.3420
1.9019,0.0006,1.5027,1.5230,0.3697
1.1265,0.0005,1.1974,1.5179,0.3368
2.0844,0.0008,0.7161,1.6496,0.3540
1.3429,0.0004,1.5799,1.1780,0.3540
1.6066,0.0006,0.9000,1.8720,0.3461
1.6617,0.0009,0.8622,1.5540,0.3461
1.9311,0.0007,1.2767,1.8445,0.3516
1.5611,0.0007,0.9530,1.8521,0.3434
1.8513,0.0008,0.8237,1.8116,0.3560
1.3741,0.0005,1.2084,1.2514,0.3560
2.0544,0.0007,0.8011,2.1587,0.3621
1.2532,0.0008,0.8107,1.2373,0.3621
1.9481,0.0008,1.2155,1.8220,0.3484
2.1997,0.0005,0.9458,2.2866,0.3622
1.5261,0.0006,0.9868,1.5840,0.3622
1.8357,0.0007,1.4269,1.8214,0.3581
1.7307,0.0006,0.9014,1.2993,0.3581
2.3052,0.0008,0.9117,2.6824,0.3378
1.5270,0.0004,1.3100,1.5622,0.3482
1.5051,0.0006,0.9235,1.2228,0.3482
1.9361,0.0007,0.7719,1.9228,0.3418
2.0286,0.0005,1.1600,2.2810,0.3345
1.7877,0.0007,0.8719,1.7909,0.3940
1.7348,0.0007,0.9192,1.7523,0.3940
1.3797,0.0008,1.1999,1.1637,0.3442
1.4933,0.0006,0.9967,1.7234,0.3442
1.7367,0.0009,0.8824,1.3536,0.3445
1.9429,0.0008,1.4134,2.2543,0.3529
1.7625,0.0006,1.1301,1.7896,0.3316
1.5832,0.0007,0.8097,1.5060,0.3316
1.5237,0.0005,1.0280,1.4428,0.3479
1.8482,0.0007,0.6556,1.9185,0.3724
1.8556,0.0007,0.8258,1.8369,0.3724
1.6700,0.0006,1.3212,1.6583,0.3733
2.1479,0.0005,0.8757,2.1412,0.3563
1.3586,0.0005,0.9308,1.4630,0.3563
1.3366,0.0007,1.0911,1.3196,0.3493
1.9928,0.0005,0.7234,1.9795,0.3488
1.0367,0.0005,0.7381,1.0815,0.3488
1.7207,0.0005,1.0033,1.6867,0.3517
1.3913,0.0005,0.6678,1.2185,0.3517
2.1301,0.0008,0.6909,1.6905,0.3414
1.6875,0.0006,1.6415,1.7745,0.3540
1.6528,0.0006,0.9297,1.8658,0.3919
1.7600,0.0005,0.7438,1.8271,0.3475
1.8662,0.0003,1.1793,1.9235,0.3386
1.7106,0.0004,0.8986,1.8258,0.3562
1.3473,0.0004,0.8252,1.0265,0.3390
1.4831,0.0005,1.2919,1.8176,0.3472
1.0487,0.0005,0.8868,0.9099,0.3472
1.3666,0.0005,0.8662,1.4135,0.3443
1.8376,0.0006,1.1316,1.9143,0.3503
1.5593,0.0009,0.8966,1.3880,0.3771
1.7884,0.0005,1.0913,1.9258,0.3646
1.2365,0.0004,1.1048,1.1104,0.3447
1.5947,0.0004,0.9158,1.7013,0.3515
1.2307,0.0004,0.7512,1.2642,0.3515
1.5356,0.0004,1.0597,1.4519,0.3382
1.3250,0.0005,0.7056,1.3773,0.3639
1.5806,0.0005,0.7064,1.4108,0.3492
1.7635,0.0005,1.0889,1.9123,0.3439
1.4037,0.0008,0.7586,1.1376,0.3439
2.3983,0.0006,0.8378,2.5149,0.3791
1.2992,0.0005,1.4463,1.0077,0.3791
1.3860,0.0005,0.9145,1.7939,0.3528
1.7277,0.0004,0.7560,1.7293,0.3598
1.4826,0.0003,1.1128,1.3080,0.3385
1.7884,0.0005,0.7083,1.9561,0.3486
1.5018,0.0003,0.7062,1.5041,0.3486
1.5231,0.0004,1.0612,1.3604,0.3351
1.4522,0.0005,0.7667,1.6065,0.3450
1.4410,0.0008,0.6854,1.3883,0.3601
1.5239,0.0005,1.1901,1.5397,0.3533
1.7434,0.0010,0.8000,1.3238,0.3533
1.8645,0.0007,0.9430,1.8301,0.3637
1.4726,0.0007,1.3086,1.6568,0.3610
1.6869,0.0006,0.8922,1.7980,0.3672
1.8569,0.0003,0.8135,1.9076,0.3447
1.2202,0.0008,1.3995,1.1434,0.3447
1.6147,0.0004,0.7253,1.6439,0.3332
1.5812,0.0005,0.7036,1.4046,0.3485
1.7834,0.0005,1.0340,2.0576,0.3515
1.3714,0.0004,0.8330,1.3130,0.3515
1.1025,0.0006,0.9182,1.0473,0.3619
2.1444,0.0009,1.4656,1.4638,0.3886
0.8894,0.0005,1.4279,1.4694,0.3649
1.5588,0.0006,0.8135,1.4376,0.3649
1.7635,0.0005,1.0357,1.6983,0.3546
1.6107,0.0005,0.7312,1.7648,0.3426
1.7820,0.0007,0.8003,1.8176,0.3500
1.1863,0.0008,1.2854,1.0517,0.3500
1.9388,0.0006,0.7765,2.0538,0.3489
1.5667,0.0004,0.8454,1.5206,0.3489
2.0627,0.0005,1.2525,2.1135,0.3495
1.3735,0.0007,0.8177,1.3056,0.3608
1.8238,0.0006,0.9981,1.8267,0.3799
1.6676,0.0007,1.3253,1.5788,0.3450
1.2103,0.0003,1.0450,1.3721,0.3450
1.4883,0.0004,0.7113,1.4337,0.3453
1.4395,0.0007,1.1002,1.4779,0.3595
1.5390,0.0007,0.7795,1.4314,0.3595
1.9836,0.0007,0.8858,1.8382,0.3641
1.7763,0.0005,1.4121,1.8155,0.3462
1.6179,0.0007,0.7877,1.7953,0.3439
2.0590,0.0006,0.7230,2.0134,0.3736
1.3519,0.0005,1.1765,1.3922,0.3736
1.6952,0.0004,0.8146,1.7078,0.3675
1.4671,0.0005,0.6963,1.3037,0.3381
1.6403,0.0006,1.0674,1.6567,0.3498
2.1011,0.0007,0.7824,2.1815,0.3402
1.1155,0.0010,0.8133,1.0848,0.3402
1.4803,0.0006,1.1252,1.5444,0.3316
1.5462,0.0007,0.7293,1.5455,0.3499
1.4162,0.0005,0.6719,1.2175,0.3499
1.1306,0.0006,0.9725,1.3328,0.3388
1.8308,0.0007,0.7071,1.5362,0.5240
1.4534,0.0008,1.0768,1.6651,0.5240
1.9619,0.0007,1.4800,1.8385,0.3452
1.5878,0.0004,0.9861,1.4781,0.3452
1.5761,0.0005,0.7360,1.8334,0.3469
1.4444,0.0005,1.1633,1.3354,0.3514
1.8640,0.0005,0.8051,1.9383,0.3384
1.5538,0.0004,0.7872,1.5546,0.3595
1.6517,0.0005,1.1451,1.6789,0.3501
1.6374,0.0006,0.7104,1.5991,0.3583
1.8536,0.0008,0.7423,1.3051,0.3723
1.3414,0.0004,1.6035,1.8272,0.3588
1.2740,0.0005,0.9410,1.3000,0.3588
1.4515,0.0005,0.7353,1.3459,0.3598
1.4986,0.0003,1.1329,1.6481,0.3409
1.5954,0.0005,0.7555,1.5492,0.3361
1.4806,0.0006,1.0660,1.5048,0.3503
1.5263,0.0005,1.1640,1.3895,0.3478
1.5485,0.0004,0.9101,1.6526,0.3375
1.2464,0.0004,0.7778,1.2632,0.3583
1.2044,0.0005,1.1746,1.0101,0.3431
1.2218,0.0006,0.7614,1.4168,0.3431
1.7193,0.0007,0.7243,1.4138,0.3464
1.9854,0.0006,1.6252,2.1700,0.3499
1.1950,0.0006,1.2566,1.1347,0.3499
1.4936,0.0007,0.9063,1.3915,0.3600
1.8728,0.0006,1.0777,2.0630,0.3419
1.0820,0.0005,0.8629,1.0782,0.3419
1.5550,0.0007,0.8488,1.2631,0.3298
1.6862,0.0009,1.0381,1.8265,0.3301
1.3995,0.0006,0.7318,1.4877,0.3312
1.5278,0.0006,0.6998,1.4908,0.3482
1.5123,0.0008,1.0649,1.4186,0.3597
1.8549,0.0008,0.9018,2.0058,0.6329
1.6414,0.0007,0.9145,1.6814,0.3740
1.1871,0.0005,1.1759,1.0286,0.3740
2.0245,0.0007,0.7360,2.1624,0.3495
1.5491,0.0005,0.9859,1.2006,0.3482
2.2789,0.0010,1.1894,2.6084,0.3596
1.5545,0.0008,0.8831,1.5741,0.3613
1.4651,0.0008,0.8198,1.4528,0.3490
1.2231,0.0004,1.1539,1.2517,0.3462
1.3061,0.0006,0.8315,1.2980,0.3462
1.6042,0.0007,0.9181,1.4231,0.3384
1.9492,0.0006,1.4987,2.0813,0.3846
1.5183,0.0010,1.0875,1.4122,0.3846
1.8878,0.0008,0.8119,1.6669,0.3476
1.9331,0.0006,1.2990,2.2225,0.3350
1.1051,0.0004,0.8715,0.9136,0.3350
1.3545,0.0005,0.7682,1.5730,0.3547
1.6273,0.0005,1.1258,1.6001,0.3481
1.5412,0.0005,0.7962,1.3849,0.3467
2.4931,0.0007,0.7762,2.4161,0.3496
1.3967,0.0006,1.4999,0.9696,0.3732
1.0752,0.0003,0.9368,1.4833,0.5330
1.4090,0.0007,0.7299,1.3872,0.5330
1.4218,0.0004,1.1152,1.0350,0.3503
1.8763,0.0005,0.7942,1.8232,0.3388
1.5779,0.0007,0.7589,1.9205,0.3461
1.5153,0.0006,1.1144,1.5698,0.3525
1.5605,0.0006,0.8128,1.4105,0.3461
1.5864,0.0006,0.6573,1.6630,0.3557
1.6073,0.0006,1.0184,1.2835,0.3608
1.6290,0.0005,0.8600,2.0589,0.3489
1.5200,0.0005,0.6953,1.4678,0.3515
2.1939,0.0006,1.6864,1.5237,0.3763
1.3067,0.0005,1.3276,2.0043,0.3763
1.3875,0.0006,0.7156,1.2043,0.3451
1.3697,0.0006,1.1015,1.4542,0.3512
1.2991,0.0006,0.8837,1.1147,0.3472
1.4876,0.0008,0.7116,1.7462,0.3607
1.6898,0.0005,1.1169,1.6646,0.3429
1.1909,0.0007,0.8152,1.2083,0.3394
1.0010,0.0005,0.7852,0.7583,0.3394
1.5631,0.0004,1.0539,1.6079,0.3409
1.5208,0.0007,0.7496,1.6715,0.3324
1.3069,0.0007,0.7767,1.2359,0.3450
1.7131,0.0007,1.2440,1.6074,0.3887
1.1371,0.0007,1.0045,1.3331,0.3887
1.5277,0.0002,0.7375,1.5168,0.3605
1.5972,0.0005,1.0676,1.3499,0.3636
1.6012,0.0004,0.8065,1.7301,0.3334
1.5119,0.0005,0.7380,1.5524,0.3657
1.4812,0.0005,1.1735,1.5405,0.3571
1.1129,0.0006,0.7869,0.9487,0.3571
1.3831,0.0005,0.7429,1.4882,0.3368
1.7456,0.0006,1.0998,1.7715,0.3493
1.8428,0.0009,0.8625,1.7079,0.3502
1.7960,0.0007,1.0781,1.8906,0.3439
1.6641,0.0005,1.2677,1.6942,0.3715
0.9248,0.0004,0.7657,0.9583,0.3489
1.2387,0.0004,0.7029,1.0454,0.3489
1.9655,0.0003,1.0539,2.0997,0.3545
1.6445,0.0005,0.7913,1.6574,0.3570
1.1691,0.0005,0.7762,1.1748,0.3570
2.0728,0.0009,1.0490,2.0533,0.3594
1.5941,0.0006,0.7576,1.5602,0.3685
1.6064,0.0008,0.9356,1.4751,0.3486
1.3575,0.0007,1.5213,1.4077,0.3486
1.8887,0.0005,0.9352,1.8784,0.3490
1.0431,0.0003,0.8559,0.9117,0.3321
1.4500,0.0004,1.2511,1.6644,0.3597
1.3605,0.0004,0.7482,1.3731,0.3410
1.3603,0.0005,0.7728,1.3626,0.3410
1.8173,0.0004,1.1861,1.8031,0.3447
1.3467,0.0005,0.7000,1.1485,0.3497
0.9438,0.0003,0.8827,1.1485,0.3481
1.4565,0.0006,0.9806,1.4506,0.3579
0.8886,0.0004,0.6648,0.8806,0.3579
1.7412,0.0008,0.6445,1.6174,0.3671
1.7723,0.0009,1.1776,1.8188,0.3694
1.9039,0.0007,0.9269,1.7864,0.3467
1.2472,0.0005,0.9389,1.3671,0.3467
1.8328,0.0006,1.1124,1.6810,0.3492
1.1583,0.0005,1.0420,1.3173,0.3437
1.6181,0.0004,0.8788,1.6167,0.3437
1.6022,0.0006,1.2215,1.5839,0.3555
1.7670,0.0005,0.9216,1.7313,0.3360
1.4041,0.0008,0.7639,1.4076,0.3564
1.2167,0.0006,1.2797,1.2070,0.3401
1.6099,0.0009,0.8492,1.5503,0.3686
1.5423,0.0007,0.8701,1.6007,0.3827
1.1869,0.0004,1.2487,0.9442,0.3827
1.8121,0.0004,0.7643,1.7915,0.3634
1.7030,0.0005,0.7120,1.7074,0.3430
1.8698,0.0006,1.5257,1.9921,0.3340
0.8294,0.0003,1.0713,0.8149,0.3340
1.9245,0.0005,0.6501,1.9847,0.3404
1.2171,0.0005,1.1564,1.0676,0.3404
1.5944,0.0004,0.8091,1.7077,0.3526
1.6814,0.0005,0.7496,1.4830,0.3359
2.1404,0.0007,1.4185,2.3568,0.3659
1.2715,0.0005,0.9813,1.0756,0.3659
1.4131,0.0004,0.8276,1.5958,0.3481
1.8575,0.0004,1.0844,1.4565,0.3421
2.0600,0.0006,0.7249,2.5125,0.3473
1.2824,0.0005,0.7220,1.2976,0.3473
1.3848,0.0006,1.0740,1.0463,0.3360
1.6961,0.0006,0.7718,1.8101,0.3387
1.4862,0.0004,1.1032,1.7171,0.3495
1.7041,0.0005,1.0711,1.6814,0.3562
1.5224,0.0004,0.6897,1.4631,0.3262
1.4076,0.0005,0.8200,1.4662,0.3262
1.6788,0.0005,1.0891,1.6703,0.3650
1.5421,0.0003,0.7351,1.2889,0.3650
1.6781,0.0006,0.6412,1.9044,0.3380
1.3870,0.0004,1.0630,1.2144,0.3478
1.6739,0.0004,0.7113,1.8418,0.3641
1.4458,0.0004,0.6587,1.4308,0.3369
1.7523,0.0003,1.0353,1.7505,0.3615
1.2996,0.0004,0.7240,1.0236,0.3615
2.0415,0.0006,0.7101,2.2820,0.3506
1.6374,0.0006,1.2126,1.6324,0.3506
1.2643,0.0005,0.8713,1.1380,0.3447
1.8315,0.0007,0.7718,1.9580,0.3421
1.2407,0.0005,1.0659,1.2758,0.3578
1.1811,0.0005,0.7076,0.8845,0.3601
1.1962,0.0004,0.8240,1.4349,0.3601
1.3419,0.0006,1.0351,1.2412,0.3552
1.6090,0.0006,0.7777,1.4979,0.3418
1.0208,0.0005,1.0651,1.0869,0.3418
1.6534,0.0004,1.2746,1.6234,0.3544
1.3161,0.0004,1.0359,1.4023,0.3452
1.2176,0.0004,0.7725,1.2951,0.3452
1.9526,0.0007,1.2008,1.7008,0.3690
1.1700,0.0004,1.1179,1.3047,0.3486
1.1911,0.0005,1.0371,1.2111,0.3486
1.7662,0.0004,1.0247,1.7160,0.3404
1.2071,0.0003,0.8270,1.2278,0.3404
1.5271,0.0004,0.6452,1.5533,0.3479
1.4880,0.0005,1.0917,1.2745,0.3479
1.5014,0.0004,0.7953,1.7714,0.3610
1.5971,0.0003,0.7743,1.4385,0.3352
1.5143,0.0005,1.4373,1.6572,0.3539
1.3095,0.0009,0.9310,1.3209,0.3539
1.3811,0.0005,0.7107,1.1932,0.3466
1.6002,0.0006,1.2195,1.6464,0.4039
1.5614,0.0005,0.9228,1.5029,0.3493
1.4529,0.0005,1.0455,1.3976,0.3493
1.8569,0.0009,1.1909,2.0175,0.3480
1.4307,0.0006,1.0129,1.4478,0.3587
1.0994,0.0004,0.9404,0.9456,0.3587
1.3527,0.0004,1.3697,1.5515,0.3279
1.6358,0.0005,0.8862,1.1031,0.3279
1.5176,0.0006,0.8821,1.9260,0.3523
1.5848,0.0007,1.1759,1.4463,0.3523
1.2158,0.0004,1.0526,1.0186,0.3523
1.7717,0.0004,0.7573,2.1654,0.3816
1.0920,0.0004,1.0740,1.0909,0.3816
1.4292,0.0003,0.7198,1.4204,0.3432
1.2547,0.0004,0.6542,1.2310,0.3548
1.7020,0.0004,1.1151,1.7462,0.3457
1.4461,0.0003,0.7102,1.3380,0.3630
1.2239,0.0003,0.8410,1.1725,0.3386
1.0676,0.0005,1.2253,1.2479,0.3386
1.2822,0.0003,0.6351,1.2124,0.3541
1.4886,0.0003,0.7181,1.2690,0.3611
1.2513,0.0003,1.1792,1.3579,0.3611
1.6636,0.0007,0.6872,1.7424,0.3616
1.7228,0.0005,0.8078,1.7474,0.5293
1.1645,0.0004,1.2149,1.1400,0.3625
1.2861,0.0004,0.7445,1.3033,0.3595
1.9283,0.0005,0.7359,1.6970,0.3623
1.5497,0.0004,1.1240,1.6252,0.3441
1.5962,0.0004,0.7126,1.5608,0.3342
1.4604,0.0005,0.8033,1.3760,0.3342
2.1386,0.0004,0.9616,2.4150,0.3379
0.9331,0.0003,0.6036,0.9680,0.3379
1.2544,0.0003,0.5912,1.1078,0.3636
1.6158,0.0004,0.8614,1.7019,0.3491
1.7179,0.0004,0.7098,1.5477,0.3502
1.7757,0.0005,0.7203,1.9547,0.3594
1.4999,0.0005,1.2419,1.1628,0.3526
1.6818,0.0004,0.8753,1.8124,0.3635
0.9500,0.0003,0.8523,1.1411,0.3635
1.3909,0.0004,0.9626,1.3019,0.3539
1.4385,0.0003,0.6378,1.2985,0.3585
1.6025,0.0004,0.7790,1.8135,0.3496
1.4144,0.0003,0.9889,1.2091,0.3496
1.8205,0.0004,0.7226,1.9206,0.3568
1.0493,0.0004,0.9247,1.1277,0.3568
1.4286,0.0004,1.1033,1.2339,0.3567
1.3771,0.0005,0.7783,1.5568,0.3484
1.7242,0.0005,0.7155,1.7197,0.3562
1.0954,0.0004,1.0021,0.9698,0.3562
1.3737,0.0003,0.7085,1.3768,0.3663
1.6861,0.0004,0.8109,1.8147,0.3476
1.4762,0.0004,1.2757,1.0154,0.3538
1.1120,0.0003,0.8195,1.5108,0.3613
1.3178,0.0003,0.5874,1.1557,0.3613
1.7843,0.0003,0.9291,1.9308,0.3423
1.1179,0.0003,0.6984,1.0312,0.3423
1.6504,0.0003,0.8053,1.6673,0.3557
1.7118,0.0004,1.0544,1.1294,0.8987
1.5316,0.0007,1.0493,2.1161,0.3924
1.4917,0.0006,0.9265,1.5266,0.3558
1.2232,0.0004,1.0522,0.9592,0.3431
1.3699,0.0003,0.6446,1.6324,0.3391
1.3043,0.0003,0.5921,1.3179,0.3472
1.8000,0.0004,0.9149,1.7884,0.3545
0.8855,0.0003,0.6196,0.8387,0.3545
1.4751,0.0004,0.5772,1.3204,0.3553
1.4438,0.0004,1.0379,1.2989,0.3576
1.0686,0.0004,1.0314,1.0997,0.3576
1.7064,0.0005,0.6801,1.9053,0.3420
2.1010,0.0007,1.6071,1.5869,0.3661
1.1449,0.0003,1.3124,1.6567,0.4307
1.3153,0.0003,0.7337,1.2849,0.4307
1.4860,0.0003,1.1099,1.5748,0.3619
1.1307,0.0004,0.6656,1.1399,0.3487
1.1884,0.0003,0.6445,1.0617,0.3487
1.5144,0.0004,0.9559,1.4754,0.3560
1.1564,0.0005,0.8561,1.0592,0.3560
1.2105,0.0004,0.6501,1.4177,0.3477
1.5154,0.0004,1.1400,1.3340,0.3466
1.1010,0.0005,1.0784,1.2787,0.3590
1.7616,0.0004,0.7785,1.5402,0.3433
1.4448,0.0004,1.1700,1.4645,1.0241
1.3865,0.0005,0.7944,1.5600,0.3528
1.4371,0.0004,0.6404,1.2938,0.3417
1.3954,0.0003,1.0201,1.3998,0.3376
1.0401,0.0004,0.8067,1.2016,0.3376
1.2858,0.0005,0.6372,1.2097,0.3446
1.3355,0.0005,0.9859,1.2381,0.3355
0.9741,0.0003,0.9593,1.0929,0.3355
1.4390,0.0003,0.8308,1.2828,0.3493
1.6527,0.0005,1.1166,1.6953,0.3420
1.5920,0.0004,0.8718,1.4736,0.3420
1.7959,0.0006,0.7835,1.9321,0.3634
2.0956,0.0004,1.2567,1.9204,0.3432
0.7676,0.0005,1.0657,0.9096,0.3432
1.4869,0.0004,0.6883,1.6016,0.3567
1.1772,0.0005,1.1120,1.0190,0.3619
1.4694,0.0005,0.6640,1.6289,0.3672
1.1359,0.0006,0.6001,1.0607,0.3672
1.4158,0.0003,0.9563,1.4281,0.3360
1.1820,0.0004,0.5957,1.0861,0.3403
1.4118,0.0003,0.7910,1.1563,0.3403
1.3836,0.0003,0.9367,1.5998,0.3278
1.4630,0.0003,0.6446,1.4075,0.3469
1.1006,0.0006,0.8573,1.3038,0.3469
1.2474,0.0005,1.0235,1.1271,0.3710
1.3425,0.0004,0.7106,1.4106,0.3638
1.5577,0.0004,0.7185,1.4008,0.3444
1.5092,0.0003,1.1317,1.7143,0.3551
1.6630,0.0004,0.6897,1.4172,0.3551
1.3506,0.0005,0.7820,1.4907,0.3569
0.9981,0.0004,1.0170,0.9765,0.3569
1.6455,0.0003,0.6706,1.7083,0.3484
1.1137,0.0003,0.6453,0.9752,0.3484
1.8000,0.0006,1.2623,1.9026,0.3409
1.1259,0.0005,0.8261,1.1141,0.3533
2.0317,0.0005,0.7412,2.0067,0.3517
1.2272,0.0004,1.1750,1.2318,0.3650
1.3907,0.0004,0.7850,1.2939,0.3661
1.3424,0.0004,0.6600,1.5124,0.3443
1.2350,0.0004,0.9650,1.1682,0.3442
1.5228,0.0004,0.6649,1.4482,0.3588
1.4410,0.0007,0.6782,1.5733,0.3528
1.3548,0.0004,0.9684,1.0607,0.3540
1.3997,0.0006,0.7107,1.5319,0.3429
1.4680,0.0005,0.9296,1.6152,0.3520
1.2543,0.0004,0.9817,1.1781,0.3441
1.5024,0.0004,0.7269,1.5353,0.3441
1.6314,0.0009,0.6976,1.1071,0.3992
1.1313,0.0006,1.5570,1.3797,0.3543
1.2155,0.0005,0.7103,1.5051,0.3543
1.5098,0.0003,0.6023,1.2515,0.3518
1.6313,0.0004,0.9596,1.7959,0.3519
0.9861,0.0004,0.6943,0.8788,0.3519
1.3739,0.0004,0.6338,1.3823,0.3602
1.6040,0.0004,0.9536,1.6040,0.3402
2.0310,0.0004,0.7809,2.0842,0.3510
1.0432,0.0004,0.7589,1.1272,0.3510
1.5636,0.0004,0.9622,1.2496,0.3358
1.5124,0.0007,0.6702,1.7078,0.3272
1.7697,0.0006,0.8138,1.7700,0.3494
1.5211,0.0003,1.2376,1.4969,0.3806
1.3027,0.0003,0.7757,1.2966,0.3498
1.4204,0.0004,0.6800,1.5551,0.3436
1.3357,0.0004,0.9945,1.3398,0.3534
1.2163,0.0005,0.6929,1.2154,0.3411
1.4027,0.0005,0.5952,1.1990,0.3537
1.5437,0.0004,1.0938,1.3024,0.3484
1.2702,0.0004,1.1009,1.6962,0.3776
1.1984,0.0006,0.5936,1.0745,0.3776
1.2792,0.0004,0.9114,1.4068,0.3448
1.3624,0.0004,0.6085,1.0538,0.3448
1.7108,0.0004,0.6337,1.6610,0.3583
1.1693,0.0004,1.4182,1.1570,0.3508
1.2679,0.0004,0.7300,1.5642,0.3658
1.2517,0.0005,0.6321,1.1488,0.3388
1.5552,0.0004,0.9437,1.4175,0.3480
1.2029,0.0005,0.8073,1.2581,0.3480
1.7628,0.0005,0.7290,1.9042,0.3518
1.5858,0.0002,1.0192,1.3472,0.3737
1.6003,0.0004,0.6674,1.8521,0.3575
1.1965,0.0003,0.6304,1.1596,0.3475
2.2142,0.0006,0.9719,1.9347,0.3646
0.8916,0.0004,1.0670,1.0371,0.3646
1.5747,0.0005,0.8118,1.7253,0.3729
1.6457,0.0003,1.0117,1.5851,0.3498
1.3274,0.0005,0.7225,1.2113,0.3321
1.6232,0.0005,0.6447,1.7922,0.3447
2.1549,0.0007,1.6123,0.9114,0.3483
0.7130,0.0006,1.2117,0.9114,0.3483
0.7948,0.0004,0.6465,1.0884,0.3338
1.0245,0.0003,0.9011,1.0265,0.3338
1.4683,0.0005,0.5678,1.3066,0.3427
1.4430,0.0003,0.6064,1.4466,0.3547
1.2811,0.0003,0.9465,1.3695,0.3369
1.4392,0.0009,0.6703,1.3588,0.3418
1.7783,0.0006,0.6930,1.6512,0.9384
1.6352,0.0004,1.0360,1.7054,0.3362
1.1207,0.0003,0.8391,1.2442,0.3362
1.3229,0.0004,0.6428,1.3458,0.3407
1.4743,0.0003,0.9929,1.4868,0.3636
1.3353,0.0003,0.6359,1.3302,0.3400
0.9655,0.0004,0.5958,0.8030,0.3400
1.8286,0.0004,0.9331,1.9085,0.3327
1.1500,0.0005,0.7211,1.1544,0.3327
1.4510,0.0003,0.5870,1.5131,0.3567
1.5255,0.0005,0.8972,1.5169,0.3614
1.4746,0.0006,0.6107,1.4208,0.3517
1.4871,0.0004,0.7498,1.4131,0.3670
1.6058,0.0007,1.1117,1.5105,0.3554
1.0984,0.0004,0.8788,1.2023,0.3554
1.4205,0.0005,0.8578,1.1679,0.3541
1.2685,0.0006,1.1844,1.5083,0.3460
1.5358,0.0005,0.7109,1.6103,0.3464
1.3808,0.0003,0.6704,1.0766,0.3495
1.2404,0.0003,1.1290,1.5702,0.3445
1.4102,0.0004,0.7201,1.1721,0.3408
1.7440,0.0005,0.8841,1.9360,0.3474
1.4229,0.0006,1.0101,1.1648,0.3464
1.9534,0.0005,0.7794,2.1590,0.7266
1.3974,0.0005,0.7874,1.4308,0.3678
1.3308,0.0005,1.0274,1.3008,0.3675
1.0477,0.0006,0.9490,0.8010,0.3564
1.1594,0.0003,1.0100,1.4437,0.3564
1.4674,0.0003,0.9553,1.2566,0.3498
1.5805,0.0003,0.6481,1.7734,0.3491
1.6937,0.0005,0.7756,1.6089,0.3528
1.2179,0.0003,1.0761,1.2967,0.3377
1.4079,0.0005,0.6741,1.2552,0.3511
1.3000,0.0004,0.6477,1.4157,0.3476
1.4064,0.0007,1.0641,1.2910,0.3508
1.6647,0.0007,0.9025,1.7656,0.3752
1.4074,0.0004,0.7309,1.2249,0.3761
1.5209,0.0004,1.2382,1.5835,0.3416
1.6441,0.0003,0.8311,1.7833,0.3383
1.2287,0.0003,0.6423,0.8878,0.3383
1.3492,0.0003,0.9264,1.6654,0.3580
1.6735,0.0003,0.6399,1.5045,0.3354
1.4095,0.0005,0.6056,1.4316,0.3312
1.5758,0.0004,0.9049,1.7250,0.3566
1.4124,0.0004,0.6647,1.3983,0.3554
1.5024,0.0004,0.6214,1.4386,0.3459
1.0628,0.0003,1.0316,0.9210,0.3459
1.4146,0.0005,0.6996,1.5898,0.3789
1.2034,0.0004,0.6864,1.1439,0.3789
1.5207,0.0004,1.0416,1.3897,0.3530
1.6009,0.0005,0.6837,1.7590,0.3518
1.4297,0.0003,0.6490,1.4598,0.3417
1.0432,0.0003,1.0043,1.0429,0.3417
1.6902,0.0004,0.6631,1.6558,0.3487
1.2815,0.0005,0.6599,1.2921,0.3552
1.2213,0.0005,0.9603,1.1745,0.3485
1.1930,0.0003,0.7175,1.2418,0.3638
1.3478,0.0004,0.7944,1.0932,0.3638
1.6735,0.0007,0.9629,1.8064,0.3615
2.0833,0.0005,0.8757,2.1043,0.3499
1.0577,0.0005,0.8632,1.0211,0.3499
1.3975,0.0005,1.0452,1.3978,0.3353
1.4433,0.0007,0.6413,1.3714,0.3559
1.3197,0.0005,0.6492,1.4903,0.3530
1.4658,0.0004,1.1204,1.2693,0.3616
1.5592,0.0004,0.9971,1.7106,0.3495
1.1691,0.0003,0.6630,1.1138,0.3307
1.3411,0.0003,1.0473,1.1460,0.3307
1.4173,0.0005,0.6481,1.5147,0.3277
2.0942,0.0008,0.6301,2.1718,0.3489
1.5242,0.0005,1.1101,1.5702,0.3969
1.2917,0.0007,0.8176,1.3132,0.3573
0.9751,0.0004,0.6867,0.9908,0.3573
1.8028,0.0006,0.9498,1.6292,0.3405
0.8475,0.0006,0.8148,0.8162,0.3405
1.3460,0.0004,0.6119,1.2888,0.3559
1.4397,0.0004,0.9518,1.5552,0.3582
1.3087,0.0003,0.7804,1.4372,0.3528
1.0593,0.0004,0.6495,0.9130,0.3528
1.3483,0.0004,0.9041,1.4734,0.3538
1.1252,0.0003,0.6202,1.1349,0.3538
1.0642,0.0005,0.6744,1.0474,0.3403
1.4952,0.0009,1.0262,1.3368,0.3568
1.7142,0.0005,0.8255,1.5802,0.3991
1.2434,0.0006,1.0493,1.2438,0.3991
1.5571,0.0005,1.3153,1.7882,0.3592
1.3872,0.0004,0.8614,1.4072,0.3511
1.2453,0.0004,0.6367,1.0755,0.3449
1.4583,0.0004,0.9458,1.6347,0.3660
1.2736,0.0005,0.6066,1.1088,0.3428
1.1162,0.0003,0.7832,1.2609,0.3428
1.5809,0.0005,1.2135,1.3283,0.3395
1.4722,0.0005,1.0749,1.7065,0.3454
1.5113,0.0009,0.6257,1.1416,0.3454
2.2909,0.0006,1.7415,1.5655,0.3873
0.7855,0.0006,1.4360,1.1844,0.3597
1.0286,0.0007,0.7302,1.0809,0.3597
1.3396,0.0005,0.9136,1.5596,0.3524
1.3011,0.0004,0.6670,1.0954,0.3427
1.4017,0.0004,0.6351,1.4146,0.3544
1.8744,0.0005,1.0910,1.9055,0.3610
0.8335,0.0006,0.8596,0.9519,0.3610
1.4399,0.0005,0.8058,1.3921,0.3457
1.1483,0.0005,1.0151,1.0923,0.3457
1.2997,0.0005,0.8062,1.4378,0.3534
1.4851,0.0005,0.6581,1.3122,0.3534
1.8034,0.0008,1.3100,1.7474,0.3463
1.8509,0.0005,0.9620,2.0006,0.3770
1.6661,0.0006,0.8210,1.5257,0.3555
1.9544,0.0005,1.3728,1.9480,0.3451
0.8226,0.0006,1.0825,0.9885,0.3402
1.0874,0.0006,0.6900,0.9859,0.3402
1.6319,0.0004,1.1296,1.6332,0.3512
1.1722,0.0004,0.8443,1.1191,0.3512
1.3257,0.0005,0.6666,1.4557,0.3510
1.4713,0.0005,0.9600,1.2485,0.3413
1.1952,0.0006,1.2100,1.4372,0.3485
1.3808,0.0007,0.7184,1.3421,0.3680
1.5503,0.0006,0.9695,1.5676,0.3802
1.3979,0.0006,0.7392,1.1833,0.3615
1.5117,0.0006,0.7355,1.5990,0.3460
1.0452,0.0005,1.1325,1.1873,0.3557
1.1126,0.0005,0.6610,1.1106,0.3557
1.2862,0.0005,0.7344,1.2820,0.3493
1.3412,0.0004,1.1189,1.2370,0.3572
1.3629,0.0004,0.6770,1.3603,0.3605
1.1972,0.0005,0.6748,1.2880,0.3441
1.1094,0.0005,0.9540,1.0963,0.3403
1.4542,0.0006,0.6785,1.4249,0.3697
1.3589,0.0006,0.7824,1.2136,0.3663
1.5291,0.0006,1.3198,1.6124,0.3663
1.4831,0.0007,0.9610,1.4844,0.3624
1.6419,0.0006,1.0710,1.3388,0.3508
1.4197,0.0007,1.1570,1.7626,0.3448
1.2233,0.0006,0.7991,1.0090,0.3448
1.4253,0.0006,0.6520,1.5685,0.3617
1.3173,0.0005,1.0348,1.2747,0.3580
1.1562,0.0007,0.7952,1.2215,0.3601
1.4898,0.0008,0.6755,1.4357,0.3505
1.7919,0.0007,1.4462,1.1908,0.3507
0.7269,0.0005,1.1799,1.0031,0.3507
1.3336,0.0003,0.6303,1.4389,0.3474
1.6707,0.0007,0.9167,1.5283,0.3359
1.8122,0.0007,0.8396,1.8723,0.4086
1.0302,0.0003,0.8766,1.0178,0.3537
1.1514,0.0004,1.1629,1.3589,0.3465
1.2708,0.0004,0.6614,1.2299,0.3465
1.4714,0.0003,0.6177,1.5101,0.3555
1.1937,0.0004,0.9050,1.1967,0.3416
1.4324,0.0006,0.6087,1.3945,0.3389
1.4513,0.0005,0.6637,1.4256,0.3455
1.5270,0.0004,0.9434,1.3848,0.3575
1.3816,0.0004,0.7092,1.3466,0.3498
1.5157,0.0004,0.8082,1.3980,0.3295
1.1691,0.0005,1.1059,1.3547,0.3295
1.7923,0.0007,0.7094,1.8697,0.3726
1.4011,0.0006,0.7075,1.4027,0.3651
1.2948,0.0004,1.0632,1.2309,0.3682
1.1861,0.0003,0.7846,1.2100,0.3509
0.9777,0.0003,0.6843,1.0343,0.3509
1.2237,0.0004,0.9493,1.2301,0.3533
1.1651,0.0005,0.6278,1.1550,0.3552
1.4339,0.0005,0.6697,1.2316,0.3403
2.0249,0.0007,1.0769,2.1971,0.3571
0.9030,0.0004,0.6648,0.7525,0.3571
1.3956,0.0005,0.6632,1.4325,0.3623
1.2907,0.0006,0.9556,1.3729,0.3430
1.2966,0.0005,0.6796,1.0858,0.3598
1.3957,0.0006,0.7432,1.6231,0.3729
1.4015,0.0004,0.9898,1.2282,0.3459
1.0631,0.0006,0.8312,1.2313,0.3459
1.3621,0.0003,0.6461,1.2430,0.3487
1.4625,0.0005,0.9535,1.4696,0.3503
1.1821,0.0005,0.7665,1.1861,0.3503
1.6402,0.0004,0.6628,1.4808,0.3687
1.4338,0.0004,1.0546,1.4647,0.3460
1.4094,0.0004,0.7231,1.5820,0.3383
1.7458,0.0006,0.7546,1.5863,0.3385
1.9731,0.0011,1.2436,2.0796,0.3730
1.4093,0.0007,0.9328,1.0811,0.3730
1.5289,0.0005,1.3827,1.8941,0.3467
1.4497,0.0005,1.0968,1.1814,0.3336
1.4029,0.0006,0.7354,1.6176,0.3477
1.9635,0.0007,0.6990,1.6207,0.3488
1.3652,0.0007,1.4499,1.5821,0.3488
1.7040,0.0008,0.8809,1.7632,0.3315
1.4554,0.0006,0.7101,1.3394,0.3519
1.1799,0.0003,1.1552,1.1970,0.3519
1.3820,0.0003,0.6339,1.3897,0.3466
1.2910,0.0004,0.6272,1.4280,0.3498
1.5652,0.0003,1.0224,1.4442,0.3520
1.5980,0.0003,0.8476,1.5968,0.3619
1.4689,0.0005,0.7643,1.6227,0.3568
1.7819,0.0008,1.2212,1.6418,0.3522
1.7392,0.0009,0.8826,1.7926,0.3586
1.1720,0.0005,0.8314,1.1150,0.3586
1.2216,0.0007,1.0381,1.3636,0.3545
1.4706,0.0005,0.6526,1.2266,0.3571
1.3106,0.0005,0.6459,1.5513,0.3347
1.5115,0.0005,0.9645,1.2443,0.3446
1.7735,0.0004,0.6627,1.5228,0.3510
1.4987,0.0005,0.9517,1.9251,0.3520
1.2916,0.0005,1.2884,1.3450,0.3702
1.3129,0.0004,0.7518,1.1285,0.3655
1.6001,0.0004,0.6559,1.6111,0.3522
2.0998,0.0004,1.0674,2.2270,0.3591
1.4044,0.0003,0.7460,1.4313,0.3602
1.4140,0.0006,0.8037,1.2877,0.3466
1.1472,0.0003,1.3266,1.2799,0.3466
1.3038,0.0003,0.6780,1.2698,0.3545
1.3211,0.0004,0.6111,1.1377,0.3683
1.3967,0.0004,0.9785,1.6000,0.3436
1.6657,0.0004,0.6374,1.4269,0.3472
1.6077,0.0006,0.7543,1.6855,0.3436
1.3586,0.0006,1.2020,1.4893,0.3436
1.3998,0.0007,0.7160,1.3784,0.3569
1.5082,0.0005,0.7639,1.4133,0.3383
1.4158,0.0005,1.0516,1.3491,0.3528
1.3069,0.0006,0.6716,1.4975,0.3507
1.3074,0.0004,0.6161,1.2254,0.3394
1.3283,0.0005,0.8951,1.2405,0.3431
1.5292,0.0005,0.6895,1.4422,0.3528
1.3264,0.0004,0.5974,1.3276,0.3467
1.8941,0.0006,0.9102,2.0711,0.3410
1.2929,0.0008,0.7916,1.2735,0.3477
1.6801,0.0007,1.2065,1.2147,0.3899
1.2501,0.0006,1.7405,1.7483,0.3899
1.3279,0.0003,0.7607,1.1500,0.3641
1.5997,0.0003,0.6764,1.7919,0.3383
0.9983,0.0003,0.9817,0.9987,0.3526
1.3581,0.0004,0.6994,1.1852,0.3377
1.4287,0.0006,0.6806,1.5815,0.3463
1.2623,0.0003,1.1043,1.0454,0.3463
1.5416,0.0005,0.7132,1.4584,0.3361
1.1844,0.0004,1.0872,1.3483,0.3361
1.5540,0.0005,1.1331,1.5223,0.3466
1.2708,0.0005,0.8170,1.2129,0.3754
1.6267,0.0003,0.7881,1.6693,0.3539
1.0894,0.0003,1.1550,1.1322,0.3539
1.1219,0.0004,0.6682,1.2302,0.3522
1.5382,0.0005,0.6111,1.2788,0.3527
1.2675,0.0006,0.9307,1.5186,0.3562
1.3129,0.0005,0.6700,1.0406,0.3562
1.7008,0.0004,0.6389,1.9511,0.3465
1.4919,0.0004,0.9400,1.4886,0.3465
1.1970,0.0004,0.6773,1.1981,0.3686
1.1454,0.0004,0.6334,1.1511,0.3391
1.3746,0.0006,0.9221,1.1476,0.3409
1.7939,0.0006,0.6888,1.7089,0.3642
1.6437,0.0005,1.3701,1.7696,0.3651
1.2084,0.0006,1.5502,0.9331,0.3487
1.5369,0.0005,0.7536,1.7488,0.3366
1.2023,0.0005,0.7526,1.3146,0.3366
1.5041,0.0004,1.1898,0.9971,0.3491
0.7641,0.0004,0.9046,1.2516,0.3491
1.3495,0.0004,0.7548,1.1586,0.3515
1.4185,0.0003,1.0777,1.5977,0.3515
1.2733,0.0004,0.6157,1.1632,0.3467
1.3155,0.0003,0.6049,1.2742,0.3382
1.3690,0.0003,0.9606,1.3773,0.3433
2.3848,0.0006,0.6515,2.4045,0.3697
1.1265,0.0006,0.8625,0.9259,0.3697
1.8767,0.0003,1.1429,2.0764,0.3454
0.9704,0.0005,0.7940,0.8997,0.3454
1.5059,0.0007,0.6736,1.6710,0.3715
1.4007,0.0003,0.9246,1.1737,0.3576
1.2774,0.0005,0.7059,1.4606,0.3409
1.3967,0.0004,0.6606,1.4086,0.3490
1.2481,0.0006,0.9527,1.2383,0.3525
1.0934,0.0004,0.6803,1.1028,0.3608
1.5867,0.0007,0.6358,1.1297,0.3608
1.6400,0.0005,1.1187,1.9802,0.3540
1.6988,0.0005,0.8622,1.7349,0.3546
1.3499,0.0003,0.8369,1.2463,0.3709
1.1512,0.0005,1.1056,1.3027,0.3522
1.5930,0.0003,0.6983,1.5350,0.3480
1.3180,0.0004,0.6371,1.2357,0.3480
1.6610,0.0004,0.9779,1.7421,0.3438
1.1912,0.0004,0.6807,0.9749,0.3438
1.7938,0.0003,0.6714,2.0026,0.3542
1.3651,0.0004,1.0019,1.3114,0.3473
1.0918,0.0004,0.7605,0.8192,0.3473
1.3141,0.0004,0.6594,1.6370,0.3640
1.6075,0.0006,0.9717,1.4261,0.3615
1.5214,0.0007,0.7468,1.5008,0.3434
1.5023,0.0003,0.8216,1.4507,0.3516
1.5006,0.0004,1.4425,1.1937,0.3609
1.1130,0.0003,0.9288,1.6026,0.3609
1.1913,0.0004,0.5828,0.9977,0.3585
1.2732,0.0003,0.9130,1.3553,0.3498
1.3280,0.0003,0.6328,1.2664,0.3533
1.2685,0.0003,0.5755,1.2328,0.3530
1.2801,0.0004,0.8859,1.3733,0.3537
1.6758,0.0003,0.6158,1.5520,0.3443
1.4823,0.0004,0.6326,1.6889,0.3414
1.7487,0.0007,0.9506,1.5161,0.3597
1.4354,0.0004,0.8321,1.4515,0.3597
1.8014,0.0005,0.7390,1.8111,0.3488
1.3271,0.0004,1.0469,1.3391,0.3605
1.0947,0.0003,0.7535,1.0752,0.3605
1.2727,0.0004,0.8289,1.1234,0.3604
1.4270,0.0003,0.9946,1.4936,0.3502
1.7336,0.0003,0.7302,1.7690,0.3382
1.3383,0.0004,0.6524,1.2025,0.3382
1.7139,0.0006,1.0956,1.7865,0.3575
1.1335,0.0003,0.7771,1.0052,0.3526
1.2117,0.0004,0.8031,1.2044,0.3526
1.5528,0.0005,1.0295,1.6516,0.3444
1.9618,0.0005,0.7828,1.9987,0.3808
1.1395,0.0004,0.7112,1.1610,0.3463
1.2894,0.0004,0.9604,1.1176,0.3463
1.5772,0.0005,0.6342,1.7447,0.3424
1.1796,0.0003,0.6381,1.1859,0.3586
1.5859,0.0003,0.9295,1.4979,0.3550
1.0920,0.0005,0.7170,0.9863,0.3550
1.4319,0.0004,0.6825,1.5036,0.3541
1.0693,0.0004,1.0941,1.1356,0.3552
1.3155,0.0005,0.6694,1.1472,0.3654
1.3605,0.0004,0.7847,1.5521,0.3654
1.5990,0.0006,1.0011,1.2635,0.3516
2.2033,0.0007,0.8871,2.3949,0.3715
1.1434,0.0006,0.9405,1.2267,0.3469
1.0018,0.0005,1.1116,1.0082,0.3469
1.1331,0.0005,0.6300,1.1514,0.3464
1.9094,0.0004,0.6359,1.8970,0.3424
1.1285,0.0004,1.0908,1.1192,0.3424
2.0856,0.0003,0.7686,2.0544,0.3486
1.1368,0.0007,0.6495,1.1664,0.3486
1.5671,0.0005,0.9978,1.1238,0.3412
1.7051,0.0004,0.7357,2.1265,0.3553
1.2626,0.0006,0.7678,1.0616,0.3553
1.4694,0.0006,1.1191,1.5906,0.3607
2.2895,0.0004,0.8132,2.3160,0.3550
1.0334,0.0004,0.7416,0.8812,0.3550
1.6596,0.0004,1.1583,1.5900,0.3456
1.3904,0.0004,1.1031,1.6288,0.3456
1.5486,0.0003,0.7128,1.5259,0.3535
1.2543,0.0003,1.0838,1.2614,0.3379
1.2962,0.0004,0.7624,1.0621,0.3379
1.6596,0.0005,0.6716,1.7856,0.3505
1.3439,0.0004,1.0999,1.1664,0.3505
2.1344,0.0006,0.7055,2.2584,0.3506
1.4545,0.0005,0.8771,1.5442,0.3492
1.1593,0.0005,1.2609,0.9940,0.3492
1.7936,0.0005,0.7553,1.9246,0.3225
1.3448,0.0007,0.7602,1.3721,0.3225
1.7597,0.0004,1.1114,1.5873,0.3440
1.7725,0.0003,0.7792,1.9732,0.3400
1.4939,0.0004,0.7374,1.3621,0.3465
1.5548,0.0005,1.0814,1.5925,0.3687
1.9516,0.0007,0.8114,2.0343,0.3430
0.9404,0.0003,0.8798,0.9304,0.3430
1.7515,0.0005,1.0659,1.5956,0.3666
1.5940,0.0007,0.8884,1.5961,0.3980
1.5432,0.0007,0.8525,1.5576,0.3678
1.1689,0.0004,1.4481,1.1153,0.3433
1.3619,0.0004,0.7209,1.4312,0.3433
1.4665,0.0004,0.6493,1.4916,0.3494
1.2624,0.0004,1.0520,1.0715,0.3514
1.4948,0.0004,0.6636,1.5656,0.3558
1.1659,0.0005,0.7564,1.2324,0.3558
1.0850,0.0003,1.1185,1.2167,0.3555
1.1623,0.0003,0.6973,1.0409,0.3416
1.8525,0.0004,0.6379,1.9420,0.3476
1.2775,0.0008,1.0885,0.9603,0.3476
1.2522,0.0007,0.8708,1.3778,0.3896
1.3095,0.0005,0.7299,1.4395,0.3578
1.3184,0.0005,1.2390,1.1882,0.3442
1.2520,0.0005,0.7678,1.4218,0.3459
1.2691,0.0006,0.7588,1.1241,0.3468
1.7249,0.0005,0.9547,1.8640,0.3373
0.9965,0.0005,0.6627,1.0243,0.3373
1.2805,0.0004,0.5944,1.0666,0.3603
1.7603,0.0003,0.8805,1.9508,0.3533
0.9889,0.0003,0.5972,0.9979,0.3533
1.1576,0.0003,0.5983,1.0557,0.3452
1.3994,0.0004,0.9310,1.4307,0.3516
1.9788,0.0006,0.7380,1.9641,0.3733
1.0828,0.0005,0.8441,1.1215,0.3733
1.7482,0.0003,1.2023,1.7277,0.3714
1.1171,0.0003,0.6997,0.9603,0.3714
1.2596,0.0003,0.6396,1.3038,0.3453
1.4402,0.0004,1.0797,1.5610,0.3586
1.2870,0.0004,0.9343,1.2834,0.3429
1.5831,0.0004,0.6471,1.5479,0.3524
1.2953,0.0004,0.9846,1.3201,0.3642
1.1757,0.0004,0.6386,0.9884,0.3642
1.4330,0.0004,0.6318,1.4639,0.3398
1.9124,0.0005,1.4533,1.2201,0.3479
1.1055,0.0005,1.3088,1.6067,0.3479
1.7721,0.0004,0.8963,1.7545,0.3751
1.6618,0.0007,1.0512,1.7867,0.3501
2.1524,0.0006,0.7460,2.2451,0.3418
1.4953,0.0004,0.7349,1.5240,0.3418
1.8598,0.0005,1.0246,1.8464,0.3701
1.3551,0.0004,0.6709,1.3661,0.3416
1.2157,0.0004,0.6431,1.0290,0.3416
1.6099,0.0005,0.9603,1.6608,0.3593
1.5578,0.0006,0.6290,1.4639,0.3488
1.7108,0.0005,0.7878,1.7861,0.3573
1.6760,0.0004,1.1840,1.7796,0.3516
1.1364,0.0004,0.7624,1.1389,0.3516
1.6826,0.0004,0.6597,1.6966,0.3535
1.2724,0.0004,0.9697,1.2545,0.3479
1.1889,0.0004,0.6890,1.2069,0.3585
1.2819,0.0004,0.6305,1.2612,0.3491
1.2079,0.0004,0.9361,1.1094,0.3455
1.3026,0.0004,0.7318,1.2916,0.3388
1.0830,0.0004,0.7448,1.2222,0.3388
1.5976,0.0004,0.8889,1.5585,0.3310
1.4266,0.0006,0.6146,1.0989,0.3310
1.4482,0.0006,1.1142,1.6455,0.3484
1.8945,0.0004,2.0049,1.2902,0.3708
0.9186,0.0004,1.0809,1.3829,0.3708
1.5174,0.0005,0.6416,1.5787,0.3661
1.1073,0.0003,0.9577,0.8642,0.3661
1.5603,0.0003,0.6528,1.6958,0.3407
1.4488,0.0004,0.6317,1.4528,0.3530
1.5001,0.0003,0.9992,1.6241,0.3430
1.5540,0.0004,0.6979,1.3517,0.3481
0.9838,0.0003,0.8395,1.0453,0.3481
1.5021,0.0004,1.0704,1.4822,0.3389
1.8449,0.0007,0.7032,1.9052,0.3462
1.6724,0.0006,0.8151,1.6376,0.3619
1.4751,0.0006,1.2260,1.5243,0.3655
1.3943,0.0005,0.8051,1.3271,0.3426
1.4582,0.0005,0.7416,1.5467,0.3448
1.3435,0.0005,1.0799,1.3400,0.3434
1.2965,0.0003,0.6930,1.3029,0.3377
1.7966,0.0004,0.6473,1.7481,0.3646
1.1283,0.0004,1.0184,1.1626,0.3646
1.3450,0.0005,0.7029,1.3426,0.3534
1.3353,0.0006,0.6271,1.3187,0.3620
1.6360,0.0006,1.0596,1.5790,0.3473
2.0175,0.0010,0.9015,1.9680,0.3612
1.8576,0.0004,1.1476,1.8647,0.3524
1.1744,0.0004,1.2889,1.1269,0.3524
1.6596,0.0005,0.7638,1.4718,0.3517
1.5223,0.0007,0.7904,1.5096,0.3429
1.7920,0.0010,1.4836,1.4642,0.3601
0.9472,0.0005,1.1489,1.5904,0.3601
1.3752,0.0006,0.6273,1.2672,0.3373
1.4445,0.0007,0.9810,1.5130,0.3467
1.3725,0.0006,1.0250,1.3682,0.3713
1.7547,0.0008,0.7438,1.6025,0.3555
2.2355,0.0006,1.8194,1.4124,0.3873
0.7707,0.0006,1.3130,1.3431,0.3873
1.3135,0.0005,0.7030,1.5411,0.3861
1.7231,0.0004,1.1429,1.7303,0.3397
1.1736,0.0004,0.7444,0.9833,0.3591
1.4675,0.0006,0.6323,1.5078,0.3475
1.6353,0.0005,1.0966,1.7673,0.3621
1.4636,0.0007,0.6551,1.4130,0.3621
1.7673,0.0006,0.6072,1.5384,0.3338
1.3888,0.0005,1.0071,1.4919,0.3440
1.6477,0.0007,0.6810,1.5670,0.3544
1.2712,0.0008,0.9033,1.4463,0.3544
2.0004,0.0009,1.1896,1.9617,0.3771
1.8590,0.0007,0.9440,1.8815,0.3433
1.2871,0.0005,0.8119,1.2462,0.3433
1.8629,0.0008,1.0976,1.7021,0.3431
1.8484,0.0006,0.9069,1.7843,0.3477
1.5767,0.0007,1.1674,1.8406,0.3549
1.4661,0.0005,1.1589,1.1625,0.3549
1.4792,0.0005,0.7850,1.7256,0.3584
1.5976,0.0005,0.7467,1.4654,0.3463
1.7949,0.0005,1.2910,1.6229,0.3370
1.7609,0.0006,0.8983,2.0942,0.8418
1.7310,0.0005,0.8192,1.7464,0.3576
1.4595,0.0004,1.1058,1.3489,0.3529
1.5405,0.0005,0.8363,1.5498,0.3402
1.6625,0.0005,0.7696,1.7406,0.3617
1.5640,0.0007,1.3041,1.5564,0.3475
1.6708,0.0005,0.8265,1.6679,0.3747
1.3438,0.0006,0.7015,1.3420,0.3372
1.6249,0.0007,1.0045,1.6378,0.3372
1.5511,0.0006,0.6534,1.4866,0.3399
1.8281,0.0008,0.8103,1.8262,0.3483
1.9049,0.0009,1.2016,1.8920,0.3757
1.0229,0.0004,0.8830,1.0803,0.3757
1.6067,0.0006,0.7792,1.5829,0.3468
1.7154,0.0006,1.2284,1.6332,0.3522
1.5789,0.0008,0.9248,1.5578,0.3449
1.4532,0.0008,0.9384,1.2873,0.3449
2.3227,0.0010,1.2962,2.4492,0.3677
1.4330,0.0010,1.0876,1.4410,0.3548
1.4232,0.0010,1.1236,1.4253,0.3548
2.3903,0.0008,1.6676,1.9480,0.3993
1.0245,0.0015,1.5374,1.2833,0.3440
1.8937,0.0007,0.9029,2.0625,0.3418
1.3834,0.0008,1.1777,1.3974,0.3418
1.6013,0.0009,0.8380,1.3580,0.3329
1.8327,0.0008,0.9776,1.7936,0.3437
1.8320,0.0006,1.5760,2.0777,0.3435
1.1217,0.0005,0.9708,1.0091,0.3435
1.8707,0.0005,0.9520,1.9501,0.3476
1.3322,0.0008,1.1791,1.3766,0.3476
1.8722,0.0010,0.8784,1.7909,0.3351
1.3543,0.0008,0.9529,1.1818,0.3654
1.6478,0.0006,1.2261,1.8938,0.3549
1.9577,0.0006,0.8439,1.9003,0.3594
1.1243,0.0006,0.8581,1.0683,0.3594
1.6356,0.0004,1.4287,1.3789,0.3537
1.3398,0.0005,1.0270,1.6204,0.3537
1.4922,0.0005,0.6523,1.5718,0.3488
1.4963,0.0005,0.9912,1.3784,0.3503
1.5688,0.0005,0.8349,1.6914,0.3452
1.5985,0.0006,0.6532,1.5510,0.3452
1.9631,0.0006,1.1197,1.9092,0.3657
1.3795,0.0005,0.8966,1.3539,0.3524
1.7504,0.0006,0.7864,1.6747,0.3607
1.7770,0.0006,1.1339,1.7655,0.3405
1.7647,0.0009,0.9539,1.8907,0.3638
1.1115,0.0004,0.7441,0.9847,0.3638
1.7286,0.0003,1.0348,1.8494,0.3400
1.0895,0.0006,0.7262,0.9793,0.3400
1.7369,0.0006,0.8435,1.7010,0.3455
1.9630,0.0006,1.1855,2.0810,0.3395
1.7634,0.0008,0.8345,1.6877,0.3748
1.3959,0.0007,1.4426,1.0840,0.3748
1.5322,0.0008,1.4182,1.9104,0.3859
1.1579,0.0005,0.8048,1.0346,0.3529
1.7528,0.0005,0.8362,1.8428,0.3429
1.4849,0.0005,1.2186,1.5065,0.3429
1.3287,0.0005,0.7658,1.1823,0.3516
1.9373,0.0007,0.7899,2.0103,0.3475
1.2139,0.0005,1.1616,1.2585,0.3722
1.3710,0.0007,0.7868,1.2523,0.3462
1.4353,0.0006,0.8340,1.2652,0.3462
2.5504,0.0009,1.2006,2.7395,0.4004
1.5159,0.0006,0.9572,1.5671,0.3717
1.2789,0.0007,0.8575,1.3100,0.3559
1.1837,0.0005,1.0885,0.9259,0.3559
1.7980,0.0006,0.7123,2.0102,0.3402
1.2075,0.0006,0.7134,1.0948,0.3619
1.1343,0.0005,1.1632,1.1234,0.3619
1.4141,0.0006,0.6510,1.3851,0.3524
1.5900,0.0005,0.6266,1.7775,0.3465
1.4903,0.0005,0.9585,1.4833,0.3561
1.2129,0.0007,0.6967,1.0527,0.3561
2.1842,0.0009,0.7091,1.9598,0.5426
1.7504,0.0008,1.5689,2.0119,0.3623
1.4194,0.0006,0.9829,1.4753,0.3358
1.1458,0.0011,0.8845,1.1017,0.3358
1.6720,0.0006,1.4690,1.4625,0.3438
0.9121,0.0007,1.1663,1.1841,0.3438
1.5054,0.0007,0.6732,1.4531,0.3508
1.3842,0.0007,1.0963,1.3814,0.3416
1.5585,0.0004,0.8134,1.3197,0.3416
1.7355,0.0003,0.6864,1.9972,0.3622
1.3270,0.0007,1.0273,1.2866,0.3622
1.8964,0.0006,0.6860,1.4053,0.3624
1.2437,0.0007,1.3639,1.4766,0.3624
2.0995,0.0005,1.5707,2.2920,0.3431
1.4402,0.0007,0.7491,1.3797,0.3431
1.6048,0.0006,0.8318,1.5745,0.3382
1.7047,0.0005,1.0954,1.6182,0.3466
1.9925,0.0006,0.8080,2.0366,0.3406
1.5361,0.0006,0.9835,1.4162,0.3406
1.7609,0.0009,1.7225,1.4671,0.3388
1.2749,0.0005,1.1178,1.5085,0.3388
1.7997,0.0007,0.8891,1.7043,0.3412
1.7757,0.0005,1.2261,2.1357,0.3435
2.0132,0.0003,0.9290,1.9980,0.3487
1.4481,0.0004,0.8039,1.4941,0.3577
1.6428,0.0004,1.0749,1.5601,0.3619
1.2630,0.0003,0.7492,1.1757,0.3619
1.7235,0.0006,0.8004,1.8575,0.3484
1.3037,0.0005,1.0433,1.3252,0.3429
1.4748,0.0003,0.6723,1.4662,0.3429
1.2132,0.0006,0.5965,1.0985,0.3547
1.8950,0.0005,0.9978,1.9087,0.3482
1.5209,0.0008,0.8606,1.4144,0.3482
1.9435,0.0006,0.9160,2.0440,0.3722
1.8012,0.0006,1.4028,1.2394,0.3722
1.5948,0.0005,0.9681,1.9765,0.3809
1.5861,0.0004,0.7193,1.6111,0.3419
1.7685,0.0005,1.1826,1.9003,0.3560
1.4489,0.0004,0.9732,1.2151,0.3560
1.4337,0.0003,0.8923,1.4876,0.3439
1.4806,0.0005,1.1754,1.4188,0.3439
2.0571,0.0005,0.7523,2.2751,0.3504
1.9759,0.0006,0.7755,1.9374,0.3630
1.9072,0.0006,1.3195,1.9110,0.3550
1.4408,0.0005,0.8820,1.4850,0.3493
1.8400,0.0003,0.8341,1.7173,0.3587
1.5841,0.0005,1.2065,1.7190,0.3452
1.4180,0.0004,0.7583,1.4053,0.3452
1.4251,0.0005,0.6963,1.4300,0.3471
1.1662,0.0005,0.9970,1.1473,0.3306
1.3111,0.0004,0.6897,1.2342,0.3577
1.4153,0.0006,0.6988,1.4561,0.3636
1.5370,0.0007,1.0454,1.4738,0.3491
2.1590,0.0006,0.7907,1.7998,0.9454
0.8596,0.0007,1.2705,0.9711,0.9454
1.4684,0.0005,1.1243,1.7159,0.3650
1.8818,0.0008,0.6406,1.8963,0.3505
1.0089,0.0005,0.7081,1.0313,0.3505
1.5263,0.0004,1.0551,1.3823,0.3523
1.5717,0.0004,0.7153,1.5272,0.3398
1.7314,0.0005,0.6576,1.6638,0.3515
1.4752,0.0004,1.0616,1.5824,0.3438
1.3694,0.0005,0.7525,1.2826,0.3452
1.6907,0.0008,0.6768,1.4994,0.3484
1.5565,0.0005,1.4414,1.8902,0.3570
1.3328,0.0006,0.9034,1.3557,0.3570
1.4027,0.0006,0.8897,1.3264,0.3813
1.6189,0.0005,1.2294,1.7134,0.3497
1.6495,0.0004,0.7060,1.1726,0.3457
1.3451,0.0005,0.7145,1.8189,0.3426
1.8645,0.0006,1.0559,1.7824,0.3484
1.3029,0.0009,0.8709,1.2695,0.3484
1.9535,0.0006,0.8590,1.9737,0.3491
1.8550,0.0006,1.2312,1.8526,0.3506
2.0064,0.0010,0.9261,1.9291,0.3382
1.6018,0.0008,1.1196,1.6372,0.3382
1.8864,0.0008,1.3196,1.7179,0.3562
1.1973,0.0008,1.1465,1.3743,0.3393
2.1138,0.0006,0.8654,1.9163,0.3539
2.5303,0.0010,1.2060,2.4859,0.3515
1.1892,0.0007,1.3737,1.4416,0.3586
1.3518,0.0006,0.9772,1.3147,0.3586
1.9564,0.0008,1.1281,1.7879,0.3496
1.9318,0.0008,1.0214,2.0360,0.3540
1.5870,0.0007,0.9860,1.5341,0.3540
1.5661,0.0007,1.4299,1.6104,0.3576
1.9232,0.0005,1.0217,1.9630,0.3336
1.5792,0.0005,0.8302,1.6124,0.3336
1.5733,0.0009,1.1446,1.3600,0.3594
1.7132,0.0007,1.0911,1.7942,0.3398
1.7302,0.0007,0.9410,1.8331,0.3557
1.6419,0.0007,1.2183,1.5138,0.3471
1.8533,0.0010,0.8432,1.6230,0.3609
1.6737,0.0012,0.9921,1.9717,0.3574
2.2282,0.0009,1.3407,2.0863,0.3499
1.3300,0.0010,1.2251,1.4710,0.3441
1.6847,0.0008,1.2110,1.6765,0.3477
1.8282,0.0007,1.2659,1.7775,0.3477
1.6875,0.0006,1.0624,1.6592,0.3417
2.1594,0.0009,1.0169,2.1738,0.3443
1.7448,0.0007,1.6544,1.7460,0.3347
2.0058,0.0006,1.0512,2.0157,0.3568
1.4696,0.0008,0.9275,1.3857,0.3568
2.6631,0.0011,1.7406,2.7013,0.3983
1.4942,0.0010,1.1941,1.5464,0.3618
1.3923,0.0007,0.9948,1.3680,0.3521
1.3663,0.0006,1.3142,1.1933,0.3521
1.5248,0.0006,0.9449,1.5185,0.3586
1.8528,0.0007,0.8374,1.9435,0.3534
1.3346,0.0012,1.3383,1.2144,0.3534
1.6892,0.0009,0.8924,1.8483,0.3578
1.5181,0.0007,0.7560,1.5516,0.3437
1.9877,0.0010,1.1608,1.4641,0.3438
2.1567,0.0010,1.1855,2.6146,0.3661
1.0049,0.0004,1.0398,0.9205,0.3661
2.0997,0.0009,1.2707,2.1308,0.3410
1.3332,0.0005,0.9824,1.3259,0.3674
1.1424,0.0006,0.9504,1.0548,0.3674
1.9599,0.0007,1.1267,2.1387,0.3482
1.3948,0.0007,0.8707,1.2645,0.3661
1.6428,0.0005,0.9141,1.7835,0.3661
1.6599,0.0005,1.0791,1.6781,0.3495
1.8130,0.0005,0.7509,1.7210,0.3310
2.7365,0.0009,0.8874,2.6617,0.3515
1.6063,0.0009,1.6293,1.4620,0.3535
1.2345,0.0007,1.0459,1.4990,0.3535
1.6236,0.0007,0.7387,1.5975,0.3659
1.5880,0.0005,1.1491,1.5948,0.3457
1.6597,0.0009,0.8390,1.5606,0.3335
1.6763,0.0006,0.9089,1.7518,0.3322
2.0723,0.0009,1.2411,2.0658,0.3399
1.1748,0.0005,0.8959,0.9291,0.3399
1.7373,0.0007,0.8408,1.9023,0.3392
1.9820,0.0008,1.2347,1.9866,0.3742
1.9543,0.0007,1.0590,1.7430,0.3570
1.8712,0.0009,1.0034,1.9265,0.3570
1.9154,0.0010,1.7636,1.5240,0.3458
1.2311,0.0009,1.1817,1.8084,0.3458
1.7881,0.0006,0.7637,1.7704,0.3606
1.7504,0.0004,1.1812,1.7631,0.3475
1.4787,0.0005,0.8424,1.1889,0.3475
2.1764,0.0006,0.8536,2.3875,0.3385
1.6696,0.0009,1.2829,1.5952,0.3507
1.5182,0.0007,1.2406,1.3107,0.3507
2.0846,0.0008,0.8981,2.3692,0.3780
1.3773,0.0006,1.1486,1.0084,0.3350
2.3794,0.0005,0.8971,2.7349,0.3448
1.4268,0.0005,0.8940,1.2321,0.3448
1.6811,0.0004,1.3768,1.7677,0.3579
1.8790,0.0006,0.9807,1.9931,0.3578
1.3549,0.0005,0.7845,1.3880,0.3532
2.0935,0.0006,1.0702,1.4893,0.3463
1.8424,0.0006,1.2799,2.0567,0.3745
1.1171,0.0005,1.2967,1.4520,0.3745
1.5141,0.0007,1.1282,1.3252,0.3412
1.4801,0.0004,0.8317,1.6464,0.3378
2.2862,0.0008,0.7907,2.2316,0.3495
2.2521,0.0006,1.5141,1.0491,0.3631
0.9023,0.0006,1.6216,1.3812,0.3412
0.9852,0.0006,0.8167,1.3541,0.3517
1.6472,0.0007,1.0532,1.6169,0.3456
1.6257,0.0009,0.8129,1.5900,0.3412
2.3036,0.0011,0.8482,2.2175,0.3798
1.6100,0.0008,1.5826,1.5158,0.3964
1.2621,0.0004,1.1258,1.3082,0.3964
1.9002,0.0007,0.8611,1.9528,0.3490
1.7834,0.0005,1.2985,1.7228,0.3535
1.9120,0.0006,0.9494,1.9291,0.3375
2.4250,0.0008,1.0263,2.4101,0.3539
1.3550,0.0007,1.4076,1.2928,0.3445
1.7685,0.0008,0.8955,1.8407,0.3381
1.4014,0.0004,0.8944,1.4595,0.3381
1.5150,0.0006,1.3119,1.5261,0.3836
1.2902,0.0007,0.9291,1.0757,0.3672
1.6062,0.0004,0.9685,1.8289,0.3672
1.4885,0.0005,1.1597,1.5157,0.3577
1.7091,0.0005,0.8200,1.6722,0.3511
1.5078,0.0004,0.7733,1.4200,0.3511
1.9814,0.0005,1.2346,2.0675,0.3514
1.1471,0.0006,0.8802,1.0179,0.3514
2.0366,0.0007,0.7865,2.0070,0.3572
1.5359,0.0006,1.3262,1.5881,0.3449
2.0032,0.0008,0.9234,2.0012,0.3749
1.6965,0.0006,1.0296,1.6275,0.3749
1.7302,0.0006,1.3293,1.5846,0.3565
20.7135,0.0009,20.1341,1.9011,0.3346
1.2080,0.0005,1.3941,1.8899,0.3346
1.7679,0.0007,1.7649,1.5258,0.3571
1.6428,0.0005,0.9513,1.9372,0.3571
1.7540,0.0006,0.8798,1.7488,0.3422
2.1415,0.0009,1.2390,2.1672,0.3699
1.8673,0.0006,1.0909,1.8383,0.3699
1.6717,0.0006,1.0405,1.7289,0.3771
1.2436,0.0008,1.2513,1.1197,0.3771
2.2059,0.0006,0.8409,2.2978,0.3469
1.4363,0.0003,0.8382,1.4827,0.3469
1.7609,0.0005,1.2326,1.5594,0.3363
1.8132,0.0008,0.9186,1.8469,0.3391
2.3207,0.0007,0.8839,2.3809,0.3442
1.8505,0.0009,1.3521,1.8371,0.3386
1.9853,0.0004,1.1954,2.0083,0.3475
1.7212,0.0005,1.0094,1.7389,0.3445
1.8431,0.0005,1.2263,1.8412,0.3445
1.5656,0.0007,0.8528,1.5651,0.3418
2.1693,0.0006,0.8251,1.9303,0.3283
2.1374,0.0007,1.2870,2.3299,0.3536
1.4589,0.0006,0.9958,1.3213,0.3362
1.5080,0.0006,0.9887,1.6452,0.3362
1.9039,0.0006,1.1600,1.7307,0.3607
2.0171,0.0011,0.9665,2.1099,0.3722
1.5798,0.0007,1.2393,1.4858,0.3722
2.1290,0.0008,1.3636,2.2496,0.3373
2.1677,0.0005,0.9205,2.0611,0.3534
1.2659,0.0010,1.1136,1.2660,0.3534
2.0395,0.0008,1.4055,2.0241,0.3489
1.6401,0.0008,1.0251,1.7317,0.3428
1.1960,0.0004,0.9175,1.2616,0.3428
1.7018,0.0003,1.1315,1.7065,0.3564
1.9520,0.0004,0.7738,1.5214,0.3564
1.4841,0.0004,1.2243,1.5383,0.3493
1.6186,0.0006,1.6969,1.9607,0.3695
1.6708,0.0005,0.8103,1.6227,0.3603
1.5505,0.0003,0.8367,1.5286,0.3603
1.7942,0.0006,1.3457,1.6654,0.3454
1.7326,0.0007,0.9727,1.7057,0.3507
1.9526,0.0007,1.1412,1.9364,0.3301
1.6106,0.0007,1.3501,1.7977,0.3483
1.6394,0.0005,0.8830,1.6423,0.3483
1.5965,0.0008,0.7606,1.5033,0.3438
2.1256,0.0007,1.2643,2.1351,0.3876
1.7338,0.0008,1.0397,1.7678,0.3543
1.3625,0.0005,0.9220,1.3816,0.3543
1.7733,0.0008,1.1798,1.4937,0.3657
2.1363,0.0008,0.8811,2.3738,0.3538
1.3791,0.0006,0.8480,1.4157,0.3538
1.8297,0.0006,1.1615,1.7925,0.3596
1.9292,0.0006,0.8436,1.9152,0.3462
1.5468,0.0007,0.8188,1.3135,0.3398
2.0846,0.0007,1.3593,2.1292,0.3630
1.7391,0.0006,1.0112,1.9058,0.3726
2.0928,0.0009,0.9515,1.6227,0.3679
1.9673,0.0009,1.4177,2.1082,0.3469
2.0595,0.0010,0.9584,1.9823,0.3440
1.5879,0.0011,0.9120,1.9125,0.3561
1.8880,0.0008,1.3428,1.9350,0.3389
1.8629,0.0007,0.9678,1.8301,0.3547
1.1234,0.0006,0.8697,1.0790,0.3547
2.3496,0.0007,1.2738,2.1785,0.3719
1.0296,0.0007,1.2240,1.2486,0.3719
2.0643,0.0007,0.8756,2.0373,0.3540
2.0125,0.0008,1.3807,0.8694,0.3390
0.8882,0.0005,1.4885,0.8694,0.3651
1.4350,0.0007,0.7993,1.7155,0.3509
1.7767,0.0005,1.4182,1.1356,0.3498
1.1491,0.0006,1.2574,1.0661,0.3498
1.2430,0.0006,0.9927,1.5044,0.3498
1.3744,0.0007,1.1498,1.4560,0.3346
1.5286,0.0007,0.7265,1.5402,0.3532
1.8345,0.0007,0.8538,1.7923,0.3503
1.7635,0.0007,1.6260,1.8718,0.3874
1.8462,0.0007,0.9518,1.8595,0.3874
1.7951,0.0008,0.8358,1.6359,0.3376
1.5621,0.0006,1.3962,1.5126,0.3376
1.7738,0.0007,1.0181,1.7960,0.3521
1.9004,0.0008,1.0995,1.8418,0.3389
1.5112,0.0009,1.4931,1.4145,0.3389
1.8027,0.0006,1.0293,2.0682,0.3565
1.7512,0.0009,0.9485,1.7254,0.3565
2.0181,0.0010,1.4198,1.9949,0.3877
1.4960,0.0006,1.3226,1.5484,0.3603
1.2384,0.0006,0.9352,1.2651,0.3603
1.6658,0.0007,1.2009,1.4172,0.3500
1.8456,0.0008,0.8929,1.8719,0.3481
1.6584,0.0012,1.0415,1.8084,0.3438
1.4125,0.0007,1.3023,1.4650,0.3621
1.7343,0.0008,0.8661,1.6092,0.3489
1.1695,0.0007,0.9199,1.2709,0.3489
1.5670,0.0005,1.1204,1.5265,0.3630
1.8219,0.0006,0.9263,1.7917,0.3771
2.0881,0.0007,0.8968,2.1263,0.3478
1.5037,0.0006,1.1701,1.5063,0.3510
1.5354,0.0006,0.8165,1.5458,0.3378
1.5916,0.0005,0.7086,1.5787,0.3563
1.1769,0.0003,1.1147,1.2078,0.3519
1.6838,0.0004,0.7446,1.6760,0.3519
1.2777,0.0004,0.6573,1.0256,0.3459
1.4737,0.0005,1.0866,1.4092,0.3463
1.1617,0.0005,0.7058,1.4590,0.3548
1.7502,0.0007,0.6345,1.5604,0.3572
2.1095,0.0008,1.2840,2.2027,0.3716
1.4903,0.0005,0.9876,1.5084,0.3714
1.0895,0.0009,0.8187,1.1325,0.3714
1.9688,0.0005,1.0916,1.9500,0.3418
1.5853,0.0004,0.7463,1.4004,0.3397
1.8187,0.0007,0.7526,1.9657,0.3497
1.4258,0.0006,1.1596,1.3886,0.3489
1.7688,0.0005,0.7915,1.5104,0.3279
1.9444,0.0005,0.7486,2.1182,0.3492
1.7648,0.0009,1.2776,1.8256,0.3492
1.6368,0.0005,0.9933,1.5004,0.5306
2.1132,0.0006,0.8569,2.2448,0.3691
1.9378,0.0005,1.1846,1.9419,0.3325
1.6028,0.0005,0.8470,1.5216,0.3410
2.1385,0.0006,0.7873,2.1880,0.3300
1.5073,0.0006,1.1723,1.5410,0.3546
1.5429,0.0006,0.8134,1.5514,0.3546
2.0100,0.0006,0.7367,1.8713,0.3577
1.6518,0.0006,1.2989,1.7117,0.3577
2.4371,0.0007,1.1468,2.4011,0.3654
1.0975,0.0006,1.1909,0.9119,0.3654
1.6885,0.0006,1.3054,1.6391,0.3467
1.4279,0.0005,0.9316,1.6876,0.3395
1.6151,0.0007,0.7329,1.5312,0.3374
1.6633,0.0006,1.1821,1.5586,0.3422
2.1070,0.0004,0.8015,2.3044,0.3345
1.7520,0.0006,0.7436,1.6939,0.3468
1.3912,0.0004,1.3348,1.4568,0.3468
1.8116,0.0006,0.8296,1.7545,0.3376
1.3923,0.0005,0.7778,1.4286,0.3595
1.8834,0.0004,1.1409,1.8494,0.3488
1.5851,0.0004,0.8016,1.5331,0.3488
1.7588,0.0005,0.7631,1.7021,0.3454
1.6344,0.0005,1.1215,1.5196,0.3497
1.7807,0.0006,0.8060,1.7599,0.3543
1.5534,0.0003,0.8082,1.7964,0.3441
1.8058,0.0005,1.1955,1.7745,0.3517
1.5893,0.0005,0.8431,1.5974,0.3358
1.3396,0.0006,0.7712,1.0397,0.3358
1.9040,0.0008,1.2403,1.9907,0.3559
1.7823,0.0006,0.9775,1.8192,0.3594
1.6450,0.0007,0.7908,1.7845,0.3351
1.1986,0.0005,1.1354,0.9220,0.3398
1.6591,0.0004,0.7596,1.9199,0.3489
1.8829,0.0007,0.7636,1.8552,0.3669
1.1367,0.0004,1.1706,0.8251,0.3566
1.5266,0.0008,0.7423,1.7794,0.3636
1.4810,0.0005,1.2607,1.4988,0.3636
1.8936,0.0005,1.1550,1.8662,0.3481
1.8055,0.0006,0.8437,1.7678,0.3496
1.7409,0.0007,0.9810,1.7914,0.3718
1.2008,0.0006,1.2295,1.1234,0.3362
1.8514,0.0007,0.8590,1.9065,0.3549
1.3518,0.0005,0.8514,1.3865,0.3549
1.5080,0.0006,1.0900,1.4903,0.3534
1.3621,0.0006,0.8359,0.9838,0.3350
1.5610,0.0006,0.9464,1.7135,0.3350
2.0108,0.0005,1.0600,2.2148,0.3389
1.0465,0.0005,0.8477,1.0797,0.3389
1.7344,0.0006,0.7814,1.1645,0.3498
1.3314,0.0006,1.4490,1.8269,0.3498
1.6091,0.0008,1.2292,1.5121,0.3844
1.6401,0.0007,0.8874,1.6542,0.3483
1.5228,0.0007,1.2006,1.6270,0.3553
1.3155,0.0007,0.7939,1.3203,0.3553
1.7026,0.0008,0.7200,1.5535,0.3434
1.4717,0.0008,1.2435,1.4070,0.3702
2.0971,0.0006,1.1376,2.2293,0.3526
1.3819,0.0007,0.8480,1.4070,0.3468
1.7730,0.0006,1.1928,1.7836,0.3487
1.4904,0.0006,0.8077,1.4391,0.5358
1.4651,0.0006,1.0635,1.4892,0.5358
1.5211,0.0006,1.1141,1.5269,0.3807
1.5581,0.0006,0.7279,1.3880,0.3340
1.6055,0.0004,0.7438,1.6812,0.3613
2.2613,0.0006,1.1276,2.2812,0.3552
0.8259,0.0004,0.8789,0.8543,0.3552
2.0737,0.0003,0.7764,2.0825,0.3385
1.3378,0.0003,1.1293,1.2857,0.3385
1.1899,0.0004,0.7700,1.2370,0.3365
2.1795,0.0011,0.6425,2.0946,0.3542
1.3882,0.0006,1.1593,1.4419,0.3755
1.2724,0.0006,0.8685,1.0444,0.3755
1.6193,0.0006,0.7740,1.7185,0.3413
1.3608,0.0004,1.2081,1.2925,0.3413
1.7148,0.0006,0.7096,1.7173,0.3422
1.6227,0.0006,0.7847,1.6036,0.3479
1.8172,0.0006,1.2168,2.0218,0.3820
1.0376,0.0007,0.8471,1.0048,0.3820
1.9426,0.0004,0.8297,1.9610,0.3617
1.0256,0.0003,1.0087,0.8591,0.3617
1.5884,0.0006,0.6116,1.7276,0.3319
1.3566,0.0005,0.6911,1.2075,0.3678
2.2871,0.0009,1.1276,2.4027,0.3504
1.0384,0.0005,0.7949,0.9139,0.3504
1.6731,0.0004,0.8846,1.6697,0.3521
1.9755,0.0006,0.9922,2.0880,0.3522
1.7706,0.0005,0.8367,1.5240,0.3456
1.6742,0.0004,0.8326,1.9358,0.3585
1.4407,0.0004,1.0887,1.4396,0.3629
1.4428,0.0005,0.6789,1.4451,0.3305
1.4937,0.0005,0.6329,1.3679,0.3305
2.3937,0.0008,1.5962,1.7764,0.4020
1.2369,0.0005,1.5328,1.9143,0.3740
1.5819,0.0009,0.7937,1.5580,0.3513
1.7988,0.0009,1.3025,0.9098,0.3410
0.9914,0.0011,1.2956,1.2267,0.3423
1.7144,0.0011,0.9147,2.1450,0.3498
1.3120,0.0008,1.0375,1.2938,0.3396
1.7379,0.0007,0.7453,1.3840,0.3396
1.6362,0.0004,0.7081,1.8368,0.3387
1.6711,0.0005,1.0995,1.7356,0.3528
1.3216,0.0006,0.7335,1.2534,0.3363
2.1852,0.0007,0.7715,2.3109,0.3761
1.3315,0.0005,1.1488,1.3487,0.3623
1.1536,0.0005,0.7939,1.1727,0.3623
1.5915,0.0004,0.6778,1.4970,0.3555
1.5712,0.0011,1.1855,1.6070,0.3555
1.6389,0.0004,0.8784,1.6354,0.3572
1.4031,0.0006,0.7749,1.2400,0.3341
1.5578,0.0005,1.3847,1.5600,0.3368
1.3925,0.0008,0.9518,1.3391,0.3381
1.3681,0.0006,0.6544,1.4241,0.3384
1.7013,0.0007,1.0367,1.6931,0.3528
1.8317,0.0009,1.1312,1.9322,0.3528
1.7323,0.0009,0.9831,1.6520,0.3442
1.6806,0.0007,1.4594,0.9641,0.3339
1.4283,0.0008,1.1389,2.0089,0.3339
2.0953,0.0007,0.7103,2.0452,0.3461
1.2790,0.0009,1.1637,1.3093,0.3461
1.4953,0.0006,0.7578,1.3813,0.3618
1.6448,0.0004,0.6788,1.4816,0.3455
1.3686,0.0005,1.0090,1.5666,0.3583
1.6472,0.0007,0.6564,1.5018,0.3613
1.5883,0.0006,0.7194,1.6211,0.3703
1.4508,0.0007,1.1110,1.4606,0.3638
1.5479,0.0007,0.7363,1.7165,0.3554
1.4992,0.0007,0.6747,1.2735,0.3379
1.7704,0.0003,1.0114,1.9081,0.3459
1.1212,0.0002,0.7532,1.1804,0.3459
1.4329,0.0003,0.6273,1.2980,0.3469
2.1060,0.0003,0.9410,2.0248,0.3622
1.5888,0.0005,0.6838,1.8021,0.3519
1.2755,0.0005,0.6124,0.9870,0.3519
1.5234,0.0005,0.9800,1.6120,0.3427
1.9067,0.0006,0.7385,2.0192,0.3952
1.3725,0.0008,0.8892,1.2167,0.3952
2.1242,0.0004,1.1394,2.3391,0.3536
1.2822,0.0004,0.6465,1.2802,0.3330
1.1077,0.0004,0.6206,0.9724,0.3330
1.4888,0.0006,0.9629,1.2631,0.3528
1.7082,0.0005,0.6718,2.0423,0.3715
1.2979,0.0005,0.6185,1.0843,0.3715
1.2739,0.0004,0.9275,1.3234,0.3471
1.3910,0.0004,0.6417,1.2737,0.3456
1.5188,0.0004,0.6005,1.5598,0.3433
2.0946,0.0008,1.0015,2.2592,0.3777
1.3124,0.0004,0.8048,1.3690,0.3777
1.2444,0.0004,0.7188,1.2547,0.3420
1.7238,0.0004,1.5194,1.1259,0.3565
0.6652,0.0005,1.0131,0.8182,0.3565
1.3394,0.0003,0.6066,1.5795,0.3416
1.6188,0.0005,0.8935,1.2669,0.3372
1.6318,0.0003,0.6639,1.9653,0.3351
1.3254,0.0004,0.6451,1.0340,0.3413
1.8100,0.0003,0.9729,2.0833,0.3526
1.0518,0.0005,0.6894,0.8970,0.3526
1.4916,0.0007,1.1658,1.1341,0.3392
2.1033,0.0004,1.3360,2.5579,0.3635
1.0417,0.0004,0.8671,0.8675,0.3502
1.2946,0.0006,0.8689,1.5159,0.3502
1.3804,0.0003,0.9842,1.2424,0.3519
1.1770,0.0003,0.7679,1.3013,0.3519
1.3634,0.0003,0.6080,1.3566,0.3421
1.1497,0.0004,0.9891,1.1631,0.3421
1.3453,0.0005,0.6261,1.2993,0.3614
1.3205,0.0004,0.6409,1.3318,0.3418
1.5541,0.0003,1.1584,1.5496,0.3593
1.1637,0.0004,0.9453,0.8817,0.3593
1.7905,0.0005,0.6645,2.0166,0.3591
1.4738,0.0008,1.0868,1.4897,0.4087
1.1496,0.0004,0.8810,0.9824,0.3561
1.2429,0.0004,1.0457,1.2048,0.3561
1.5195,0.0003,0.9859,1.7539,0.3396
1.1940,0.0004,0.6605,1.0830,0.3480
1.2556,0.0004,0.7289,1.1069,0.3480
1.1925,0.0003,0.9171,1.3839,0.3498
1.3547,0.0004,0.6057,1.3372,0.3596
1.3155,0.0003,0.6883,1.1933,0.3519
1.4172,0.0005,0.9491,1.4464,0.3639
1.3938,0.0004,0.6238,1.4373,0.3547
1.6747,0.0006,0.6294,1.5928,0.3315
1.7281,0.0007,1.1987,1.6197,0.3650
1.5906,0.0007,0.9258,1.8485,0.3552
1.3143,0.0006,0.7251,1.0739,0.3558
1.4377,0.0006,1.0641,1.6278,0.3484
1.4314,0.0005,0.7615,1.4980,0.3484
1.4002,0.0004,0.6384,1.1947,0.3296
1.4794,0.0004,1.0080,1.4956,0.3453
1.4940,0.0005,0.7382,1.5126,0.3487
1.6713,0.0007,0.6868,1.7548,0.3483
1.1240,0.0005,1.0793,1.0193,0.3533
1.7598,0.0005,0.7447,1.9013,0.3382
1.5588,0.0006,0.6875,1.5169,0.3588
1.1677,0.0007,1.1186,1.0113,0.3523
1.5354,0.0005,0.7399,1.6980,0.3513
1.1794,0.0004,0.6661,1.1570,0.3507
1.4398,0.0004,0.9947,1.2350,0.3344
1.5109,0.0004,0.6610,1.5965,0.3433
1.2935,0.0003,0.6431,1.3384,0.3464
1.8197,0.0004,1.1787,1.8807,0.3505
1.3992,0.0003,0.9243,1.4255,0.3414
1.2861,0.0004,0.6212,1.2338,0.3414
1.4977,0.0006,1.0097,1.2371,0.3783
1.7786,0.0007,0.7792,1.8598,0.3611
1.6238,0.0004,1.1842,1.7970,0.5493
1.2388,0.0005,1.1497,1.2643,0.3507
1.2532,0.0003,0.7052,1.2228,0.3604
1.4369,0.0004,0.6348,1.2456,0.3407
1.0176,0.0003,1.1580,1.0492,0.3407
1.4461,0.0004,0.6554,1.4723,0.3329
1.2615,0.0004,0.6292,1.4255,0.3621
1.2630,0.0005,0.9134,1.0883,0.3471
1.0632,0.0003,0.7644,1.0192,0.3471
1.5244,0.0006,0.6465,1.7155,0.3370
1.2139,0.0004,0.8742,1.2176,0.3541
1.2934,0.0009,0.5926,1.2530,0.3541
1.4362,0.0005,0.6742,1.2392,0.3645
1.7039,0.0005,1.4146,1.5632,0.3656
1.4794,0.0006,0.7667,1.7241,0.3730
1.5050,0.0003,0.7670,1.4385,0.3483
1.7477,0.0002,0.9431,1.9281,0.3470
1.1400,0.0005,0.5507,1.0982,0.3434
1.7779,0.0005,0.6234,1.7639,0.3581
1.1266,0.0005,0.9729,1.0257,0.3581
1.3075,0.0004,0.6587,1.2659,0.3472
1.9921,0.0004,0.6331,2.0862,0.3472
0.9795,0.0004,1.0006,0.8293,0.3472
1.8429,0.0006,0.6505,1.9624,0.3934
1.6108,0.0006,0.8082,1.6097,0.3685
1.1506,0.0004,1.1899,1.0010,0.3685
1.5032,0.0005,0.7676,1.5706,0.3630
1.1911,0.0005,0.8028,1.3170,0.3630
1.0075,0.0007,0.9658,0.9290,0.3451
1.2375,0.0005,0.6487,1.2326,0.3431
1.5365,0.0003,0.6754,1.4885,0.3406
1.4390,0.0005,1.0585,1.3749,0.3539
1.4780,0.0005,0.8222,1.6425,0.3430
1.3187,0.0003,0.7387,1.1937,0.3430
1.5425,0.0005,0.9477,1.6633,0.3480
1.5534,0.0006,0.7611,1.5214,0.3480
1.7987,0.0006,0.7370,1.7816,0.4107
1.2079,0.0004,1.0615,1.2373,0.3677
0.9573,0.0004,0.7577,0.9476,0.3677
1.2004,0.0004,0.6113,1.2314,0.3673
1.6641,0.0003,0.9204,1.3717,0.3391
1.2578,0.0004,0.8073,1.3527,0.3391
1.1779,0.0005,0.6897,1.3661,0.3541
1.2175,0.0004,0.9214,0.9762,0.3400
0.9714,0.0004,0.8654,1.0501,0.3489
1.2285,0.0005,0.7209,1.2250,0.3489
1.3499,0.0004,0.9035,1.3148,0.3433
2.0406,0.0004,0.6659,2.1519,0.3815
1.2321,0.0003,0.7027,1.2703,0.3500
1.2348,0.0003,1.1117,1.0548,0.3500
1.4542,0.0003,0.7165,1.5945,0.3600
1.3050,0.0004,0.6325,1.2277,0.3545
1.5295,0.0004,1.0464,1.6476,0.3501
1.4654,0.0003,0.6512,1.2721,0.3479
1.4276,0.0004,0.7029,1.5714,0.3515
1.6311,0.0006,0.9860,1.2477,0.3455
1.3971,0.0004,0.6953,1.7949,0.3390
1.3300,0.0005,0.6460,1.2118,0.3538
1.8486,0.0006,1.4358,1.1104,0.3424
1.2924,0.0006,1.2821,1.3261,0.3558
0.7191,0.0004,1.2061,1.1698,0.3558
1.1191,0.0003,1.0150,1.2663,0.3845
1.3256,0.0005,0.6471,1.2361,0.3845
1.1487,0.0004,0.6562,1.2279,0.3609
1.5238,0.0006,1.0135,1.4251,0.3644
1.5591,0.0006,0.9038,1.4623,0.3513
1.7350,0.0003,0.7983,1.7166,0.3400
1.5529,0.0004,1.4328,1.2895,0.3529
1.1081,0.0006,0.9815,1.2677,0.3529
1.2785,0.0003,0.6563,1.5664,0.3411
1.2963,0.0004,0.9835,1.0067,0.3603
1.3673,0.0004,0.6918,1.6200,0.3554
1.8266,0.0005,1.0672,1.5870,0.3507
1.8154,0.0005,1.5860,1.5867,0.3466
1.1250,0.0004,1.3605,0.9943,0.3638
1.2002,0.0004,0.9910,1.7664,0.3448
1.1355,0.0003,0.9173,1.1447,0.3448
1.1850,0.0003,0.6081,1.0798,0.3566
1.4575,0.0004,0.5940,1.4013,0.3373
1.7072,0.0005,1.4778,1.0025,0.3555
0.6412,0.0005,1.0720,1.0249,0.3611
1.2328,0.0004,0.6346,1.1503,0.3611
1.3780,0.0004,1.0135,1.6585,0.3461
1.2435,0.0004,0.5823,1.0373,0.3557
1.6519,0.0005,0.5924,1.6339,0.3602
1.4899,0.0004,1.0510,1.6500,0.3962
1.3520,0.0005,0.8261,1.1296,0.3938
1.2459,0.0003,0.7192,1.4960,0.3529
1.2794,0.0003,1.1435,1.1129,0.3555
1.4872,0.0004,0.7187,1.5491,0.3557
1.3763,0.0004,0.6491,1.3136,0.3533
1.4784,0.0005,0.9442,1.5225,0.3518
1.6110,0.0006,0.6835,1.4827,0.3456
1.0463,0.0004,0.7784,1.2729,0.3456
1.3449,0.0005,0.9241,1.2048,0.3484
1.2367,0.0005,0.7351,1.3007,0.3410
2.2759,0.0006,0.6508,2.2264,0.3824
1.3172,0.0007,1.2316,0.8341,0.3595
1.1317,0.0006,1.0098,1.4173,0.3595
1.3929,0.0004,0.8226,1.4599,0.3709
1.4659,0.0005,0.9335,1.3851,0.3383
1.1375,0.0003,0.8131,1.1414,0.3645
1.4165,0.0003,0.6452,1.3912,0.3602
1.4370,0.0004,0.9605,1.3224,0.3407
1.4367,0.0003,0.6607,1.4914,0.3599
1.4872,0.0004,0.5972,1.5159,0.3393
1.5961,0.0004,0.9621,1.5897,0.3376
1.5700,0.0008,0.7442,1.6097,0.3426
1.7280,0.0007,0.8181,1.7606,0.3526
1.2092,0.0006,1.3942,1.0854,0.3526
1.4306,0.0005,0.7229,1.4698,0.3572
1.8156,0.0004,0.7028,1.6880,0.3354
1.1040,0.0003,1.3887,1.1616,0.3485
1.3724,0.0003,0.6605,1.3501,0.3367
1.0945,0.0004,0.7145,1.3121,0.3367
1.5941,0.0004,0.9070,1.5889,0.3446
1.2711,0.0004,0.5952,1.1563,0.3415
1.5090,0.0004,0.5987,1.3832,0.3513
1.4580,0.0004,1.2762,1.1671,0.3636
1.2961,0.0006,1.0442,1.6681,0.3525
1.9233,0.0004,0.9035,1.6584,0.3573
1.1435,0.0003,1.4621,1.2904,0.3607
1.3029,0.0007,0.7065,1.1453,0.3607
1.4568,0.0004,0.6285,1.7653,0.3525
1.6191,0.0004,0.9725,1.5174,0.3372
1.4902,0.0004,0.7807,1.5853,0.3498
1.4750,0.0006,0.6544,1.4462,0.3495
1.5329,0.0004,1.0383,1.4451,0.3672
1.3900,0.0005,0.7851,1.2357,0.3672
1.8566,0.0005,0.6320,2.0793,0.3415
2.0996,0.0005,1.0662,2.0253,0.5446
1.1397,0.0004,0.8975,1.0313,0.5446
1.4964,0.0003,0.8432,1.6153,0.3610
1.5875,0.0005,1.0362,1.4384,0.3580
1.5013,0.0004,0.7205,1.3934,0.3545
1.7689,0.0003,0.6532,1.8268,0.3428
1.0870,0.0004,1.0979,1.2070,0.3428
1.4793,0.0005,0.6518,1.3219,0.3576
1.4603,0.0004,0.6386,1.5990,0.3354
1.4206,0.0005,0.9851,1.5595,0.3617
1.3752,0.0006,0.6837,1.3667,0.3632
1.6477,0.0005,0.6662,1.2408,0.3444
1.2913,0.0005,1.5424,1.0895,0.3444
1.7824,0.0005,0.8095,2.1416,0.3459
1.0893,0.0006,0.6583,0.9530,0.3695
1.8707,0.0006,1.5672,0.8075,0.3599
0.6476,0.0004,1.1082,0.8075,0.3599
0.8009,0.0003,0.6687,0.7777,0.3666
1.8124,0.0004,1.5330,1.0165,0.3516
0.5963,0.0003,1.0447,0.7912,0.3516
0.8301,0.0003,0.5824,1.0333,0.3370
1.3627,0.0007,0.8644,1.3524,0.3554
1.1318,0.0006,0.5974,1.1230,0.3439
1.0556,0.0003,0.6168,0.8931,0.3439
1.3652,0.0003,0.9371,1.3671,0.3572
1.6819,0.0004,0.6073,1.7960,0.3576
1.1540,0.0004,0.7517,1.1841,0.3819
1.2780,0.0005,1.0335,1.1357,0.3690
1.4317,0.0004,0.6881,1.5458,0.3549
1.3602,0.0003,0.6301,1.2834,0.3516
1.3273,0.0004,1.1640,1.3790,0.3543
1.2830,0.0003,0.8154,1.2050,0.3491
1.4215,0.0004,0.8150,1.2527,0.3527
0.9900,0.0004,1.2562,1.2275,0.3527
1.8134,0.0005,0.6405,1.7985,0.3717
1.5074,0.0003,0.7312,1.5225,0.5572
1.2655,0.0004,1.0627,1.2775,0.3509
1.5467,0.0006,0.6948,1.5020,0.3670
1.4964,0.0006,0.7564,1.4656,0.3604
1.0779,0.0005,1.1497,1.1553,0.3561
1.0529,0.0003,0.6953,0.8962,0.3561
1.5983,0.0004,0.6286,1.5461,0.3478
0.9932,0.0006,1.1228,1.1100,0.3478
1.0570,0.0004,0.7892,1.0157,0.3533
1.4740,0.0006,0.8100,1.4793,0.3516
1.2486,0.0007,0.9992,1.2302,0.3516
1.3532,0.0004,0.6964,1.3220,0.3684
1.6660,0.0006,0.6647,1.7913,0.3564
1.1612,0.0004,1.0201,1.1659,0.3454
0.9694,0.0003,0.6891,0.8992,0.3454
1.6154,0.0007,0.6112,1.5952,0.3454
1.5392,0.0004,1.1629,1.5176,0.3745
1.3536,0.0004,0.8978,1.3611,0.4088
1.4124,0.0005,0.6927,1.2985,0.3531
1.0703,0.0003,1.1039,1.2228,0.3531
1.4176,0.0004,0.6029,1.4685,0.3410
1.1673,0.0004,0.5906,1.1621,0.3604
1.3326,0.0004,0.9072,1.2021,0.3569
1.6076,0.0005,0.7106,1.6597,0.3461
1.6616,0.0005,0.7588,1.7024,0.3661
0.9454,0.0006,0.9448,0.8856,0.3661
1.3988,0.0004,0.6805,1.3321,0.3475
1.7297,0.0005,0.7545,1.4636,0.3711
1.7370,0.0005,1.1722,2.1001,0.3672
1.2585,0.0005,0.9448,1.0189,0.3672
1.2506,0.0004,0.8296,1.4564,0.3510
1.3731,0.0003,1.1287,1.4330,0.3528
1.3146,0.0003,0.6433,1.1441,0.3528
1.5675,0.0005,0.7159,1.6419,0.3447
1.4287,0.0003,1.1676,1.2991,0.3611
1.2328,0.0005,0.8814,1.2791,0.3611
1.3672,0.0005,0.6657,1.4631,0.3672
1.4851,0.0005,0.9945,1.3020,0.3297
1.5860,0.0005,0.7650,1.7887,0.3540
1.3741,0.0007,0.6664,1.2322,0.3540
1.8333,0.0005,1.0852,1.9543,0.3766
1.2334,0.0004,0.7664,1.2655,0.3661
1.2150,0.0004,0.6813,0.9498,0.3661
1.4359,0.0003,1.1418,1.6811,0.3460
1.3907,0.0004,0.9594,1.3673,0.3374
1.2457,0.0003,0.8134,1.1824,0.3538
1.4323,0.0004,0.9930,1.3676,0.3484
1.6647,0.0004,0.6620,1.6745,0.3485
1.4575,0.0004,0.7799,1.4826,0.3485
1.4298,0.0004,1.2450,1.0582,0.3614
1.5654,0.0007,0.9807,1.5191,0.3614
1.6730,0.0006,0.9674,1.9336,0.3471
1.5776,0.0005,1.1454,1.7664,0.3573
1.2892,0.0005,0.8089,1.0720,0.3573
1.6340,0.0005,0.7280,1.7060,0.3458
1.2214,0.0005,1.1660,1.2253,0.3458
1.4402,0.0006,0.7148,1.5670,0.3498
1.3393,0.0005,0.6434,1.3586,0.3472
1.1856,0.0004,0.9405,1.0706,0.3596
1.3765,0.0004,0.5986,1.3961,0.3602
1.6532,0.0004,0.5857,1.5675,0.3636
1.3654,0.0003,0.9252,1.3423,0.3541
1.7424,0.0006,0.6281,1.8643,0.3537
1.7383,0.0005,0.7324,1.4770,0.3790
1.3734,0.0007,1.0982,1.6602,0.3532
1.5154,0.0006,0.7526,1.3800,0.3520
1.4766,0.0004,0.7474,1.5801,0.3581
1.1886,0.0004,1.0435,1.0557,0.3581
1.2710,0.0004,0.6609,1.4290,0.3414
1.4528,0.0004,0.6350,1.3057,0.3583
1.2164,0.0003,0.9753,1.3569,0.3659
1.3432,0.0004,0.7115,1.2192,0.3423
1.5887,0.0003,0.9348,1.7392,0.3430
1.3864,0.0005,0.9320,1.3049,0.3430
2.1560,0.0004,0.7722,2.1231,0.3599
1.3072,0.0004,0.9148,1.3718,0.3652
1.3039,0.0005,1.0870,1.3060,0.3719
1.0941,0.0005,0.7120,1.0991,0.3719
1.8419,0.0003,0.6281,1.8540,0.3536
1.2553,0.0004,0.9563,1.0585,0.3536
1.4614,0.0004,0.6491,1.4933,0.3556
1.3571,0.0003,0.6390,1.5062,0.3342
1.2215,0.0004,0.9341,1.1428,0.3495
1.4303,0.0004,0.6564,1.3916,0.3578
1.3064,0.0005,0.6379,1.4042,0.3410
1.5552,0.0004,0.9680,1.4402,0.3331
1.2344,0.0005,0.8599,1.3235,0.8569
1.2270,0.0005,0.7612,1.1758,0.3845
1.5604,0.0005,0.9939,1.6142,0.3435
1.2298,0.0005,0.6653,1.0971,0.3374
1.1863,0.0004,0.7620,1.2649,0.3374
1.3501,0.0003,0.9169,1.3714,0.3504
1.1626,0.0004,0.6152,1.1954,0.3447
1.3395,0.0004,0.5791,1.3238,0.3652
1.1219,0.0003,0.8865,0.9020,0.3652
1.3770,0.0004,0.6202,1.5110,0.3306
1.3481,0.0005,0.5978,1.2323,0.3383
1.2289,0.0005,0.9630,1.4233,0.3505
1.4418,0.0006,0.6223,1.2003,0.3505
1.7860,0.0006,0.9519,1.8999,0.3647
1.9713,0.0007,1.6582,0.8102,0.3500
0.7478,0.0004,1.2375,0.8102,0.3566
0.5457,0.0003,0.6498,0.8272,0.3508
1.3820,0.0003,0.8758,1.1065,0.3508
1.7479,0.0005,0.6451,1.9794,0.3479
1.5289,0.0005,0.6247,1.3670,0.3502
1.0298,0.0005,1.1800,0.8500,0.3502
1.4651,0.0004,0.6785,1.7235,0.3543
1.4383,0.0005,0.6344,1.4579,0.3635
1.8677,0.0004,0.9354,1.6351,0.3578
1.1430,0.0005,0.8930,1.1491,0.3578
1.3913,0.0004,0.8488,1.5406,0.3681
1.3561,0.0005,1.0065,1.3484,0.3866
1.7062,0.0005,0.7118,1.7300,0.3590
1.3569,0.0004,0.6655,1.3608,0.3478
1.2251,0.0004,0.9633,1.2196,0.3435
1.2642,0.0004,0.6435,1.2288,0.3529
1.1600,0.0003,0.6384,1.1740,0.3503
1.4843,0.0004,0.9248,1.4886,0.3480
1.1972,0.0004,0.6307,1.1258,0.3480
1.3279,0.0004,0.6439,1.3129,0.3533
1.3379,0.0004,1.0388,1.2291,0.3388
1.5502,0.0006,0.8540,1.6295,0.3378
1.8812,0.0005,0.7877,1.8981,0.3611
1.2859,0.0004,1.1941,1.2939,0.3586
1.2164,0.0003,0.7338,1.2542,0.3573
1.1364,0.0005,0.6543,1.1076,0.3509
1.6283,0.0004,1.0328,1.6720,0.3493
1.1389,0.0004,0.6575,0.9089,0.3493
1.6584,0.0003,0.6262,1.8978,0.3485
1.3350,0.0003,0.8671,1.0895,0.3476
0.7891,0.0003,0.8506,1.0148,0.3476
1.8002,0.0005,0.7167,1.7842,0.3492
1.5133,0.0005,0.9039,1.4127,0.3626
2.1099,0.0008,0.6664,2.0803,0.5624
1.6173,0.0007,0.8153,1.6914,0.3697
1.1935,0.0005,1.1435,1.2319,0.3432
0.8893,0.0004,0.6720,0.8743,0.3432
1.2867,0.0005,0.6179,1.1000,0.3563
1.7604,0.0005,0.9195,1.9515,0.3529
1.2939,0.0005,0.6254,1.1957,0.3341
1.7902,0.0005,0.7066,1.8284,0.3403
1.2759,0.0004,0.9965,1.2958,0.3607
1.1488,0.0004,0.7058,1.1581,0.3607
1.4268,0.0003,0.6887,1.2681,0.3603
1.5660,0.0004,1.1540,1.5085,0.3649
1.3211,0.0008,1.0920,1.4848,0.3365
1.8280,0.0003,0.7271,1.8409,0.3484
1.0676,0.0003,1.1016,0.9074,0.3484
1.4434,0.0003,0.6639,1.4857,0.3377
1.3869,0.0004,0.6103,1.4062,0.3502
1.3019,0.0003,1.1251,1.2805,0.3524
1.2846,0.0003,0.6515,1.3898,0.3474
1.2215,0.0003,0.6357,1.2377,0.3339
1.3308,0.0003,0.9671,1.0582,0.3702
1.3731,0.0004,0.6766,1.6176,0.3438
1.9195,0.0005,0.6448,1.7600,0.3485
1.0533,0.0003,1.1443,0.7705,0.3485
1.8901,0.0005,0.6951,2.1621,0.3796
1.1709,0.0005,0.7388,0.9340,0.3869
1.6578,0.0005,1.1919,1.8972,0.3403
1.4455,0.0004,0.6910,1.2828,0.3488
1.3127,0.0004,0.7923,1.2504,0.3458
1.7651,0.0005,1.0972,1.8637,0.3560
0.7896,0.0003,0.7916,0.8934,0.3560
1.1690,0.0004,0.6235,1.1763,0.3512
1.9827,0.0004,0.9529,1.9211,0.3412
0.9504,0.0004,0.7814,0.9964,0.3412
1.3010,0.0003,0.6833,1.3032,0.3503
1.5901,0.0009,0.9086,1.2299,0.3424
1.4382,0.0007,1.1644,1.6940,0.3424
1.7823,0.0007,0.9895,1.8236,0.3409
1.2528,0.0004,1.1086,1.2885,0.3463
1.6024,0.0004,0.6464,1.3933,0.3381
1.7511,0.0003,0.6161,1.9399,0.3482
1.3631,0.0003,0.9652,1.3754,0.3458
1.3938,0.0004,0.6226,1.2402,0.3460
1.6495,0.0004,0.8201,1.7975,0.3499
0.9981,0.0004,1.0022,0.7725,0.3499
1.4787,0.0003,0.6032,1.6961,0.3492
1.3981,0.0004,0.5740,1.2252,0.3607
1.8000,0.0005,1.4125,1.1200,0.3640
0.9778,0.0006,1.1811,1.1650,0.3640
1.7099,0.0004,0.7196,1.8662,0.3453
1.5832,0.0005,1.0800,1.5709,0.3633
1.2549,0.0003,0.6825,1.1328,0.3466
1.3539,0.0004,0.7902,1.2320,0.3466
1.4017,0.0004,0.9617,1.5157,0.3442
1.3249,0.0004,0.6612,1.4296,0.3601
1.1754,0.0004,0.6538,1.1952,0.3601
1.3802,0.0003,0.9297,1.3422,0.3436
1.4681,0.0003,0.6457,1.4017,0.3583
1.7684,0.0006,0.6248,1.7885,0.3577
1.7950,0.0006,1.1230,1.6227,0.3479
1.6010,0.0004,1.1012,1.7652,0.3843
1.2377,0.0004,0.7832,1.2657,0.3478
1.5552,0.0005,1.0017,1.5570,0.3478
1.1030,0.0004,0.7589,1.1017,0.3621
1.4015,0.0006,0.7665,1.3625,0.3498
1.6619,0.0007,1.2830,1.6816,0.3587
1.6795,0.0005,0.7193,1.6523,0.3600
1.1784,0.0004,0.6556,1.1957,0.3683
1.6992,0.0004,1.3794,0.9059,0.3618
0.9741,0.0003,0.9702,1.1614,0.3618
1.5234,0.0005,0.6170,1.6493,0.3562
1.5207,0.0003,1.0859,1.4735,0.3584
1.4201,0.0003,0.7876,1.6174,0.3680
1.2789,0.0003,0.6520,1.1500,0.3464
1.5385,0.0004,0.9658,1.4912,0.3477
2.0264,0.0004,0.6912,2.1737,0.3602
1.1905,0.0004,1.0694,0.9526,0.3602
2.1642,0.0003,0.9819,2.3950,0.3426
0.9730,0.0003,0.6156,0.7924,0.3426
1.4362,0.0005,0.6268,1.5719,0.3390
1.3932,0.0005,0.9061,1.3631,0.3428
1.9233,0.0006,0.6421,1.6389,0.3393
2.2811,0.0006,0.7469,2.4831,0.3745
1.5404,0.0006,1.3036,1.6642,0.3745
1.3818,0.0006,0.8033,1.2496,0.3536
1.7436,0.0005,0.7210,1.6145,0.3352
1.6315,0.0004,1.0428,1.6897,0.3508
1.5210,0.0006,0.7518,1.6776,0.3432
1.7799,0.0005,0.9377,1.6582,0.3434
1.5767,0.0005,1.2353,1.7129,0.3442
1.3364,0.0004,0.7189,1.3529,0.3442
1.1680,0.0004,0.6100,1.0572,0.3422
1.7725,0.0004,1.0382,1.7886,0.3590
1.9299,0.0004,0.7346,1.9852,0.3730
1.8174,0.0004,0.6686,1.8129,0.3415
1.0988,0.0007,1.0439,0.9497,0.3415
1.4926,0.0004,0.7026,1.5991,0.3449
1.6443,0.0005,0.6268,1.4396,0.3578
1.1862,0.0004,1.1451,1.2685,0.3578
1.3275,0.0004,0.7432,1.4760,0.3647
1.6099,0.0003,0.7423,1.6314,0.3578
1.4004,0.0005,0.9453,1.3835,0.3539
1.2020,0.0006,0.6666,1.1134,0.3539
1.9196,0.0007,0.7202,1.5986,0.3647
1.5989,0.0007,1.2952,1.9539,0.3647
1.3026,0.0004,0.7647,1.2191,0.3506
1.3507,0.0006,0.6803,1.2090,0.3393
1.2905,0.0004,0.9775,1.5300,0.3496
1.3192,0.0004,0.6547,1.3336,0.3505
1.3799,0.0005,0.6191,1.3749,0.3543
1.3598,0.0005,0.9533,1.2995,0.3475
1.4392,0.0004,0.6773,1.4947,0.3584
1.2303,0.0005,0.6057,1.1263,0.3584
1.3383,0.0004,0.9335,1.3245,0.3541
1.7343,0.0006,0.5947,1.4402,0.3437
1.6925,0.0008,0.7534,1.9417,0.3581
1.4268,0.0006,1.3068,1.5310,0.3581
1.4997,0.0005,0.7726,1.4436,0.3234
1.4003,0.0005,0.7402,1.3194,0.3454
1.4515,0.0005,0.9778,1.3774,0.3562
1.0090,0.0006,0.9000,1.1735,0.3562
1.4275,0.0005,0.6909,1.4710,0.3455
1.0802,0.0005,0.9976,0.9620,0.3302
1.1721,0.0005,0.7477,1.2807,0.3383
1.4809,0.0003,0.8438,1.4828,0.3556
1.3963,0.0004,0.9760,1.3768,0.3583
1.6077,0.0005,0.6947,1.4815,0.3668
1.4563,0.0005,0.8476,1.5185,0.3668
1.7165,0.0004,1.1852,1.4894,0.3885
1.8678,0.0008,0.8894,2.0507,0.3382
1.1657,0.0007,0.7739,1.2350,0.3382
1.6540,0.0007,1.0247,1.6648,0.3565
1.4396,0.0005,0.8016,1.4308,0.3527
1.1309,0.0004,0.7136,1.1511,0.3527
1.2012,0.0004,0.9798,1.0936,0.3592
1.4836,0.0005,0.6414,1.3950,0.3664
1.4743,0.0004,0.7640,1.6482,0.3664
1.6836,0.0006,0.9232,1.3114,0.3416
1.9341,0.0005,0.8031,2.1078,0.3407
1.5927,0.0005,0.8098,1.6376,0.3586
1.4993,0.0004,1.4334,1.0128,0.3434
1.1118,0.0003,0.8840,1.4003,0.3434
1.3563,0.0003,0.6162,1.4942,0.3494
1.2062,0.0004,0.9653,1.2503,0.3432
1.7343,0.0003,0.6314,1.7226,0.3639
1.2231,0.0005,0.5959,1.0918,0.3551
1.4458,0.0005,1.2745,0.9936,0.3411
1.0055,0.0004,0.9915,1.4451,0.3411
1.4086,0.0005,0.8262,1.2123,0.3560
1.7267,0.0006,1.1100,1.7315,0.3599
2.1916,0.0008,0.9068,2.2909,0.3653
1.4265,0.0009,0.9706,1.3365,0.3653
1.6365,0.0006,1.4253,1.7807,0.3528
1.8277,0.0006,0.8170,1.8274,0.3506
1.3033,0.0006,0.9007,1.3180,0.3506
1.2051,0.0006,1.3585,1.0738,0.3526
1.3004,0.0005,0.8080,1.4092,0.3616
1.5682,0.0004,0.7416,1.4796,0.3478
1.4859,0.0008,1.3245,1.4170,0.3504
2.4059,0.0009,1.0222,2.4613,0.3722
1.6563,0.0010,0.9635,1.6844,0.3595
1.4555,0.0007,1.3202,1.4830,0.3595
1.3678,0.0004,0.8627,1.1566,0.3636
1.5901,0.0004,0.7460,1.6294,0.3393
1.4703,0.0004,1.1081,1.6062,0.3457
1.8568,0.0008,0.7711,1.8921,0.3457
1.1679,0.0007,0.7686,1.0029,0.3379
1.4947,0.0007,1.0734,1.4969,0.3436
1.7187,0.0006,0.7537,1.8422,0.3463
1.4142,0.0006,0.8049,1.3565,0.3575
2.0439,0.0007,1.1590,1.8913,0.3575
1.3166,0.0006,1.1698,1.4130,0.3732
1.4173,0.0008,0.9852,1.5183,0.3732
1.6744,0.0006,1.0850,1.4545,0.3634
1.4162,0.0005,0.8026,1.6436,0.3485
1.2963,0.0007,0.7293,1.2838,0.3485
1.7943,0.0008,1.1062,1.3877,0.3522
1.8597,0.0007,0.9272,2.0849,0.3383
2.1563,0.0008,0.7875,2.2555,0.3652
1.3619,0.0007,1.2986,0.9885,0.3652
1.3048,0.0006,0.9514,1.5659,0.3509
2.0992,0.0007,0.8883,2.1327,0.3688
2.1137,0.0012,1.4180,2.0497,0.3374
1.6061,0.0008,1.1128,1.6971,0.3628
1.6459,0.0005,0.9481,1.6698,0.3478
1.3166,0.0005,1.1913,1.3187,0.3478
1.5094,0.0006,0.8236,1.2896,0.3425
2.1571,0.0006,0.9116,2.3152,0.3623
1.2874,0.0008,1.2890,1.3037,0.3479
1.5236,0.0006,0.8459,1.5492,0.3440
1.4621,0.0006,0.7426,1.3459,0.3440
2.1257,0.0006,1.2347,2.0027,0.3671
1.8237,0.0004,1.1741,1.8674,0.3634
0.8686,0.0006,1.0257,1.0442,0.3634
1.6020,0.0008,1.1067,1.4239,0.3403
1.4338,0.0004,0.8088,1.5859,0.3618
1.4527,0.0005,0.7143,1.4682,0.3493
1.2116,0.0005,1.0866,1.1198,0.3525
1.6461,0.0005,0.7758,1.6157,0.3394
1.7557,0.0006,0.8096,1.7952,0.3571
2.0383,0.0006,1.0531,1.8204,0.3551
1.4326,0.0009,1.1407,1.6621,0.3551
1.3662,0.0004,0.9829,1.1938,0.3577
1.7489,0.0006,1.1564,1.8519,0.3431
1.6255,0.0004,0.8648,1.6471,0.3381
1.1946,0.0005,0.8276,1.3160,0.3381
1.6876,0.0003,1.0777,1.6445,0.3418
1.6897,0.0005,0.8055,1.6865,0.3488
1.1873,0.0005,0.7668,0.9905,0.3488
1.8887,0.0007,1.0571,2.0515,0.3454
1.4447,0.0006,0.8087,1.1781,0.3540
1.4948,0.0006,0.8952,1.7810,0.3429
1.4770,0.0006,1.1273,1.2150,0.3429
2.1907,0.0005,0.8805,2.3704,0.3671
1.1962,0.0004,0.8876,1.2558,0.3531
1.6394,0.0003,1.1440,1.6388,0.3441
1.3386,0.0006,0.6986,1.0969,0.3441
2.3510,0.0007,0.7878,2.4983,0.3472
1.4220,0.0006,1.2646,1.3572,0.3381
0.9560,0.0003,0.9436,1.1254,0.3381
1.5481,0.0004,0.6414,1.3319,0.3417
2.0094,0.0008,1.0324,2.1470,0.3414
1.3257,0.0007,0.8406,1.3118,0.3414
1.9014,0.0006,1.1279,1.7859,0.3635
1.3196,0.0007,1.5609,1.4288,0.3635
1.6355,0.0007,0.8425,1.6199,0.3538
1.6206,0.0007,0.7423,1.4343,0.3369
1.6674,0.0007,1.6538,1.8524,0.3488
1.8229,0.0006,1.0273,1.7196,0.3519
1.2799,0.0006,0.9244,1.1740,0.3519
1.9167,0.0007,1.3534,2.0503,0.3488
2.1310,0.0007,0.9166,2.1432,0.3549
2.0479,0.0008,0.9247,1.9263,0.3358
1.4767,0.0008,1.5204,1.5724,0.3358
1.9092,0.0008,1.0478,1.9084,0.3392
1.2245,0.0008,0.9328,1.2831,0.3392
1.6340,0.0005,1.1962,1.6067,0.3461
1.4746,0.0005,0.8205,1.4886,0.3443
1.9342,0.0005,0.8035,1.9345,0.3540
1.4444,0.0006,1.1513,1.2235,0.3540
1.6394,0.0004,0.7991,1.5958,0.3594
1.8965,0.0004,0.7529,2.1616,0.3416
1.7024,0.0004,1.0599,1.6463,0.3416
2.1340,0.0007,0.8991,1.9692,0.3609
1.5687,0.0007,1.1341,1.7260,0.3609
1.6420,0.0006,1.2767,1.6681,0.3529
1.6653,0.0006,0.8454,1.4819,0.3371
1.8118,0.0005,0.7982,1.9869,0.3372
1.7828,0.0006,1.1524,1.7472,0.3538
1.2475,0.0006,0.8578,1.2548,0.3538
2.2482,0.0006,0.8133,2.1231,0.3583
1.9143,0.0010,1.5444,1.1333,0.3331
1.6282,0.0007,1.3950,1.7852,0.3659
1.4877,0.0008,1.7617,1.8148,0.3759
1.6480,0.0008,1.6182,1.0172,0.3489
0.9417,0.0006,1.2342,1.6692,0.3550
1.7533,0.0005,0.7314,1.7086,0.3550
1.6136,0.0009,1.6472,1.5853,0.3590
1.6840,0.0007,0.9528,1.6698,0.3515
1.7705,0.0007,0.9105,1.7923,0.3309
1.4983,0.0006,1.2519,1.2882,0.3309
1.9137,0.0006,0.8954,2.1039,0.3422
1.8351,0.0008,0.7473,1.7083,0.5293
1.3361,0.0005,1.4246,1.3458,0.3663
1.6889,0.0004,0.9002,1.7999,0.3497
1.3137,0.0005,0.7511,1.1420,0.3497
1.4914,0.0004,1.0339,1.5820,0.3420
1.7154,0.0005,0.7459,1.7139,0.3381
1.2115,0.0006,0.9520,1.1252,0.3381
1.4522,0.0003,1.0831,1.6121,0.3420
1.7220,0.0006,0.6444,1.5949,0.3592
1.6167,0.0003,0.6483,1.4916,0.3415
1.8554,0.0008,1.1012,1.6513,0.3512
2.3746,0.0006,0.8653,2.6763,0.3698
1.4471,0.0003,0.9692,1.5103,0.3471
1.4282,0.0005,1.2142,1.4641,0.3471
1.5508,0.0007,0.6742,1.5408,0.3470
1.2376,0.0007,0.6985,1.0323,0.3479
1.7070,0.0181,1.0277,1.7674,0.3382
1.2717,0.0005,0.8749,1.2329,0.3382
1.7153,0.0007,0.7329,1.7216,0.3457
1.5284,0.0004,1.0702,1.5307,0.3553
1.4010,0.0006,0.8623,1.5185,0.3553
1.9170,0.0007,0.7589,1.8206,0.3497
2.2047,0.0005,1.5619,2.2457,0.3949
1.2153,0.0004,0.9330,1.2864,0.3400
1.4920,0.0004,0.6798,1.4889,0.3445
1.4794,0.0006,1.0004,1.4688,0.3445
1.6111,0.0005,0.7121,1.6064,0.3491
1.6624,0.0005,0.6646,1.3484,0.3388
1.6270,0.0004,1.0755,1.8588,0.3320
1.0807,0.0006,0.8684,0.9563,0.3320
1.8043,0.0005,0.8991,1.7630,0.3473
1.3316,0.0006,1.2600,1.5389,0.3326
1.9400,0.0006,0.8020,1.8437,0.3538
1.8646,0.0009,0.9964,1.8903,0.3485
1.2221,0.0005,1.2546,1.1020,0.3485
1.5350,0.0006,0.7976,1.4918,0.3458
1.5797,0.0005,0.7010,1.5831,0.3449
1.7091,0.0007,1.0882,1.8817,0.3519
1.3175,0.0005,0.7460,1.3307,0.3519
1.6731,0.0004,0.7177,1.5283,0.3491
1.4808,0.0004,1.2723,1.5964,0.3501
1.8699,0.0004,0.8141,1.8352,0.3417
1.2164,0.0008,0.7943,1.2221,0.3417
1.9613,0.0007,1.1520,1.9557,0.3901
1.5066,0.0007,0.8705,1.3398,0.3901
1.7972,0.0005,0.7564,1.9433,0.3432
1.4447,0.0005,1.1187,1.2386,0.3432
2.1550,0.0005,0.8222,2.3546,0.3499
0.9882,0.0004,0.7135,1.0233,0.3499
1.7544,0.0005,1.0394,1.7506,0.3567
1.4542,0.0007,0.7015,1.2757,0.3562
1.6943,0.0006,0.6947,1.7229,0.3485
1.5249,0.0005,1.0297,1.5809,0.3380
1.9475,0.0005,0.8157,1.9417,0.3460
1.5437,0.0005,0.8827,1.5904,0.3726
2.0915,0.0005,1.2591,2.0680,0.3495
1.7203,0.0005,0.8217,1.6204,0.3508
0.9820,0.0006,0.8614,0.9786,0.3508
1.5577,0.0005,1.0643,1.6679,0.3738
1.5902,0.0006,0.7583,1.5285,0.3445
1.2873,0.0007,0.8314,1.1149,0.3445
1.7960,0.0007,1.1596,2.0134,0.3562
1.5936,0.0005,0.7747,1.3090,0.3562
1.7333,0.0006,0.7717,1.8773,0.3551
1.5848,0.0006,1.2452,1.4744,0.5681
1.3701,0.0007,0.8960,1.5822,0.3755
1.7126,0.0005,0.7138,1.5322,0.3651
2.1595,0.0006,1.0920,2.2340,0.3560
1.3840,0.0006,0.8905,1.4553,0.3560
1.3795,0.0004,0.8409,1.2131,0.3503
1.6927,0.0006,1.1678,1.7141,0.3763
1.4138,0.0006,0.7618,1.5839,0.3527
1.3537,0.0006,0.7883,1.1491,0.3628
1.9612,0.0008,1.2371,2.1028,0.3579
1.3763,0.0007,0.8818,1.4011,0.3669
1.1608,0.0006,0.9686,0.9543,0.3669
1.8522,0.0006,1.4030,2.0638,0.3547
1.2431,0.0005,0.9123,1.0625,0.3547
1.5919,0.0006,0.7048,1.5949,0.3561
1.8074,0.0006,1.0958,1.7290,0.3444
1.4723,0.0005,1.0376,1.6768,0.3478
1.2627,0.0005,0.8386,1.2989,0.3411
1.4375,0.0004,1.0905,1.2046,0.3411
1.8863,0.0006,0.7153,2.0943,0.3526
1.2149,0.0006,0.7256,1.1932,0.3526
1.5857,0.0006,1.4580,1.4033,0.3547
1.4605,0.0005,0.8857,1.6636,0.3908
1.2984,0.0004,0.7352,1.2898,0.3568
1.4684,0.0005,1.0854,1.3474,0.3514
1.5154,0.0007,0.8779,1.5426,0.3469
1.2853,0.0006,0.8624,1.3454,0.3469
1.8196,0.0007,1.1232,1.8541,0.3452
1.0760,0.0008,0.7604,0.7703,0.3452
1.3391,0.0007,0.6681,1.5013,0.3482
1.8273,0.0005,1.0418,1.9634,0.3461
1.5605,0.0006,0.6831,1.3849,0.3461
2.2685,0.0007,0.7816,2.3485,0.3565
1.2638,0.0004,1.2351,1.2147,0.3821
1.3287,0.0003,0.8937,1.2320,0.3821
1.7138,0.0005,0.6979,1.9019,0.3543
1.4555,0.0006,1.1262,1.3824,0.3430
1.3113,0.0008,0.8436,1.3729,0.3493
1.5760,0.0006,0.7319,1.3870,0.3496
1.4114,0.0005,1.1133,1.6109,0.3501
1.4958,0.0005,0.8354,1.3725,0.3508
1.3557,0.0005,0.9403,1.3732,0.3467
1.7408,0.0009,1.0888,1.7822,0.3440
1.5123,0.0006,0.9364,1.2783,0.3781
1.7760,0.0008,0.9834,1.8255,0.3799
1.3803,0.0007,1.3304,1.5804,0.3472
1.7528,0.0007,0.7992,1.6472,0.3677
1.7008,0.0006,0.9040,1.6377,0.3564
1.6302,0.0009,1.1810,1.7380,0.3485
1.4104,0.0006,0.8007,1.4214,0.3495
2.0111,0.0011,0.7200,2.0168,0.3525
1.1817,0.0005,1.1344,1.0698,0.3739
1.0491,0.0005,0.7842,0.9839,0.3739
2.1944,0.0007,0.6882,2.2136,0.3582
1.5128,0.0006,1.3607,1.4591,0.3807
1.0691,0.0007,1.0213,1.2607,0.3477
1.5222,0.0004,0.7964,1.4556,0.3477
1.6950,0.0004,1.1742,1.5400,0.3392
1.4893,0.0003,1.0451,1.6914,0.3498
1.0795,0.0004,0.7616,1.1300,0.3519
1.6663,0.0005,0.9756,1.4946,0.3519
2.0276,0.0006,0.6944,2.1669,0.3504
1.2803,0.0006,0.6793,1.2806,0.3504
1.6568,0.0003,1.0207,1.6110,0.3570
2.1110,0.0005,0.6911,2.0432,0.3676
1.9731,0.0007,0.8905,2.0102,0.3728
1.2911,0.0006,1.3109,1.0861,0.3728
2.0027,0.0009,0.8514,2.2183,0.3557
2.0487,0.0009,0.7494,1.9973,0.3559
1.4673,0.0008,1.2740,1.4794,0.3461
1.2919,0.0006,0.9908,1.0903,0.3461
1.5098,0.0004,0.8947,1.4895,0.3483
1.6753,0.0005,1.0605,1.9116,0.3370
1.2482,0.0005,0.7698,1.0845,0.3423
1.7965,0.0008,0.7165,1.7267,0.3342
1.9832,0.0006,1.2970,2.1504,0.3866
1.3539,0.0005,1.0002,1.3080,0.3866
1.5159,0.0003,0.7980,1.5831,0.3497
1.6150,0.0004,1.0596,1.5361,0.3358
1.9330,0.0004,0.9054,1.9646,0.3357
1.3468,0.0006,0.8569,1.3944,0.3359
1.5811,0.0006,1.1334,1.2931,0.3359
1.9831,0.0009,0.8418,2.1901,0.3569
1.4212,0.0006,0.8440,1.4512,0.3370
2.2329,0.0008,1.1769,2.0946,0.3313
2.0332,0.0006,1.0917,2.1169,0.3565
1.7774,0.0007,0.9459,1.7483,0.3384
1.4930,0.0006,1.2641,1.5479,0.3384
1.5588,0.0006,0.8105,1.3355,0.3398
2.2465,0.0004,0.7894,2.4030,0.3398
1.2109,0.0007,1.2095,1.1684,0.3386
1.4413,0.0005,0.8012,1.1330,0.3386
1.7640,0.0008,0.6869,2.1498,0.3453
2.5554,0.0007,1.0342,2.2131,0.3812
1.5243,0.0008,1.3756,0.9431,0.3521
0.9039,0.0016,1.4128,1.7373,0.3777
1.6214,0.0007,1.0783,1.5973,0.3677
1.4888,0.0006,0.7120,1.4683,0.3602
1.4445,0.0005,0.7184,1.4456,0.3539
1.4102,0.0004,1.0449,1.1482,0.3539
1.7913,0.0006,0.7344,2.0347,0.3459
1.1747,0.0007,0.7580,1.1829,0.3459
1.5098,0.0005,1.0955,1.2562,0.3494
1.6811,0.0006,0.9107,1.6341,0.3494
2.3778,0.0007,0.7617,2.5427,0.3725
1.5003,0.0006,1.3298,1.0961,0.3575
1.6474,0.0003,1.0145,2.0266,0.3619
1.1543,0.0004,0.8416,1.0845,0.3619
2.1467,0.0005,1.1449,2.1946,0.3551
1.4579,0.0006,0.8892,1.4837,0.3537
1.0132,0.0007,0.8500,0.8987,0.3537
1.6353,0.0004,1.1084,1.5944,0.3543
1.5620,0.0006,0.7973,1.6081,0.3478
1.8262,0.0008,0.7371,1.6785,0.3461
1.9186,0.0005,1.1734,2.1563,0.3471
2.0046,0.0008,0.9477,1.6781,0.3579
1.5901,0.0007,1.1771,1.9314,0.3490
1.9148,0.0004,1.2127,1.9376,0.3576
1.2627,0.0004,0.7744,1.2426,0.3576
1.8042,0.0004,0.6888,1.8348,0.3428
1.0969,0.0004,1.0439,1.0338,0.3428
1.6822,0.0003,0.7457,1.7412,0.3481
1.4560,0.0004,0.6240,1.4321,0.3481
1.5738,0.0004,1.0267,1.2149,0.3434
1.8791,0.0009,0.7571,2.2103,0.3648
1.7729,0.0006,0.7329,1.7392,0.5315
1.4137,0.0005,1.1814,1.3611,0.5315
1.6580,0.0006,0.8777,1.7385,0.3471
1.8598,0.0004,0.7044,1.8601,0.3544
1.5227,0.0003,1.0693,1.5237,0.3544
1.3319,0.0004,0.7276,1.2870,0.3581
1.6236,0.0007,0.6693,1.4077,0.3360
2.1203,0.0006,1.2963,2.2220,0.3451
1.8870,0.0006,1.4666,1.8759,0.3567
1.4385,0.0004,0.9228,1.4963,0.3454
1.6690,0.0008,1.2953,1.6580,0.3454
2.0148,0.0009,1.0245,2.0359,0.3752
1.0948,0.0004,0.8005,1.1392,0.3752
1.5871,0.0004,1.0370,1.5885,0.3525
1.9130,0.0003,0.6706,1.8947,0.3607
1.5225,0.0004,0.6594,1.4901,0.3392
1.6326,0.0006,1.3056,1.0294,0.3577
1.0658,0.0005,1.0550,1.6112,0.3577
1.7268,0.0008,0.7291,1.6462,0.3489
1.9791,0.0006,1.1295,2.0229,0.3338
1.7548,0.0008,0.8581,1.4225,0.3338
1.8072,0.0006,1.1008,2.0986,0.9281
1.4233,0.0004,1.1753,1.2653,0.3636
1.8993,0.0007,0.7352,1.6339,0.3590
1.7520,0.0005,0.7245,2.0509,0.3374
2.0476,0.0006,1.0277,2.1920,0.3413
1.3808,0.0004,0.8276,1.4040,0.3413
2.0146,0.0003,0.7416,2.0241,0.3488
1.4599,0.0003,1.1654,1.4676,0.3453
1.0545,0.0004,0.7629,0.9185,0.3453
2.1746,0.0006,0.6112,2.1747,0.3942
1.6086,0.0004,1.2246,1.6665,0.3942
1.4472,0.0007,0.8942,1.4559,0.3828
1.2617,0.0004,0.7135,1.0717,0.3414
1.6710,0.0007,1.0671,1.7330,0.3695
2.2164,0.0005,0.7840,2.1314,0.3407
1.0376,0.0005,1.0414,0.9530,0.3407
1.9939,0.0004,1.1444,2.1267,0.3452
1.8104,0.0007,0.7501,1.7204,0.3373
1.9118,0.0008,0.7637,2.1001,0.3417
1.6005,0.0006,1.2285,1.5122,0.3417
1.5385,0.0004,0.8811,1.6253,0.3799
1.6373,0.0006,0.7564,1.5362,0.3541
1.7131,0.0004,1.0735,1.7165,0.3431
1.5966,0.0005,0.8279,1.5775,0.3474
1.6347,0.0006,0.7442,1.5791,0.3437
1.6362,0.0004,1.3513,1.5494,0.3552
1.6992,0.0007,0.7889,1.9404,0.3446
1.0956,0.0004,0.8706,0.8796,0.3446
1.7081,0.0004,1.2040,1.9257,0.3529
1.4036,0.0006,0.6928,1.3704,0.3529
1.9532,0.0007,0.7902,1.9025,0.3697
1.5257,0.0004,1.2569,1.6098,0.3451
1.6026,0.0004,0.7617,1.5844,0.3451
1.6822,0.0004,0.7485,1.6281,0.3478
1.3529,0.0005,1.2485,1.0873,0.3478
1.5219,0.0004,0.9036,1.6493,0.3521
1.5482,0.0003,0.7190,1.4731,0.3317
1.5021,0.0004,1.1750,1.4517,0.3513
1.6075,0.0006,0.9667,1.7776,0.3535
1.1316,0.0012,0.8047,0.8916,0.3504
1.9106,0.0006,1.5765,1.4204,0.3516
1.1182,0.0007,1.3340,1.8032,0.3516
2.1941,0.0006,0.7525,2.2159,0.3592
1.3498,0.0003,1.0911,1.2423,0.3592
1.7699,0.0006,0.7780,1.5895,0.3592
1.6400,0.0006,0.9319,1.6722,0.3564
1.8420,0.0006,1.1495,2.0778,0.3421
1.5246,0.0006,0.8270,1.2477,0.3556
1.7627,0.0007,0.9575,1.9328,0.3527
1.2443,0.0003,1.1484,1.2562,0.3527
1.5176,0.0004,0.6581,1.4278,0.3526
1.8113,0.0008,0.6876,1.7136,0.3571
1.5868,0.0009,1.2658,1.7289,0.3658
1.4055,0.0004,0.8785,1.4874,0.3569
1.3979,0.0005,0.6930,1.2824,0.3493
2.0340,0.0004,1.2734,2.1708,0.3577
1.1549,0.0003,0.7492,0.8157,0.3577
1.2773,0.0003,0.8513,1.6173,0.3567
1.7132,0.0006,1.0921,1.6037,0.3395
1.5026,0.0004,0.7647,1.5991,0.3395
1.9016,0.0005,0.6123,1.8282,0.3474
1.5055,0.0005,1.1107,1.5122,0.3692
1.2881,0.0004,0.8262,1.1146,0.3692
1.5534,0.0004,0.7501,1.5539,0.3574
1.2752,0.0005,1.1089,1.3682,0.3574
1.2234,0.0005,0.8317,1.1813,0.3643
1.6137,0.0006,0.6700,1.5989,0.3566
1.1989,0.0004,1.1797,1.2330,0.3566
0.9748,0.0004,0.7675,1.1210,0.3497
1.3922,0.0004,0.6091,1.3502,0.3452
1.2831,0.0004,0.9223,1.2859,0.3486
1.3334,0.0004,0.6174,1.3186,0.3464
1.1737,0.0003,0.5910,1.1863,0.3576
1.1842,0.0003,0.8930,1.1836,0.3520
1.3959,0.0006,0.5941,1.1870,0.3520
2.0968,0.0007,0.8580,2.2211,0.3588
1.1846,0.0005,1.1899,0.8734,0.3581
0.9310,0.0003,0.7363,1.0610,0.3581
1.3844,0.0003,0.6150,1.4346,0.3418
1.1136,0.0003,1.0378,1.2295,0.3418
1.5273,0.0004,0.6969,1.4632,0.3351
1.3855,0.0004,0.6302,1.4189,0.3424
1.3777,0.0004,0.9939,1.2228,0.3372
1.2605,0.0007,0.6867,1.4371,0.3368
1.3622,0.0004,0.6486,1.1599,0.3540
1.5517,0.0005,1.1819,1.4517,0.3574
1.4906,0.0006,1.0194,1.5147,0.3574
1.2151,0.0005,1.0667,1.4286,0.3788
1.5836,0.0005,1.0686,1.5873,0.3592
1.0706,0.0004,0.7487,1.0159,0.3440
1.1684,0.0006,0.7354,1.0460,0.3440
1.3370,0.0004,1.0249,1.5271,0.3682
1.1837,0.0004,0.6472,1.1567,0.3417
1.4094,0.0005,0.6106,1.3678,0.3410
1.2355,0.0006,1.0424,1.0664,0.3536
1.3012,0.0004,0.6488,1.5180,0.3580
1.2870,0.0005,0.6205,1.1282,0.3345
1.4886,0.0005,1.0012,1.4513,0.3474
1.3901,0.0008,0.7310,1.4865,0.3517
2.4459,0.0007,0.7436,2.4409,0.3679
1.4002,0.0006,1.2539,1.0498,0.3591
1.0604,0.0004,0.9982,1.4999,0.3591
1.3256,0.0003,0.6324,1.1591,0.3532
1.2827,0.0004,0.9429,1.4191,0.3385
1.2471,0.0004,0.6354,1.2520,0.3403
1.2525,0.0003,0.6120,1.2591,0.3668
1.2291,0.0003,0.8872,1.0342,0.3425
1.4307,0.0003,0.6140,1.4470,0.3388
1.3386,0.0003,0.6125,1.2986,0.3513
1.3022,0.0003,1.0047,1.2623,0.3513
1.5149,0.0006,0.6435,1.3172,0.3559
1.5084,0.0004,0.9642,1.8469,0.3479
1.7219,0.0004,1.0668,1.7937,0.3792
1.5536,0.0003,0.7164,1.5589,0.3457
1.2055,0.0003,0.6274,1.2108,0.3422
1.4954,0.0004,0.9716,1.3672,0.3518
1.0361,0.0004,0.7863,0.9763,0.3518
1.9841,0.0005,0.6501,2.1143,0.3549
1.0816,0.0003,1.0178,0.8199,0.3553
1.2314,0.0003,0.6933,1.4419,0.3553
1.3935,0.0004,0.6694,1.4271,0.3531
1.5400,0.0008,0.9781,1.4559,0.3499
1.9021,0.0011,0.7707,1.7122,0.3537
1.7930,0.0009,0.8908,1.7610,0.3438
1.6311,0.0004,1.4018,1.9203,0.3578
1.2374,0.0003,0.7444,1.2587,0.3579
1.4049,0.0003,0.6694,1.3946,0.3579
1.5498,0.0006,0.9716,1.5227,0.3482
1.1158,0.0005,0.6719,1.1231,0.3482
1.2096,0.0005,0.6298,1.0413,0.3641
1.3318,0.0004,0.9581,1.3522,0.3490
1.3580,0.0005,0.6657,1.4550,0.3428
2.1746,0.0003,0.7356,2.1569,0.3458
1.4345,0.0005,1.1886,1.0282,0.3458
1.6233,0.0003,0.8722,1.8402,0.3674
1.7667,0.0003,0.7147,1.9916,0.3504
1.2008,0.0003,1.0631,1.1831,0.3483
1.3390,0.0004,0.6330,1.2809,0.3493
1.3357,0.0004,0.6201,1.4073,0.3444
1.2427,0.0003,0.9743,1.2312,0.3692
1.3231,0.0003,0.6428,1.3337,0.3555
1.2286,0.0004,0.5653,0.8865,0.3555
1.4208,0.0004,0.9268,1.6244,0.3411
1.3585,0.0004,0.6339,1.3267,0.3551
1.3514,0.0004,0.5986,1.4969,0.3537
1.2782,0.0004,0.9600,1.0678,0.3537
1.7200,0.0005,0.8141,1.6801,0.3699
1.5273,0.0005,0.8224,1.7417,0.3536
1.5175,0.0003,1.0066,1.5158,0.3408
1.2683,0.0004,0.6358,1.2789,0.3408
1.2236,0.0005,0.6703,1.1681,0.3591
1.1897,0.0005,1.1406,1.2351,0.3552
1.5930,0.0004,0.6870,1.2791,0.3509
1.5585,0.0004,0.8783,1.8458,0.3588
1.2942,0.0005,1.1252,1.0398,0.3588
1.2805,0.0005,0.8161,1.5287,0.3579
1.5443,0.0005,0.6217,1.5414,0.3494
1.9662,0.0005,1.0136,1.8979,0.4000
1.4877,0.0003,0.8361,1.5279,0.3812
1.2878,0.0004,0.7403,1.3053,0.3539
1.0804,0.0003,0.9773,1.0706,0.3539
1.2519,0.0004,0.6018,1.1267,0.3446
1.1575,0.0004,0.7367,1.1161,0.3468
1.2467,0.0004,1.0789,1.1435,0.3468
1.4467,0.0004,0.9320,1.3649,0.3586
1.2081,0.0005,1.2575,1.5102,0.3586
1.4054,0.0005,1.1094,1.3642,0.3570
1.7646,0.0006,0.8998,1.7859,0.3385
1.4844,0.0006,0.8658,1.1870,0.3437
1.5845,0.0008,1.3961,1.7614,0.3562
1.9043,0.0007,1.0211,1.8131,0.3651
1.6527,0.0009,0.8440,1.7596,0.3497
1.2558,0.0005,1.2564,1.2733,0.3723
1.3809,0.0007,0.8084,1.4580,0.3557
1.3711,0.0007,0.7238,1.2027,0.3470
1.5630,0.0006,1.3989,1.4850,0.3497
1.6152,0.0006,0.7586,1.7986,0.3584
1.4993,0.0008,0.6855,1.3968,0.3478
1.5248,0.0005,1.1538,1.5597,0.3526
1.6645,0.0007,0.8153,1.4147,0.3389
1.6741,0.0006,0.8108,1.9612,0.3613
1.5362,0.0006,1.2123,1.5627,0.3513
1.1911,0.0003,0.7770,1.0042,0.3513
1.6192,0.0005,0.7169,1.4345,0.3540
1.1576,0.0006,1.0761,1.5273,0.3376
1.3908,0.0005,0.7582,1.3707,0.3425
1.6291,0.0005,0.7321,1.4545,0.3501
1.4313,0.0006,1.1683,1.3995,0.3503
1.7951,0.0007,0.8328,1.9874,0.3395
1.3736,0.0006,0.8797,1.3817,0.3585
1.0923,0.0004,1.1286,1.1265,0.3585
1.9972,0.0010,0.8215,1.8864,0.3649
1.1630,0.0005,0.9451,0.9665,0.3649
1.3406,0.0004,1.3507,1.4716,0.3745
1.6385,0.0005,0.8330,1.5982,0.3486
1.9294,0.0009,0.7335,1.7899,0.3512
1.3221,0.0006,1.2267,1.6324,0.3493
1.4522,0.0005,0.7889,1.3530,0.3633
1.1812,0.0005,0.8626,1.2553,0.3633
1.4122,0.0004,1.1170,1.2845,0.3454
1.4677,0.0004,0.8929,1.5914,0.3454
1.7809,0.0006,0.6943,1.7442,0.3468
1.5447,0.0006,1.2060,1.4587,0.3530
1.1225,0.0006,1.0166,1.2169,0.3530
1.4155,0.0004,0.7546,1.4102,0.3669
1.3473,0.0004,1.0769,1.2866,0.3484
1.5826,0.0010,0.8256,1.5921,0.3534
1.4611,0.0007,0.8248,1.1995,0.3647
1.2820,0.0005,1.2799,1.4636,0.3388
1.8307,0.0005,0.7665,1.9656,0.3591
1.7067,0.0004,0.6818,1.6532,0.3333
1.4276,0.0004,1.0818,1.2210,0.3393
1.2662,0.0005,0.7128,1.5027,0.3614
1.4927,0.0009,0.6715,1.4274,0.3497
2.7184,0.0007,1.2276,2.5442,0.3657
0.8948,0.0004,1.1799,0.9904,0.3476
1.9550,0.0006,0.7905,1.9695,0.3384
1.2510,0.0005,1.3150,1.3303,0.3433
0.9758,0.0007,0.8078,1.0149,0.3534
1.4194,0.0006,0.6815,1.3816,0.3578
1.5821,0.0006,1.0836,1.5678,0.3440
1.3605,0.0006,0.8225,1.2048,0.3440
1.5080,0.0005,0.7400,1.6710,0.3468
1.6870,0.0004,1.0801,1.6466,0.3550
1.0523,0.0007,0.8215,0.9807,0.3550
2.1454,0.0007,0.7682,2.1663,0.3572
1.5123,0.0006,1.2252,1.0368,0.3680
1.6303,0.0008,1.0963,2.1264,0.3509
1.4003,0.0006,0.8178,1.4164,0.3573
1.6143,0.0006,1.1100,1.4155,0.3573
2.1023,0.0007,0.7750,2.2662,0.3472
1.4881,0.0003,0.7671,1.5162,0.3421
1.3793,0.0005,1.1271,1.1675,0.3421
1.6607,0.0006,0.7706,1.8557,0.3563
2.1059,0.0012,0.7166,1.9991,0.3700
1.5163,0.0006,1.3157,1.3571,0.3700
1.4963,0.0006,1.1432,1.6071,0.3485
1.6684,0.0004,0.9077,1.5491,0.3554
1.6651,0.0007,1.1779,1.6195,0.3405
1.7515,0.0004,0.8002,1.7876,0.3408
1.4405,0.0006,0.8931,1.4468,0.3408
1.9036,0.0004,1.1190,2.1332,0.3680
1.4927,0.0006,0.7458,1.4987,0.3491
1.3035,0.0005,0.7084,1.3337,0.3673
1.5821,0.0005,1.3485,1.3919,0.3759
1.7491,0.0010,0.9550,1.7621,0.3711
2.0692,0.0008,0.9834,2.0472,0.3781
1.8039,0.0008,1.6202,1.2520,0.3595
0.9094,0.0007,1.2119,1.3253,0.3595
1.8560,0.0008,0.7910,1.8553,0.3301
1.5801,0.0006,1.2208,1.4952,0.3301
1.8523,0.0008,0.8829,1.8254,0.3315
1.1386,0.0006,0.9779,1.2586,0.3315
1.3609,0.0005,1.0517,1.4368,0.3493
1.3570,0.0005,0.7005,1.5210,0.3546
1.9097,0.0005,0.6023,1.8082,0.3574
1.2943,0.0006,1.1826,1.0940,0.3574
2.2606,0.0007,0.8764,2.4915,0.3728
1.7555,0.0005,0.7876,1.7488,0.3421
1.5222,0.0004,1.1444,1.5174,0.3387
1.3284,0.0004,0.7215,1.3345,0.3387
1.6386,0.0004,0.6401,1.5198,0.3477
1.7160,0.0005,1.1067,1.8227,0.3425
1.0043,0.0013,0.6944,1.0417,0.3425
1.5121,0.0007,0.6097,1.4499,0.3371
1.4688,0.0006,1.0471,1.4597,0.3427
1.4324,0.0005,0.7406,1.1274,0.3427
1.5051,0.0005,0.7946,1.8246,0.3343
1.2236,0.0006,1.0878,1.0669,0.3501
2.0608,0.0004,0.6861,2.1981,0.3596
1.1715,0.0003,0.6655,1.1729,0.3469
1.1166,0.0004,1.0381,1.0798,0.3469
1.2706,0.0003,0.6556,1.2838,0.3682
1.2797,0.0003,0.6259,1.1999,0.3571
1.3074,0.0004,1.0686,1.4218,0.3571
1.4076,0.0003,0.6031,1.3336,0.3504
1.2366,0.0004,0.6131,1.1374,0.3409
1.6497,0.0004,1.1462,1.3313,0.3412
0.6893,0.0005,1.1928,0.9794,0.3412
1.6465,0.0006,0.6342,1.7431,0.3580
2.0416,0.0005,1.6155,0.8341,0.3812
0.7107,0.0003,1.1574,0.8341,0.3408
1.0104,0.0004,0.6105,1.1033,0.3527
1.0658,0.0003,1.0576,1.2412,0.3527
1.2791,0.0003,0.5953,1.2684,0.3414
1.3291,0.0006,0.6172,1.1412,0.3279
1.4319,0.0004,1.1475,1.5968,0.3493
1.2025,0.0004,0.6808,1.1669,0.3493
1.7642,0.0005,0.6308,1.7911,0.3567
1.4145,0.0005,1.0974,1.0611,0.3567
1.5200,0.0006,0.7089,1.6198,0.3566
1.0724,0.0006,0.9209,1.2589,0.3566
1.4954,0.0007,1.3884,1.2151,0.3737
1.7031,0.0005,0.7461,2.0318,0.3755
1.3732,0.0006,0.6101,1.0648,0.3336
1.5641,0.0005,1.2135,1.6500,0.3442
1.0731,0.0004,0.9925,1.2794,0.3442
1.4952,0.0004,0.6296,1.5072,0.3419
1.3902,0.0005,0.9249,1.0399,0.3386
1.4013,0.0005,0.8137,1.6410,0.3593
1.1290,0.0005,0.7392,1.0375,0.3593
1.3487,0.0004,1.0142,1.4253,0.3556
1.5113,0.0003,0.6457,1.5967,0.3520
1.9966,0.0006,0.6211,1.9000,0.5288
1.6564,0.0005,1.1792,1.5740,0.3719
1.2502,0.0003,0.9624,1.4119,0.3736
1.2110,0.0004,0.7318,1.2139,0.3414
0.9789,0.0005,1.1032,0.9896,0.3414
1.3998,0.0004,0.6422,1.3789,0.3629
1.4611,0.0005,0.5855,1.3809,0.3474
1.2358,0.0005,1.0546,1.2200,0.3534
1.2294,0.0003,0.6506,1.3133,0.3468
1.2957,0.0003,0.5897,1.2274,0.3589
1.2167,0.0004,0.8878,1.2173,0.3488
1.2698,0.0004,0.6084,1.2450,0.3495
1.4001,0.0006,0.6698,1.4205,0.3495
1.2423,0.0005,0.9652,1.2449,0.3324
1.2055,0.0004,0.8323,1.2522,0.3495
1.2582,0.0005,0.7445,1.0734,0.3593
1.4079,0.0004,1.0798,1.5970,0.3455
1.1583,0.0005,0.6285,1.0932,0.3522
1.7220,0.0005,0.6729,1.7097,0.3590
1.3764,0.0003,1.0077,1.3616,0.3581
1.2592,0.0004,0.7738,1.3028,0.3598
1.4995,0.0006,0.6426,1.4041,0.3306
0.9909,0.0003,1.0216,1.0893,0.3306
1.2358,0.0006,0.6582,1.0975,0.3520
1.8087,0.0006,0.6974,1.8548,0.3721
2.1961,0.0005,1.2439,2.1693,0.3656
1.0055,0.0006,0.9351,1.0437,0.3577
1.0995,0.0004,0.8379,0.9703,0.3433
1.4703,0.0004,1.6056,1.5670,0.3375
1.0211,0.0003,0.8927,0.8376,0.3375
1.5480,0.0004,0.6248,1.7611,0.3653
1.6209,0.0007,1.1860,0.9709,0.3338
1.0307,0.0003,1.1662,1.4926,0.3338
1.7568,0.0004,0.7596,1.6814,0.3389
2.2292,0.0004,1.1543,2.3912,0.3508
1.2933,0.0006,0.7550,0.9716,0.3323
1.2432,0.0005,1.0727,1.5684,0.3323
2.5737,0.0005,2.2734,0.8847,0.3518
0.7045,0.0004,1.3796,0.8847,0.3518
0.9235,0.0003,0.7085,1.1973,0.3610
1.0225,0.0003,0.9577,1.0195,0.3610
1.1339,0.0004,0.5794,1.0686,0.3320
1.3001,0.0003,0.6448,1.3474,0.3481
1.1228,0.0003,1.0172,1.1165,0.3467
1.2626,0.0006,0.6132,1.1192,0.3403
0.8833,0.0003,0.7287,1.0203,0.3403
1.2975,0.0005,0.8830,1.0769,0.3424
1.5659,0.0003,0.6234,1.7300,0.3624
1.1716,0.0005,0.5928,1.2025,0.3624
1.8207,0.0008,0.8832,1.5268,0.3519
2.2811,0.0005,0.7961,2.4762,0.3573
1.1305,0.0005,0.8779,1.1759,0.3585
1.6722,0.0004,1.0396,1.6523,0.3617
1.6115,0.0004,0.7211,1.5353,0.3592
1.2885,0.0003,0.8113,1.3655,0.3621
1.2406,0.0003,0.9953,1.2482,0.3622
1.3360,0.0004,0.6738,1.3043,0.3622
1.2593,0.0005,0.6684,1.2248,0.3472
1.2088,0.0004,1.0191,1.0551,0.3646
1.3786,0.0004,0.7024,1.3854,0.3480
1.2911,0.0010,0.6597,1.4505,0.3570
1.9729,0.0004,1.2002,1.7823,0.3550
1.1927,0.0003,0.9190,1.3774,0.3550
1.1081,0.0004,0.7282,1.1005,0.3642
1.6969,0.0003,1.0274,1.6876,0.3489
1.0378,0.0004,0.7955,0.8902,0.3489
1.3416,0.0004,0.6713,1.4979,0.3437
1.5926,0.0004,0.9472,1.5110,0.3538
0.9105,0.0004,0.7700,0.9721,0.3538
1.4647,0.0005,0.7030,1.3156,0.3507
1.7100,0.0003,0.9574,1.7427,0.3497
1.1249,0.0004,0.7739,1.0513,0.3483
1.1720,0.0005,0.7753,1.2340,0.3483
1.6413,0.0008,1.0285,1.6019,0.3718
1.3469,0.0004,0.7920,1.4793,0.3662
1.3949,0.0006,0.7708,1.3931,0.3733
1.3242,0.0007,1.1208,1.2497,0.3533
1.2660,0.0006,0.6968,1.3759,0.3433
1.4452,0.0004,0.6610,1.2722,0.3480
1.1613,0.0004,1.1149,1.2795,0.3480
1.2410,0.0003,0.6600,1.2466,0.3595
1.1216,0.0004,0.6220,1.0096,0.3394
1.4390,0.0004,1.0764,1.3525,0.3609
1.3716,0.0004,0.6452,1.5130,0.3440
1.2736,0.0004,0.6598,1.2431,0.3454
1.5515,0.0006,0.9412,1.3594,0.3704
1.4638,0.0006,0.7780,1.4949,0.3578
1.7031,0.0005,0.8078,1.8612,0.3788
1.2100,0.0004,1.1057,1.2721,0.3476
1.0110,0.0004,0.7586,1.0297,0.3476
1.3018,0.0003,0.9129,1.0951,0.3446
1.7092,0.0003,1.3832,1.1750,0.3630
0.6317,0.0003,1.0791,0.7496,0.3461
1.4965,0.0003,0.6008,1.6859,0.3635
1.3798,0.0003,0.8744,1.3717,0.3635
1.2454,0.0003,0.6009,1.1754,0.3366
1.2113,0.0005,0.6800,1.0488,0.3534
1.5952,0.0003,1.4088,1.1754,0.3522
1.4757,0.0006,1.1071,1.1430,0.3502
1.7117,0.0005,1.4597,0.9909,0.3531
1.1334,0.0003,1.9542,0.9909,0.3531
0.5763,0.0003,0.6934,0.9168,0.3604
0.9723,0.0004,0.5579,0.8255,0.3604
1.5890,0.0004,1.1630,1.2799,0.3413
0.9302,0.0004,1.0263,1.0406,0.3387
1.0110,0.0003,0.9284,1.1951,0.3387
1.5348,0.0003,0.9485,1.4414,0.3488
1.2340,0.0003,0.7744,1.2589,0.3488
1.4597,0.0004,0.7895,1.6410,0.3529
1.0411,0.0003,0.9559,1.0361,0.3529
1.5359,0.0004,0.6361,1.4055,0.3757
1.3445,0.0007,0.8994,0.9438,0.3757
2.2947,0.0005,1.3065,2.7475,0.3801
1.2138,0.0008,0.8015,1.2456,0.3404
0.9693,0.0005,0.6975,0.8461,0.3404
1.5865,0.0005,0.9384,1.7025,0.3557
1.1854,0.0004,0.6536,1.0377,0.3557
1.4174,0.0004,0.6294,1.4022,0.3386
1.4892,0.0004,0.9945,1.4164,0.3347
1.4147,0.0003,0.6769,1.4858,0.3492
1.3645,0.0003,0.6307,1.5252,0.3537
1.2076,0.0004,0.9565,1.0077,0.3450
1.2505,0.0005,0.6402,1.4116,0.3575
1.7577,0.0008,0.7932,1.6646,0.3553
1.8645,0.0007,1.3578,1.9091,0.3812
1.4145,0.0005,0.9470,1.3399,0.3594
1.6359,0.0005,0.8123,1.4381,0.3433
1.6849,0.0003,1.2536,1.9839,0.3502
1.2641,0.0004,0.6949,0.7788,0.3502
1.5670,0.0004,0.6370,1.9728,0.3545
1.4063,0.0005,1.0609,1.4801,0.3545
1.4797,0.0007,0.6929,1.3534,0.3440
1.6210,0.0006,0.6393,1.7254,0.3661
1.0232,0.0004,1.0073,0.9523,0.3661
1.4104,0.0004,0.6835,1.4682,0.3477
1.6339,0.0004,0.6662,1.4827,0.5245
1.4399,0.0003,1.0593,1.5924,0.3761
1.2745,0.0003,0.6833,1.0389,0.3602
1.4653,0.0005,0.7159,1.4859,0.3535
1.5919,0.0003,0.9713,1.8054,0.3405
1.5397,0.0005,0.6486,1.3705,0.3511
0.9474,0.0004,0.8149,1.0455,0.3511
1.4438,0.0005,0.9700,1.2802,0.3516
1.6038,0.0004,0.8123,1.8009,0.3516
1.4925,0.0005,0.6154,1.5003,0.3481
1.5584,0.0007,1.0647,1.5088,0.3525
1.8513,0.0005,0.8408,1.5063,0.3642
1.5936,0.0004,1.1153,1.9093,0.3661
1.0597,0.0005,1.0878,0.7895,0.3406
1.0763,0.0003,0.6874,1.1238,0.3406
1.8799,0.0003,0.6034,2.1204,0.3500
1.2093,0.0003,0.9167,1.0208,0.3500
1.4206,0.0003,0.6775,1.4347,0.3520
1.5384,0.0004,0.7788,1.5723,0.3490
1.7079,0.0005,0.9646,1.6652,0.3456
1.9742,0.0003,0.9296,2.0963,0.3679
1.1498,0.0004,0.7770,1.0105,0.3679
2.1235,0.0005,1.5095,1.8513,0.3480
0.8613,0.0003,1.4981,1.0873,0.3480
1.6345,0.0004,0.6703,1.8236,0.3506
1.1551,0.0006,0.9454,1.1614,0.3506
1.4439,0.0004,0.6786,1.4305,0.3407
1.1152,0.0003,0.7239,1.1228,0.3407
1.0598,0.0003,0.9510,0.9859,0.3558
1.4256,0.0005,0.6208,1.4892,0.3435
1.1040,0.0005,0.6063,1.1066,0.3435
1.4649,0.0006,1.0066,1.1593,0.3457
1.3710,0.0005,0.6298,1.4569,0.3426
1.1979,0.0004,0.6003,1.3853,0.3563
1.9295,0.0009,0.9246,1.8584,0.5960
1.4509,0.0006,0.8554,1.4286,0.5960
1.7150,0.0006,0.8717,1.4855,0.3641
1.7566,0.0004,1.0727,2.0379,0.3448
0.9337,0.0005,0.7080,0.7681,0.3448
1.4034,0.0004,0.6529,1.5758,0.3487
1.5117,0.0005,0.9916,1.4399,0.3487
1.3261,0.0005,0.6982,1.3927,0.3350
1.3497,0.0005,0.6715,1.3222,0.3606
1.4722,0.0003,0.9802,1.2551,0.3517
1.5101,0.0004,0.6669,1.5882,0.3392
1.7321,0.0005,0.6435,1.5651,0.3490
2.0624,0.0004,1.5543,1.8172,0.4135
0.7714,0.0003,1.3143,1.0615,0.3426
0.9533,0.0003,0.6798,1.1213,0.3426
1.6288,0.0005,0.9012,1.6982,0.3578
1.4641,0.0005,0.6461,1.3686,0.3462
1.0868,0.0006,0.7789,1.1333,0.3462
1.8611,0.0005,1.0912,1.3952,0.3621
1.3329,0.0004,1.4555,1.8067,0.3591
1.2092,0.0006,0.6937,1.2259,0.3591
1.2655,0.0003,0.9691,1.0116,0.3429
1.4995,0.0003,0.6956,1.6431,0.3454
1.6268,0.0005,0.6862,1.5256,0.3417
1.8027,0.0005,1.1435,1.9378,0.3767
1.1536,0.0005,0.9810,0.9279,0.3767
1.5534,0.0005,0.8143,1.8085,0.3492
1.0803,0.0004,1.0545,0.9642,0.3492
1.3919,0.0004,0.6641,1.4375,0.3554
1.5713,0.0005,0.6813,1.6350,0.3453
1.7230,0.0007,1.4420,1.1708,0.3381
0.9603,0.0004,1.1860,0.9308,0.3422
0.7098,0.0006,0.8163,1.0195,0.3422
1.1751,0.0004,0.8930,1.2815,0.3452
1.2323,0.0003,0.6009,1.2122,0.3496
1.1425,0.0005,0.5523,1.1477,0.3458
1.9086,0.0005,0.9929,1.8576,0.5521
1.5620,0.0004,0.7579,1.5632,0.3668
1.2550,0.0005,0.7050,1.2046,0.3540
1.2808,0.0007,1.0148,1.3206,0.3536
1.0574,0.0004,0.6834,1.0568,0.3565
1.3378,0.0005,1.0289,1.3171,0.3565
1.7155,0.0006,1.3787,1.3643,0.3342
0.8448,0.0005,1.0399,1.1877,0.3452
1.1820,0.0006,0.6436,1.0711,0.3452
1.4655,0.0006,1.2160,1.3772,0.3549
0.8663,0.0006,1.0605,1.0717,0.3549
1.4935,0.0003,0.6884,1.3385,0.3528
1.8030,0.0008,0.9476,1.4486,0.3630
1.2949,0.0006,1.1632,1.4058,0.3642
1.1033,0.0003,1.2213,1.4388,0.3642
1.4568,0.0004,1.0244,1.4136,0.3446
1.4494,0.0004,0.6854,1.3119,0.3664
1.4321,0.0005,0.7623,1.4571,0.3384
1.8971,0.0004,1.0097,2.0638,0.3643
1.0363,0.0003,0.6617,0.7931,0.3643
1.2983,0.0004,0.6200,1.5278,0.3447
1.3289,0.0003,0.9407,1.1671,0.3398
1.4750,0.0006,0.6866,1.6223,0.3527
1.4110,0.0005,0.8450,1.2682,0.3507
1.7487,0.0007,1.1564,1.6090,0.3467
1.4929,0.0004,0.8537,1.5158,0.9500
1.4822,0.0003,0.7496,1.7088,0.3576
1.4327,0.0004,0.9909,1.2511,0.3336
1.4823,0.0004,0.8552,1.6685,0.3384
1.3002,0.0003,0.7620,1.1647,0.3384
1.7230,0.0006,0.9766,1.6570,0.3424
1.3794,0.0007,0.7729,1.4455,0.3407
1.2934,0.0003,0.6411,1.4085,0.3459
1.2429,0.0007,0.9846,1.2630,0.3444
1.1511,0.0004,0.6310,1.0067,0.3444
1.9096,0.0008,0.6140,1.9555,0.3393
2.1315,0.0007,1.4855,1.2797,0.3723
1.2805,0.0006,1.4612,1.4588,0.3685
1.0002,0.0006,1.2218,1.1093,0.3556
1.0688,0.0006,1.3016,1.1896,0.3402
1.0824,0.0006,0.7064,1.4199,0.3402
1.6037,0.0006,0.6196,1.5741,0.3680
1.0193,0.0005,1.0373,0.8800,0.3680
1.1406,0.0006,0.6324,1.1353,0.3563
1.4451,0.0006,0.6421,1.4039,0.3753
1.4888,0.0005,0.9406,1.6836,0.3421
1.5498,0.0005,0.6186,1.5580,0.3518
1.6555,0.0005,0.6229,1.5022,0.3327
2.1426,0.0005,0.9763,2.2235,0.3717
1.1783,0.0004,0.8280,0.8270,0.3491
1.2645,0.0003,1.1522,1.5173,0.3491
1.5073,0.0005,1.0025,1.6453,0.3500
1.5152,0.0005,0.6410,1.1994,0.3439
0.9399,0.0003,0.9001,1.1989,0.3439
1.4464,0.0004,0.9754,1.3411,0.3513
2.0235,0.0005,0.6502,2.1611,0.3634
1.0200,0.0004,0.6153,0.8495,0.3634
1.4719,0.0004,0.9461,1.4483,0.3512
1.4092,0.0004,0.6445,1.4122,0.3490
1.4846,0.0006,0.7860,1.5840,0.3319
1.4992,0.0006,1.1838,1.5234,0.3616
1.2007,0.0005,0.8333,1.2134,0.3709
1.2830,0.0004,0.7104,1.2736,0.3514
1.3993,0.0004,1.1067,1.3954,0.3533
1.3315,0.0003,0.6555,1.3485,0.3533
1.0796,0.0004,0.7029,0.9310,0.3408
1.4018,0.0004,1.1128,1.3483,0.3547
1.8982,0.0003,0.7672,2.0823,0.3474
0.9640,0.0004,0.5822,0.8345,0.3474
1.3926,0.0006,1.0690,1.2240,0.3536
1.4875,0.0004,0.9225,1.7631,0.3552
1.4255,0.0007,0.6318,1.4068,0.3522
1.3723,0.0006,1.0406,1.3514,0.3522
1.5599,0.0004,0.7900,1.5695,0.3541
1.2199,0.0005,0.6879,1.2374,0.3603
1.5125,0.0006,1.1164,1.3332,0.3352
1.3335,0.0004,0.9023,1.4940,0.3352
1.4706,0.0005,0.6223,1.4676,0.3393
1.2171,0.0004,0.9868,1.0430,0.3393
1.5845,0.0003,0.7201,1.5556,0.3568
1.3346,0.0003,0.6440,1.3930,0.3538
1.0828,0.0004,1.1012,1.0919,0.3538
1.3979,0.0005,0.6841,1.2791,0.3637
1.5976,0.0007,0.7736,1.6454,0.3637
1.5041,0.0005,1.4481,1.2835,0.3660
1.4837,0.0005,1.1646,1.5101,0.3714
1.5278,0.0005,0.8984,1.7649,0.3533
1.5325,0.0004,1.2036,1.3888,0.3359
1.3755,0.0003,0.8518,1.6345,0.3511
1.3440,0.0003,0.6308,1.3481,0.3510
1.2218,0.0003,0.9469,1.0903,0.3475
1.1931,0.0004,0.8379,1.2942,0.3475
1.5121,0.0004,0.6452,1.4655,0.3559
1.1720,0.0005,1.0084,1.0972,0.3559
1.8821,0.0006,0.6677,1.9585,0.3554
1.4730,0.0005,0.6429,1.4333,0.3554
1.7112,0.0005,1.1805,1.4909,0.3594
1.0839,0.0004,0.9392,1.3461,0.3594
1.3275,0.0004,0.6522,1.2175,0.3548
1.2517,0.0003,0.9829,1.2877,0.3494
1.3835,0.0004,0.6464,1.4493,0.3413
1.7771,0.0004,0.6218,1.7693,0.3405
1.4997,0.0004,1.1876,0.8220,0.3487
0.7509,0.0003,0.9127,1.2031,0.3501
1.5162,0.0003,0.6901,1.5969,0.3501
1.1784,0.0004,0.8621,1.1785,0.3467
1.2386,0.0004,0.6018,1.2354,0.3480
1.4257,0.0006,0.6145,1.3145,0.3501
1.5282,0.0006,1.0505,1.5221,0.3607
1.4152,0.0004,0.8543,1.4952,0.3634
1.9462,0.0004,0.7167,1.9088,0.3426
1.0351,0.0004,1.1905,0.8670,0.3606
1.0268,0.0003,0.6561,1.2102,0.3606
1.0821,0.0005,0.6230,1.0786,0.3461
1.5113,0.0004,0.9642,1.3962,0.3490
1.3793,0.0005,0.8275,1.2940,0.3437
0.8381,0.0005,1.0768,0.8842,0.3437
1.4242,0.0005,0.9623,1.5573,0.3324
1.4330,0.0004,0.6871,1.3629,0.3580
1.0881,0.0005,0.7803,1.1715,0.3451
1.4510,0.0005,1.0180,1.3742,0.3509
1.3955,0.0004,0.7111,1.2646,0.3747
1.3444,0.0005,0.7226,1.4132,0.3711
1.5751,0.0004,1.2291,1.2857,0.3519
1.0633,0.0003,1.0142,1.2710,0.3519
1.8582,0.0003,0.6263,2.0127,0.3748
1.1062,0.0003,0.9577,1.0212,0.3748
1.3252,0.0003,0.8017,1.4316,0.3420
1.2177,0.0004,0.6201,0.9637,0.3522
1.5601,0.0004,0.9692,1.6695,0.3483
1.1108,0.0003,0.8396,1.0317,0.3438
1.2839,0.0003,0.6369,1.4672,0.3475
1.4021,0.0007,0.9761,1.3731,0.3522
1.4949,0.0006,0.8298,1.4952,0.5336
1.5055,0.0007,1.3168,1.3012,0.3928
1.3001,0.0005,1.0345,1.5321,0.3444
1.6688,0.0005,0.6768,1.6715,0.3443
1.0779,0.0005,0.6272,1.0718,0.3443
1.3979,0.0004,0.9195,1.2741,0.3518
1.6579,0.0004,0.6205,1.7548,0.3699
1.3579,0.0004,0.6408,1.3311,0.3535
1.4627,0.0004,1.1483,1.4280,0.3495
0.9730,0.0004,0.7722,0.9498,0.3495
1.3834,0.0006,0.9248,1.3985,0.3469
2.0718,0.0007,1.0512,2.0562,0.5173
1.5098,0.0010,0.8081,1.5331,0.3705
1.3255,0.0004,0.7682,1.3211,0.3422
1.2372,0.0004,1.0619,1.2736,0.3497
1.1931,0.0004,0.6639,1.1635,0.3494
1.2579,0.0003,0.6443,1.2752,0.3421
1.2384,0.0003,0.9802,0.9763,0.3421
1.4730,0.0005,0.6562,1.7085,0.3504
1.6860,0.0004,0.6767,1.6335,0.3803
1.6107,0.0004,1.2391,0.8646,0.3478
0.6317,0.0003,1.1108,1.1373,0.3478
1.5165,0.0003,0.6016,1.3804,0.3430
2.0480,0.0003,1.0345,2.1461,0.3480
0.9452,0.0005,0.8814,1.0023,0.3860
1.1561,0.0005,0.7493,1.1695,0.3980
1.3964,0.0006,0.9905,1.3690,0.3451
1.2869,0.0009,0.7611,1.2248,0.3584
1.4977,0.0006,0.7244,1.5395,0.3535
1.2068,0.0006,1.0490,1.1572,0.3535
1.2480,0.0006,0.7904,1.3352,0.3554
1.3751,0.0163,0.6367,1.1587,0.3451
1.3029,0.0005,1.1166,1.2234,0.3408
1.3395,0.0003,0.8268,1.3769,0.3408
1.2720,0.0004,0.6597,1.5169,0.3568
1.6861,0.0004,1.0991,1.6429,0.3387
1.4924,0.0004,0.7473,1.0274,0.3647
1.0042,0.0003,1.4849,1.3550,0.3647
1.4859,0.0006,1.1702,1.3098,0.3534
1.1298,0.0004,1.0300,1.2644,0.3534
1.4743,0.0004,0.6250,1.6442,0.3391
1.5191,0.0004,0.9228,1.3773,0.3451
0.9661,0.0004,0.8228,1.0793,0.3451
1.7939,0.0005,0.7724,1.7857,0.3602
1.5243,0.0004,0.9160,1.5235,0.3575
0.9970,0.0003,0.6169,1.0058,0.3553
1.2460,0.0002,0.5931,1.2553,0.3419
1.2134,0.0003,0.8781,1.0413,0.3419
1.4777,0.0007,0.5773,1.5722,0.3543
1.6759,0.0005,0.7190,1.6153,0.3751
1.2938,0.0004,1.2127,1.3188,0.3729
1.4271,0.0006,0.7845,1.4433,0.3558
0.9318,0.0003,0.6971,0.9463,0.3558
1.4203,0.0005,0.9978,1.3502,0.3565
1.4654,0.0004,0.7107,1.5347,0.3660
1.0583,0.0003,0.6080,1.0514,0.3660
1.1802,0.0004,0.9689,1.1532,0.3661
1.4446,0.0005,0.7049,1.3687,0.3458
1.2395,0.0005,0.7514,1.2767,0.3577
1.6143,0.0005,1.3013,0.9096,0.3671
0.7866,0.0004,1.1635,0.9055,0.3671
1.3577,0.0004,0.6752,1.5550,0.3618
1.5647,0.0004,1.0653,1.5842,0.3798
1.3139,0.0005,0.7071,1.3033,0.3630
1.3041,0.0007,0.7234,1.2949,0.3523
1.2143,0.0004,1.0774,0.9449,0.3523
1.4413,0.0004,0.7591,1.5232,0.3409
1.4338,0.0004,0.6573,1.4645,0.3340
1.5409,0.0005,0.9766,1.6395,0.3330
1.5031,0.0006,0.6779,1.3577,0.3587
0.8418,0.0005,0.8617,1.0618,0.3587
1.2719,0.0004,0.9682,1.0933,0.3432
1.3705,0.0003,0.6206,1.5014,0.3521
2.1467,0.0004,0.6227,1.7017,0.3596
2.0446,0.0006,1.8505,0.9058,0.3466
0.8150,0.0006,1.3931,0.9058,0.3601
0.9761,0.0003,0.7658,1.2961,0.3558
1.0921,0.0004,1.1307,1.0516,0.3558
1.1895,0.0003,0.6801,1.2311,0.3604
1.4504,0.0003,0.5870,1.4163,0.3399
1.4646,0.0004,0.9039,1.3956,0.3441
1.5471,0.0004,0.6181,1.6240,0.3545
1.3595,0.0003,0.6404,1.1655,0.3373
1.5395,0.0004,0.9085,1.7052,0.3483
1.0928,0.0005,0.6167,1.1055,0.3421
1.2650,0.0007,0.6393,1.2484,0.3421
1.4635,0.0005,0.9975,1.3145,0.3808
1.5729,0.0006,0.7380,1.6779,0.3605
1.5321,0.0006,0.7143,1.5488,0.3547
1.6334,0.0004,1.0705,1.4490,0.3573
0.8558,0.0005,0.9124,1.0677,0.3573
1.5992,0.0005,0.8091,1.3457,0.3457
1.7188,0.0003,0.9830,1.6518,0.3463
1.2530,0.0004,0.8135,1.4913,0.3463
1.3208,0.0005,0.7157,1.2154,0.3379
1.1391,0.0005,1.1596,1.0806,0.3379
1.3391,0.0009,0.6717,1.5170,0.3492
2.4047,0.0006,0.6088,1.9731,0.3913
1.9424,0.0006,1.9244,0.8686,0.3575
0.7773,0.0005,1.1807,0.9049,0.3547
1.2187,0.0003,0.7092,1.3389,0.3547
1.1875,0.0004,1.0793,1.3316,0.3386
1.3376,0.0004,0.6489,1.2720,0.3446
16.0474,0.0008,15.4439,1.4695,0.3559
1.4194,0.0006,1.6921,1.4075,0.3559
1.4034,0.0010,1.1600,1.7459,0.3587
1.8989,0.0007,0.8296,1.7375,0.3502
1.2949,0.0006,1.3819,1.5275,0.3616
1.2652,0.0004,0.8221,1.2055,0.3616
1.8656,0.0007,0.7183,1.8351,0.3425
1.6206,0.0005,1.3634,1.4615,0.3425
1.8243,0.0006,1.0961,1.8468,0.3539
1.9406,0.0006,0.8258,2.0439,0.3559
1.2188,0.0004,1.2532,1.0210,0.3559
1.8624,0.0004,0.7964,2.1450,0.3552
1.5029,0.0004,0.6996,1.5152,0.3274
1.4861,0.0004,1.0444,1.3018,0.3274
2.0933,0.0012,0.7578,2.2255,0.3503
1.1348,0.0003,0.7636,0.9598,0.3503
2.0215,0.0005,1.1098,2.1314,0.3419
1.9836,0.0007,0.9314,2.0047,0.3668
1.3211,0.0007,0.9097,1.1398,0.3406
1.8450,0.0005,1.3076,1.8687,0.3517
2.0101,0.0007,0.8780,2.0922,0.3489
1.3176,0.0006,0.8683,1.1924,0.3489
1.5555,0.0005,1.1360,1.5761,0.3379
1.3765,0.0005,0.9138,1.4611,0.3379
1.8804,0.0005,0.7437,1.9090,0.3351
1.3704,0.0005,1.2391,1.3687,0.3351
2.0113,0.0008,0.7814,1.9380,0.3516
1.9112,0.0008,1.1978,1.9218,0.3649
1.6442,0.0009,1.4906,1.5282,0.3759
1.9353,0.0008,0.9814,1.8719,0.3405
1.7799,0.0007,0.9003,1.8704,0.3431
1.5216,0.0007,1.3970,1.6855,0.3431
2.0320,0.0009,0.8419,1.9753,0.3352
1.4586,0.0006,0.8878,1.2521,0.3352
1.7888,0.0006,1.2269,1.7584,0.3378
1.7691,0.0010,0.8497,2.0108,0.3460
1.7283,0.0008,0.8435,1.4646,0.3487
2.0748,0.0009,1.3531,2.1184,0.3678
1.4111,0.0007,1.1794,1.4047,0.3678
2.0682,0.0007,0.8380,2.2781,0.3488
1.3783,0.0006,1.1381,1.2966,0.3488
1.2584,0.0006,0.9548,1.3244,0.3427
1.3740,0.0005,0.9872,1.4032,0.3478
1.5842,0.0005,1.1301,1.5001,0.3351
1.4188,0.0008,0.8394,1.1967,0.3291
1.7572,0.0008,0.7342,1.9213,0.3466
1.4039,0.0010,1.2181,1.2985,0.3527
2.6147,0.0008,0.8574,2.6936,0.3639
1.3550,0.0005,0.9433,1.4692,0.3639
1.5557,0.0005,1.2220,1.5624,0.3385
1.5561,0.0005,0.7235,1.3710,0.3385
1.5518,0.0005,0.7226,1.6174,0.3406
1.6365,0.0005,1.0455,1.5957,0.3421
1.7443,0.0006,0.6843,1.8361,0.3440
1.1439,0.0005,0.7495,0.9550,0.3338
1.9292,0.0008,1.1182,2.0928,0.3506
1.3541,0.0015,0.8457,1.1861,0.3506
1.6453,0.0007,0.9719,1.7653,0.3477
1.8381,0.0008,1.2803,1.8578,0.3547
1.2003,0.0004,0.9420,1.2556,0.3471
1.3756,0.0006,0.7415,1.1800,0.3471
1.4392,0.0004,1.0253,1.5874,0.3526
1.7484,0.0005,0.6938,1.7754,0.3461
1.2402,0.0004,0.7148,1.2374,0.3461
1.7615,0.0005,1.0833,1.7542,0.3424
1.1573,0.0004,0.7805,1.1834,0.3424
1.3510,0.0004,0.6671,1.2760,0.3392
1.6701,0.0009,1.0325,1.6669,0.3632
1.4296,0.0006,0.7558,1.3747,0.3632
1.7280,0.0005,1.0072,1.6509,0.3747
1.8207,0.0007,1.6183,1.3179,0.3526
0.9085,0.0004,1.1389,1.3509,0.3526
1.6417,0.0005,0.7161,1.8125,0.3386
1.4504,0.0006,1.0790,1.1534,0.3491
2.0790,0.0006,0.7698,2.3259,0.3352
1.0904,0.0005,0.8025,0.9076,0.3352
2.1098,0.0004,1.1244,2.2996,0.3561
1.1008,0.0005,0.7622,0.9217,0.3584
1.5753,0.0005,0.8205,1.7538,0.3584
1.4266,0.0004,1.1476,1.1272,0.3741
2.1052,0.0004,0.9123,2.3613,0.3406
1.3734,0.0004,0.7629,1.3050,0.3487
1.4815,0.0004,1.1531,1.4756,0.3552
1.2585,0.0004,0.8946,1.1498,0.3552
1.8641,0.0004,0.9477,2.0544,0.3417
1.5086,0.0003,1.0439,1.3802,0.3420
1.2358,0.0005,0.7501,1.3587,0.3624
1.1950,0.0006,0.7117,1.0765,0.3508
1.8381,0.0004,1.1123,1.9572,0.3651
1.4792,0.0007,0.6737,1.1825,0.3651
2.4241,0.0008,0.8043,2.6053,0.3794
1.3072,0.0008,1.3570,1.3092,0.3445
1.1649,0.0004,0.8473,1.0563,0.3445
1.5717,0.0005,0.7083,1.5119,0.3453
1.8611,0.0005,1.0853,1.9381,0.3377
1.4053,0.0006,0.8486,1.5611,0.3483
1.3510,0.0005,0.8333,1.2940,0.3432
1.4184,0.0007,1.1348,1.2935,0.3432
1.5802,0.0005,0.8501,1.2824,0.3408
1.4428,0.0004,0.7238,1.8599,0.3446
1.9781,0.0004,1.0702,1.9660,0.3539
1.3918,0.0004,0.9138,1.2930,0.3539
1.5455,0.0005,0.7976,1.5989,0.3590
1.5939,0.0006,1.1039,1.6659,0.3432
1.5854,0.0005,0.8278,1.5916,0.3483
1.7174,0.0005,0.7695,1.6972,0.3577
1.2095,0.0004,1.0765,1.2342,0.3552
1.3367,0.0005,0.6811,1.3176,0.3582
1.2399,0.0005,0.6936,0.9773,0.3582
1.5549,0.0005,1.0270,1.5927,0.3591
1.1601,0.0004,0.9129,1.3949,0.3591
1.3986,0.0006,0.6935,1.3638,0.3673
1.6911,0.0005,1.1257,1.5589,0.3405
2.2676,0.0006,0.9459,2.2058,0.3589
1.2272,0.0003,1.0603,0.8792,0.3478
1.1057,0.0003,1.5020,1.3672,0.3452
1.4551,0.0004,0.7059,1.6668,0.3452
1.4079,0.0005,0.6991,1.4558,0.3595
1.4101,0.0008,1.0172,1.1215,0.3511
1.7327,0.0004,0.8979,1.9793,0.3459
1.2557,0.0004,0.7085,1.1761,0.3390
1.0816,0.0004,1.1308,1.1900,0.3390
1.2672,0.0003,0.6652,1.1159,0.3449
1.7503,0.0006,0.7762,1.7720,0.3449
1.8815,0.0006,1.2751,1.8992,0.3906
1.6803,0.0009,0.9961,1.7201,0.3693
1.1520,0.0004,0.8594,0.8777,0.3693
1.7489,0.0005,1.1545,1.8388,0.3701
1.0505,0.0006,0.9213,1.0861,0.3701
1.6106,0.0005,0.6784,1.7617,0.3634
1.5301,0.0005,0.9906,1.2638,0.3453
1.5438,0.0005,0.7303,1.8208,0.3336
1.5379,0.0004,0.6264,1.5387,0.3455
1.2468,0.0004,0.9577,1.0956,0.3455
1.4947,0.0005,0.8005,1.5042,0.3540
1.8900,0.0008,0.8044,1.8026,0.3590
1.6607,0.0005,1.5256,1.7186,0.3341
1.1305,0.0007,0.9219,1.1731,0.3341
1.3629,0.0006,0.7084,1.2784,0.3460
1.7530,0.0007,1.0276,1.8991,0.3633
1.2472,0.0008,0.7577,1.2663,0.3606
1.6613,0.0007,0.7097,1.5718,0.3575
1.4469,0.0006,1.1315,1.2286,0.3575
1.2428,0.0003,0.9007,1.4804,0.3516
1.7325,0.0005,0.6757,1.7424,0.3532
1.4403,0.0008,1.0874,1.4083,0.3532
1.9172,0.0007,0.9675,1.7732,0.3522
1.4470,0.0009,0.8575,1.6240,0.3721
1.4198,0.0004,1.2756,1.2223,0.3480
1.5385,0.0006,0.9610,1.5250,0.3671
1.3407,0.0006,0.8972,1.3192,0.3476
1.3158,0.0005,1.3072,1.5210,0.3476
1.3497,0.0004,0.7453,1.3664,0.3499
1.5500,0.0005,0.7221,1.3290,0.3413
1.3171,0.0004,1.2133,1.4077,0.3413
1.9394,0.0008,0.7655,1.9880,0.3630
1.4253,0.0009,0.8527,1.3611,0.3630
2.1427,0.0010,1.8165,1.7746,0.3690
1.3322,0.0007,1.4031,1.7385,0.3640
1.2038,0.0007,0.9262,1.1520,0.3640
1.6629,0.0005,1.4089,1.7309,0.3534
1.5871,0.0008,1.0286,1.5588,0.3386
1.6358,0.0006,0.8205,1.5412,0.3386
1.8522,0.0005,1.1672,1.8858,0.3588
1.9359,0.0004,0.9219,2.0173,0.3522
1.2958,0.0006,0.8135,1.1126,0.3522
2.0396,0.0008,1.1627,2.1407,0.3465
1.7099,0.0005,1.0111,1.7410,0.3753
1.4641,0.0005,0.9426,1.2893,0.3416
2.1406,0.0008,1.2241,2.2960,0.3725
1.8156,0.0006,0.9311,1.7830,0.3619
1.7400,0.0006,0.9557,1.7477,0.3337
1.2525,0.0006,1.2521,1.1864,0.3337
1.8281,0.0006,0.8311,1.7858,0.3390
1.7072,0.0006,0.9075,1.8210,0.3611
1.6052,0.0005,1.1597,1.5962,0.3602
1.9873,0.0009,0.8671,1.8713,0.3420
1.3957,0.0007,1.0882,1.4456,0.3420
1.8931,0.0009,1.5976,1.5658,0.3467
1.4618,0.0004,1.3757,1.8289,0.3446
1.3647,0.0006,0.9451,1.3419,0.3446
2.0097,0.0007,1.6195,1.9322,0.3301
1.5819,0.0009,0.9932,1.5860,0.3334
1.5356,0.0011,0.9779,1.5362,0.3506
2.1451,0.0008,1.3885,1.7825,0.3408
1.7091,0.0009,1.6140,2.0472,0.3408
1.5845,0.0009,1.0737,1.5190,0.3626
2.1838,0.0011,1.4837,2.2435,0.3774
1.3780,0.0005,1.0239,1.4038,0.3512
1.8866,0.0005,0.9394,1.8619,0.3417
1.3926,0.0007,1.2538,1.0851,0.3417
1.8360,0.0008,0.9329,1.9727,0.3426
2.3161,0.0007,1.0138,2.4729,0.3385
1.5517,0.0008,1.4846,1.3616,0.3494
1.3920,0.0005,1.0322,1.4625,0.3494
2.4869,0.0006,0.7653,2.3873,0.3587
2.0881,0.0009,1.8549,1.1383,0.3557
1.0843,0.0006,1.2712,1.7233,0.3446
1.6525,0.0006,0.8058,1.2776,0.3446
1.6604,0.0006,1.5067,1.7436,0.3679
1.5923,0.0004,1.0112,1.7959,0.3386
1.9853,0.0006,0.8053,1.9913,0.3523
1.4185,0.0009,1.3805,1.2412,0.3499
0.9968,0.0006,0.9837,1.0598,0.3499
2.0714,0.0005,0.7661,2.1979,0.3416
1.7273,0.0006,1.1887,1.7258,0.3581
1.2525,0.0005,0.9897,1.2868,0.3581
1.5627,0.0006,0.8524,1.4977,0.3490
1.5191,0.0004,1.2226,1.3688,0.3608
1.5184,0.0007,0.8166,1.7065,0.3409
1.7355,0.0005,0.8156,1.7405,0.3503
2.1476,0.0012,1.2013,2.0916,0.3400
1.2849,0.0007,0.9525,1.2556,0.3400
2.0439,0.0010,1.1478,2.0567,0.3366
1.8832,0.0007,1.4549,1.8345,0.3337
1.6667,0.0009,1.0326,1.7029,0.3377
1.1942,0.0006,0.8962,0.9410,0.3377
2.1930,0.0005,1.3562,2.4635,0.3511
1.4350,0.0004,0.8466,1.4297,0.3511
1.9915,0.0007,0.8088,1.9697,0.3502
1.7819,0.0006,1.2416,1.7744,0.3405
1.3761,0.0004,0.8939,1.4178,0.3405
1.6114,0.0005,0.7437,1.5053,0.3451
1.8747,0.0007,1.0918,1.9248,0.3378
1.5196,0.0006,0.8562,1.2739,0.3520
2.2440,0.0006,0.9153,2.4022,0.3551
1.4344,0.0004,1.2964,1.4787,0.3551
1.9426,0.0007,0.9759,1.9401,0.3510
1.2997,0.0007,0.8224,1.2368,0.3510
2.1832,0.0005,1.1479,2.1859,0.3633
1.2382,0.0004,0.9523,1.1339,0.3633
1.9220,0.0007,1.0076,1.9583,0.3497
2.0737,0.0007,1.7117,1.3263,0.3444
0.8156,0.0006,1.2654,1.1857,0.3444
1.2834,0.0006,0.7545,1.3598,0.3536
2.0142,0.0009,1.1214,2.1278,0.3342
2.0330,0.0006,1.0122,1.9215,0.3639
1.5707,0.0005,1.0944,1.7233,0.3483
1.5897,0.0003,1.2364,1.5949,0.3483
1.8842,0.0007,0.7827,1.6945,0.3380
2.4593,0.0005,0.8936,2.4631,0.3716
1.9929,0.0006,1.7016,0.8843,0.3451
0.8491,0.0006,1.3508,1.0728,0.3549
1.3474,0.0004,0.7410,1.6556,0.3549
1.8993,0.0007,1.0288,1.8663,0.3633
1.3502,0.0007,1.0639,1.2558,0.3633
2.1400,0.0009,1.0860,2.1845,0.3682
1.2469,0.0005,1.2165,0.9756,0.3682
1.2557,0.0006,0.8779,1.4027,0.3657
2.1668,0.0008,0.7283,2.2327,0.3526
1.4946,0.0006,1.3187,1.1070,0.3632
2.0040,0.0152,1.0294,2.3187,0.3464
1.5312,0.0008,1.0781,1.2065,0.3464
1.8701,0.0007,1.3989,2.1460,0.3352
2.2662,0.0012,0.8791,2.3175,0.3567
2.0659,0.0006,1.1361,1.9336,0.3762
1.5072,0.0007,1.5236,1.6035,0.3762
1.9676,0.0006,0.9849,2.0402,0.3372
1.6452,0.0005,0.9178,1.6829,0.3576
1.7875,0.0005,1.4835,1.3723,0.3472
0.9515,0.0003,1.1610,1.3760,0.3472
2.3514,0.0006,0.7390,2.2993,0.3469
1.3802,0.0005,1.1214,1.4272,0.3496
1.1949,0.0005,0.8296,0.9263,0.3496
2.0949,0.0006,0.7294,2.2540,0.3588
1.6816,0.0006,1.2835,1.7108,0.3668
2.1149,0.0008,0.9784,2.0163,0.3589
1.2907,0.0006,0.9942,1.1653,0.3589
2.1891,0.0007,1.5241,2.3403,0.3467
2.0691,0.0006,1.4609,2.1029,0.3716
0.9449,0.0006,1.1572,0.9946,0.3716
1.5889,0.0005,1.2009,1.5906,0.3414
1.6911,0.0006,0.7923,1.6774,0.3406
1.7887,0.0005,0.7563,1.7413,0.3519
1.4298,0.0006,1.1999,1.3539,0.3519
2.5573,0.0009,1.0327,2.4855,0.3743
1.3624,0.0009,1.1096,1.4656,0.3743
2.1476,0.0005,1.3699,2.0766,0.3477
1.6923,0.0007,1.0094,1.6554,0.3467
1.9032,0.0006,1.0175,1.8932,0.3368
1.3354,0.0004,1.3714,1.4683,0.3368
1.4375,0.0004,0.8797,1.2130,0.3542
1.5479,0.0005,0.8255,1.5964,0.3416
1.6536,0.0007,1.2219,1.8065,0.3364
1.6356,0.0007,0.8200,1.5083,0.3437
2.4682,0.0006,1.2316,2.4507,0.3707
1.4360,0.0004,1.4016,1.5400,0.3619
1.5354,0.0005,1.0128,1.5588,0.3508
1.7498,0.0004,0.8206,1.7330,0.3508
1.7921,0.0005,1.2378,1.7667,0.3477
1.4810,0.0005,0.9443,1.3068,0.3545
1.6917,0.0006,0.8416,1.5158,0.3425
1.7623,0.0005,1.2485,1.9905,0.3435
2.4226,0.0009,0.8899,2.4402,0.3547
1.4915,0.0006,0.9940,1.5421,0.3547
1.4823,0.0005,1.4250,1.4777,0.5741
1.9157,0.0006,0.9478,1.9412,0.3469
1.9175,0.0007,0.8236,1.8063,0.3475
1.4817,0.0005,1.3551,1.6015,0.3475
1.4417,0.0004,0.8221,1.1860,0.3570
1.8061,0.0006,0.8271,1.7557,0.3428
2.0411,0.0007,1.3625,2.2807,0.3424
1.6865,0.0008,1.0389,1.5179,0.3622
1.8404,0.0011,1.0412,1.8640,0.3622
2.0700,0.0007,1.5504,2.1649,0.3529
1.3537,0.0005,1.0638,1.3723,0.3529
1.6455,0.0008,1.1078,1.5453,0.3510
1.8155,0.0008,1.2095,1.6365,0.3324
2.3774,0.0009,0.8484,2.5989,0.3394
1.3073,0.0008,0.9793,1.0385,0.3454
1.6229,0.0008,1.5179,1.9474,0.3518
1.8981,0.0006,0.8983,1.8097,0.3499
1.4060,0.0006,0.8676,1.4348,0.3580
1.5918,0.0006,1.7138,1.5982,0.3580
1.6313,0.0006,1.0485,1.4727,0.3803
1.8688,0.0012,0.9587,1.8901,0.3657
1.6192,0.0004,1.3945,1.7858,0.3442
1.6072,0.0004,0.8486,1.6215,0.3398
1.8331,0.0005,0.7494,1.8012,0.3428
1.8286,0.0005,1.1076,1.8006,0.3600
1.6564,0.0005,0.9213,1.3577,0.3600
2.1914,0.0007,0.9244,2.3091,0.3335
1.9192,0.0010,1.6991,2.0142,0.3341
1.6621,0.0008,1.1240,1.7139,0.3523
1.3695,0.0006,1.0356,1.2694,0.3758
2.1965,0.0006,1.2693,2.2868,0.3703
1.4171,0.0004,0.8722,1.4304,0.3703
1.7607,0.0005,0.8156,1.7558,0.3438
1.7402,0.0007,1.1498,1.7471,0.3456
1.7484,0.0004,0.7778,1.7224,0.3392
2.1927,0.0009,0.7397,2.1569,0.3332
2.0082,0.0007,1.2322,1.9660,0.3469
1.4649,0.0006,1.0760,1.3148,0.3469
2.1725,0.0006,1.3128,2.3389,0.3427
1.5250,0.0005,1.2118,1.4649,0.3426
1.7373,0.0006,0.9364,1.7695,0.3426
1.6630,0.0004,0.8319,1.2550,0.3477
1.8036,0.0004,1.1355,1.9732,0.3388
1.6035,0.0006,0.8509,1.8502,0.3463
1.8247,0.0005,0.7938,1.6340,0.3286
2.0453,0.0010,1.4241,2.2028,0.3482
2.4078,0.0008,0.9039,2.1577,0.3709
1.0219,0.0008,1.1324,1.2989,0.3709
1.6164,0.0005,1.1508,1.3722,0.3504
1.7867,0.0006,0.8160,1.9922,0.3496
2.0757,0.0006,0.8032,1.9699,0.3431
1.7163,0.0008,1.4620,1.8186,0.3431
1.4242,0.0006,0.9336,1.3444,0.3508
2.1926,0.0006,0.8637,2.1346,0.3410
1.8590,0.0006,1.4262,1.9308,0.3379
2.0988,0.0011,0.9351,2.0415,0.3379
1.5318,0.0006,1.0805,1.3815,0.3739
1.8823,0.0008,1.3123,2.1348,0.3625
1.8170,0.0006,0.7947,1.7923,0.3403
1.8999,0.0005,0.7481,1.8929,0.3535
1.4973,0.0005,1.2199,1.4981,0.3535
2.2868,0.0007,0.8584,2.1921,0.3645
1.3439,0.0008,0.9552,1.4027,0.3645
2.1442,0.0010,1.2655,2.0157,0.3455
1.8186,0.0006,1.0362,1.4334,0.3455
2.3064,0.0008,1.0132,2.6947,0.3411
1.6245,0.0003,1.4029,1.6293,0.3393
2.1172,0.0008,0.9538,1.9957,0.3649
0.8862,0.0005,1.0272,1.1189,0.3649
2.1645,0.0011,1.1811,2.0757,0.3421
1.4875,0.0006,1.0348,1.2888,0.3421
1.9415,0.0007,1.3503,2.1076,0.3426
1.3297,0.0006,1.3257,1.2730,0.3426
1.9911,0.0009,0.8923,2.0645,0.3546
1.9295,0.0009,1.2871,1.8774,0.4113
1.5278,0.0004,1.4356,1.6060,0.3915
1.5536,0.0003,0.8894,1.5698,0.3915
1.4615,0.0006,0.7632,1.2254,0.3495
1.8782,0.0006,1.1259,2.0916,0.3403
1.4364,0.0006,0.9770,1.2248,0.3403
1.4710,0.0005,0.8345,1.6270,0.3489
1.3599,0.0006,1.2827,1.3487,0.3529
1.9846,0.0006,0.8653,2.0221,0.3551
1.5304,0.0005,0.8950,1.3285,0.3412
1.4159,0.0006,1.3640,1.5901,0.3412
1.4710,0.0006,0.8455,1.4593,0.5362
1.9786,0.0005,0.7738,1.9700,0.3499
1.2176,0.0005,1.1126,1.2673,0.3493
1.6956,0.0006,0.7554,1.6682,0.3436
1.6533,0.0007,0.7410,1.4271,0.3464
1.8265,0.0009,1.3506,1.9467,0.3471
1.0999,0.0004,0.9191,1.0592,0.3471
2.4153,0.0005,0.7751,2.4264,0.3460
1.2437,0.0006,1.2265,1.0932,0.3460
1.1753,0.0007,0.8233,1.3586,0.3535
1.6623,0.0011,0.8519,1.6527,0.3593
1.6061,0.0006,1.5033,1.5067,0.3593
1.9062,0.0005,0.8600,2.0410,0.3418
1.7325,0.0007,0.7820,1.3354,0.3398
2.3719,0.0006,1.2042,2.5462,0.3478
1.1448,0.0006,1.0828,1.2762,0.3478
1.4925,0.0006,0.8161,1.4209,0.3599
1.3711,0.0004,1.1158,1.3409,0.3353
1.4455,0.0003,0.7513,1.4582,0.3399
2.2497,0.0007,0.6891,2.3539,0.3534
1.6785,0.0005,1.1481,1.7222,0.3717
1.5474,0.0005,0.8555,1.4880,0.3717
1.9782,0.0003,0.7413,1.9945,0.3415
1.4444,0.0006,1.1304,1.4605,0.3415
1.1666,0.0005,0.8333,1.0193,0.3691
1.9154,0.0004,0.8821,1.9822,0.3588
1.5350,0.0005,1.1595,1.3870,0.3588
1.4940,0.0005,0.7957,1.6774,0.3384
1.5622,0.0006,0.7539,1.5789,0.3634
1.9750,0.0006,1.1200,1.9528,0.3445
1.7092,0.0009,0.8299,1.6596,0.3609
1.6805,0.0005,0.9317,1.7275,0.3402
2.4269,0.0006,1.1665,1.4307,0.3402
1.4054,0.0006,0.9467,2.3046,0.3682
2.0782,0.0005,0.8703,2.0492,0.3560
1.1564,0.0004,1.2100,1.0021,0.3662
1.5432,0.0004,0.7629,1.8001,0.3662
1.5360,0.0006,0.6961,1.5107,0.3471
1.7688,0.0006,1.1790,1.7964,0.3354
1.5301,0.0008,0.8267,1.2319,0.3496
1.9675,0.0005,0.8664,2.2078,0.3624
1.3484,0.0004,1.2679,1.3949,0.3689
1.5921,0.0005,0.8194,1.4670,0.3584
1.4634,0.0006,0.8523,1.5330,0.3706
1.4717,0.0005,1.1443,1.2927,0.3481
1.4462,0.0008,0.8490,1.4411,0.3481
1.9964,0.0005,0.7373,2.1525,0.3512
1.2548,0.0004,1.1612,1.2488,0.3512
2.1572,0.0004,0.8344,2.1868,0.3430
1.1432,0.0004,0.7415,1.0068,0.3430
1.8659,0.0012,1.1202,1.9584,0.3970
1.7871,0.0008,0.8878,1.7780,0.3970
1.6315,0.0008,0.9026,1.5060,0.3773
1.7525,0.0006,1.3854,1.8687,0.3563
1.3554,0.0007,0.8045,1.3607,0.3371
2.4120,0.0006,0.7198,2.2414,0.3536
1.2400,0.0005,1.3430,0.8826,0.3506
1.2194,0.0006,0.8707,1.5837,0.3456
1.5078,0.0006,0.6690,1.4889,0.3456
1.7596,0.0003,1.0375,1.7628,0.3401
1.7783,0.0006,0.7585,1.5984,0.3914
1.4964,0.0005,1.1987,1.6272,0.3914
1.5381,0.0006,1.4377,1.4979,0.3779
1.6732,0.0005,0.7726,1.4651,0.3574
1.6920,0.0004,0.7596,1.5293,0.3467
2.0756,0.0005,1.2077,2.4767,0.3616
0.8600,0.0004,0.7950,0.9082,0.3616
2.0789,0.0003,0.7105,2.0124,0.3528
1.5179,0.0004,1.1708,1.4200,0.3528
2.2760,0.0005,0.7293,2.1828,0.3351
1.2245,0.0009,0.9732,1.1574,0.3351
2.1718,0.0006,1.3424,2.3498,0.3466
0.8448,0.0004,0.9234,0.8540,0.3466
1.8167,0.0010,0.7651,1.8267,0.3474
1.5779,0.0003,1.1206,1.5587,0.3474
1.9127,0.0005,0.7252,1.9556,0.3377
1.8903,0.0005,0.6987,1.8542,0.3377
1.7454,0.0004,1.1199,1.5528,0.3330
1.7784,0.0004,0.6917,1.8648,0.3372
1.9718,0.0008,0.7347,2.0157,0.3478
1.6106,0.0007,1.2714,1.6242,0.3406
2.0656,0.0004,0.9293,2.1023,0.3751
1.5510,0.0003,0.7592,1.5686,0.3751
1.8561,0.0003,1.0230,1.8585,0.3523
1.5577,0.0003,0.6780,1.2084,0.3291
1.7826,0.0006,0.8344,2.0862,0.3434
1.9336,0.0005,1.1551,1.9316,0.3434
1.0518,0.0005,0.7997,0.9072,0.3434
1.3633,0.0005,0.8849,1.5273,0.3434
1.4459,0.0004,1.0028,1.3490,0.3409
1.9423,0.0005,0.7464,1.8903,0.3432
1.5946,0.0006,1.0138,1.5546,0.3693
2.1945,0.0006,1.2365,2.0517,0.3544
1.6165,0.0005,0.9515,1.7843,0.3544
1.7627,0.0005,0.7321,1.5760,0.3441
1.4615,0.0003,1.1091,1.5566,0.3344
2.0377,0.0003,0.7808,2.2253,0.3471
1.4573,0.0006,0.6710,1.3343,0.3471
1.6445,0.0006,1.0713,1.7210,0.3546
1.9721,0.0009,0.9225,1.5935,0.3630
1.6586,0.0005,1.1875,2.0172,0.3630
1.2999,0.0005,1.2260,1.0781,0.3543
1.6817,0.0005,0.7477,1.9079,0.3674
1.3171,0.0006,0.6954,1.3301,0.3325
1.2054,0.0005,1.0303,1.2122,0.3325
1.5232,0.0004,0.7048,1.5211,0.3528
1.7564,0.0005,0.6293,1.7229,0.3511
1.6958,0.0007,0.9886,1.7158,0.3493
1.4601,0.0005,0.6529,1.4618,0.3493
1.8906,0.0005,0.6312,1.8646,0.3581
1.6345,0.0006,1.1585,1.5099,0.3581
2.0784,0.0007,0.9004,2.0113,0.3799
1.4206,0.0005,1.0327,1.5785,0.3799
1.5138,0.0003,1.1248,1.4824,0.3455
1.3578,0.0003,0.7413,1.3918,0.3511
1.9044,0.0005,0.6820,1.8562,0.3407
1.2753,0.0005,1.1406,1.0780,0.3407
2.0102,0.0007,0.8113,2.2122,0.3436
1.7422,0.0005,0.9149,1.7165,0.3436
1.4417,0.0004,1.1767,1.2528,0.3646
1.4906,0.0006,0.8114,1.6380,0.3441
1.8603,0.0007,0.8310,1.8673,0.5195
1.9885,0.0005,1.5712,1.3292,0.3775
1.0392,0.0004,1.3633,1.0317,0.3536
0.8813,0.0003,1.0298,0.9143,0.3387
1.5424,0.0003,1.1456,1.8030,0.3588
1.1485,0.0005,0.7903,0.9225,0.3588
1.3541,0.0005,0.8137,1.6649,0.3446
1.3406,0.0005,0.9570,1.3367,0.3601
1.2034,0.0007,0.6647,1.1163,0.3601
2.0647,0.0006,0.6932,2.0897,0.3548
1.3421,0.0005,1.0764,1.3713,0.3451
1.6621,0.0007,0.7686,1.3203,0.3451
1.7099,0.0006,0.9598,1.9658,0.3686
1.7708,0.0006,1.4001,1.7124,0.3503
1.1325,0.0004,1.1687,0.8654,0.3503
1.5908,0.0004,0.7067,1.7260,0.3548
1.4361,0.0004,1.1535,1.4930,0.3439
1.4559,0.0003,0.6842,1.4063,0.3438
1.8435,0.0004,0.6137,2.0449,0.3641
1.5249,0.0003,1.4296,1.2519,0.3438
1.3388,0.0004,0.9315,1.5688,0.3438
1.7630,0.0007,0.5940,1.5507,0.3394
2.0245,0.0006,1.0939,2.2247,0.3831
1.4962,0.0005,0.8719,1.5355,0.3831
1.7945,0.0007,0.7663,1.7769,0.3390
1.1652,0.0005,1.1183,0.7873,0.3390
1.5547,0.0005,0.7443,1.7069,0.3338
1.9231,0.0009,0.7122,2.0403,0.3356
1.5021,0.0004,1.1720,1.4444,0.3356
1.9261,0.0006,0.8245,1.9853,0.3403
1.7669,0.0003,0.7835,1.6807,0.3403
1.5292,0.0008,1.0331,1.4506,0.3339
2.2860,0.0006,0.7498,2.3647,0.3754
1.1338,0.0004,0.8569,1.1717,0.3754
1.5027,0.0003,1.0618,1.3460,0.3491
1.5861,0.0004,0.6601,1.6880,0.3663
1.8243,0.0005,0.6693,1.9091,0.3548
1.3603,0.0005,1.0089,1.3137,0.3315
1.1130,0.0005,0.7615,0.9411,0.3498
1.5466,0.0004,0.7159,1.7293,0.3507
1.2700,0.0005,1.1029,1.2296,0.3493
1.9104,0.0006,0.6907,1.9099,0.3422
1.5314,0.0008,0.6754,1.5120,0.3422
2.0193,0.0005,1.1439,2.0185,0.3825
1.2684,0.0004,0.7964,1.1682,0.3368
1.4288,0.0007,0.8001,1.3359,0.3523
1.2211,0.0003,1.1307,1.4492,0.3523
1.3569,0.0004,0.6586,1.2169,0.3495
1.4153,0.0005,0.8590,1.3874,0.3602
1.5639,0.0004,1.1373,1.5417,0.3422
1.0111,0.0004,0.8608,0.9965,0.3591
1.3248,0.0004,0.9036,1.3387,0.3591
1.2870,0.0002,0.9608,1.3165,0.3441
1.4068,0.0003,0.6071,1.4282,0.3557
1.0176,0.0003,0.7199,1.1140,0.3557
1.5160,0.0006,1.0149,1.4553,0.3677
1.6761,0.0005,0.9036,1.5331,0.3414
1.3800,0.0003,0.7488,1.4012,0.3448
1.3364,0.0006,1.2744,1.3876,0.3529
1.6929,0.0004,0.7675,1.6220,0.3437
1.5368,0.0004,0.7504,1.7119,0.3500
1.3095,0.0005,0.9455,1.3040,0.3449
1.2664,0.0004,0.6467,1.2791,0.3757
1.2223,0.0004,0.6680,1.1059,0.3335
1.3299,0.0003,0.9837,1.4356,0.3609
1.5338,0.0005,0.7001,1.4823,0.3663
1.7764,0.0005,0.7105,1.5456,0.3546
1.5049,0.0005,1.0856,1.7502,0.3440
1.2339,0.0004,0.7654,1.1453,0.3440
2.2848,0.0006,0.6544,2.0438,0.3320
1.1380,0.0004,1.6716,0.7876,0.3412
0.7353,0.0004,0.7275,1.0792,0.3566
1.2531,0.0004,0.6186,1.2386,0.3438
1.1897,0.0004,0.9304,0.9461,0.3438
1.2890,0.0004,0.6365,1.4765,0.3315
1.6482,0.0006,0.6171,1.6305,0.3416
0.9784,0.0004,0.9922,0.8750,0.3560
1.2133,0.0003,0.6505,1.2119,0.3560
1.8881,0.0006,0.6526,1.5344,0.3457
1.5961,0.0005,1.2116,1.8007,0.3899
1.2640,0.0005,1.0675,1.5226,0.3899
1.5863,0.0004,0.7472,1.4670,0.3454
1.4283,0.0003,1.4119,1.2790,0.3562
1.3082,0.0003,0.7768,1.5888,0.3446
1.8424,0.0004,0.6448,1.7141,0.3653
1.0352,0.0003,1.1129,0.8950,0.3608
1.1600,0.0003,0.6464,1.2416,0.3608
1.4482,0.0004,0.6374,1.4687,0.3553
1.4106,0.0005,0.9266,1.5203,0.3626
1.3149,0.0003,0.6147,1.3397,0.3497
2.1519,0.0006,0.6114,2.0670,0.3934
1.2625,0.0005,1.3623,1.1192,0.3934
1.5839,0.0007,0.8037,1.6147,0.3785
1.7252,0.0006,0.6726,1.6687,0.3423
1.8804,0.0005,1.0741,2.0908,0.3544
1.3120,0.0007,0.6999,1.2414,0.3544
1.3187,0.0004,0.7162,1.3469,0.3529
1.2570,0.0004,0.9890,1.2960,0.3529
1.1541,0.0005,0.7365,1.0822,0.3430
1.3265,0.0006,0.7125,1.3944,0.3575
1.2944,0.0004,0.9608,1.1004,0.3528
1.7234,0.0007,0.6830,1.6580,0.3424
1.4431,0.0006,0.8337,1.6317,0.3890
1.2470,0.0004,1.3222,1.0844,0.3499
1.6837,0.0004,0.7254,1.8812,0.3447
1.1723,0.0004,0.6305,0.8462,0.3447
1.3407,0.0004,0.9847,1.5695,0.3562
1.5237,0.0003,0.6723,1.6191,0.3610
1.4957,0.0004,0.5916,1.3457,0.3506
0.9737,0.0004,1.1039,0.8460,0.3476
1.2551,0.0004,0.6307,1.3751,0.3476
1.1045,0.0010,0.7387,1.2368,0.3421
1.4065,0.0005,0.9332,1.4040,0.3645
1.2493,0.0005,0.6073,0.9770,0.3645
2.0486,0.0004,0.6673,2.2352,0.3689
1.6673,0.0005,1.3796,1.0448,0.3473
0.9664,0.0003,1.0879,1.3951,0.3473
1.4197,0.0004,0.7600,1.5746,0.3437
1.3792,0.0004,0.8765,1.3417,0.3444
1.6830,0.0004,0.6058,1.7086,0.3641
1.1579,0.0004,0.5926,1.0039,0.3641
1.4827,0.0003,1.1063,1.4082,0.3422
1.6138,0.0004,0.7530,1.5726,0.3401
1.2819,0.0004,0.5801,1.5452,0.3559
1.4882,0.0005,0.9129,1.4632,0.3620
1.0364,0.0006,0.8049,1.0266,0.3620
1.6275,0.0003,0.8945,1.4253,0.3748
1.2976,0.0005,0.9938,1.3738,0.3449
1.4500,0.0003,0.6598,1.4716,0.3481
1.0380,0.0003,0.7244,1.0595,0.3481
1.4700,0.0003,0.8862,1.4029,0.3395
1.3432,0.0003,0.6048,1.3472,0.3610
1.6670,0.0006,0.5980,1.4076,0.3543
1.5968,0.0005,0.8949,1.9823,0.3553
1.0108,0.0004,0.6231,1.0269,0.3553
1.2946,0.0005,0.6055,1.0710,0.3527
1.1935,0.0005,1.1275,1.3579,0.3527
1.6788,0.0006,0.6319,1.3112,0.3521
1.0820,0.0005,1.1491,1.3209,0.3611
1.6070,0.0004,1.2630,1.3083,0.3567
0.5693,0.0003,1.0609,1.0546,0.3567
1.1389,0.0004,0.5622,1.1009,0.3592
1.4511,0.0003,0.8665,1.4551,0.3470
1.3045,0.0004,0.6199,1.2036,0.3497
1.1317,0.0005,0.8061,0.9659,0.3472
0.9489,0.0003,1.3309,0.9546,0.3472
1.4226,0.0003,0.6635,1.4695,0.3581
1.1250,0.0004,0.8739,1.1692,0.3581
1.3824,0.0004,0.8576,1.4822,0.3683
1.4941,0.0004,0.9618,1.3828,0.3419
1.4642,0.0007,0.7372,1.1870,0.3419
1.7357,0.0007,1.0132,2.0138,0.3544
1.4993,0.0004,0.8347,1.5909,0.3668
1.4130,0.0006,0.7376,1.3272,0.3388
1.1277,0.0005,1.0783,0.9930,0.3388
1.6596,0.0003,0.6596,1.8999,0.3552
1.5070,0.0003,0.6453,1.1864,0.3502
1.2623,0.0005,0.9517,1.5269,0.3496
1.3774,0.0007,0.6711,1.3998,0.3428
1.4767,0.0008,0.6478,1.3013,0.3557
1.5962,0.0006,1.0092,1.7587,0.3635
1.3596,0.0006,0.6853,1.3689,0.3464
1.5339,0.0006,0.7305,1.2752,0.3802
1.2588,0.0004,1.3105,1.4994,0.3802
1.6264,0.0004,0.6904,1.6270,0.3527
1.2463,0.0006,0.6369,1.1971,0.3429
1.3628,0.0007,0.9926,1.0934,0.3429
1.4103,0.0006,0.7576,1.7151,0.3447
1.2312,0.0005,0.7908,0.9504,0.3646
1.3536,0.0006,1.1200,1.4953,0.3646
1.4699,0.0005,0.6387,1.5768,0.3522
1.5364,0.0005,0.6663,1.5332,0.3459
1.1318,0.0004,0.9975,1.0303,0.3459
1.5267,0.0003,0.7260,1.4633,0.3575
1.9380,0.0007,0.6675,2.0277,0.3482
1.3427,0.0006,1.1623,1.3776,0.3724
1.2352,0.0005,0.8014,1.2649,0.3373
1.3444,0.0004,0.6848,1.3456,0.3429
1.4123,0.0004,1.1379,1.4071,0.3497
1.1416,0.0003,0.8836,1.1544,0.3444
1.5335,0.0005,0.6129,1.5178,0.3651
1.7081,0.0005,1.2243,0.8571,0.3539
0.7273,0.0005,1.1434,1.1630,0.3539
1.3512,0.0004,0.7036,1.5851,0.3724
1.7771,0.0004,1.0055,1.7530,0.3512
1.2017,0.0004,0.6029,1.2172,0.3430
1.0418,0.0005,0.7109,1.0292,0.3430
1.4504,0.0008,0.9569,1.4006,0.3659
1.3838,0.0004,0.7461,1.4161,0.3830
1.3388,0.0005,0.6654,1.3267,0.3492
1.4233,0.0005,0.9483,1.4202,0.3492
1.0969,0.0003,0.6731,1.1163,0.3537
1.1803,0.0003,0.5997,1.0250,0.3532
1.1960,0.0004,0.9703,1.2524,0.3588
1.6616,0.0004,0.7746,1.7069,0.3497
1.3054,0.0004,0.7433,1.2807,0.3576
1.2774,0.0004,1.0660,1.2920,0.3469
1.5241,0.0004,0.7713,1.4079,0.3453
1.5219,0.0005,0.7567,1.6047,0.3450
1.6245,0.0004,1.0993,1.6291,0.3538
1.2742,0.0003,0.9066,1.1393,0.3629
1.4773,0.0003,0.7309,1.5130,0.3517
1.0446,0.0003,1.0943,1.1898,0.3517
1.3321,0.0003,0.6654,1.3144,0.3646
1.5234,0.0005,0.6208,1.3181,0.3345
1.1120,0.0006,1.2238,1.3067,0.3345
1.3138,0.0004,0.6783,1.0584,0.3524
1.4321,0.0005,0.6471,1.4796,0.3405
1.5540,0.0006,0.9421,1.5530,0.3543
1.4969,0.0005,0.6808,1.4755,0.3537
1.2955,0.0007,0.8787,1.3288,0.3537
1.8090,0.0006,1.0266,1.6804,0.3502
0.8824,0.0007,1.0066,1.1575,0.3502
1.1420,0.0005,0.7738,1.1445,0.3548
1.0449,0.0004,0.9410,1.0478,0.3339
1.1997,0.0005,0.6456,1.0463,0.3435
0.9264,0.0004,0.8404,1.0701,0.3435
1.7645,0.0007,1.0241,1.7453,0.5563
1.2121,0.0004,0.6688,1.2305,0.3485
1.1124,0.0003,0.6129,1.1261,0.3510
1.3552,0.0003,0.8654,1.0570,0.3510
1.3496,0.0004,0.6089,1.6299,0.3403
1.0750,0.0003,0.5967,0.9152,0.3515
0.9781,0.0003,1.0150,1.1274,0.3466
1.2708,0.0008,0.5941,1.0321,0.3466
1.3959,0.0005,0.8219,1.5054,0.3592
1.3517,0.0005,1.1186,1.4382,0.3709
1.5800,0.0005,0.7473,1.3097,0.3448
1.5278,0.0006,0.8582,1.7313,0.3548
1.0799,0.0004,1.3897,0.8795,0.3603
1.0009,0.0004,0.7265,1.1286,0.3603
1.5489,0.0007,0.6212,1.5903,0.3412
1.2348,0.0003,1.0092,1.1374,0.3631
1.5707,0.0003,0.6859,1.5830,0.3451
1.4489,0.0006,0.6735,1.4650,0.3493
1.0742,0.0004,1.1244,1.2161,0.3493
1.4146,0.0005,0.6791,1.3618,0.3503
1.6347,0.0006,0.6794,1.5945,0.3546
1.5852,0.0006,1.0894,1.4477,0.3681
0.9291,0.0005,0.9393,1.1373,0.3681
1.3442,0.0004,0.6382,1.3405,0.3494
1.3293,0.0004,0.9284,1.0902,0.3616
1.1074,0.0004,0.7848,1.3024,0.3616
1.2456,0.0004,0.6982,1.2634,0.3513
0.9994,0.0004,1.0578,0.9897,0.3491
1.3545,0.0004,0.6394,1.3106,0.3621
1.2509,0.0003,0.6401,1.3067,0.3351
1.4456,0.0004,0.9353,1.2192,0.3421
1.5718,0.0005,0.6551,1.5700,0.3395
1.5523,0.0006,0.8071,1.7006,0.3395
1.4587,0.0004,1.1620,1.4824,0.3700
1.3088,0.0003,0.8351,1.1277,0.3700
1.3969,0.0004,0.7481,1.5433,0.3495
1.5059,0.0003,1.0193,1.4386,0.5474
1.3962,0.0004,0.6919,1.5206,0.3522
1.4594,0.0004,0.6260,1.4458,0.3530
1.3681,0.0003,0.9698,1.3444,0.3530
1.3886,0.0003,0.5790,1.4190,0.3454
1.3893,0.0003,0.6123,1.3987,0.3454
1.1389,0.0003,0.8773,0.9755,0.3516
1.3354,0.0003,0.6047,1.4779,0.3307
1.5575,0.0006,0.5810,1.2738,0.3390
1.6246,0.0005,1.1104,1.8042,0.6335
1.2666,0.0004,0.8143,1.3209,0.3761
1.2287,0.0005,0.7032,1.1486,0.3447
1.3982,0.0004,0.9691,1.4960,0.3529
1.0551,0.0004,0.6590,1.0651,0.3543
1.2754,0.0004,0.6495,1.2711,0.3542
1.6204,0.0005,1.1262,1.2235,0.3393
0.9737,0.0004,1.1442,1.1703,0.3393
1.3300,0.0003,0.6617,1.5069,0.3311
1.3722,0.0004,0.9576,1.1906,0.3524
1.1321,0.0003,0.6654,1.3090,0.3453
1.2893,0.0004,0.6263,1.1863,0.3503
1.3970,0.0004,1.0132,1.3645,0.3491
1.7566,0.0005,0.8454,1.8239,0.3713
1.3321,0.0006,0.8287,1.1732,0.3583
1.4378,0.0004,1.0302,1.4456,0.3536
1.3495,0.0003,0.6791,1.5415,0.3442
1.3042,0.0004,0.6176,1.2983,0.3529
1.2364,0.0005,0.9942,1.0013,0.3529
1.3080,0.0005,0.6367,1.5453,0.3272
1.3556,0.0005,0.6491,1.3445,0.3337
1.2909,0.0003,1.1291,1.2522,0.3537
1.3614,0.0003,0.6822,1.3351,0.3553
1.4826,0.0003,0.6933,1.3277,0.3608
1.7243,0.0005,1.0615,1.6726,0.3689
2.0444,0.0004,0.9472,2.2376,0.3709
1.2223,0.0005,0.7182,1.2511,0.3603
1.0078,0.0004,1.0262,0.9168,0.3469
1.2505,0.0005,0.6481,1.3336,0.3469
1.5133,0.0005,0.6388,1.5117,0.3482
1.2877,0.0004,0.9930,1.2752,0.3482
1.8380,0.0003,0.6501,1.8366,0.3413
1.1855,0.0004,0.6360,1.1967,0.3469
0.9800,0.0005,0.9604,0.9781,0.3469
1.3899,0.0005,0.6516,1.2228,0.3564
1.6569,0.0007,0.6192,1.6590,0.3600
1.6696,0.0006,1.1987,1.4789,0.3600
1.6140,0.0005,1.0296,1.7515,0.3610
1.4599,0.0006,0.9343,1.4506,0.3408
1.2715,0.0003,1.1582,1.4611,0.3408
1.3296,0.0004,0.6691,1.0658,0.3362
1.3621,0.0005,0.6162,1.4618,0.3607
1.2862,0.0004,1.1102,1.1078,0.3607
1.4764,0.0006,0.6874,1.6839,0.3473
1.0550,0.0005,0.7931,1.0300,0.3473
1.7683,0.0005,0.9313,1.7540,0.3430
1.2586,0.0005,0.7770,1.3941,0.3430
1.3571,0.0004,0.6354,1.2338,0.3496
1.6089,0.0005,1.0778,1.7169,0.3469
1.5812,0.0006,0.7489,1.5571,0.5216
1.2848,0.0005,0.7110,1.2171,0.3308
1.4393,0.0003,1.0060,1.5218,0.3429
1.3091,0.0004,0.6548,1.2749,0.3643
1.4375,0.0006,0.6172,1.4201,0.3586
1.4273,0.0005,1.1731,1.3065,0.3400
1.3444,0.0005,0.9488,1.3061,0.3347
1.6284,0.0006,0.8053,1.7477,0.3529
1.1142,0.0004,1.0772,1.0475,0.3529
1.3320,0.0004,0.7307,1.3906,0.3577
1.9497,0.0007,0.6420,1.9213,0.3446
1.9924,0.0006,1.2514,2.0166,0.3574
1.1350,0.0004,0.9348,1.1866,0.3574
1.6105,0.0003,0.6961,1.4788,0.3532
1.3896,0.0003,0.9501,1.4842,0.3499
1.3549,0.0004,0.6569,1.2282,0.3472
1.3632,0.0004,0.6259,1.4885,0.3544
1.7191,0.0003,0.9407,1.7531,0.3677
1.3168,0.0003,0.6198,0.8525,0.3677
1.3136,0.0003,0.7402,1.7712,0.3478
1.5302,0.0004,1.0325,1.5146,0.3491
1.9592,0.0007,0.6413,1.8786,0.3617
1.6686,0.0007,0.7583,1.7005,0.3636
1.3621,0.0007,1.1470,1.3935,0.3649
1.1979,0.0004,0.6813,1.2111,0.3484
0.9981,0.0005,0.6799,0.9967,0.3484
1.5035,0.0005,1.1202,1.4479,0.3540
1.2599,0.0004,0.6398,1.1855,0.3446
1.4287,0.0005,0.7885,1.4090,0.3609
1.3167,0.0004,1.0190,1.4329,0.3609
1.6745,0.0005,1.0734,1.2978,0.3471
1.4612,0.0006,0.9556,1.7572,0.3547
1.4952,0.0007,1.0022,1.5535,0.3689
1.6693,0.0009,0.7022,1.5934,0.3585
2.0349,0.0007,0.8685,1.7138,0.3724
1.6107,0.0006,1.4616,1.9856,0.3724
1.6586,0.0003,0.7502,1.6603,0.3561
1.8134,0.0003,0.6666,1.8174,0.3405
1.3165,0.0005,0.9896,1.3092,0.3465
1.2621,0.0003,0.7330,1.1434,0.3465
1.3977,0.0004,0.6774,1.4948,0.3426
1.6656,0.0004,1.0051,1.3914,0.3515
1.5134,0.0003,0.6938,1.6311,0.3449
1.9665,0.0005,0.6410,2.0502,0.3365
1.4743,0.0003,1.1243,1.5084,0.3653
1.3258,0.0003,0.7679,1.3392,0.3341
1.3959,0.0004,0.6577,1.3287,0.3528
1.5715,0.0003,1.0221,1.4632,0.3469
1.0760,0.0003,0.8392,0.9399,0.3469
1.1663,0.0004,0.7128,1.4553,0.3431
1.3873,0.0004,1.1692,1.1221,0.3512
1.5217,0.0004,0.7210,1.5929,0.3483
1.4724,0.0003,0.6572,1.4573,0.3403
1.2942,0.0003,0.9611,1.5043,0.3562
1.3631,0.0005,0.6600,1.1658,0.3477
1.9963,0.0010,0.6639,1.5696,0.3936
1.8774,0.0009,1.7426,0.8952,0.3573
0.7380,0.0005,1.2700,0.8952,0.3616
1.0907,0.0003,0.6392,1.2424,0.3616
1.5689,0.0004,0.8870,1.5325,0.3487
1.3272,0.0004,0.6240,1.4827,0.3469
1.4540,0.0004,0.6089,1.4407,0.3569
0.9918,0.0003,0.9622,0.7668,0.3569
1.1695,0.0003,0.6521,1.4050,0.3405
1.4022,0.0005,0.5755,1.1763,0.3503
1.6407,0.0006,1.5172,1.1234,0.3531
0.6547,0.0004,0.9396,0.8490,0.3531
1.1898,0.0003,0.5841,1.3497,0.3312
1.7990,0.0006,0.9443,1.7473,0.3496
1.3288,0.0005,0.8312,1.3684,0.3415
1.2144,0.0004,0.6974,1.2068,0.3645
1.2965,0.0004,0.9915,1.3244,0.3645
1.2238,0.0003,0.6392,0.9750,0.3377
1.4113,0.0004,0.6809,1.6362,0.3445
1.2611,0.0003,0.9823,1.1422,0.3538
1.4821,0.0005,0.7175,1.3657,0.3606
1.1924,0.0005,0.6789,1.4084,0.3580
1.2623,0.0004,0.9851,1.1162,0.3491
1.1585,0.0005,0.7858,1.1274,0.3630
1.4302,0.0004,0.7924,1.2242,0.3630
1.6314,0.0007,1.3677,1.8794,0.3440
1.3552,0.0006,0.9523,1.3162,0.3845
1.3125,0.0005,0.7912,1.4174,0.3786
1.4729,0.0004,1.1869,1.5275,0.3507
1.3906,0.0004,0.6460,1.3280,0.3497
1.3908,0.0005,0.6714,1.3556,0.3470
1.5523,0.0004,0.9638,1.3593,0.3718
1.7275,0.0004,0.6814,2.0000,0.3421
1.4171,0.0003,0.6455,1.2189,0.3484
1.5892,0.0003,0.9479,1.7695,0.3476
1.2095,0.0003,0.6873,1.2051,0.3507
1.5081,0.0005,0.6583,1.4811,0.3507
1.7836,0.0003,1.0260,1.7907,0.3580
1.3956,0.0006,0.7950,1.3346,0.3543
1.4237,0.0003,0.7457,1.4474,0.3481
1.5016,0.0003,1.0299,1.4476,0.3613
1.0927,0.0003,0.7569,1.1620,0.3613
1.3805,0.0003,0.6253,1.2810,0.3363
1.4507,0.0004,0.9686,1.5175,0.3440
1.4552,0.0005,0.6655,1.3103,0.3652
1.1831,0.0004,0.6167,1.2017,0.3540
1.2855,0.0004,0.9203,1.4411,0.3645
1.4142,0.0004,0.6223,1.3286,0.3712
1.8056,0.0007,0.6899,1.3762,0.3624
1.4663,0.0007,1.6316,1.5090,0.3624
1.5596,0.0008,1.0561,1.5864,0.3551
1.5703,0.0006,1.0354,1.9114,0.3771
1.0627,0.0004,1.1559,1.0874,0.3771
1.3218,0.0004,0.6599,1.3452,0.3512
1.1325,0.0004,0.6179,1.1186,0.3512
1.4454,0.0004,1.0259,1.3980,0.3557
1.3081,0.0004,0.6644,1.3034,0.3490
1.3362,0.0003,0.6315,1.3771,0.3576
1.2644,0.0005,1.0195,1.2709,0.3576
1.1561,0.0004,0.6932,1.1614,0.3522
1.4887,0.0006,0.6929,1.4382,0.3374
1.7173,0.0007,1.0580,1.7179,0.3618
1.0501,0.0006,0.7965,1.0745,0.3618
1.3423,0.0006,0.6883,1.1828,0.3498
1.3030,0.0006,0.9777,1.3455,0.3548
0.9818,0.0006,0.7675,1.0899,0.3548
1.3245,0.0008,0.6597,1.1276,0.3553
1.4852,0.0004,0.9801,1.4951,0.3487
1.2098,0.0003,0.7181,1.2612,0.3404
1.3803,0.0003,0.6378,1.4770,0.3535
1.3887,0.0003,0.9429,1.2410,0.3528
1.2441,0.0003,0.6423,1.4189,0.3563
1.1659,0.0004,0.6829,1.0689,0.3563
1.6970,0.0007,0.9609,1.3537,0.3477
1.7992,0.0013,0.9467,2.0101,0.3770
1.3100,0.0006,0.9843,1.3708,0.3770
1.4517,0.0006,1.0400,1.5839,0.3462
1.0235,0.0004,0.6587,1.0411,0.3462
1.2188,0.0004,0.5791,1.0678,0.3447
1.3861,0.0004,0.9135,1.3184,0.3556
1.1064,0.0002,0.7466,1.1153,0.3556
1.1111,0.0003,0.6042,1.3154,0.3476
1.1775,0.0003,0.8742,1.1668,0.3518
1.3074,0.0004,0.6194,1.1573,0.3526
1.2136,0.0004,0.5801,1.3075,0.3440
1.3792,0.0005,0.8770,1.3717,0.3461
1.3781,0.0004,0.8157,1.3193,0.3460
1.7530,0.0005,1.0750,1.5233,0.3862
1.3860,0.0003,1.1034,1.4325,0.3794
1.5619,0.0004,0.7275,1.7906,0.3421
1.2456,0.0005,0.6827,1.0403,0.3421
1.4410,0.0002,1.1547,1.5316,0.3491
1.2415,0.0006,0.7650,1.3597,0.3527
1.3091,0.0006,0.7490,1.0718,0.3627
1.6076,0.0004,1.1626,1.5911,0.3384
1.2429,0.0003,0.8256,1.4840,0.3475
1.1487,0.0006,0.7091,1.1452,0.3475
2.0279,0.0009,1.1552,1.9067,0.3522
1.4551,0.0005,1.1009,1.4964,0.3727
1.7546,0.0006,0.8865,1.7065,0.3817
1.5551,0.0007,1.2174,1.3556,0.3511
2.0865,0.0006,0.8353,2.3053,0.3498
1.2980,0.0006,0.8615,1.3217,0.3423
1.5481,0.0004,1.2005,1.5481,0.3336
1.2262,0.0004,0.8211,1.0347,0.3336
1.7569,0.0006,0.7104,1.6106,0.3577
1.8961,0.0008,1.6339,1.9011,0.3431
1.0921,0.0004,1.1281,1.4282,0.3526
1.3753,0.0007,0.7165,1.2469,0.3526
2.1727,0.0008,1.5776,2.1447,0.3843
1.4884,0.0004,0.9537,1.6104,0.3843
1.7725,0.0004,0.7566,1.6410,0.3534
1.4833,0.0007,1.2286,1.6106,0.3534
1.9261,0.0005,0.7761,1.9223,0.3364
1.2826,0.0006,0.7427,1.1418,0.3364
1.4910,0.0006,1.0600,1.4387,0.3623
1.5280,0.0007,0.7082,1.5820,0.3684
1.3628,0.0007,0.8176,1.4694,0.3644
1.7139,0.0006,1.0282,1.6713,0.3514
1.6690,0.0004,0.8264,1.6679,0.3608
1.8200,0.0006,0.8236,1.8156,0.3476
1.2390,0.0005,1.2089,1.1713,0.3476
1.5124,0.0008,0.8048,1.3761,0.3402
1.7033,0.0006,0.9087,1.8894,0.3602
1.5036,0.0005,1.1736,1.5174,0.3388
1.6478,0.0006,0.8161,1.3995,0.3388
1.8716,0.0006,0.8310,1.8107,0.3506
1.7050,0.0008,1.4690,1.7676,0.3445
1.9463,0.0006,0.9737,2.0175,0.3472
1.5267,0.0006,1.1269,1.5246,0.3578
2.0145,0.0006,1.4233,2.0962,0.3672
2.0253,0.0006,0.9736,1.8705,0.3405
1.5962,0.0006,1.0410,1.5633,0.3559
1.5963,0.0005,1.3902,1.5105,0.3559
1.8112,0.0009,0.8589,2.0182,0.3404
1.6250,0.0008,0.9017,1.6845,0.3449
1.8888,0.0005,1.2823,1.7546,0.3332
1.6611,0.0005,0.9963,1.8047,0.3332
1.6401,0.0006,0.8010,1.2308,0.3560
1.9962,0.0006,1.2588,2.3722,0.3813
1.5349,0.0007,0.9884,1.5272,0.3480
1.2599,0.0005,0.8441,1.2113,0.3480
2.2450,0.0006,1.1286,2.1553,0.3677
0.9657,0.0008,1.0078,0.7759,0.3476
1.9052,0.0006,0.8629,2.0672,0.3476
1.7226,0.0004,1.1311,1.5455,0.3714
1.7296,0.0007,0.7885,1.7582,0.3425
1.4838,0.0005,0.8906,1.3894,0.3397
1.5875,0.0005,1.2885,1.9812,0.3397
1.7650,0.0005,0.8565,1.7442,0.3666
1.6835,0.0005,0.7927,1.7121,0.3634
1.6804,0.0007,1.0398,1.6524,0.3518
1.4738,0.0004,0.7095,1.5017,0.3409
1.4757,0.0006,0.6623,1.3675,0.3409
1.9064,0.0006,1.2017,1.9175,0.3413
1.9138,0.0005,0.8987,1.9167,0.3434
1.3812,0.0007,0.8766,1.3992,0.3434
1.8292,0.0006,1.1088,1.7112,0.3533
1.8813,0.0008,0.9114,1.8497,0.3558
1.3571,0.0008,1.0038,1.4557,0.3766
1.4818,0.0005,1.2557,1.4850,0.3766
1.5242,0.0003,0.7733,1.4420,0.3454
1.3835,0.0004,0.9127,1.1729,0.3454
1.3531,0.0004,1.3345,1.6766,0.3514
1.4007,0.0005,0.7372,1.2487,0.3415
1.9374,0.0005,0.7156,2.0722,0.3506
1.1041,0.0004,1.0761,0.8425,0.3506
1.6171,0.0004,0.7419,1.7939,0.3642
1.3676,0.0006,0.7395,1.4384,0.3458
1.8085,0.0007,1.1012,1.7535,0.3395
1.7775,0.0007,0.8796,1.7052,0.3625
1.6896,0.0006,0.9157,1.6499,0.3574
1.7208,0.0005,1.2566,1.7475,0.3533
1.6635,0.0006,0.9917,1.6728,0.3512
1.3673,0.0009,0.8474,1.2495,0.3512
1.5511,0.0004,1.0549,1.6719,0.3606
1.5423,0.0005,0.7624,1.4273,0.3357
1.7461,0.0004,0.7441,1.6602,0.3450
1.4327,0.0005,1.2526,1.6418,0.3450
2.0179,0.0007,0.7217,1.9810,0.3461
1.5284,0.0007,0.8543,1.5534,0.3500
2.0529,0.0009,1.5899,2.0200,0.3566
1.2584,0.0007,1.3123,1.2820,0.3709
1.9915,0.0007,1.0018,2.0006,0.3482
1.4176,0.0006,1.2461,1.2910,0.3482
1.7919,0.0005,0.8671,1.9026,0.3565
1.7005,0.0005,0.8333,1.4682,0.3565
1.7903,0.0005,1.2205,2.0046,0.3446
1.5875,0.0006,0.8919,1.4012,0.3446
2.1914,0.0012,0.8681,2.2415,0.5232
1.4661,0.0007,1.4419,1.3280,0.3803
1.4787,0.0006,0.9468,1.6607,0.3803
1.4931,0.0006,0.7666,1.5532,0.3533
1.9134,0.0008,1.1127,1.7769,0.3425
1.9452,0.0008,1.0065,2.0336,0.3472
1.8462,0.0005,0.9527,1.8611,0.3362
1.8048,0.0008,1.5336,1.3134,0.3419
0.8545,0.0006,1.2049,1.0688,0.3423
1.4222,0.0004,0.7219,1.6710,0.3423
2.1084,0.0010,1.0453,2.0131,0.3498
1.4479,0.0008,1.0351,1.4842,0.3498
1.8036,0.0008,1.0071,1.8178,0.3764
2.0901,0.0007,1.2117,1.7242,0.3356
1.9281,0.0008,0.9374,2.2931,0.3428
1.4051,0.0006,0.8485,1.1583,0.3358
1.8772,0.0006,1.1012,2.1371,0.3432
1.3083,0.0007,0.7844,1.1619,0.3432
1.6207,0.0005,0.7435,1.5320,0.3450
1.8276,0.0006,1.2543,2.0519,0.3448
1.5556,0.0006,0.9839,1.3106,0.3448
2.1768,0.0005,0.9846,2.3345,0.5185
2.0810,0.0007,1.2622,1.9754,0.3733
2.0118,0.0009,1.1394,2.1098,0.3383
1.6043,0.0006,1.1648,1.5479,0.3383
1.8135,0.0007,1.2770,1.8336,0.3469
1.7776,0.0005,0.8907,1.8596,0.3542
1.7400,0.0006,0.8068,1.7326,0.3482
1.5915,0.0006,1.1728,1.3083,0.3433
2.1647,0.0010,0.8696,2.2162,0.3650
1.7711,0.0007,1.0991,1.9155,0.3867
1.3571,0.0007,1.3701,1.4212,0.3867
1.1938,0.0007,0.8570,1.1797,0.3416
1.7310,0.0006,0.7679,1.5374,0.3395
1.9774,0.0009,1.1650,2.1590,0.3554
1.8681,0.0011,0.8334,1.8629,0.3402
1.5577,0.0006,0.7891,1.5859,0.3413
1.3856,0.0006,1.0683,1.3662,0.3413
1.8158,0.0004,0.9829,1.4507,0.3386
2.1191,0.0006,0.7745,2.3743,0.3408
1.8023,0.0006,1.3302,1.7732,0.3557
1.4177,0.0007,0.9673,1.2897,0.3557
1.6801,0.0005,1.2891,1.4334,0.3605
1.6090,0.0007,1.1014,2.0679,0.3353
1.8198,0.0008,0.8349,1.8058,0.3463
1.4528,0.0005,0.7917,1.4663,0.3463
1.4995,0.0006,1.1000,1.3616,0.3498
1.1853,0.0005,0.8802,1.3297,0.3498
1.4777,0.0006,0.6763,1.4707,0.3453
1.4131,0.0007,1.0085,1.2900,0.3461
2.0566,0.0008,0.7944,2.0331,0.3415
1.2079,0.0007,1.0343,1.2315,0.3749
1.6260,0.0006,1.4262,1.7104,0.3501
1.3333,0.0006,0.7844,1.2553,0.3472
1.7166,0.0005,0.8614,1.3991,0.3501
1.4298,0.0004,1.2575,1.8308,0.3501
1.6046,0.0004,0.7426,1.3907,0.3411
1.6301,0.0007,0.7765,1.7653,0.3391
1.3183,0.0004,1.3375,1.3154,0.3526
1.6247,0.0006,0.8154,1.5499,0.3441
1.9605,0.0007,0.7087,1.9556,0.3411
1.3547,0.0008,1.2684,1.3003,0.3529
1.6552,0.0007,0.9133,1.6101,0.3495
1.2351,0.0006,0.9060,1.4380,0.3495
1.4710,0.0005,1.0940,1.4629,0.3363
1.5188,0.0010,0.7567,1.2717,0.3363
1.7545,0.0008,0.7663,1.9337,0.3499
1.5905,0.0004,1.1956,1.6626,0.3498
1.3124,0.0005,0.7572,1.1432,0.3587
1.5601,0.0004,0.7301,1.6767,0.3717
1.4072,0.0007,1.0367,1.4342,0.3545
1.2509,0.0008,0.7137,1.1663,0.3383
1.6642,0.0008,1.0105,1.6792,0.3759
1.4929,0.0005,1.3374,1.3852,0.3572
1.7688,0.0005,0.8807,1.8972,0.3489
1.1625,0.0003,0.7237,1.1714,0.3489
1.6561,0.0004,1.0351,1.6415,0.3490
1.1984,0.0005,0.7541,0.9895,0.3490
1.8760,0.0179,0.7320,1.8626,0.3400
1.3924,0.0005,1.2493,1.3506,0.3400
2.0314,0.0004,0.7335,2.1503,0.3334
1.2462,0.0004,0.9282,1.2153,0.3334
1.5302,0.0006,1.3213,1.6404,0.3496
2.0283,0.0005,0.8581,2.0544,0.3549
1.6756,0.0006,0.7793,1.4952,0.3379
1.1172,0.0004,1.2755,1.3244,0.3318
1.2677,0.0007,0.6961,1.1838,0.3318
1.4382,0.0008,0.6530,1.4648,0.3734
1.2672,0.0005,1.2169,1.0350,0.3603
1.3014,0.0007,0.8147,1.4211,0.3603
1.6461,0.0005,0.7877,1.6681,0.3589
1.5907,0.0008,1.2803,1.6813,0.3518
1.7873,0.0009,0.7867,1.7723,0.3420
1.0800,0.0007,0.7583,0.7928,0.3420
1.9452,0.0006,1.2985,1.9373,0.3471
2.0034,0.0007,1.2040,2.1314,0.3502
1.1633,0.0006,0.9821,1.1660,0.3519
1.4960,0.0006,1.4610,1.3290,0.3519
1.8154,0.0008,0.9333,2.0686,0.3717
1.3440,0.0007,0.9397,1.3639,0.3481
1.7477,0.0006,1.1910,1.7444,0.3699
1.3165,0.0005,0.7889,1.0230,0.3699
1.7587,0.0006,0.7374,1.8376,0.3482
1.3993,0.0010,1.0718,1.6190,0.3432
1.7573,0.0008,0.7616,1.6825,0.3621
1.3766,0.0009,0.8674,1.4137,0.3577
1.6384,0.0008,1.1213,1.3063,0.3577
2.2052,0.0007,0.7865,2.4792,0.3462
1.3499,0.0007,0.8456,1.3459,0.3591
1.8478,0.0009,1.2738,1.8673,0.3554
1.4409,0.0008,0.8793,1.4537,0.3626
1.1202,0.0009,0.7696,0.9653,0.3626
2.0675,0.0006,1.1344,2.1271,0.3511
1.4225,0.0004,0.8884,1.4934,0.3500
1.3051,0.0005,0.7653,1.2854,0.3740
2.0235,0.0007,1.4725,1.1959,0.3787
1.2836,0.0007,1.3472,2.0675,0.3476
1.3415,0.0004,0.9224,1.3481,0.3408
1.3829,0.0006,1.1062,1.4039,0.3633
1.1834,0.0006,0.7267,1.1827,0.3410
1.2754,0.0005,0.6950,1.1387,0.3410
1.3298,0.0006,1.0883,1.4322,0.3560
1.1678,0.0005,0.7828,1.1732,0.3386
1.3979,0.0006,0.7311,1.1893,0.3573
1.5179,0.0006,1.1782,1.5905,0.3481
1.0476,0.0005,0.9081,1.1353,0.3481
1.4189,0.0003,0.7176,1.4163,0.3608
1.5773,0.0006,1.3707,1.3635,0.3583
2.0472,0.0006,0.9167,2.1445,0.3684
1.6360,0.0004,0.9275,1.5452,0.3687
1.7405,0.0006,1.2984,1.9068,0.3495
1.3895,0.0007,0.8505,1.3490,0.3495
1.7248,0.0008,0.8487,1.7348,0.3588
1.9497,0.0006,1.1956,1.8685,0.3474
1.1538,0.0004,0.9774,1.2922,0.3474
1.9278,0.0006,0.7374,1.7898,0.3455
1.6665,0.0006,1.1902,1.7488,0.3455
1.9665,0.0009,0.9445,1.8523,0.3661
1.6857,0.0004,1.0782,1.4820,0.3661
1.6674,0.0005,1.3263,1.9790,0.3398
1.7014,0.0007,0.8441,1.6803,0.3448
1.9045,0.0005,0.7661,1.8933,0.3408
1.8058,0.0007,1.1628,1.8168,0.3502
1.6027,0.0004,0.8533,1.6112,0.3608
1.2507,0.0006,0.7199,1.2547,0.3608
1.8876,0.0007,1.0433,1.8703,0.3501
1.7888,0.0010,0.7571,1.7079,0.3735
1.6642,0.0004,0.9178,1.7242,0.3735
1.5832,0.0005,1.2522,1.4680,0.3537
1.8009,0.0004,0.9480,1.9029,0.3371
1.7962,0.0005,0.7513,1.7511,0.3604
1.5585,0.0006,1.1652,1.6036,0.3572
1.0148,0.0004,0.7966,0.8140,0.3572
2.0902,0.0005,0.7188,2.2386,0.3414
1.5788,0.0003,1.1299,1.5952,0.3414
2.0482,0.0006,0.8321,2.0475,0.3386
2.0280,0.0007,0.7670,1.9142,0.3521
1.5899,0.0006,1.4245,1.6263,0.3855
1.4542,0.0004,0.9379,1.5207,0.3855
1.2761,0.0004,0.7819,1.2767,0.3658
1.3940,0.0005,1.0750,1.3431,0.3460
1.1897,0.0005,0.8056,1.1582,0.3534
1.2481,0.0004,0.6866,1.3029,0.3396
1.4552,0.0005,1.0438,1.2578,0.3575
1.9242,0.0005,0.7917,1.8829,0.3430
1.8161,0.0006,0.8950,2.0352,0.3430
1.3560,0.0007,1.1075,1.3301,0.3432
1.6556,0.0008,0.8873,1.4478,0.3545
2.2005,0.0008,0.8817,2.3930,0.3457
1.1973,0.0008,1.2052,1.0585,0.3457
1.2389,0.0006,0.8098,1.1536,0.3532
1.4091,0.0005,0.7383,1.6566,0.3439
1.3692,0.0005,1.0576,1.0845,0.3485
1.4233,0.0005,0.7737,1.4787,0.3404
1.0323,0.0004,0.9083,1.0572,0.3404
1.3047,0.0005,1.0133,1.5059,0.3507
1.3874,0.0004,0.6768,1.1700,0.3546
1.3010,0.0004,0.6862,1.5153,0.3539
1.5373,0.0004,1.0760,1.5133,0.3568
1.2072,0.0005,0.7594,1.0606,0.3568
2.1349,0.0006,0.8197,2.1851,0.3636
1.2806,0.0005,1.2496,1.2066,0.3636
1.4602,0.0004,0.8358,1.4448,0.3532
1.9702,0.0003,0.6988,2.0864,0.3509
1.1506,0.0006,1.1096,1.1276,0.3557
1.3812,0.0005,0.8758,1.4346,0.3557
1.7716,0.0004,0.7911,1.7526,0.3356
1.6703,0.0007,1.0970,1.3065,0.3596
1.5199,0.0004,0.9565,1.8444,0.3596
1.5011,0.0007,0.7323,1.3276,0.3657
1.8182,0.0007,1.1585,1.8643,0.3628
1.7054,0.0006,0.9182,1.8117,0.3522
1.6089,0.0005,0.8362,1.6285,0.3522
1.5596,0.0006,1.1405,1.3271,0.3435
1.4761,0.0005,0.7793,1.6909,0.3367
1.4881,0.0005,0.7625,1.4794,0.3371
1.5484,0.0005,1.1321,1.5439,0.3511
1.3942,0.0004,0.8162,1.4016,0.3511
1.8357,0.0005,0.8868,1.8032,0.3517
1.7127,0.0006,1.1618,1.6938,0.3492
1.5687,0.0007,0.9771,1.5165,0.3492
1.4929,0.0006,0.9172,1.5248,0.3556
1.7999,0.0007,1.4471,0.9924,0.3453
0.7368,0.0006,1.1928,1.1601,0.3453
1.3191,0.0005,0.6883,1.3024,0.3450
1.7959,0.0006,1.0225,2.0198,0.3427
1.5458,0.0005,0.7943,1.5637,0.3400
1.3989,0.0007,0.6724,1.3826,0.3503
1.5033,0.0004,1.0901,1.4991,0.3503
1.3526,0.0005,0.8080,1.1837,0.3488
2.1699,0.0007,0.6797,2.2308,0.3442
1.9770,0.0008,1.5744,1.4454,0.3796
1.2159,0.0007,1.2283,1.8081,0.3574
1.8151,0.0005,0.7364,1.7767,0.3587
2.0655,0.0006,1.1414,2.0454,0.3409
1.4013,0.0005,0.8414,1.4238,0.3409
1.9333,0.0006,0.7326,1.8697,0.3385
1.2954,0.0003,1.2185,1.1290,0.3385
2.2675,0.0007,0.8767,2.3999,0.3397
1.6286,0.0006,0.8743,1.6850,0.3604
2.4368,0.0008,1.1902,2.3232,0.3544
1.6938,0.0007,1.0757,1.7605,0.3520
1.1258,0.0010,1.2825,1.1623,0.3520
2.0760,0.0005,1.1831,2.0600,0.3613
1.3373,0.0004,0.7638,1.2663,0.3613
2.1315,0.0006,0.8002,2.0343,0.3559
1.3346,0.0004,1.2981,1.4877,0.3517
1.7885,0.0003,0.8195,1.7808,0.3382
1.6379,0.0003,0.6780,1.5560,0.3575
1.6454,0.0004,1.0875,1.6758,0.3568
1.2310,0.0005,0.7857,1.1763,0.3568
2.0674,0.0005,0.7359,1.7973,0.3500
1.7392,0.0004,1.1906,1.7653,0.3681
2.0951,0.0005,0.7719,2.2564,0.3323
1.5899,0.0005,0.8461,1.7252,0.3563
1.7939,0.0005,1.1050,1.7893,0.3606
1.2586,0.0004,0.7670,1.1482,0.3606
1.4427,0.0004,0.7136,1.4578,0.3419
1.3587,0.0004,0.9575,1.3085,0.3611
1.9276,0.0004,0.6583,2.0565,0.3343
1.4295,0.0003,0.6350,1.3679,0.3544
1.9188,0.0005,1.3972,1.3337,0.3731
1.1103,0.0003,1.3397,1.6289,0.3731
1.5166,0.0004,0.7998,1.4521,0.3439
1.4835,0.0006,1.1120,1.5416,0.3537
1.4539,0.0005,1.0671,1.5237,0.3468
1.5366,0.0005,0.7265,1.3837,0.3607
1.4106,0.0005,1.0593,1.5144,0.3552
1.6202,0.0005,0.7101,1.3911,0.3459
1.5882,0.0004,0.6576,1.5241,0.3620
1.8545,0.0007,1.4372,1.5403,0.3270
0.8051,0.0006,1.2049,1.1580,0.3270
1.4014,0.0004,0.7361,1.5798,0.3733
1.6320,0.0006,1.1735,1.5425,0.3910
1.7787,0.0009,0.8442,1.7584,0.3716
1.4211,0.0006,0.9710,1.4127,0.3489
1.5590,0.0005,1.4272,1.6050,0.3421
1.2598,0.0005,1.0247,1.2805,0.3421
1.4682,0.0003,0.6699,1.4845,0.3315
1.5180,0.0006,0.9944,1.5916,0.3480
1.2268,0.0003,0.7022,1.1294,0.3480
1.6476,0.0003,0.7000,1.5534,0.3497
1.4780,0.0006,1.0269,1.6303,0.3428
1.4148,0.0007,0.9651,1.3799,0.3758
1.8107,0.0004,1.1362,1.8061,0.3491
1.3886,0.0005,1.1234,1.0048,0.3491
1.5633,0.0006,0.9716,1.9616,0.3518
1.7677,0.0006,0.7636,1.6672,0.3624
1.5765,0.0005,1.1846,1.6744,0.3499
1.2333,0.0004,0.7765,1.2402,0.3499
1.4400,0.0005,0.7675,1.3867,0.3587
1.1047,0.0005,1.0607,1.1441,0.3587
1.7808,0.0006,0.6775,1.7665,0.3638
1.2452,0.0006,0.7922,0.9695,0.3638
2.0470,0.0007,1.2234,2.2583,0.3641
1.3988,0.0007,1.4675,1.4230,0.3641
1.7151,0.0007,0.7930,1.6823,0.3615
1.6397,0.0005,1.4652,1.2817,0.3409
1.7082,0.0007,1.2839,2.0532,0.3524
1.3186,0.0004,0.8223,1.2743,0.3524
1.6274,0.0005,1.3495,1.2616,0.3406
1.2446,0.0003,1.0839,1.3675,0.3406
1.7939,0.0004,0.6654,2.0572,0.3493
1.3052,0.0004,1.0439,1.1829,0.3368
1.8064,0.0004,0.6596,1.9227,0.3452
1.4943,0.0006,0.7624,1.3477,0.3457
1.6053,0.0005,1.2241,1.6298,0.3595
1.2210,0.0005,0.9205,1.1254,0.3595
1.8724,0.0004,0.6887,2.0806,0.3606
1.3005,0.0005,0.9603,1.1488,0.3399
1.4430,0.0005,0.6370,1.6296,0.3369
1.5142,0.0004,0.6001,1.3050,0.3560
2.1376,0.0004,0.9590,2.2915,0.3420
0.9897,0.0004,0.6435,1.0246,0.3357
1.2768,0.0005,0.6226,1.1846,0.3357
1.3622,0.0006,1.0173,1.3382,0.3430
1.5392,0.0005,0.8695,1.5591,0.3678
1.8933,0.0004,0.8029,1.9018,0.3541
1.4146,0.0005,1.0253,1.4667,0.3541
1.4827,0.0008,0.6431,1.2669,0.3517
1.4442,0.0006,0.8009,1.5714,0.3517
1.3746,0.0004,1.0385,1.2309,0.3624
1.4139,0.0004,0.7056,1.4666,0.3377
1.2322,0.0004,0.6429,1.3743,0.3472
1.3161,0.0003,0.9362,1.1244,0.3525
1.5541,0.0004,0.7495,1.5316,0.3376
0.9313,0.0003,0.8942,1.0180,0.3376
1.6619,0.0006,0.8902,1.7097,0.3574
2.0754,0.0005,0.7460,2.0566,0.3637
1.5999,0.0005,0.8647,1.6462,0.3654
1.2992,0.0005,1.0280,1.2834,0.3654
1.4922,0.0004,0.6655,1.4227,0.3559
1.8119,0.0003,0.6466,1.8842,0.3597
1.4138,0.0005,0.9682,1.4031,0.3560
1.0615,0.0004,0.6729,0.8907,0.3560
1.3633,0.0003,0.6148,1.3935,0.3364
1.6123,0.0004,0.9667,1.7226,0.3383
1.6734,0.0006,0.6497,1.6553,0.3437
2.1996,0.0007,0.6699,2.1348,0.3648
1.1203,0.0009,1.1835,0.9277,0.3648
1.5412,0.0007,0.7639,1.5368,0.3679
1.6469,0.0007,0.8065,1.8914,0.3440
1.3885,0.0005,0.9823,1.3825,0.3440
1.3542,0.0004,0.6479,1.1555,0.3343
1.2924,0.0005,0.6446,1.4823,0.3420
1.5999,0.0004,0.9258,1.4988,0.3428
1.2102,0.0005,0.7266,1.2228,0.3428
1.1014,0.0004,0.6666,1.0938,0.3534
1.4547,0.0005,0.9720,1.4971,0.3465
1.2396,0.0003,0.7435,1.2266,0.3550
1.9168,0.0010,0.7962,1.6582,0.3539
1.7319,0.0005,1.4815,1.6583,0.3612
1.1252,0.0004,1.1497,1.4671,0.3612
1.6255,0.0004,0.7125,1.3035,0.3504
1.7363,0.0004,0.9560,1.7013,0.3462
1.6555,0.0006,0.6573,1.8650,0.3493
1.4605,0.0005,0.7833,1.6099,0.3363
1.1999,0.0004,0.9835,1.1271,0.3363
1.9359,0.0005,0.6105,1.9913,0.3518
1.0002,0.0005,0.7648,0.9203,0.3518
1.6200,0.0005,1.1313,1.4105,0.3545
2.2021,0.0004,0.6675,2.4288,0.3494
1.4920,0.0003,0.7942,1.5134,0.3676
1.4869,0.0004,1.2230,0.8461,0.3604
0.6721,0.0003,0.9636,1.1252,0.3604
1.8104,0.0003,0.5821,1.5269,0.3506
1.3811,0.0004,0.9536,1.6762,0.3425
1.3756,0.0004,0.6164,1.3470,0.3546
1.3127,0.0004,0.6242,1.3089,0.3567
1.5268,0.0005,1.0787,1.1748,0.3465
0.9651,0.0003,1.1815,1.2666,0.3465
1.1295,0.0004,0.8500,1.1588,0.3537
1.3928,0.0005,0.9890,1.2647,0.3502
1.6378,0.0006,0.8722,1.7105,0.3330
1.4267,0.0005,0.7771,1.4190,0.3631
1.4376,0.0006,1.0795,1.4976,0.3447
1.3076,0.0006,0.6832,1.2981,0.3462
1.1507,0.0004,0.6752,1.0265,0.3500
1.2268,0.0003,1.0988,1.2004,0.3500
1.3019,0.0003,0.6561,1.4205,0.3495
1.3656,0.0003,0.6058,1.3294,0.3498
1.1333,0.0006,1.2066,1.1798,0.3643
1.3915,0.0004,0.6832,1.2440,0.3546
1.4281,0.0004,0.6007,1.5684,0.3483
1.1852,0.0004,0.9283,1.1736,0.3541
1.5113,0.0006,0.6758,1.4346,0.3541
1.8538,0.0004,0.8206,1.8846,0.3903
1.2423,0.0003,1.1163,1.2677,0.3526
1.3590,0.0003,0.6786,1.3710,0.3508
1.2236,0.0003,0.6059,1.2255,0.3359
1.0023,0.0003,0.9102,0.7915,0.3359
1.5346,0.0003,0.5947,1.7409,0.3437
1.1097,0.0004,0.5675,1.0946,0.3504
1.1054,0.0004,0.9488,1.1073,0.5620
1.4386,0.0004,0.6591,1.2471,0.3439
1.3002,0.0004,0.7449,1.4772,0.3464
1.2560,0.0006,0.9170,1.0734,0.3459
1.4758,0.0005,0.6042,1.3581,0.3437
1.7340,0.0006,0.6849,1.9830,0.3589
1.2263,0.0005,1.0978,1.0515,0.3562
1.4558,0.0005,0.7322,1.6648,0.3568
1.3635,0.0005,0.6707,1.3499,0.3452
1.1476,0.0005,0.9641,1.1404,0.3452
1.3309,0.0005,0.6853,1.3174,0.3413
1.3686,0.0004,0.6826,1.3757,0.3413
1.4836,0.0005,1.0061,1.2784,0.3355
1.3265,0.0004,0.8287,1.3682,0.3355
1.3440,0.0008,0.6477,1.4977,0.3332
1.3797,0.0003,0.9813,1.2138,0.3399
1.8588,0.0006,0.8097,1.9483,0.3529
1.2980,0.0005,0.7860,0.9880,0.3615
1.1275,0.0004,1.5358,1.4386,0.3615
1.5302,0.0005,0.6641,1.5549,0.3474
1.7682,0.0004,0.6243,1.7707,0.3447
1.1446,0.0006,0.9451,0.9033,0.3447
2.0029,0.0004,0.6968,2.2379,0.3563
0.9913,0.0004,0.6482,0.9323,0.3563
1.3154,0.0005,0.9739,1.2081,0.3535
1.2896,0.0004,0.6351,1.4204,0.3321
1.3862,0.0003,0.6342,1.3963,0.3480
1.1987,0.0003,0.9733,0.9471,0.3480
1.5656,0.0010,0.6663,1.6137,0.3362
1.6053,0.0004,0.7770,1.7112,0.3645
1.2803,0.0003,1.3129,1.3508,0.3852
1.2457,0.0003,0.7587,1.2600,0.3436
1.4510,0.0004,0.6226,1.3276,0.3495
1.9216,0.0004,1.4591,1.0109,0.3705
0.8558,0.0003,1.2477,1.4346,0.3788
0.9295,0.0004,0.6134,0.7535,0.3788
1.3045,0.0003,0.9231,1.4350,0.3481
1.3583,0.0003,0.6117,1.1935,0.3422
1.7218,0.0004,0.6055,1.9186,0.3465
0.9747,0.0003,0.8824,0.7535,0.3465
1.5460,0.0004,0.6307,1.5924,0.3548
1.6385,0.0005,0.6476,1.7408,0.3732
1.4127,0.0005,1.0635,1.4160,0.3757
1.5318,0.0007,0.7214,1.3623,0.3409
1.4097,0.0006,0.8065,1.6202,0.3409
1.3514,0.0005,0.9435,1.3466,0.3565
1.1472,0.0005,0.6431,1.1441,0.3605
1.5687,0.0003,0.6452,1.3514,0.3416
1.4085,0.0003,1.0112,1.4429,0.3486
1.3529,0.0010,0.6665,1.4063,0.3503
1.4101,0.0004,0.6382,1.5256,0.3556
1.3067,0.0003,0.9607,1.0843,0.3556
1.7890,0.0009,0.6514,1.7663,0.3538
1.4977,0.0008,0.9065,1.2173,0.3943
1.3702,0.0004,1.8304,1.7143,0.3943
1.5373,0.0005,0.7902,1.6498,0.3777
1.7012,0.0005,0.9702,1.6033,0.3616
1.2860,0.0004,1.1955,1.3863,0.3382
1.2960,0.0007,0.6595,1.2384,0.3382
1.5269,0.0004,0.6364,1.3605,0.3465
1.3734,0.0004,0.9695,1.6001,0.3464
1.4820,0.0005,0.6445,1.3319,0.3432
1.2625,0.0003,0.6147,1.2490,0.3457
1.5795,0.0006,0.9963,1.4461,0.3343
1.5579,0.0004,0.8598,1.7794,0.3510
1.4535,0.0008,0.7699,1.4567,0.3821
1.7962,0.0005,1.1558,1.7963,0.3537
1.2686,0.0004,0.8280,1.2465,0.3521
1.2563,0.0003,0.7315,1.3151,0.3392
1.2862,0.0003,0.9555,1.2960,0.3502
1.2818,0.0003,0.6198,1.0497,0.3460
1.2620,0.0004,0.7811,1.3011,0.3460
1.2805,0.0005,1.0335,1.4544,0.3533
1.4189,0.0005,0.6083,1.2006,0.3410
0.8930,0.0005,0.7782,1.0060,0.3410
1.3590,0.0003,0.9155,1.4345,0.3450
1.6533,0.0006,0.6173,1.2479,0.3429
2.4291,0.0007,0.7597,2.5338,0.3831
1.2471,0.0005,1.4982,0.8985,0.3619
1.1400,0.0004,0.8810,1.2470,0.3619
1.5402,0.0006,0.7465,1.7926,0.3528
1.2984,0.0007,0.9513,1.0181,0.3565
1.4593,0.0007,0.6821,1.7035,0.3552
1.0586,0.0004,0.6334,0.9802,0.3460
1.2765,0.0004,1.0787,1.0663,0.3460
1.4663,0.0005,0.6600,1.6941,0.3481
1.4237,0.0004,0.6666,1.3090,0.3527
1.8110,0.0005,1.0393,1.9593,0.3747
1.5790,0.0005,0.8098,1.3733,0.3592
1.0910,0.0006,0.9784,1.1122,0.3592
1.1518,0.0004,1.0459,1.3593,0.3673
1.3087,0.0005,0.6613,1.0511,0.3410
1.3111,0.0005,0.6457,1.5536,0.3493
1.3945,0.0003,0.9389,1.3033,0.3573
1.4343,0.0004,0.6784,1.4602,0.3563
1.5208,0.0005,0.6912,1.5653,0.3504
1.2860,0.0003,1.0923,1.2866,0.3504
1.2922,0.0003,0.6289,1.2836,0.3542
1.5227,0.0006,0.5997,1.3895,0.3414
1.4704,0.0005,1.1067,1.3226,0.3414
1.9706,0.0006,0.8206,2.1837,0.3805
1.4820,0.0005,0.8589,1.5295,0.3365
1.4729,0.0002,1.0964,1.4874,0.3365
1.2117,0.0003,0.6344,1.1982,0.3488
1.0601,0.0003,0.6025,1.0620,0.3413
1.2318,0.0003,0.9500,1.1366,0.3593
1.4828,0.0003,0.6262,1.4397,0.3565
1.0567,0.0003,0.7655,1.1680,0.3565
1.3006,0.0003,0.9418,1.3213,0.3422
0.9736,0.0003,0.5924,0.9761,0.3285
1.2939,0.0003,0.6392,1.2782,0.3484
1.2228,0.0004,0.9154,1.2240,0.3561
1.4787,0.0006,0.6264,1.2040,0.3446
1.9922,0.0008,0.7506,2.1240,0.3678
1.1246,0.0005,1.2272,1.0540,0.3678
1.1689,0.0003,0.7181,1.1266,0.3390
1.2644,0.0003,0.7704,1.2945,0.3390
1.6516,0.0003,1.1332,1.4666,0.3561
1.6558,0.0004,0.7580,1.8601,0.3355
1.5147,0.0005,0.6201,1.6182,0.3410
1.1615,0.0005,0.9753,1.2208,0.3535
1.2663,0.0003,0.6999,1.2564,0.3492
1.7551,0.0004,0.7599,1.7311,0.3315
0.9942,0.0003,0.9780,0.8901,0.3315
1.5049,0.0005,0.6861,1.4244,0.3561
1.4698,0.0005,1.0585,1.4218,0.3781
1.2747,0.0005,1.3064,1.3643,0.3553
1.3454,0.0003,0.8299,1.2937,0.3553
1.4709,0.0004,0.7254,1.5992,0.3484
1.4519,0.0004,1.3307,1.4710,0.3434
1.3711,0.0004,0.8095,1.3877,0.3650
1.3258,0.0005,0.6540,1.1730,0.3650
1.4619,0.0004,0.9427,1.5983,0.3382
1.5509,0.0005,0.6968,1.3362,0.3535
1.3997,0.0004,0.7914,1.6079,0.3433
1.5101,0.0006,1.0172,1.4247,0.3454
1.5293,0.0004,0.7625,1.5772,0.3627
1.4136,0.0005,0.7482,1.2486,0.3335
1.0749,0.0004,1.1613,1.2712,0.3335
1.4027,0.0004,0.6626,1.2273,0.3457
1.4583,0.0003,0.7198,1.5308,0.3515
1.2201,0.0004,1.0677,1.3132,0.3374
1.1311,0.0003,0.6128,1.1253,0.3423
1.2603,0.0003,0.5984,1.2404,0.3534
1.3699,0.0003,0.9029,1.2571,0.3495
0.9554,0.0003,0.7615,0.9703,0.3495
1.3144,0.0003,0.6898,1.1837,0.3389
1.0618,0.0005,1.1949,1.0877,0.3389
1.6275,0.0006,0.7241,1.5399,0.3505
2.1465,0.0009,0.7833,2.3617,0.3643
1.9493,0.0007,1.4542,0.9431,0.3601
0.7170,0.0005,1.2853,0.9431,0.3435
1.0229,0.0004,0.6743,1.1715,0.3435
1.4087,0.0003,1.1232,1.5164,0.3434
1.0480,0.0004,0.6222,1.0535,0.3434
1.2687,0.0005,0.6086,1.2648,0.3331
1.3460,0.0005,0.9715,1.3165,0.3655
1.4208,0.0003,0.7379,1.4126,0.3528
1.3163,0.0005,0.6817,1.2689,0.3528
1.3910,0.0004,1.1142,1.3954,0.3643
1.1674,0.0006,0.8202,1.1761,0.3673
1.2744,0.0003,0.6483,1.2503,0.3435
2.0988,0.0005,1.1082,2.1063,0.3603
0.9407,0.0004,0.7465,0.9850,0.3603
1.1657,0.0003,0.6514,1.1608,0.3577
1.7255,0.0005,0.9765,1.6688,0.3469
1.4923,0.0006,0.8454,1.5019,0.3381
1.3208,0.0006,0.8748,1.1109,0.3505
1.3925,0.0003,1.3205,1.4117,0.3505
1.6599,0.0004,0.8259,1.8248,0.3742
1.1096,0.0005,0.7518,1.1345,0.3532
1.5936,0.0004,1.0614,1.3644,0.3568
1.7288,0.0007,0.7495,1.6172,0.3423
1.5679,0.0005,1.0302,1.6891,0.3675
1.5404,0.0003,1.2367,1.5842,0.3366
1.1272,0.0003,0.8722,1.3021,0.3366
1.2672,0.0003,0.6613,1.2713,0.3435
1.2269,0.0003,0.9446,1.2212,0.3386
1.3809,0.0004,0.6185,1.2417,0.3414
1.0610,0.0004,0.7538,1.0074,0.3564
1.1741,0.0003,0.9821,1.3656,0.3472
1.3464,0.0003,0.5977,1.1268,0.3479
0.9608,0.0003,0.8252,1.0109,0.3479
1.2746,0.0004,1.0176,1.4255,0.3623
1.2177,0.0003,0.6209,1.0110,0.3549
2.0826,0.0006,0.6075,2.2167,0.3820
1.4107,0.0003,1.0852,1.4286,0.3650
1.1029,0.0004,0.7787,1.1447,0.3650
1.2989,0.0004,0.6445,1.2680,0.3615
1.7506,0.0003,0.9565,1.7368,0.3414
0.9826,0.0005,0.6704,0.9943,0.3414
1.4886,0.0004,0.7707,1.3134,0.3378
1.5288,0.0005,0.9910,1.5219,0.3449
1.0880,0.0004,0.8424,1.0945,0.3614
1.3384,0.0003,0.8451,1.3439,0.3614
1.9244,0.0004,1.1315,2.0603,0.3438
0.9661,0.0003,0.7785,0.7432,0.3438
1.5694,0.0004,0.7065,1.5503,0.3377
1.5543,0.0004,1.2406,1.7746,0.3790
1.4752,0.0005,0.7912,1.4879,0.3545
0.9869,0.0004,0.6883,0.8292,0.3545
1.4604,0.0005,0.9856,1.5992,0.3662
1.9166,0.0005,0.8206,1.8892,0.3663
1.4622,0.0005,0.8016,1.2510,0.3663
1.5233,0.0006,1.1122,1.6659,0.3371
2.0690,0.0006,0.7420,2.1112,0.3551
1.4136,0.0005,0.8412,0.9216,0.3577
1.0845,0.0003,1.6849,0.9336,0.3336
1.2281,0.0003,0.6898,1.4677,0.3336
1.5653,0.0004,0.7231,1.3489,0.3565
1.2291,0.0006,1.1046,1.4706,0.5350
1.6680,0.0005,0.6879,1.6480,0.3654
1.6333,0.0005,0.6900,1.6166,0.3604
1.7439,0.0004,1.4208,1.7491,0.3488
1.4626,0.0004,0.7176,1.2323,0.3535
1.3570,0.0004,0.6733,1.4862,0.3621
1.1554,0.0005,1.2709,1.0951,0.3621
1.3428,0.0004,0.6646,1.5116,0.3420
1.4012,0.0003,0.5784,1.1856,0.3572
1.3922,0.0005,1.1383,1.4006,0.3594
2.5732,0.0009,0.9337,2.3545,0.3583
0.8718,0.0005,1.1007,1.2535,0.3583
1.1763,0.0010,1.1076,1.0198,0.3472
1.4898,0.0007,0.7046,1.5010,0.3404
1.4848,0.0006,0.7060,1.6319,0.3601
1.1132,0.0003,1.0945,1.1201,0.3489
1.3970,0.0004,0.6540,1.2907,0.3483
1.7347,0.0004,0.6274,1.7852,0.3335
1.0661,0.0004,1.0468,0.9034,0.3335
1.4182,0.0005,0.6568,1.4457,0.3479
1.5047,0.0005,0.6975,1.5320,0.3354
1.3854,0.0007,0.9520,1.3860,0.3434
1.9458,0.0007,0.7508,1.8363,0.3698
1.6787,0.0008,0.9503,1.8676,0.3460
1.4940,0.0008,1.3484,0.8492,0.3425
0.7881,0.0003,0.8961,1.1912,0.3425
1.4023,0.0003,0.6009,1.3802,0.3640
1.9914,0.0005,0.9527,1.9997,0.3434
1.0836,0.0004,0.6521,1.0755,0.3434
1.6321,0.0004,0.6220,1.6246,0.3499
0.9754,0.0004,0.9388,0.7354,0.3507
0.9596,0.0004,0.6525,1.2040,0.3507
1.3922,0.0006,0.5941,1.3210,0.3458
1.8421,0.0013,1.0086,1.7934,0.3602
1.6063,0.0006,0.9622,1.5521,0.3838
1.5947,0.0005,0.9160,1.5159,0.3535
1.3694,0.0004,1.0547,1.3192,0.3487
1.4395,0.0005,0.6937,1.5310,0.3454
1.4661,0.0004,0.6835,1.4733,0.3365
1.4796,0.0006,0.9313,1.5520,0.3476
1.4420,0.0004,0.6132,1.5256,0.3422
1.2528,0.0004,0.5747,0.9778,0.3422
1.1771,0.0004,0.8879,1.4504,0.3463
1.3780,0.0005,0.5912,1.1288,0.3518
1.2388,0.0006,0.6698,1.3656,0.3499
1.6673,0.0004,1.2353,1.5344,0.3668
1.6467,0.0005,0.8120,1.8063,0.3665
1.3721,0.0005,0.7278,1.3797,0.3738
1.4817,0.0005,1.0307,1.2886,0.3406
1.4411,0.0005,0.8146,1.4018,0.3406
1.4383,0.0006,0.6423,1.5967,0.3535
1.1876,0.0005,1.0359,1.1113,0.3626
0.8979,0.0004,0.8225,1.0135,0.3626
1.1481,0.0005,0.7320,1.1365,0.3520
1.2321,0.0003,0.9435,1.2594,0.3282
1.2016,0.0004,0.6466,1.2305,0.3559
1.3409,0.0004,0.6324,1.3084,0.3538
1.8203,0.0006,1.0157,1.7690,0.3610
1.7639,0.0005,0.9030,1.6219,0.3628
1.0116,0.0004,0.9852,1.0775,0.3628
1.4967,0.0004,1.0470,1.4732,0.3564
1.5646,0.0003,0.6759,1.4533,0.3549
1.2473,0.0003,0.8210,1.3969,0.3474
1.4887,0.0003,1.0981,1.5996,0.3495
1.3157,0.0003,0.6799,1.1886,0.3495
1.5039,0.0003,0.6719,1.4371,0.3552
1.3623,0.0004,1.0238,1.5485,0.3436
1.1728,0.0003,0.6493,0.9821,0.3436
1.5804,0.0007,0.6714,1.6797,0.3413
1.5241,0.0005,1.3155,1.1517,0.3542
1.5873,0.0004,0.8520,2.0132,0.3653
1.3221,0.0004,0.6997,1.3247,0.3588
1.3204,0.0005,0.9741,1.1404,0.3607
1.1575,0.0003,0.7835,1.3429,0.3607
1.2520,0.0004,0.6456,1.2064,0.3540
1.2829,0.0004,0.9277,1.3411,0.3503
1.3247,0.0003,0.5791,1.1392,0.3545
1.4145,0.0004,0.6518,1.5278,0.3387
1.0199,0.0004,0.9506,0.9326,0.3473
1.3174,0.0003,0.6289,1.4421,0.3563
1.2821,0.0005,0.6385,1.1376,0.3563
1.7221,0.0003,0.9684,1.3987,0.3491
2.1326,0.0007,0.8377,2.4972,0.3402
1.1220,0.0010,1.0868,1.0566,0.3402
1.4837,0.0005,1.0597,1.6020,0.3644
1.4740,0.0004,0.6958,1.4975,0.3644
1.1755,0.0005,0.6333,1.0895,0.3492
2.0271,0.0004,1.0243,2.0868,0.3405
1.4444,0.0008,0.6864,1.4516,0.3565
0.8026,0.0005,0.6232,0.8106,0.3565
1.3892,0.0008,0.9567,1.0374,0.3642
1.5148,0.0004,0.7820,1.7834,0.3374
1.3754,0.0004,0.7496,1.2373,0.3612
1.9757,0.0005,1.5139,1.7012,0.3699
0.8842,0.0004,1.1983,1.1291,0.3699
1.5318,0.0006,0.6642,1.4439,0.3484
1.5201,0.0005,0.9667,1.7553,0.3320
1.9033,0.0008,0.6434,1.9458,0.3597
1.5787,0.0005,0.6776,1.5720,0.3524
1.1553,0.0005,1.0616,0.9728,0.3524
1.8597,0.0003,0.6732,1.9946,0.3591
1.2668,0.0004,0.6986,1.2982,0.3531
1.1213,0.0004,1.0333,0.8755,0.3531
1.3949,0.0004,0.7372,1.5086,0.3492
1.7086,0.0005,0.7574,1.7604,0.3658
1.6187,0.0005,1.1360,1.6268,0.3783
1.1656,0.0004,0.8619,1.2377,0.3610
1.1197,0.0003,0.6643,1.0003,0.3610
1.3759,0.0003,0.9622,1.3106,0.3466
1.3360,0.0003,0.6739,1.5115,0.3466
1.2413,0.0003,0.6094,1.1236,0.3549
1.3356,0.0004,1.0871,1.2936,0.3491
1.5764,0.0004,0.7881,1.4236,0.3450
1.3434,0.0007,0.7695,1.6241,0.3441
1.3697,0.0004,1.0496,1.3565,0.3656
1.1898,0.0003,0.6205,1.1400,0.3468
1.4093,0.0004,0.6185,1.1732,0.3423
1.8176,0.0003,1.0082,2.0526,0.3363
1.6286,0.0005,0.7876,1.4031,0.3600
1.2274,0.0004,0.8575,1.4518,0.3600
1.5299,0.0005,1.0961,1.5699,0.3534
1.1042,0.0004,0.5912,1.0797,0.3474
1.3406,0.0004,0.6357,1.3359,0.3546
1.7374,0.0005,1.0059,1.5557,0.3489
1.1758,0.0003,0.9924,1.3629,0.3489
1.2849,0.0004,0.6499,1.1000,0.3460
1.0439,0.0003,1.1315,1.2248,0.3460
1.4122,0.0003,0.6530,1.4094,0.3544
1.7019,0.0008,0.5917,1.6216,0.3597
1.5993,0.0008,1.1380,1.4420,0.3857
1.1114,0.0005,1.0323,1.1010,0.3713
1.4809,0.0004,0.6847,1.4902,0.3453
1.5121,0.0004,0.9840,1.4801,0.3602
0.9806,0.0004,0.9215,0.9946,0.3602
1.3779,0.0005,0.6670,1.4567,0.3556
1.6350,0.0004,1.0480,1.7348,0.3599
1.2814,0.0004,0.7592,1.1394,0.3599
1.3352,0.0004,0.7496,1.4808,0.3469
1.3795,0.0003,1.1325,1.3907,0.3515
1.2222,0.0004,0.6581,1.2439,0.3515
1.4305,0.0006,0.5978,1.3607,0.3614
1.5625,0.0007,1.1273,1.3107,0.3470
1.6057,0.0006,0.8228,1.6388,0.5981
1.3237,0.0004,0.6825,1.5231,0.3528
1.5297,0.0004,0.9600,1.4554,0.3559
1.0583,0.0006,0.7722,1.1805,0.3559
1.1545,0.0006,0.7041,1.1636,0.3657
1.6281,0.0006,1.0591,1.0874,0.3361
0.6396,0.0004,1.1553,1.1698,0.3444
1.3688,0.0003,0.6031,1.1690,0.3499
1.5573,0.0005,1.3035,1.1485,0.3480
0.8165,0.0006,1.0054,0.8965,0.3576
0.9686,0.0003,0.7508,1.3768,0.3576
1.3800,0.0003,0.8908,1.1980,0.3766
1.3721,0.0004,0.6760,1.5029,0.3547
1.6658,0.0006,0.9526,1.6602,0.3632
1.1587,0.0004,1.0385,0.9756,0.3632
1.6025,0.0008,0.6674,1.7776,0.3545
1.3227,0.0006,0.7069,1.3284,0.3625
1.2384,0.0006,1.0423,1.2490,0.3625
1.2431,0.0004,0.6967,1.2473,0.3557
1.0864,0.0007,0.6242,0.9567,0.3557
1.4581,0.0004,0.9528,1.5445,0.3409
1.3782,0.0004,0.6179,1.4016,0.3413
1.4131,0.0004,0.6691,1.4076,0.3532
1.9286,0.0005,0.9618,1.4844,0.3608
0.8322,0.0006,1.2114,0.9763,0.3608
1.1904,0.0005,0.7333,1.2758,0.3509
1.2145,0.0004,1.1597,1.2432,0.3579
1.2099,0.0004,0.8257,1.3576,0.3579
1.7471,0.0005,0.6982,1.6392,0.3288
1.6815,0.0004,1.4856,1.0132,0.3441
0.6781,0.0003,0.9686,1.0710,0.3441
1.6467,0.0007,0.6322,1.7188,0.3528
1.9699,0.0006,1.0330,2.0031,0.3630
1.9828,0.0004,0.7309,1.9346,0.3478
1.2024,0.0005,0.7400,1.2342,0.3478
1.5489,0.0008,1.1684,1.3741,0.3443
1.9748,0.0008,0.8945,2.0616,0.3793
1.6454,0.0006,0.9653,1.5708,0.3373
2.1373,0.0008,1.1670,2.2162,0.3438
1.0846,0.0006,0.9335,0.9288,0.3438
1.9816,0.0009,0.7490,2.0453,0.3469
1.7146,0.0004,1.1884,1.8558,0.3561
1.0190,0.0005,0.6282,0.7943,0.3561
1.4100,0.0004,0.5987,1.4803,0.3541
1.4763,0.0004,0.9508,1.6130,0.3400
1.7041,0.0011,0.6181,1.4540,0.3568
1.5163,0.0007,0.9852,1.7178,0.3568
1.3199,0.0004,1.2039,1.3040,0.3949
1.3044,0.0005,0.8128,1.2494,0.3818
1.7016,0.0006,0.6972,1.5076,0.3426
1.7416,0.0005,1.0036,2.0083,0.3506
1.7221,0.0003,0.7447,1.5170,0.3535
1.3331,0.0003,0.6708,1.5222,0.3385
17.5962,0.0007,16.6463,1.2748,0.3620
0.9440,0.0003,1.3075,1.3231,0.3620
0.9960,0.0003,1.0363,0.9888,0.3677
1.4861,0.0004,1.1229,1.7681,0.3358
1.5128,0.0005,0.7168,1.3564,0.3358
1.8601,0.0004,0.6928,2.0095,0.3716
1.8777,0.0005,1.1943,1.8317,0.3563
1.0985,0.0005,0.8726,1.2261,0.3563
1.4118,0.0004,0.6467,1.4121,0.3558
1.5734,0.0004,0.9562,1.5534,0.3459
1.6135,0.0005,0.6773,1.5971,0.3308
1.9262,0.0004,0.6002,1.8415,0.3484
1.2303,0.0004,1.0736,1.1344,0.3484
1.5581,0.0004,0.6889,1.5752,0.3483
1.5104,0.0004,0.6108,1.4586,0.3422
1.6347,0.0006,1.0029,1.6637,0.3717
1.6925,0.0005,0.9646,1.8043,0.3717
1.9892,0.0004,0.8361,2.0036,0.3447
1.4348,0.0003,1.0229,1.4594,0.3447
1.2118,0.0004,0.6750,1.0766,0.3326
1.3390,0.0003,0.7564,1.0942,0.3326
1.5588,0.0004,0.9980,1.6970,0.3473
1.2204,0.0004,0.8043,1.3624,0.3545
1.1751,0.0004,0.7381,1.1856,0.3545
1.5331,0.0004,1.1905,1.5475,0.3419
1.3561,0.0003,0.9901,1.4045,0.3569
1.2006,0.0006,0.6326,1.1770,0.3569
2.1334,0.0004,1.5585,1.1307,0.3770
0.6988,0.0004,1.2590,1.4172,0.3758
0.9709,0.0005,0.6411,0.9374,0.3758
1.5156,0.0003,1.1258,1.4586,0.3484
2.1748,0.0004,0.8643,2.3017,0.3600
1.3517,0.0004,0.6670,1.0924,0.3366
1.0628,0.0005,1.2900,0.9933,0.3366
1.2687,0.0005,0.6734,1.5770,0.3442
1.1972,0.0004,0.5992,1.1901,0.3573
1.2236,0.0003,0.9441,1.2107,0.3583
1.3841,0.0006,0.6609,1.3323,0.3476
1.4548,0.0004,0.7651,1.2813,0.3465
1.7290,0.0008,1.1890,1.6673,0.3837
1.7496,0.0007,1.1306,1.9663,0.3642
1.4296,0.0007,0.7488,1.4656,0.3424
1.3335,0.0005,1.0598,1.3382,0.3579
1.2076,0.0003,0.7215,1.2132,0.3579
1.1892,0.0005,0.6039,1.1606,0.3453
1.5928,0.0004,0.9831,1.5924,0.3422
1.0224,0.0006,0.6750,1.0333,0.3422
1.5436,0.0005,0.6296,1.2429,0.3673
1.1709,0.0005,1.1264,1.4300,0.3673
1.7968,0.0005,0.6880,1.6136,0.3508
1.9703,0.0008,0.6666,2.0654,0.3472
1.4217,0.0004,1.1768,1.4626,0.3655
1.3370,0.0003,0.8371,1.3213,0.3655
1.4016,0.0004,0.6828,1.2537,0.3494
1.6249,0.0007,0.9379,1.5409,0.3367
1.4265,0.0005,0.6698,1.7038,0.3465
1.6698,0.0003,0.6098,1.6636,0.3405
1.1396,0.0003,0.9579,1.1235,0.3409
1.1497,0.0004,0.6039,1.1441,0.3409
1.4722,0.0002,0.5858,1.4701,0.3439
1.4581,0.0006,0.9358,1.3433,0.3439
1.2797,0.0002,0.7590,1.2097,0.3460
1.7748,0.0008,0.6335,1.8113,0.3488
1.7832,0.0009,1.2469,1.8242,0.3670
2.0011,0.0004,0.9795,2.0228,0.3391
1.4973,0.0004,0.7499,1.4997,0.3397
1.4390,0.0004,1.0162,1.4806,0.3412
1.2835,0.0177,0.6591,1.0589,0.3440
1.4738,0.0005,0.7618,1.4490,0.3440
1.4429,0.0004,0.9298,1.4220,0.3503
1.5872,0.0004,0.6400,1.6419,0.3477
1.3683,0.0004,0.7029,1.5318,0.3471
1.7426,0.0007,1.3450,1.1558,0.3558
0.7497,0.0005,1.0815,1.2545,0.3558
1.8342,0.0007,0.8244,1.8471,0.3895
1.3545,0.0004,1.3598,1.2356,0.3895
1.6088,0.0005,0.7589,1.6148,0.3529
1.3120,0.0003,0.7994,1.4669,0.3410
1.7261,0.0004,1.1950,1.3906,0.3444
1.7149,0.0007,0.7968,1.8684,0.3350
1.8192,0.0006,0.7507,1.9407,0.3408
1.1780,0.0004,1.4314,1.1392,0.3430
1.2332,0.0005,0.7826,1.3238,0.3430
1.5867,0.0005,0.6447,1.3581,0.3532
1.7099,0.0007,1.0458,1.5504,0.3597
1.5292,0.0007,0.8627,1.8662,0.3810
1.6747,0.0004,0.7778,1.6959,0.3501
1.5038,0.0004,1.0406,1.2687,0.3515
1.0258,0.0005,0.8022,1.2629,0.3515
1.4106,0.0004,0.6561,1.2363,0.3618
1.3648,0.0005,0.9415,1.3278,0.3428
1.4931,0.0004,0.6894,1.4828,0.3469
1.1124,0.0006,0.7553,1.2893,0.3469
1.1934,0.0004,0.9404,1.0863,0.3576
1.3241,0.0003,0.7463,1.4725,0.3575
1.4552,0.0004,0.5914,1.2748,0.3498
2.0200,0.0004,1.0154,2.1207,0.3929
1.1879,0.0005,0.7336,1.2314,0.3929
1.3287,0.0005,0.6636,1.3302,0.3581
1.5203,0.0004,1.1129,1.0237,0.3445
1.0395,0.0004,1.0736,1.4401,0.3466
1.1524,0.0005,1.0173,1.0962,0.3463
1.3267,0.0004,1.0245,1.3205,0.3463
1.8144,0.0004,0.9264,1.9195,0.3547
0.8373,0.0004,0.6792,0.8469,0.3547
1.4634,0.0003,0.9721,1.3548,0.3643
1.2943,0.0003,0.7790,1.2531,0.3643
1.6463,0.0004,0.6885,1.5227,0.3557
1.6479,0.0004,1.5706,1.8326,0.3557
1.5702,0.0004,0.9371,1.6063,0.3634
1.2730,0.0007,0.7825,1.2909,0.3397
1.1522,0.0004,1.0025,1.1789,0.3397
1.4723,0.0004,0.6487,1.4024,0.3513
1.2915,0.0005,0.6134,1.3107,0.3654
1.4487,0.0005,0.9619,1.3297,0.3413
1.2877,0.0004,0.7250,1.4000,0.3225
1.3785,0.0004,0.6406,1.3888,0.3556
1.4353,0.0004,0.9939,1.2704,0.3620
1.5288,0.0005,0.6505,1.6072,0.3529
1.5474,0.0007,0.6869,1.6146,0.3509
1.7218,0.0007,1.1261,1.7005,0.3717
1.1670,0.0004,0.8083,1.1215,0.3488
1.4958,0.0004,0.7178,1.3061,0.3683
1.5466,0.0005,1.0237,1.5560,0.3489
1.3421,0.0005,0.6597,1.5883,0.3394
1.3307,0.0003,0.6710,1.0898,0.3588
1.4172,0.0003,0.9686,1.5369,0.3598
1.1872,0.0003,0.6240,1.3171,0.3398
1.1927,0.0003,0.6418,1.1851,0.3427
1.2501,0.0005,0.9093,1.1634,0.3504
1.3918,0.0003,0.6328,1.4326,0.3606
1.4439,0.0006,0.6463,1.4029,0.3486
1.9479,0.0006,1.1543,1.9675,0.3475
1.2019,0.0004,0.7781,1.2050,0.3484
1.5314,0.0005,0.6946,1.5192,0.3449
1.3914,0.0007,0.9736,1.3574,0.3420
1.6610,0.0009,0.7107,1.4712,0.3750
1.5714,0.0006,1.0515,1.5470,0.3750
1.7360,0.0010,1.1721,1.9698,0.3558
1.0072,0.0006,0.7689,0.9874,0.3558
1.3419,0.0005,0.7311,1.3659,0.3486
1.3657,0.0005,1.0606,1.1758,0.3638
0.9761,0.0004,0.9056,1.0659,0.3638
1.8220,0.0008,0.6686,1.5161,0.3515
1.8428,0.0004,1.4445,2.2128,0.3813
1.1752,0.0003,0.8006,1.2307,0.3378
1.2729,0.0004,0.7245,1.0861,0.3511
1.4236,0.0003,1.6178,1.5619,0.3511
1.9487,0.0006,0.8372,1.9124,0.3410
1.1241,0.0005,0.7268,1.0187,0.3535
1.4519,0.0005,1.1721,1.5667,0.3508
1.2850,0.0004,0.7084,1.2897,0.3508
1.3137,0.0003,0.7243,1.1236,0.3417
1.5575,0.0005,1.1689,1.5256,0.3465
1.6082,0.0010,0.7214,1.7176,0.3503
1.2017,0.0007,1.1314,1.2158,0.3633
1.6472,0.0005,1.2977,1.6003,0.8285
1.6096,0.0005,0.9036,1.5067,0.3702
1.2921,0.0005,0.8549,1.4802,0.3512
1.3185,0.0004,1.0887,1.3615,0.3488
1.2949,0.0003,0.6694,1.0865,0.3586
1.2594,0.0010,0.7389,1.2999,0.3586
1.4968,0.0005,0.9042,1.5423,0.3471
1.6974,0.0004,0.6110,1.5288,0.3375
1.6394,0.0004,0.6405,1.8844,0.3464
1.0743,0.0003,0.9521,1.0470,0.3464
1.4075,0.0004,0.6392,1.3443,0.3424
2.0415,0.0006,0.6593,2.0125,0.3714
1.7575,0.0005,1.2790,1.7635,0.3653
1.2150,0.0006,0.9394,1.2661,0.3640
1.4898,0.0006,0.8019,1.1961,0.3772
1.6419,0.0006,1.3822,1.7473,0.3772
1.8702,0.0005,0.8691,2.0124,0.3479
1.3761,0.0007,0.7749,1.1530,0.3347
1.5679,0.0004,1.1497,1.5949,0.3473
1.4351,0.0005,0.7743,1.6206,0.3423
1.5417,0.0005,0.7411,1.5244,0.3509
1.5250,0.0006,1.1909,1.4409,0.3696
1.8372,0.0008,1.2024,1.4137,0.3682
0.9719,0.0005,1.7220,1.0537,0.3622
1.6409,0.0004,1.1577,1.9560,0.3434
1.7424,0.0005,0.6998,1.7743,0.3434
1.7698,0.0007,0.6712,1.4245,0.3355
1.4631,0.0006,1.2874,1.5431,0.3543
1.5509,0.0006,0.9671,1.7636,0.3543
1.3303,0.0006,0.8824,1.3453,0.3564
1.8687,0.0006,1.0057,1.8496,0.3272
1.6474,0.0007,0.7602,1.6106,0.3272
1.6028,0.0007,0.8971,1.5852,0.3731
1.8984,0.0008,1.2708,1.8935,0.3716
1.4345,0.0006,0.8574,1.3528,0.3360
1.6783,0.0007,0.7825,1.6060,0.3341
1.7868,0.0006,1.1750,1.9143,0.3310
1.3724,0.0006,0.8544,1.2621,0.3420
2.0248,0.0007,1.3244,2.1285,0.3405
1.8695,0.0007,1.1535,1.8675,0.3424
1.6674,0.0008,0.8987,1.6792,0.3440
1.9174,0.0010,0.8008,1.8204,0.3440
1.6229,0.0009,1.3907,1.6314,0.3655
1.6360,0.0008,1.1667,1.5769,0.3393
1.3675,0.0005,1.1712,1.4936,0.3702
1.8846,0.0006,1.1301,1.8153,0.3508
1.2084,0.0006,1.0000,1.0992,0.3508
2.1508,0.0004,0.9202,2.2697,0.3560
1.2602,0.0006,1.3107,1.1877,0.3560
1.8358,0.0007,0.9102,1.6722,0.3487
1.4088,0.0004,1.1314,1.6680,0.3441
1.8948,0.0007,1.1706,1.8678,0.3422
1.9590,0.0006,0.8833,1.9371,0.3788
1.3023,0.0005,0.8521,1.3379,0.3496
1.3667,0.0004,1.1515,1.2312,0.3496
2.0195,0.0004,0.7604,2.1246,0.3405
1.1082,0.0004,0.7324,0.9664,0.3405
1.3603,0.0005,1.0963,1.4322,0.3502
1.3963,0.0003,0.7531,1.4422,0.3558
1.9618,0.0004,0.7274,1.9285,0.3535
1.1915,0.0004,1.1226,1.1062,0.3535
1.5690,0.0005,0.8063,1.5263,0.3469
2.0219,0.0011,0.7343,2.0418,0.3571
2.2072,0.0011,1.4674,2.0621,0.3806
0.9903,0.0007,1.2392,1.2243,0.3806
1.6493,0.0009,0.8114,1.3096,0.3405
1.9290,0.0009,1.2426,2.2559,0.3545
2.1286,0.0009,0.9028,1.9926,0.3647
1.6763,0.0005,1.1977,1.7061,0.3324
1.6566,0.0005,1.6673,1.5617,0.3324
1.3861,0.0005,1.1244,1.4080,0.3322
1.6428,0.0006,1.2987,1.7933,0.3469
1.9099,0.0006,1.5637,1.3970,0.3802
1.5512,0.0004,1.1694,2.0256,0.3689
1.6616,0.0005,0.8099,1.4364,0.3689
2.0991,0.0007,1.1688,2.3061,0.3301
1.5095,0.0013,0.8279,1.5022,0.3499
1.1904,0.0006,0.9251,1.0153,0.3499
1.8153,0.0006,1.3223,2.0128,0.3413
1.5568,0.0006,0.7653,1.4732,0.3315
1.5565,0.0006,1.3090,1.6066,0.3553
1.5162,0.0006,1.3044,1.3571,0.3433
2.0835,0.0008,0.9662,1.9472,0.3341
1.9153,0.0008,1.0428,2.0630,0.3662
1.9478,0.0013,1.6974,1.1611,0.3595
1.0378,0.0005,1.3181,1.4210,0.3450
1.2898,0.0004,0.9940,1.5494,0.3340
1.8205,0.0006,1.2084,1.8242,0.3340
1.6876,0.0004,0.8632,1.6751,0.3441
2.1123,0.0010,0.8999,2.0137,0.3489
1.4216,0.0005,1.4161,1.2974,0.3489
2.0070,0.0007,0.9827,2.0837,0.3547
2.4465,0.0010,1.0278,2.4631,0.3454
1.4435,0.0006,1.4642,1.4847,0.3466
1.5711,0.0008,1.0037,1.4488,0.3466
2.1209,0.0007,0.8058,2.2141,0.3458
1.5673,0.0005,1.3265,1.6233,0.3458
1.9197,0.0008,0.8855,1.8585,0.3367
1.7630,0.0006,0.9227,1.7907,0.3507
1.4346,0.0004,1.2705,1.4725,0.3507
1.9408,0.0009,0.7895,1.8828,0.3444
1.3539,0.0008,0.8905,1.3126,0.3444
2.1534,0.0009,1.3292,2.1471,0.3599
1.2304,0.0008,1.0102,1.2430,0.3599
1.5790,0.0006,0.8537,1.4684,0.3686
1.7792,0.0006,1.1391,1.9180,0.3291
1.7445,0.0025,0.8650,1.7169,0.3492
1.7192,0.0006,0.8205,1.6136,0.3492
2.2925,0.0005,1.2905,2.2375,0.3428
1.1441,0.0004,1.0755,1.1624,0.3428
1.8373,0.0005,0.9186,1.9376,0.3481
1.9578,0.0006,1.2966,1.9125,0.3528
2.3283,0.0007,1.0722,2.3470,0.3423
0.9929,0.0005,0.9456,0.8120,0.3423
1.7650,0.0005,1.1684,1.9850,0.3502
1.8154,0.0005,0.8022,1.6345,0.3332
1.3917,0.0007,0.9471,1.2008,0.3473
1.9861,0.0005,1.4437,2.3063,0.3483
1.5675,0.0007,0.8660,1.5504,0.3483
1.9220,0.0009,0.9481,1.9416,0.3497
1.5990,0.0009,1.4015,1.5701,0.3362
2.5089,0.0007,1.0643,2.4214,0.3819
1.3898,0.0008,1.1812,1.4511,0.3401
1.4282,0.0007,1.4069,1.4618,0.3401
1.8218,0.0010,0.8237,1.7716,0.3515
1.3336,0.0005,0.8130,1.3479,0.3397
1.7149,0.0007,1.1390,1.7162,0.3454
1.6697,0.0006,0.7919,1.3636,0.3454
1.8480,0.0004,1.0491,2.1413,0.3461
1.4565,0.0004,1.0820,1.3862,0.3425
2.0645,0.0005,0.7583,2.0841,0.3490
1.7105,0.0005,0.8301,1.7184,0.3604
1.3328,0.0004,1.2438,1.3627,0.3542
1.2959,0.0004,0.8646,1.2852,0.3497
1.5793,0.0007,0.8309,1.2895,0.3497
1.9346,0.0005,1.2020,2.1766,0.3549
1.6903,0.0006,0.9091,1.6965,0.3357
1.4944,0.0005,0.7836,1.4847,0.3483
1.3564,0.0004,1.1658,1.1483,0.3483
1.8369,0.0004,0.8047,2.0614,0.3399
1.4889,0.0006,0.7210,1.3346,0.3399
1.9022,0.0005,1.4203,1.8591,0.3461
1.8276,0.0003,1.1021,1.8498,0.3721
1.8785,0.0006,0.9167,1.8289,0.3507
1.3048,0.0004,1.4055,1.4178,0.3507
1.9315,0.0010,0.8364,1.9063,0.3378
1.5706,0.0006,0.8627,1.4828,0.3504
1.4288,0.0006,1.3067,1.4441,0.3504
1.5011,0.0006,0.8664,1.6439,0.3517
1.5914,0.0006,0.7788,1.6109,0.3508
1.9238,0.0007,1.0999,1.8616,0.3297
1.7738,0.0007,0.9015,1.6963,0.3608
1.5279,0.0005,0.9915,1.6056,0.3608
2.1536,0.0005,1.2716,2.0491,0.3505
1.3090,0.0004,1.0893,1.4175,0.3466
1.4803,0.0004,0.8488,1.2792,0.3466
1.5670,0.0004,1.1781,1.7604,0.3441
1.5411,0.0005,0.8305,1.5361,0.3441
1.8008,0.0005,0.7540,1.7819,0.3433
1.4151,0.0005,1.1090,1.4445,0.3433
1.9802,0.0004,0.7783,1.9169,0.3416
1.8280,0.0007,0.7973,1.7817,0.3384
1.6524,0.0008,1.3814,1.1435,0.3782
1.3619,0.0007,1.2220,1.9190,0.3782
1.9413,0.0006,0.7914,1.8427,0.3607
1.2229,0.0005,1.2546,1.3405,0.3607
1.3205,0.0007,0.8076,1.1570,0.3584
1.9316,0.0008,0.8099,2.0364,0.3394
1.2134,0.0006,1.3053,1.2141,0.3370
1.5577,0.0007,0.7974,1.3011,0.3370
2.0395,0.0007,0.7552,2.0787,0.3301
1.5518,0.0006,1.4746,1.6532,0.3301
2.1002,0.0015,1.0167,2.1762,0.3542
1.6526,0.0005,0.8854,1.6583,0.3491
1.6610,0.0005,1.4393,1.6643,0.3491
1.5362,0.0005,0.9277,1.5206,0.3573
1.9444,0.0006,0.9887,1.8721,0.3442
1.4553,0.0008,1.2018,1.5211,0.3365
1.7060,0.0009,0.8489,1.5398,0.3489
1.6747,0.0005,0.7887,1.7903,0.3565
2.0452,0.0009,1.2982,1.9919,0.3647
1.7275,0.0009,0.9880,1.7003,0.3831
1.5418,0.0012,1.3701,1.3382,0.3831
1.5851,0.0006,1.6697,1.8124,0.3516
2.2204,0.0007,1.0008,2.2298,0.3563
1.4873,0.0007,0.8554,1.5096,0.3563
1.9637,0.0007,1.1596,1.9494,0.3564
1.5156,0.0006,0.8959,1.4743,0.3564
1.7822,0.0007,0.7928,1.7678,0.3552
1.8431,0.0007,1.1734,1.8963,0.3465
1.6031,0.0007,0.8707,1.3372,0.3465
1.9457,0.0007,0.8763,1.8432,0.3559
1.5380,0.0005,1.2741,1.8663,0.3387
1.6887,0.0005,0.9458,1.6623,0.3387
1.8714,0.0007,0.9305,1.8876,0.3434
2.0871,0.0006,1.4087,2.0760,0.3529
1.8349,0.0008,1.0405,1.8332,0.3596
1.4122,0.0009,0.8490,1.3374,0.3491
2.2723,0.0165,1.2457,2.1187,0.3506
1.3219,0.0010,1.0966,1.3969,0.3604
1.4669,0.0007,1.0373,1.4417,0.3604
1.7963,0.0011,1.2578,1.8545,0.3508
1.7865,0.0007,0.9014,1.8725,0.3703
1.6149,0.0006,0.8078,1.5290,0.3449
2.2728,0.0006,1.1826,2.3036,0.3472
1.3549,0.0007,0.9057,1.4003,0.3493
1.6369,0.0006,0.7973,1.3131,0.3493
1.8501,0.0009,1.1570,2.1076,0.3517
2.1833,0.0008,0.9012,2.1810,0.3575
1.4560,0.0011,0.9624,1.4588,0.3575
2.2209,0.0009,1.3978,2.1992,0.3862
1.1985,0.0005,1.0174,1.2348,0.3862
2.0303,0.0005,0.8491,2.0020,0.3489
1.3026,0.0005,1.1723,1.3471,0.3485
1.6710,0.0009,0.8837,1.6427,0.3484
1.5258,0.0005,0.8032,1.5428,0.3363
1.3236,0.0006,1.1516,1.3288,0.3363
1.7234,0.0007,0.8209,1.5433,0.3525
1.2928,0.0006,0.9597,1.4406,0.3444
2.0382,0.0008,1.1690,1.9768,0.3355
1.9589,0.0007,0.9186,1.9252,0.3393
1.6003,0.0008,1.0081,1.6599,0.3634
1.2961,0.0008,1.2516,1.0144,0.3523
1.5244,0.0007,0.9127,1.7683,0.3624
1.8114,0.0006,0.8703,1.8221,0.3393
1.4702,0.0005,1.2269,1.5099,0.3393
1.8224,0.0007,0.8567,1.5755,0.3351
1.9292,0.0005,0.8624,2.1452,0.3540
1.7684,0.0005,1.4147,1.5784,0.3436
2.5244,0.0010,1.0047,2.5678,0.5319
1.5879,0.0008,0.9662,1.6815,0.3635
1.9051,0.0006,1.2343,1.8739,0.3635
1.6622,0.0007,0.8749,1.5140,0.3445
2.2411,0.0006,0.8317,2.3147,0.3324
1.5622,0.0008,1.2897,1.2395,0.3324
1.7525,0.0007,0.9400,2.1156,0.3463
1.7085,0.0006,0.8150,1.6190,0.3638
2.0344,0.0007,1.2077,2.1221,0.3445
1.6223,0.0013,0.9025,1.6096,0.3526
1.5637,0.0004,0.9901,1.5549,0.3846
1.4660,0.0005,1.3153,1.5247,0.3553
1.5308,0.0003,0.7945,1.5120,0.3553
1.4993,0.0003,0.7295,1.4749,0.3466
2.0640,0.0006,1.0399,2.0300,0.3628
2.1983,0.0006,0.8506,2.1535,0.3464
1.3690,0.0004,0.9282,1.4548,0.3464
1.6401,0.0004,1.1362,1.6367,0.3501
1.2820,0.0005,0.7290,1.2842,0.3501
1.6419,0.0007,0.7119,1.5595,0.3642
2.1389,0.0007,1.1951,1.9409,0.3427
1.6497,0.0006,1.0213,1.8713,0.3742
1.8800,0.0006,0.8364,1.8110,0.3505
1.5247,0.0007,1.2821,1.4543,0.3505
1.7257,0.0007,0.9127,1.6110,0.3379
1.8477,0.0007,1.0985,2.0418,0.3656
2.0015,0.0008,1.3174,1.8977,0.3359
1.8404,0.0008,1.0542,1.9539,0.3605
1.7873,0.0004,0.8977,1.4076,0.3417
2.0801,0.0009,1.8665,2.4023,0.3400
1.4548,0.0009,1.5009,1.2180,0.3400
2.1218,0.0007,0.8976,2.3590,0.3359
1.4989,0.0008,1.2096,1.4940,0.3398
1.8175,0.0007,0.9104,1.7371,0.3642
1.8951,0.0007,1.0137,1.9029,0.3496
1.3916,0.0008,1.3332,1.4174,0.3496
2.1028,0.0006,0.8985,2.0141,0.3287
1.5198,0.0007,0.9468,1.6156,0.3417
2.0719,0.0010,1.3159,2.0601,0.3652
1.6831,0.0007,1.0503,1.7035,0.3598
1.7449,0.0007,0.9115,1.7213,0.3482
1.5727,0.0008,1.3196,1.3717,0.3343
1.8450,0.0005,1.1423,2.0326,0.3451
1.9085,0.0008,0.8510,1.8763,0.3497
1.6548,0.0009,1.2312,1.6598,0.3497
1.8445,0.0007,0.8942,1.8194,0.3652
1.0327,0.0005,0.9836,1.1112,0.3652
2.3181,0.0012,1.1447,2.1972,0.3494
2.0053,0.0012,0.9655,1.6595,0.3680
1.7020,0.0011,1.3432,2.0596,0.3609
1.8165,0.0004,1.2793,1.7575,0.3576
1.4895,0.0005,1.0190,1.5076,0.3576
1.9095,0.0008,0.9364,1.9480,0.3413
1.7267,0.0006,1.2757,1.6210,0.3483
1.7052,0.0003,0.9203,1.8494,0.3501
2.1011,0.0005,0.8028,2.0159,0.3775
1.4199,0.0005,1.2878,1.4664,0.3433
1.8411,0.0007,0.9119,1.7627,0.3658
1.7170,0.0007,0.9889,1.7388,0.3768
1.3665,0.0006,1.4342,1.1265,0.3768
2.4029,0.0006,0.9400,2.6019,0.3597
1.2912,0.0007,0.9146,1.3559,0.3597
2.3070,0.0009,1.2152,2.2171,0.3538
1.4042,0.0005,0.9094,1.4768,0.3454
1.5727,0.0006,0.8714,1.5783,0.3467
2.0420,0.0007,1.1813,2.0132,0.3467
1.9183,0.0005,0.8885,1.8717,0.3519
1.9687,0.0005,0.9816,1.6633,0.3564
2.0103,0.0007,1.6281,2.2415,0.3563
1.3523,0.0005,1.0461,1.4199,0.3563
1.9544,0.0005,0.9104,1.9513,0.3497
2.4448,0.0005,1.2885,2.4342,0.3530
1.5281,0.0005,0.9242,1.5486,0.3322
1.6849,0.0006,0.7852,1.7026,0.3529
1.9081,0.0010,1.1345,1.8166,0.3676
1.5800,0.0011,1.0789,0.9656,0.3783
1.3236,0.0008,1.5159,1.7847,0.3783
2.3186,0.0006,1.3995,2.2006,0.3568
1.2966,0.0004,1.1656,1.5976,0.3562
1.5521,0.0006,0.8967,1.5523,0.3577
1.4249,0.0006,1.2871,1.4450,0.3608
1.1848,0.0008,0.7359,1.0600,0.3441
1.3708,0.0006,0.8622,1.4779,0.3441
2.1082,0.0006,1.0854,2.0824,0.3506
1.4977,0.0004,0.8824,1.4753,0.3462
1.0487,0.0004,1.0167,1.0093,0.3462
2.0191,0.0011,1.3879,1.9441,0.5080
1.7032,0.0010,1.2701,1.5638,0.3779
1.3974,0.0008,1.2787,1.5055,0.3779
1.5771,0.0006,1.2846,1.6729,0.3657
2.0093,0.0006,0.9374,1.9939,0.3498
0.7932,0.0005,0.8651,0.8277,0.3498
1.8452,0.0006,1.1416,1.5130,0.3609
1.9103,0.0005,0.8934,2.1954,0.3587
1.2458,0.0005,0.8382,1.2622,0.3642
1.1939,0.0004,1.1766,0.9908,0.3642
1.5098,0.0010,0.8239,1.6580,0.3501
1.9264,0.0009,0.8731,1.8441,0.3523
1.5486,0.0007,1.5020,1.5212,0.3641
2.0765,0.0005,0.9424,1.9896,0.3500
1.8038,0.0007,0.8667,1.9811,0.3327
1.4126,0.0006,1.2702,1.4478,0.3528
1.7390,0.0005,0.8979,1.7469,0.3431
1.7837,0.0005,0.7578,1.5224,0.3416
1.2153,0.0005,1.4145,1.4874,0.3416
1.6421,0.0005,0.7607,1.3965,0.3558
1.6627,0.0006,0.7677,1.7824,0.3481
2.3879,0.0008,1.2455,2.3735,0.3535
1.6202,0.0007,1.0207,1.6905,0.3423
1.6450,0.0004,0.8969,1.4624,0.3579
1.9000,0.0004,1.1905,1.9791,0.3476
1.8631,0.0003,1.0035,1.9702,0.3481
2.0573,0.0004,0.8117,2.0181,0.3403
1.6952,0.0006,1.2101,1.5947,0.3415
1.7078,0.0006,0.9706,1.8076,0.3415
1.4020,0.0005,0.8284,1.3000,0.3462
2.2660,0.0008,1.3641,2.2748,0.3495
1.5772,0.0006,1.0589,1.6092,0.3823
1.5522,0.0004,1.0347,1.6056,0.3540
1.6777,0.0005,1.3527,1.6535,0.3471
1.2754,0.0007,0.7996,0.9928,0.3471
1.6172,0.0006,0.7533,1.7058,0.3631
2.1081,0.0007,1.0983,2.1473,0.3431
1.5054,0.0006,0.9697,1.6336,0.3431
1.9805,0.0005,0.7948,1.9510,0.3497
1.7921,0.0009,1.1860,1.6868,0.3497
1.9530,0.0006,0.9360,1.9725,0.3689
1.7750,0.0007,1.0899,1.7766,0.3421
1.5721,0.0004,1.3769,1.6602,0.3421
2.1710,0.0007,0.8572,2.0999,0.3671
1.4748,0.0006,1.0590,1.5165,0.3671
2.0039,0.0006,1.1756,1.9668,0.3316
1.5080,0.0006,0.9032,1.1191,0.3316
1.5961,0.0006,0.8664,1.9868,0.3377
2.0854,0.0004,1.3739,2.0548,0.3427
2.0701,0.0007,1.1741,2.0438,0.3741
1.5788,0.0007,1.1536,1.6052,0.3741
1.5434,0.0008,1.4485,1.5418,0.3608
1.6896,0.0010,0.7877,1.7013,0.3402
1.6015,0.0008,0.7262,1.4250,0.3405
1.5402,0.0006,1.2697,1.6371,0.3540
2.1259,0.0010,1.0174,2.1514,0.3580
1.5040,0.0009,0.8060,1.4958,0.3409
1.8035,0.0005,1.1940,1.6339,0.3411
2.1923,0.0008,0.8710,2.0941,0.3645
1.1396,0.0007,1.0883,1.3854,0.3455
1.4641,0.0004,1.2499,1.3591,0.3455
1.8848,0.0004,0.7484,2.0183,0.3530
1.5952,0.0005,0.6915,1.2995,0.3359
1.4785,0.0006,1.0695,1.6892,0.3537
1.6713,0.0009,0.7685,1.6037,0.3467
1.5465,0.0008,0.9279,1.3362,0.3467
1.6293,0.0006,1.2880,1.9417,0.3544
1.9643,0.0007,0.7778,1.9544,0.3427
1.7592,0.0007,0.7635,1.6498,0.3427
2.0760,0.0006,1.4905,2.1009,0.3569
1.3377,0.0005,1.2434,1.2431,0.3574
2.0328,0.0005,0.7363,2.1834,0.3523
1.4355,0.0007,1.1042,1.4621,0.3523
1.5550,0.0007,0.7364,1.5438,0.3328
1.7232,0.0005,0.7187,1.3494,0.3422
1.6881,0.0004,1.1433,2.0674,0.3415
1.3512,0.0004,0.6982,1.2526,0.3475
1.6137,0.0005,0.6337,1.5222,0.3476
1.7845,0.0004,0.9780,1.9462,0.3517
1.8522,0.0008,0.7071,1.7417,0.3522
1.8933,0.0005,0.8597,1.9737,0.3672
1.3223,0.0003,1.1680,1.1736,0.3430
1.5246,0.0005,0.7277,1.4540,0.3404
1.7831,0.0006,0.6940,1.7464,0.3355
2.2271,0.0006,1.4127,2.4530,0.3473
1.3840,0.0005,0.9964,1.4064,0.3497
1.3160,0.0005,0.7322,1.3093,0.3497
1.4203,0.0005,1.0116,1.4157,0.3361
1.8237,0.0005,0.7193,1.2947,0.3396
1.7475,0.0007,0.9942,2.1937,0.3396
1.5120,0.0006,1.3110,1.2173,0.6513
1.8292,0.0005,0.8111,1.9334,0.3656
1.9024,0.0007,0.7443,2.1005,0.3395
1.7435,0.0006,1.1905,1.7095,0.3534
1.9368,0.0009,0.8464,1.8127,0.3396
1.8219,0.0009,0.9126,1.9660,0.3360
1.2742,0.0006,1.3164,1.2787,0.3360
1.5457,0.0004,0.7168,1.3609,0.3398
1.7601,0.0190,0.6711,1.6553,0.3435
1.2788,0.0006,1.3915,1.3990,0.3540
1.2991,0.0006,0.8541,1.4334,0.3526
1.7940,0.0007,0.8092,1.7950,0.3642
1.2929,0.0005,1.2912,1.1013,0.3428
1.3812,0.0005,0.7006,1.4544,0.3486
1.7004,0.0004,0.7723,1.8610,0.3477
1.5287,0.0004,0.9947,1.5148,0.3477
1.3114,0.0004,0.6471,1.1136,0.3565
1.3609,0.0004,0.6244,1.3313,0.3479
1.3341,0.0003,0.9326,1.3740,0.3448
1.7811,0.0005,0.6275,1.7922,0.3431
1.4605,0.0004,0.7773,1.5869,0.3431
1.4759,0.0005,1.0633,1.4704,0.3709
1.7217,0.0004,0.7383,1.7290,0.3618
1.1460,0.0003,0.6753,1.1833,0.3463
1.3395,0.0003,0.9394,1.1090,0.3463
1.4767,0.0004,0.6598,1.5040,0.3605
1.2851,0.0003,0.8429,1.4560,0.3605
1.2371,0.0004,0.9485,1.2346,0.3497
1.0914,0.0004,0.6630,1.0938,0.3644
1.2717,0.0004,0.6354,1.2389,0.3472
1.5510,0.0006,0.9680,1.4571,0.3481
1.0581,0.0005,0.7847,0.9409,0.3384
1.4755,0.0005,0.6388,1.5801,0.3426
1.8803,0.0006,1.4031,1.5190,0.3824
1.0877,0.0006,1.2115,1.3833,0.3605
1.1935,0.0005,0.8415,1.3343,0.3605
1.7181,0.0005,0.9785,1.7179,0.3571
0.9585,0.0005,0.6500,0.9651,0.3571
1.4244,0.0003,0.6245,1.1891,0.3726
1.7883,0.0004,0.9351,1.9883,0.3386
1.5189,0.0006,0.6554,1.5383,0.3567
1.7716,0.0004,0.6993,1.7223,0.3535
1.4709,0.0003,1.0097,1.5096,0.3454
1.5294,0.0004,0.6628,1.5095,0.3454
1.5192,0.0004,0.6903,1.3274,0.3619
1.8698,0.0005,1.5524,1.4622,0.3514
0.9038,0.0003,1.1661,1.2435,0.3514
1.2707,0.0003,0.6789,1.5338,0.3580
1.6264,0.0003,1.0717,1.6194,0.3325
1.2074,0.0003,0.6340,1.2018,0.3400
1.0069,0.0003,0.5974,1.0031,0.3419
1.3945,0.0004,0.9096,1.2791,0.3498
1.3984,0.0003,0.7131,1.5087,0.3595
1.1357,0.0003,0.6100,0.9110,0.3595
1.5405,0.0003,1.0168,1.7620,0.3498
1.2170,0.0005,0.5716,1.0527,0.3498
1.5621,0.0007,0.8021,1.3901,0.3556
1.5207,0.0004,1.3515,1.7792,0.3808
1.1990,0.0007,0.8637,1.2105,0.3808
1.4725,0.0004,0.7079,1.4900,0.3577
1.1760,0.0003,0.9900,1.0898,0.3515
1.3405,0.0003,0.7038,1.4165,0.3581
1.2131,0.0003,0.6241,1.0671,0.3454
1.3149,0.0004,0.9961,1.4392,0.3479
1.8126,0.0006,0.6663,1.7628,0.3335
1.5560,0.0007,0.7729,1.5863,0.3444
1.3898,0.0005,1.1090,1.2367,0.3444
1.5116,0.0007,0.6788,1.6068,0.3404
1.3741,0.0006,0.7335,1.2634,0.3733
1.6552,0.0006,1.3531,1.4323,0.3617
1.1239,0.0004,1.0635,1.3145,0.3617
1.5145,0.0003,0.7706,1.4970,0.3507
1.3737,0.0003,0.9954,1.3756,0.3626
1.5347,0.0007,0.6903,1.7258,0.3538
1.2719,0.0005,0.6233,0.9538,0.3538
1.8784,0.0003,0.9479,2.1865,0.3458
1.1164,0.0003,0.6145,1.1300,0.3439
1.4250,0.0004,0.6073,1.2022,0.3439
1.5512,0.0008,0.9649,1.7156,0.3554
2.1725,0.0008,0.7321,1.7365,0.3776
1.2146,0.0008,1.3653,1.6229,0.3687
1.4732,0.0005,1.1940,1.2232,0.3687
1.6263,0.0003,0.7422,1.7640,0.3515
1.6979,0.0004,0.6787,1.4547,0.3450
1.9214,0.0004,1.0173,2.3029,0.3383
1.1052,0.0003,0.6299,1.1354,0.3383
1.3321,0.0003,0.5751,1.2989,0.3600
1.9371,0.0003,0.9309,1.9390,0.3478
1.0143,0.0004,0.6364,0.8711,0.3478
1.2222,0.0004,0.7468,1.3361,0.3646
1.7253,0.0004,0.9322,1.5155,0.5725
1.4574,0.0005,0.7928,1.6337,0.3608
1.3409,0.0004,0.7367,1.3510,0.3570
0.9767,0.0003,0.9939,0.9381,0.3570
1.1813,0.0003,0.6333,1.2442,0.3601
1.1873,0.0004,0.5831,1.1753,0.3407
1.4544,0.0005,0.9554,1.4366,0.3403
1.3270,0.0003,0.7130,1.1964,0.3628
1.1696,0.0004,0.9714,1.2585,0.3628
1.2821,0.0006,1.0019,1.3000,0.3354
1.4555,0.0005,0.8772,1.3987,0.3574
1.5984,0.0003,0.7062,1.5824,0.3432
1.9727,0.0007,1.3776,1.0085,0.3492
0.8322,0.0004,1.3942,1.4222,0.3492
1.4931,0.0175,0.7700,1.6472,0.3596
1.0834,0.0004,1.2977,1.2246,0.3596
1.3713,0.0003,0.6755,1.3665,0.3544
1.3412,0.0004,0.6268,1.2023,0.3463
1.2885,0.0003,1.0804,1.4371,0.3463
1.3601,0.0003,0.6216,1.3441,0.3526
1.1780,0.0006,0.6689,0.9624,0.3526
1.4980,0.0005,1.0187,1.4566,0.3444
1.4467,0.0005,0.7692,1.4889,0.3642
1.2294,0.0004,0.8336,1.3005,0.3509
1.1973,0.0004,1.1221,1.2467,0.3509
1.9202,0.0006,0.7698,1.6158,0.3400
1.3164,0.0005,0.7697,1.6520,0.3927
1.2555,0.0004,1.1146,1.2647,0.3476
1.5922,0.0005,0.6948,1.3866,0.3445
1.0604,0.0003,0.7512,1.2810,0.3445
1.1265,0.0003,0.9255,1.1208,0.3541
1.0296,0.0004,0.6153,1.0234,0.3460
1.2711,0.0003,0.6082,1.2216,0.3290
1.8694,0.0004,0.9064,1.8994,0.3385
0.9840,0.0005,0.6595,0.9693,0.3385
1.3836,0.0004,0.6527,1.2128,0.3524
1.2927,0.0004,1.1735,1.2772,0.3481
1.3274,0.0005,0.7355,1.4156,0.3481
1.5758,0.0005,0.6754,1.6244,0.3573
1.5516,0.0006,1.0914,1.5810,0.3652
1.3129,0.0004,0.7738,1.3240,0.3462
1.3687,0.0004,0.6592,1.1875,0.3582
1.5252,0.0005,1.1977,1.4351,0.3558
1.2545,0.0003,0.9584,1.5195,0.3558
1.4204,0.0004,0.6263,1.3637,0.3545
1.6187,0.0004,0.9910,1.5417,0.3553
1.3550,0.0004,0.8136,1.4741,0.3498
1.3769,0.0004,0.6641,1.0244,0.3498
1.3838,0.0003,1.1035,1.6302,0.3632
1.1854,0.0005,0.9292,1.1299,0.3632
1.5232,0.0005,0.7328,1.4667,0.3708
1.2498,0.0006,1.0961,1.4232,0.3719
1.3818,0.0005,0.7141,1.2322,0.3628
1.4880,0.0004,0.6095,1.5378,0.3514
1.2324,0.0005,1.0599,1.1594,0.3392
1.4668,0.0005,0.7000,1.4529,0.3522
1.4389,0.0004,0.7916,1.6074,0.3485
1.3856,0.0005,0.9767,1.3125,0.3499
1.5157,0.0005,0.7234,1.4086,0.3511
1.4858,0.0005,0.6794,1.4892,0.3540
1.4967,0.0004,0.9570,1.6280,0.3534
1.2406,0.0005,0.6427,1.2271,0.3507
1.3871,0.0006,0.7000,1.2379,0.3462
1.7975,0.0005,1.2416,1.9552,0.3562
1.6026,0.0004,0.7876,1.6191,0.3478
0.9633,0.0003,0.6998,0.9775,0.3478
1.3020,0.0004,0.9611,1.2891,0.3398
1.1170,0.0004,0.6171,1.1065,0.3351
1.8080,0.0004,0.6153,1.7841,0.3649
1.1552,0.0003,0.9814,1.1764,0.3649
1.1910,0.0004,0.6417,1.0293,0.3483
1.6589,0.0005,0.6052,1.5782,0.3496
1.2969,0.0004,1.1569,1.5303,0.3475
1.2078,0.0004,0.5955,1.1898,0.3475
1.2752,0.0004,0.6386,1.1071,0.3697
1.3298,0.0004,1.0438,1.4677,0.4037
1.6190,0.0003,0.7204,1.6326,0.3539
1.2304,0.0003,0.6300,1.2303,0.3503
1.5655,0.0003,0.9503,1.4289,0.3553
1.1769,0.0003,0.8618,1.1939,0.3522
1.5227,0.0004,0.7768,1.6246,0.3549
1.1379,0.0003,0.9624,0.9689,0.3549
1.2124,0.0003,0.6411,1.3862,0.3496
1.2656,0.0005,0.6953,1.1144,0.3429
1.2955,0.0004,1.2880,1.3573,0.3487
0.9173,0.0003,0.6925,0.9671,0.3487
2.2626,0.0007,0.6332,2.1437,0.5367
1.9237,0.0007,1.4620,0.8776,0.3609
0.7816,0.0004,1.3010,0.8776,0.3586
0.7881,0.0005,0.6681,0.8830,0.3586
1.3919,0.0005,0.9771,1.5578,0.3441
1.1946,0.0003,0.6570,1.2114,0.3598
1.5821,0.0003,0.8209,1.5736,0.3666
1.2032,0.0005,0.9665,1.1938,0.3613
1.3427,0.0003,0.6834,1.2230,0.3613
1.2833,0.0004,0.6106,1.3906,0.3454
1.3203,0.0004,0.9615,1.3243,0.3382
1.5723,0.0004,0.6545,1.5758,0.3439
1.1080,0.0006,0.6161,0.9681,0.3439
2.2552,0.0007,1.1251,2.3484,0.4010
1.2652,0.0005,0.7441,1.2765,0.3416
1.5569,0.0006,0.7171,1.4210,0.3634
1.2400,0.0005,1.1858,1.3782,0.3716
1.2239,0.0006,0.6768,1.2382,0.3534
1.2004,0.0003,0.6163,1.1770,0.3491
1.2655,0.0004,0.9032,1.2543,0.3478
0.8576,0.0003,0.6272,0.6993,0.3478
1.2062,0.0004,0.5838,1.2046,0.3601
1.5060,0.0003,0.9043,1.5311,0.3444
1.0210,0.0003,0.8139,1.1182,0.3490
1.2726,0.0004,0.5904,1.0591,0.3369
1.8554,0.0006,0.9769,2.0057,0.3837
1.1862,0.0006,1.0246,1.1306,0.3837
1.6576,0.0006,0.7921,1.5813,0.3394
1.0400,0.0004,1.2108,1.1755,0.3394
1.2953,0.0005,0.6605,1.0891,0.3410
1.1784,0.0003,0.8689,1.2670,0.3410
1.3700,0.0003,1.1396,1.4858,0.3536
1.1443,0.0003,0.6926,1.1810,0.3473
1.3065,0.0004,0.7673,1.0993,0.3429
1.0159,0.0003,1.1626,1.1012,0.3429
1.4714,0.0004,0.6435,1.4949,0.3655
1.3644,0.0003,0.6630,1.4490,0.3519
1.1832,0.0006,0.9423,1.1288,0.3379
1.3940,0.0006,0.7119,1.2746,0.3706
1.3614,0.0004,0.7332,1.4811,0.3782
1.2458,0.0003,1.0494,1.2731,0.3626
1.3635,0.0003,0.7740,1.2008,0.3614
1.3647,0.0004,0.7751,1.5159,0.3498
1.3100,0.0003,0.9737,1.2906,0.3594
1.2502,0.0004,0.6711,1.2102,0.3506
1.3616,0.0004,0.6260,1.2280,0.3426
1.4963,0.0004,1.1638,1.5774,0.3632
1.0075,0.0004,0.9143,1.1030,0.3632
1.2008,0.0004,0.6251,1.2017,0.3429
1.4676,0.0005,0.9633,1.3247,0.3489
1.0693,0.0007,0.9402,1.0414,0.3489
1.8500,0.0008,0.8496,1.9346,0.3552
1.8223,0.0005,1.1931,1.8427,0.3556
1.5128,0.0003,0.8406,1.5437,0.3695
1.9290,0.0005,0.6811,0.7496,0.3695
2.0370,0.0006,0.9858,3.0439,0.3532
0.7117,0.0004,0.8357,0.8912,0.3532
1.4363,0.0004,0.6173,1.3217,0.3526
0.9580,0.0004,1.0673,0.9747,0.3526
1.3185,0.0004,0.5935,1.3569,0.3491
1.3794,0.0005,0.6250,1.4059,0.3398
1.8858,0.0005,0.9225,1.5180,0.3561
1.4028,0.0005,1.7583,1.6337,0.3522
1.5018,0.0005,0.9464,1.5439,0.3615
1.6555,0.0003,1.1172,1.7117,0.3650
1.4554,0.0004,0.7249,1.4568,0.3506
1.2391,0.0002,0.8473,0.9391,0.3506
1.8012,0.0004,0.9888,2.0962,0.3454
1.3742,0.0004,0.6426,1.2098,0.3454
1.5171,0.0004,0.6427,1.6544,0.3574
1.5553,0.0005,1.0018,1.3440,0.3439
1.3459,0.0007,0.7544,1.5636,0.3553
1.8003,0.0005,0.6804,1.3202,0.3408
1.8524,0.0004,1.1905,2.1247,0.3490
1.5189,0.0004,0.9402,1.6755,0.3709
1.5668,0.0005,0.7792,1.5598,0.3457
1.0728,0.0005,1.0863,1.0176,0.3457
1.4756,0.0004,0.7413,1.5510,0.3480
1.2704,0.0005,0.7579,1.2844,0.3474
1.4410,0.0004,0.9501,1.2581,0.3597
1.5734,0.0008,0.7499,1.6101,0.3445
1.5642,0.0007,0.8358,1.6689,0.3471
1.6891,0.0005,1.0685,1.5584,0.3633
1.2601,0.0006,0.8462,1.1952,0.3633
2.1182,0.0005,0.7189,2.2753,0.3490
1.2062,0.0004,1.0632,1.2521,0.3490
1.6785,0.0003,0.6830,1.6477,0.3442
0.8925,0.0003,0.6748,0.8563,0.3442
1.8656,0.0004,1.0195,1.8181,0.3512
1.7128,0.0003,0.7569,1.8229,0.3440
0.9035,0.0003,0.5890,0.7193,0.3440
1.2974,0.0005,0.9209,1.4638,0.3462
1.7524,0.0004,0.7955,1.7049,0.3368
1.1391,0.0010,0.6609,0.9710,0.3368
1.3425,0.0006,0.9693,1.3440,0.3519
1.7782,0.0006,0.6214,1.8617,0.5635
1.1087,0.0003,0.8249,1.1948,0.3568
1.2140,0.0003,1.0897,1.2186,0.3576
1.0580,0.0006,0.6884,1.0436,0.3576
1.4983,0.0003,0.6616,1.2999,0.3567
1.2349,0.0004,1.1165,1.2428,0.3635
1.2962,0.0003,0.8098,1.4798,0.3635
1.2823,0.0003,0.6214,1.1755,0.3680
1.1085,0.0004,1.0733,1.2082,0.3661
1.2433,0.0005,0.6552,1.2480,0.3537
1.3557,0.0004,0.6348,1.1425,0.3479
1.4596,0.0003,1.2591,1.3631,0.3438
1.1014,0.0003,0.9417,1.1638,0.3459
1.7604,0.0005,0.8075,1.7726,0.3599
1.4796,0.0007,1.1796,1.6300,0.3786
1.4187,0.0005,0.7949,1.2588,0.3677
2.0377,0.0006,0.6565,2.2332,0.3689
0.9965,0.0005,0.9746,0.7520,0.3689
1.1376,0.0004,0.6823,1.2632,0.3429
1.9381,0.0005,0.6906,1.8845,0.3434
1.9471,0.0006,1.7145,0.7564,0.3516
0.7582,0.0003,1.2705,0.7564,0.3625
0.9526,0.0005,0.6266,1.0172,0.3625
1.7144,0.0005,1.1241,1.3090,0.3427
1.1102,0.0012,1.3116,1.0081,0.3561
1.0232,0.0007,1.0338,1.5211,0.3561
1.5778,0.0004,1.0875,1.6054,0.3866
1.2593,0.0006,0.6827,1.1864,0.3395
1.4857,0.0004,0.6880,1.3786,0.3479
1.3369,0.0003,1.1075,1.3455,0.3479
1.2991,0.0003,0.6567,1.3588,0.3540
1.5933,0.0003,0.6244,1.5083,0.3288
1.5887,0.0004,1.0197,1.7741,0.3351
1.2944,0.0004,0.6210,1.2296,0.3495
1.2119,0.0003,0.6197,1.2337,0.3427
1.3992,0.0005,0.8927,1.2916,0.3485
0.9980,0.0004,0.7763,1.0521,0.3447
1.2224,0.0004,0.9495,1.2603,0.3447
1.6023,0.0005,0.9869,1.3849,0.3410
1.2720,0.0004,0.7697,1.5031,0.3476
1.2121,0.0005,0.6775,1.0320,0.3476
1.6156,0.0004,1.0158,1.7777,0.3373
1.4347,0.0005,0.6771,1.4092,0.3589
1.2473,0.0004,0.8125,0.9009,0.3589
1.5307,0.0003,1.3208,1.6630,0.3491
1.1018,0.0004,1.0152,1.1802,0.3491
1.5131,0.0007,0.6385,1.6570,0.3460
1.1930,0.0005,0.9533,0.9852,0.3460
1.3313,0.0003,0.6683,1.4756,0.3462
1.3089,0.0005,0.6799,1.2932,0.3614
1.7944,0.0004,1.0668,1.5997,0.3347
1.4780,0.0004,0.8403,1.7240,0.3684
1.6209,0.0004,0.7154,1.4700,0.3491
1.0991,0.0003,1.1761,0.9377,0.3523
1.4590,0.0007,0.7065,1.7368,0.3523
1.4171,0.0007,0.6383,1.2206,0.3525
0.9963,0.0006,1.1168,1.2093,0.3525
1.0968,0.0004,0.6431,1.0956,0.3500
1.4060,0.0005,0.6115,1.4040,0.3489
1.2602,0.0011,0.9413,1.2487,0.3428
1.2345,0.0004,0.7197,1.1079,0.3484
1.5280,0.0004,0.6439,1.6237,0.3520
1.4217,0.0005,1.0571,1.1564,0.3831
1.6566,0.0004,0.7956,1.6709,0.3421
1.7874,0.0005,0.9178,1.9525,0.3536
1.1695,0.0004,1.1744,1.1326,0.3569
1.0137,0.0005,0.7400,1.1348,0.3471
1.0118,0.0005,0.6191,0.9898,0.3471
1.4367,0.0004,0.9430,1.2607,0.3616
1.3831,0.0010,0.6703,1.4749,0.3474
1.3978,0.0004,0.6451,1.2877,0.3453
1.2177,0.0003,1.0511,1.3868,0.3480
1.4035,0.0003,0.6511,1.1894,0.3412
1.4213,0.0005,0.6420,1.6387,0.3585
1.5246,0.0007,0.9737,1.3688,0.3536
1.5895,0.0005,0.8487,1.7079,0.3590
1.1796,0.0005,0.7701,1.1390,0.3590
1.4925,0.0003,1.0039,1.5463,0.3513
1.3693,0.0004,0.6858,1.2233,0.3602
1.4084,0.0003,0.6338,1.4269,0.3348
1.7174,0.0004,1.0103,1.8366,0.3386
1.3147,0.0003,0.7172,1.0841,0.3440
1.1517,0.0004,0.7499,1.2221,0.3440
1.4033,0.0003,0.9584,1.5770,0.3367
1.3236,0.0003,0.6067,1.0465,0.3389
1.7057,0.0005,0.6133,1.9433,0.3364
1.5827,0.0003,1.2068,1.3242,0.3620
1.8661,0.0003,0.8505,2.0651,0.3600
1.7636,0.0004,0.7344,1.7754,0.3738
1.1338,0.0004,1.0377,1.1417,0.3489
1.5405,0.0011,0.6597,1.5616,0.3512
1.3570,0.0003,0.6306,1.2060,0.3387
1.0871,0.0003,1.1220,1.2199,0.3387
1.1122,0.0003,0.6690,1.1165,0.3394
1.3246,0.0004,0.6429,1.2049,0.3454
1.5230,0.0004,1.0877,1.6302,0.3640
0.9693,0.0003,0.6809,0.7532,0.3640
2.0380,0.0010,0.6397,2.0702,0.3506
1.9797,0.0007,1.6542,1.1962,0.3558
1.1996,0.0005,1.2911,1.2103,0.3454
0.9946,0.0004,1.1171,1.4497,0.3574
1.0476,0.0004,1.0467,1.1192,0.3574
1.6139,0.0004,0.6330,1.5878,0.3546
1.1241,0.0004,0.6409,0.9687,0.3546
1.4032,0.0004,1.0589,1.5584,0.3345
1.3735,0.0005,0.6480,1.3208,0.3520
1.2331,0.0007,0.6613,1.2443,0.3398
1.4273,0.0005,0.9688,1.2718,0.3405
1.7903,0.0004,0.7902,1.8978,0.3561
1.5620,0.0008,0.6968,1.3606,0.3561
1.5161,0.0007,1.0883,1.7482,0.3536
1.4536,0.0005,0.7972,1.3627,0.3533
1.2606,0.0005,0.8544,1.3676,0.3527
1.2768,0.0004,1.1728,1.2718,0.3554
1.1785,0.0004,0.7588,1.1621,0.3497
1.1833,0.0004,0.7513,1.2001,0.3472
1.4484,0.0004,0.9198,1.1293,0.3650
1.0593,0.0003,0.7606,1.3414,0.3650
1.2450,0.0005,0.6017,1.1459,0.3588
1.4679,0.0004,0.9443,1.4687,0.3381
1.1727,0.0004,0.7216,1.1652,0.3524
1.8298,0.0009,0.6105,1.8959,0.3798
1.2931,0.0007,1.1372,1.2562,0.3798
1.4839,0.0005,0.8271,1.2476,0.3710
1.3307,0.0005,0.7384,1.5990,0.3500
1.1574,0.0005,1.0292,1.1432,0.3500
1.3843,0.0004,0.6465,1.4210,0.3494
1.3617,0.0003,0.6098,1.1081,0.3504
1.6188,0.0004,0.9650,1.6733,0.3480
1.0541,0.0004,0.8693,1.2353,0.3478
1.2303,0.0003,0.9518,1.0615,0.3478
1.4063,0.0003,0.9736,1.4972,0.3470
1.3234,0.0004,0.7348,1.1089,0.3620
1.1038,0.0004,0.7700,1.2926,0.3620
1.7193,0.0010,1.0395,1.6932,0.3732
1.4305,0.0007,0.8654,1.3766,0.3897
1.4670,0.0011,0.8061,1.4297,0.3559
1.3911,0.0005,1.0313,1.4272,0.3515
1.1507,0.0003,0.7933,1.1094,0.3515
1.2747,0.0004,0.6257,1.4289,0.3492
1.8969,0.0005,0.9882,1.8904,0.3390
1.1340,0.0004,0.6753,0.9862,0.3476
1.2882,0.0003,0.7494,1.1953,0.3476
1.3148,0.0003,0.9409,1.5185,0.3541
1.3838,0.0004,0.6953,1.2775,0.3381
1.0657,0.0004,0.7660,1.1898,0.3381
1.9870,0.0008,1.0215,1.8680,0.3643
1.8553,0.0005,0.8909,1.9209,0.3516
1.2935,0.0004,0.8403,1.1720,0.3516
1.4728,0.0004,1.2097,1.4161,0.3440
1.5020,0.0004,0.8528,1.5087,0.3654
1.1287,0.0003,0.6743,1.3389,0.3518
1.6778,0.0003,0.9438,1.6636,0.3589
1.3366,0.0005,0.6126,1.1960,0.3335
0.8799,0.0004,0.7780,0.9541,0.3335
1.1851,0.0006,1.0254,1.2048,0.3496
1.4662,0.0003,0.6090,1.4886,0.3689
1.2128,0.0004,0.6469,1.1676,0.3731
2.0490,0.0004,1.1246,2.0332,0.3622
1.2811,0.0004,0.7978,1.0725,0.3876
1.3580,0.0005,0.8890,1.5717,0.3616
1.2977,0.0005,1.0233,1.3009,0.3616
1.4423,0.0005,0.6365,1.2914,0.3413
1.2150,0.0004,0.6285,1.2712,0.3467
1.6217,0.0005,0.9632,1.7282,0.3382
1.2528,0.0004,0.7079,1.0482,0.3449
1.4436,0.0007,0.7962,1.5421,0.3449
1.4530,0.0004,1.0358,1.5456,0.3568
1.4071,0.0005,0.7228,1.3211,0.3543
1.5317,0.0006,0.6614,1.5809,0.3388
2.2750,0.0006,1.0591,2.0856,0.3603
1.3278,0.0006,1.1448,1.4341,0.3460
1.1965,0.0006,0.8541,1.2187,0.3460
1.8184,0.0008,1.4809,1.2792,0.3393
0.7398,0.0005,1.0574,1.3366,0.3393
1.1887,0.0004,0.6289,1.0753,0.3425
1.3980,0.0004,1.0898,1.2832,0.3592
1.6278,0.0005,0.8024,1.7910,0.3474
1.0929,0.0003,0.7332,1.1174,0.3524
1.0360,0.0005,1.0604,0.9690,0.3524
1.3022,0.0003,0.6695,1.3616,0.3560
1.5285,0.0004,0.6350,1.4256,0.3544
1.7848,0.0004,1.0566,1.7627,0.3599
1.2733,0.0004,0.8681,1.1790,0.3599
1.3815,0.0003,0.6852,1.4226,0.3518
1.1900,0.0005,1.1181,1.1614,0.3518
1.6960,0.0003,0.6282,1.8696,0.3521
1.0921,0.0003,0.6159,0.9277,0.3521
1.4125,0.0005,1.0335,1.3946,0.3541
1.1682,0.0005,0.7549,1.1997,0.3585
1.1650,0.0005,0.6497,1.2629,0.3423
1.5519,0.0005,0.9623,1.6048,0.3540
1.1851,0.0005,0.6192,0.9306,0.3540
1.3066,0.0007,0.5919,1.3669,0.3465
1.6318,0.0005,0.9728,1.6885,0.3586
1.5486,0.0004,0.8157,1.2797,0.3444
1.4546,0.0004,0.7610,1.8127,0.3627
1.3454,0.0006,0.9957,1.2158,0.3503
1.1686,0.0004,0.8359,0.8370,0.3486
0.7415,0.0006,1.1051,1.2038,0.3486
1.3392,0.0005,0.9130,1.0679,0.3451
1.4583,0.0005,0.6444,1.5627,0.3579
1.4874,0.0004,0.8391,1.6346,0.3579
1.5631,0.0004,1.2773,0.9871,0.3698
0.8031,0.0004,0.9394,1.3095,0.3698
1.3576,0.0005,0.5695,1.3142,0.3515
1.2843,0.0005,0.9568,0.9929,0.3453
1.5292,0.0006,0.8381,1.7917,0.3447
1.2831,0.0003,0.7350,1.1866,0.3905
1.4530,0.0004,1.0594,1.3451,0.3444
1.5659,0.0004,0.7166,1.5515,0.3474
1.4815,0.0004,0.7259,1.7332,0.3428
1.2787,0.0003,0.9867,1.2816,0.3678
1.3247,0.0004,0.7336,1.1281,0.3571
1.4125,0.0005,0.6253,1.5679,0.3515
1.0366,0.0005,0.9776,1.0482,0.3515
1.1295,0.0004,0.6832,1.1095,0.3654
1.3008,0.0005,0.6319,1.0946,0.3484
1.4174,0.0004,0.9531,1.5907,0.3396
1.5767,0.0004,0.6645,1.4847,0.3638
1.5320,0.0005,0.7722,1.3961,0.3513
1.4473,0.0004,1.1719,1.6493,0.3513
1.1333,0.0003,0.7239,1.1240,0.3554
1.3544,0.0003,0.6231,1.2981,0.3496
1.5084,0.0003,0.9535,1.5922,0.3606
1.4838,0.0006,0.6722,1.4552,0.3606
1.3473,0.0003,0.6041,1.3202,0.3454
1.2370,0.0005,1.0012,1.1398,0.3526
1.5642,0.0003,0.6992,1.5418,0.3419
1.4969,0.0003,0.6863,1.4427,0.3383
1.4576,0.0006,1.1078,1.5133,0.3294
1.7936,0.0006,0.6648,1.7699,0.3572
1.5348,0.0004,0.8120,1.5772,0.3434
1.5012,0.0005,1.1842,1.6020,0.3500
1.1951,0.0006,0.7435,1.0652,0.3500
1.3709,0.0004,0.7131,1.4988,0.3465
1.0927,0.0004,0.9379,1.0166,0.3420
1.6161,0.0003,0.6571,1.3329,0.3464
1.4843,0.0004,0.6485,1.5699,0.3338
1.5010,0.0003,0.9416,1.5324,0.3321
1.0774,0.0005,0.9477,1.1614,0.3452
1.1861,0.0004,0.9410,1.3253,0.3452
1.5260,0.0005,0.9355,1.2610,0.3346
1.8659,0.0008,0.7397,2.0446,0.3385
1.2008,0.0005,0.8213,1.1548,0.3432
1.3173,0.0005,1.1988,1.2399,0.3432
1.7351,0.0007,0.7407,1.8753,0.3480
1.0688,0.0004,0.6644,1.0960,0.3480
1.4383,0.0003,1.0127,1.2638,0.3433
1.7873,0.0004,0.6675,1.9452,0.3469
0.8701,0.0003,0.6167,0.7122,0.3469
1.2359,0.0004,0.9964,1.4013,0.3553
1.2486,0.0003,0.6080,1.2149,0.3482
1.4312,0.0006,0.6133,1.4358,0.3389
1.5185,0.0005,0.9570,1.4902,0.3389
1.2422,0.0004,0.8093,1.2177,0.3868
1.4390,0.0003,0.7244,1.3626,0.3528
1.4898,0.0003,1.0292,1.3859,0.3629
1.3204,0.0003,0.6917,1.5351,0.3646
1.3616,0.0003,0.6291,1.1939,0.3596
1.4754,0.0005,0.9611,1.5210,0.3577
1.5941,0.0005,0.7649,1.4688,0.3539
1.6589,0.0004,0.7243,1.8088,0.3466
1.3402,0.0004,1.2428,1.2789,0.3300
1.2159,0.0003,0.7625,1.2120,0.3430
1.3330,0.0003,0.6272,1.4769,0.3499
1.5881,0.0006,0.9509,1.2531,0.5215
1.5464,0.0006,0.9283,1.5550,0.5215
1.4908,0.0005,0.8361,1.6334,0.3683
1.6132,0.0005,1.2012,1.6008,0.3475
1.4392,0.0007,0.7851,1.3611,0.3534
1.5181,0.0004,0.7498,1.7271,0.3729
1.3111,0.0005,1.0470,1.2674,0.3524
1.3538,0.0004,0.6957,1.4077,0.3546
1.1504,0.0004,0.6429,1.1637,0.3648
1.2988,0.0004,0.9440,1.0766,0.3417
1.0468,0.0003,0.9209,1.0545,0.3417
1.2424,0.0003,0.9507,1.2945,0.3357
1.7523,0.0004,1.1220,1.8235,0.3415
1.7283,0.0004,0.8406,1.7718,0.3605
1.2505,0.0004,0.8027,1.0935,0.3605
1.4075,0.0003,1.2572,1.3815,0.3439
1.3942,0.0005,0.6439,1.5854,0.3501
1.3466,0.0006,0.6234,1.0711,0.3447
1.4334,0.0005,0.9889,1.5714,0.3459
1.5854,0.0005,0.6769,1.4527,0.3463
1.0718,0.0004,0.8962,1.0435,0.3372
1.0856,0.0004,1.1296,1.3222,0.3372
1.3272,0.0005,0.6435,1.2372,0.3533
1.2497,0.0004,0.6263,1.3403,0.3255
1.9038,0.0007,1.0190,1.5034,0.3406
1.5484,0.0005,1.0290,1.9237,0.3624
1.2954,0.0005,0.7785,1.2871,0.3589
1.4275,0.0004,1.0652,1.2926,0.3530
1.3694,0.0003,0.6575,1.3434,0.3590
1.3258,0.0004,0.6287,1.5368,0.3565
1.3217,0.0006,0.9950,1.1817,0.3585
1.2897,0.0004,0.9272,1.4287,0.3585
1.3029,0.0005,0.6396,1.0475,0.3518
1.3932,0.0004,0.9381,1.5032,0.3425
1.5774,0.0005,0.6883,1.7052,0.3476
1.5171,0.0006,0.7341,1.4025,0.3511
1.5586,0.0007,1.0956,1.4573,0.3724
1.5854,0.0004,0.8341,1.5371,0.3688
1.1888,0.0004,0.8762,1.4184,0.3688
1.4649,0.0003,1.0476,1.2395,0.3689
1.4664,0.0003,0.6828,1.4836,0.3549
1.5642,0.0003,0.7254,1.6016,0.3413
1.4905,0.0005,1.1638,1.6435,0.3425
1.2759,0.0004,0.6505,1.1187,0.3473
2.0795,0.0003,0.6920,2.1873,0.3401
1.1276,0.0003,1.0997,1.0711,0.3632
1.3347,0.0004,0.7746,1.1224,0.3632
1.6394,0.0005,0.6567,1.7501,0.3471
2.2214,0.0005,1.7530,1.1157,0.3755
0.7454,0.0004,1.2687,1.3088,0.3535
0.9472,0.0004,0.7153,1.0076,0.3535
1.6397,0.0004,1.0563,1.5165,0.3741
1.3900,0.0005,0.6264,1.5784,0.3603
1.4277,0.0007,0.6318,1.2723,0.3432
1.3612,0.0005,1.0610,1.3514,0.3454
1.4412,0.0005,0.8421,1.5587,0.3450
1.3056,0.0004,0.8191,1.1152,0.3450
1.6759,0.0005,1.2055,1.8501,0.3588
0.9595,0.0184,0.8543,0.9172,0.3588
