frame_ms,scenario_ms,game_ms,render_ms,gpu_ms
4.7071,0.0010,4.5067,1.4383,0.4024
23.7736,0.0014,18.8108,1.7599,0.4222
1.9555,0.0012,4.3428,1.7599,0.4222
5.9535,0.0011,6.4157,2.2667,0.4989
1.1316,0.0007,1.4281,1.5518,0.4989
1.3356,0.0007,1.0938,1.4799,0.4989
6.5719,0.0011,6.1539,2.4144,0.5212
1.3447,0.0009,1.5493,1.4888,0.5212
0.9098,0.0008,1.2140,1.1757,0.5212
6.0377,0.0008,5.6410,1.9398,0.4942
1.4610,0.0009,1.3872,2.1078,0.4942
1.2539,0.0008,1.0264,1.0709,0.4942
5.8208,0.0009,5.6804,3.0190,0.5138
0.9868,0.0004,1.2802,1.5977,0.5138
1.4944,0.0005,0.8767,1.4925,0.4022
5.9189,0.0013,5.5805,1.2494,0.4086
0.9250,0.0007,1.2421,1.4774,0.4086
1.8003,0.0008,0.8615,1.1507,0.4121
5.8959,0.0008,5.8745,2.2389,0.4197
1.1806,0.0007,1.2860,1.7408,0.4197
1.6727,0.0009,0.9575,1.3032,0.3923
5.4585,0.0010,5.2250,2.0583,0.3983
1.0642,0.0006,1.2877,1.4278,0.3983
1.6628,0.0007,0.9787,1.8892,0.4322
6.4520,0.0009,6.2137,1.4557,0.4283
1.2089,0.0008,1.2464,1.7766,0.4283
1.4454,0.0009,0.9293,1.2045,0.4283
5.6447,0.0009,5.3593,1.9944,0.4175
0.9702,0.0008,1.2107,1.3108,0.4175
1.1134,0.0009,0.9434,1.2228,0.4175
6.1442,0.0009,5.7691,1.8007,0.4130
1.1793,0.0009,1.4094,1.5753,0.4130
1.1592,0.0008,1.0868,1.2458,0.4130
5.4436,0.0015,5.2575,2.1310,0.3990
1.4210,0.0009,1.1808,1.9407,0.3990
1.9406,0.0010,0.8814,1.8647,0.4107
5.1896,0.0009,5.0352,1.5926,0.4088
0.9990,0.0007,1.2431,1.4758,0.4088
1.4020,0.0010,0.8493,1.4586,0.4088
5.8708,0.0010,5.6421,1.9538,0.4064
1.1588,0.0006,1.2426,1.8038,0.4064
2.0903,0.0010,0.8699,1.8931,0.4064
5.2309,0.0009,5.2023,2.1961,0.4069
1.0586,0.0009,1.2522,1.2217,0.4069
1.2522,0.0008,0.9583,1.4273,0.4069
6.2290,0.0011,5.8032,2.3453,0.3951
1.2947,0.0008,1.3868,2.0313,0.3951
1.4965,0.0009,1.0482,1.3735,0.3951
5.3818,0.0009,5.1880,2.7107,0.4005
0.9655,0.0006,1.2613,1.4500,0.4005
1.3343,0.0007,0.8329,1.4372,0.4005
5.5431,0.0011,5.2367,2.1040,0.3949
1.4134,0.0007,1.1772,1.9881,0.3949
1.4728,0.0009,0.8055,1.4320,0.4263
5.1847,0.0009,4.9711,1.6051,0.4104
0.8546,0.0007,1.1208,1.4485,0.4104
1.5823,0.0008,0.7312,1.3126,0.4104
6.0257,0.0010,5.4378,1.6861,0.3996
1.2014,0.0009,1.5485,2.0150,0.3996
2.0264,0.0013,1.2644,1.7551,0.3996
6.3543,0.0015,6.4180,2.8150,0.4089
1.3113,0.0006,1.3619,1.9829,0.4089
1.7879,0.0011,1.0050,1.6743,0.3986
4.9050,0.0007,4.9410,1.4639,0.4179
0.7363,0.0003,1.0297,1.2826,0.4179
1.9932,0.0011,0.6730,1.7844,0.4179
6.5837,0.0009,6.3166,2.1249,0.4148
1.1706,0.0008,1.2130,1.7735,0.4148
1.5705,0.0005,0.7588,1.4944,0.4148
4.7940,0.0009,4.7223,1.5143,0.4245
1.0413,0.0006,1.0449,1.5549,0.4245
1.2122,0.0007,0.7423,0.8660,0.4245
5.0105,0.0011,4.7129,1.9278,0.4019
0.9703,0.0005,1.1091,1.5045,0.4019
1.4817,0.0005,0.7191,1.0759,0.4019
4.9734,0.0009,4.6882,1.7644,0.4272
0.9473,0.0003,1.2012,1.6254,0.4272
1.4883,0.0004,0.6892,1.5017,0.4272
5.2424,0.0009,4.8184,1.2753,0.4199
1.3310,0.0008,1.1198,1.9101,0.4199
1.3076,0.0006,0.7414,1.2082,0.4199
5.6510,0.0009,5.4034,1.6017,0.4026
0.9794,0.0005,1.0847,1.5148,0.4026
1.4930,0.0004,0.6581,1.4374,0.4084
5.0642,0.0007,4.6414,1.7727,0.4177
1.1894,0.0006,1.2167,1.7703,0.4177
1.5037,0.0006,0.8033,1.5395,0.4270
4.7287,0.0008,4.4493,1.3583,0.4087
0.9432,0.0006,1.0505,1.2587,0.4087
1.2087,0.0008,0.8756,1.2979,0.4087
4.9754,0.0011,4.7896,1.7919,0.4088
0.9860,0.0008,1.2059,1.6101,0.4088
1.7428,0.0006,0.7754,1.7248,0.4232
4.8210,0.0006,4.5426,1.9287,0.4125
1.3693,0.0006,1.0281,1.6944,0.4125
1.1602,0.0005,0.8667,1.3188,0.4084
5.0011,0.0007,4.5617,1.4980,0.4041
1.2297,0.0004,1.2049,1.8451,0.4041
1.6142,0.0004,0.7747,1.3615,0.4041
4.9000,0.0005,4.6951,1.6915,0.4028
1.2170,0.0003,1.0297,1.6840,0.4028
1.3337,0.0004,0.7393,1.3145,0.4041
4.7287,0.0007,4.4698,1.2022,0.4040
1.3060,0.0005,1.0142,1.7391,0.4040
1.4156,0.0005,0.8631,1.1886,0.4040
5.0248,0.0010,4.8249,2.0455,0.4088
1.2326,0.0009,1.0956,1.6710,0.4088
0.9946,0.0005,0.8538,0.9534,0.4088
4.6228,0.0007,4.4368,1.3707,0.4027
0.8873,0.0006,1.0583,1.3547,0.4027
1.5654,0.0004,0.7691,1.5942,0.4027
5.0506,0.0012,4.6464,1.6276,0.4420
1.1487,0.0009,1.2212,1.2145,0.4420
1.0617,0.0004,1.0100,1.5649,0.4117
5.3728,0.0010,5.0404,1.6355,0.4056
1.0346,0.0008,1.0966,1.5510,0.4056
1.6771,0.0005,0.8053,1.6440,0.4056
6.2388,0.0010,5.9913,1.8151,0.4273
1.3182,0.0004,1.1046,1.7759,0.4273
0.8842,0.0004,0.8443,0.8902,0.4273
5.1932,0.0007,4.8877,1.3566,0.4082
1.1285,0.0004,1.0635,1.6584,0.4082
1.1448,0.0006,0.6817,1.0485,0.4082
6.2547,0.0008,5.9622,1.3191,0.4215
1.2121,0.0005,1.1063,1.8101,0.4215
1.0933,0.0004,0.7739,0.8409,0.4215
4.8607,0.0009,4.6020,2.0708,0.4129
0.7835,0.0004,1.1220,1.2578,0.4129
1.1550,0.0003,0.7161,1.0546,0.4129
4.9601,0.0010,4.5724,1.4530,0.4013
0.9070,0.0010,1.2008,1.2599,0.4013
1.4134,0.0007,0.7790,1.6221,0.4271
4.8872,0.0009,4.5857,1.2230,0.4281
0.8609,0.0007,1.0538,1.0922,0.4281
0.8505,0.0009,0.8145,1.1502,0.4281
4.9054,0.0008,4.5483,1.7211,0.4239
0.7566,0.0003,1.0744,1.2103,0.4239
1.5901,0.0003,0.6454,1.6262,0.4235
5.0255,0.0009,4.6149,0.8831,0.4523
0.8110,0.0005,1.1417,1.1480,0.4523
1.0271,0.0005,0.7033,1.0831,0.4523
4.9089,0.0008,4.5935,1.5283,0.3976
0.8031,0.0006,1.0625,1.1263,0.3976
1.5275,0.0004,0.6983,1.7443,0.4077
5.9274,0.0007,5.5211,1.6044,0.4238
0.9741,0.0008,1.1123,1.2182,0.4238
1.3204,0.0005,0.8841,1.6272,0.4200
5.7362,0.0008,5.4054,1.7122,0.4160
0.8722,0.0006,1.0492,1.3308,0.4160
1.2579,0.0006,0.7233,1.3442,0.4160
4.8022,0.0007,4.4619,0.8918,0.4042
1.2879,0.0004,1.0185,1.7974,0.4042
1.5284,0.0003,0.7104,1.5236,0.4118
4.7804,0.0008,4.5191,1.2776,0.4002
1.1310,0.0004,0.9739,1.6274,0.4002
1.0369,0.0005,0.6597,1.0395,0.4002
4.6024,0.0006,4.3175,1.1789,0.4263
0.9146,0.0007,1.0001,1.0573,0.4263
1.5965,0.0005,0.8562,1.3045,0.4263
5.6640,0.0010,5.6314,2.1642,0.4377
0.8093,0.0007,1.1389,1.1770,0.4377
1.0669,0.0004,0.7301,0.9522,0.4377
4.8097,0.0007,4.8661,1.7437,0.4126
0.8245,0.0006,0.8205,1.1388,0.4126
1.4572,0.0006,0.7989,1.4330,0.4126
6.0694,0.0008,5.7328,1.0253,0.4287
0.8285,0.0006,1.1356,1.1909,0.4287
1.5079,0.0005,0.7156,1.2108,0.4089
4.8094,0.0006,4.6294,2.2372,0.4148
1.2102,0.0006,1.0967,1.0897,0.4148
0.9576,0.0006,1.0903,1.6031,0.4053
5.3150,0.0008,5.0810,1.1277,0.4523
1.5102,0.0008,1.2173,1.9964,0.4523
1.3926,0.0009,0.9727,1.5130,0.4091
4.7516,0.0007,4.6961,1.4667,0.4268
1.2578,0.0003,0.9217,1.7057,0.4268
1.2559,0.0008,0.6771,1.0249,0.4268
4.8416,0.0008,4.5993,1.9212,1.0239
0.9977,0.0004,1.0790,1.1085,1.0239
0.6502,0.0003,0.8768,1.1071,1.0239
5.1329,0.0004,4.9715,1.8796,0.4181
0.8531,0.0004,0.8016,0.8642,0.4181
1.1211,0.0003,0.8069,1.4726,0.4134
4.6613,0.0004,4.5193,1.3640,0.4214
0.6308,0.0004,0.7238,0.8429,0.4214
0.9908,0.0004,0.6035,0.9645,0.4214
4.7207,0.0007,4.4358,1.6715,0.4156
0.7619,0.0007,0.9847,0.9781,0.4156
0.8871,0.0004,0.6605,0.7920,0.4079
5.0473,0.0005,5.0074,1.3890,0.4261
0.6484,0.0003,0.7948,0.9342,0.4261
1.2338,0.0004,0.6222,1.0044,0.4261
4.6235,0.0008,4.2584,1.5869,0.4135
0.7580,0.0003,1.0819,1.2830,0.4135
1.2083,0.0004,0.6357,0.8488,0.4302
4.3274,0.0005,4.2549,1.4083,0.4232
0.6641,0.0003,0.8323,0.9278,0.4232
1.0089,0.0003,0.6277,0.9491,0.4232
5.3227,0.0006,5.1702,1.4863,0.3980
0.6923,0.0005,0.8803,0.9377,0.3980
1.5297,0.0006,0.6160,0.8823,0.4328
4.8212,0.0007,4.8401,2.8012,0.4188
0.7349,0.0005,0.9850,1.2705,0.4188
1.0694,0.0004,0.6547,0.8472,0.4188
4.1205,0.0004,4.1232,1.6120,0.4287
0.6601,0.0004,0.7354,0.8531,0.4287
0.9743,0.0004,0.6503,0.9405,0.4287
4.1459,0.0008,3.8794,1.3365,0.4311
0.9478,0.0003,0.9330,1.3811,0.4311
1.4885,0.0004,0.6616,0.9097,0.4311
4.3718,0.0005,4.5465,2.1516,0.4122
0.6128,0.0003,0.7740,0.8830,0.4122
1.1102,0.0003,0.7053,0.9479,0.4122
5.1105,0.0007,4.9057,1.4968,0.4297
0.7296,0.0005,0.9774,0.9418,0.4297
0.9034,0.0003,0.6878,0.8800,0.4297
4.6174,0.0007,4.3875,1.8448,0.4244
1.2058,0.0007,1.0779,0.7812,0.4244
0.6470,0.0003,1.0657,0.7812,0.4127
4.3179,0.0005,4.1680,1.2039,0.4082
0.6768,0.0005,0.8302,0.9217,0.4082
1.0378,0.0005,0.6069,0.8216,0.4103
4.2842,0.0006,4.1861,1.5815,0.4256
0.9160,0.0008,0.8849,0.9183,0.4256
0.8369,0.0005,0.9900,1.1800,0.4256
4.3652,0.0005,4.2825,1.6662,0.4216
0.6632,0.0004,0.8055,0.9951,0.4216
0.9857,0.0004,0.6089,1.0040,0.4216
4.0244,0.0005,3.9053,1.0070,0.4165
0.6415,0.0003,0.7502,0.9528,0.4165
0.9815,0.0003,0.5884,0.9924,0.4165
4.0169,0.0004,3.7641,1.0576,0.4066
1.0425,0.0003,0.9041,1.3646,0.4066
1.2903,0.0004,0.8397,1.4007,0.4066
5.4839,0.0005,5.2930,1.1377,0.3958
0.6980,0.0004,0.8803,0.9362,0.3958
0.9779,0.0005,0.6708,1.1901,0.3958
4.2367,0.0006,3.9941,1.3441,0.4204
0.8930,0.0007,0.8806,0.9209,0.4204
0.8730,0.0005,0.9456,0.7995,0.4204
4.5608,0.0006,4.4014,1.5387,0.4558
0.7618,0.0005,0.9825,1.0540,0.4558
1.1584,0.0007,0.6960,1.3360,0.4100
4.4128,0.0007,4.1712,1.0591,0.4231
0.8818,0.0005,0.8732,0.9552,0.4231
1.0935,0.0003,0.8254,1.4355,0.4231
4.2429,0.0007,4.0333,1.1965,0.4142
0.7745,0.0006,0.8655,0.9617,0.4142
1.1863,0.0007,0.7372,1.2948,0.4142
4.6882,0.0008,4.5248,1.2432,0.4114
0.7036,0.0006,0.9003,0.9405,0.4114
0.7930,0.0007,0.6752,0.8012,0.4114
4.1648,0.0006,4.0765,1.9285,0.4155
1.0435,0.0004,0.7460,1.3815,0.4155
1.0527,0.0003,0.6545,0.8757,0.4155
4.9130,0.0008,4.6751,1.5168,0.4118
0.8806,0.0006,0.9872,1.3379,0.4118
0.9208,0.0005,0.6549,0.9457,0.4118
4.6346,0.0007,4.3357,1.3798,0.4279
0.7996,0.0004,0.9990,1.1206,0.4279
1.2234,0.0005,0.6965,1.1104,0.4279
4.8357,0.0008,4.5047,1.9489,0.4069
0.9353,0.0007,1.1734,1.2106,0.4069
1.1033,0.0006,0.7735,1.0794,0.4069
5.8814,0.0018,5.6870,3.0370,0.4208
1.2940,0.0009,1.2757,1.2444,0.4208
0.7528,0.0004,1.1069,1.3431,0.4152
4.8258,0.0007,4.6356,1.3608,0.4239
1.2789,0.0004,0.9865,1.6986,0.4239
1.0186,0.0007,0.7812,0.9814,0.4239
5.2400,0.0009,4.7504,2.0644,0.4369
0.9227,0.0007,1.2360,1.2411,0.4369
1.1306,0.0004,0.7953,1.4755,0.4167
4.4828,0.0007,4.2711,1.5140,0.4175
0.7683,0.0006,0.9215,0.9866,0.4175
1.2805,0.0004,0.6859,1.4685,0.4175
4.9329,0.0007,4.5398,1.3849,0.4062
0.9679,0.0007,1.1620,1.5616,0.4062
2.0012,0.0010,0.8999,1.8598,0.4062
5.8588,0.0009,5.6908,1.7198,0.4130
0.8829,0.0007,1.1391,1.3307,0.4130
1.1123,0.0007,0.7391,1.1744,0.4130
5.0153,0.0013,4.5064,1.4380,0.4103
0.9545,0.0007,1.3321,1.6822,0.4103
1.5996,0.0007,0.8149,1.4269,0.4364
4.8789,0.0009,4.7543,1.3788,0.4125
0.7324,0.0004,1.0118,1.0751,0.4125
1.1822,0.0003,0.6554,1.1115,0.4125
4.6119,0.0008,4.3859,1.8923,0.3983
0.7223,0.0006,0.9156,0.9756,0.3983
1.1458,0.0007,0.6759,1.3298,0.3983
5.2083,0.0009,4.7881,1.4498,0.4384
0.8219,0.0006,1.1574,1.1837,0.4384
0.9987,0.0006,0.7170,1.0089,0.4384
4.4623,0.0010,4.2740,2.1120,0.4131
0.6530,0.0003,0.8516,1.0083,0.4131
1.1685,0.0003,0.5853,0.9205,0.4131
4.7673,0.0009,4.4596,1.7417,0.4274
1.0978,0.0009,1.1478,1.6691,0.4274
1.5005,0.0012,0.9561,1.0401,0.4496
4.8934,0.0007,4.9364,2.1551,0.4105
1.2898,0.0004,0.9890,1.7080,0.4105
1.2753,0.0003,0.7741,1.3723,0.4176
4.5706,0.0006,4.3138,1.3123,0.4039
0.8007,0.0006,0.9803,1.0345,0.4039
1.2749,0.0005,0.8494,1.3441,0.4039
5.8991,0.0009,5.8817,1.8395,0.4152
1.2307,0.0007,1.1595,1.7818,0.4152
1.5519,0.0007,0.7416,1.5027,0.4144
4.8043,0.0011,4.5941,1.5399,0.4210
0.7844,0.0006,1.0367,1.2413,0.4210
1.2284,0.0009,0.6783,1.0342,0.4210
6.1365,0.0009,5.7562,2.4388,0.4238
0.8554,0.0008,1.1214,1.1334,0.4238
1.4559,0.0005,0.7684,1.6877,0.4132
5.4689,0.0009,5.0622,1.4314,0.4001
1.4476,0.0005,1.4393,1.2529,0.4001
0.7239,0.0004,1.1314,1.3131,0.4001
6.5675,0.0009,6.1153,1.5447,0.4465
1.0494,0.0008,1.1817,1.3254,0.4465
1.0203,0.0005,0.9663,1.3408,0.4465
5.0629,0.0015,4.7415,1.4484,0.4171
1.0454,0.0008,1.1839,1.3875,0.4171
1.2349,0.0007,0.9499,1.3288,0.4171
5.0163,0.0010,4.7534,2.0235,1.0275
0.8353,0.0009,1.1159,1.0871,1.0275
0.9338,0.0004,0.7292,1.0477,1.0275
4.5665,0.0008,4.4920,1.3992,0.4230
0.7444,0.0004,0.9217,1.0526,0.4230
1.1018,0.0004,0.6633,1.2447,0.4230
4.8164,0.0010,4.4131,1.2750,0.4219
1.0087,0.0009,1.2346,1.2686,0.4219
1.3667,0.0007,0.8030,1.6389,0.4209
4.6891,0.0007,4.4911,1.2195,0.4224
0.6891,0.0004,0.9310,1.2143,0.4224
1.1426,0.0002,0.6402,1.0993,0.4224
5.6648,0.0007,5.3648,1.0119,0.4291
1.0283,0.0008,1.0005,1.0708,0.4291
0.9857,0.0008,1.0139,0.8554,0.4164
5.6305,0.0007,5.5740,1.7855,0.4448
0.7903,0.0008,1.0483,1.0583,0.4448
1.1455,0.0005,0.6649,0.8931,0.4158
5.6667,0.0008,5.4961,1.6063,0.4191
0.7093,0.0004,0.9783,1.0538,0.4191
1.1109,0.0004,0.6354,0.9144,0.4248
4.9114,0.0014,4.6729,2.0294,0.4302
0.8049,0.0003,1.1044,1.1881,0.4302
1.3785,0.0006,0.6948,1.4883,0.4302
5.1034,0.0006,4.7231,1.1336,0.4302
0.8439,0.0007,1.1691,1.1751,0.4302
0.9122,0.0004,0.7240,0.9943,0.4302
4.7757,0.0010,4.4020,1.8220,0.4436
0.9005,0.0005,1.1197,1.2063,0.4436
1.1927,0.0005,0.9129,1.1349,0.4309
5.9008,0.0007,5.9424,1.7684,0.4316
1.1808,0.0004,1.1208,1.7675,0.4316
1.2749,0.0003,0.7750,1.3031,0.4267
5.4345,0.0009,5.2873,1.1531,0.4119
0.8084,0.0010,0.9788,1.0680,0.4119
1.2046,0.0006,0.7597,0.9507,0.4119
4.8995,0.0007,4.7080,1.9098,0.4102
1.1509,0.0006,1.0562,1.6561,0.4102
1.2039,0.0004,0.7534,1.2877,0.4268
4.7334,0.0008,4.4470,1.5121,0.4081
0.7242,0.0004,0.9714,1.0456,0.4081
0.9671,0.0003,0.6867,0.9650,0.4081
4.8843,0.0008,4.6289,2.0833,0.4549
0.8161,0.0006,1.0839,1.2999,0.4549
1.3194,0.0007,0.7116,1.2300,0.4549
4.7720,0.0008,4.5120,1.6893,0.4004
0.7708,0.0007,0.9955,1.0583,0.4004
1.2829,0.0006,0.6940,1.4770,0.4203
4.8679,0.0009,4.4643,1.2494,0.4360
1.3109,0.0007,1.1747,1.2294,0.4360
0.8543,0.0004,1.2131,1.4984,0.4360
4.9177,0.0007,4.6289,1.3458,0.4321
1.3422,0.0006,1.0159,1.7743,0.4321
0.9264,0.0007,0.7858,0.9693,0.4321
4.7248,0.0009,4.4838,1.3719,0.4034
0.7099,0.0005,1.0185,1.0487,0.4034
0.9546,0.0006,0.6842,0.9628,0.4034
5.0280,0.0010,4.7934,1.8517,0.4352
1.3436,0.0012,1.1424,1.8727,0.4352
1.5498,0.0009,0.7299,1.5515,0.4211
4.8339,0.0007,4.5464,1.4491,0.4126
1.0326,0.0010,1.0951,1.1237,0.4126
0.9658,0.0005,1.0629,1.0126,0.4126
5.1812,0.0011,4.9024,1.4098,0.4239
0.8582,0.0005,1.2227,1.4746,0.4239
1.8732,0.0005,0.7313,1.8567,0.4179
5.0055,0.0008,4.6436,1.7256,0.4114
1.2628,0.0006,1.0662,1.7788,0.4114
1.7579,0.0005,0.7845,1.6157,0.4286
5.4742,0.0010,5.2793,1.5719,0.4073
0.8393,0.0005,1.1859,1.3777,0.4073
1.6172,0.0006,0.7155,1.3666,0.4073
4.9130,0.0011,4.5873,1.9872,0.4078
1.0448,0.0008,1.1431,1.1442,0.4078
1.1803,0.0006,0.9092,1.5797,0.4257
5.1872,0.0009,4.7396,1.0358,0.4124
1.1438,0.0005,1.2559,1.3330,0.4124
1.2028,0.0004,1.1120,1.6931,0.4124
5.7722,0.0009,5.4054,1.3897,0.4196
1.2896,0.0008,1.1818,1.8792,0.4196
1.4594,0.0008,0.8270,1.4399,0.4196
6.0722,0.0010,5.6421,1.5739,0.3999
1.3275,0.0007,1.4362,1.9259,0.3999
1.5961,0.0006,0.9572,1.6737,0.4291
4.9157,0.0013,4.6029,1.4546,0.4239
1.3394,0.0008,1.1216,1.8249,0.4239
1.2780,0.0006,0.8897,1.2983,0.4239
5.1387,0.0010,4.9238,1.5529,0.4306
0.9462,0.0009,1.1177,1.5426,0.4306
1.8952,0.0005,0.7490,1.6887,0.4294
4.9021,0.0007,4.8165,1.3808,0.4190
0.9508,0.0007,1.0799,1.3264,0.4190
1.5892,0.0004,0.8910,1.7110,0.4229
4.8695,0.0009,4.4494,1.1078,0.3986
1.3158,0.0008,1.2013,1.7715,0.3986
1.4380,0.0008,0.9166,1.1594,0.3986
5.0027,0.0007,4.7930,2.7098,0.4333
0.8112,0.0005,1.0836,1.2318,0.4333
1.5014,0.0004,0.6876,1.6432,0.4263
4.9488,0.0005,4.5607,1.4769,0.4212
0.8432,0.0005,1.1347,1.1533,0.4212
0.9008,0.0004,0.6926,0.9546,0.4212
5.1553,0.0011,4.8189,2.0013,0.6531
1.3396,0.0006,1.1341,1.8202,0.6531
1.0945,0.0008,0.8288,1.1519,0.6531
4.7962,0.0009,4.6640,2.0263,0.4054
1.2581,0.0009,1.0680,1.7873,0.4054
1.7336,0.0008,0.6831,1.5517,0.4351
5.5754,0.0010,5.3417,1.4533,0.3991
1.0696,0.0007,1.1979,1.3685,0.3991
1.2910,0.0006,0.9678,1.5486,0.4258
5.4194,0.0009,5.0690,1.4982,0.4501
1.0093,0.0008,1.1770,1.1927,0.4501
0.9900,0.0005,0.9129,1.0673,0.4501
6.4046,0.0009,5.9198,1.9892,0.4064
1.1886,0.0003,1.3184,1.7987,0.4064
1.1301,0.0005,0.7541,1.0301,0.4064
6.3827,0.0010,5.8269,1.4707,0.4178
0.9116,0.0011,1.4338,1.7481,0.4178
1.7574,0.0010,0.7636,1.7419,0.4382
5.1491,0.0010,4.7615,0.8660,0.4207
0.8597,0.0006,1.2030,1.2866,0.4207
1.2074,0.0006,0.7009,1.3929,0.4207
5.1159,0.0009,4.7141,1.5100,0.4263
0.9900,0.0010,1.1424,1.2946,0.4263
1.2721,0.0007,0.8968,1.1594,0.4263
4.9982,0.0011,4.6450,2.1485,0.4101
1.1903,0.0009,1.2886,1.7355,0.4101
1.9938,0.0010,1.0184,1.5597,0.4331
5.2446,0.0009,5.3670,1.5842,0.4234
1.2961,0.0014,1.1304,1.7305,0.4234
1.2880,0.0008,0.9334,1.2376,0.4234
5.0927,0.0008,4.8592,2.1417,0.4119
1.2516,0.0008,1.2158,1.7644,0.4119
1.1347,0.0006,0.9105,1.1375,0.4119
5.1543,0.0010,4.8553,1.5498,0.4221
0.8809,0.0004,1.1858,1.2977,0.4221
1.3902,0.0004,0.8403,1.0719,0.4221
4.9522,0.0007,4.8045,2.1336,0.4214
1.3902,0.0010,1.0882,1.8339,0.4214
1.4037,0.0010,0.8916,1.3569,0.4214
5.4423,0.0010,5.0840,1.4866,0.4386
1.5360,0.0007,1.3562,2.2470,0.4386
1.5510,0.0006,0.8115,1.5716,0.4386
4.7836,0.0007,4.5386,1.1146,0.4214
1.2631,0.0006,1.0321,1.8020,0.4214
1.2494,0.0006,0.6928,1.1456,0.4214
5.0767,0.0011,4.7763,2.0781,0.4327
0.9356,0.0012,1.1378,1.4498,0.4327
1.8374,0.0008,0.8450,1.7672,0.4304
4.9517,0.0011,4.7656,1.4731,0.4163
1.0178,0.0008,1.0717,1.5753,0.4163
1.7723,0.0009,0.7512,1.7293,0.4163
6.3778,0.0012,6.0079,1.7796,0.4343
1.1705,0.0004,1.1515,1.7418,0.4343
1.7605,0.0005,0.7456,1.7722,0.4346
5.6220,0.0009,5.2301,1.4649,0.4060
1.3514,0.0003,1.1756,2.0186,0.4060
1.0762,0.0005,0.8196,0.9826,0.4060
5.4276,0.0009,4.9905,1.8436,0.4490
0.9341,0.0007,1.2310,1.4546,0.4490
1.2111,0.0004,0.8246,1.2094,0.4490
4.9390,0.0009,4.6443,1.8214,0.4246
1.0600,0.0006,1.1619,1.1169,0.4246
0.8339,0.0006,0.9865,1.1979,0.4246
4.9606,0.0013,4.6123,1.5990,0.4293
0.9552,0.0007,1.1875,1.3772,0.4293
1.4366,0.0005,0.8643,1.4018,0.4293
5.4103,0.0010,5.1072,1.9998,0.4386
0.8890,0.0008,1.1292,1.1931,0.4386
1.3289,0.0008,0.8365,1.5502,0.4386
4.9412,0.0017,4.7249,1.5844,0.4205
1.0000,0.0010,1.1351,1.5335,0.4205
1.5864,0.0009,0.9468,1.5838,0.4205
6.0640,0.0009,5.9841,1.5663,0.4182
0.8602,0.0004,1.2108,1.2097,0.4182
1.2111,0.0004,0.6827,1.0627,0.4182
4.9454,0.0008,4.6550,2.0837,0.4323
0.7440,0.0004,1.0326,1.2617,0.4323
1.2209,0.0006,0.7108,1.1137,0.4323
5.1630,0.0008,4.9641,1.8357,0.4219
1.0137,0.0004,1.2093,1.5921,0.4219
1.1537,0.0004,0.8513,0.9267,0.4219
5.5832,0.0006,5.4969,1.5212,0.4430
0.7011,0.0004,0.9322,1.0551,0.4430
1.1335,0.0005,0.6243,1.1349,0.4430
4.5386,0.0006,4.2826,1.4243,0.4561
0.6829,0.0004,0.8980,1.0081,0.4561
1.2414,0.0004,0.6198,0.9632,0.4561
4.5245,0.0008,4.2716,1.9959,0.4194
0.7872,0.0005,0.9639,0.9792,0.4194
1.1447,0.0005,0.6830,1.3171,0.4194
5.3229,0.0007,5.0090,1.0950,0.4189
1.1790,0.0004,1.0734,1.2524,0.4189
0.8272,0.0003,1.0897,0.9765,0.4189
4.4119,0.0006,4.2617,1.6274,0.4350
0.8899,0.0004,0.8353,0.8908,0.4350
0.6022,0.0005,0.8423,0.7822,0.4350
5.5715,0.0010,5.3048,1.9097,0.4382
0.9206,0.0003,0.9002,1.3768,0.4382
1.6015,0.0004,0.5953,1.5610,0.4382
5.7133,0.0006,5.4277,1.1630,0.4559
0.9361,0.0007,0.9820,0.9838,0.4559
0.7728,0.0004,0.8962,0.9173,0.4559
4.2172,0.0012,4.0612,2.2544,0.4192
1.0640,0.0007,0.9191,0.9498,0.4192
0.8811,0.0009,1.0032,0.8538,0.4421
4.5074,0.0009,4.4250,1.0865,0.4119
0.7466,0.0004,0.9859,1.1296,0.4119
1.0189,0.0003,0.6542,0.8993,0.4119
5.3785,0.0005,5.2354,1.3918,0.4212
0.9218,0.0004,0.9279,1.0141,0.4212
0.9956,0.0004,0.9875,1.1939,0.4279
5.2422,0.0008,5.1688,1.1635,0.4231
1.1672,0.0005,0.9713,1.6382,0.4231
0.9632,0.0004,0.7756,0.9115,0.4231
4.4646,0.0004,4.3503,1.2872,0.4304
1.1110,0.0003,0.8624,0.8980,0.4304
0.5696,0.0004,1.0405,0.8026,0.4308
4.2351,0.0007,4.0369,1.8060,0.4606
0.8585,0.0006,0.8088,0.8782,0.4606
0.7327,0.0004,0.7995,0.9707,0.4606
3.9506,0.0007,3.7480,1.4014,0.4184
0.9065,0.0004,0.8497,0.9488,0.4184
0.9039,0.0004,0.8992,1.0556,0.4184
4.5219,0.0006,4.4302,1.7904,0.4279
0.9299,0.0004,0.8868,1.0726,0.4279
0.9022,0.0004,0.8738,0.8280,0.4222
4.3278,0.0006,4.2897,1.6932,0.4259
0.7168,0.0004,0.8499,0.9195,0.4259
1.0755,0.0005,0.7182,0.9623,0.4205
4.5863,0.0006,4.4744,1.9470,1.2622
0.7744,0.0006,1.0892,1.1865,1.2622
1.0859,0.0003,0.7249,0.9911,1.2622
4.5777,0.0008,4.5012,2.2293,0.4187
0.7548,0.0004,0.9848,0.9970,0.4187
1.4004,0.0006,0.6244,1.5413,0.4206
4.4324,0.0004,4.2859,0.9315,0.4294
0.6511,0.0003,0.8390,0.9536,0.4294
1.3781,0.0007,0.6119,1.0347,0.4459
5.5835,0.0008,5.5712,1.4051,0.4536
1.0293,0.0006,1.0590,1.1146,0.4536
0.6020,0.0005,0.9403,0.9343,0.4536
5.5746,0.0017,5.1121,1.4482,0.4193
1.1103,0.0005,1.1771,1.7107,0.4193
1.4058,0.0005,0.7542,1.0288,0.4186
6.2436,0.0008,6.2724,1.7709,0.4076
1.2160,0.0007,1.1963,1.2240,0.4076
1.0361,0.0005,1.1207,0.9300,0.4374
4.8593,0.0007,4.9186,1.2013,0.4293
0.9775,0.0004,0.9864,1.1603,0.4293
1.0208,0.0004,1.0475,0.8319,0.4320
5.8568,0.0012,5.6154,1.7062,0.4413
0.8419,0.0009,1.2288,1.5204,0.4413
1.3330,0.0007,0.7060,1.2667,0.4219
5.7010,0.0009,5.4051,0.9731,0.4195
1.0757,0.0007,1.1216,1.2062,0.4195
0.7364,0.0005,1.0269,0.9372,0.4195
5.1954,0.0009,4.7997,1.6637,0.4341
0.9150,0.0006,1.1893,1.2492,0.4341
1.1557,0.0007,0.8022,1.2383,0.4341
6.0697,0.0008,5.8068,1.7902,0.4274
1.3272,0.0008,1.3867,1.1975,0.4274
1.0076,0.0007,1.2041,1.0234,0.4249
5.6929,0.0010,5.4803,1.1112,0.4175
1.3506,0.0007,1.2838,1.9381,0.4175
1.0105,0.0004,0.8677,0.9621,0.4175
4.9388,0.0008,4.6595,1.5554,0.4165
1.2645,0.0005,1.0500,1.8053,0.4165
0.9599,0.0005,0.7048,0.8438,0.4165
4.9769,0.0012,4.6213,1.5758,0.4039
1.1644,0.0007,1.1850,1.7046,0.4039
1.5570,0.0007,0.8585,1.2231,0.4039
4.9691,0.0006,4.7347,2.3207,0.4245
0.7567,0.0006,1.0455,1.0542,0.4245
1.1086,0.0004,0.6682,0.8375,0.4141
4.6206,0.0008,4.4450,2.1355,0.4155
1.2384,0.0008,1.0143,1.6782,0.4155
1.7158,0.0010,0.8167,1.5685,0.4155
5.0071,0.0008,4.9390,1.5491,0.4321
1.0536,0.0004,1.0699,1.6050,0.4321
1.5758,0.0005,0.6856,1.5876,0.4266
5.4191,0.0008,5.0274,1.2207,0.4151
0.9862,0.0009,1.0976,1.1398,0.4151
1.2290,0.0007,0.9021,1.5920,0.4151
4.9881,0.0013,4.6151,1.3092,0.4411
1.0772,0.0008,1.1548,1.5315,0.4411
1.5037,0.0008,0.8644,1.5226,0.4411
4.7091,0.0009,4.4986,1.1504,0.4315
0.7590,0.0007,0.9798,0.9856,0.4315
0.9983,0.0007,0.7410,0.9356,0.4315
4.7315,0.0011,4.4472,2.3527,0.4113
1.1966,0.0005,1.2178,1.6683,0.4113
1.3403,0.0005,0.8836,1.2589,0.4317
5.5252,0.0007,5.3726,1.2576,0.4353
0.7248,0.0003,0.9635,1.0233,0.4353
1.3017,0.0006,0.6940,1.3664,0.4361
4.6219,0.0009,4.6086,1.1557,0.4228
1.0379,0.0007,0.9614,1.0385,0.4228
1.2498,0.0005,0.9818,0.8570,0.4228
4.8040,0.0009,5.0914,2.2240,0.4449
0.7502,0.0005,1.0243,1.0625,0.4449
0.9900,0.0005,0.6723,0.9180,0.4267
5.7508,0.0009,5.4633,2.0075,0.4363
0.9751,0.0006,1.1572,1.2813,0.4363
1.3672,0.0011,0.8703,1.5201,0.4272
5.5362,0.0010,5.3143,1.6782,0.4464
0.9666,0.0006,1.1459,1.5421,0.4464
1.3759,0.0007,0.7494,1.2816,0.4094
5.1331,0.0009,4.9434,1.2126,0.4285
0.9958,0.0007,1.0045,1.1069,0.4285
0.7964,0.0003,0.9242,0.9750,0.4285
4.7752,0.0009,4.4092,1.9674,0.4332
0.7905,0.0004,1.0818,1.1031,0.4332
1.1391,0.0004,0.6793,1.3569,0.4330
4.5155,0.0011,4.2807,0.9983,0.4317
0.7110,0.0005,0.9132,1.0501,0.4317
1.0564,0.0005,0.6294,1.0112,0.4317
4.3762,0.0006,4.1547,1.6055,0.4413
0.9624,0.0210,0.8749,0.9386,0.4413
0.8605,0.0003,0.9682,0.9397,0.4174
5.4382,0.0009,5.2468,1.8527,0.4330
1.1157,0.0009,1.1047,1.0913,0.4330
0.9186,0.0007,1.0647,0.9771,0.4300
4.7686,0.0010,4.6100,1.5921,0.4203
1.1306,0.0008,1.0813,1.0856,0.4203
0.6133,0.0006,1.0801,0.8948,0.4203
4.7184,0.0007,4.3509,1.5538,1.0459
0.7907,0.0008,1.0569,1.1706,1.0459
1.2328,0.0005,0.6873,1.3237,0.4392
5.5239,0.0006,5.2002,0.9218,0.4138
0.7371,0.0006,1.0197,1.1532,0.4138
1.1495,0.0003,0.6568,1.2842,0.4158
5.5013,0.0007,5.1481,1.0883,0.4124
0.9840,0.0006,1.1227,1.1623,0.4124
1.4209,0.0004,0.8749,1.6877,0.4124
4.9253,0.0007,4.7083,1.4196,0.4400
0.7402,0.0003,1.0384,1.1469,0.4400
1.0627,0.0003,0.6403,1.1488,0.4400
4.4569,0.0010,4.2319,1.2675,0.4198
0.8975,0.0004,0.8780,0.9914,0.4198
1.2780,0.0004,0.8366,1.4657,0.4216
5.7526,0.0011,5.5920,1.0929,0.4607
0.8680,0.0008,1.1711,1.2403,0.4607
1.0373,0.0007,0.7406,1.2420,0.4607
4.7019,0.0007,4.4242,1.2365,0.4342
0.7982,0.0008,1.0291,1.0982,0.4342
1.0964,0.0004,0.7048,0.8813,0.4342
6.1793,0.0007,5.9415,1.8037,0.4083
1.1675,0.0010,1.2079,1.2756,0.4083
0.9838,0.0004,1.2058,1.1032,0.4288
4.8252,0.0010,4.6998,1.8532,0.4483
1.0038,0.0005,1.0296,1.0591,0.4483
0.9525,0.0005,0.9443,0.9491,0.4073
5.7626,0.0009,5.5868,1.5241,0.4083
1.0914,0.0010,1.2630,1.6335,0.4083
1.4520,0.0007,0.9520,1.3623,0.4083
5.3408,0.0009,5.2490,1.6784,0.4350
1.2358,0.0005,0.9196,1.5638,0.4350
1.0419,0.0004,0.8152,0.8508,0.4287
4.3587,0.0005,4.5527,1.2190,0.4224
1.1823,0.0004,0.8846,1.5986,0.4224
1.4212,0.0008,0.8479,1.0396,0.4224
4.8973,0.0004,4.7619,2.3813,0.4219
1.1223,0.0003,0.9861,1.5801,0.4219
1.2416,0.0005,0.7667,1.3336,0.4219
4.6748,0.0006,4.3807,1.2894,0.4268
1.2364,0.0006,0.9500,1.7101,0.4268
0.9909,0.0006,0.7237,0.8935,0.4268
5.2941,0.0010,4.9216,1.3562,0.4515
1.0767,0.0009,1.2340,1.2643,0.4515
0.7033,0.0004,0.9156,1.0129,0.4515
5.6677,0.0007,5.3109,1.3627,0.4250
1.0652,0.0006,1.0586,1.1726,0.4250
0.8528,0.0005,1.0340,0.8475,0.4250
6.4334,0.0009,6.1150,1.5764,0.4530
0.8785,0.0009,1.2206,1.2977,0.4530
1.1381,0.0004,0.7339,1.1358,0.4530
4.5725,0.0007,4.3159,1.5101,0.4107
0.9295,0.0006,0.9886,1.1988,0.4107
0.9356,0.0006,0.8141,1.0802,0.4107
4.6317,0.0007,4.3236,1.4326,0.4274
1.2283,0.0005,1.0575,1.6339,0.4274
1.8688,0.0005,0.7847,1.5002,0.4428
5.3841,0.0009,5.5007,1.4055,0.4129
1.2012,0.0008,1.0902,1.1710,0.4129
1.0606,0.0003,1.1296,1.6356,0.4342
4.9291,0.0009,4.5959,1.2846,0.4226
0.9980,0.0006,1.0780,1.5411,0.4226
1.3935,0.0006,0.7464,1.2109,0.4226
5.0078,0.0008,4.7677,2.3730,0.4185
0.8397,0.0009,1.1189,1.1241,0.4185
0.8007,0.0007,0.7162,0.8892,0.4185
4.8960,0.0007,4.7190,1.6366,0.4240
0.7510,0.0004,1.0591,1.1637,0.4240
1.3008,0.0003,0.6648,1.1550,0.4240
6.2057,0.0009,5.7843,2.2496,1.0480
1.2424,0.0006,1.1239,1.8095,1.0480
1.3765,0.0009,0.7492,1.3907,0.4294
4.8630,0.0008,4.5585,1.3981,0.4276
1.2342,0.0003,1.0166,1.6958,0.4276
1.4987,0.0006,0.7423,1.5675,0.4305
6.3829,0.0009,5.8251,1.2470,0.4547
0.8373,0.0007,1.2969,1.2662,0.4547
1.3622,0.0006,0.7063,1.0328,0.4372
5.3297,0.0012,5.2972,1.8712,0.4069
0.9952,0.0009,1.1735,1.2742,0.4069
1.0993,0.0004,0.8727,1.3841,0.4069
4.9960,0.0006,4.6172,1.6594,0.4319
1.0328,0.0007,1.1241,1.1780,0.4319
1.0406,0.0004,1.0758,1.1128,0.4512
5.9530,0.0009,5.6705,1.3376,0.4401
0.7954,0.0006,1.2475,1.1895,0.4401
1.0215,0.0003,0.6894,1.1154,0.4401
4.8417,0.0010,4.5009,1.9610,0.4126
1.2293,0.0006,1.2063,1.7390,0.4126
1.4370,0.0005,0.8562,1.5182,0.4403
4.9694,0.0010,4.6890,1.3602,0.4498
0.9235,0.0005,1.0760,1.4624,0.4498
1.2992,0.0004,0.7096,1.1070,0.4498
4.5849,0.0008,4.3235,2.5052,0.4187
0.9823,0.0008,0.9925,1.4726,0.4187
1.3543,0.0008,0.7413,1.3405,0.4187
4.9893,0.0008,4.5799,1.9744,0.4479
0.8424,0.0006,1.1830,1.3280,0.4479
1.4679,0.0005,0.6914,1.5903,0.4294
4.7914,0.0008,4.4671,1.3118,0.4207
1.2393,0.0006,1.0265,1.6766,0.4207
1.5211,0.0004,0.7430,1.5816,0.4355
5.0774,0.0007,4.6766,1.3903,0.4240
1.1636,0.0007,1.1650,1.3248,0.4240
0.7891,0.0005,1.0939,1.0790,0.4240
5.0155,0.0010,4.7446,1.5688,0.4048
1.3913,0.0004,1.0583,1.7712,0.4048
1.3810,0.0004,0.8530,1.5295,0.4178
5.0374,0.0006,4.6660,1.2737,0.4140
0.8290,0.0005,1.1461,1.1918,0.4140
1.1713,0.0006,0.6993,1.2041,0.4140
6.0253,0.0011,5.6440,1.7274,0.4335
0.9743,0.0007,1.2610,1.4444,0.4335
1.1748,0.0004,0.9176,1.2980,0.4335
4.9147,0.0009,4.5343,1.3925,0.4334
0.8174,0.0006,1.1229,1.2512,0.4334
1.1151,0.0007,0.7128,1.0815,0.4334
5.0284,0.0015,4.7102,1.6455,0.4360
0.8152,0.0009,1.1142,1.2878,0.4360
1.1275,0.0004,0.7303,0.9261,0.4360
5.5382,0.0007,5.4165,2.1805,0.4196
1.0817,0.0004,0.9497,1.5616,0.4196
1.2624,0.0006,0.6222,1.2518,0.4196
4.7622,0.0008,4.4725,1.7207,0.4605
1.1635,0.0004,0.9868,1.6160,0.4605
1.1954,0.0003,0.7457,0.9408,0.4605
4.9610,0.0007,4.7026,2.2106,0.4201
0.9378,0.0006,0.9898,1.3462,0.4201
1.5995,0.0005,0.7332,1.6533,0.4260
4.9681,0.0010,4.5811,0.8297,0.4360
1.3216,0.0007,1.1028,1.8884,0.4360
1.5350,0.0003,0.7246,1.4862,0.4190
4.8299,0.0005,4.7081,0.9676,0.4210
1.3595,0.0005,0.8565,1.6111,0.4210
0.8687,0.0004,0.7864,0.7819,0.4210
5.8852,0.0009,5.3945,1.3515,0.4101
0.8229,0.0005,1.3916,1.2818,0.4101
0.9852,0.0005,0.7194,1.2834,0.4101
5.5058,0.0006,5.3371,1.0733,0.4289
0.7590,0.0004,0.9289,1.2153,0.4289
1.1779,0.0005,0.6174,1.1782,0.4289
6.5302,0.0010,5.7075,1.1868,0.4270
1.0934,0.0010,1.6877,1.5024,0.4270
0.7862,0.0005,0.8144,1.1923,0.4483
4.7533,0.0008,4.4750,1.5298,0.4162
0.7390,0.0008,0.9686,1.0003,0.4162
0.8567,0.0004,0.6612,0.9439,0.4162
5.9409,0.0008,5.6526,1.3069,0.4431
1.4752,0.0009,1.2651,1.3318,0.4431
0.8972,0.0006,1.4976,1.4501,0.4431
5.2848,0.0012,5.0073,1.9215,0.4282
0.8138,0.0006,1.1394,1.2222,0.4282
1.2040,0.0005,0.6967,1.3382,0.4282
5.4088,0.0007,5.1679,1.5010,0.4235
0.9230,0.0005,1.0851,1.4128,0.4235
1.4650,0.0006,0.9165,1.3122,0.4235
5.2584,0.0008,5.0919,2.2150,0.4288
0.8482,0.0007,1.1071,1.1374,0.4288
1.2007,0.0006,0.7683,1.3226,0.4237
5.9645,0.0008,5.5619,1.3626,0.4239
0.8861,0.0005,1.2696,1.5411,0.4239
1.0992,0.0005,0.7772,1.1891,0.4239
6.4094,0.0009,5.8411,1.4631,0.4579
1.2537,0.0008,1.3316,1.3015,0.4579
0.9368,0.0015,1.1419,1.2339,0.4232
5.2818,0.0009,5.1048,1.5802,0.4335
0.9211,0.0014,1.2256,1.3575,0.4335
1.3719,0.0007,0.8033,1.2375,0.4213
5.2583,0.0011,5.0606,2.3876,0.6416
0.7965,0.0004,1.1473,1.3233,0.6416
1.4424,0.0005,0.7106,1.4012,0.4447
4.7972,0.0008,4.6731,1.4278,0.4408
1.0178,0.0007,1.0103,1.4542,0.4408
1.4755,0.0006,0.8126,1.5117,0.4268
4.8164,0.0013,4.5416,1.4480,0.4433
1.0300,0.0012,1.1618,1.2883,0.4433
1.3442,0.0007,0.9006,0.8490,0.4548
5.6098,0.0009,5.9028,1.4785,0.4191
1.0247,0.0005,1.0689,1.1433,0.4191
1.0883,0.0008,0.9716,1.4794,0.4191
5.6458,0.0006,5.3728,1.0424,0.4325
0.8702,0.0006,1.0549,1.1386,0.4325
1.0648,0.0005,0.7999,1.2774,0.4325
5.0257,0.0008,4.7421,1.5781,0.4151
0.8002,0.0008,1.0998,1.2612,0.4151
1.2224,0.0006,0.7126,1.3276,0.4151
4.8611,0.0007,4.5356,1.7924,0.4175
1.2780,0.0006,1.0694,1.7316,0.4175
1.3440,0.0005,0.8945,1.0568,0.4126
4.9479,0.0007,4.8457,1.6868,0.4452
1.1931,0.0005,1.0835,1.5560,0.4452
1.3064,0.0007,0.8910,1.3755,0.4452
4.9428,0.0008,4.6992,2.5007,0.4343
0.9552,0.0006,1.1039,1.5212,0.4343
1.5822,0.0007,0.7368,1.4506,0.4258
6.1337,0.0010,5.8212,1.0135,0.4233
0.9732,0.0005,1.2682,1.1853,0.4233
0.9902,0.0005,0.8613,1.4075,0.4233
5.7928,0.0005,5.6527,1.7117,0.4497
0.7770,0.0004,1.0388,1.0435,0.4497
0.9607,0.0005,0.7047,0.9629,0.4497
6.0021,0.0006,5.7403,1.5263,0.4323
0.8033,0.0010,1.0443,1.3310,0.4323
0.9628,0.0007,0.7708,0.8773,0.4323
4.6774,0.0009,4.6230,1.7241,0.4600
1.1644,0.0009,1.0221,1.5384,0.4600
1.4506,0.0005,0.7547,1.5816,0.4405
4.8813,0.0012,4.3728,1.5022,0.4313
1.3273,0.0009,1.3314,1.9407,0.4313
1.5363,0.0006,0.9182,1.5667,0.4313
5.0411,0.0006,4.8367,1.6645,0.4382
0.7654,0.0008,1.0572,1.1001,0.4382
0.9988,0.0005,0.6684,0.9132,0.4382
4.8310,0.0006,4.5456,2.1176,0.4266
0.9962,0.0006,1.0454,1.0070,0.4266
1.1470,0.0005,0.8917,1.5712,0.4266
6.2511,0.0009,5.9515,1.0912,0.4629
0.7561,0.0006,1.0373,1.1654,0.4629
1.2629,0.0004,0.6744,0.9611,0.4322
4.6737,0.0006,4.5167,1.5843,0.4320
0.7682,0.0008,0.9891,1.0268,0.4320
0.8902,0.0006,0.6570,1.0829,0.4320
4.9379,0.0008,4.5241,1.4425,0.4686
0.9958,0.0007,1.0970,1.1465,0.4686
1.1865,0.0005,0.9174,1.5832,0.4488
4.5678,0.0007,4.4316,1.2370,0.4175
0.6978,0.0003,0.9333,1.0674,0.4175
1.6175,0.0008,0.6278,1.4889,0.4353
5.4417,0.0010,5.2217,1.4847,0.4207
0.8635,0.0006,1.1721,1.2049,0.4207
1.1755,0.0005,0.7355,1.4398,0.4207
4.7394,0.0009,4.4168,1.0251,0.4256
0.7331,0.0004,1.0055,1.1975,0.4256
1.2233,0.0008,0.7263,1.2656,0.4256
4.7031,0.0007,4.3742,1.7525,0.4378
0.7674,0.0006,1.0159,1.1143,0.4378
1.1551,0.0005,0.6726,0.9633,0.4378
5.0388,0.0007,4.9697,1.9714,0.4642
0.7951,0.0007,1.0792,1.3486,0.4642
1.4467,0.0006,0.6968,1.4173,0.4319
4.7146,0.0008,4.4429,1.4903,0.4306
0.7354,0.0005,0.9821,1.2166,0.4306
1.1890,0.0005,0.6535,0.8971,0.4306
5.0102,0.0008,4.7605,1.5575,0.4503
0.7777,0.0004,1.1244,1.3243,0.4503
1.5455,0.0004,0.7017,1.5593,0.4547
5.6021,0.0009,5.2287,0.9836,0.4398
0.9339,0.0006,1.1555,1.2408,0.4398
0.9862,0.0006,0.8633,0.8798,0.4383
4.9852,0.0010,4.9276,1.2965,0.4289
1.0239,0.0009,1.1826,1.4262,0.4289
1.3258,0.0005,0.8805,1.4460,0.4700
5.9365,0.0007,5.6663,1.4101,0.4487
1.0951,0.0004,1.0825,1.5736,0.4487
1.1732,0.0004,0.7626,1.2001,0.4487
4.6677,0.0008,4.3891,1.8755,0.4386
1.0866,0.0010,0.9881,1.0505,0.4386
1.0198,0.0004,1.0497,1.4748,0.4386
4.7308,0.0007,4.5515,1.4401,0.4733
1.1566,0.0004,0.9702,1.5356,0.4733
1.0591,0.0006,0.8041,0.9380,0.4733
5.4641,0.0009,5.1210,1.3887,0.4161
1.2237,0.0004,1.0517,1.7787,0.4161
1.8046,0.0004,0.7038,1.7021,0.4378
5.3113,0.0009,5.0421,1.1058,0.4561
0.9771,0.0006,1.1423,1.3861,0.4561
1.1630,0.0005,0.8371,1.1434,0.4561
5.5345,0.0006,5.2833,1.4906,0.4156
0.9145,0.0006,1.1224,1.2971,0.4156
1.2469,0.0003,0.8035,1.0272,0.4156
5.5052,0.0007,5.2127,2.0443,0.4368
0.8080,0.0005,1.0642,1.3428,0.4368
1.2684,0.0005,0.7479,1.1984,0.4368
5.1937,0.0008,4.8764,1.3355,0.4135
1.1997,0.0007,1.0194,1.6112,0.4135
1.3696,0.0009,0.7875,1.4442,0.4525
5.2983,0.0009,4.8618,1.5476,0.4215
1.3914,0.0006,1.2424,2.0020,0.4215
1.1665,0.0006,0.8374,1.2050,0.4215
5.0422,0.0011,4.7020,1.8606,0.4515
1.0518,0.0008,1.1716,1.1607,0.4515
1.1588,0.0009,0.9471,1.5914,0.4376
4.9965,0.0008,4.7316,1.5185,0.4239
0.9724,0.0007,1.1880,1.6040,0.4239
1.4945,0.0007,0.8360,1.4975,0.4505
5.0090,0.0010,4.7111,1.5132,0.4235
1.1028,0.0008,1.1002,1.1710,0.4235
0.9425,0.0009,1.0260,1.2530,0.4458
6.0710,0.0009,5.6857,2.2831,0.4356
0.7891,0.0009,1.2787,1.4962,0.4356
1.6618,0.0011,0.7311,1.5857,0.4356
5.3857,0.0011,5.3042,1.6404,0.4329
1.0886,0.0007,1.1798,1.5972,0.4329
1.1901,0.0006,0.8885,1.1158,0.4329
5.6617,0.0009,5.5308,2.0562,0.4380
1.2433,0.0007,1.0496,1.7606,0.4380
1.1791,0.0005,0.7029,1.1737,0.4380
5.5444,0.0011,5.1327,1.0184,0.4634
1.0170,0.0009,1.1995,1.4092,0.4634
1.2242,0.0004,0.9050,1.4145,0.4634
4.8032,0.0009,4.5165,1.3978,0.4193
1.2053,0.0006,1.0499,1.7015,0.4193
1.6869,0.0007,0.6928,1.5680,0.4264
5.2287,0.0008,4.9196,1.3156,0.4592
1.2031,0.0010,1.1841,1.8035,0.4592
1.4922,0.0006,0.7382,1.1335,0.4592
5.4865,0.0009,5.1950,2.3954,0.4304
0.9907,0.0009,1.1251,1.5542,0.4304
1.2096,0.0007,0.7508,1.1526,0.4304
5.0856,0.0009,4.7376,1.2277,0.4735
1.2576,0.0007,1.1602,1.8139,0.4735
1.6862,0.0004,0.7436,1.7013,0.4382
4.8725,0.0008,4.5519,1.6240,0.4324
1.2202,0.0007,1.0627,1.6712,0.4324
1.0545,0.0006,0.7979,1.0061,0.4324
5.7775,0.0007,5.3589,1.5889,0.4371
1.3734,0.0006,1.1691,1.8353,0.4371
1.5437,0.0005,0.9580,1.2366,0.4371
5.3819,0.0008,5.4171,2.7728,0.4365
1.2304,0.0007,1.2402,1.4567,0.4365
0.8430,0.0005,1.0324,0.9567,0.4365
5.1997,0.0009,4.9487,2.0497,0.4266
1.1012,0.0008,1.1662,1.2320,0.4266
1.0144,0.0007,1.0881,1.0751,0.4266
6.1004,0.0009,5.7312,2.3826,0.4211
0.8221,0.0004,1.3795,1.5254,0.4211
1.1970,0.0005,0.7258,1.1729,0.4211
5.6471,0.0009,5.2243,1.3117,0.4425
0.9301,0.0006,1.2663,1.4778,0.4425
1.9328,0.0007,0.7977,1.9586,0.4521
5.3129,0.0009,5.1822,1.7956,0.4243
0.9328,0.0005,1.1763,1.5356,0.4243
1.7136,0.0005,0.7782,1.7056,0.4264
5.3041,0.0015,4.7866,1.6616,0.4280
1.2601,0.0007,1.3919,1.7910,0.4280
1.7205,0.0008,1.1419,1.6924,0.4450
5.1641,0.0008,4.9907,1.8093,0.4304
1.3882,0.0312,1.0639,1.8384,0.4304
1.4100,0.0004,0.8568,1.5031,0.4467
5.0581,0.0009,4.6206,1.3992,0.4594
1.0411,0.0012,1.2786,1.2565,0.4594
1.6251,0.0006,0.9439,1.6811,0.4550
5.3948,0.0007,5.4708,1.8865,0.4495
1.4629,0.0006,1.0351,1.9716,0.4495
1.3565,0.0170,0.6978,1.2962,0.4495
5.0305,0.0008,4.7800,1.3659,0.4249
1.1028,0.0004,1.0656,1.6440,0.4249
1.3351,0.0006,0.6852,1.3045,0.4249
5.1143,0.0008,4.8165,1.7244,0.4259
1.1825,0.0005,1.0573,1.7333,0.4259
1.5571,0.0005,0.7538,1.5471,0.4259
5.1004,0.0007,4.8388,1.1923,0.4208
1.2373,0.0007,1.2216,1.4373,0.4208
1.0695,0.0004,1.1569,1.1411,0.5331
5.4054,0.0008,5.1870,1.3799,0.4649
1.2338,0.0008,1.2766,1.9525,0.4649
1.3847,0.0006,0.7892,1.0188,0.4649
6.3813,0.0009,5.9531,2.2462,0.4249
0.9164,0.0007,1.3111,1.5792,0.4249
1.6747,0.0005,0.7979,1.7295,0.4249
6.3651,0.0007,5.9848,1.4110,0.4914
1.2050,0.0005,1.1242,1.6590,0.4914
1.6346,0.0004,0.8526,1.6651,0.4376
5.0193,0.0010,4.8283,1.4765,0.4247
1.1390,0.0004,1.2432,1.2570,0.4247
1.2025,0.0005,1.0086,1.6778,0.4379
6.2650,0.0008,5.8424,1.7932,0.4628
1.0029,0.0009,1.2212,1.6171,0.4628
1.4049,0.0008,0.7625,1.3514,0.4628
5.8466,0.0008,5.5372,1.6306,0.6916
1.2400,0.0007,1.1913,1.1653,0.6916
0.6757,0.0005,1.1196,0.9902,0.6916
5.3200,0.0007,4.9256,1.6464,0.4677
1.0464,0.0006,1.1680,1.3691,0.4677
1.0032,0.0007,0.9806,1.2974,0.4677
4.8935,0.0006,4.6852,1.5277,0.4360
0.7190,0.0003,0.9983,1.2946,0.4360
1.5009,0.0004,0.6334,1.3415,0.4302
5.1970,0.0010,4.8452,1.6443,0.4429
1.1648,0.0007,1.2201,1.2348,0.4429
1.0208,0.0004,1.1314,1.5371,0.4357
6.2189,0.0009,5.2965,1.4754,0.4400
0.8917,0.0008,1.8205,1.8888,0.4400
1.2052,0.0007,0.7281,1.2726,0.4400
5.2766,0.0009,4.9687,1.6297,0.4320
0.8874,0.0008,1.1276,1.5084,0.4320
1.3167,0.0006,0.7104,1.2425,0.4534
4.7971,0.0008,4.5724,1.5261,0.4132
0.9816,0.0005,0.9410,1.0015,0.4132
0.9377,0.0004,0.9302,1.3070,0.4132
6.0623,0.0010,5.5136,1.2206,0.4245
1.0920,0.0007,1.4633,1.4898,0.4245
1.2194,0.0005,1.1751,1.1710,0.4245
5.1580,0.0006,5.0898,2.0150,0.4448
0.7808,0.0005,1.0814,1.0244,0.4448
1.1885,0.0003,0.6876,1.4535,0.4428
5.3590,0.0005,5.1240,0.9189,0.4497
0.6908,0.0006,0.8653,0.9627,0.4497
0.9161,0.0007,0.6833,0.9831,0.4497
4.8728,0.0006,4.5540,1.3598,0.4693
0.7101,0.0006,1.0097,1.0903,0.4693
0.9852,0.0003,0.6739,0.7841,0.4693
4.4630,0.0004,4.5038,2.0461,0.4418
0.6882,0.0003,0.8875,0.9051,0.4418
1.0052,0.0004,0.6243,0.8278,0.4388
4.4633,0.0008,4.1695,1.3630,0.4487
0.9610,0.0005,1.0831,1.1822,0.4487
1.1700,0.0004,0.9617,1.3725,0.4728
4.7130,0.0007,4.9862,1.1077,0.4346
0.6815,0.0006,0.8540,0.9420,0.4346
1.2086,0.0006,0.6366,1.3332,0.4372
4.2744,0.0009,4.0970,1.0334,0.4492
0.8565,0.0004,0.8120,0.9479,0.4492
0.8541,0.0004,0.7986,0.9488,0.4492
4.5617,0.0008,4.2383,1.5165,1.0614
0.8445,0.0005,1.0441,1.0433,1.0614
1.4341,0.0003,0.7278,1.7116,0.4502
4.2858,0.0006,4.1386,1.1752,0.4230
0.8112,0.0004,0.7623,0.8523,0.4230
1.2203,0.0003,0.8085,1.5215,0.4492
4.0746,0.0005,4.0586,0.9452,0.4449
0.5781,0.0003,0.7079,0.8286,0.4449
1.1028,0.0004,0.5697,1.1680,0.4449
6.6335,0.0009,6.2869,1.8014,0.6956
0.7587,0.0006,1.0588,1.0947,0.6956
0.9734,0.0004,0.6537,1.0569,0.6956
4.3348,0.0006,4.1082,1.7306,0.4331
1.3146,0.0005,0.8512,1.5599,0.4331
0.9971,0.0004,0.7625,1.1682,0.4403
4.8633,0.0007,4.4470,1.4990,0.4551
1.0161,0.0005,1.0962,1.1684,0.4551
1.0421,0.0003,0.9065,1.4663,0.4212
4.4203,0.0004,4.2290,1.1145,0.4058
0.8667,0.0004,0.8451,0.9655,0.4058
1.1359,0.0004,0.8119,1.4296,0.4275
4.3119,0.0005,4.0778,1.1695,0.4495
1.0149,0.0005,1.0239,1.0629,0.4495
1.6959,0.0005,0.9621,1.9895,0.4671
4.5541,0.0004,4.6771,0.8859,0.4379
0.6384,0.0003,0.7795,0.8523,0.4379
1.2361,0.0006,0.6721,1.3777,0.4593
4.2181,0.0004,4.2388,1.1087,0.4660
0.5965,0.0003,0.7190,0.8569,0.4660
1.4721,0.0003,0.5596,1.5317,0.4287
4.5917,0.0008,4.2027,1.0818,0.9239
0.7715,0.0007,1.0373,1.1073,0.9239
1.0323,0.0005,0.6584,1.0166,0.9239
4.2649,0.0005,4.0763,1.6746,0.4345
1.0040,0.0005,0.9337,0.8823,0.4345
0.9887,0.0003,0.8323,1.4326,0.4362
4.1570,0.0007,3.9107,0.9359,0.4516
0.8383,0.0010,0.8918,1.0740,0.4516
1.1660,0.0009,0.7532,1.0436,0.4516
5.8258,0.0009,5.8112,1.7466,0.4505
0.6885,0.0004,0.9301,0.9810,0.4505
1.1144,0.0006,0.6210,0.9621,0.4505
4.1979,0.0007,4.1087,1.2937,0.4276
0.6332,0.0004,0.8240,0.9319,0.4276
1.0624,0.0005,0.5903,0.8092,0.4276
4.5875,0.0008,4.3752,1.6875,0.4355
0.9466,0.0006,0.9896,1.0594,0.4355
0.6900,0.0004,0.8354,0.8572,0.4355
4.6521,0.0004,4.5486,1.5336,0.4586
0.6010,0.0003,0.6902,0.8632,0.4586
1.2085,0.0003,0.5584,0.8993,0.4586
3.9742,0.0004,3.9564,1.3820,0.4446
0.6072,0.0003,0.7485,0.8656,0.4446
1.0245,0.0003,0.5592,0.9025,0.4446
4.5240,0.0009,4.2529,2.0784,0.4489
0.7523,0.0006,0.9562,0.9658,0.4489
0.6329,0.0004,0.6528,0.8630,0.4489
3.8947,0.0005,3.7882,1.1666,0.4366
0.5757,0.0003,0.6807,0.8866,0.4366
1.0776,0.0007,0.6480,0.7257,0.4363
4.1455,0.0006,4.1539,1.4831,0.4564
0.6373,0.0004,0.8117,1.0327,0.4564
1.2226,0.0003,0.6007,1.2128,0.4564
5.2475,0.0006,5.0506,0.8867,0.4634
0.6206,0.0004,0.8324,0.8767,0.4634
0.7220,0.0004,0.5866,0.8920,0.4634
3.8924,0.0005,3.7253,1.0397,0.4298
0.6012,0.0003,0.7257,0.8570,0.4298
0.9993,0.0003,0.5784,0.9015,0.4298
4.0495,0.0004,3.8593,1.3896,0.4347
0.9876,0.0003,0.8474,1.1023,0.4347
0.8004,0.0004,1.0183,0.8942,0.4347
4.4138,0.0004,4.2718,1.6706,0.4609
0.6505,0.0004,0.8048,0.8589,0.4609
0.7886,0.0004,0.6093,0.8489,0.4609
5.4463,0.0007,5.2050,1.0612,0.4518
1.3038,0.0004,1.0100,1.8077,0.4518
1.3904,0.0007,0.6601,1.0267,0.4518
5.1515,0.0009,4.9433,2.1091,0.4457
0.7730,0.0004,1.1300,1.1728,0.4457
1.2791,0.0003,0.6708,1.4953,0.4318
4.6245,0.0004,4.3826,1.0705,0.4325
1.0232,0.0005,0.8718,1.4616,0.4325
1.1648,0.0004,0.7453,1.0546,0.4325
4.6277,0.0008,4.3763,1.4266,0.4282
1.2494,0.0004,1.0754,1.7703,0.4282
1.1860,0.0007,0.7670,1.2116,0.4282
5.9645,0.0011,5.6190,1.3546,0.4756
0.7640,0.0005,1.0670,1.2135,0.4756
1.4008,0.0005,0.6857,1.5120,0.4448
4.7847,0.0007,4.4949,1.0949,0.4301
0.9358,0.0007,0.9943,1.0847,0.4301
1.2482,0.0006,0.9678,1.4967,0.4301
4.5850,0.0009,4.4319,1.8073,0.4263
0.8455,0.0006,0.9064,1.1249,0.4263
1.1074,0.0005,0.8248,1.0372,0.4263
4.3886,0.0007,4.2009,2.0093,0.4337
0.8939,0.0005,0.8387,0.9099,0.4337
0.8869,0.0004,0.8434,0.8765,0.4337
4.5601,0.0005,4.3773,1.7547,0.6543
0.7228,0.0004,0.9941,1.1090,0.6543
1.1151,0.0003,0.7244,0.8655,0.6543
4.7665,0.0008,4.6034,2.3131,0.4117
1.0668,0.0006,1.0630,1.0772,0.4117
0.8508,0.0006,1.0335,0.9575,0.4356
4.3572,0.0006,4.3467,1.7188,0.4426
0.8978,0.0006,0.8069,0.9222,0.4426
0.6440,0.0003,0.8648,0.7832,0.4426
4.8091,0.0011,4.3958,2.1378,0.4865
0.7555,0.0008,1.1200,1.1888,0.4865
0.9198,0.0005,0.7293,1.0782,0.4865
4.8105,0.0009,4.5879,2.1220,0.4438
0.7927,0.0009,1.0423,1.0902,0.4438
1.0598,0.0007,0.8513,0.9747,0.4325
6.1523,0.0010,5.9383,1.6536,0.4569
1.1005,0.0009,1.2577,1.1190,0.4569
0.6617,0.0006,1.0056,0.9503,0.4661
4.4524,0.0004,4.2874,1.2624,0.4236
0.6284,0.0003,0.7988,0.9406,0.4236
1.1447,0.0003,0.5926,0.9491,0.4236
5.1682,0.0006,5.0512,1.2866,0.4451
0.8638,0.0005,0.8580,0.9211,0.4451
1.1996,0.0005,0.8165,1.0070,0.4451
5.7225,0.0009,6.0511,1.4083,0.4730
0.7027,0.0005,0.9364,1.1730,0.4730
1.1871,0.0003,0.6184,1.1823,0.4243
5.1600,0.0007,4.9452,0.8625,0.4536
0.7096,0.0006,0.8627,0.9583,0.4536
0.9815,0.0003,0.6658,0.9768,0.4536
4.7848,0.0009,4.5018,1.4257,0.4376
0.8016,0.0007,1.0804,1.3180,0.4376
1.0683,0.0004,0.7443,1.1212,0.4376
5.0701,0.0005,4.8546,1.0986,0.4237
1.2338,0.0003,0.8468,1.5257,0.4237
0.9021,0.0005,0.7397,0.9455,0.4397
5.2035,0.0009,4.9483,1.3133,0.4214
1.0894,0.0007,1.0419,1.6006,0.4214
1.6286,0.0005,0.7555,1.6286,0.4517
5.1946,0.0007,4.7977,1.4606,0.4335
0.9139,0.0006,1.2223,1.3294,0.4335
1.3641,0.0005,0.7778,1.4809,0.4335
5.6038,0.0011,5.1318,1.6562,0.4504
1.0538,0.0008,1.3568,1.7994,0.4504
1.4248,0.0008,0.9979,1.0637,0.4504
4.7391,0.0008,4.6485,2.0338,0.4271
0.9369,0.0005,0.9756,1.3602,0.4271
1.4292,0.0004,0.7687,1.4654,0.4345
4.6216,0.0006,4.4734,1.1627,0.4261
0.7821,0.0006,0.9853,1.0507,0.4261
1.0733,0.0005,0.6868,0.8294,0.4261
4.8350,0.0012,4.5031,2.5290,0.4430
0.8072,0.0005,1.0727,1.0612,0.4430
0.8830,0.0004,0.6886,1.0374,0.4430
5.5278,0.0009,5.0525,1.9477,0.4387
1.1269,0.0006,1.2877,1.1900,0.4387
1.0597,0.0006,0.9555,1.5484,0.4387
5.5353,0.0013,5.1131,1.5847,0.6657
0.8833,0.0005,1.2274,1.3210,0.6657
1.3306,0.0008,0.7749,1.1161,0.6657
5.2127,0.0010,4.8408,2.1447,0.4367
1.0642,0.0006,1.3164,1.3902,0.4367
1.0320,0.0006,0.8961,1.2244,0.4367
5.0842,0.0011,4.7495,1.7308,0.4454
1.2747,0.0009,1.1682,1.4596,0.4454
1.2290,0.0006,1.1787,1.5217,0.4501
5.1005,0.0008,4.8954,1.2411,0.4182
1.0043,0.0008,1.0249,1.0841,0.4182
1.0559,0.0005,0.9504,1.4841,0.4380
5.7783,0.0012,5.4872,1.7344,0.4538
1.1687,0.0008,1.0972,1.2057,0.4538
0.8025,0.0005,1.1130,1.2082,0.4538
4.8913,0.0010,4.6617,1.9037,0.4229
0.7582,0.0006,1.0102,1.0736,0.4229
1.3150,0.0005,0.6409,1.3243,0.4411
4.9821,0.0011,4.7992,1.3296,0.4286
0.8622,0.0009,1.0926,1.1928,0.4286
1.2483,0.0009,0.7460,1.3899,0.4182
5.2839,0.0011,4.9346,1.6944,0.4468
0.8058,0.0005,1.1101,1.1222,0.4468
1.1104,0.0006,0.7332,1.2972,0.4468
5.2986,0.0008,5.0478,1.2369,0.4252
0.7752,0.0005,1.0259,1.0875,0.4252
1.1516,0.0004,0.6945,1.2263,0.4252
6.0730,0.0010,5.6619,1.4041,0.4562
0.8193,0.0005,1.1689,1.3982,0.4562
1.2431,0.0004,0.6605,1.1738,0.4562
5.6323,0.0008,5.3588,1.8049,0.4374
0.7666,0.0007,1.0363,1.1168,0.4374
1.0751,0.0005,0.6716,1.0490,0.4414
4.8715,0.0010,4.5332,1.5937,0.4344
0.8175,0.0005,1.1476,1.1973,0.4344
1.2084,0.0005,0.7122,1.3746,0.4344
5.9362,0.0007,5.5789,1.4541,0.4456
1.3082,0.0005,1.0903,1.8192,0.4456
1.5030,0.0003,0.8107,1.5812,0.4456
6.2670,0.0007,5.6919,1.4498,0.4641
0.8417,0.0009,1.3589,1.5794,0.4641
1.1944,0.0006,0.8203,0.8952,0.4641
4.9338,0.0008,4.8649,1.7235,0.4415
1.1495,0.0005,1.1143,1.1244,0.4415
0.7850,0.0007,1.0298,1.2660,0.4415
4.9452,0.0006,4.6207,1.7090,0.4668
0.8082,0.0004,1.0105,1.3124,0.4668
1.2656,0.0005,0.6715,1.2423,0.4668
5.1011,0.0010,4.7294,1.1024,0.4532
0.8035,0.0007,1.0981,1.3436,0.4532
1.2043,0.0005,0.6740,1.2317,0.4556
4.6636,0.0015,4.3612,0.9667,0.4367
0.7624,0.0006,0.9894,1.0388,0.4367
0.7808,0.0005,0.6636,0.9798,0.4367
5.2852,0.0008,4.7691,1.6676,0.4445
0.8838,0.0006,1.2435,1.4471,0.4445
1.2630,0.0004,0.7283,1.3455,0.4615
4.8080,0.0006,4.5233,1.3041,0.4466
0.9288,0.0004,0.9533,1.2975,0.4466
1.3149,0.0006,0.8166,1.1605,0.4466
5.9408,0.0010,5.5502,1.5364,0.4552
0.8660,0.0004,1.2803,1.3511,0.4552
1.2001,0.0005,0.7467,1.4394,0.4552
4.7248,0.0008,4.4438,1.7468,0.4321
1.1359,0.0006,0.9926,1.6058,0.4321
1.5864,0.0007,0.6519,1.5001,0.4442
5.3293,0.0004,5.1615,0.9653,0.4226
1.0214,0.0006,0.9040,1.0436,0.4226
0.7163,0.0008,1.0352,0.9668,0.4226
5.0768,0.0008,4.7704,1.7957,0.4268
0.8038,0.0007,1.0658,1.0253,0.4268
1.0468,0.0008,0.6989,1.3278,0.4455
4.6105,0.0009,4.3254,1.5250,0.4300
0.7651,0.0006,0.9743,1.1236,0.4300
1.2996,0.0004,0.6621,1.4155,0.4494
5.5875,0.0008,5.1206,1.1322,0.6603
0.8217,0.0005,1.1784,1.3708,0.6603
1.2127,0.0004,0.7201,1.3822,0.6603
5.6450,0.0008,5.3517,1.3238,0.4349
1.2172,0.0003,0.9877,1.5526,0.4349
0.8011,0.0004,0.8084,0.9462,0.4349
5.2544,0.0012,4.8117,1.2909,0.4472
0.9677,0.0009,1.2016,1.5691,0.4472
1.2062,0.0008,0.7741,1.0147,0.4472
4.8113,0.0010,4.5408,2.1384,0.4313
1.0869,0.0004,1.0871,1.0216,0.4313
0.8233,0.0004,0.9504,1.3093,0.4313
5.7684,0.0010,5.4098,1.7512,0.4314
1.1954,0.0006,1.0873,1.1937,0.4314
1.0611,0.0004,1.1927,1.5370,0.4314
5.0189,0.0009,4.8004,1.5928,0.4452
0.7846,0.0007,1.0477,1.1284,0.4452
0.9925,0.0006,0.6880,0.8132,0.4452
6.0462,0.0008,5.7355,1.6724,0.4394
0.8111,0.0007,1.0757,1.2964,0.4394
0.9524,0.0003,0.7076,0.9870,0.4394
5.5409,0.0009,5.1887,1.3537,0.4511
1.3428,0.0005,1.0616,1.8590,0.4511
1.1534,0.0006,0.6952,1.1797,0.4485
5.7179,0.0008,5.3715,1.2549,0.4368
1.2907,0.0004,1.0378,1.8175,0.4368
1.3585,0.0004,0.6929,1.3614,0.4517
5.0260,0.0011,4.6757,1.3595,0.4595
0.7992,0.0007,1.0734,1.1641,0.4595
1.0305,0.0004,0.7857,1.0155,0.4595
4.8508,0.0007,4.5006,1.4869,0.4095
1.2085,0.0008,1.0176,1.7128,0.4095
1.6262,0.0008,0.6911,1.4947,0.4401
5.7473,0.0008,5.4978,1.3612,0.4342
0.7689,0.0005,1.1206,1.3503,0.4342
1.4814,0.0005,0.7523,1.4180,0.4394
4.9955,0.0008,4.7287,1.7124,0.4638
1.0661,0.0004,1.1365,1.6790,0.4638
1.4410,0.0003,0.6671,1.4395,0.4638
6.1962,0.0008,5.5946,1.8268,0.4422
0.9925,0.0008,1.3702,1.7675,0.4422
1.4592,0.0003,0.6920,1.4700,0.4422
4.8693,0.0008,4.5301,1.3816,0.4410
1.2572,0.0007,1.0297,1.7611,0.4410
1.5104,0.0006,0.7700,1.5791,0.4443
5.0155,0.0010,4.5764,1.1805,0.4378
1.4874,0.0007,1.2594,1.0441,0.4378
0.9644,0.0006,1.4019,1.0441,0.4703
4.8941,0.0009,4.8202,1.5406,0.4294
1.0601,0.0003,1.0028,1.6207,0.4294
1.3740,0.0005,0.7064,1.2361,0.4431
5.3790,0.0007,5.1716,1.2469,0.4299
1.1974,0.0005,1.0340,1.6860,0.4299
1.0572,0.0006,0.8846,1.0473,0.4299
5.0755,0.0006,5.0160,2.1870,0.4321
1.2253,0.0004,1.0406,1.7569,0.4321
1.0123,0.0004,0.7193,1.0106,0.4321
4.8199,0.0008,4.5177,1.6692,0.4257
0.8629,0.0005,0.9843,1.3908,0.4257
1.3780,0.0003,0.6396,1.3670,0.4257
5.2346,0.0011,4.7807,1.6356,0.4516
0.7668,0.0005,1.1366,1.4310,0.4516
1.6415,0.0005,0.6759,1.2567,0.4334
5.6781,0.0011,5.5180,1.8753,0.4176
1.0323,0.0004,1.0279,1.5091,0.4176
1.0599,0.0004,0.8009,1.1605,0.4176
5.0163,0.0009,4.6428,1.3349,1.1712
0.8582,0.0008,1.1563,1.1931,1.1712
1.1623,0.0009,0.7135,1.4070,0.4401
4.9542,0.0008,4.5688,1.0838,0.4394
1.0308,0.0008,1.1464,1.1845,0.4394
0.8415,0.0009,0.8866,0.9261,0.4394
4.7776,0.0009,4.4306,1.6438,0.4432
1.2073,0.0006,1.1002,1.6890,0.4432
1.2907,0.0004,0.9918,1.2541,0.4432
5.9019,0.0008,5.9139,2.0677,0.4443
0.8289,0.0004,1.0982,1.2795,0.4443
1.8089,0.0007,0.6726,1.7041,0.4502
5.5665,0.0009,5.3671,0.9918,0.4314
1.5037,0.0005,1.1444,1.8749,0.4314
1.5393,0.0005,1.0948,1.6612,0.4518
4.9062,0.0007,4.9576,1.1464,0.4345
1.2112,0.0005,1.0865,1.6676,0.4345
1.4615,0.0003,0.7399,1.5246,0.4345
4.7897,0.0010,4.4931,1.3990,0.4340
1.1519,0.0005,1.0317,1.6351,0.4340
1.6406,0.0008,0.7203,1.6037,0.4340
5.0197,0.0008,4.7700,1.5708,0.4512
1.2134,0.0003,1.0612,1.7011,0.4512
1.1951,0.0007,0.7921,0.9097,0.4512
5.7465,0.0007,5.5273,2.2097,0.4266
1.1712,0.0004,1.0368,1.7276,0.4266
1.2770,0.0005,0.7178,1.0350,0.4266
4.9722,0.0008,4.7186,1.7598,0.4369
1.2840,0.0006,1.0548,1.7409,0.4369
1.0117,0.0007,0.8732,0.9932,0.4556
4.7858,0.0007,4.7463,0.9808,0.4257
1.1747,0.0005,1.0038,1.6319,0.4257
1.1528,0.0005,0.8114,1.0075,0.4257
5.1482,0.0009,4.8823,1.7769,0.4606
0.9323,0.0008,1.1981,1.4750,0.4606
1.1650,0.0006,0.8085,1.2139,0.4606
5.7246,0.0006,5.4143,1.5048,0.4190
1.1630,0.0004,1.0538,1.6992,0.4190
1.3599,0.0004,0.6627,1.2948,0.4190
5.1204,0.0007,4.8764,2.0910,0.4269
1.1767,0.0007,1.1153,1.6794,0.4269
1.1011,0.0006,0.7295,0.9989,0.4269
5.3325,0.0006,5.2530,1.2605,0.4269
1.1095,0.0004,0.9228,1.5872,0.4269
1.4205,0.0005,0.6280,1.3827,0.4421
4.8901,0.0010,4.4688,1.2215,0.4279
1.4230,0.0007,1.1985,1.6929,0.4279
0.9902,0.0007,1.3575,1.3521,0.4279
4.9872,0.0007,4.7703,1.5933,0.4206
0.8000,0.0006,1.0202,1.0048,0.4206
1.3952,0.0005,0.6827,1.5821,0.4371
4.6422,0.0009,4.4259,1.0881,0.4512
0.7454,0.0008,0.9807,1.0547,0.4512
1.3355,0.0005,0.6470,1.0493,0.4512
6.0485,0.0006,5.6881,1.9739,0.4256
0.8959,0.0005,1.1082,1.4522,0.4256
1.1982,0.0003,0.6967,1.2005,0.4256
4.6937,0.0008,4.3904,1.6231,0.4433
0.7516,0.0005,1.0066,1.0459,0.4433
1.4044,0.0005,0.6540,1.6279,0.4342
5.4996,0.0007,5.0989,1.6130,0.4541
1.0423,0.0005,1.0667,1.1294,0.4541
0.8810,0.0006,1.0364,0.8990,0.4541
4.8296,0.0008,4.5751,1.2743,0.4439
0.8356,0.0005,1.1718,1.1900,0.4439
1.2436,0.0004,0.7087,1.0604,0.4439
6.2263,0.0008,5.7632,1.6108,0.4288
0.8457,0.0007,1.3500,1.1488,0.4288
0.9604,0.0003,0.7215,1.2908,0.4581
4.5195,0.0006,4.2872,1.2145,0.4378
0.7540,0.0004,0.9052,1.1296,0.4378
1.4134,0.0005,0.7380,1.4647,0.4378
4.6448,0.0008,4.4125,1.5909,0.4322
1.1004,0.0006,0.9710,1.0965,0.4322
0.6777,0.0004,1.0132,0.8505,0.4322
5.0114,0.0010,4.6816,1.7500,0.4431
0.9902,0.0009,1.1051,1.4451,0.4431
1.0188,0.0007,0.8863,0.8803,0.4431
6.0334,0.0008,5.7459,1.7854,0.4588
0.7492,0.0004,1.2048,1.2397,0.4588
1.0356,0.0003,0.6397,0.8792,0.4588
5.2735,0.0007,5.1185,1.5719,0.4469
0.9691,0.0006,1.0455,1.1084,0.4469
0.6875,0.0004,0.8699,1.0579,0.4469
4.5260,0.0009,4.2560,1.3443,0.4283
0.8052,0.0013,0.9243,1.2011,0.4283
1.2565,0.0005,0.6857,1.2845,0.4398
4.2851,0.0005,4.2402,1.1902,0.4266
1.1298,0.0007,0.9131,1.4880,0.4266
1.3656,0.0004,0.7480,1.3997,0.4266
4.6820,0.0008,4.7222,1.3555,0.4344
1.2444,0.0004,0.9858,1.6549,0.4344
1.2075,0.0005,0.7364,1.1866,0.4344
4.7441,0.0006,4.5453,1.6418,0.4451
0.9710,0.0003,0.9422,1.4545,0.4451
1.1008,0.0004,0.6622,1.0123,0.4451
4.6887,0.0008,4.3561,1.7988,0.4669
0.9525,0.0005,1.0246,1.3730,0.4669
1.2037,0.0005,0.8876,1.1436,0.4669
4.4687,0.0005,4.4778,1.4865,0.4374
0.8861,0.0005,0.8263,0.9024,0.4374
0.7893,0.0004,0.9023,0.9771,0.4374
5.8599,0.0008,5.4052,1.4407,0.4698
0.7958,0.0005,1.2927,1.1639,0.4698
1.0735,0.0004,0.6763,1.2978,0.4698
4.6560,0.0009,4.3997,1.2532,0.4510
0.6864,0.0003,0.9511,0.9615,0.4510
0.6689,0.0005,0.6143,0.8073,0.4510
4.2347,0.0005,4.0270,1.3206,0.4370
0.8571,0.0005,0.8452,0.9394,0.4370
0.7106,0.0004,0.8286,1.0089,0.4370
5.0329,0.0010,4.6331,1.1435,1.2260
0.8244,0.0007,1.0839,1.1253,1.2260
1.5821,0.0006,0.7041,1.8066,1.2260
4.5151,0.0006,4.5123,1.1801,0.4233
0.7524,0.0004,0.9249,0.9429,0.4233
1.3727,0.0007,0.6576,1.5402,0.4471
5.7848,0.0010,5.4388,1.0422,0.4443
1.0990,0.0007,1.1765,1.2307,0.4443
0.8858,0.0003,0.9058,1.1931,0.4443
4.5715,0.0008,4.5172,1.4974,0.4475
0.7044,0.0004,0.8226,1.0963,0.4475
1.1913,0.0004,0.5891,1.0229,0.4599
5.0693,0.0007,4.9968,1.1912,0.4492
0.9697,0.0004,0.8509,0.9341,0.4492
0.7789,0.0003,0.9284,1.1736,0.4492
4.5622,0.0008,4.3408,2.1443,0.4501
0.7424,0.0006,0.9427,0.8958,0.4501
1.1465,0.0005,0.6522,1.1906,0.4477
4.1942,0.0006,4.1523,1.8494,0.4324
0.8814,0.0005,0.8168,0.8902,0.4324
0.8637,0.0005,0.8591,1.0150,0.4443
5.8055,0.0009,5.6293,1.1795,0.4467
0.8300,0.0007,1.1512,1.2003,0.4467
1.0355,0.0004,0.7763,1.1189,0.4467
5.3653,0.0005,5.2024,1.3365,0.4534
0.6396,0.0003,0.8160,0.9036,0.4534
0.9806,0.0005,0.5757,0.8525,0.4345
4.2099,0.0005,4.1237,1.2681,0.4467
0.8933,0.0006,0.8453,0.9113,0.4467
0.8538,0.0005,1.0125,0.8035,0.4467
5.1806,0.0008,4.9184,1.1017,0.4783
0.9711,0.0005,1.0316,1.0842,0.4783
0.6146,0.0004,0.8804,0.8563,0.4783
4.2931,0.0005,4.1247,1.5210,0.4272
0.6159,0.0003,0.7855,0.9066,0.4272
1.0722,0.0004,0.5955,0.7412,0.4501
4.4742,0.0010,4.6115,1.2376,0.4189
0.9873,0.0004,1.0169,1.4690,0.4189
1.2154,0.0004,0.6910,1.2340,0.4508
4.4430,0.0008,4.2414,0.8792,0.4593
0.7091,0.0005,0.8717,0.9608,0.4593
0.9488,0.0007,0.6250,1.1145,0.4593
4.2765,0.0005,4.0546,1.0434,0.4402
0.7470,0.0005,0.8512,0.9313,0.4402
0.7699,0.0004,0.6776,0.8232,0.4402
4.7946,0.0007,4.4545,1.3215,0.4371
0.7343,0.0003,1.0067,1.1083,0.4371
1.1304,0.0004,0.6615,0.9045,0.4371
5.2323,0.0007,5.1031,1.3804,0.4510
0.6317,0.0005,0.8697,0.9334,0.4510
1.0319,0.0006,0.5935,0.8729,0.4510
5.4692,0.0009,4.9896,1.5254,0.4465
1.4951,0.0011,1.2746,1.3314,0.4465
1.6310,0.0008,1.7409,1.3139,0.4722
5.5431,0.0007,5.7750,1.0353,0.4440
0.8445,0.0004,1.0508,1.1759,0.4440
1.1846,0.0003,0.7609,1.3476,0.4440
4.8274,0.0008,4.5587,1.5704,0.4618
0.9363,0.0005,0.9890,1.4329,0.4618
1.6099,0.0004,0.7607,1.6122,0.4618
4.7171,0.0009,4.4866,1.1611,0.4671
0.8517,0.0006,0.9585,1.2169,0.4671
1.1862,0.0005,0.8088,1.2651,0.4671
4.7336,0.0011,4.3788,1.6629,0.4285
0.9932,0.0005,1.0719,1.0923,0.4285
0.9918,0.0004,0.9107,1.3738,0.4285
5.1558,0.0011,4.8763,1.8025,0.4700
0.9360,0.0006,1.1376,1.3085,0.4700
1.2233,0.0006,0.8525,1.3194,0.4700
6.2556,0.0008,5.8937,1.6604,0.4425
1.0696,0.0007,1.3387,1.8154,0.4425
1.4985,0.0007,0.8573,1.4182,0.4425
5.3196,0.0008,5.1826,1.4803,0.4449
1.4555,0.0008,1.1250,1.9603,0.4449
1.2546,0.0009,0.9325,1.0258,0.4470
4.9693,0.0009,4.9716,1.5721,0.4346
1.0519,0.0008,1.1076,1.5868,0.4346
1.4746,0.0005,0.7039,1.4809,0.4454
5.8602,0.0008,5.4456,1.2945,0.4569
0.9626,0.0008,1.1580,1.3866,0.4569
1.1377,0.0005,0.8644,1.0519,0.4569
6.1151,0.0011,5.5954,1.5623,0.4452
1.0487,0.0004,1.3172,1.7376,0.4452
1.4155,0.0003,0.8058,1.4694,0.4451
4.8423,0.0012,4.4660,1.0918,0.4454
0.7653,0.0004,1.0897,1.2282,0.4454
1.1919,0.0004,0.6388,1.1304,0.4454
5.8942,0.0009,5.4487,1.8478,0.4487
1.2177,0.0007,1.1234,1.7419,0.4487
1.6078,0.0006,0.8206,1.6218,0.4337
5.6261,0.0013,5.3454,1.4924,0.4317
0.9019,0.0008,1.2706,1.4810,0.4317
1.3469,0.0010,0.7445,1.4265,0.4317
4.7857,0.0009,4.5145,1.2966,0.4577
0.7470,0.0004,0.9850,1.0837,0.4577
1.3954,0.0003,0.6674,1.0810,0.4419
5.0023,0.0008,4.9276,1.8317,0.4342
0.8445,0.0003,0.9887,1.3469,0.4342
1.2648,0.0003,0.6765,1.2300,0.4342
4.7519,0.0008,4.4116,1.8720,0.4378
0.7473,0.0004,1.0774,1.1424,0.4378
1.2990,0.0005,0.6247,1.4680,0.4534
4.6127,0.0008,4.2958,1.1761,0.4745
0.7744,0.0005,0.9573,1.0135,0.4745
1.0217,0.0003,0.6946,1.2463,0.4745
6.3314,0.0009,5.7442,1.4257,0.4610
0.8833,0.0007,1.2976,1.2776,0.4610
0.6773,0.0004,0.7363,1.0129,0.4610
5.0216,0.0011,4.6282,1.3109,0.4450
1.0726,0.0007,1.0969,1.1482,0.4450
0.8961,0.0004,1.0377,0.9752,0.4531
4.8656,0.0009,4.6796,1.3849,0.4330
1.1181,0.0004,1.0883,1.5197,0.4330
0.7278,0.0008,0.9192,0.8132,0.4330
5.0835,0.0012,4.6552,1.4834,0.4516
0.9057,0.0009,1.2349,1.2338,0.4516
1.3726,0.0008,0.7882,1.5849,0.4473
5.8068,0.0010,5.5226,1.1463,0.4530
0.9626,0.0006,1.1148,1.4948,0.4530
1.2895,0.0005,0.7797,1.3071,0.4649
5.9981,0.0007,5.7515,1.3138,0.4244
0.7752,0.0006,1.1069,1.1142,0.4244
1.0476,0.0177,0.6846,0.9599,0.4244
5.4440,0.0007,5.2161,1.5247,0.4401
0.7575,0.0004,0.9903,1.1895,0.4401
1.2795,0.0003,0.6670,1.1080,0.4401
4.9867,0.0009,4.6435,1.8866,0.4632
0.8001,0.0006,1.0746,1.0522,0.4632
1.2629,0.0005,0.7011,1.5292,0.4451
5.6314,0.0006,5.2400,0.9517,0.4431
0.8802,0.0004,1.0447,1.0918,0.4431
0.8180,0.0006,0.7937,0.9764,0.4431
5.0043,0.0011,4.6736,1.5405,0.8558
0.8134,0.0006,1.1351,1.2583,0.8558
1.2406,0.0006,0.6661,1.3766,0.8558
4.7024,0.0007,4.4054,1.6359,0.4602
0.7396,0.0006,0.9673,0.9725,0.4602
0.9692,0.0005,0.6345,1.1195,0.4602
4.8508,0.0009,4.3032,1.8142,0.4550
0.8381,0.0007,1.2380,1.3621,0.4550
1.2185,0.0004,0.7611,1.3892,0.4550
5.6527,0.0006,5.3815,1.1678,0.4473
0.7661,0.0006,1.0172,1.0704,0.4473
1.3711,0.0004,0.6867,1.5723,0.4529
4.6708,0.0008,4.3441,1.1649,0.4558
0.7797,0.0006,1.0143,1.0636,0.4558
1.1903,0.0006,0.7681,1.0604,0.4558
5.3432,0.0010,5.2231,1.7233,0.5054
1.0435,0.0006,1.1304,1.2195,0.5054
0.8783,0.0009,1.0403,0.9839,0.4593
4.7481,0.0010,4.6033,1.2635,0.4441
1.0017,0.0009,1.0018,1.0803,0.4441
0.9713,0.0008,0.9380,1.1693,0.4441
6.6536,0.0008,6.2443,2.3517,0.4532
0.8259,0.0007,1.2471,1.1754,0.4532
0.9589,0.0004,0.7188,1.0491,0.4532
4.9680,0.0006,4.6113,1.7868,0.4408
0.7495,0.0004,1.0963,1.0520,0.4408
0.7863,0.0004,0.6898,0.8389,0.4408
4.9220,0.0008,4.6630,1.8741,0.4524
1.0069,0.0007,1.1893,1.2304,0.4524
1.0541,0.0013,0.8520,1.2328,0.4524
4.9119,0.0008,4.8271,2.2320,0.4543
0.8062,0.0007,1.0674,1.0539,0.4543
0.8169,0.0004,0.7088,0.9228,0.4543
4.7035,0.0008,4.3964,1.6188,0.4593
1.0600,0.0004,1.0268,1.5662,0.4593
1.6065,0.0004,0.6457,1.5859,0.4602
4.8343,0.0008,4.5150,1.7158,1.1632
1.2228,0.0004,1.0148,1.6808,1.1632
1.3973,0.0006,0.7327,1.4563,0.4554
4.7464,0.0007,4.4805,1.3667,0.4331
0.7423,0.0003,0.9861,1.1255,0.4331
1.2544,0.0003,0.6626,1.0703,0.4331
5.5412,0.0010,5.2332,2.0835,0.4518
1.3887,0.0005,1.0793,1.8190,0.4518
0.9170,0.0003,0.8534,1.0277,0.4518
4.8278,0.0007,4.4439,1.5659,0.4621
1.0569,0.0009,1.1243,1.6176,0.4621
1.6254,0.0006,0.7154,1.5545,0.4463
5.2035,0.0008,4.9058,1.6971,0.4735
0.9418,0.0007,1.1841,1.4800,0.4735
1.9226,0.0008,0.7992,1.8018,0.4853
5.7875,0.0008,5.5397,0.9887,0.4586
1.0293,0.0005,1.1425,1.6592,0.4586
1.3424,0.0006,0.7063,1.1611,0.4586
4.8131,0.0010,4.6535,1.7730,0.4616
0.9109,0.0007,1.0940,1.2115,0.4616
1.0183,0.0005,0.8309,1.2301,0.4616
5.8094,0.0010,5.6038,1.5635,0.4473
1.3361,0.0004,1.0794,1.9032,0.4473
1.1046,0.0006,0.6693,0.9289,0.4473
4.7568,0.0010,4.4487,1.3651,0.4622
1.0256,0.0006,1.0668,1.3070,0.4622
0.7673,0.0006,0.9003,1.0075,0.4622
4.9495,0.0010,4.5774,1.7989,0.5000
0.8613,0.0008,1.0866,1.3853,0.5000
1.1868,0.0005,0.7873,0.9643,0.5000
5.7227,0.0010,5.5127,1.3549,0.4685
1.3133,0.0005,1.0251,1.8223,0.4685
1.0895,0.0005,0.7152,1.0375,0.4685
5.0674,0.0012,4.6826,1.4644,0.4740
1.1929,0.0008,1.0850,1.6677,0.4740
1.2671,0.0008,0.8570,1.0343,0.4740
5.2027,0.0010,4.8762,1.7930,0.4567
0.8354,0.0005,1.1473,1.1805,0.4567
1.1589,0.0003,0.7759,1.0864,0.4567
5.7086,0.0019,5.4621,2.2346,0.4446
1.1713,0.0008,1.2594,1.2217,0.4446
0.6488,0.0004,0.9735,1.0395,0.4446
4.8466,0.0009,4.5225,1.7837,0.4539
1.1328,0.0004,1.0024,1.6292,0.4539
1.1535,0.0004,0.6647,1.1827,0.4498
5.6725,0.0014,5.3974,1.0598,0.4476
1.0400,0.0010,1.2289,1.2791,0.4476
1.5732,0.0008,0.9539,1.8520,0.4476
5.0652,0.0009,5.1650,1.8562,0.4530
0.8248,0.0006,1.0947,1.1291,0.4530
1.2189,0.0006,0.8168,1.1758,0.4530
5.3209,0.0013,5.1965,2.1323,0.4447
1.1986,0.0006,1.0784,1.7471,0.4447
1.1961,0.0007,0.6986,0.9060,0.4447
4.9802,0.0007,4.7299,1.9960,0.4534
1.3751,0.0005,1.0404,1.7583,0.4534
1.0908,0.0004,0.8479,1.2742,0.4408
4.8428,0.0007,4.6495,1.4173,0.4616
1.2051,0.0004,1.0064,1.7438,0.4616
1.3156,0.0003,0.6970,1.3334,0.4576
5.1767,0.0009,4.7810,1.3666,0.4705
1.1528,0.0006,1.0966,1.7583,0.4705
1.3274,0.0006,0.7671,1.0626,0.4705
4.8368,0.0007,4.6507,1.5374,0.4416
1.2730,0.0007,1.0174,1.7092,0.4416
1.0493,0.0004,0.7671,1.0342,0.4416
5.9499,0.0010,5.4329,1.9718,0.4650
1.0705,0.0006,1.2427,1.7679,0.4650
1.0581,0.0006,0.6644,0.9312,0.4650
4.8315,0.0010,4.5044,1.9610,0.4347
0.9958,0.0009,1.1021,1.0373,0.4347
1.0479,0.0007,1.0646,1.0970,0.4496
5.7967,0.0010,5.5759,1.1162,0.4761
1.3275,0.0008,1.4125,1.3141,0.4761
0.7305,0.0021,1.0675,0.9711,0.4583
4.9169,0.0007,4.5722,1.3982,0.4489
1.2155,0.0004,1.0416,1.6675,0.4489
1.2252,0.0004,0.7435,0.9746,0.4489
4.7606,0.0007,4.5568,1.4830,0.4313
1.2979,0.0005,0.9863,1.7171,0.4313
1.2438,0.0006,0.7185,1.2859,0.4313
4.9985,0.0008,4.7747,1.3643,0.4503
1.1712,0.0005,1.0442,1.7131,0.4503
1.2807,0.0003,0.7060,1.3152,0.4513
4.6645,0.0008,4.4252,1.4953,0.4554
1.0646,0.0006,0.8910,1.5540,0.4554
1.1852,0.0004,0.6626,0.9563,0.4554
5.0434,0.0009,4.6249,1.9042,0.4833
0.8442,0.0006,1.1824,1.3532,0.4833
1.0843,0.0005,0.6991,1.1479,0.4833
4.8964,0.0008,4.5310,1.4621,0.4590
0.8068,0.0006,1.1669,1.1317,0.4590
1.4067,0.0005,0.6987,1.6875,0.4454
5.9159,0.0008,5.5163,1.2891,0.4562
0.8234,0.0005,1.1267,1.3693,0.4562
1.1963,0.0003,0.6862,0.9874,0.4562
4.6487,0.0009,4.3706,1.6830,0.4423
0.8866,0.0006,1.0445,1.1479,0.4423
1.4565,0.0005,0.8434,1.7481,0.4455
5.3321,0.0009,5.1124,0.9259,0.4469
1.1198,0.0007,0.9047,1.5258,0.4469
1.7658,0.0006,0.7134,1.3932,0.4469
4.8412,0.0006,4.9643,1.5266,0.4541
0.8262,0.0006,1.0665,1.1150,0.4541
1.1486,0.0004,0.6867,1.3463,0.4489
4.8346,0.0008,4.4529,1.6003,0.4702
0.7771,0.0006,1.0775,1.0559,0.4702
1.3871,0.0004,0.6656,1.6352,0.4463
4.7090,0.0006,4.3993,1.4600,0.5047
0.7683,0.0006,0.9936,1.0100,0.5047
0.8466,0.0006,0.7206,0.9218,0.5047
5.5733,0.0006,5.3674,1.4857,0.4534
0.7702,0.0006,1.0387,1.0927,0.4534
1.4175,0.0005,0.7903,1.4746,0.4559
6.4293,0.0011,5.9775,1.0337,0.4376
0.8204,0.0007,1.2906,1.3752,0.4376
1.1960,0.0004,0.7027,1.3909,0.4623
4.8577,0.0008,4.5208,1.6948,0.4340
1.3247,0.0008,1.0393,1.7157,0.4340
1.2219,0.0005,0.8560,1.3240,0.4340
5.7603,0.0008,5.4838,1.1579,0.4553
0.7928,0.0004,1.0303,1.0919,0.4553
1.1136,0.0004,0.6830,1.0925,0.4553
5.4300,0.0008,5.3282,1.6028,0.4628
0.9662,0.0008,0.9574,0.9369,0.4628
0.7674,0.0005,0.8392,1.1802,0.4628
4.4990,0.0005,4.3971,1.0172,0.4516
0.6708,0.0005,0.8154,0.8875,0.4516
1.3612,0.0007,0.6402,1.1986,0.6794
4.7371,0.0008,4.7518,1.4277,0.4760
0.7206,0.0003,0.9934,1.1480,0.4760
1.1559,0.0005,0.6307,0.9634,0.4760
4.4190,0.0005,4.3208,1.4737,0.4529
0.6809,0.0005,0.8267,0.8890,0.4529
1.0198,0.0003,0.6030,0.9138,0.4529
4.2961,0.0006,3.9800,1.9467,0.4565
0.7347,0.0003,0.9452,1.0194,0.4565
0.9589,0.0005,0.7550,1.0924,0.4565
4.5103,0.0005,4.4613,1.4474,0.4503
0.6979,0.0005,0.8671,0.9176,0.4503
0.9116,0.0004,0.6357,0.8617,0.4503
4.1618,0.0007,3.9738,1.7245,0.4327
0.8729,0.0005,0.8047,0.8834,0.4327
0.6970,0.0006,0.8191,0.9764,0.4327
4.6329,0.0010,4.2440,1.8422,1.0839
0.9203,0.0007,1.0934,1.4343,1.0839
1.2598,0.0006,0.6670,1.1611,1.0839
4.8445,0.0006,4.6691,1.4143,0.4220
0.8697,0.0004,0.8504,0.8998,0.4220
1.1792,0.0005,0.8133,1.5341,0.4644
4.1863,0.0005,4.1198,0.9482,0.4444
0.9280,0.0006,0.8412,0.8989,0.4444
0.7774,0.0005,0.9339,1.1070,0.4444
5.8635,0.0004,5.7763,1.6728,0.4620
0.6591,0.0005,0.8449,1.0018,0.4620
1.1789,0.0003,0.6043,1.2595,0.4426
3.9065,0.0005,3.8004,1.1391,0.4668
0.6294,0.0004,0.7286,0.9233,0.4668
0.9703,0.0004,0.5682,0.7918,0.4668
5.6053,0.0008,5.3469,1.2605,0.4688
0.9518,0.0005,1.0113,1.0974,0.4688
0.8223,0.0004,0.8433,0.8442,0.4618
4.1767,0.0005,4.2539,1.3897,0.4596
0.6099,0.0003,0.7794,0.8848,0.4596
0.9424,0.0004,0.5903,0.9028,0.4596
4.6594,0.0005,4.4564,1.3351,0.4424
1.1428,0.0006,0.8656,1.0098,0.4424
1.2550,0.0005,1.1135,0.9548,0.4469
4.7533,0.0004,5.0835,1.5859,0.4561
0.9242,0.0004,0.9284,0.9789,0.4561
0.8156,0.0003,0.8652,0.9283,0.4561
5.0897,0.0007,4.9841,1.3203,0.4685
0.6205,0.0003,0.8043,0.9377,0.4685
1.0523,0.0004,0.5626,0.8216,0.4685
5.3395,0.0009,4.9868,1.7358,1.1013
0.8441,0.0006,1.0720,1.1897,1.1013
1.4389,0.0008,0.7620,1.2576,1.1013
5.0991,0.0008,5.0339,1.7167,0.4682
0.6441,0.0005,0.8538,1.0780,0.4682
1.3920,0.0003,0.6035,1.3672,0.4487
4.5946,0.0007,4.2460,1.1046,0.4580
0.9305,0.0006,1.0326,1.1919,0.4580
1.0523,0.0006,0.8306,0.8838,0.4826
4.6115,0.0009,4.5768,1.5361,0.4423
0.7333,0.0004,0.9484,0.9858,0.4423
1.2466,0.0004,0.6731,1.3537,0.4396
4.3928,0.0005,4.2348,1.2312,0.4394
0.7777,0.0005,0.9447,1.0162,0.4394
1.1660,0.0007,0.6932,1.3514,0.4394
5.1008,0.0008,4.6915,1.5861,1.1109
0.9752,0.0006,1.1516,1.1235,1.1109
0.7904,0.0003,0.8398,1.0096,1.1109
5.3829,0.0006,5.3454,1.5519,0.4458
0.6867,0.0003,0.8685,0.9617,0.4458
17.0032,0.0009,16.2588,1.0341,0.4655
4.7341,0.0009,5.0625,1.6057,0.4606
1.9425,0.0007,1.6448,1.0350,0.4606
0.9997,0.0004,1.3747,1.4430,0.4459
4.5712,0.0005,4.6357,1.0750,0.4565
0.7426,0.0003,0.8840,0.9288,0.4565
1.0208,0.0003,0.7016,1.0710,0.4565
5.3455,0.0010,5.1596,1.9418,0.4485
1.1069,0.0008,1.1115,0.9613,0.4485
0.8698,0.0006,0.9530,1.3053,0.4676
4.6755,0.0009,4.3475,1.3960,0.4589
0.8005,0.0004,1.0895,0.9969,0.4589
1.2719,0.0004,0.7102,1.5149,0.4677
4.4162,0.0006,4.1286,1.0965,0.4532
1.1527,0.0005,1.0607,0.9763,0.4532
0.8488,0.0005,1.0479,1.0910,0.4504
5.7199,0.0009,5.4192,1.1868,0.4534
0.8688,0.0007,1.2583,1.1238,0.4534
0.9468,0.0004,0.7561,0.9601,0.4534
4.6480,0.0007,4.3410,2.2549,0.4500
0.8662,0.0006,1.1386,1.0504,0.4500
0.6626,0.0004,0.7398,1.0096,0.4500
4.5635,0.0009,4.2415,1.1117,0.4603
0.7649,0.0005,0.9680,1.0038,0.4603
1.2604,0.0004,0.7065,1.4351,0.4476
4.7867,0.0007,4.5021,1.4355,0.4603
0.8205,0.0004,1.0268,1.0107,0.4603
0.9552,0.0006,0.7383,1.3006,0.4542
4.4802,0.0007,4.1753,1.1022,0.4551
0.6617,0.0003,0.9314,0.9518,0.4551
0.9746,0.0003,0.6123,0.9445,0.4551
4.3713,0.0005,4.0937,1.5817,0.4386
0.7743,0.0005,0.9285,1.0707,0.4386
1.4764,0.0005,0.9897,0.8349,0.4775
5.2819,0.0005,5.6261,1.3073,0.4596
0.7017,0.0004,0.8877,1.0220,0.4596
1.2680,0.0005,0.6442,1.0289,0.4456
4.8364,0.0006,4.6654,1.3562,0.4571
0.7210,0.0005,0.9597,1.0179,0.4571
0.8480,0.0007,0.6361,1.0138,0.4571
5.7436,0.0010,5.2433,1.3405,1.1638
0.9770,0.0008,1.2915,1.3510,1.1638
0.9646,0.0008,0.8311,1.2542,1.1638
5.0640,0.0009,4.7288,1.4843,0.4560
1.1853,0.0007,1.0706,1.7318,0.4560
1.2656,0.0008,0.6833,1.2740,0.4560
5.0656,0.0009,5.0371,1.2172,0.7044
1.0019,0.0007,1.1721,1.4850,0.7044
0.8832,0.0007,0.8391,0.9986,0.7044
4.8375,0.0007,4.5628,1.5974,0.4579
0.7626,0.0006,0.9889,1.0939,0.4579
0.9264,0.0005,0.6725,0.9331,0.4579
4.6006,0.0008,4.3164,1.5431,0.4342
0.9206,0.0008,1.0736,1.1689,0.4342
1.1163,0.0006,0.7707,1.2113,0.4342
4.8755,0.0009,4.6535,2.0830,0.4542
0.7814,0.0005,1.0285,1.2842,0.4542
1.0141,0.0005,0.7853,0.9120,0.4542
4.9004,0.0010,4.6391,1.4400,0.4728
0.8461,0.0008,1.0924,1.1823,0.4728
1.1115,0.0005,0.7320,1.1826,0.4728
7.1798,0.0008,6.7395,2.2187,0.4699
1.2340,0.0005,1.3210,2.0043,0.4699
1.3113,0.0005,0.7371,1.0617,0.4699
5.1496,0.0008,4.8794,1.7354,0.4446
1.2864,0.0006,1.1235,1.7587,0.4446
1.5174,0.0008,0.7890,1.5773,0.4699
5.3072,0.0009,4.9222,1.3852,1.1113
0.8576,0.0008,1.1860,1.2266,1.1113
1.2027,0.0007,0.7214,1.4657,1.1113
5.2681,0.0007,5.1201,1.6840,0.4376
0.7990,0.0005,1.0505,1.1343,0.4376
0.9888,0.0004,0.6841,0.9732,0.4376
5.8116,0.0009,5.3807,1.9979,0.6880
0.9954,0.0005,1.2148,1.6412,0.6880
1.5810,0.0006,0.7830,1.5516,0.4838
4.8807,0.0007,4.6562,1.3251,0.4447
0.7573,0.0007,0.9877,1.0637,0.4447
1.0454,0.0004,0.6889,1.1768,0.4447
5.3112,0.0008,4.9775,1.7836,0.4595
1.1690,0.0008,1.2516,1.7857,0.4595
1.5320,0.0007,0.8231,1.5234,0.4595
4.8998,0.0011,4.6392,1.5630,0.4724
0.8136,0.0012,1.0813,1.0345,0.4724
1.0321,0.0004,0.7361,1.3143,0.4724
5.2699,0.0007,4.9265,1.3822,0.4554
0.7831,0.0006,1.0381,1.1119,0.4554
1.3488,0.0006,0.7337,1.4512,0.4554
5.5341,0.0009,5.4968,1.5563,0.4455
0.7352,0.0005,1.0292,1.0303,0.4455
0.8034,0.0003,0.6782,0.9673,0.4455
4.6648,0.0007,4.3373,1.6636,0.4481
0.9897,0.0004,0.9838,1.0231,0.4481
0.7360,0.0004,0.8930,0.9449,0.4481
5.5386,0.0008,5.2348,1.5390,1.0780
0.8115,0.0006,1.1315,1.1908,1.0780
1.1701,0.0003,0.6696,1.0099,1.0780
4.8057,0.0008,4.4408,1.9993,0.4636
1.2219,0.0007,1.2346,1.0641,0.4636
0.7837,0.0006,1.1315,1.1521,0.4684
4.8420,0.0010,4.5994,1.5072,0.4467
1.2839,0.0007,1.1043,1.5379,0.4467
1.0634,0.0005,1.0960,1.0132,0.4661
4.7360,0.0009,4.8696,1.8945,0.4561
0.7379,0.0007,0.9195,0.9840,0.4561
0.8564,0.0010,0.6950,0.7687,0.4561
4.9347,0.0007,4.5512,1.8224,0.4438
1.3779,0.0006,1.1071,1.7907,0.4438
1.1879,0.0004,0.9829,1.1475,0.4485
5.1714,0.0009,5.2016,1.4562,0.4487
1.0075,0.0006,1.1621,1.4797,0.4487
1.0916,0.0006,0.8744,1.1233,0.4487
4.8225,0.0059,4.4978,1.5962,0.4667
0.7688,0.0005,1.0322,1.0668,0.4667
1.3379,0.0005,0.6575,1.5817,0.4596
6.1036,0.0008,5.6590,1.2760,0.8578
0.7810,0.0004,1.1133,1.1692,0.8578
1.3247,0.0004,0.6524,1.0866,0.4733
5.9120,0.0008,5.7182,1.4021,0.7232
0.9690,0.0006,1.0444,1.1054,0.7232
0.6498,0.0005,0.8756,1.0108,0.7232
4.7582,0.0008,4.3580,1.6025,0.4533
1.0001,0.0007,1.0900,1.1264,0.4533
0.7216,0.0004,0.8702,0.9265,0.4533
5.8152,0.0009,5.5045,1.5117,0.4648
0.8246,0.0003,1.0872,1.1709,0.4648
1.0504,0.0004,0.7235,1.1005,0.4648
4.5435,0.0008,4.2761,1.4460,0.4401
0.7250,0.0005,0.9377,0.9783,0.4401
1.1282,0.0005,0.6655,0.9735,0.4401
6.1620,0.0009,5.7795,1.8067,0.5012
0.8179,0.0008,1.1593,1.1680,0.5012
1.2300,0.0005,0.6886,1.4804,0.4626
5.0903,0.0008,4.8536,1.1960,0.4573
1.0870,0.0007,1.1701,1.1202,0.4573
0.9469,0.0007,1.0082,1.2877,0.4697
5.1330,0.0008,4.9370,1.8849,0.4718
0.9056,0.0008,1.1666,1.1390,0.4718
1.3411,0.0004,0.7450,1.6503,0.4555
5.6630,0.0010,5.3129,1.2267,0.4694
0.7857,0.0006,1.0336,1.3036,0.4694
1.1103,0.0005,0.6656,1.0310,0.4694
6.5927,0.0011,5.9049,1.5299,0.4671
1.2974,0.0008,1.4889,1.2562,0.4671
0.9755,0.0003,1.1703,1.5386,0.4725
5.7294,0.0007,5.6463,0.9242,0.4661
1.0715,0.0005,1.0701,1.5661,0.4661
1.0552,0.0005,0.7561,1.1076,0.4661
5.1693,0.0008,4.6762,1.7120,0.4654
0.8064,0.0004,1.2362,1.2690,0.4654
1.2125,0.0005,0.7296,1.4532,0.4564
5.0747,0.0014,4.7075,1.0684,0.4533
0.8778,0.0009,1.1236,1.2115,0.4533
1.5364,0.0005,0.7951,1.7036,0.4529
5.6511,0.0011,5.3606,0.9881,0.4495
1.0052,0.0007,1.2238,1.6023,0.4495
1.6291,0.0005,0.8411,1.5128,0.4560
6.0176,0.0011,5.7159,1.1203,0.4603
1.3587,0.0009,1.2209,1.8638,0.4603
1.3134,0.0007,0.9940,1.4496,0.4463
5.5329,0.0011,5.1017,1.2018,0.4528
1.1662,0.0007,1.4003,1.4086,0.4528
0.9977,0.0005,0.9767,1.4593,0.4528
5.1153,0.0010,4.8378,1.5986,0.4605
0.9655,0.0009,1.0639,1.3645,0.4605
1.2619,0.0006,0.8470,1.1112,0.4605
4.9555,0.0011,4.6814,1.7424,0.4513
1.0846,0.0007,1.2674,1.2971,0.4513
1.1886,0.0009,0.9773,1.2669,0.4595
4.9814,0.0007,5.0476,2.2846,0.4552
1.0249,0.0005,1.0843,1.1135,0.4552
1.2025,0.0004,0.9737,1.5594,0.4537
5.5575,0.0007,5.3785,1.1684,0.4476
1.2208,0.0005,1.0477,1.7518,0.4476
1.2823,0.0004,0.6852,1.1367,0.4476
6.2844,0.0013,5.9144,2.0455,0.4562
0.7821,0.0005,1.1271,1.3915,0.4562
1.7976,0.0005,0.6497,1.7744,0.4524
4.7049,0.0008,4.3716,1.3332,0.4544
1.2484,0.0005,1.0027,1.6812,0.4544
1.3173,0.0004,0.7426,1.4074,0.4582
5.1212,0.0009,4.7499,1.7579,0.4591
1.2521,0.0005,1.0850,1.9879,0.4591
1.5240,0.0005,0.7048,1.4438,0.4572
5.3554,0.0007,5.1275,1.3158,0.4495
1.0031,0.0005,1.0864,1.1814,0.4495
0.9713,0.0006,0.9000,1.2503,0.4495
5.0427,0.0008,4.6443,1.8777,0.6884
0.8562,0.0007,1.1506,1.2303,0.6884
1.0396,0.0007,0.7852,1.1033,0.6884
4.8682,0.0010,4.5860,1.8169,0.4505
0.7837,0.0009,1.0545,1.0912,0.4505
1.2097,0.0004,0.6669,1.4283,0.4505
4.9873,0.0006,4.5247,1.2987,0.7108
1.3672,0.0010,1.2606,1.8100,0.7108
1.4929,0.0005,1.0454,1.6229,0.7108
5.0361,0.0007,4.7623,1.1524,0.4641
1.2098,0.0005,1.1277,1.6652,0.4641
1.1104,0.0009,0.7875,0.9531,0.4641
4.9424,0.0007,4.7115,1.8301,0.4485
1.2143,0.0009,1.1335,1.7604,0.4485
1.6436,0.0006,0.7804,1.5692,0.4485
5.4951,0.0011,5.0714,1.7593,0.4570
0.9069,0.0005,1.2809,1.3473,0.4570
1.4165,0.0008,0.9007,1.5580,0.4537
5.7466,0.0008,5.1081,1.2816,0.4549
0.9328,0.0006,1.6351,1.8139,0.4549
1.1725,0.0009,0.8590,0.9810,0.4549
5.3631,0.0009,5.0536,1.9549,0.4679
1.2855,0.0008,1.3407,1.8614,0.4679
1.5372,0.0008,0.9071,1.3071,0.4720
5.4371,0.0010,5.3000,1.7449,0.4654
1.0044,0.0005,1.3066,1.2700,0.4654
1.2546,0.0004,0.9113,1.6159,0.4654
5.7218,0.0010,5.5076,1.8578,0.4617
1.2727,0.0012,1.1909,1.7697,0.4617
1.3308,0.0007,0.8164,1.3985,0.4633
5.6288,0.0011,5.2272,1.2566,0.4605
1.3280,0.0008,1.2475,1.8779,0.4605
1.6109,0.0012,0.8013,1.6654,0.4501
5.9895,0.0009,5.5718,1.6057,0.4547
0.8671,0.0007,1.1688,1.3752,0.4547
1.4603,0.0006,0.8567,1.5925,0.4547
5.5740,0.0010,5.2382,1.1990,0.4553
1.0503,0.0005,1.0722,1.6105,0.4553
1.3239,0.0006,0.6504,1.1763,0.4553
5.6355,0.0008,5.2564,1.9342,1.1193
1.3018,0.0004,1.1029,1.7800,1.1193
1.0549,0.0004,0.7465,1.0441,1.1193
4.9059,0.0009,4.6126,1.7197,0.4404
1.1206,0.0006,1.0332,1.6614,0.4404
1.2890,0.0004,0.6980,0.9916,0.4404
5.3208,0.0013,4.9565,1.7675,1.1290
1.1617,0.0004,1.1530,1.7942,1.1290
1.2355,0.0003,0.7198,0.9028,1.1290
4.9760,0.0012,4.6629,1.6226,0.4466
0.8128,0.0007,1.0954,1.1667,0.4466
1.0641,0.0006,0.7222,1.0655,0.4466
5.6259,0.0011,5.3219,2.1412,0.4603
0.8672,0.0009,1.1919,1.2641,0.4603
1.4112,0.0006,0.7297,1.5995,0.4603
5.3662,0.0009,4.8861,1.5430,0.4540
1.2565,0.0008,1.1938,1.8336,0.4540
1.3217,0.0005,0.8923,1.0255,0.4540
5.9566,0.0008,5.7846,2.2260,0.4768
0.9699,0.0004,1.2231,1.3110,0.4768
1.2619,0.0004,0.9147,1.5867,0.4788
5.1512,0.0008,4.8768,0.9536,0.4603
1.2159,0.0007,1.1936,1.7692,0.4603
1.1992,0.0009,0.8047,1.2098,0.4632
5.5139,0.0010,5.2308,1.7620,0.4573
1.0865,0.0006,1.1346,1.2888,0.4573
1.2147,0.0005,1.0562,1.3298,0.4579
4.8334,0.0008,4.9663,1.5233,0.4767
0.8732,0.0006,1.0871,1.2064,0.4767
1.2520,0.0008,0.8947,1.4042,0.4495
4.6978,0.0007,4.4635,0.9103,0.4467
0.9330,0.0006,1.0480,1.3921,0.4467
1.5205,0.0006,0.8430,1.0742,0.4467
5.6258,0.0009,5.4026,2.5124,0.4657
0.9555,0.0004,1.3515,1.2421,0.4657
1.1547,0.0003,0.8673,1.5449,0.4632
4.9264,0.0009,4.6043,1.3293,0.4480
0.9841,0.0005,1.1257,1.5255,0.4480
1.1984,0.0006,0.7831,1.0001,0.4449
5.0509,0.0010,4.7734,1.7115,0.6695
0.8437,0.0006,1.1498,1.4215,0.6695
1.2544,0.0006,0.6917,1.2728,0.6695
4.6727,0.0008,4.3719,1.5625,0.4403
0.7269,0.0008,0.9487,0.9657,0.4403
1.3035,0.0006,0.6480,1.4109,0.4518
4.9459,0.0009,4.7603,1.7179,0.4571
0.8479,0.0007,0.9936,1.0461,0.4571
1.3218,0.0008,0.7581,1.1894,0.4571
4.8879,0.0010,4.7577,1.8820,0.4690
0.7433,0.0006,0.9869,1.2006,0.4690
1.2833,0.0003,0.6755,1.3074,0.4690
4.7126,0.0007,4.3603,1.5248,0.4520
1.0449,0.0008,1.0380,1.0805,0.4520
0.9820,0.0004,1.0115,1.4090,0.4520
5.3356,0.0011,5.0895,1.8207,0.4706
0.7571,0.0007,1.0914,1.3168,0.4706
1.1378,0.0003,0.6843,0.9522,0.4706
5.3669,0.0007,5.2595,1.4841,0.4452
0.7000,0.0005,0.8927,0.9753,0.4452
1.0149,0.0004,0.6128,0.9305,0.4452
4.6071,0.0008,4.2613,1.9814,0.4573
1.0710,0.0008,1.1143,1.0961,0.4573
1.1494,0.0005,0.9339,1.6025,0.4527
4.3700,0.0006,4.3125,1.4709,0.4591
0.8735,0.0005,0.8166,0.9288,0.4591
0.9260,0.0003,0.8350,1.2867,0.4484
4.3298,0.0007,4.1000,1.0064,0.4551
0.6913,0.0004,0.8166,0.9363,0.4551
1.2221,0.0003,0.6826,1.0086,0.4551
4.8696,0.0009,4.5951,2.0590,0.5049
0.7554,0.0005,1.0234,1.0423,0.5049
1.3099,0.0005,0.6292,1.5463,0.4431
4.9778,0.0007,4.7873,0.8541,0.4609
0.6229,0.0006,0.7777,0.9022,0.4609
1.2225,0.0003,0.5932,1.0679,0.4609
4.4967,0.0006,4.2311,1.5951,0.4497
0.9346,0.0004,1.0537,1.4584,0.4497
1.1392,0.0004,0.7062,1.1349,0.4703
4.4300,0.0005,4.2455,1.4656,0.4496
0.6239,0.0003,0.8322,0.9601,0.4496
1.1113,0.0006,0.6673,0.8159,0.4497
4.1735,0.0004,4.2894,1.4618,0.4455
0.6552,0.0003,0.7920,0.9134,0.4455
1.1735,0.0006,0.6265,1.0098,0.4822
5.1768,0.0008,5.1135,1.2218,1.1501
0.7331,0.0007,0.9629,1.0329,1.1501
1.0110,0.0006,0.6227,0.8358,1.1501
5.2089,0.0004,5.1131,1.3533,0.4709
0.6323,0.0004,0.8077,0.9426,0.4709
1.3728,0.0005,0.5965,1.1119,0.4709
5.7962,0.0012,5.5309,1.6845,0.4765
0.7939,0.0008,1.0825,1.1472,0.4765
0.7633,0.0004,0.6783,1.0065,0.4765
4.3699,0.0005,4.1648,1.6571,0.4630
0.8608,0.0005,0.8208,0.8889,0.4630
0.8126,0.0004,0.7963,0.9201,0.4630
4.4057,0.0006,4.2378,1.4348,0.4515
1.2117,0.0005,0.9908,1.6755,0.4515
1.3830,0.0006,0.6620,0.9260,0.4515
6.4320,0.0010,6.2136,2.0464,0.4627
0.7999,0.0006,1.1327,1.1643,0.4627
0.8718,0.0005,0.6822,0.9663,0.4627
4.7919,0.0007,4.4722,1.6908,0.4721
0.7524,0.0005,1.0120,1.0718,0.4721
0.9982,0.0004,0.6856,1.0512,0.4721
5.1290,0.0008,4.7104,1.7498,0.6745
0.7963,0.0005,1.1398,1.2398,0.6745
1.2002,0.0005,0.6896,1.0016,0.6745
4.7427,0.0008,4.4420,1.8707,0.4422
0.9893,0.0010,1.0453,1.2598,0.4422
0.9105,0.0006,0.8828,0.8266,0.4652
5.1224,0.0009,4.9093,1.5125,0.4422
1.0735,0.0009,1.1148,1.2305,0.4422
1.0346,0.0008,0.9684,1.2683,0.4422
5.1535,0.0009,4.8225,1.8579,0.4444
1.0310,0.0009,1.1426,1.3024,0.4444
1.1129,0.0005,1.1014,0.8866,0.4444
5.1739,0.0010,5.1048,1.5810,0.4562
0.8111,0.0012,1.1105,1.2114,0.4562
1.3350,0.0009,0.7070,1.4357,0.4562
5.3237,0.0008,4.9810,1.6242,0.5056
1.0059,0.0007,1.1187,1.4875,0.5056
1.1859,0.0011,0.8375,1.2228,0.5056
5.1651,0.0007,4.8543,2.1492,0.4625
0.8865,0.0007,1.1677,1.1169,0.4625
0.8328,0.0005,0.7419,0.8700,0.4625
6.2119,0.0009,5.8733,1.8644,0.6664
0.8033,0.0004,1.1348,1.2561,0.6664
1.3321,0.0005,0.6813,1.4186,0.4433
5.8389,0.0010,5.4921,1.2191,0.4533
0.7441,0.0006,1.0226,1.0422,0.4533
1.1276,0.0005,0.6652,0.9437,0.4533
6.4398,0.0012,5.8650,1.7154,0.4480
0.8389,0.0005,1.3156,1.4120,0.4480
1.2359,0.0006,0.7153,1.3942,0.4480
5.1373,0.0009,4.8159,2.1681,0.4338
0.7818,0.0008,1.0654,1.2548,0.4338
1.2504,0.0011,0.6713,0.9953,0.4338
5.9518,0.0009,5.7526,1.4272,0.4488
0.8824,0.0003,1.0914,1.1995,0.4488
1.2171,0.0005,0.7869,1.1204,0.4488
6.0911,0.0008,5.9853,1.7295,0.4480
1.0874,0.0006,1.1387,1.7003,0.4480
1.4087,0.0007,0.6947,1.2870,0.4576
6.1180,0.0006,5.8551,1.5033,0.4633
1.0866,0.0006,1.1700,1.2418,0.4633
0.8935,0.0004,1.0342,1.1218,0.4871
4.6699,0.0008,4.5814,1.8102,0.4561
0.7898,0.0006,1.0025,1.0258,0.4561
1.0714,0.0004,0.7181,1.3221,0.4561
4.6450,0.0006,4.5065,1.1877,0.4619
1.0805,0.0009,0.9662,1.0252,0.4619
0.9368,0.0004,1.0148,1.4267,0.4619
4.9687,0.0012,4.6154,1.3706,0.4511
0.8438,0.0003,1.1235,1.2960,0.4511
1.2990,0.0006,0.7386,1.1161,0.4511
4.8166,0.0009,4.5679,2.2923,0.4480
0.9909,0.0005,1.0899,1.1422,0.4480
0.9505,0.0004,0.8994,1.0509,0.4480
5.1658,0.0008,4.7816,2.2790,0.7125
0.8739,0.0006,1.1534,1.2541,0.7125
1.2272,0.0007,0.7824,1.0330,0.7125
4.8299,0.0008,4.8632,1.8141,0.4668
0.7276,0.0004,0.9766,1.0831,0.4668
1.1606,0.0003,0.6280,1.2979,0.4668
4.5813,0.0009,4.2560,1.6281,0.4495
1.1549,0.0010,1.0195,1.0734,0.4495
1.3678,0.0006,1.1167,1.0432,0.4651
4.7444,0.0010,5.1159,1.6929,0.4624
0.9544,0.0007,0.9598,1.0278,0.4624
1.1141,0.0007,0.8661,1.4705,0.4600
4.5769,0.0012,4.5191,1.5674,0.4510
0.7600,0.0007,0.9649,1.1625,0.4510
1.2021,0.0007,0.7378,0.8249,0.4510
6.4619,0.0008,6.3121,2.1224,0.4775
0.8239,0.0007,1.1438,1.2067,0.4775
1.0226,0.0007,0.7227,1.0121,0.4775
4.7225,0.0009,4.3987,1.8348,0.4567
0.9890,0.0007,1.0628,1.0631,0.4567
0.7935,0.0005,0.8616,1.0952,0.4567
4.8591,0.0010,4.4986,2.1103,0.4694
0.7263,0.0004,1.0306,1.0743,0.4694
1.2277,0.0004,0.6493,1.0901,0.4694
5.2137,0.0009,5.0048,1.4990,0.4238
0.7473,0.0003,1.0142,1.0532,0.4238
1.3681,0.0003,0.6612,1.5463,0.4238
4.6889,0.0009,4.3652,1.2403,0.4640
0.9665,0.0007,1.1118,1.0584,0.4640
0.9685,0.0004,0.8155,1.2687,0.4640
4.9861,0.0010,4.7142,1.7586,0.4636
1.0042,0.0006,1.0996,1.0647,0.4636
1.1059,0.0004,0.9107,1.5417,0.4629
5.2671,0.0009,4.9744,1.3552,0.4433
0.8127,0.0007,1.0435,1.1093,0.4433
1.3217,0.0006,0.7077,1.0098,0.4386
5.0763,0.0012,4.7804,1.9853,1.2026
0.7793,0.0004,1.1422,1.1500,1.2026
1.1076,0.0003,0.6763,1.0928,1.2026
4.7260,0.0008,4.4620,1.6810,0.4624
0.8379,0.0008,1.0362,1.0465,0.4624
0.9677,0.0004,0.7349,1.2132,0.4624
5.0576,0.0010,4.6622,1.3582,0.4725
0.9698,0.0006,1.1734,1.5226,0.4725
1.2303,0.0009,0.8599,0.9321,0.4725
4.9362,0.0008,4.8690,1.6235,0.4544
0.7653,0.0004,1.0580,1.0856,0.4544
1.1481,0.0005,0.7321,1.2337,0.4573
5.6258,0.0010,5.6401,1.2557,0.4478
0.7962,0.0007,1.0792,1.0901,0.4478
1.0053,0.0006,0.7547,1.2149,0.4478
6.2743,0.0009,5.9806,1.6930,0.4740
1.2387,0.0003,1.0326,1.7601,0.4740
1.0942,0.0007,0.7372,0.9705,0.4740
4.5736,0.0009,4.3421,1.9093,0.4341
1.1599,0.0004,0.9408,1.6315,0.4341
1.2422,0.0006,0.6416,1.2494,0.4341
5.0034,0.0009,4.6204,1.7873,0.5003
1.0410,0.0008,1.1379,1.5544,0.5003
1.1382,0.0005,0.7732,0.9492,0.5003
4.9151,0.0008,4.6138,1.8344,0.4519
1.2178,0.0004,1.0321,1.7100,0.4519
0.9906,0.0005,0.6787,0.9486,0.4519
5.0237,0.0007,4.6960,1.4171,1.2045
0.8641,0.0008,1.1169,1.4155,1.2045
1.3014,0.0004,0.7186,1.1691,1.2045
4.9199,0.0012,4.7236,1.8144,0.4905
0.9560,0.0006,1.0391,1.5239,0.4905
1.2789,0.0005,0.7113,1.0127,0.4905
4.7857,0.0012,4.5026,1.3614,0.4823
1.2756,0.0009,1.1205,1.7407,0.4823
1.4354,0.0009,1.0970,0.9194,0.4823
5.0560,0.0007,5.2205,1.5304,0.4673
1.3865,0.0005,1.1241,1.7990,0.4673
0.8735,0.0004,0.8824,0.9853,0.4656
4.6558,0.0010,4.5752,1.1598,0.4457
1.2038,0.0004,0.9321,1.6762,0.4457
0.9524,0.0005,0.6368,0.9077,0.4457
5.6618,0.0008,5.2348,1.3073,0.4878
0.8413,0.0006,1.2290,1.2873,0.4878
1.3994,0.0004,0.7288,1.6262,0.4533
4.8820,0.0006,4.5330,1.0013,0.4555
0.9284,0.0004,1.0541,1.3958,0.4555
1.1613,0.0003,0.7823,0.9780,0.4555
5.7318,0.0011,4.8714,1.2178,0.4448
0.9277,0.0010,1.6290,1.2178,0.4448
0.8417,0.0004,0.9260,0.9139,0.4691
5.5810,0.0008,5.2335,1.1831,0.4630
1.0761,0.0005,1.1178,1.5378,0.4630
1.1807,0.0003,0.8160,1.2149,0.4630
6.4292,0.0009,6.0391,1.4228,0.4718
1.3945,0.0009,1.1560,1.8833,0.4718
1.2452,0.0006,0.7690,1.1338,0.4718
4.8430,0.0008,4.5424,1.9978,0.4539
1.0972,0.0005,1.0381,1.5858,0.4539
1.2389,0.0005,0.7558,1.2023,0.4539
5.2282,0.0010,4.5321,2.0771,0.4462
0.9656,0.0007,1.5474,1.6819,0.4462
1.0342,0.0006,0.8219,1.0951,0.4462
5.5164,0.0009,5.1910,1.8508,0.4401
1.2550,0.0005,1.0740,1.7851,0.4401
1.4395,0.0006,0.6943,1.4673,0.4647
4.9441,0.0011,4.5139,1.4812,0.4567
1.1809,0.0008,1.2454,1.7686,0.4567
1.1879,0.0011,0.9215,1.0939,0.4567
5.4561,0.0008,5.3162,2.3675,0.4484
1.1598,0.0009,1.1424,1.6963,0.4484
1.0163,0.0006,0.7736,1.0099,0.4484
5.4847,0.0007,5.2942,1.2662,0.4492
1.0683,0.0008,1.0509,1.3022,0.4492
1.4154,0.0006,1.0102,1.6329,0.4942
5.9252,0.0007,5.8230,1.7463,0.4424
1.0504,0.0008,1.0917,1.2270,0.4424
0.8134,0.0006,1.0038,1.0081,0.4424
4.7407,0.0008,4.5451,1.9733,0.4405
0.9914,0.0008,1.0802,1.0846,0.4405
0.9090,0.0005,0.8772,1.0424,0.4405
5.1886,0.0010,4.8025,2.0926,0.5140
0.8762,0.0007,1.1766,1.2093,0.5140
1.2255,0.0005,0.7374,1.4788,0.5140
5.3631,0.0008,5.0042,1.3218,0.4553
0.8162,0.0004,1.0791,1.1423,0.4553
1.0515,0.0007,0.6942,1.0399,0.4553
5.0971,0.0009,4.7579,1.4836,0.4558
0.8656,0.0006,1.1538,1.1957,0.4558
0.9042,0.0005,0.7482,0.8938,0.4786
4.7309,0.0009,4.5885,1.4485,0.4564
0.9719,0.0007,1.0025,1.0367,0.4564
0.9953,0.0005,1.0096,1.1410,0.4690
5.7687,0.0010,5.4988,1.0878,0.4822
1.1744,0.0007,1.3004,1.7997,0.4822
1.3370,0.0005,0.7846,1.3754,0.4822
4.9263,0.0008,4.6510,1.3328,0.4746
0.7753,0.0004,1.0960,1.1412,0.4746
1.4778,0.0006,0.6521,1.6690,0.4493
4.8141,0.0009,4.4711,1.5834,0.4765
1.2308,0.0009,1.0450,1.7117,0.4765
1.3770,0.0007,0.7074,1.3633,0.4697
5.0926,0.0009,4.7427,1.1893,0.4846
0.7861,0.0006,1.1000,1.1250,0.4846
0.7754,0.0004,0.6783,0.8730,0.4846
4.8087,0.0008,4.4521,1.3676,0.4524
0.8703,0.0005,1.0598,1.1286,0.4524
1.1386,0.0005,0.7768,1.0117,0.4413
4.8090,0.0009,4.6048,1.4400,0.4506
0.7470,0.0005,1.0554,1.1472,0.4506
1.1982,0.0004,0.6611,0.9982,0.4506
5.4875,0.0008,5.2745,1.4602,0.4551
1.2353,0.0008,1.0042,1.6284,0.4551
1.7112,0.0008,0.7284,1.7444,0.4641
5.3567,0.0008,5.0398,1.1848,0.4591
0.8769,0.0006,1.1183,1.1629,0.4591
0.9927,0.0005,0.7444,1.1705,0.4591
4.7428,0.0010,4.4837,1.8116,0.4514
1.0367,0.0005,0.9821,1.3300,0.4514
1.0501,0.0005,0.8740,1.2216,0.4514
5.1245,0.0006,4.8276,1.4360,0.4685
0.7464,0.0006,1.0216,1.2548,0.4685
1.5429,0.0004,0.6648,1.5069,0.4685
4.9637,0.0009,4.5656,1.7163,0.4632
1.0193,0.0004,1.1440,1.6116,0.4632
1.2587,0.0005,0.7385,1.3057,0.4632
4.7232,0.0006,4.4764,1.8379,0.4520
1.2078,0.0006,0.9496,1.6252,0.4520
1.5724,0.0003,0.7644,1.5838,0.4780
5.7817,0.0009,5.4050,1.4525,0.4908
1.0919,0.0341,1.1720,1.2528,0.4908
1.3307,0.0006,1.0595,1.3571,0.4908
4.8642,0.0010,4.6716,1.8714,0.4542
0.7683,0.0005,0.9822,0.9975,0.4542
1.0832,0.0006,0.7657,1.1922,0.4542
4.7792,0.0010,4.5232,1.4776,0.4739
0.7474,0.0004,1.0531,1.2740,0.4739
1.5973,0.0004,0.7432,1.5840,0.4644
6.2169,0.0008,5.7122,1.1636,0.4567
0.9778,0.0008,1.2092,1.6583,0.4567
1.2124,0.0007,0.7530,1.2246,0.4567
4.6678,0.0009,4.3347,1.2416,0.4677
0.9686,0.0006,1.0303,1.3201,0.4677
1.3464,0.0007,0.9973,1.1819,0.4853
4.5615,0.0006,4.5345,1.6295,0.4743
0.7623,0.0003,0.8555,1.1562,0.4743
1.2429,0.0003,0.6366,1.2212,0.4743
5.0650,0.0006,4.7460,1.5091,0.4577
0.6756,0.0003,0.9479,1.1726,0.4577
1.1866,0.0004,0.5912,0.9318,0.4682
4.7603,0.0008,4.5357,1.1967,0.7147
0.7030,0.0003,0.9876,1.0965,0.7147
1.1513,0.0004,0.6332,0.9566,0.7147
5.5535,0.0006,5.3469,1.4308,0.4741
0.9378,0.0003,0.9878,1.0653,0.4741
0.9144,0.0004,0.8411,1.2921,0.4741
4.7888,0.0011,4.2470,1.2578,0.4746
0.8736,0.0006,1.2584,1.3091,0.4746
1.0406,0.0004,0.7796,0.9284,0.4746
4.5988,0.0005,4.6129,2.0061,0.4640
0.6164,0.0003,0.7690,0.8971,0.4640
1.1037,0.0004,0.6028,0.9927,0.4640
4.2859,0.0007,4.0661,1.4495,0.4615
0.6777,0.0005,0.8498,0.9276,0.4615
0.8588,0.0006,0.6624,0.8527,0.4615
4.6736,0.0007,4.5035,1.5924,0.5012
1.0095,0.0004,0.9896,1.5175,0.5012
1.0643,0.0004,0.6945,0.8576,0.4438
5.0199,0.0005,5.0183,1.2440,0.4690
0.6294,0.0004,0.7358,0.8648,0.4690
0.7355,0.0004,0.5770,0.8272,0.4690
4.0282,0.0005,3.8173,1.7088,0.4647
0.6896,0.0004,0.8335,1.0410,0.4647
1.1768,0.0005,0.7626,1.0698,0.4647
4.8060,0.0007,4.8487,1.7152,0.4845
0.7130,0.0003,0.9403,0.9825,0.4845
0.8123,0.0004,0.6329,0.8594,0.4653
4.2528,0.0006,4.1816,1.1724,0.4590
0.6160,0.0004,0.7985,0.9138,0.4590
1.1899,0.0004,0.5677,0.8121,0.4655
4.7168,0.0006,4.5102,1.6769,0.4835
0.9556,0.0005,1.0288,1.0592,0.4835
0.8356,0.0006,0.8452,0.8806,0.4848
4.3408,0.0006,4.3088,1.7830,0.4830
0.6208,0.0004,0.7972,0.9122,0.4830
0.7957,0.0005,0.6624,0.8331,0.4830
4.1791,0.0005,3.9858,1.3443,0.4710
0.8265,0.0005,0.8400,1.1091,0.4710
1.0596,0.0005,0.7210,1.0554,0.4710
4.8026,0.0009,4.5286,1.5541,0.4707
0.9773,0.0005,1.0487,1.0979,0.4707
0.9955,0.0005,0.9400,0.9472,0.4734
5.0249,0.0003,5.2692,1.1176,0.4726
0.6052,0.0004,0.7064,0.8509,0.4726
0.9784,0.0004,0.6425,0.8164,0.4726
4.1707,0.0007,4.0545,1.5105,0.4805
0.7576,0.0005,0.8073,0.9651,0.4805
1.3122,0.0005,0.7281,1.4328,0.4796
5.4986,0.0008,5.3095,0.8655,0.4792
0.6806,0.0003,0.8494,0.9475,0.4792
0.9724,0.0003,0.6497,0.9402,0.4792
4.3268,0.0005,4.0297,1.4678,0.4631
0.7042,0.0007,0.9424,1.0101,0.4631
1.1529,0.0008,0.6067,1.3153,0.4776
4.6105,0.0008,4.2569,1.0472,0.4792
0.7465,0.0007,1.0139,1.1030,0.4792
1.1527,0.0005,0.6256,1.2861,0.4594
4.5303,0.0004,4.2916,1.2105,0.4658
0.9375,0.0005,0.8425,0.9905,0.4658
0.8455,0.0004,0.9582,1.2551,0.4658
4.5012,0.0005,4.3044,1.3131,0.4766
1.0521,0.0005,0.9236,0.9284,0.4766
0.6880,0.0004,1.0130,0.9545,0.4766
4.5765,0.0005,4.3896,1.2246,0.4918
0.6631,0.0003,0.8684,0.9701,0.4918
1.2065,0.0003,0.6123,1.0530,0.4918
4.4248,0.0006,4.1983,1.5273,0.4457
1.1706,0.0008,1.0565,1.0229,0.4457
0.6257,0.0005,1.0302,0.7794,0.4592
4.5193,0.0011,4.2045,1.0667,0.4627
0.7214,0.0006,0.9746,1.1052,0.4627
1.1764,0.0004,0.6672,0.9199,0.4627
4.9153,0.0004,4.3208,0.9662,0.4747
0.7685,0.0003,1.3782,0.9662,0.4747
0.5573,0.0003,0.6584,0.8156,0.4747
4.3489,0.0006,4.1178,0.9988,0.4678
0.9046,0.0005,0.8422,0.9568,0.4678
0.5717,0.0005,0.8623,0.8403,0.4678
5.8674,0.0007,5.4831,1.5427,1.4176
0.7217,0.0005,1.0015,1.2617,1.4176
1.1734,0.0005,0.6367,0.8840,1.4176
5.3969,0.0006,5.1239,1.3354,0.4649
0.7288,0.0004,1.0777,0.9570,0.4649
0.7994,0.0005,0.6362,0.8459,0.4649
4.5593,0.0008,4.3392,1.1841,0.4573
1.1483,0.0007,1.0773,1.1981,0.4573
0.6842,0.0005,1.0512,0.7978,0.4665
5.5066,0.0007,5.2287,1.2518,0.4746
0.7372,0.0004,0.9678,1.0509,0.4746
0.9090,0.0003,0.6574,0.8558,0.4746
4.5376,0.0005,4.2270,1.4498,0.4544
0.7069,0.0004,0.9580,0.9208,0.4544
0.8526,0.0004,0.6163,0.8648,0.4544
4.6496,0.0009,4.3583,1.8332,1.1794
0.7491,0.0010,0.9937,0.9865,1.1794
0.8692,0.0004,0.6531,0.8960,1.1794
4.4705,0.0006,4.2567,1.4780,0.4544
0.8522,0.0003,0.8607,0.9242,0.4544
0.6450,0.0003,0.8064,0.7689,0.4544
4.2322,0.0005,4.0485,1.6068,0.4697
0.8640,0.0006,0.9637,0.9176,0.4697
0.9399,0.0006,0.7635,0.9729,0.4697
4.8038,0.0006,4.5422,1.8239,0.4651
0.7829,0.0007,1.0210,1.0353,0.4651
1.0107,0.0006,0.6813,0.9057,0.4535
4.5793,0.0006,4.4591,1.3771,0.4452
0.6535,0.0004,0.8565,0.9475,0.4452
1.0427,0.0004,0.5899,1.1963,0.4452
4.3729,0.0007,4.0452,1.3263,0.4593
0.7312,0.0006,0.9620,1.0246,0.4593
1.0288,0.0170,0.6911,0.9068,0.4593
5.1812,0.0005,5.1336,2.1328,0.4580
0.7736,0.0005,0.9864,1.0256,0.4580
0.9273,0.0006,0.6868,1.0696,0.4580
4.3779,0.0006,4.1685,1.3986,0.4517
0.7174,0.0005,0.8952,0.9968,0.4517
1.0648,0.0004,0.6724,0.8358,0.4517
5.2154,0.0009,5.0055,1.9565,0.7388
0.8027,0.0004,1.0920,1.3228,0.7388
0.9658,0.0004,0.6689,0.8877,0.7388
4.4534,0.0008,4.1868,1.4565,0.4516
0.7350,0.0003,0.9425,1.0690,0.4516
1.1158,0.0004,0.6415,0.8500,0.4516
6.0866,0.0011,5.7009,1.4985,0.4288
0.8280,0.0008,1.2026,1.2054,0.4288
1.0364,0.0008,0.7224,1.2662,0.4288
4.8437,0.0012,4.4959,1.8031,0.4296
0.8337,0.0010,1.0824,1.0986,0.4296
1.4091,0.0004,0.7430,1.2641,0.4296
4.8866,0.0012,4.6566,1.8356,0.4247
1.8105,0.0008,1.1995,1.1180,0.4247
1.6972,0.0006,2.1634,1.1180,0.4528
4.7696,0.0005,5.0317,1.7619,0.4427
0.8872,0.0003,0.9465,1.1095,0.4427
1.3297,0.0004,0.8241,1.5552,0.4496
4.6531,0.0010,4.3308,1.1428,0.4499
1.1002,0.0007,1.0183,1.1462,0.4499
0.9934,0.0005,1.2891,1.0906,0.4499
6.4488,0.0011,6.0614,2.2151,0.4857
1.0819,0.0006,1.2499,1.1640,0.4857
1.0146,0.0007,0.9837,1.4090,0.4857
4.9725,0.0013,4.6042,1.6614,0.4597
0.9071,0.0009,1.1651,1.5120,0.4597
1.3725,0.0006,0.7766,1.0671,0.4597
6.7738,0.0009,6.4525,2.1561,0.4809
1.2322,0.0007,1.2601,1.2379,0.4809
0.8233,0.0005,1.0501,1.1967,0.4809
5.6478,0.0008,5.3976,1.9400,0.4496
1.2479,0.0004,1.1159,1.8444,0.4496
1.8336,0.0010,0.6760,1.7927,0.4496
6.3316,0.0008,5.9922,1.1927,0.4656
1.1703,0.0004,1.1018,1.7938,0.4656
1.2677,0.0005,0.6941,0.8980,0.4656
5.0950,0.0008,4.8117,1.9752,0.4399
0.8654,0.0004,1.1360,1.4793,0.4399
1.8801,0.0006,0.7045,1.7438,0.4399
5.1157,0.0008,4.7544,1.4057,0.4542
1.2305,0.0006,1.1742,1.6788,0.4542
1.1594,0.0004,0.8616,1.0370,0.4542
6.1284,0.0012,5.7862,1.3423,0.4416
1.2435,0.0005,1.1812,1.8390,0.4416
1.5724,0.0005,0.7577,1.5671,0.4416
4.8472,0.0007,4.5632,1.6719,0.4306
0.7353,0.0004,1.0038,1.0337,0.4306
1.2398,0.0006,0.6532,1.4593,0.4453
4.8014,0.0006,4.4492,1.2658,0.4488
1.2506,0.0003,1.0133,1.7039,0.4488
1.1558,0.0005,0.7397,1.1725,0.4488
5.6173,0.0007,5.2619,1.8593,0.6451
0.8459,0.0007,1.1825,1.3673,0.6451
1.3059,0.0004,0.7878,1.3942,0.6451
4.6667,0.0007,4.4568,1.6915,0.4140
1.0374,0.0004,0.9350,1.5146,0.4140
1.2367,0.0004,0.6544,0.8664,0.4140
4.5937,0.0006,4.4331,1.8759,0.4633
0.8142,0.0007,1.0026,1.0533,0.4633
1.0084,0.0003,0.7822,1.1646,0.4633
4.8244,0.0007,4.4797,1.3313,0.4326
0.7953,0.0005,1.0633,1.2335,0.4326
1.5443,0.0005,0.6827,1.6553,0.4306
4.5289,0.0011,4.2788,1.5441,0.4517
0.7581,0.0006,0.9348,0.9520,0.4517
1.1949,0.0004,0.6925,1.0877,0.4517
6.4563,0.0010,6.0445,1.6135,1.2009
1.1787,0.0005,1.3014,1.2723,1.2009
0.9068,0.0004,1.0710,1.3132,0.4543
4.8870,0.0008,4.7736,1.2106,0.4235
0.9572,0.0007,1.0507,1.4721,0.4235
1.3599,0.0008,0.7780,1.0537,0.4235
5.1440,0.0009,4.8804,1.7730,0.4439
0.7456,0.0004,1.0829,1.2491,0.4439
1.4262,0.0005,0.6559,0.9240,0.4439
4.6799,0.0006,4.5573,1.7369,0.4471
0.8886,0.0006,0.9960,1.3660,0.4471
1.1727,0.0004,0.8089,0.9272,0.4471
5.5417,0.0011,5.3176,1.4985,0.4646
0.8766,0.0006,1.0549,1.3253,0.4646
1.5725,0.0007,0.7927,1.0534,0.4688
5.8185,0.0008,5.5615,2.0628,0.4585
1.0611,0.0005,1.2482,1.1703,0.4585
0.9254,0.0004,1.0112,1.2573,0.4317
5.4424,0.0008,5.3372,1.0497,0.4578
1.0493,0.0007,1.0335,1.5004,0.4578
1.2031,0.0006,0.9007,1.0170,0.4578
4.8289,0.0010,4.9134,2.0430,0.4823
0.7804,0.0006,0.9932,1.1158,0.4823
0.8441,0.0005,0.7315,1.0102,0.4823
4.5854,0.0008,4.4294,1.2220,0.4356
0.9198,0.0006,0.9469,0.9913,0.4356
0.7826,0.0005,0.8845,1.1906,0.4356
4.9272,0.0009,4.6029,1.7430,0.7002
0.8221,0.0008,1.1300,1.1662,0.7002
0.9585,0.0006,0.7012,0.9118,0.7002
4.7007,0.0007,4.6644,1.9640,0.4545
0.9470,0.0005,0.9844,1.0258,0.4545
0.6817,0.0004,0.8595,0.9962,0.4545
4.7944,0.0009,4.4925,1.4053,0.4346
0.9730,0.0006,1.0444,1.1109,0.4346
1.2012,0.0004,1.1793,1.2390,0.4346
4.7632,0.0007,4.7860,1.6937,0.4248
0.9894,0.0006,0.9484,1.0429,0.4248
0.7376,0.0004,0.9147,0.8349,0.4248
4.6493,0.0008,4.3714,1.7468,0.4377
0.7647,0.0004,0.9886,1.1511,0.4377
1.0295,0.0004,0.6921,0.8102,0.4377
5.7648,0.0009,5.4187,1.6852,0.4501
0.8270,0.0007,1.1210,1.2104,0.4501
1.0078,0.0003,0.7308,1.0821,0.4501
5.6842,0.0010,5.2861,1.6605,0.4403
0.7306,0.0004,1.0709,1.0937,0.4403
0.9837,0.0003,0.6204,0.8026,0.4403
5.4859,0.0010,5.1414,1.6127,0.4582
0.8831,0.0008,1.1624,1.2573,0.4582
1.1824,0.0006,0.8252,1.0923,0.4582
5.6982,0.0007,5.5058,1.7543,0.4356
0.7987,0.0005,1.1217,1.1261,0.4356
1.0109,0.0004,0.6852,1.2678,0.4282
5.2067,0.0009,4.8059,1.2340,0.4325
1.2507,0.0009,1.2040,1.7223,0.4325
1.2505,0.0005,0.9719,1.0930,0.4325
5.7711,0.0011,5.3677,1.8694,0.4472
1.1732,0.0007,1.2361,1.8714,0.4472
1.3086,0.0006,0.7104,1.1151,0.4451
4.7875,0.0009,4.6586,1.5006,0.4341
1.2462,0.0011,1.0415,1.6914,0.4341
1.2211,0.0008,0.7986,1.2701,0.4341
4.8058,0.0009,4.5226,1.5096,0.4467
0.8149,0.0007,1.0806,1.0786,0.4467
0.8072,0.0004,0.8348,0.7802,0.4467
4.5039,0.0007,4.3585,1.7717,0.4347
0.9054,0.0005,0.8921,1.3027,0.4347
1.2991,0.0005,0.7159,1.1163,0.4347
5.0486,0.0014,4.7642,1.3291,0.4339
0.7804,0.0005,1.1262,1.3717,0.4339
1.5330,0.0007,0.6626,1.4624,0.4573
5.4273,0.0006,5.1804,1.4533,0.4256
1.0036,0.0006,1.0208,1.4058,0.4256
1.4200,0.0006,0.8847,0.9869,0.4256
6.3486,0.0010,6.0310,2.0954,0.4326
0.9038,0.0009,1.2694,1.6302,0.4326
1.6142,0.0006,0.7279,1.6265,0.4613
5.5462,0.0008,5.0830,1.2710,0.4359
1.0271,0.0006,1.2302,1.1769,0.4359
1.0935,0.0006,0.8829,1.4650,0.4359
4.9560,0.0009,4.5849,1.2578,0.4354
1.0840,0.0006,1.1567,1.6867,0.4354
1.2525,0.0006,0.6979,1.0824,0.4354
4.9289,0.0008,4.7658,1.3565,0.4315
1.0901,0.0006,0.9824,1.5359,0.4315
1.1316,0.0005,0.9592,1.1324,0.4315
4.6995,0.0007,4.4443,1.2751,0.4413
0.7429,0.0008,0.9732,0.9899,0.4413
1.0066,0.0006,0.6856,0.8432,0.4413
4.9840,0.0011,4.6930,1.7179,0.4640
0.8129,0.0005,1.0981,1.1219,0.4640
1.0083,0.0005,0.6753,1.1130,0.4640
4.9934,0.0008,4.6121,1.9054,0.4521
1.2859,0.0006,1.0985,1.8196,0.4521
1.5672,0.0006,0.7109,1.5861,0.4623
5.2109,0.0009,4.8298,0.8298,0.4625
1.3447,0.0004,1.1133,1.8155,0.4625
0.8848,0.0005,0.8015,0.8061,0.4625
4.8212,0.0007,4.7430,1.3354,0.4469
1.1815,0.0003,1.0202,1.6329,0.4469
1.4820,0.0005,0.7612,1.5551,0.4495
4.9066,0.0007,4.5366,1.3190,0.4374
1.1437,0.0004,1.0702,1.7072,0.4374
1.2593,0.0004,0.6963,1.2574,0.4574
4.7435,0.0008,4.4385,1.6699,0.4288
1.2882,0.0005,1.0192,1.6980,0.4288
1.5071,0.0005,0.7854,1.6136,0.4429
4.5602,0.0007,4.3057,1.2924,0.4384
1.1171,0.0006,0.9804,1.5903,0.4384
1.3799,0.0006,0.8190,1.3247,0.4561
5.1128,0.0009,4.8065,1.2644,0.4531
0.8490,0.0005,1.1402,1.3954,0.4531
1.3308,0.0006,0.7783,1.3593,0.4237
5.7552,0.0007,5.4675,2.0481,0.4352
0.7975,0.0005,1.0778,1.1490,0.4352
1.0785,0.0007,0.6959,1.2983,0.4352
5.0845,0.0010,4.5562,1.6550,0.4279
0.8364,0.0004,1.2867,1.2622,0.4279
1.0218,0.0006,0.7331,1.1820,0.4279
5.8131,0.0007,5.6937,1.0752,0.4569
0.9680,0.0007,1.0642,1.1450,0.4569
0.9824,0.0003,0.8783,1.1043,0.4569
5.9866,0.0011,5.5633,1.6866,0.4246
1.3738,0.0004,1.1759,1.9349,0.4246
1.2526,0.0004,0.7739,1.1511,0.4246
5.5472,0.0007,5.5401,1.6184,0.4374
0.8200,0.0004,1.0753,1.1140,0.4374
1.1177,0.0004,0.6936,1.0443,0.4371
4.9637,0.0008,4.6736,1.4274,0.4262
0.8298,0.0009,1.1678,1.4329,0.4262
1.2641,0.0006,0.7001,1.0183,0.4262
5.7954,0.0008,5.4667,1.9794,0.4526
0.8169,0.0006,1.0971,1.1546,0.4526
1.2967,0.0005,0.7206,1.2671,0.4526
4.8396,0.0009,4.5437,1.9691,0.4298
1.3310,0.0012,1.2073,1.2417,0.4298
0.8986,0.0006,1.2685,1.1794,0.4298
4.8839,0.0010,4.7129,2.0371,0.4404
1.2130,0.0009,1.0683,1.6569,0.4404
1.3567,0.0009,0.8371,1.4609,0.4617
4.7455,0.0008,4.4424,1.4123,0.4296
0.7825,0.0006,1.0184,1.0698,0.4296
1.2052,0.0005,0.6772,0.9971,0.4296
5.1980,0.0009,4.8432,2.6183,0.4208
1.1819,0.0004,1.1181,1.6837,0.4208
1.4653,0.0007,0.7925,1.5241,0.4397
4.4016,0.0006,4.2750,1.3929,0.4275
1.2085,0.0005,0.7796,1.5627,0.4275
1.2507,0.0005,0.6020,1.2322,0.4596
6.0500,0.0010,5.5581,1.2679,0.4460
1.0668,0.0006,1.2909,1.2916,0.4460
0.8616,0.0003,0.9568,0.8848,0.4460
4.7017,0.0006,4.5456,1.6691,0.4423
0.7783,0.0005,0.9926,1.0419,0.4423
1.1661,0.0004,0.6675,0.9650,0.4423
5.5134,0.0011,5.1212,2.2356,0.4338
1.0564,0.0009,1.2491,1.6723,0.4338
1.4194,0.0005,0.8384,1.2245,0.4338
4.7455,0.0007,4.4878,1.7621,0.4250
1.1468,0.0005,0.9501,1.6102,0.4250
1.5391,0.0004,0.6715,1.5532,0.4417
4.9642,0.0008,4.5367,1.3004,0.4430
1.1699,0.0007,1.2724,1.3093,0.4430
1.2550,0.0004,1.0382,1.7041,0.4430
5.1289,0.0005,4.9352,1.8468,0.4333
0.9706,0.0006,0.8962,0.9676,0.4333
0.6066,0.0004,0.9378,0.8390,0.4333
4.6423,0.0010,4.3224,1.2102,0.4450
0.7951,0.0007,1.0033,1.0660,0.4450
1.2526,0.0004,0.7303,1.3915,0.4450
5.3553,0.0009,5.0690,1.9995,1.1587
0.8012,0.0006,1.0892,1.1472,1.1587
1.1886,0.0005,0.6823,1.0552,1.1587
4.5956,0.0005,4.3763,2.0733,0.4449
0.8114,0.0006,0.9999,1.1696,0.4449
1.4034,0.0003,0.7336,1.4763,0.4304
4.9118,0.0008,4.5449,1.5410,0.4349
0.8130,0.0007,1.1145,1.1715,0.4349
1.3577,0.0005,0.7057,1.5621,0.4593
5.4527,0.0008,5.1232,1.5011,0.4324
0.8194,0.0005,1.0232,1.1758,0.4324
1.3960,0.0006,0.7409,1.2746,0.4324
5.0006,0.0011,5.0669,1.3976,0.4359
0.8915,0.0005,1.1261,1.1741,0.4359
0.7911,0.0003,0.7490,1.0061,0.4359
4.4601,0.0005,4.4238,1.8324,0.4318
0.8927,0.0005,0.8269,0.9220,0.4318
0.8833,0.0007,0.8598,1.1616,0.4473
4.1401,0.0005,4.2849,1.0761,0.4292
0.7779,0.0006,0.7542,0.8899,0.4292
1.4457,0.0005,0.7841,1.6428,0.4398
4.1362,0.0010,3.8647,1.2227,0.4172
1.0614,0.0008,0.9637,1.3149,0.4172
1.0448,0.0004,0.9962,1.1286,0.4172
4.4277,0.0006,4.3580,1.3913,0.4386
0.6565,0.0004,0.8723,0.9806,0.4386
1.2266,0.0005,0.6732,0.9893,0.4411
5.1312,0.0005,5.1062,1.3821,0.4469
0.6426,0.0005,0.8127,0.9271,0.4469
1.0599,0.0004,0.5998,1.0445,0.4469
4.4798,0.0007,4.2080,1.6473,0.4800
0.7294,0.0005,0.9323,0.9778,0.4800
0.8098,0.0004,0.6714,0.9460,0.4800
4.3932,0.0009,4.3353,1.7132,0.4352
0.7231,0.0004,0.9010,0.9342,0.4352
1.3630,0.0003,0.6361,1.5724,0.4449
4.1962,0.0006,3.9506,1.3488,0.4417
0.7895,0.0004,0.9125,1.1328,0.4417
1.4514,0.0006,0.6925,1.4880,0.4417
4.7096,0.0004,4.5053,1.6550,0.4453
0.7789,0.0004,0.9737,1.2295,0.4453
1.7468,0.0007,0.6832,1.6786,0.4453
5.9826,0.0008,5.6785,1.9498,0.4397
1.1532,0.0011,1.1279,1.6875,0.4397
1.5579,0.0006,0.9401,1.3176,0.4538
4.9854,0.0007,5.5611,1.6398,0.4391
0.8107,0.0008,1.0361,1.0954,0.4391
1.1587,0.0005,0.7561,1.3272,0.4391
5.1726,0.0011,4.9471,1.9555,0.4229
0.7360,0.0004,0.9865,1.0937,0.4229
1.4312,0.0003,0.6338,1.4840,0.4229
6.5516,0.0009,6.0767,2.0814,0.4761
0.8737,0.0007,1.2765,1.2293,0.4761
1.1549,0.0006,0.7446,1.4651,0.4761
5.0445,0.0009,4.6487,1.4559,0.4238
0.8309,0.0004,1.2252,1.2529,0.4238
1.5889,0.0004,0.7445,1.7820,0.4481
5.4366,0.0012,5.0075,1.5509,1.0845
1.0583,0.0006,1.2824,1.3918,1.0845
1.1649,0.0006,0.9084,1.4571,1.0845
4.8850,0.0009,4.7046,1.7569,0.4383
1.1573,0.0006,1.0410,1.6862,0.4383
1.2743,0.0005,0.6817,1.2873,0.4383
5.2576,0.0008,4.7981,1.6948,0.4733
1.1630,0.0008,1.2742,1.3748,0.4733
1.1670,0.0004,1.0342,1.5997,0.4577
5.1182,0.0007,4.8561,0.9873,0.4353
1.1997,0.0007,1.1212,1.7329,0.4353
1.6076,0.0011,0.8173,1.1465,0.4353
6.5106,0.0011,6.3352,1.9611,0.4479
1.1397,0.0004,1.1707,1.7514,0.4479
1.6081,0.0004,0.7546,1.6537,0.4479
4.7698,0.0005,4.5787,1.7409,0.4541
0.9936,0.0004,0.9864,1.4541,0.4541
1.3165,0.0006,0.6866,1.3318,0.4421
5.6809,0.0012,5.1555,1.4352,0.4394
1.0837,0.0006,1.2775,1.7359,0.4394
2.0107,0.0006,0.9494,1.8916,0.4575
5.1691,0.0009,5.1268,1.5407,0.4393
0.8166,0.0008,1.1051,1.1564,0.4393
1.5477,0.0004,0.6766,1.7191,0.4393
5.5516,0.0011,4.9560,1.4703,0.4298
0.9191,0.0005,1.3972,1.4295,0.4298
1.5887,0.0007,0.8089,1.6138,0.4684
5.5645,0.0015,5.4732,1.3862,0.4533
1.2370,0.0008,1.1514,1.8173,0.4533
1.1923,0.0011,0.7462,1.0043,0.4533
5.1590,0.0016,4.8060,1.9223,0.4349
1.0803,0.0009,1.2634,1.3766,0.4349
1.2741,0.0008,0.8663,1.5019,0.4349
4.9168,0.0009,4.6896,1.9733,0.4409
0.7926,0.0006,1.0158,1.0461,0.4409
1.1300,0.0004,0.6921,1.3738,0.4409
4.7111,0.0008,4.3529,1.4677,0.4355
0.8080,0.0003,1.0359,1.0808,0.4355
1.1409,0.0005,0.7104,1.2461,0.4355
6.3748,0.0009,5.9465,1.5899,0.4456
1.0708,0.0005,1.2333,1.1578,0.4456
0.9169,0.0003,0.9915,1.3072,0.4214
4.8798,0.0007,4.7197,1.3013,0.4367
0.8438,0.0005,1.0798,1.1386,0.4367
1.4314,0.0006,0.7272,1.6322,0.4367
5.4805,0.0009,5.1205,1.6966,0.6619
0.8189,0.0005,1.1223,1.1937,0.6619
1.1355,0.0005,0.7728,1.0537,0.6619
5.7855,0.0007,5.6142,1.5594,0.4646
0.9172,0.0006,0.9953,1.4293,0.4646
1.0957,0.0005,0.6414,1.1092,0.4646
4.9911,0.0011,4.6085,1.4828,0.4322
0.8121,0.0009,1.0724,1.1338,0.4322
1.0799,0.0005,0.7226,1.0911,0.4322
4.6444,0.0006,4.3860,1.5926,0.4349
0.7624,0.0005,0.9409,1.2123,0.4349
1.4897,0.0005,0.6406,1.4700,0.4315
4.7221,0.0009,4.4289,1.0988,0.4588
0.7451,0.0006,0.9834,1.0618,0.4588
0.9202,0.0005,0.6992,0.9030,0.4588
5.1565,0.0009,4.9027,1.8706,0.4623
1.0590,0.0005,1.1107,1.1906,0.4623
0.7445,0.0007,0.9593,0.9545,0.4623
5.8910,0.0008,5.6118,1.6942,0.4475
0.7934,0.0007,1.1057,1.2101,0.4475
1.1101,0.0005,0.6853,0.8071,0.4419
4.9080,0.0009,4.7399,1.9948,1.1822
1.0092,0.0007,1.0525,1.1374,1.1822
0.6325,0.0005,0.9440,0.9867,1.1822
4.8579,0.0007,4.4958,1.3476,0.4413
0.7559,0.0005,1.0359,1.2222,0.4413
1.1543,0.0004,0.6742,1.1623,0.4364
5.7470,0.0010,5.3727,1.2697,0.4590
0.9756,0.0007,1.1779,1.2191,0.4590
1.4033,0.0005,0.8369,1.7149,0.4611
4.7382,0.0009,4.5258,1.3776,0.4259
0.7907,0.0006,0.9420,1.2146,0.4259
1.2866,0.0168,0.6942,1.1302,0.4259
5.5645,0.0008,5.4460,1.4225,0.4261
0.9660,0.0005,1.0890,1.0539,0.4261
0.8829,0.0007,1.0515,1.0318,0.4261
5.3367,0.0007,5.0071,1.6228,0.4939
1.1612,0.0005,1.2501,1.7564,0.4939
1.3853,0.0009,0.6824,1.3849,0.4939
5.2667,0.0007,4.9677,1.6711,0.4288
0.7331,0.0006,0.9775,1.0125,0.4288
1.1061,0.0005,0.6532,0.9952,0.4288
5.3109,0.0007,4.8418,1.7895,0.4512
1.3715,0.0007,1.2486,1.9533,0.4512
1.5857,0.0005,0.7681,1.5507,0.4297
5.8493,0.0009,5.5899,1.1402,0.4310
0.9489,0.0007,1.0818,1.4712,0.4310
1.5628,0.0005,0.7078,1.4883,0.4463
6.2374,0.0009,5.8951,1.6495,0.4536
1.3454,0.0006,1.1366,1.8199,0.4536
1.5442,0.0006,0.8309,1.6369,0.4434
4.5518,0.0008,4.5274,1.0818,0.4356
1.2095,0.0004,0.9111,1.5969,0.4356
1.4534,0.0004,0.7292,1.5315,0.4366
4.9104,0.0009,4.5531,1.3263,0.4426
1.2591,0.0004,1.1101,1.8318,0.4426
1.5457,0.0004,0.6975,1.4976,0.4551
4.7065,0.0007,4.4612,1.3903,0.4354
1.1702,0.0004,1.0151,1.5931,0.4354
1.2415,0.0004,0.8470,1.2619,0.4354
5.0336,0.0011,4.6690,1.6584,0.4194
1.2069,0.0009,1.2171,1.7840,0.4194
1.6013,0.0005,0.7959,1.0824,0.4194
4.9590,0.0011,4.7580,2.7724,0.4443
0.8332,0.0010,1.0852,1.0769,0.4443
1.0880,0.0004,0.7154,1.3821,0.4386
4.6993,0.0010,4.5133,1.3840,0.4164
0.8413,0.0006,1.0101,1.3434,0.4164
1.5124,0.0009,0.8196,1.3490,0.4164
5.2889,0.0010,5.2970,2.3403,0.4274
1.1220,0.0007,1.1140,1.6902,0.4274
1.5091,0.0005,0.7039,1.5006,0.4322
4.9670,0.0009,4.6464,0.8157,0.4348
1.2702,0.0009,1.1244,1.7520,0.4348
1.8953,0.0007,0.8341,1.5712,0.4503
5.0011,0.0008,5.0388,1.4462,0.4280
1.1648,0.0003,1.1043,1.7430,0.4280
1.4940,0.0004,0.7471,1.4780,0.4518
5.7702,0.0009,5.4700,1.0317,0.4439
0.8191,0.0004,1.0839,1.3739,0.4439
1.5533,0.0007,0.7696,1.5733,0.4439
5.1349,0.0010,4.8141,1.3899,0.4884
1.4276,0.0006,1.1006,1.8810,0.4884
1.3027,0.0009,0.8980,1.3667,0.4506
4.9622,0.0010,5.0114,1.4036,0.4284
0.8397,0.0008,1.1524,1.1517,0.4284
1.3802,0.0003,0.7139,1.5943,0.4364
5.0195,0.0008,4.6949,1.2999,1.1815
1.4848,0.0008,1.0706,1.9027,1.1815
1.0938,0.0003,0.8194,1.2529,0.4300
4.7570,0.0010,4.4711,1.3316,0.4423
1.1049,0.0009,1.0103,1.4781,0.4423
1.0173,0.0007,0.9149,1.1483,0.4423
5.7707,0.0011,5.5359,1.7815,0.4286
1.2797,0.0011,1.3902,1.2607,0.4286
0.8883,0.0006,1.0510,1.0726,0.4516
5.7636,0.0009,5.5680,1.7669,0.4478
1.0287,0.0007,1.0827,1.5495,0.4478
1.5183,0.0007,0.7914,1.5040,0.4478
5.6706,0.0010,5.2660,0.8642,0.4462
1.1615,0.0006,1.2050,1.7713,0.4462
1.4760,0.0007,0.7736,1.0399,0.4462
5.8953,0.0008,5.6991,1.8009,0.4355
0.8064,0.0004,1.0953,1.1898,0.4355
1.2050,0.0004,0.6978,1.3919,0.4355
4.8784,0.0006,4.4960,1.3818,0.4201
1.1356,0.0007,1.1574,1.6642,0.4201
1.2647,0.0007,0.8477,1.2678,0.4201
4.9257,0.0009,4.6501,1.3353,0.4308
1.2405,0.0005,1.0424,1.7299,0.4308
1.2086,0.0005,0.7344,1.2823,0.4332
4.8129,0.0011,4.5246,1.1484,0.4245
1.2038,0.0004,0.9840,1.6761,0.4245
1.1175,0.0005,0.6928,0.9406,0.4245
5.0268,0.0008,4.7507,2.1073,0.4731
1.0922,0.0006,1.0976,1.6540,0.4731
1.4105,0.0015,0.6788,0.9805,0.4731
4.9750,0.0007,4.7887,1.9706,0.4338
0.8606,0.0007,1.1535,1.2025,0.4338
1.0263,0.0009,0.7544,0.9157,0.4338
5.9437,0.0008,5.5449,1.7942,0.4578
1.2515,0.0010,1.2785,0.8208,0.4578
0.6399,0.0006,1.1033,0.8208,0.4491
4.9397,0.0009,4.5423,1.4330,0.4569
1.3293,0.0005,1.0594,1.8383,0.4569
1.5028,0.0007,0.6820,1.4931,0.4580
5.1032,0.0008,4.7823,0.9387,0.4251
1.3337,0.0006,1.1007,1.8488,0.4251
1.0449,0.0008,0.6987,1.0874,0.4596
5.7938,0.0007,5.3830,1.4466,0.4703
0.8165,0.0006,1.1245,1.0802,0.4703
0.5936,0.0007,0.7154,0.8618,0.4703
4.2807,0.0007,4.1080,1.9589,0.4302
0.7394,0.0007,0.8328,0.9411,0.4302
1.0277,0.0007,0.7036,1.1259,0.4302
5.0960,0.0007,4.7948,1.5549,0.4350
0.8637,0.0005,1.0840,1.4054,0.4350
1.0447,0.0004,0.8102,1.0325,0.4350
4.8440,0.0008,4.6126,1.4571,0.4249
0.7844,0.0007,1.0087,1.0772,0.4249
1.1114,0.0008,0.7554,1.1135,0.4249
5.1415,0.0009,4.8323,1.8917,0.4689
0.9926,0.0007,1.0752,1.5376,0.4689
0.9665,0.0004,0.7027,0.8567,0.4689
4.7294,0.0008,4.4553,1.6780,0.4453
1.3141,0.0005,0.9354,1.7962,0.4453
0.8521,0.0003,0.6517,0.8479,0.4453
4.5481,0.0008,4.3133,1.5126,0.4334
0.9850,0.0003,0.9366,1.4461,0.4334
1.9668,0.0007,0.7711,1.7626,0.4613
4.9110,0.0008,4.8102,0.8976,0.4259
0.9001,0.0013,1.0854,1.2703,0.4259
1.4760,0.0008,0.8499,1.6365,0.4433
5.7043,0.0009,5.4308,2.0387,0.4371
1.3141,0.0008,1.1837,1.1402,0.4371
1.4826,0.0008,1.5220,0.9720,0.4687
5.0502,0.0008,5.1469,1.5266,0.4298
1.3519,0.0005,1.0198,1.7203,0.4298
1.0627,0.0004,0.8552,1.1703,0.4291
5.1043,0.0010,4.8335,1.3176,0.4382
1.1861,0.0003,1.0173,1.6737,0.4382
1.5845,0.0005,0.6943,1.5396,0.4438
6.8278,0.0010,5.9158,1.2607,0.4378
0.8275,0.0007,1.7559,1.2607,0.4378
0.6569,0.0003,0.7228,0.9482,0.4378
4.9089,0.0006,4.5953,1.7145,0.4338
0.7601,0.0004,1.0247,1.2343,0.4338
1.2943,0.0004,0.6930,1.3094,0.4338
5.3070,0.0008,4.9622,1.8906,0.4925
0.8453,0.0007,1.1029,1.1360,0.4925
1.1599,0.0004,0.7570,1.1224,0.4925
4.9006,0.0005,4.7444,2.0710,0.4559
0.6929,0.0005,0.8120,1.0647,0.4559
1.0461,0.0005,0.6381,1.0900,0.4469
6.0835,0.0007,5.4703,1.0649,0.4287
0.8060,0.0006,1.3021,1.2084,0.4287
0.8987,0.0005,0.7057,0.9158,0.4287
5.1843,0.0005,5.1917,1.8711,0.4219
0.6318,0.0005,0.8052,0.9464,0.4219
1.0998,0.0005,0.5757,1.0723,0.4219
4.1686,0.0008,4.0255,1.4492,0.4648
0.7065,0.0005,0.8770,0.9968,0.4648
1.3068,0.0006,0.6410,1.3733,0.4648
4.5897,0.0006,4.3841,1.8311,0.4799
0.7166,0.0004,0.9480,1.1465,0.4799
1.2486,0.0005,0.6334,1.3407,0.4489
4.2393,0.0006,4.0322,1.2513,0.4299
0.9034,0.0005,0.8399,0.8991,0.4299
0.5491,0.0004,0.8472,0.9108,0.4299
4.5182,0.0009,4.1697,1.8110,0.4258
1.1999,0.0011,1.1861,1.0966,0.4258
0.7142,0.0005,1.0070,0.8477,0.4424
4.8378,0.0008,4.5923,1.1475,0.4577
0.9618,0.0009,0.9365,1.0300,0.4577
0.9703,0.0004,1.0242,0.7342,0.4440
4.1018,0.0006,4.2154,0.8381,0.4535
0.8269,0.0003,0.7571,0.9227,0.4535
0.7434,0.0003,0.7953,0.9453,0.4535
4.3796,0.0007,4.1164,1.2734,0.4604
0.6720,0.0003,0.8853,1.0307,0.4604
0.9471,0.0003,0.6211,0.8993,0.4604
4.1610,0.0007,3.9635,1.4651,0.4409
0.8767,0.0005,0.8235,0.8996,0.4409
0.5500,0.0004,0.8171,0.8741,0.4409
4.2385,0.0006,3.9857,1.6956,0.4532
0.7077,0.0005,0.8748,0.9002,0.4532
0.7682,0.0005,0.6326,0.7796,0.4532
4.8436,0.0007,4.4777,1.6279,0.4638
0.7850,0.0005,1.0788,1.0959,0.4638
0.8863,0.0004,0.6506,0.8078,0.4638
5.2426,0.0007,5.1243,1.3591,0.4631
0.7102,0.0003,0.8804,0.9545,0.4631
0.9880,0.0006,0.7179,0.9804,0.4631
4.3509,0.0007,4.0731,1.5983,0.4473
1.1026,0.0008,0.9772,1.0998,0.4473
0.6213,0.0004,1.0197,0.8445,0.4473
4.1720,0.0005,4.0639,1.2897,0.4403
0.6979,0.0003,0.7457,1.0296,0.4403
1.2303,0.0004,0.6197,0.8261,0.4430
4.1861,0.0006,4.1131,1.4764,0.4811
0.6208,0.0004,0.8402,0.8566,0.4811
0.9273,0.0003,0.5582,0.7771,0.4372
5.2842,0.0005,5.1242,1.2598,0.4592
0.7925,0.0004,0.8777,1.2155,0.4592
1.2218,0.0005,0.6127,1.0764,0.4592
4.0861,0.0005,3.9384,1.2955,0.4590
0.8463,0.0005,0.7732,0.8777,0.4590
0.7168,0.0005,0.7870,0.8280,0.4590
3.8908,0.0005,3.9093,1.4109,0.4431
0.6199,0.0004,0.7065,0.8431,0.4431
0.8662,0.0003,0.6169,0.9772,0.4431
4.2565,0.0007,3.9349,1.1319,0.4917
0.6953,0.0006,0.9248,0.9758,0.4917
0.9829,0.0006,0.6147,0.8364,0.4917
3.9754,0.0007,3.9649,1.2536,0.4239
0.8280,0.0003,0.7464,0.8392,0.4239
0.8286,0.0004,0.8082,0.7498,0.4239
3.8347,0.0004,3.7586,1.6855,0.4478
0.6210,0.0003,0.7107,0.8301,0.4478
0.8703,0.0004,0.6454,0.8302,0.4478
4.4790,0.0007,4.3386,1.6211,0.4712
0.7156,0.0005,0.9519,0.9368,0.4712
0.7976,0.0004,0.6414,0.8235,0.4712
4.0717,0.0004,4.0868,2.0365,0.4376
0.6003,0.0003,0.7567,0.8974,0.4376
0.9766,0.0003,0.6377,1.0690,0.4376
4.6656,0.0003,4.7570,0.9097,0.4583
0.6022,0.0003,0.7344,0.8903,0.4583
1.0611,0.0005,0.5906,0.9936,0.4583
4.4678,0.0008,4.2823,2.1049,0.4341
0.6473,0.0003,0.8585,0.8928,0.4341
1.3173,0.0003,0.5754,1.4440,0.4467
4.0350,0.0004,3.9193,1.0640,0.4766
0.6141,0.0003,0.7425,0.9129,0.4766
1.4085,0.0003,0.6337,1.4882,0.4766
3.9846,0.0004,3.8093,1.3277,0.4364
0.8968,0.0005,0.8313,1.0349,0.4364
1.0062,0.0004,0.8466,0.8861,0.4364
4.8053,0.0005,4.9459,1.5618,0.4476
0.6848,0.0004,0.9128,0.9837,0.4476
1.0833,0.0003,0.6521,1.2324,0.4325
4.2669,0.0004,4.0571,1.2126,0.4293
0.8632,0.0003,0.8355,0.9192,0.4293
1.0492,0.0003,0.8075,1.3651,0.4263
4.4704,0.0008,4.1611,1.3219,0.6808
0.8326,0.0004,0.9730,1.3241,0.6808
1.5985,0.0003,0.6236,1.5355,0.4374
4.3039,0.0006,4.1637,1.3961,0.4376
0.6140,0.0004,0.7846,0.8820,0.4376
1.1517,0.0004,0.5814,1.2589,0.4297
4.2122,0.0005,3.9502,1.0213,0.4358
0.6809,0.0004,0.8685,0.9393,0.4358
0.9363,0.0004,0.6017,0.9463,0.4358
4.8421,0.0008,4.5302,1.6466,0.4499
0.7591,0.0006,1.0114,1.1893,0.4499
1.1628,0.0004,0.6558,1.2392,0.4349
4.3161,0.0006,4.0927,1.2093,0.4439
0.7099,0.0004,0.8740,0.9421,0.4439
1.1347,0.0004,0.6422,1.1535,0.4268
5.7476,0.0005,5.5172,1.2734,0.4669
0.7037,0.0004,1.0120,1.0954,0.4669
1.1736,0.0003,0.6185,1.0268,0.4669
4.2415,0.0006,4.0618,1.6275,0.4408
0.8823,0.0006,0.8123,0.8753,0.4408
0.9929,0.0005,0.9089,0.8943,0.4453
4.7362,0.0005,4.8797,1.6833,0.4209
0.6146,0.0003,0.7910,0.9066,0.4209
1.3160,0.0005,0.5912,1.0070,0.4209
5.2655,0.0008,4.9220,2.0950,0.4671
0.8294,0.0006,1.1556,1.2153,0.4671
1.2681,0.0007,0.7331,1.4278,0.4671
4.9153,0.0006,4.6241,1.6781,0.4698
1.1270,0.0004,1.0748,1.1979,0.4698
1.0815,0.0004,1.0163,1.5697,0.4404
5.0414,0.0009,4.6822,1.0911,0.4625
0.8264,0.0003,1.0769,1.3805,0.4625
1.3052,0.0006,0.7308,0.9958,0.4625
4.6732,0.0007,4.4296,1.7611,0.4491
0.7500,0.0005,0.9778,1.0233,0.4491
0.9860,0.0005,0.6826,1.1916,0.4491
4.6427,0.0012,4.3172,1.3415,0.4278
0.9141,0.0011,1.0177,1.1797,0.4278
1.4037,0.0007,0.8499,1.5276,0.4278
5.2300,0.0007,4.9669,1.5876,0.4452
0.8096,0.0006,1.0949,1.0794,0.4452
1.2316,0.0007,0.6929,1.4703,0.4452
5.9833,0.0010,5.6209,1.5285,0.4213
1.0534,0.0008,1.3227,1.7468,0.4213
1.6601,0.0009,0.9922,1.2093,0.4213
5.5432,0.0008,5.5379,2.3139,0.4519
1.0929,0.0009,1.1502,1.6738,0.4519
1.0785,0.0005,0.7661,0.9581,0.4519
5.0329,0.0012,4.6926,1.9246,0.4341
0.7762,0.0006,1.0855,1.1890,0.4341
1.4748,0.0006,0.6595,1.2562,0.4341
6.3407,0.0008,6.0215,2.2250,0.4477
0.8226,0.0008,1.2276,1.2182,0.4477
1.2393,0.0005,0.7237,1.5019,0.4560
5.9531,0.0011,5.6344,1.2851,0.4286
1.2200,0.0007,1.1948,1.8298,0.4286
1.4247,0.0009,0.6825,1.3260,0.4286
6.3941,0.0007,6.0475,2.0725,0.4498
0.8034,0.0006,1.0931,1.1336,0.4498
0.9896,0.0006,0.7354,0.8226,0.4341
5.9660,0.0007,5.8994,1.7526,0.4495
0.8213,0.0006,1.1471,1.1860,0.4495
1.4267,0.0005,0.6929,1.4076,0.4392
4.9259,0.0007,4.7685,1.6442,0.4673
0.9338,0.0005,1.1146,1.5219,0.4673
1.3175,0.0006,0.7267,1.1318,0.4447
5.4193,0.0009,5.2149,1.2989,0.4150
1.0107,0.0008,1.0862,1.2182,0.4150
0.8459,0.0003,0.9222,1.0641,0.4150
5.0559,0.0007,4.7064,1.3751,0.4305
0.7792,0.0005,1.0440,1.0845,0.4305
1.2496,0.0004,0.6893,1.4549,0.4384
4.7470,0.0010,4.4226,1.4893,0.4461
1.1791,0.0005,0.9827,1.5914,0.4461
1.3718,0.0003,0.7377,1.4138,0.4399
4.7782,0.0008,4.4868,1.4388,0.4416
0.9093,0.0009,1.0972,1.2272,0.4416
1.4067,0.0009,0.7994,1.5880,0.4698
4.9175,0.0011,4.6781,1.3154,0.4494
0.9747,0.0005,1.0505,1.0853,0.4494
0.9416,0.0005,0.9473,1.2287,0.4482
4.5865,0.0008,4.4578,1.1064,0.4397
0.7697,0.0004,0.9985,1.0941,0.4397
1.4926,0.0005,0.6579,1.6412,0.4432
5.2799,0.0011,4.6564,1.3552,0.4547
0.9447,0.0010,1.3771,1.2678,0.4547
1.1038,0.0007,0.8224,1.3305,0.4498
4.9072,0.0009,4.6785,1.7958,0.4582
0.8608,0.0004,1.0285,1.3844,0.4582
1.3973,0.0005,0.7413,0.9966,0.4582
5.3645,0.0008,4.9311,1.6870,0.4161
0.8377,0.0010,1.2497,1.1821,0.4161
0.9170,0.0007,0.7753,0.8348,0.4161
4.8248,0.0012,4.5781,2.3666,0.4433
0.9554,0.0010,1.0763,1.0992,0.4433
1.0447,0.0007,0.8442,1.3351,0.4350
4.7698,0.0009,4.6601,1.4773,0.4296
0.8384,0.0008,1.0053,1.2223,0.4296
1.2319,0.0006,0.7508,1.3085,0.4296
5.0188,0.0008,4.7386,1.2082,0.4399
0.7614,0.0005,1.0299,1.0956,0.4399
1.1022,0.0004,0.6381,1.0896,0.4399
4.5496,0.0006,4.2549,1.5766,0.4472
0.7308,0.0005,0.9563,1.0074,0.4472
1.1919,0.0005,0.6591,1.3632,0.4359
5.0725,0.0010,4.5457,1.0202,0.4562
0.8650,0.0006,1.2634,1.2495,0.4562
1.2620,0.0005,0.7191,1.5376,0.4562
4.6921,0.0007,4.4302,1.7261,0.4450
0.9704,0.0008,0.9500,0.9608,0.4450
0.7282,0.0006,0.9091,0.8279,0.4450
4.5121,0.0008,4.3075,2.0280,0.4495
0.8033,0.0005,0.9522,1.0923,0.4495
1.0530,0.0006,0.6966,1.0103,0.4495
4.8517,0.0009,4.6488,1.6155,0.4404
0.7411,0.0005,1.0150,1.0610,0.4404
1.0107,0.0007,0.6388,0.9567,0.4398
4.8312,0.0009,4.5613,1.8016,0.4465
0.8475,0.0005,1.1267,1.1964,0.4465
0.9534,0.0006,0.8138,0.9770,0.4351
5.9710,0.0009,5.8239,1.2764,0.8221
0.8144,0.0006,1.1480,1.2376,0.8221
1.0456,0.0006,0.7136,1.0019,0.8221
4.7659,0.0007,4.4827,2.0011,0.4404
0.8460,0.0008,1.0224,1.3383,0.4404
1.3006,0.0007,0.8144,0.9087,0.4484
5.7798,0.0010,5.8068,1.6369,0.4532
0.8029,0.0004,1.1291,1.2164,0.4532
1.1176,0.0004,0.7341,1.0532,0.4532
4.9588,0.0007,4.6633,2.1426,0.4368
0.7762,0.0005,1.0073,1.0229,0.4368
0.8768,0.0003,0.6974,1.0135,0.4368
4.8180,0.0009,4.5965,1.3440,0.4473
0.9120,0.0005,1.1125,1.4145,0.4473
1.5259,0.0006,0.9874,1.5065,0.4473
5.4242,0.0011,5.1779,1.9551,0.4319
1.1285,0.0007,1.2117,1.3338,0.4319
1.1721,0.0006,1.0105,1.4054,0.4359
5.3938,0.0010,5.0114,1.4076,0.4375
0.9042,0.0008,1.4570,1.5579,0.4375
1.4479,0.0005,0.7339,1.0068,0.4436
5.1728,0.0009,5.0263,2.2987,0.4624
1.1087,0.0004,1.0869,1.7040,0.4624
1.3192,0.0005,0.7068,1.0196,0.4624
5.7487,0.0009,5.5494,1.5673,0.4520
1.0117,0.0003,0.9767,1.5028,0.4520
1.3581,0.0006,0.6915,1.3470,0.4520
5.5731,0.0009,5.2045,1.1795,0.4587
0.7804,0.0006,1.0986,1.2590,0.4587
1.3242,0.0004,0.7111,1.0448,0.4587
4.7741,0.0009,4.4949,1.8551,0.4575
1.2105,0.0005,1.0409,1.7051,0.4575
1.7516,0.0004,0.7513,1.7063,0.4398
5.0712,0.0008,4.8389,1.4221,0.4403
1.2591,0.0006,1.0983,1.7734,0.4403
1.1331,0.0006,0.8696,0.9756,0.4403
5.9599,0.0008,5.7519,2.3646,0.4703
0.8199,0.0006,1.1008,1.1726,0.4703
0.9075,0.0006,0.7401,0.9913,0.4703
5.0872,0.0010,4.7473,1.7645,0.4492
1.2639,0.0008,1.1809,1.8788,0.4492
1.1627,0.0007,0.7621,1.1385,0.4492
5.9750,0.0009,5.6957,1.2792,0.4450
1.2131,0.0003,1.0345,1.7759,0.4450
1.0215,0.0004,0.7178,1.0116,0.4450
5.9915,0.0011,5.6064,1.2858,0.4434
0.7951,0.0004,1.1446,1.2695,0.4434
1.0964,0.0004,0.7089,1.1549,0.4434
4.9674,0.0009,4.5714,1.5139,0.4485
1.2178,0.0006,1.1173,1.7296,0.4485
1.5809,0.0005,0.7925,1.5442,0.4504
4.8791,0.0008,4.6718,1.4629,0.4367
1.0135,0.0009,1.0846,1.4336,0.4367
1.6395,0.0009,1.0172,1.6723,0.4367
5.5398,0.0011,4.8700,1.4491,0.4517
1.4215,0.0007,1.7337,1.3932,0.4517
0.9512,0.0004,1.2466,1.3805,0.4673
4.7774,0.0006,4.7080,1.4447,0.4494
1.3140,0.0003,0.9908,1.7126,0.4494
1.2032,0.0005,0.7660,1.1908,0.4494
5.0027,0.0008,4.6539,1.5774,0.4411
0.8332,0.0005,1.1255,1.2380,0.4411
0.9435,0.0003,0.6987,1.1022,0.4411
4.7589,0.0008,4.4514,1.3023,0.4600
0.8142,0.0005,1.0153,1.3008,0.4600
1.2185,0.0004,0.7299,1.2499,0.4674
5.4787,0.0010,5.0191,1.2536,0.4493
1.0708,0.0008,1.2683,1.2794,0.4493
0.9091,0.0170,0.9149,0.9090,0.4493
5.8631,0.0009,5.5873,2.2948,0.4481
0.8555,0.0009,1.2645,1.3157,0.4481
1.1158,0.0006,0.7539,1.0085,0.4481
5.2942,0.0009,4.7974,1.6820,0.4327
0.9504,0.0007,1.3270,1.5656,0.4327
1.4828,0.0007,0.8499,1.5660,0.4801
5.0094,0.0009,4.7002,1.2673,0.4510
1.3145,0.0005,1.0737,1.7733,0.4510
1.4843,0.0005,0.8010,1.5816,0.4522
5.7130,0.0008,5.2915,1.5768,0.4486
0.9143,0.0007,1.2021,1.4627,0.4486
1.7316,0.0005,0.8181,1.6933,0.4853
4.9359,0.0007,4.6497,1.3528,0.4415
1.2264,0.0006,1.0803,1.7582,0.4415
1.4994,0.0006,0.6900,1.5046,0.4415
5.5876,0.0009,5.2693,1.6994,0.4417
1.1226,0.0004,1.0290,1.6417,0.4417
1.4628,0.0004,0.7566,1.4812,0.4417
5.5380,0.0011,5.2260,1.8129,0.4552
0.9813,0.0005,1.0519,1.4819,0.4552
1.7044,0.0003,0.7735,1.7609,0.4597
4.8057,0.0006,4.4658,1.2520,0.4577
1.1946,0.0004,1.0473,1.6863,0.4577
1.6614,0.0009,0.7163,1.5607,0.7127
5.0550,0.0006,4.9404,1.4073,0.5044
1.3035,0.0006,1.0611,1.8384,0.5044
1.0330,0.0004,0.7296,1.0665,0.5044
5.4087,0.0009,5.1945,1.7995,0.4444
0.9973,0.0006,1.1136,1.1191,0.4444
1.1218,0.0012,0.8676,1.5156,0.4444
5.5085,0.0011,5.1463,1.6700,0.5004
1.1497,0.0007,1.1348,1.7384,0.5004
1.4121,0.0012,0.7313,1.0174,0.5004
4.7717,0.0010,4.6453,2.2671,0.4302
1.1504,0.0006,1.0675,1.6909,0.4302
1.2421,0.0006,0.6569,1.1883,0.4302
5.5943,0.0008,5.2064,1.8867,0.6998
1.4424,0.0004,1.1958,2.0364,0.6998
1.3253,0.0004,0.7256,1.3683,0.6998
5.0418,0.0009,4.6182,1.3538,0.4458
0.8901,0.0006,1.1937,1.1340,0.4458
1.2128,0.0005,0.7923,1.4047,0.4509
5.2222,0.0009,4.9648,1.3956,0.6714
0.8028,0.0005,1.1368,1.3618,0.6714
1.2612,0.0005,0.6881,1.2731,0.4639
4.5889,0.0007,4.3823,1.3491,0.4236
0.7502,0.0006,0.9597,1.0096,0.4236
1.1590,0.0004,0.6380,1.3670,0.4236
4.6624,0.0008,4.3490,1.4060,0.4464
1.1210,0.0008,1.0001,1.1386,0.4464
1.0796,0.0007,1.0603,1.5295,0.4464
4.8582,0.0005,4.8245,1.8797,0.4315
1.1503,0.0003,0.9753,1.6355,0.4315
1.4353,0.0006,0.7200,1.2569,0.4553
4.5586,0.0007,4.5296,1.8864,0.4329
1.1055,0.0006,0.9929,1.5010,0.4329
1.3626,0.0003,0.7507,1.4384,0.4329
4.7950,0.0008,4.4623,1.1341,0.7072
1.3626,0.0004,1.0438,1.8273,0.7072
1.1728,0.0005,0.7515,1.0687,0.7072
4.6658,0.0013,4.4330,1.8444,0.4464
0.8706,0.0008,1.0889,1.1709,0.4464
1.2209,0.0003,0.7334,1.0612,0.4464
6.2374,0.0009,5.9685,2.0536,0.4571
0.7634,0.0004,1.0960,1.1648,0.4571
1.1515,0.0004,0.6713,1.1943,0.4571
4.5265,0.0008,4.2072,1.9638,0.4594
0.9758,0.0006,0.9866,1.1239,0.4594
1.0079,0.0006,0.9154,1.3168,0.4594
5.8213,0.0013,5.2260,1.4391,0.4483
0.9627,0.0007,1.4203,1.1108,0.4483
1.0928,0.0003,0.8427,1.4806,0.4483
4.9863,0.0010,4.8933,1.2507,0.4630
0.9657,0.0008,1.0250,1.1229,0.4630
1.0463,0.0008,0.9118,1.0449,0.4630
5.5457,0.0010,5.2198,2.2485,0.4424
1.0717,0.0009,1.1569,1.2110,0.4424
0.6441,0.0004,0.9546,0.8812,0.4424
5.1393,0.0008,4.7846,1.6948,0.4846
0.7930,0.0006,1.0672,1.0644,0.4846
1.4215,0.0005,0.6645,1.5491,0.4392
4.6304,0.0007,4.4469,1.4187,0.4587
0.9353,0.0007,0.9584,1.0564,0.4587
0.7887,0.0005,0.8814,1.0249,0.4587
4.3602,0.0005,4.2148,1.4789,0.4598
0.9092,0.0006,0.9709,1.3865,0.4598
1.0714,0.0004,0.6194,0.8986,0.4598
5.3147,0.0004,5.0678,1.9563,0.4601
0.6915,0.0003,0.8601,0.9211,0.4601
0.9561,0.0005,0.6263,0.8037,0.4601
5.1788,0.0005,5.0377,1.5527,0.4724
0.6865,0.0003,0.8355,0.9009,0.4724
0.8546,0.0005,0.6141,0.8039,0.4724
6.0741,0.0006,5.7240,1.7273,0.4911
0.7369,0.0004,1.0164,1.1417,0.4911
1.2789,0.0004,0.6645,1.3163,0.4705
4.5601,0.0007,4.3593,1.0545,0.4378
0.8375,0.0007,0.9046,1.1584,0.4378
1.0155,0.0003,0.8518,0.8672,0.4378
4.3192,0.0006,4.0552,1.8523,0.4534
0.7119,0.0004,0.9117,1.0860,0.4534
1.0479,0.0004,0.6827,0.9349,0.4534
4.4520,0.0007,4.4422,1.9480,0.4573
0.9456,0.0006,0.8856,0.9654,0.4573
0.8961,0.0004,0.9644,1.2705,0.4484
4.1895,0.0005,4.0346,1.1421,0.4505
0.6797,0.0004,0.8288,0.8767,0.4505
1.1350,0.0004,0.6603,1.3132,0.4505
4.8234,0.0010,4.5211,1.5159,0.4748
0.7957,0.0006,1.0817,1.0848,0.4748
1.0508,0.0004,0.6787,1.2584,0.4748
5.2573,0.0005,5.1174,1.1155,0.4640
0.8562,0.0003,0.8081,0.9009,0.4640
0.7913,0.0004,0.8234,0.8527,0.4640
4.7603,0.0009,4.4227,1.9316,0.4620
0.8570,0.0007,1.0721,1.1017,0.4620
0.8726,0.0005,0.7411,0.8621,0.4633
4.4731,0.0007,4.3666,1.9183,0.4442
0.7209,0.0009,0.9152,0.9236,0.4442
0.9462,0.0004,0.6381,0.8621,0.4510
5.1243,0.0006,5.0189,1.2730,0.4560
0.6456,0.0004,0.8443,0.9877,0.4560
1.1004,0.0003,0.5933,0.9286,0.4560
4.9669,0.0008,4.6670,1.6327,0.4744
0.7951,0.0007,1.1508,1.1656,0.4744
1.0004,0.0003,0.6682,1.2601,0.4744
4.8558,0.0007,4.4717,1.3613,0.4467
0.7374,0.0005,1.0245,1.1564,0.4467
0.9155,0.0005,0.6648,0.8901,0.4663
4.4879,0.0007,4.4474,1.0190,0.4731
0.8064,0.0006,1.0632,1.0789,0.4731
1.1585,0.0005,0.7116,1.1966,0.4800
4.5511,0.0006,4.4554,1.3089,0.4695
0.8976,0.0005,0.8823,0.9770,0.4695
0.8374,0.0004,0.9498,0.8343,0.4695
4.9426,0.0004,4.9857,1.5449,0.4561
0.6047,0.0003,0.6943,0.8199,0.4561
1.0431,0.0005,0.5781,0.8607,0.4561
4.6647,0.0007,4.2624,1.6164,0.4680
1.0094,0.0005,1.0814,1.1437,0.4680
1.0178,0.0004,0.9382,0.9049,0.4491
5.1585,0.0007,5.3818,1.2097,0.4822
0.8634,0.0004,0.7990,0.9295,0.4822
0.7794,0.0004,0.7920,0.8011,0.4822
4.3640,0.0010,4.2938,1.4951,0.4684
0.9023,0.0011,0.9987,1.1042,0.4684
0.9466,0.0008,0.8077,1.0446,0.4684
4.6537,0.0006,4.4597,1.5049,0.4554
0.9163,0.0008,0.8904,0.9205,0.4554
0.8688,0.0005,0.8966,1.0439,0.4619
4.1775,0.0005,4.2081,1.3094,0.4519
0.6685,0.0003,0.8490,0.9285,0.4519
1.0757,0.0003,0.6106,0.8593,0.4519
5.3130,0.0006,5.0482,1.6100,0.4465
0.9609,0.0004,1.0190,1.0865,0.4465
0.8000,0.0006,0.9413,0.7686,0.4465
4.1113,0.0004,4.1401,1.3435,0.4531
0.7375,0.0004,0.7185,1.0579,0.4531
0.9107,0.0006,0.5809,0.8114,0.4531
3.9210,0.0004,3.7425,1.3884,0.4405
0.9326,0.0004,0.7746,1.3044,0.4405
1.2414,0.0005,0.6084,0.8978,0.4405
4.5527,0.0009,4.2637,2.3885,0.4693
0.7715,0.0007,1.0041,1.0085,0.4693
1.4176,0.0003,0.6748,1.6601,0.4611
4.2158,0.0004,4.0369,0.8526,0.4729
0.8041,0.0004,0.7777,0.8775,0.4729
0.8703,0.0003,0.7713,0.9268,0.4729
4.3547,0.0008,4.1222,1.4905,0.4635
0.8931,0.0005,1.0005,1.1130,0.4635
1.2611,0.0005,0.7207,0.9314,0.4635
4.7601,0.0006,4.7112,1.8022,0.4429
0.9490,0.0004,1.0156,1.0385,0.4429
1.1550,0.0159,0.8304,1.4967,0.4411
4.5035,0.0009,4.2555,1.3530,0.4608
0.7475,0.0008,0.9584,1.0048,0.4608
0.9888,0.0003,0.6879,0.8966,0.4608
4.6240,0.0007,4.4836,1.6922,1.0726
1.0023,0.0007,1.0040,1.0813,1.0726
1.0932,0.0011,0.9172,1.5061,0.4532
4.8406,0.0005,4.6976,1.0156,0.4477
0.6239,0.0005,0.7477,0.9118,0.4477
1.1290,0.0004,0.5836,0.8910,0.4605
4.9314,0.0005,4.8843,1.2994,0.4728
0.8194,0.0004,0.8269,1.0019,0.4728
1.3900,0.0005,0.8782,1.4815,0.4728
4.6648,0.0005,4.7324,1.3325,0.4752
0.6997,0.0004,0.8896,0.9663,0.4752
1.0845,0.0004,0.6462,1.1754,0.4651
4.5870,0.0006,4.3670,0.9311,0.4618
0.7251,0.0005,0.9289,1.0680,0.4618
0.9173,0.0004,0.6382,0.7633,0.4436
4.5078,0.0006,4.4565,1.3847,0.4530
0.6825,0.0004,0.9406,1.0080,0.4530
0.9220,0.0004,0.6232,0.9446,0.4530
5.7179,0.0007,5.3482,1.1915,0.4586
0.8029,0.0008,1.1107,1.1030,0.4586
0.5464,0.0004,0.6786,0.8366,0.4586
4.2868,0.0004,4.0565,1.1803,0.4875
0.7342,0.0005,0.8532,0.9152,0.4875
1.2347,0.0007,0.6603,1.2993,0.4875
5.0436,0.0011,4.7005,2.0939,0.4708
1.1543,0.0008,1.1723,1.1595,0.4708
0.9281,0.0004,1.0503,1.1018,0.4573
4.7150,0.0005,4.7051,1.4031,0.4405
0.7053,0.0004,0.9141,1.0126,0.4405
1.2263,0.0003,0.6423,0.9492,0.4405
5.3273,0.0009,4.9288,1.7484,0.6794
0.8269,0.0005,1.1326,1.1579,0.6794
1.2626,0.0005,0.7222,1.1044,0.6794
5.0068,0.0008,4.8337,2.7321,0.4234
1.0855,0.0007,1.0977,1.0432,0.4234
1.0428,0.0005,1.0202,1.2151,0.4264
6.0322,0.0010,5.7897,1.0038,0.4571
0.8595,0.0007,1.3248,1.2411,0.4571
0.9051,0.0004,0.7310,0.9129,0.4571
5.9994,0.0008,5.8099,2.1343,0.4368
1.1562,0.0005,1.1100,1.6850,0.4368
1.3420,0.0007,0.8478,1.2827,0.4368
5.2588,0.0012,5.1166,1.8523,0.4473
0.9032,0.0008,1.2049,1.5454,0.4473
1.3715,0.0009,0.7701,1.3507,0.4473
6.0790,0.0010,5.5854,1.2057,0.4471
1.2255,0.0007,1.3241,1.1578,0.4471
0.7198,0.0005,1.1062,0.9247,0.4389
5.4122,0.0008,5.1656,1.1176,0.4433
0.8255,0.0006,1.0421,1.2726,0.4433
1.0343,0.0006,0.7829,0.9125,0.4433
5.1394,0.0008,5.0176,2.0085,0.4372
0.7853,0.0007,1.1053,1.0847,0.4372
1.2456,0.0008,0.6715,1.4900,0.4437
4.8037,0.0010,4.4952,1.5345,0.4409
0.7601,0.0007,0.9851,1.0052,0.4409
1.1983,0.0004,0.6662,0.9950,0.4409
6.1846,0.0011,5.8072,1.8787,0.4710
1.1575,0.0007,1.2423,1.3267,0.4710
0.8615,0.0006,1.0548,1.0558,0.4710
4.9708,0.0009,4.8012,2.0691,0.4424
1.0230,0.0007,1.0720,1.0664,0.4424
0.6385,0.0006,0.9443,0.8730,0.4424
5.6199,0.0011,5.1464,1.7222,0.4315
0.8667,0.0006,1.2007,1.2695,0.4315
1.1545,0.0005,0.7268,1.3843,0.4491
4.6747,0.0006,4.4503,1.2471,0.4623
0.7574,0.0006,0.9377,1.0841,0.4623
0.9390,0.0005,0.7390,0.9030,0.4623
4.4426,0.0005,4.3584,1.4145,0.4591
1.1707,0.0007,0.8826,0.9542,0.4591
1.6902,0.0010,1.2780,0.9840,0.5020
4.8401,0.0006,5.4564,1.8138,0.4964
0.7215,0.0005,0.9718,1.2035,0.4964
1.3242,0.0006,0.6383,0.8889,0.4412
5.5929,0.0010,5.3204,1.5339,0.4521
0.9170,0.0007,1.1342,1.1224,0.4521
1.1891,0.0004,0.8261,1.3984,0.4481
5.5632,0.0009,5.1860,1.5766,0.4566
0.8390,0.0007,1.1399,1.1524,0.4566
1.1673,0.0005,0.7156,1.4489,0.4566
4.7193,0.0010,4.3911,1.7061,0.4501
0.7681,0.0005,0.9984,1.0216,0.4501
1.3174,0.0008,0.6922,1.5265,0.4315
6.1872,0.0010,5.7505,1.2566,0.4582
1.2206,0.0005,1.1094,1.8340,0.4582
1.2514,0.0005,0.7318,0.9470,0.4582
4.6522,0.0006,4.4746,1.7245,0.4290
0.7140,0.0004,0.9450,1.0774,0.4290
1.1237,0.0003,0.6244,1.1843,0.4290
5.2251,0.0010,4.3359,1.8580,0.4369
0.9999,0.0008,1.6250,1.5844,0.4369
0.8946,0.0004,0.8829,1.3304,0.4369
5.4832,0.0007,5.1511,1.9178,0.4412
1.0372,0.0005,1.1141,1.6061,0.4412
1.5057,0.0005,0.6961,1.5363,0.4456
5.6547,0.0007,5.2900,1.0648,0.4193
1.2745,0.0008,1.1832,1.8294,0.4193
1.1839,0.0007,0.7970,1.1137,0.4193
5.0464,0.0008,4.7743,1.6736,0.4293
1.0185,0.0003,1.0374,1.5797,0.4293
1.5278,0.0003,0.6767,1.4710,0.4319
4.8918,0.0008,4.5676,1.1514,0.4348
1.2240,0.0009,1.1063,1.5649,0.4348
1.3291,0.0005,0.8976,1.4964,0.4348
5.9871,0.0007,5.7341,1.4516,0.4646
0.8901,0.0007,1.0490,1.4258,0.4646
1.5905,0.0005,0.6746,1.4943,0.4646
5.7048,0.0009,5.4304,1.4956,0.4312
1.1303,0.0009,1.0984,1.3094,0.4312
1.1095,0.0005,1.1192,1.4246,0.4312
4.9487,0.0009,4.7692,1.4272,0.4421
1.1286,0.0004,1.0643,1.5765,0.4421
1.3600,0.0005,0.8374,1.4443,0.4357
6.1263,0.0009,5.7851,1.8500,0.4442
1.2610,0.0004,1.0698,1.6434,0.4442
1.2672,0.0008,0.8613,1.3432,0.4442
5.0010,0.0007,5.1176,0.8861,0.4417
0.8068,0.0004,1.0482,1.3442,0.4417
1.4806,0.0004,0.7053,1.4965,0.4473
5.5916,0.0008,5.3329,1.2086,0.4367
1.0580,0.0005,1.0451,1.1136,0.4367
1.0103,0.0005,0.9995,1.1504,0.4501
5.0402,0.0009,4.9919,1.4062,0.6818
0.7923,0.0006,1.0892,1.1245,0.6818
1.0298,0.0004,0.6957,0.9578,0.4440
5.9143,0.0008,5.9222,1.3807,0.4737
0.8805,0.0004,1.0358,1.2918,0.4737
1.2670,0.0004,0.7858,1.0268,0.4737
6.2884,0.0009,5.8475,1.4472,0.4478
0.8138,0.0008,1.2870,1.2358,0.4478
0.9206,0.0003,0.6815,1.0985,0.4478
4.7370,0.0008,4.4269,1.4124,0.4453
0.7985,0.0007,0.9862,1.2921,0.4453
1.1122,0.0004,0.6810,1.1109,0.4453
4.7443,0.0008,4.5658,1.2100,0.4204
1.1357,0.0005,0.9902,1.6106,0.4204
1.2621,0.0007,0.7808,1.2158,0.4204
4.9541,0.0007,4.6522,1.6916,0.4337
0.8346,0.0005,1.1284,1.0803,0.4337
0.9117,0.0005,0.7089,1.1938,0.4337
4.7653,0.0007,4.3794,1.6927,0.4384
1.2431,0.0005,1.0410,1.6894,0.4384
1.4407,0.0004,0.7784,1.5068,0.4497
6.4804,0.0009,6.0510,1.6898,0.4621
1.2712,0.0007,1.2242,1.8212,0.4621
1.5851,0.0007,0.8323,1.6055,0.4525
4.9556,0.0008,4.6941,1.2510,0.4545
1.1627,0.0010,1.0651,1.6840,0.4545
1.6452,0.0006,0.7061,1.6239,0.4458
5.6595,0.0008,5.4027,1.2163,0.4540
1.2841,0.0004,1.0944,1.8578,0.4540
1.2429,0.0004,0.6875,1.2602,0.4540
4.7610,0.0008,4.4469,1.9410,0.4406
0.7460,0.0005,1.0204,1.2918,0.4406
1.5702,0.0004,0.6299,1.5460,0.4427
5.0912,0.0008,4.6652,1.2925,1.0693
1.4009,0.0007,1.1622,1.9576,1.0693
1.1190,0.0006,0.7574,0.8946,1.0693
4.7599,0.0007,4.5227,2.1743,0.4330
1.1505,0.0006,1.0311,1.6299,0.4330
1.5710,0.0005,0.7490,1.5784,0.4238
4.8690,0.0007,4.6688,0.9450,0.4258
1.0169,0.0003,1.0702,1.5651,0.4258
1.4819,0.0006,0.9326,1.2175,0.4258
4.8721,0.0007,4.7968,1.6329,0.4257
1.2822,0.0006,0.9893,1.6076,0.4257
1.4497,0.0005,0.8053,1.5295,0.4616
5.4560,0.0008,5.2873,1.4578,0.4220
1.1758,0.0009,1.1580,1.6763,0.4220
1.7382,0.0005,0.8823,1.4078,0.4220
5.9293,0.0008,5.7680,2.3073,0.4309
0.7890,0.0005,1.0625,1.1721,0.4309
1.0248,0.0006,0.7175,1.1462,0.4309
6.4308,0.0010,5.6267,1.6191,0.4562
0.9740,0.0007,1.6301,1.7903,0.4562
1.4964,0.0005,0.8190,1.6766,0.4561
24.1409,0.0009,23.1038,0.8089,0.4430
1.0598,0.0005,1.4808,1.7643,0.4430
2.0426,0.0006,1.2169,1.8891,0.4592
5.3381,0.0009,5.3034,1.7034,0.4493
0.9825,0.0008,1.2649,1.2575,0.4493
1.3741,0.0004,0.8313,1.6839,0.4568
4.9345,0.0009,4.5911,1.2617,0.4291
1.1449,0.0003,1.1356,1.7095,0.4291
1.7153,0.0004,0.8513,1.6830,0.4430
5.1581,0.0008,4.7848,1.1827,0.4476
1.2066,0.0003,1.2302,1.7391,0.4476
1.6361,0.0003,0.8715,1.6920,0.4494
4.9309,0.0010,4.6458,1.5107,0.4324
1.1614,0.0010,1.1588,1.6519,0.4324
1.3363,0.0009,0.7832,0.9994,0.4385
5.2104,0.0009,4.8595,2.2123,0.4449
1.2886,0.0009,1.2897,1.8357,0.4449
1.7771,0.0014,0.9492,1.7995,0.4467
5.0648,0.0008,4.8073,1.6927,0.4469
1.2010,0.0007,1.1887,1.7616,0.4469
1.3634,0.0006,0.7535,1.4311,0.4469
4.8505,0.0006,4.4637,1.4011,0.4323
1.2157,0.0006,1.1000,1.6524,0.4323
1.3707,0.0010,0.8776,1.4577,0.4506
5.3200,0.0008,4.9968,1.5206,0.4438
1.2769,0.0006,1.1987,1.7705,0.4438
1.0588,0.0004,0.9344,1.0364,0.4438
5.0774,0.0007,4.8870,1.5426,0.4411
1.0195,0.0003,1.1454,1.6225,0.4411
1.8205,0.0005,0.6712,1.7423,0.4411
5.0078,0.0007,4.7097,1.2106,0.4340
0.9383,0.0003,1.0952,1.6327,0.4340
1.7237,0.0004,0.7492,1.7193,0.4340
4.8096,0.0008,4.5553,1.5814,0.4442
1.3608,0.0006,1.0252,1.7987,0.4442
1.1069,0.0004,0.7538,0.9652,0.4442
4.9923,0.0012,4.6729,1.5753,0.4733
0.8143,0.0007,1.0649,1.1201,0.4733
0.9507,0.0003,0.7343,1.0449,0.4733
4.7290,0.0008,4.5288,1.5593,0.4363
0.7772,0.0006,1.0310,1.1250,0.4363
1.4732,0.0005,0.7764,1.6049,0.4363
4.6999,0.0007,4.4203,2.0534,0.4439
1.0649,0.0007,1.0933,1.0856,0.4439
0.7747,0.0004,0.9721,0.9963,0.4439
5.9235,0.0008,5.5969,1.6326,0.4120
0.8278,0.0006,1.1116,1.1704,0.4120
1.5188,0.0012,0.6805,1.6933,0.4264
5.2860,0.0007,5.1351,1.0214,0.4414
1.3119,0.0007,1.0287,1.7582,0.4414
1.3776,0.0009,0.8485,1.4115,0.4414
4.8094,0.0007,4.6234,2.0978,0.4306
1.1762,0.0005,0.9654,1.6144,0.4306
1.1613,0.0004,1.2129,1.0092,0.4306
4.7823,0.0009,4.6493,2.0969,0.4476
0.7812,0.0004,0.9870,0.9978,0.4476
1.0744,0.0005,0.6612,1.3148,0.4476
4.9568,0.0008,4.5690,1.3881,0.4822
0.8935,0.0008,1.1598,1.4229,0.4822
1.3013,0.0009,0.7228,1.0949,0.4822
4.5973,0.0007,4.4570,2.0451,0.4212
0.8515,0.0004,0.9300,1.3274,0.4212
1.4187,0.0004,0.6139,1.3934,0.4336
4.5964,0.0007,4.1594,1.3337,0.4347
0.9261,0.0004,1.2111,1.0821,0.4347
0.8650,0.0005,0.7710,1.0028,0.4347
5.1693,0.0006,4.8450,1.6885,0.4694
0.7952,0.0004,1.0483,1.0716,0.4694
1.1891,0.0008,0.7184,1.4267,0.4373
4.7898,0.0007,4.4728,1.2221,0.4368
0.7646,0.0006,1.0054,1.0879,0.4368
1.0951,0.0006,0.6701,1.0793,0.4368
6.5509,0.0008,6.0651,1.9968,0.4308
0.8152,0.0008,1.2212,1.2385,0.4308
1.1168,0.0005,0.7255,1.3490,0.4308
4.6932,0.0005,4.8428,1.3878,0.4248
0.7171,0.0004,0.9140,1.0229,0.4248
1.0672,0.0004,0.6839,0.8316,0.4248
4.8124,0.0008,4.5347,1.8338,0.4714
1.2567,0.0357,1.0266,1.7338,0.4714
1.0826,0.0003,0.7250,1.0215,0.4714
4.4266,0.0007,4.2851,1.0884,0.4651
0.8784,0.0006,0.8732,0.9473,0.4651
0.7695,0.0005,0.8219,1.0107,0.4651
5.3156,0.0009,5.2493,1.2920,0.4345
1.2376,0.0006,0.9973,1.3555,0.4345
1.0352,0.0004,1.0768,1.0576,0.4702
5.3571,0.0004,5.4673,1.4819,0.4281
0.7201,0.0003,0.8954,0.9617,0.4281
1.1621,0.0003,0.6467,0.8060,0.4281
4.8638,0.0004,4.6891,1.8349,0.4455
0.6328,0.0003,0.8022,0.8872,0.4455
1.4886,0.0004,0.6662,1.5813,0.4397
5.5965,0.0012,5.1229,1.6587,0.5078
1.2371,0.0005,1.1917,1.9077,0.5078
1.3553,0.0005,0.6625,1.2670,0.4423
4.4568,0.0005,4.3631,1.3639,0.4470
0.6515,0.0004,0.8394,0.9936,0.4470
1.1010,0.0004,0.5951,0.9040,0.4470
4.4796,0.0009,4.1761,2.1326,0.4390
0.8125,0.0003,0.9216,1.2495,0.4390
1.5793,0.0004,0.6533,1.5689,0.4570
4.2753,0.0004,4.1703,1.0507,0.4577
0.9195,0.0004,0.8134,0.9325,0.4577
0.8496,0.0004,0.9245,0.8929,0.4577
4.8039,0.0006,4.6587,1.6749,0.4376
0.6680,0.0008,0.8495,1.0131,0.4376
1.2785,0.0006,0.6089,1.2881,0.4376
5.1799,0.0007,4.8420,1.4883,0.4224
1.3140,0.0005,1.1288,1.7641,0.4224
1.0982,0.0005,0.8492,1.2018,0.4224
5.3820,0.0008,4.6279,1.8039,0.4442
0.8974,0.0007,1.5428,1.2895,0.4442
1.1660,0.0008,0.7701,1.5217,0.6783
5.0681,0.0009,4.7209,1.2564,0.4616
0.7982,0.0011,1.0706,1.3251,0.4616
1.3749,0.0004,0.6778,1.4357,0.4536
4.9847,0.0005,4.7283,1.6005,0.4150
0.7225,0.0004,0.8886,1.1640,0.4150
1.2731,0.0005,0.6419,1.1028,0.4150
4.7687,0.0012,4.5362,1.7671,0.4356
1.1207,0.0008,1.1134,1.6490,0.4356
1.2414,0.0006,0.8378,1.0515,0.4356
5.7945,0.0008,5.6208,1.5816,0.4535
0.8638,0.0007,1.1203,1.1741,0.4535
1.1024,0.0005,0.7803,1.3311,0.4535
5.4272,0.0008,5.0108,1.7650,0.4473
1.1689,0.0007,1.4091,1.5788,0.4473
1.6050,0.0007,1.2994,1.2979,0.4592
5.0811,0.0008,5.3487,1.9392,0.4480
1.1641,0.0007,1.0423,1.7096,0.4480
1.3907,0.0009,0.7221,0.9040,0.4480
5.4029,0.0009,5.1194,2.0224,0.4429
1.1326,0.0010,1.2345,1.6615,0.4429
1.5161,0.0008,1.0759,1.2166,0.4429
5.2206,0.0008,5.0134,2.1203,0.4372
1.0023,0.0006,1.1433,1.5564,0.4372
1.2167,0.0006,0.7415,0.9057,0.4372
5.9746,0.0008,5.6703,1.7407,0.4485
0.7557,0.0005,1.0680,1.0925,0.4485
1.1726,0.0003,0.6939,1.3743,0.4485
6.0374,0.0005,5.7349,1.0738,0.4755
0.8967,0.0005,1.0588,1.3993,0.4755
1.3315,0.0004,0.7408,1.0546,0.4755
5.5765,0.0014,5.3028,1.5562,0.4242
0.8414,0.0009,1.2094,1.1937,0.4242
1.0892,0.0009,0.7288,1.3555,0.4242
5.0361,0.0009,4.8891,1.2746,0.4245
1.0362,0.0009,1.0983,1.1648,0.4245
0.9773,0.0006,1.0427,1.0207,0.4453
6.3120,0.0010,5.7423,1.2757,0.4165
0.8531,0.0007,1.5728,1.2594,0.4165
0.7014,0.0006,0.7375,0.9183,0.4165
4.9584,0.0008,4.6041,1.5141,1.1556
0.8009,0.0007,1.0893,1.1200,1.1556
1.0559,0.0005,0.7008,1.0948,1.1556
4.7634,0.0005,4.4770,1.7072,0.4179
0.7089,0.0004,0.9503,1.1725,0.4179
1.1137,0.0007,0.6394,0.8553,0.4179
4.4342,0.0006,4.2135,1.9310,0.4376
1.2063,0.0005,1.0411,0.9177,0.4376
1.3317,0.0004,1.0761,1.3115,0.6788
4.8509,0.0006,5.1148,1.7458,0.4431
0.8879,0.0004,1.0443,1.4092,0.4431
1.5842,0.0004,0.6696,1.5849,0.4455
4.6440,0.0010,4.3714,0.9698,0.4569
1.0146,0.0007,0.9623,1.0458,0.4569
1.1721,0.0005,0.9537,1.0901,0.4569
6.4141,0.0010,6.1862,1.8849,0.4492
1.0227,0.0007,1.1968,1.4671,0.4492
1.6179,0.0006,0.9088,1.6440,0.4574
4.8851,0.0008,4.9370,1.1568,0.4540
0.8154,0.0005,1.0495,1.1632,0.4540
1.3501,0.0005,0.7080,1.5206,0.4540
5.0023,0.0008,4.6196,1.3920,0.4675
1.1180,0.0007,1.1469,1.3490,0.4675
1.0802,0.0007,1.0223,0.9465,0.4675
5.4409,0.0010,5.3359,1.7915,0.4507
0.8050,0.0007,1.0770,1.1947,0.4507
1.1276,0.0005,0.7200,1.2768,0.4507
4.9556,0.0007,4.6343,1.4776,0.4328
0.7601,0.0006,1.0557,1.1551,0.4328
1.5047,0.0009,0.6885,1.5155,0.4640
5.5552,0.0008,5.3301,1.0924,0.4685
0.7594,0.0004,1.0325,1.0558,0.4685
1.1477,0.0004,0.7045,0.9845,0.4685
4.5984,0.0010,4.4396,1.5814,0.4299
0.8151,0.0006,0.9595,1.2447,0.4299
1.4344,0.0009,0.7444,1.3828,0.4299
5.1660,0.0007,4.9566,1.9585,0.4573
0.7564,0.0005,1.0393,1.0691,0.4573
1.0125,0.0005,0.6485,1.2108,0.4323
4.4152,0.0006,4.1768,1.0728,0.4347
0.9216,0.0005,0.9189,1.2726,0.4347
1.1556,0.0004,0.7837,0.9020,0.4327
4.8896,0.0010,4.6621,1.3589,0.6771
0.8243,0.0009,1.1288,1.2720,0.6771
1.0127,0.0004,0.6887,0.9627,0.6771
4.7453,0.0008,4.4416,1.7930,0.4601
0.8268,0.0006,0.9798,1.3054,0.4601
1.2257,0.0005,0.6610,1.0336,0.4601
5.8747,0.0012,5.5893,1.9462,0.4338
0.9917,0.0009,1.1457,1.5848,0.4338
1.3511,0.0007,0.8049,1.3494,0.4600
4.7238,0.0008,4.5657,1.7105,0.4373
0.7749,0.0009,0.9637,1.0269,0.4373
0.8627,0.0004,0.6955,0.8186,0.4373
4.5994,0.0008,4.3004,1.6569,0.4357
0.7709,0.0008,0.9751,1.0062,0.4357
1.3339,0.0005,0.6737,0.9520,0.4357
5.4832,0.0008,5.5084,2.3854,0.4922
0.7698,0.0008,1.0960,1.1942,0.4922
0.8031,0.0003,0.6839,0.8301,0.4922
4.5840,0.0007,4.4268,2.0738,0.4646
0.7521,0.0007,0.9674,1.1161,0.4646
1.1414,0.0005,0.6933,1.0852,0.4646
4.9184,0.0008,4.4852,1.5545,0.4292
1.1260,0.0006,1.1428,1.6761,0.4292
1.4619,0.0013,0.7538,1.4530,0.4292
5.0970,0.0008,4.7984,1.5071,0.4351
0.7683,0.0004,1.0490,1.0523,0.4351
0.9629,0.0003,0.6485,0.9409,0.4351
4.7443,0.0007,4.5260,1.6636,0.4422
0.7506,0.0005,0.9651,1.0633,0.4422
1.1495,0.0003,0.7099,1.3119,0.4422
4.7911,0.0006,4.5120,1.7662,0.4647
0.9777,0.0003,0.9704,1.4962,0.4647
1.1175,0.0004,0.7206,1.1141,0.4647
4.6669,0.0008,4.4458,1.4488,0.4349
1.1242,0.0003,0.9498,1.6473,0.4349
1.1961,0.0006,0.6964,0.8720,0.4349
5.1654,0.0011,4.7778,1.9978,0.4521
0.8733,0.0004,1.1670,1.2536,0.4521
1.5759,0.0005,0.7378,1.7877,0.4521
4.6138,0.0007,4.3719,1.4922,0.4222
1.4362,0.0008,0.9033,1.7242,0.4222
1.1854,0.0007,0.8821,1.2334,0.4222
4.9728,0.0008,5.0327,1.4179,0.4396
1.2306,0.0007,1.1381,1.4677,0.4396
1.0725,0.0007,1.1003,1.4202,0.4542
4.8165,0.0005,4.5740,1.9692,0.4189
1.2190,0.0005,1.0118,1.6426,0.4189
1.4391,0.0004,0.7675,1.5018,0.4346
5.0302,0.0010,4.6163,1.2605,0.4411
1.2001,0.0009,1.1718,1.8230,0.4411
1.3324,0.0007,0.8270,1.3451,0.4411
5.0110,0.0008,4.7889,1.3748,0.4220
1.2199,0.0006,1.0608,1.6656,0.4220
1.1915,0.0005,0.8519,1.3043,0.4220
5.0761,0.0011,4.7922,1.2220,0.4524
1.3824,0.0007,1.1494,1.9162,0.4524
1.1420,0.0006,0.7869,1.2510,0.4524
5.3204,0.0010,4.8922,1.1608,0.4452
1.1619,0.0006,1.2014,1.7994,0.4452
1.4621,0.0006,0.8452,1.0423,0.4405
6.0630,0.0008,5.9361,1.9508,0.4508
1.4821,0.0007,1.1425,1.9689,0.4508
1.0919,0.0007,0.8699,1.0453,0.4512
6.3025,0.0011,6.0899,2.1126,0.4783
1.2658,0.0009,1.1601,1.8626,0.4783
1.2406,0.0010,0.8056,0.9317,0.4783
6.0716,0.0009,5.8776,1.6202,0.4495
1.2050,0.0005,1.1117,1.8029,0.4495
1.4018,0.0005,0.7605,1.3755,0.4544
5.1279,0.0008,4.8463,1.5918,0.4946
0.8780,0.0005,1.1254,1.3794,0.4946
1.3186,0.0006,0.7874,1.3121,0.4457
5.0052,0.0008,4.7414,1.9006,0.4292
1.3182,0.0004,1.1374,1.7555,0.4292
1.5474,0.0011,0.8721,1.3485,0.4247
5.5707,0.0008,5.5925,1.2911,0.4791
0.8210,0.0004,1.1900,1.3091,0.4791
1.1896,0.0005,0.7293,1.3230,0.4791
4.8983,0.0007,4.6435,1.1544,0.4466
0.7803,0.0005,1.0363,1.3045,0.4466
1.5121,0.0005,0.6599,1.3594,0.4513
5.6969,0.0006,5.3725,1.5227,0.4429
1.1628,0.0007,1.2127,1.3648,0.4429
0.8834,0.0006,1.0249,1.1057,0.4429
5.9897,0.0009,5.7022,2.2049,0.4407
1.0805,0.0006,1.2227,1.7614,0.4407
1.6391,0.0005,0.8309,1.6743,0.4348
5.6296,0.0009,4.9911,1.1093,0.4443
0.8568,0.0007,1.4943,1.7534,0.4443
1.7810,0.0008,0.7426,1.6775,0.4549
4.9312,0.0009,4.7313,1.1758,0.4278
0.9870,0.0004,1.0620,1.4318,0.4278
1.0965,0.0007,0.8065,1.1705,0.4278
4.8972,0.0010,4.4765,1.3173,0.4387
1.1297,0.0008,1.2303,1.6973,0.4387
1.2739,0.0005,0.8378,0.9062,0.4387
4.9604,0.0007,4.7017,2.1956,0.4274
1.1172,0.0005,1.0842,1.5397,0.4274
1.1958,0.0004,0.7761,1.2332,0.4274
4.7432,0.0008,4.4482,1.7051,0.4353
0.8598,0.0008,1.0127,1.3650,0.4353
1.5510,0.0009,0.7065,1.4567,0.4626
5.1752,0.0010,4.9493,1.3093,0.4517
1.0161,0.0006,1.1244,1.2037,0.4517
1.0072,0.0003,0.9184,1.3976,0.4517
4.8380,0.0008,4.5071,1.5737,0.4354
1.1142,0.0005,1.0523,1.6590,0.4354
1.2588,0.0005,0.7594,1.2519,0.4354
6.4920,0.0008,6.1658,1.6614,0.4551
1.2427,0.0004,1.1310,1.8215,0.4551
1.5745,0.0005,0.7429,1.5954,0.4309
5.0865,0.0007,4.9981,1.3697,0.4406
0.8590,0.0005,0.9199,1.1772,0.4406
1.2833,0.0006,0.7740,0.9999,0.4406
5.3957,0.0009,4.9954,1.9835,0.4493
0.9431,0.0004,1.1758,1.5020,0.4493
0.8406,0.0005,0.7853,0.9330,0.4493
5.4526,0.0005,5.2550,1.2317,0.4572
0.7617,0.0005,0.9236,0.9725,0.4572
0.9262,0.0003,0.6883,1.0390,0.4572
4.5824,0.0009,4.2807,1.2413,0.4589
0.7985,0.0004,1.0337,1.0998,0.4589
0.9250,0.0005,0.6860,0.9501,0.4589
4.5939,0.0007,4.3324,1.7460,0.4419
0.6681,0.0003,0.8982,1.0167,0.4419
0.8920,0.0004,0.6425,0.8606,0.4419
4.5894,0.0005,4.3431,1.4754,0.4489
0.7999,0.0005,0.9342,0.9698,0.4489
0.7015,0.0004,0.7160,0.8739,0.4489
5.0621,0.0007,4.6857,2.5704,0.4477
0.9958,0.0004,1.0730,1.5858,0.4477
1.1307,0.0003,0.6744,0.9671,0.4477
4.6133,0.0007,4.3931,1.6559,0.4299
0.7844,0.0006,0.9412,0.9794,0.4299
0.9035,0.0003,0.6711,1.0236,0.4299
4.9475,0.0008,4.5189,1.4791,0.4384
1.2405,0.0005,1.2365,1.3204,0.4384
1.3367,0.0005,1.2306,1.4627,0.7107
4.6014,0.0004,4.9617,1.2425,0.4232
0.6641,0.0003,0.8362,0.9608,0.4232
1.2288,0.0005,0.6128,0.9740,0.4232
4.6028,0.0009,4.4581,1.6588,0.4202
0.7814,0.0006,0.9958,1.1048,0.4202
1.2244,0.0004,0.6952,1.3886,0.4202
5.1121,0.0007,4.7225,1.8255,0.4523
0.7324,0.0004,1.0856,1.1770,0.4523
0.8944,0.0004,0.6956,0.9059,0.4523
5.7885,0.0008,5.4243,1.4113,0.4405
0.9274,0.0010,1.2899,1.2197,0.4405
0.9781,0.0006,0.8083,1.0049,0.4405
6.5225,0.0011,6.0638,2.4820,0.4415
0.8021,0.0008,1.2055,1.1508,0.4415
1.0182,0.0005,0.7058,1.3074,0.4407
4.5388,0.0008,4.2786,1.5353,0.4366
0.9540,0.0006,0.9335,0.9915,0.4366
0.6259,0.0004,0.8549,0.8319,0.4366
4.3193,0.0005,4.1614,1.3522,0.4467
0.6244,0.0003,0.7911,0.9100,0.4467
1.6573,0.0006,0.5854,1.6661,0.6707
4.7299,0.0009,4.5136,1.6395,0.4432
0.6585,0.0003,0.8916,0.9128,0.4432
1.3558,0.0003,0.6114,1.5479,0.4469
4.2174,0.0007,4.0133,0.9483,0.4409
1.1474,0.0003,0.8656,1.5543,0.4409
1.7907,0.0004,0.6066,1.6482,0.4520
5.2933,0.0009,5.1201,1.0611,0.6498
0.9100,0.0006,0.9334,1.0578,0.6498
0.8367,0.0005,0.8360,1.1479,0.6498
4.2395,0.0006,4.2093,1.0738,0.4366
0.8500,0.0194,0.8763,1.2618,0.4366
1.0232,0.0004,0.7414,0.8634,0.4366
4.3872,0.0006,4.1640,1.5194,0.4416
0.6632,0.0004,0.8420,1.0048,0.4416
1.2224,0.0004,0.6402,1.1342,0.4416
5.7186,0.0006,5.5586,1.6505,0.4672
0.6670,0.0004,0.9083,0.9227,0.4672
0.8355,0.0004,0.6067,0.9816,0.4672
5.6245,0.0008,5.2959,1.4852,0.4621
0.7408,0.0005,0.9983,1.0297,0.4621
0.9525,0.0004,0.6401,1.0673,0.4621
4.6216,0.0005,4.2996,1.4534,0.4888
0.7416,0.0004,0.9760,1.0057,0.4888
1.0817,0.0004,0.6489,1.3154,0.4888
4.1515,0.0004,4.0170,1.1752,0.4399
0.5821,0.0003,0.7151,0.8633,0.4399
0.8608,0.0003,0.5534,0.8120,0.4399
3.9286,0.0004,3.7618,1.4783,0.4541
0.6383,0.0004,0.7756,0.9945,0.4541
1.5696,0.0004,0.5732,1.3654,0.4361
4.7277,0.0007,4.5565,1.4839,0.4783
0.7553,0.0005,1.0000,1.0329,0.4783
0.9844,0.0003,0.6901,1.0174,0.4783
4.3750,0.0007,4.1916,1.7958,0.4243
0.6942,0.0006,0.8208,0.8797,0.4243
1.0034,0.0005,0.6282,0.9721,0.4243
5.5551,0.0007,5.3366,1.4267,0.4547
0.9259,0.0005,0.9548,1.0147,0.4547
0.7506,0.0003,0.8258,1.1040,0.4547
4.2544,0.0006,4.2025,1.1731,0.4398
0.6942,0.0005,0.8526,0.9337,0.4398
0.9077,0.0003,0.6217,0.9276,0.4398
4.2477,0.0005,4.0695,1.5142,0.4344
0.6421,0.0003,0.7886,0.9022,0.4344
0.9853,0.0004,0.5899,0.8624,0.4344
4.6041,0.0008,4.2342,1.5360,0.4535
0.9623,0.0006,1.0247,1.1345,0.4535
0.8932,0.0005,0.8732,1.0657,0.4535
4.1755,0.0006,4.0806,1.3934,0.4440
0.6005,0.0005,0.7299,0.8340,0.4440
0.9611,0.0004,0.6274,0.8583,0.4440
4.3561,0.0011,4.0252,1.9006,0.4274
1.0008,0.0006,1.0098,1.5152,0.4274
1.4838,0.0007,0.6817,1.4441,0.4274
4.7673,0.0008,4.5854,1.5486,0.4443
0.7124,0.0004,0.9525,1.0893,0.4443
1.0322,0.0004,0.6314,1.1524,0.4443
4.7442,0.0005,4.5204,1.6065,0.4769
0.8738,0.0005,0.8320,0.9400,0.4769
0.9690,0.0003,0.8407,1.3126,0.4403
5.8091,0.0008,5.3168,1.1544,0.4385
0.7718,0.0006,1.1674,1.1594,0.4385
0.8325,0.0005,0.6710,0.8334,0.4385
5.6712,0.0010,5.3881,1.6407,0.4220
0.9518,0.0006,1.0582,1.0836,0.4220
0.6059,0.0003,0.8400,0.7748,0.4220
4.7979,0.0008,4.2959,1.5519,0.4307
1.1265,0.0006,1.2251,1.4945,0.4307
0.8482,0.0004,1.0399,0.8481,0.4307
4.3940,0.0004,4.2736,1.5362,0.4383
0.8336,0.0005,0.7741,0.8481,0.4383
1.0228,0.0006,0.8593,0.8930,0.4395
3.9978,0.0004,4.2446,1.2086,0.4312
0.6194,0.0004,0.7368,0.8774,0.4312
1.1913,0.0005,0.6023,1.0327,0.4473
4.4817,0.0007,4.2225,1.1797,0.4483
0.7942,0.0004,1.0955,1.1286,0.4483
0.8875,0.0004,0.6699,0.9361,0.4483
4.4471,0.0005,4.3448,1.2295,0.4572
0.6312,0.0003,0.7960,0.9216,0.4572
1.2380,0.0003,0.5759,0.8783,0.4392
5.0124,0.0010,4.8417,1.5253,0.4557
1.1456,0.0005,0.9410,1.6051,0.4557
1.6789,0.0006,0.7269,1.5371,0.6461
6.2731,0.0009,5.9699,1.6649,0.4552
0.8350,0.0011,1.2235,1.1733,0.4552
1.3000,0.0007,0.7190,1.1501,0.4412
5.6825,0.0009,5.6302,1.9341,0.4291
1.1239,0.0007,1.0276,1.1056,0.4291
0.8277,0.0009,1.0563,1.0342,0.4291
5.0952,0.0007,4.8203,2.5761,0.4491
0.9567,0.0007,1.0803,1.5402,0.4491
1.3461,0.0004,0.6759,1.2703,0.4410
4.7540,0.0010,4.3389,0.8644,0.4307
0.8040,0.0007,1.2159,1.0443,0.4307
0.7790,0.0005,0.6858,0.8564,0.4307
4.9936,0.0010,4.6457,1.7498,0.6456
1.0988,0.0010,1.2180,1.1846,0.6456
0.8367,0.0007,0.9784,1.0980,0.6456
5.0109,0.0007,4.6673,2.1562,0.4631
0.8573,0.0007,1.1009,1.1329,0.4631
1.4299,0.0008,0.7215,1.6619,0.4631
5.3392,0.0008,5.1091,1.9411,0.4309
