frame_ms,scenario_ms,game_ms,render_ms,gpu_ms
1.3757,0.0006,0.7276,1.2298,0.3459
23.7993,0.0012,19.1973,1.6368,0.3528
2.2757,0.0006,4.2893,1.4504,0.3528
0.9489,0.0006,1.6877,1.4504,0.3528
1.1658,0.0007,0.8904,1.5571,0.4477
1.4351,0.0007,1.1592,1.4679,0.4477
1.2956,0.0006,0.8599,1.1622,0.4422
1.6364,0.0008,0.9182,1.7252,0.4414
1.5719,0.0010,1.2551,1.5189,0.4371
1.4873,0.0009,1.0021,1.5295,0.4371
1.8266,0.0009,0.9071,1.9103,0.4344
1.1870,0.0008,1.1423,1.0646,0.4600
2.1232,0.0011,0.8254,1.7398,0.4578
1.1885,0.0009,1.3389,1.6839,0.5669
1.6878,0.0008,1.1788,1.4659,0.4371
1.5112,0.0005,0.9935,1.7052,0.3481
1.6298,0.0008,0.7680,1.4711,0.3453
1.7831,0.0008,1.0814,1.6637,0.3449
1.7373,0.0008,0.8229,2.0173,0.3578
1.1578,0.0010,0.7590,1.1249,0.3578
1.5312,0.0007,1.1250,1.4530,0.3423
1.6521,0.0007,0.7574,1.6608,0.3549
1.4662,0.0007,0.8831,1.4749,0.3900
1.2509,0.0008,1.3143,1.3026,0.3495
1.8499,0.0005,0.8437,1.8340,0.3658
1.6472,0.0005,0.8741,1.3669,0.3405
1.7984,0.0010,1.3762,1.6659,0.3405
1.8658,0.0006,0.9725,2.0339,0.3510
1.4073,0.0006,0.9108,1.5365,0.3518
1.9063,0.0007,1.0957,2.0109,0.3346
1.6660,0.0007,0.9680,1.6761,0.3714
1.1580,0.0181,1.0881,1.1096,0.3887
1.7822,0.0008,1.5453,1.7440,0.3506
2.0286,0.0008,1.1904,1.7147,0.4057
0.8892,0.0008,1.1691,1.2253,0.4057
1.7565,0.0008,1.4714,1.3088,0.3468
1.4663,0.0006,1.0923,1.8063,0.3645
1.3437,0.0006,0.8880,1.4057,0.3645
1.4684,0.0006,1.1846,1.5450,0.3415
1.3920,0.0004,0.8509,1.1197,0.3415
1.7183,0.0007,0.8904,1.6737,0.3367
1.5465,0.0007,1.0479,1.8597,0.3681
1.2610,0.0006,0.7312,1.2309,0.3540
1.4571,0.0006,0.7176,1.4786,0.3551
2.0226,0.0008,1.0822,1.7584,0.3772
1.5560,0.0007,1.0674,1.7729,0.3546
1.6502,0.0005,0.8546,1.3887,0.3661
1.4852,0.0006,1.3477,1.5471,0.3661
1.5944,0.0004,0.7880,1.5021,0.3376
1.6389,0.0005,0.7431,1.7987,0.3473
1.3913,0.0005,1.1886,1.3641,0.3473
2.2585,0.0009,0.7941,2.1770,0.3511
0.8585,0.0008,1.0613,1.0773,0.3511
1.5335,0.0010,1.2878,1.2235,0.3376
1.5412,0.0009,1.0130,1.6034,0.3376
1.7171,0.0007,0.7746,1.7320,0.3542
1.4597,0.0007,1.1782,1.6028,0.3730
2.2161,0.0009,0.8344,1.9045,0.3420
1.8760,0.0009,1.2326,2.1244,0.3420
1.9046,0.0007,1.2645,1.9785,0.3376
1.6923,0.0010,0.9416,1.5936,0.3376
1.6398,0.0008,0.9852,1.7452,0.3416
1.6977,0.0007,1.3520,1.7225,0.3534
1.4979,0.0009,0.8781,1.2856,0.3534
2.0210,0.0009,0.8995,2.1410,0.3561
1.9437,0.0008,1.6253,1.6516,0.3757
1.6388,0.0008,1.2577,1.9316,0.3419
1.2700,0.0008,0.8863,1.2788,0.3419
1.4197,0.0007,1.0828,1.4170,0.3541
1.2887,0.0008,0.7561,1.2662,0.3719
1.4606,0.0011,0.6995,1.2264,0.3375
1.7450,0.0007,1.3780,1.9394,0.3347
1.4615,0.0006,1.0071,1.4832,0.3516
1.4511,0.0010,0.8097,1.4478,0.3533
2.0877,0.0012,1.1577,2.0089,0.3414
1.4215,0.0009,0.9681,1.4507,0.3414
1.4755,0.0014,1.2360,1.4082,0.3653
1.8364,0.0008,1.2800,1.7628,0.3445
1.7031,0.0008,1.0594,1.5681,0.3445
1.7494,0.0009,0.8625,2.0183,0.3314
1.6231,0.0007,1.2706,1.3809,0.3423
1.0433,0.0008,1.1256,1.1762,0.3423
1.4296,0.0007,0.7791,1.5209,0.3418
1.7718,0.0007,1.6544,1.2054,0.3555
0.9624,0.0007,1.0527,1.1961,0.3414
1.3095,0.0008,0.8579,1.4695,0.3414
2.1313,0.0006,1.7591,2.2271,0.3449
1.4736,0.0006,1.1174,1.4753,0.3823
1.1093,0.0007,0.8461,1.0196,0.3823
1.8267,0.0007,1.1249,1.9627,0.3399
1.5177,0.0008,0.7455,1.1867,0.3368
1.2173,0.0007,0.9321,1.4805,0.3368
1.5323,0.0006,1.3561,1.4789,0.3598
1.2998,0.0008,0.8856,1.3731,0.3429
1.8564,0.0008,0.7828,1.6972,0.3348
1.1446,0.0005,1.2099,1.1566,0.3361
1.9220,0.0008,0.7031,1.5760,0.3593
1.3373,0.0007,1.2097,1.7254,0.3898
1.7154,0.0007,1.5465,1.0926,0.3571
0.7103,0.0004,1.0445,0.8845,0.3591
1.4465,0.0005,0.6465,1.6638,0.3591
1.5323,0.0006,1.0512,1.5416,0.3491
1.5773,0.0005,0.7817,1.6131,0.3566
1.0755,0.0005,0.6485,1.0799,0.3529
1.4291,0.0003,0.9307,1.2034,0.3545
1.4541,0.0006,0.7548,1.6288,0.3475
1.3176,0.0004,0.7825,1.2313,0.3474
1.6468,0.0006,1.4174,1.0627,0.3484
1.2556,0.0006,1.0709,1.2304,0.3458
1.0574,0.0006,1.1925,1.5677,0.3458
1.4103,0.0007,1.0774,1.3922,0.3839
1.5809,0.0006,0.7224,1.4846,0.3821
1.1751,0.0006,0.6814,1.3073,0.3432
1.5833,0.0007,1.2828,1.2541,0.3491
1.0629,0.0005,1.0354,1.4018,0.3491
1.3323,0.0005,0.8803,1.3250,0.3618
1.5197,0.0004,0.9555,1.4305,0.3398
1.9316,0.0006,0.9472,1.9175,0.3441
1.4829,0.0008,0.9228,1.2180,0.3553
1.3398,0.0007,1.5796,1.6223,0.3387
1.5334,0.0008,0.9173,1.5460,0.4066
1.6320,0.0007,0.7643,1.6453,0.9295
1.4749,0.0012,1.0500,1.2991,0.3690
1.5142,0.0007,0.7204,1.6505,0.3484
1.3533,0.0007,0.7491,1.3807,0.3621
1.7912,0.0008,1.4008,1.0620,0.3552
0.8291,0.0004,1.0737,0.7934,0.3573
1.0587,0.0003,0.7914,1.3914,0.3573
1.5518,0.0006,1.2653,1.0588,0.3587
0.9065,0.0005,0.8798,1.0591,0.3587
1.9475,0.0003,0.9040,2.2647,0.3419
1.8784,0.0005,0.9888,1.8378,0.3500
1.0231,0.0004,0.7944,1.0337,0.3500
1.6649,0.0005,0.7643,1.6510,0.3694
1.3797,0.0005,0.9997,1.3824,0.3713
1.1843,0.0004,0.6872,1.1955,0.3449
1.3740,0.0005,0.5743,1.1224,0.3459
1.4389,0.0007,0.9583,1.6852,0.3412
1.7738,0.0005,0.6302,1.3404,0.3420
1.4175,0.0005,0.9097,1.4953,0.3358
1.3579,0.0004,1.1994,1.6522,0.3358
1.7706,0.0004,0.7683,1.8044,0.3626
1.7361,0.0004,0.7497,1.4809,0.3415
1.5033,0.0005,1.2602,1.6007,0.3415
1.5346,0.0003,0.7816,1.5195,0.3396
1.0818,0.0005,0.8055,1.0682,0.3467
0.9798,0.0004,1.0762,1.1013,0.3467
1.2263,0.0005,0.5860,1.1329,0.3565
1.3586,0.0006,0.5611,1.4665,0.3406
1.2296,0.0005,0.8658,0.9702,0.3589
1.3373,0.0004,0.6384,1.5933,0.3754
1.4643,0.0004,0.6551,1.2048,0.3382
1.7377,0.0004,0.9690,1.6268,0.3267
1.1821,0.0006,0.7701,1.5554,0.3267
1.2117,0.0008,0.7511,1.2053,0.3462
1.5039,0.0006,1.1154,1.4676,0.3340
1.4179,0.0008,0.9334,1.2829,0.3641
1.6352,0.0009,0.8952,1.6803,0.3439
1.3013,0.0005,1.1435,1.3016,0.3463
1.2341,0.0005,0.8298,1.2094,0.3527
1.4500,0.0006,0.7548,1.2001,0.3301
1.7792,0.0006,1.0752,2.1168,0.3504
0.9474,0.0006,0.7634,0.8033,0.3504
1.3525,0.0007,0.7094,1.5046,0.3452
1.6303,0.0007,1.2030,1.1969,0.3489
0.7257,0.0005,1.0623,1.1150,0.3489
1.5805,0.0008,0.6247,1.5435,0.3413
1.3362,0.0007,0.9206,1.3835,0.3447
1.5021,0.0007,0.6919,1.4908,0.3430
1.4468,0.0004,0.7183,1.4586,0.3641
1.8331,0.0005,1.0017,1.8014,0.3558
1.2865,0.0004,0.6873,0.8979,0.3362
1.0754,0.0005,0.8884,1.4304,0.3362
1.6586,0.0007,1.2264,1.4839,0.3517
1.3767,0.0006,0.8977,1.5752,0.3409
1.2032,0.0004,0.7678,0.8333,0.3506
1.2498,0.0005,1.2113,1.4001,0.3506
1.6721,0.0005,0.7717,1.9023,0.3527
1.8129,0.0006,0.6423,1.5921,0.3320
1.3995,0.0012,1.4102,0.9775,0.3668
0.8892,0.0007,0.9172,1.2017,0.3668
1.6228,0.0010,0.7354,1.7369,0.3961
1.4366,0.0005,0.9595,1.3185,0.3583
1.5456,0.0005,0.6822,1.4697,0.3530
1.0402,0.0006,0.8461,1.2249,0.3530
1.5189,0.0005,1.1903,1.5088,0.5569
1.1567,0.0004,0.7337,0.8497,0.3548
0.9794,0.0005,1.0796,1.1775,0.3548
1.5803,0.0005,1.1780,1.2461,0.3495
0.7961,0.0003,1.0227,1.1894,0.3495
1.3252,0.0003,0.6270,1.2404,0.3506
1.3746,0.0003,0.8584,1.2719,0.3546
1.3706,0.0005,0.9491,1.4648,0.3546
1.8646,0.0007,0.7838,1.9292,0.3653
1.3171,0.0006,1.0521,1.3579,0.3436
1.3246,0.0005,0.6875,1.3155,0.3402
1.1493,0.0006,0.6510,1.1182,0.3402
1.3980,0.0003,1.0811,1.1378,0.3549
1.0575,0.0003,0.8248,1.3194,0.3654
1.4132,0.0006,0.6133,1.2875,0.3485
1.3098,0.0005,0.9621,1.3892,0.3661
1.3036,0.0004,0.6883,1.3507,0.3468
1.4965,0.0004,0.6219,1.1783,0.3325
1.4859,0.0007,1.1712,1.5605,0.3612
1.9026,0.0008,0.9507,1.9998,0.3393
1.4776,0.0008,1.1765,1.5570,0.3783
1.1190,0.0004,1.3767,1.0161,0.3783
1.3540,0.0009,0.8100,1.2309,0.3561
1.5919,0.0005,0.8260,1.6005,0.3420
1.5505,0.0007,1.1683,1.5354,0.3500
1.1553,0.0005,1.0176,1.2732,0.3639
1.0168,0.0007,0.7632,1.1586,0.3639
1.2028,0.0007,1.0347,1.1571,0.3566
1.4255,0.0005,0.6231,1.2983,0.3341
1.6654,0.0004,0.6734,1.7970,0.3598
1.5105,0.0009,1.2445,0.9212,0.3569
1.1054,0.0005,1.0594,1.5963,0.3569
1.4003,0.0006,0.7235,1.4328,0.9312
1.5312,0.0006,0.9805,1.1497,0.3620
1.2545,0.0006,0.8687,1.5469,0.3386
1.3884,0.0006,0.9486,1.2219,0.3581
1.1921,0.0005,1.2183,1.4296,0.3581
1.4396,0.0006,0.6900,1.2315,0.3511
0.9552,0.0004,0.7176,1.1188,0.3511
1.4433,0.0004,0.8899,1.1475,0.3473
1.1503,0.0006,0.7877,1.3391,0.3626
1.2334,0.0005,0.9595,1.1530,0.3595
1.2460,0.0003,1.2281,1.3175,0.3595
1.5285,0.0004,0.7742,1.6591,0.3376
1.3424,0.0006,0.6127,1.2147,0.3693
2.1018,0.0007,1.6334,1.5803,0.3896
1.3848,0.0009,1.3786,1.8857,0.3625
1.0731,0.0005,0.9739,0.8566,0.3395
1.0090,0.0004,1.3589,1.0039,0.3395
1.4315,0.0006,0.6752,1.5561,0.3522
1.4372,0.0007,0.7503,1.5215,0.3479
1.3442,0.0008,0.9782,1.3221,0.3543
1.3062,0.0006,0.6690,1.3613,0.3571
1.2504,0.0003,0.7049,1.0876,0.3637
1.3143,0.0004,1.1104,1.4477,0.3490
1.4353,0.0005,0.6489,1.2640,0.3540
1.7132,0.0008,0.8302,1.4031,0.3540
1.8647,0.0012,1.2868,2.2678,0.8969
1.7018,0.0007,0.9769,1.7356,0.3636
1.1445,0.0007,0.8590,1.0985,0.3550
1.5473,0.0005,1.2771,1.2214,0.3515
1.0888,0.0005,0.9433,1.4058,0.3515
1.1230,0.0007,0.6664,1.2003,0.3476
1.4534,0.0007,1.0773,1.3967,0.3543
1.1296,0.0003,0.7012,1.0601,0.3543
1.2245,0.0004,0.7331,1.3458,0.3442
1.6322,0.0005,0.9165,1.6060,0.3568
1.6420,0.0023,0.6641,1.4059,0.3453
1.4466,0.0009,0.9623,1.5574,0.3832
1.6304,0.0006,1.5359,1.5345,0.3509
1.2724,0.0006,1.0198,1.1680,0.3432
1.4624,0.0006,0.7493,1.6517,0.3482
1.3087,0.0004,1.1763,1.4006,0.3485
1.1960,0.0003,0.6302,1.1995,0.3508
1.3839,0.0004,0.5895,1.3406,0.3508
1.4204,0.0003,0.9459,1.3217,0.3491
1.4850,0.0004,0.6116,1.4075,0.3314
1.5651,0.0007,0.6090,1.4550,0.3430
0.8908,0.0005,1.0455,1.2105,0.3430
1.2988,0.0007,0.5894,0.9728,0.3505
1.6582,0.0007,0.7563,1.8632,0.3457
1.4524,0.0007,1.1722,1.2174,0.3458
1.1529,0.0006,0.9818,1.3365,0.3526
1.3010,0.0005,1.0332,1.4024,0.3523
1.2089,0.0005,1.0562,0.9622,0.3523
1.6928,0.0005,0.7767,1.9274,0.3556
1.6382,0.0006,0.7838,1.6601,0.3513
1.0046,0.0005,0.9297,0.8439,0.3513
1.5019,0.0007,0.6224,1.6259,0.3445
1.1409,0.0005,0.6048,1.1525,0.3592
1.7169,0.0005,0.9516,1.6968,0.3393
1.6373,0.0158,0.7432,1.2528,0.3742
1.6689,0.0007,1.3366,1.5271,0.3647
1.5780,0.0007,1.4372,2.0631,0.3745
1.0843,0.0003,0.7499,1.1139,0.3745
1.7185,0.0005,0.6504,1.7079,0.3519
1.4937,0.0004,1.2748,1.0046,0.3452
1.1849,0.0004,0.9656,1.6581,0.3452
1.2128,0.0003,0.6931,1.2190,0.3397
1.3930,0.0004,0.9138,1.3600,0.3606
1.0507,0.0003,0.7020,1.0075,0.3606
1.9619,0.0005,0.6380,1.9582,0.3512
1.5375,0.0004,1.0536,1.3552,0.3512
1.3665,0.0006,1.0073,1.5263,0.3417
1.3128,0.0006,1.4505,1.2666,0.3839
1.4225,0.0005,1.4292,1.5148,0.3485
1.5774,0.0003,0.7939,1.5862,0.3485
2.0009,0.0003,0.6634,1.9614,0.3536
1.0399,0.0003,1.0259,0.9170,0.3536
1.6544,0.0003,0.6222,1.5784,0.3447
1.9103,0.0005,0.6925,1.6674,0.3421
1.0159,0.0005,1.0757,1.4644,0.3421
1.6292,0.0005,0.6504,1.3217,0.3460
1.0575,0.0005,0.7470,1.3593,0.3460
1.4770,0.0004,1.5146,1.4534,0.3530
1.5643,0.0007,0.8012,1.5287,0.3485
1.4943,0.0008,0.7505,1.3992,0.3485
1.4241,0.0005,1.2029,1.2456,0.3377
0.9997,0.0006,0.7848,1.2789,0.3377
1.3058,0.0005,0.6266,1.2481,0.3634
1.3632,0.0005,1.0154,1.1958,0.3520
1.1355,0.0005,0.7399,1.3698,0.3423
1.3175,0.0005,0.7670,1.1680,0.3489
1.9328,0.0004,1.0065,2.0478,0.3596
1.1714,0.0004,0.6680,1.0246,0.3596
1.3429,0.0007,0.6988,1.3678,0.3458
1.3135,0.0005,1.4081,1.2910,0.3458
1.9272,0.0009,0.7138,1.7477,0.3580
1.4182,0.0005,0.8817,1.6236,0.3448
1.3753,0.0005,1.0694,1.2086,0.3383
1.1429,0.0005,0.7930,1.3124,0.3383
1.4517,0.0005,0.6101,1.3981,0.3759
1.3515,0.0005,0.9742,1.4827,0.3563
1.1504,0.0005,0.6280,1.0765,0.3537
1.5240,0.0006,0.7384,1.5444,0.3387
1.5871,0.0008,1.0833,1.2804,0.3703
1.9767,0.0006,0.9468,2.0448,0.3295
1.7120,0.0006,0.8716,1.8823,0.3400
1.5184,0.0007,1.3959,1.1773,0.3400
2.0876,0.0008,1.0579,2.3814,0.3521
1.0823,0.0005,0.9103,1.1762,0.3523
1.5783,0.0005,1.3288,1.2688,0.3523
1.6876,0.0006,1.0449,1.8479,0.3474
1.2206,0.0005,0.9067,1.3472,0.3474
2.2035,0.0007,1.1068,1.8394,0.3427
2.2052,0.0008,0.9863,2.3403,0.3354
1.6942,0.0008,1.1046,1.4909,0.3354
1.8065,0.0007,1.5971,2.1835,0.3504
1.9901,0.0005,0.9472,1.9434,0.3650
1.3134,0.0006,0.8682,1.3453,0.3623
1.4244,0.0005,1.1560,0.9835,0.3623
1.7403,0.0005,0.8807,2.1172,0.3397
1.2244,0.0008,0.8264,1.2940,0.3630
1.5749,0.0005,1.4257,1.1707,0.3576
1.6318,0.0004,0.9667,1.9334,0.3473
1.4800,0.0004,0.7934,1.5633,0.3473
1.7135,0.0005,1.0357,1.3599,0.3538
1.2572,0.0009,0.9290,1.5409,0.3538
1.9276,0.0011,0.8542,1.9000,0.5146
1.5755,0.0007,1.4665,1.6458,0.5146
1.4627,0.0006,0.9776,1.4633,0.3616
2.1018,0.0005,0.9878,2.0573,0.3553
1.3651,0.0009,1.1927,0.9808,0.3553
2.3715,0.0007,1.0170,2.7179,0.3606
1.3811,0.0010,0.9374,1.3938,0.3606
1.8680,0.0009,1.4002,1.7757,0.3459
1.6230,0.0010,0.9430,1.6010,0.3402
1.8330,0.0009,1.0591,1.7633,0.3362
1.8715,0.0009,1.6023,1.9058,0.3362
2.0914,0.0009,1.0510,2.1878,0.3618
1.9440,0.0011,0.8709,1.7433,0.3441
1.7751,0.0009,1.4828,1.9580,0.3545
1.7994,0.0009,0.9450,1.7902,0.3437
1.2818,0.0007,0.9784,1.3118,0.3419
1.7042,0.0006,1.3744,1.6991,0.3454
1.5009,0.0005,0.8381,1.3731,0.3454
1.6904,0.0004,0.8410,1.8354,0.3496
1.4033,0.0007,1.2859,1.3206,0.3496
2.3099,0.0009,0.9246,2.2711,0.3598
1.5107,0.0009,1.0424,1.1563,0.3598
2.0791,0.0008,1.6716,2.4977,0.3392
1.5989,0.0007,0.9977,1.6056,0.3434
1.3281,0.0006,0.9645,1.3369,0.3434
1.2747,0.0005,1.1386,1.1821,0.3606
1.4479,0.0006,0.9008,1.2069,0.3581
1.8501,0.0005,0.9525,2.0289,0.3450
1.2377,0.0007,1.3559,1.3903,0.3450
1.6373,0.0007,0.7035,1.4259,0.3560
1.9474,0.0008,0.8549,2.0577,0.3706
1.3588,0.0008,1.2220,1.4135,0.3543
1.8579,0.0007,0.8050,1.8521,0.3424
1.6922,0.0005,1.0997,1.6977,0.3507
1.6241,0.0006,1.2944,1.5895,0.3535
1.6771,0.0003,1.0130,1.3235,0.3535
1.9891,0.0004,0.9295,2.2597,0.3473
1.6066,0.0004,1.3844,1.2619,0.3473
1.2723,0.0007,0.9583,1.6783,0.3352
1.4747,0.0007,0.6747,1.2524,0.3352
2.1346,0.0009,1.2022,2.2017,0.3558
1.3700,0.0009,1.0764,1.3387,0.3649
1.0757,0.0007,1.0064,1.1608,0.3649
1.4979,0.0006,1.0791,1.4010,0.3604
1.4304,0.0009,0.7162,1.3909,0.3470
1.4459,0.0006,0.7091,1.6273,0.3443
1.8230,0.0006,1.0524,1.8284,0.3309
1.5979,0.0004,0.7470,1.1385,0.3309
1.6346,0.0005,0.8929,2.0645,0.3432
1.4565,0.0005,1.2735,1.1051,0.3504
1.2157,0.0008,0.8973,1.5643,0.3504
1.3265,0.0009,0.7017,1.2221,0.3814
1.7398,0.0005,1.5935,1.8161,0.3738
1.7567,0.0006,0.7591,1.7421,0.3738
1.7977,0.0005,0.7471,1.6996,0.3387
1.2497,0.0006,1.2399,1.2549,0.3387
1.7745,0.0006,0.7385,1.8610,0.3477
1.3393,0.0005,0.7120,1.3718,0.3438
1.2568,0.0005,1.0177,1.2636,0.3438
1.7379,0.0008,0.6619,1.2574,0.3448
1.3574,0.0005,0.6896,1.7923,0.3450
1.5890,0.0008,1.1302,1.5048,0.3566
2.1714,0.0009,1.0439,2.1583,0.3659
0.9981,0.0005,1.0118,1.0749,0.3483
1.4879,0.0004,1.3217,1.4832,0.3483
1.5568,0.0005,0.8993,1.4380,0.3374
1.5612,0.0008,0.7981,1.3975,0.3374
1.6117,0.0004,1.0594,1.7498,0.3413
1.8244,0.0004,0.7140,1.9504,0.3346
1.4533,0.0006,0.7503,1.1780,0.3408
1.4354,0.0003,1.2832,1.7207,0.3408
1.7506,0.0006,0.6688,1.6034,0.3539
1.4090,0.0007,0.9327,1.0225,0.3650
1.5436,0.0006,1.4534,2.0403,0.3508
1.4457,0.0007,0.7740,1.1490,0.3642
1.7891,0.0008,0.8085,1.6562,0.3575
1.9091,0.0007,1.2567,2.3174,0.3464
1.3095,0.0010,0.8565,1.1863,0.3464
1.6864,0.0008,0.9971,1.7773,0.3532
1.1448,0.0007,1.1613,1.1102,0.3471
1.8037,0.0006,0.7664,1.8128,0.3548
1.1604,0.0007,0.7263,0.8367,0.3548
1.6487,0.0006,1.1526,1.9988,0.3383
1.3692,0.0007,0.7668,1.1811,0.3383
1.6381,0.0008,0.8626,1.7533,0.3609
1.6207,0.0007,1.5085,1.3869,0.3592
1.7691,0.0013,0.9311,2.0153,0.3538
1.8340,0.0009,0.7727,1.5988,0.3409
1.9476,0.0009,1.6686,1.3321,0.3516
0.7847,0.0004,1.3157,1.0427,0.3597
1.0181,0.0006,0.6861,1.1974,0.3597
1.5863,0.0003,0.9615,1.6832,0.3512
1.5496,0.0006,0.6901,1.4962,0.3512
1.3710,0.0006,0.7426,1.4030,0.3487
1.8378,0.0008,1.3681,1.5286,0.3553
1.1462,0.0004,1.2543,1.4555,0.9307
1.4794,0.0005,0.6833,1.1849,0.3600
1.3424,0.0005,1.2279,1.6105,0.3600
1.3189,0.0006,0.7632,1.2034,0.3468
2.0610,0.0004,0.7493,2.0476,0.3572
1.3421,0.0004,1.1642,1.4705,0.3407
1.1053,0.0003,0.7747,0.9536,0.3407
1.4945,0.0005,0.5966,1.5340,0.3498
1.5694,0.0005,1.1853,1.5816,0.3408
1.3856,0.0006,1.0172,1.2039,0.3490
1.6562,0.0007,0.8489,1.7594,0.3506
1.9727,0.0007,1.2039,1.9855,0.3478
1.5280,0.0007,0.8886,1.6151,0.3475
1.7837,0.0005,0.8342,1.8209,0.3359
1.7128,0.0005,1.2429,1.6915,0.3359
1.9380,0.0004,0.7379,1.8477,0.3523
1.4200,0.0005,0.7858,1.5118,0.3523
1.4249,0.0008,1.1248,1.3253,0.3502
1.4083,0.0008,0.7955,1.4912,0.3455
1.3133,0.0007,0.8647,1.1214,0.3455
1.5291,0.0012,1.0060,1.6410,0.3470
1.4971,0.0007,0.7967,1.3928,0.3674
1.5186,0.0007,1.1087,1.6575,0.3862
1.3556,0.0009,1.2252,1.1480,0.3443
1.2468,0.0007,0.8597,1.3876,0.3443
1.7355,0.0007,0.7144,1.8219,0.3551
1.6794,0.0005,0.9984,1.5121,0.3671
1.8387,0.0006,0.7712,1.9235,0.3557
1.5268,0.0006,0.8507,1.5660,0.3487
1.3078,0.0008,1.1001,1.3028,0.3455
1.2828,0.0006,0.7946,1.2450,0.3726
1.6335,0.0004,0.7302,1.6678,0.3374
1.4763,0.0008,1.0815,1.3905,0.3374
2.0717,0.0008,0.9558,2.0843,0.3425
1.5526,0.0005,0.8668,1.5463,0.3632
1.3878,0.0003,1.3329,1.3483,0.3632
1.5176,0.0006,0.9656,1.5591,0.3393
1.6173,0.0014,0.8570,1.4420,0.3520
1.5963,0.0005,1.5314,1.3482,0.3401
1.5407,0.0005,0.8661,1.9378,0.3548
1.5401,0.0007,0.7320,1.2235,0.3393
1.4424,0.0006,1.4611,1.7663,0.3537
1.5725,0.0008,0.8692,1.2443,0.3537
1.6226,0.0006,1.0869,1.7912,0.3457
1.6312,0.0007,1.5006,1.7208,0.3643
1.3432,0.0006,0.8259,1.2418,0.3496
1.4045,0.0007,0.8791,1.3334,0.3439
1.7840,0.0005,1.1514,1.9341,0.3460
1.4781,0.0006,0.7947,1.2919,0.3457
1.8674,0.0010,1.0113,1.8500,0.3385
1.5913,0.0010,1.5305,1.6915,0.3429
1.8664,0.0010,1.1181,1.8667,0.3479
1.7394,0.0010,0.9432,1.5850,0.3556
2.3297,0.0011,1.5791,2.1409,0.3491
1.1925,0.0007,1.4814,1.5640,0.3403
1.6671,0.0009,0.9752,1.5195,0.3403
1.6058,0.0006,1.6641,1.5969,0.3623
1.7892,0.0008,0.9005,1.8898,0.3361
1.8846,0.0004,0.8910,1.9225,0.3530
1.8810,0.0007,1.4071,1.7800,0.3385
1.3622,0.0007,1.1092,1.3307,0.3385
1.5333,0.0009,0.9507,1.5804,0.3593
1.6077,0.0009,1.2345,1.5687,0.3455
2.3817,0.0010,0.9509,2.0678,0.3631
1.6536,0.0009,1.1693,1.8549,0.3631
2.0412,0.0009,1.8297,1.5820,0.3515
0.9192,0.0006,1.4096,1.3664,0.3528
1.7255,0.0007,0.8572,1.8229,0.3502
1.4334,0.0011,1.3162,1.1474,0.3506
1.4204,0.0008,1.0273,1.7988,0.3506
1.5019,0.0008,0.8568,1.3980,0.3397
1.9320,0.0008,1.2523,2.0003,0.3551
1.7385,0.0012,0.8645,1.6914,0.3366
1.7802,0.0010,1.0337,1.7665,0.3366
1.4662,0.0011,1.5006,1.4220,0.3980
1.6050,0.0010,1.0368,1.6365,0.3980
1.4927,0.0008,0.9376,1.3386,0.3750
1.8326,0.0007,1.4501,1.9798,0.3430
2.0438,0.0010,1.0103,1.8265,0.3419
1.3038,0.0007,1.2734,1.2338,0.3437
1.4116,0.0007,1.6239,1.5690,0.3437
1.6263,0.0008,0.9954,1.7481,0.3411
1.6530,0.0007,0.9049,1.6556,0.3344
2.1270,0.0007,1.6290,1.6257,0.3706
1.6656,0.0008,1.4031,1.8787,0.3706
1.9203,0.0009,1.2066,2.0884,0.3604
1.9678,0.0009,1.3665,1.7932,0.3473
1.6310,0.0010,1.3105,1.7335,0.3473
2.4758,0.0010,1.1979,2.4385,0.3492
1.9401,0.0009,1.6629,0.9334,0.3510
0.9677,0.0006,1.3332,0.9334,0.3582
1.2908,0.0005,0.8778,1.6805,0.3582
1.5777,0.0009,1.1135,1.3008,0.3567
2.6957,0.0009,1.0763,2.6926,0.3651
1.5080,0.0009,1.1822,1.6411,0.3429
1.5241,0.0007,1.5186,1.5912,0.3510
1.4213,0.0004,0.8141,1.4304,0.3510
1.7248,0.0003,0.7716,1.6848,0.3594
1.4713,0.0006,1.1580,1.4585,0.3458
1.2200,0.0004,0.8742,1.2608,0.3458
1.9545,0.0004,0.7469,1.9490,0.3442
2.1721,0.0008,1.2829,1.8921,0.3516
1.0803,0.0008,1.3602,0.9063,0.3516
2.3536,0.0007,0.9725,2.7059,0.3569
1.7170,0.0006,1.2580,1.7619,0.3505
1.4558,0.0007,1.0250,1.4768,0.3505
1.7826,0.0007,0.9367,1.7063,0.3498
1.7025,0.0006,1.1744,1.7482,0.3620
1.4676,0.0007,0.8327,1.4405,0.3481
1.3816,0.0009,0.8197,1.4074,0.3481
2.0820,0.0006,1.4093,1.9032,0.3638
1.0235,0.0009,1.1037,1.0209,0.3545
1.9119,0.0009,0.9974,1.9779,0.3696
1.6158,0.0007,1.7493,1.6642,0.3471
1.9288,0.0009,0.9171,1.9363,0.3609
1.3815,0.0004,0.8805,1.3889,0.3531
1.6931,0.0007,1.3585,1.6825,0.3481
1.5993,0.0009,0.8376,1.5869,0.3481
1.4365,0.0007,0.8852,1.2220,0.3589
1.8555,0.0010,1.6631,2.0457,0.3426
1.7144,0.0005,0.9694,1.6995,0.3473
1.9575,0.0006,0.8841,1.6100,0.3508
1.6648,0.0011,1.8647,1.0485,0.3458
1.2470,0.0006,1.2745,1.8123,0.3458
2.0630,0.0007,1.0017,1.9940,0.3609
1.6034,0.0005,1.1973,1.5638,0.3414
1.4864,0.0005,1.0018,1.5163,0.3414
1.9740,0.0006,0.9515,2.0047,0.3471
1.2133,0.0005,1.3034,1.2517,0.3471
1.4265,0.0006,0.7847,1.4185,0.3426
1.7504,0.0006,0.7089,1.2741,0.3426
2.1210,0.0009,1.3139,1.9726,0.3508
1.3788,0.0009,1.6603,1.9316,0.3508
2.0718,0.0006,1.1793,2.0306,0.3421
1.7539,0.0006,1.4701,1.6623,0.3488
1.5747,0.0008,1.0469,1.7180,0.3488
1.7013,0.0009,0.8256,1.6137,0.3473
1.5034,0.0009,1.3267,1.5881,0.3576
1.6574,0.0007,0.9444,1.6329,0.3610
1.6919,0.0007,1.0016,1.6807,0.3610
1.5520,0.0013,1.1602,1.4571,0.3484
1.8336,0.0008,1.1026,1.8954,0.3515
1.6123,0.0007,1.3662,1.5890,0.3515
1.7957,0.0010,1.5149,1.7869,0.3803
1.7761,0.0006,1.0135,1.6910,0.3414
0.8961,0.0005,1.4803,0.9250,0.3414
2.1718,0.0006,1.1857,2.1302,0.3370
1.5107,0.0007,0.9898,1.4822,0.3370
2.0118,0.0008,0.9280,2.0272,0.3392
1.5849,0.0005,1.4711,1.4158,0.3432
1.5245,0.0005,1.0674,1.7329,0.3432
1.8742,0.0006,0.9543,1.8555,0.3307
1.6969,0.0008,1.2523,1.5792,0.3358
2.2049,0.0009,1.0107,2.2578,0.3529
1.5293,0.0005,1.0600,1.5209,0.3345
1.6650,0.0008,1.4986,1.2244,0.3445
1.1919,0.0005,1.2036,1.6454,0.3445
1.8166,0.0008,0.8982,1.8825,0.3442
1.5231,0.0008,1.2793,1.4416,0.3438
1.8408,0.0006,0.8712,1.6264,0.3467
1.5762,0.0007,1.0993,1.8216,0.3367
1.4620,0.0006,1.2122,1.2550,0.3455
1.7779,0.0012,0.7802,1.9081,0.3513
2.2472,0.0012,0.9040,2.1049,0.3727
1.7029,0.0008,1.6612,1.2460,0.3568
1.2460,0.0007,1.1376,1.9060,0.3370
1.2896,0.0007,0.8008,1.2169,0.3370
1.6537,0.0007,1.4531,1.4836,0.3497
2.2308,0.0008,1.0550,2.3938,0.3400
1.1810,0.0003,0.9414,0.9528,0.3400
1.5667,0.0007,1.2024,1.7177,0.3579
1.3746,0.0006,1.0013,1.3343,0.3579
2.1335,0.0012,1.0707,2.1659,0.3783
2.0029,0.0010,1.4315,1.8882,0.3717
0.9014,0.0009,1.2042,1.0081,0.3717
1.4886,0.0007,0.8223,1.2954,0.3379
1.3660,0.0007,1.2432,1.5935,0.3379
1.5186,0.0007,0.8296,1.4318,0.3444
1.4574,0.0007,0.9151,1.4868,0.3493
1.8781,0.0006,1.4278,1.8039,0.3352
1.4440,0.0005,1.0916,1.4991,0.3352
1.6113,0.0005,0.9507,1.6853,0.3400
2.1523,0.0010,1.1795,1.9360,0.3480
2.3617,0.0008,0.9745,1.8810,0.3611
1.7584,0.0008,1.1669,2.3724,0.3450
1.8393,0.0009,1.5442,1.0236,0.3461
0.8281,0.0011,1.2445,1.2504,0.3461
1.7049,0.0007,0.7481,1.5958,0.3453
1.5512,0.0008,1.4668,1.8063,0.3458
1.6925,0.0007,0.8803,1.7989,0.3356
1.5729,0.0007,0.8695,1.5708,0.3470
1.3654,0.0006,1.2153,1.2682,0.3534
1.9710,0.0010,0.7814,1.6879,0.3511
1.6746,0.0012,1.1603,1.8571,0.3511
1.6396,0.0008,1.7059,1.5810,0.3633
1.4674,0.0008,1.0480,1.5447,0.3529
1.9517,0.0007,0.9725,2.0373,0.3447
1.3252,0.0010,1.3165,1.3322,0.3381
2.2238,0.0009,0.9671,2.1933,0.3595
1.2104,0.0009,0.9257,1.1186,0.3397
1.6968,0.0013,1.5376,1.4347,0.3468
1.5072,0.0008,1.1214,1.8878,0.3468
2.0357,0.0009,0.7943,1.4939,0.3510
2.1871,0.0012,1.7998,2.5395,0.3530
0.9557,0.0005,1.4905,1.0255,0.3530
1.5738,0.0004,0.7963,1.6897,0.3468
1.7205,0.0006,1.0879,1.5218,0.3530
2.1359,0.0004,0.9636,2.1394,0.3295
1.8820,0.0006,1.2918,2.0192,0.3512
1.2858,0.0005,1.3985,1.1291,0.3512
1.9981,0.0009,0.7893,1.8041,0.3442
1.3210,0.0006,1.0219,1.6084,0.3442
2.1136,0.0012,1.4048,1.9425,0.3556
1.6541,0.0009,1.2516,1.7053,0.3465
1.1358,0.0006,1.4271,1.2835,0.3465
1.6049,0.0007,1.3856,1.6169,0.3372
2.0960,0.0007,0.8319,2.0401,0.3411
1.3837,0.0007,0.8880,1.4287,0.3410
1.6339,0.0005,1.3741,1.3346,0.3410
1.4313,0.0005,1.1084,1.6511,0.3435
1.6201,0.0003,0.8117,1.7446,0.3558
1.4566,0.0005,1.2758,1.3188,0.3558
1.4804,0.0005,0.9967,1.2731,0.3403
1.9447,0.0010,0.9266,2.1532,0.3860
1.6790,0.0016,1.3488,1.7074,0.3728
1.6911,0.0006,0.9013,1.6625,0.3495
1.1536,0.0007,0.9106,1.2120,0.3495
1.9259,0.0006,1.1381,1.9012,0.3563
1.5955,0.0005,0.8991,1.4434,0.3401
1.7950,0.0006,1.0269,1.9279,0.3551
1.7590,0.0005,1.2695,1.7333,0.3373
2.1381,0.0008,0.8129,2.1275,0.3463
0.9974,0.0006,0.8480,1.0457,0.3463
1.6628,0.0009,1.1453,1.4405,0.3497
1.7661,0.0012,1.2486,1.8721,0.3913
2.0243,0.0005,1.2897,1.8495,0.3913
2.0129,0.0008,1.3037,2.2194,0.3462
1.6291,0.0009,0.9635,1.4916,0.3462
2.1345,0.0007,1.2329,2.1968,0.3418
1.7813,0.0008,1.4445,1.7762,0.3486
1.7822,0.0010,1.2018,1.7833,0.3486
1.6133,0.0008,1.0189,1.6530,0.3507
2.1190,0.0009,1.6149,2.0621,0.3507
1.5679,0.0007,1.1924,1.6027,0.3863
2.0994,0.0009,1.0451,1.8912,0.3455
1.3484,0.0008,1.6493,1.5374,0.3585
1.6542,0.0008,0.9218,1.6447,0.3626
1.9752,0.0007,0.8718,1.9328,0.3607
1.4523,0.0010,1.4812,1.3511,0.3607
1.9251,0.0016,0.9646,2.0673,0.3429
2.1620,0.0009,0.9522,2.0425,0.3387
1.7930,0.0011,1.5014,1.7243,0.3378
2.2383,0.0012,1.5324,2.3424,0.3906
1.9066,0.0010,1.1011,1.9223,0.3596
1.3855,0.0008,1.3565,1.3986,0.3450
1.5775,0.0010,0.9874,1.4715,0.3507
1.8931,0.0012,1.1869,1.9480,0.3345
1.6080,0.0012,1.3535,1.6506,0.3345
1.7490,0.0010,0.9752,1.6956,0.3491
1.8593,0.0007,0.9889,1.7974,0.3534
1.5155,0.0007,1.3687,1.2286,0.3534
2.3436,0.0011,0.9502,2.6420,0.3589
1.4386,0.0009,0.9892,1.4893,0.3606
1.6606,0.0006,1.4782,1.5053,0.3606
2.2836,0.0010,1.0033,2.4326,0.3485
1.4760,0.0010,0.8511,1.4603,0.3485
1.8233,0.0009,1.3961,1.5439,0.3412
2.1276,0.0008,0.9979,2.4294,0.3357
1.7996,0.0008,0.8750,1.6278,0.3591
1.7039,0.0009,1.3866,1.5512,0.3452
1.4507,0.0009,1.3827,1.7310,0.3452
1.7527,0.0008,0.9716,1.7338,0.3758
1.8384,0.0008,1.4514,1.8737,0.3595
1.3593,0.0009,0.9634,1.3663,0.3595
2.0014,0.0010,0.8320,1.8970,0.3488
1.6376,0.0009,1.3776,1.6020,0.3488
1.8048,0.0008,0.9806,1.4450,0.3432
1.9900,0.0010,0.9956,2.3994,0.3538
1.8146,0.0009,1.3019,1.8073,0.3475
2.1089,0.0014,0.8762,2.0036,0.3441
1.7433,0.0011,0.9833,1.2604,0.3389
2.0855,0.0011,1.6132,2.6089,0.3545
1.8173,0.0009,1.0086,1.8189,0.3462
1.5011,0.0008,0.9812,1.5134,0.3453
2.0257,0.0012,1.3086,1.9730,0.3453
2.2255,0.0008,1.0570,1.7323,0.3434
2.2668,0.0012,1.0331,2.7092,0.3426
1.5384,0.0012,1.4251,1.4744,0.3426
21.7688,0.0011,1.1521,2.0464,0.3436
2.1808,0.0011,1.6568,21.8588,0.3533
2.1401,0.0009,1.7838,2.1465,0.3475
1.7325,0.0009,1.2663,1.6987,0.3524
1.7284,0.0008,1.1082,1.7855,0.3524
2.4256,0.0009,1.8842,2.3666,0.3517
1.6516,0.0008,1.3139,1.5012,0.3351
1.3367,0.0011,1.2899,1.5528,0.3351
2.0013,0.0011,1.3215,1.9373,0.3708
1.2090,0.0009,1.4642,1.2295,0.3708
1.9113,0.0008,0.8908,2.0233,0.3574
2.3580,0.0011,1.1929,2.1702,0.3517
1.3303,0.0010,1.0972,1.4770,0.3506
1.2588,0.0009,0.9631,1.2598,0.3789
1.6900,0.0008,1.5000,1.2424,0.3581
1.7265,0.0010,1.1343,1.8338,0.3425
2.0604,0.0009,1.1719,2.3334,0.3437
1.4335,0.0012,1.3802,1.4272,0.3437
1.6764,0.0009,0.9865,1.7122,0.3563
1.2576,0.0009,0.8738,1.2632,0.3820
1.8008,0.0008,1.1888,1.4946,0.3644
1.7645,0.0008,0.9342,1.7335,0.3641
1.7861,0.0011,0.7944,2.0683,0.3368
1.9807,0.0008,1.6783,1.3714,0.3251
1.4145,0.0008,1.1967,1.6192,0.3251
1.8275,0.0008,0.7901,2.1904,0.3453
2.0555,0.0007,1.2202,2.0554,0.3460
2.2801,0.0010,0.9705,1.9894,0.3719
1.2524,0.0006,1.3477,1.5761,0.3719
1.5420,0.0006,1.2827,1.4327,0.3518
1.3311,0.0008,0.9873,1.3262,0.3343
1.5334,0.0010,0.9184,1.6100,0.3350
2.3890,0.0010,1.6074,2.3635,0.3600
0.9889,0.0010,1.0409,0.8551,0.3600
1.5388,0.0010,0.9440,1.6949,0.3600
1.6444,0.0008,1.3103,1.4007,0.3562
2.2061,0.0014,1.2042,2.3467,0.3483
1.6111,0.0007,1.3492,1.6804,0.6521
1.4248,0.0008,1.3972,1.4226,0.3658
1.1801,0.0006,0.8518,1.2084,0.3658
1.4162,0.0007,0.7098,1.3385,0.3520
2.0313,0.0006,1.1376,1.9134,0.3464
1.8578,0.0010,1.0206,1.9512,0.3545
1.4002,0.0003,0.9348,1.3965,0.3540
1.3259,0.0003,1.2176,1.3746,0.3540
1.8884,0.0007,0.7410,1.6618,0.3671
2.0504,0.0006,0.7454,2.1984,0.3388
1.2790,0.0006,1.2723,1.0708,0.3895
1.5864,0.0004,0.8172,1.8367,0.3895
1.3595,0.0006,0.7603,1.1130,0.3541
1.7216,0.0007,1.3216,1.5921,0.3570
1.2004,0.0005,1.2943,1.3661,0.3570
2.4018,0.0008,0.9152,2.5306,0.3507
1.7417,0.0005,1.3799,0.9787,0.3707
0.7436,0.0006,1.1886,1.2260,0.3707
1.6057,0.0005,0.7129,1.6342,0.3399
1.7006,0.0005,1.0867,1.6383,0.3374
2.1241,0.0008,0.7424,1.7447,0.3539
1.6388,0.0008,1.3768,2.1602,0.3558
1.4263,0.0008,1.1460,1.4418,0.3558
1.7873,0.0009,0.8567,1.4775,0.3614
1.7079,0.0006,0.9355,1.7769,0.3538
1.7756,0.0005,1.4306,1.6481,0.3429
1.9218,0.0004,0.9114,2.2893,0.3446
1.1832,0.0005,0.8320,0.7569,0.3446
1.4853,0.0003,1.0784,1.4867,0.3520
1.4628,0.0003,0.7278,1.5838,0.3542
1.7005,0.0007,0.7558,1.5749,0.3521
2.3945,0.0007,1.2425,2.6479,0.3410
1.1648,0.0004,1.0309,1.1605,0.3410
1.8892,0.0003,0.8146,1.4358,0.3695
2.1976,0.0008,1.0732,2.7887,0.3436
1.0375,0.0005,0.7850,0.8083,0.3436
1.7895,0.0006,0.7426,1.9327,0.3623
1.2572,0.0005,1.1396,1.3562,0.3437
1.6490,0.0006,0.7416,1.6141,0.3481
1.6845,0.0006,0.7967,1.3053,0.3475
1.5072,0.0003,1.5209,1.4727,0.3642
2.1264,0.0006,0.7279,2.0638,0.3628
1.5917,0.0005,0.9166,1.9019,0.3727
1.7101,0.0006,1.0750,1.6196,0.3523
1.2419,0.0006,0.8256,1.2237,0.3523
1.3831,0.0007,0.7616,1.3825,0.3572
1.8450,0.0007,0.9944,1.9520,0.3690
1.5236,0.0007,0.7312,1.5142,0.3551
1.5202,0.0007,0.6538,1.4249,0.3358
1.1824,0.0007,1.0193,1.1274,0.3358
1.4888,0.0006,0.6606,1.4697,0.3372
1.9647,0.0008,0.6475,2.0092,0.3494
1.5514,0.0006,1.4418,1.6236,0.3964
1.8222,0.0004,0.8823,1.7016,0.3462
1.4922,0.0009,0.9068,1.3513,0.3601
1.6639,0.0006,1.3682,1.9332,0.3491
1.4494,0.0005,0.8950,1.4465,0.3520
1.3394,0.0003,0.8607,1.3532,0.3537
1.3325,0.0003,1.1723,1.3214,0.3537
1.6381,0.0004,0.7757,1.6253,0.3444
1.2139,0.0006,0.6856,1.1945,0.3378
1.5856,0.0005,1.0461,1.3308,0.3559
2.6429,0.0006,0.7559,2.4635,0.3643
1.3644,0.0006,1.3423,1.6176,0.3582
1.6841,0.0006,1.2915,1.8076,0.3582
1.6039,0.0004,0.9620,1.5506,0.3435
1.2499,0.0005,0.8035,1.2403,0.3435
1.9140,0.0004,1.0976,1.9709,0.3588
1.5329,0.0005,0.7890,1.5393,0.3335
1.8910,0.0005,0.7309,1.8581,0.3486
1.2137,0.0003,1.2042,1.2549,0.3430
1.7021,0.0004,0.6857,1.6537,0.3577
1.6812,0.0008,0.7423,1.5754,0.3577
1.8351,0.0006,1.5535,1.7226,0.3749
1.4397,0.0004,1.2002,1.5308,0.3416
1.5189,0.0004,0.9720,1.6111,0.3465
1.5249,0.0003,0.9989,1.5152,0.3480
1.1917,0.0003,0.6610,0.9680,0.3480
1.4805,0.0004,0.6298,1.6051,0.3511
1.7107,0.0005,0.9765,1.6941,0.3429
1.4107,0.0004,0.7735,1.0540,0.3385
1.5365,0.0006,0.9994,1.5592,0.3385
1.7406,0.0008,1.6327,1.8177,0.3398
1.1377,0.0006,1.0704,1.2164,0.3398
1.9633,0.0008,0.7229,2.1597,0.3485
1.6389,0.0009,1.0652,1.6268,0.3519
1.1915,0.0007,0.8462,1.2171,0.3519
1.2712,0.0006,0.8024,1.2683,0.3527
1.1923,0.0006,1.1752,1.2054,0.3412
1.1849,0.0006,0.6381,1.1744,0.3475
1.6401,0.0004,0.6158,1.6411,0.3499
1.3471,0.0005,0.9464,1.1397,0.3522
1.1559,0.0004,0.7203,1.3654,0.3632
1.4948,0.0004,0.6359,1.4810,0.3390
1.4335,0.0003,0.9369,1.3575,0.3365
1.7880,0.0008,0.6558,1.7755,0.3542
1.1673,0.0007,0.8705,1.1959,0.3815
1.4233,0.0007,1.1076,1.2032,0.3651
1.1883,0.0006,0.7775,1.3166,0.3476
1.4535,0.0006,0.6843,1.3337,0.3546
1.3715,0.0006,0.9717,1.5741,0.3491
1.4582,0.0003,0.6320,1.3995,0.3555
1.1226,0.0004,0.7334,1.2038,0.3555
2.0966,0.0007,1.1324,1.2410,0.3623
2.2604,0.0004,1.4831,2.9698,0.3516
1.0905,0.0005,0.8443,0.9257,0.3516
1.6195,0.0009,1.7460,1.3501,0.3554
1.5464,0.0007,1.1745,1.6826,0.3810
1.2402,0.0006,1.0567,1.3088,0.3459
1.2326,0.0004,1.2228,1.4720,0.3459
1.2404,0.0005,0.6604,1.2340,0.3429
0.8986,0.0005,0.6443,0.9107,0.3429
1.3921,0.0008,0.9586,1.2167,0.3476
1.5420,0.0007,0.8476,1.2181,0.3355
1.4600,0.0008,0.9642,1.7906,0.3355
1.5846,0.0005,1.0699,1.6438,0.3474
1.5035,0.0004,0.7180,1.5740,0.3627
1.7286,0.0004,0.6367,1.6666,0.3541
2.2256,0.0007,1.0559,2.0866,0.3740
1.1835,0.0004,1.0704,1.3537,0.3740
1.0647,0.0004,0.7268,1.0184,0.3424
1.6485,0.0003,0.9653,1.6523,0.3439
1.3014,0.0004,0.6312,1.2224,0.3636
1.2095,0.0003,0.7345,1.0795,0.3585
1.3591,0.0003,1.0976,1.2648,0.3585
1.4598,0.0003,0.8355,1.7957,0.3539
1.4707,0.0006,0.6789,1.0660,0.3540
1.3781,0.0003,1.0936,1.7785,0.3456
1.2343,0.0004,0.5781,1.2162,0.3556
1.3791,0.0007,0.5981,1.2604,0.3556
1.2758,0.0005,1.0893,0.9171,0.3666
2.0620,0.0007,0.7352,2.5046,0.3631
1.3075,0.0006,0.6441,1.2597,0.3631
1.5060,0.0006,1.0892,1.4572,0.3421
1.4171,0.0006,0.6679,1.5164,0.3551
1.1306,0.0006,0.7590,1.1194,0.3448
1.4105,0.0005,1.1466,1.0527,0.3504
1.0570,0.0006,0.9067,1.4086,0.3504
1.3139,0.0006,0.7764,1.3232,0.3478
1.4545,0.0006,0.9109,0.9550,0.3477
1.3160,0.0005,0.7624,1.7451,0.3594
1.5854,0.0008,0.8391,1.5600,0.3452
1.2374,0.0006,1.0335,1.2542,0.3452
1.1722,0.0006,0.8337,1.0264,0.3648
1.5543,0.0005,0.7010,1.5999,0.3542
1.9719,0.0005,1.1777,1.8569,0.3513
0.9911,0.0005,1.2155,1.1422,0.3575
1.4706,0.0005,0.9221,1.3953,0.3619
1.5738,0.0005,1.1060,1.6667,0.3464
1.0758,0.0005,0.6775,1.0976,0.3479
1.4165,0.0005,0.6008,1.3911,0.3540
1.2456,0.0004,0.9321,1.0847,0.3431
1.3667,0.0005,0.7840,1.3272,0.3431
1.8475,0.0008,0.7842,1.5553,0.3475
1.6760,0.0005,1.4785,2.1136,0.5211
1.0425,0.0006,0.8395,0.9814,0.5211
1.6379,0.0005,0.6842,1.6856,0.3566
1.4468,0.0005,1.0169,1.4651,0.3392
1.5481,0.0004,0.7110,1.4558,0.3717
1.4665,0.0004,0.7428,1.3977,0.3503
1.2935,0.0004,1.2631,1.3058,0.3503
1.3160,0.0004,0.8184,1.4793,0.3441
1.2053,0.0005,0.7510,1.2065,0.3599
1.1602,0.0004,0.9462,1.0438,0.3599
1.2539,0.0006,0.7202,1.2118,0.3522
1.4561,0.0009,0.5767,1.2790,0.3576
1.9695,0.0007,1.0885,1.8365,0.3687
1.1459,0.0005,1.3178,1.2585,0.3593
1.1916,0.0006,0.8808,1.5005,0.3437
1.4409,0.0007,1.1507,1.1144,0.3493
1.3882,0.0006,0.8578,1.6850,0.3440
0.9418,0.0006,0.6415,0.9636,0.3440
1.1509,0.0005,1.0235,1.0397,0.3599
1.2522,0.0005,0.7584,1.3480,0.3660
1.2097,0.0003,0.7719,1.2090,0.3430
1.4229,0.0003,0.9442,1.2610,0.3404
1.4405,0.0005,0.6601,1.5331,0.3428
1.1719,0.0007,0.6586,1.2237,0.3399
1.5940,0.0005,1.1276,1.2892,0.3634
1.3261,0.0005,0.7562,1.5928,0.5665
1.4935,0.0005,0.7160,1.3910,0.3566
1.6678,0.0004,1.0391,1.4139,0.3622
1.8349,0.0004,0.9228,2.1027,0.3487
1.4259,0.0005,0.8992,1.5089,0.3419
1.2166,0.0004,1.1152,1.2245,0.3420
1.1295,0.0005,0.6570,1.1278,0.3420
1.0607,0.0006,0.6197,1.0078,0.3458
1.8048,0.0006,1.0081,1.8067,0.3510
1.1817,0.0007,0.7474,1.1928,0.3463
1.2728,0.0006,0.7013,1.2442,0.3463
1.5197,0.0007,1.3158,1.5047,0.3626
1.6821,0.0011,0.9115,1.5202,0.3450
1.6265,0.0006,1.0070,1.8151,0.3601
1.4547,0.0004,1.2105,1.1865,0.3402
1.1041,0.0003,0.9564,1.1686,0.3402
1.2484,0.0004,0.6174,1.4545,0.3470
1.3178,0.0003,0.8705,1.3257,0.3374
1.2823,0.0003,0.6173,1.2659,0.3540
1.1442,0.0005,0.6625,1.0106,0.3390
1.3045,0.0003,1.1194,1.3119,0.3546
1.2092,0.0005,0.6017,1.3334,0.3508
1.0214,0.0003,0.5899,1.0295,0.3545
1.4386,0.0006,0.8510,1.1471,0.3799
1.5158,0.0008,0.8357,1.6685,0.5292
1.7383,0.0008,0.8385,1.7672,0.3653
1.6699,0.0008,1.4317,1.1635,0.3423
0.8543,0.0005,1.0935,1.3504,0.3423
1.3121,0.0004,0.6364,1.3486,0.3531
1.3654,0.0004,0.9420,1.3793,0.3413
1.1498,0.0004,0.6428,1.1077,0.3554
1.2191,0.0005,0.9402,1.2484,0.3513
1.1119,0.0004,1.0180,1.1122,0.3481
1.6022,0.0004,0.6789,1.4880,0.3438
1.1285,0.0005,0.7468,1.1495,0.3438
1.7931,0.0010,1.2064,1.2791,0.3629
1.0695,0.0010,1.3945,1.3289,0.3629
1.7851,0.0008,0.9278,2.0083,0.3607
1.3920,0.0007,1.1683,1.2701,0.3434
1.3885,0.0005,0.7805,1.4864,0.3606
1.6718,0.0006,0.6783,1.3508,0.3562
1.8116,0.0010,1.5103,1.3932,0.3463
0.6694,0.0005,1.1361,1.2376,0.3401
0.9589,0.0004,0.6336,1.0279,0.3401
1.5253,0.0005,0.9200,1.5151,0.3477
1.6063,0.0006,0.6043,1.5719,0.3432
1.5639,0.0004,0.6746,1.4728,0.3351
1.4240,0.0005,1.1272,1.4045,0.3351
2.2360,0.0009,0.9316,2.2495,0.3683
1.9441,0.0006,1.2752,1.9686,0.3481
1.6214,0.0007,1.4338,1.0125,0.3625
1.2116,0.0006,1.0560,1.6472,0.3529
1.4957,0.0006,0.8212,1.3751,0.3529
1.7393,0.0007,1.1626,1.9183,0.3614
1.2048,0.0005,0.8123,1.2176,0.3391
1.2178,0.0005,0.7429,1.2150,0.3375
1.7609,0.0006,1.0541,1.3795,0.3328
1.5004,0.0009,0.9712,1.8345,0.3328
2.4413,0.0010,1.4307,2.0537,0.3516
1.2995,0.0004,1.6967,1.3838,0.3678
1.1486,0.0003,0.8054,1.4771,0.3678
2.2280,0.0003,0.6735,2.1714,0.3433
1.6291,0.0004,1.2233,1.4366,0.4334
0.9283,0.0006,1.1463,1.0284,0.4334
1.8637,0.0004,0.8708,1.9432,0.3281
1.7099,0.0004,1.2160,1.6030,0.3422
1.3171,0.0005,0.8342,1.3739,0.3422
1.8966,0.0007,0.7374,1.4824,0.3640
1.5817,0.0007,1.3835,1.9945,0.3856
1.5981,0.0009,0.8954,1.2883,0.3856
1.9732,0.0006,0.9200,2.2487,0.3356
1.6997,0.0008,1.3063,1.7030,0.3610
1.6728,0.0008,1.0460,1.6064,0.3549
1.6137,0.0005,0.8866,1.6178,0.3574
1.2608,0.0004,1.2780,1.1818,0.3574
1.5768,0.0008,0.7129,1.6434,0.3522
1.4873,0.0008,0.8471,1.3638,0.3400
2.1781,0.0006,1.1179,2.1690,0.3428
1.7034,0.0006,0.9233,1.8359,0.3428
1.1062,0.0005,0.8900,1.1394,0.3735
1.5922,0.0005,1.2010,1.2858,0.3560
1.5960,0.0007,0.8436,1.9090,0.3457
1.7295,0.0006,1.1932,1.5286,0.3457
1.7235,0.0005,1.4824,1.6984,0.3423
1.6615,0.0005,0.9342,1.8823,0.3452
1.1750,0.0005,0.6445,1.1446,0.3550
1.5611,0.0005,1.0470,1.1667,0.3408
1.1906,0.0003,0.7434,1.6266,0.3293
1.3710,0.0005,0.5826,1.1137,0.3566
2.2532,0.0008,0.9660,2.4019,0.3859
1.4340,0.0006,0.7628,1.4740,0.3663
1.2510,0.0007,0.6888,1.1437,0.3663
2.1305,0.0007,0.9674,2.0817,0.3478
0.9457,0.0004,0.7534,1.1135,0.3478
1.5215,0.0005,0.6588,1.1870,0.3627
1.7726,0.0006,1.4074,2.0519,0.3585
1.3004,0.0007,0.8820,1.2131,0.3585
1.7375,0.0004,0.8988,1.7203,0.3465
2.0055,0.0003,1.0125,2.1213,0.3591
1.1006,0.0008,0.7077,0.8629,0.3591
2.1319,0.0009,0.7294,1.7861,0.4018
1.8121,0.0010,1.8869,1.6720,0.3592
0.7648,0.0006,1.2937,1.0064,0.3626
1.3684,0.0008,0.8333,1.3382,0.3413
1.6965,0.0008,1.2645,1.9693,0.3413
1.3277,0.0005,0.8003,1.0073,0.3605
1.4980,0.0005,0.8365,1.7077,0.3478
1.4064,0.0003,1.2037,1.5317,0.3478
1.3597,0.0006,0.6667,1.2109,0.3388
1.3207,0.0006,0.8006,1.4357,0.3457
1.0298,0.0004,1.0595,0.9741,0.3457
1.8778,0.0008,0.6323,1.9020,0.5038
1.5139,0.0005,0.7780,1.5433,0.3920
1.2355,0.0004,1.1159,1.2457,0.3417
1.3387,0.0007,0.6956,1.3471,0.3467
1.4329,0.0006,0.6116,1.0411,0.3407
1.1160,0.0003,1.0521,1.3618,0.3407
1.4390,0.0003,0.6967,1.4857,0.3395
1.7822,0.0004,0.5911,1.8760,0.3457
1.5882,0.0004,0.9297,1.5048,0.3471
1.4551,0.0005,0.8463,1.5071,0.3568
1.1769,0.0004,0.6878,0.8672,0.3345
1.1931,0.0005,1.0192,1.2757,0.3537
1.3519,0.0006,0.7799,1.5426,0.3537
2.0898,0.0008,0.7096,2.0668,0.3700
1.3998,0.0005,1.0852,1.0267,0.3560
1.3355,0.0005,0.8442,1.3882,0.3513
1.3962,0.0005,0.8420,1.6652,0.3364
1.3940,0.0005,1.1892,1.4135,0.3470
1.4188,0.0003,1.0974,1.4498,0.3470
1.3908,0.0004,0.6733,1.1845,0.3578
1.3170,0.0004,1.1289,1.5044,0.3443
1.4918,0.0006,0.6571,1.2460,0.3483
1.3883,0.0005,0.7878,1.6564,0.3483
1.7416,0.0004,1.2234,1.1454,0.3483
1.1748,0.0007,1.1594,1.6729,0.3327
1.3573,0.0004,1.0675,1.3578,0.3777
1.6163,0.0005,1.1512,1.3968,0.3413
1.5174,0.0005,1.0633,1.7987,0.3413
1.3286,0.0005,0.7326,0.9791,0.3353
1.3700,0.0006,1.3013,1.6234,0.3583
1.4165,0.0004,0.7731,1.5040,0.3495
1.0761,0.0004,0.6885,0.9359,0.3495
1.5684,0.0005,1.1488,1.3389,0.3461
1.0232,0.0005,1.0740,1.1778,0.3685
1.1265,0.0003,0.7898,1.2360,0.3685
1.6850,0.0007,0.9107,1.4483,0.3590
1.5377,0.0008,1.0382,1.4702,0.3718
1.2469,0.0006,1.3292,1.5931,0.3428
1.7958,0.0006,1.0472,1.8007,0.3358
1.3194,0.0007,0.6545,0.9464,0.3412
1.6044,0.0006,0.8448,1.9212,0.3412
1.5482,0.0004,1.0731,1.5736,0.3686
1.2808,0.0004,0.7580,0.9880,0.3575
1.2569,0.0003,0.7433,1.4440,0.3575
1.3707,0.0005,0.9368,1.5022,0.3468
1.3209,0.0004,0.6305,1.3158,0.3440
1.6437,0.0004,0.6384,1.6267,0.3390
1.2706,0.0003,1.1459,0.9302,0.3503
1.9898,0.0005,0.7600,2.2705,0.3731
1.0814,0.0006,0.7568,1.0054,0.3731
1.1225,0.0005,1.0610,1.2243,0.3595
1.5568,0.0008,0.7381,1.3642,0.3532
1.5593,0.0007,0.9087,1.7284,0.3523
1.4940,0.0005,1.0091,1.5044,0.3524
2.8833,0.0012,0.7125,1.2897,0.3524
1.7944,0.0005,1.1682,3.0999,0.3536
1.6726,0.0005,1.4859,1.7301,0.3536
1.6659,0.0007,0.9315,1.7803,0.3526
1.8653,0.0009,0.7977,1.8547,0.3834
1.7210,0.0008,1.5737,1.2870,0.3538
1.2565,0.0007,1.0592,1.7246,0.3390
1.5155,0.0006,1.0519,1.4267,0.3390
1.6525,0.0004,1.2512,1.5522,0.3490
1.9496,0.0005,0.8408,1.9255,0.3416
1.3172,0.0006,0.7702,1.3828,0.3416
1.2918,0.0003,1.1195,1.2809,0.3517
1.5815,0.0004,0.7768,1.7524,0.3472
1.8602,0.0005,0.6304,1.7651,0.3395
1.8822,0.0005,1.4131,1.9342,0.3723
1.6958,0.0005,1.0242,1.7179,0.3723
1.4703,0.0004,0.6707,1.4818,0.3429
1.5013,0.0005,1.0959,1.4846,0.3421
1.9421,0.0005,0.8338,1.9514,0.3350
1.5394,0.0003,0.6107,1.5230,0.3350
1.3526,0.0003,1.0679,1.2452,0.3404
1.5103,0.0005,0.9056,1.5583,0.3290
1.3784,0.0004,0.6292,1.0498,0.3375
1.3333,0.0005,1.2807,1.3548,0.3375
1.2799,0.0009,0.7353,1.2502,0.3642
1.7680,0.0008,0.7220,1.8975,0.3485
1.6393,0.0005,1.2110,1.4482,0.3384
1.3436,0.0006,0.8983,1.4315,0.3462
1.3491,0.0005,0.7813,1.3194,0.3444
1.6990,0.0005,1.0694,1.9590,0.3444
1.9209,0.0004,0.7105,1.5143,0.3321
1.6838,0.0004,0.7527,2.1605,0.3321
1.5561,0.0003,1.1078,1.2975,0.3572
1.1796,0.0005,1.1009,1.1598,0.3572
1.4361,0.0005,0.7133,1.3923,0.3393
1.9049,0.0008,1.2032,1.8304,0.3997
1.2592,0.0004,1.3775,1.1375,0.3737
1.6675,0.0003,0.9948,2.0751,0.3554
1.2799,0.0004,0.9544,1.1609,0.3554
1.6149,0.0005,0.7290,1.5076,0.3505
1.2304,0.0006,0.7812,1.4656,0.3545
1.4011,0.0006,1.0567,1.3915,0.3617
1.3269,0.0003,0.6839,1.2132,0.3531
1.6895,0.0005,0.6875,1.7713,0.3482
1.0249,0.0004,1.1423,0.7415,0.3482
1.0940,0.0003,0.6784,1.2226,0.3662
1.8129,0.0006,0.6021,1.6762,0.3740
1.8719,0.0011,1.1067,1.9527,0.3648
1.5910,0.0006,1.0103,1.5801,0.3428
1.3041,0.0004,0.9274,1.2735,0.3428
1.3612,0.0005,1.1593,1.4363,0.3444
1.4484,0.0004,0.7621,1.3165,0.3444
1.6785,0.0005,0.7984,1.8829,0.3508
1.4214,0.0006,1.2303,1.0983,0.3534
1.0202,0.0005,0.8731,1.2413,0.3534
1.4970,0.0004,0.6324,1.3608,0.3413
1.1072,0.0004,1.0372,1.2304,0.3518
1.4264,0.0005,0.7370,1.5030,0.3654
1.4878,0.0004,0.7089,1.4988,0.3654
1.8055,0.0007,1.0161,1.7717,0.3682
1.2436,0.0005,0.7718,1.2839,0.3486
0.8943,0.0004,0.6819,0.8993,0.3486
1.4804,0.0004,0.9709,1.4900,0.3380
1.2973,0.0005,0.6345,1.2046,0.3621
1.1417,0.0004,0.7078,1.2336,0.3621
1.4788,0.0004,1.1390,1.0099,0.3459
1.4536,0.0005,0.9309,1.8991,0.3449
1.5055,0.0004,0.6403,1.5158,0.3588
2.0053,0.0004,1.0466,1.9712,0.3572
1.2759,0.0004,0.7856,1.2589,0.3477
1.5018,0.0007,0.6099,1.3332,0.3477
1.7691,0.0008,1.0889,1.5488,0.3458
1.1510,0.0006,1.0259,1.2420,0.3458
1.0389,0.0007,1.0785,1.3169,0.3763
1.3248,0.0006,1.4209,1.0518,0.3763
1.2921,0.0007,0.7758,1.5662,0.3331
1.3977,0.0005,0.6145,1.4025,0.3466
1.4508,0.0006,1.0842,1.2066,0.3656
1.4327,0.0005,0.8665,1.5144,0.3458
1.6105,0.0005,0.8649,1.3660,0.3412
1.0174,0.0004,1.3326,1.3548,0.3412
1.4559,0.0006,0.7020,1.4963,0.3454
1.5641,0.0009,0.7432,1.5077,0.3454
1.7001,0.0008,1.0693,1.1673,0.3396
1.6044,0.0004,0.8359,2.1668,0.3489
1.6306,0.0005,0.6428,1.2551,0.3252
1.7856,0.0004,0.9984,2.1304,0.3438
1.4597,0.0005,0.6396,1.3936,0.3405
1.6296,0.0004,0.7291,1.2277,0.3328
1.6319,0.0007,1.0024,1.7059,0.3489
0.9892,0.0005,0.9575,1.3916,0.3489
1.7966,0.0003,0.6223,1.6047,0.3521
1.8693,0.0004,0.8819,2.0087,0.3347
1.5452,0.0005,0.6713,1.5428,0.3564
1.9468,0.0006,0.7251,1.8261,0.3525
1.5226,0.0003,1.3797,1.1661,0.3509
1.0666,0.0004,0.9472,1.2427,0.3509
1.5127,0.0004,0.7238,1.8055,0.3458
1.6243,0.0003,0.9010,1.6116,0.3480
2.3860,0.0007,0.6263,2.1390,0.3460
1.4309,0.0005,1.0234,1.6490,0.3522
1.5722,0.0004,1.4310,1.5877,0.3517
1.4533,0.0004,0.7931,1.4498,0.3517
1.5648,0.0007,0.6124,1.3992,0.3782
1.8789,0.0007,1.1295,1.5625,0.3518
1.4838,0.0006,0.9183,1.8727,0.3633
1.4624,0.0006,0.6959,1.3573,0.3503
1.7167,0.0007,1.1007,1.8708,0.3535
1.2354,0.0005,0.6507,0.9563,0.3535
2.0516,0.0008,0.6885,2.2273,0.3380
1.5916,0.0008,1.7707,0.8713,0.3528
0.8156,0.0173,1.0117,1.1509,0.3528
1.5571,0.0008,0.7037,1.6094,0.3546
1.4908,0.0007,1.0018,1.4667,0.3602
1.9527,0.0007,0.7334,1.8758,0.3603
1.5008,0.0004,1.0439,1.3757,0.3483
1.4247,0.0005,1.2737,1.7187,0.3483
1.5129,0.0004,0.8357,1.3185,0.3435
1.4944,0.0006,0.9791,1.7799,0.3435
1.8303,0.0005,0.9647,1.6423,0.3539
1.0541,0.0004,0.8940,1.0737,0.3539
1.2689,0.0003,0.7467,1.4323,0.3531
1.5291,0.0003,1.0258,1.1420,0.3395
1.0096,0.0003,0.8015,1.2439,0.3395
1.9285,0.0004,0.6529,2.0703,0.3607
1.3642,0.0005,1.0668,1.3293,0.3607
1.6296,0.0005,0.7346,1.6244,0.3980
1.2847,0.0003,0.7042,1.2924,0.3612
1.3525,0.0005,0.9661,1.1395,0.3612
1.7825,0.0005,0.6401,1.9541,0.3376
1.3372,0.0005,0.6802,1.0711,0.3376
1.2634,0.0005,1.2048,1.5682,0.3345
1.3563,0.0005,0.6731,1.2420,0.3583
1.2757,0.0003,0.6670,1.3603,0.3448
1.8625,0.0005,0.9483,1.8583,0.3402
0.8325,0.0005,0.6581,0.8568,0.3402
1.2934,0.0009,0.6067,1.2608,0.3431
1.4184,0.0006,1.0731,1.3494,0.3534
2.0920,0.0007,0.8571,2.0273,0.3682
1.0538,0.0005,0.9822,0.7963,0.3682
1.7407,0.0005,1.2187,2.0020,0.3406
1.4192,0.0005,0.7313,1.4770,0.3406
1.4745,0.0005,0.6149,1.1878,0.3503
1.9599,0.0005,0.9432,2.2307,0.3478
1.2827,0.0006,0.6373,1.1441,0.3478
1.3763,0.0005,0.6456,1.2462,0.3451
1.8965,0.0004,1.2463,2.0943,0.3447
1.3445,0.0005,0.7782,1.1491,0.3261
1.7745,0.0007,0.7181,1.6354,0.3531
1.6534,0.0003,1.1979,1.7116,0.3775
1.6506,0.0007,0.7315,1.5654,0.3501
2.1308,0.0005,0.8341,2.4924,0.3738
1.1635,0.0004,1.3017,1.2035,0.3738
1.5749,0.0004,0.6399,1.3236,0.3403
1.4506,0.0004,0.6162,1.6852,0.3656
1.3434,0.0004,1.0662,1.0931,0.3546
1.0992,0.0004,0.8825,1.3385,0.3546
1.5687,0.0003,0.5692,1.3986,0.3396
1.7610,0.0004,0.9293,1.8550,0.3437
1.5560,0.0006,0.7517,1.5722,0.3514
1.6589,0.0004,0.8170,1.5506,0.3467
1.8177,0.0005,1.1687,1.8113,0.3397
1.6224,0.0003,0.7808,1.5560,0.3430
1.6256,0.0005,0.6740,1.4586,0.3418
1.4932,0.0004,1.4165,1.3586,0.3572
1.2595,0.0004,0.9670,1.4921,0.3572
1.6360,0.0003,0.7535,1.5079,0.3418
1.2975,0.0004,1.0760,1.5637,0.3418
2.0556,0.0004,0.6669,2.0904,0.3481
1.7894,0.0004,0.7406,1.3962,0.3721
1.7178,0.0008,1.9342,1.3060,0.3710
0.7106,0.0006,0.9864,0.8967,0.3581
1.5665,0.0003,0.6747,1.7550,0.3704
1.0568,0.0003,0.9955,0.9483,0.3704
1.6118,0.0004,0.6310,1.6830,0.3589
1.6731,0.0005,0.7893,1.7077,0.3490
1.5135,0.0005,1.0990,1.5184,0.3490
1.5399,0.0004,0.7456,1.2831,0.3579
1.6924,0.0007,0.9008,1.8584,0.3570
1.5518,0.0006,1.4217,0.7718,0.3502
0.8734,0.0006,1.1091,1.0771,0.3502
1.5010,0.0006,0.7532,1.8171,0.3587
1.4062,0.0006,1.0422,1.3326,0.3811
1.7412,0.0006,1.0304,1.6077,0.3531
1.5104,0.0005,0.7595,1.4787,0.3705
1.3791,0.0006,0.9933,1.6177,0.3557
1.8522,0.0005,0.7008,1.8505,0.3470
1.7243,0.0004,0.6929,1.6609,0.3528
1.2340,0.0004,0.9719,1.3082,0.3514
0.9826,0.0005,0.6287,0.8823,0.3514
1.1205,0.0005,0.7436,1.1224,0.3665
1.3898,0.0008,1.1655,1.2015,0.3479
1.1527,0.0010,0.9803,1.3087,0.3515
1.8681,0.0010,0.9360,1.9075,0.4136
1.2064,0.0004,1.0852,1.2490,0.4136
1.1824,0.0005,0.7445,1.1052,0.3507
1.3841,0.0005,0.6551,1.3237,0.3473
1.4753,0.0006,1.0370,1.5166,0.3681
1.6523,0.0005,0.6583,1.7199,0.3526
1.2619,0.0004,0.6305,1.1306,0.3526
2.0013,0.0005,1.1223,2.0114,0.3487
1.4711,0.0004,0.8703,1.5754,0.3487
1.2156,0.0004,0.6361,1.2033,0.3451
1.5460,0.0005,0.9461,1.5073,0.3722
2.0359,0.0009,0.7278,1.9683,0.3757
1.4010,0.0010,0.8324,1.0801,0.3556
1.7500,0.0008,1.5007,2.0718,0.3606
1.5818,0.0008,1.0113,1.6363,0.3606
1.5308,0.0009,0.7232,1.1690,0.3485
1.7999,0.0009,1.1922,2.1173,0.3483
1.4619,0.0007,0.8128,1.3884,0.3448
1.3155,0.0006,0.8862,1.3749,0.3448
1.9504,0.0006,1.2835,1.9532,0.3425
1.4929,0.0007,0.9287,1.3626,0.3258
1.8496,0.0009,0.9193,1.8906,0.3660
1.9057,0.0007,1.3108,1.9500,0.3924
1.8480,0.0009,1.0851,1.4374,0.3435
1.9501,0.0007,1.1062,2.2488,0.3452
1.4104,0.0007,1.3319,1.1732,0.3452
1.6851,0.0010,0.8024,1.7962,0.3462
1.4079,0.0005,0.8556,1.6636,0.3575
1.8558,0.0007,0.9717,1.8359,0.3613
1.3975,0.0005,0.7652,1.3184,0.3379
1.8674,0.0007,1.0370,1.8991,0.3493
1.6198,0.0007,1.1856,1.6053,0.3445
1.3578,0.0007,0.9869,1.2837,0.3546
1.6128,0.0004,0.7735,1.4870,0.3446
1.9341,0.0003,1.0625,2.1802,0.3477
1.3677,0.0003,0.7106,1.3563,0.3477
1.8335,0.0007,0.6805,1.5399,0.3405
1.8286,0.0006,1.4112,2.0429,0.3525
1.3674,0.0008,0.9149,1.3913,0.3525
1.7295,0.0007,0.7806,1.6658,0.3372
1.7033,0.0005,1.1979,1.6928,0.3523
1.9039,0.0010,0.9427,1.8871,0.3733
1.5410,0.0008,0.9495,1.4297,0.3551
1.8897,0.0008,1.6649,1.4232,0.3499
1.0764,0.0007,1.2403,1.6676,0.3499
1.8881,0.0009,0.7960,1.8366,0.3585
1.6587,0.0007,1.1978,1.6176,0.3585
1.5430,0.0008,0.9668,1.6122,0.3450
1.6305,0.0005,0.8889,1.6190,0.3450
1.8259,0.0006,1.4068,1.8271,0.3388
1.5631,0.0007,0.9075,1.4550,0.3388
2.5350,0.0009,0.9333,2.5423,0.3679
1.3517,0.0009,1.4241,0.9161,0.3419
1.2625,0.0006,0.9705,1.5956,0.3419
1.7181,0.0005,0.9932,1.7633,0.3694
1.9558,0.0008,1.2086,1.8963,0.3559
1.3138,0.0005,1.0728,1.3922,0.3559
1.6822,0.0008,0.7660,1.2572,0.3429
1.4401,0.0007,1.1509,1.7241,0.3469
1.4625,0.0004,0.7828,1.4441,0.3456
1.5358,0.0005,0.7819,1.6548,0.3456
1.8047,0.0005,1.0768,1.7473,0.5383
1.3426,0.0007,0.9415,1.3357,0.3638
1.4779,0.0010,0.8315,1.4588,0.3638
1.5831,0.0006,1.3876,1.2711,0.3510
1.6157,0.0006,0.9838,1.9854,0.3510
1.5673,0.0006,0.7430,1.4798,0.3388
1.4268,0.0008,1.2577,1.3630,0.3388
1.8598,0.0004,0.8052,1.9497,0.3482
1.9612,0.0006,0.8305,1.8688,0.3525
1.2779,0.0006,1.3787,1.2519,0.3401
2.1400,0.0009,0.8468,2.1113,0.5483
2.0028,0.0009,1.0523,1.9431,0.3661
1.4309,0.0011,1.6355,1.5959,0.3483
1.9780,0.0009,0.8855,1.9665,0.3483
1.5087,0.0005,0.7919,1.4544,0.3456
2.1129,0.0007,1.6912,1.1524,0.3511
1.1273,0.0006,1.3144,1.6266,0.3511
1.5409,0.0007,0.7285,1.4916,0.3474
1.9808,0.0006,1.2433,2.0956,0.3344
1.6062,0.0006,0.8492,1.1235,0.3344
1.6378,0.0010,0.9355,1.8520,0.3569
2.0290,0.0008,1.4566,2.2468,0.3467
1.8986,0.0008,0.9221,1.8502,0.3355
1.7018,0.0008,0.9162,1.7561,0.3355
2.0990,0.0007,1.1831,2.0276,0.3529
1.4521,0.0004,0.9901,1.1974,0.3501
1.5585,0.0007,0.9264,1.5130,0.3545
1.7598,0.0006,1.4307,2.1219,0.3423
1.2761,0.0008,0.9100,1.2449,0.3423
1.7189,0.0007,0.7506,1.3704,0.3701
2.2926,0.0009,1.1612,2.6246,0.3786
1.3629,0.0003,0.9327,1.4377,0.3502
1.1668,0.0003,0.7464,1.0112,0.3502
1.7191,0.0006,1.0065,1.8129,0.3410
1.5864,0.0007,0.7865,1.3256,0.3350
1.8698,0.0006,0.8449,2.1358,0.3550
1.4639,0.0005,1.1321,1.1672,0.3359
1.5824,0.0006,0.7778,1.8799,0.3425
1.6493,0.0004,0.6370,1.6434,0.3448
1.6221,0.0004,0.9716,1.6215,0.3448
2.1738,0.0006,0.6886,1.5774,0.3641
1.5000,0.0005,1.1369,2.0240,0.3559
1.6380,0.0007,1.1520,1.4996,0.3402
1.8299,0.0006,0.9460,1.9745,0.3658
1.3416,0.0005,0.9121,1.0836,0.3658
2.0039,0.0005,1.2108,2.2903,0.3565
1.9025,0.0005,0.6793,1.7372,0.3404
1.3606,0.0003,0.8763,1.4905,0.3448
1.9249,0.0006,1.2574,1.8219,0.3299
2.1108,0.0008,0.9795,2.1118,0.3485
1.3963,0.0004,1.1115,1.4526,0.3485
1.7685,0.0006,1.2706,1.7573,0.3465
1.8361,0.0006,0.8686,1.8387,0.3465
1.6727,0.0004,0.9411,1.6735,0.3514
1.8919,0.0004,1.2721,1.8971,0.3334
1.6614,0.0003,0.7725,1.5642,0.3468
1.4393,0.0005,0.7941,1.4410,0.3449
1.7854,0.0005,0.9848,1.7235,0.3349
2.1882,0.0008,0.7070,2.1837,0.3442
1.8783,0.0009,1.3298,1.1950,0.9502
1.5844,0.0007,2.0023,2.1538,0.3443
1.6723,0.0004,1.0165,1.9179,0.3327
1.8155,0.0006,0.7473,1.7861,0.3676
1.5068,0.0004,1.0474,1.4169,0.3560
1.4842,0.0009,0.8354,1.5884,0.3445
1.3767,0.0005,0.7073,1.3902,0.3445
1.5859,0.0003,1.1174,1.5883,0.3388
1.3842,0.0004,0.7561,1.3587,0.3410
1.4577,0.0004,0.7518,1.3741,0.3410
1.8429,0.0006,1.3207,1.6329,0.3427
1.4977,0.0010,1.3957,1.4292,0.5320
1.8274,0.0007,1.1036,1.9267,0.3480
1.9682,0.0009,1.1292,2.1432,0.3363
1.5181,0.0006,0.8633,1.5336,0.3465
1.6744,0.0007,0.8577,1.6868,0.3349
1.5249,0.0007,1.1007,1.5368,0.3679
1.3660,0.0007,0.6749,1.3236,0.3679
1.5367,0.0004,0.7028,1.4750,0.3368
1.6839,0.0004,1.2955,1.3808,0.3515
1.9780,0.0006,0.9912,2.2533,0.3524
2.2130,0.0005,0.8526,2.1950,0.3715
1.6065,0.0005,1.4646,1.5954,0.3487
1.6047,0.0006,0.9611,1.5962,0.3487
1.6980,0.0007,0.9615,1.7673,0.3465
1.7437,0.0004,1.3173,1.6889,0.3629
1.4316,0.0004,0.8890,1.5132,0.3629
1.6526,0.0005,0.7270,1.6087,0.3414
1.5471,0.0006,1.1073,1.3443,0.3362
1.5077,0.0004,0.9082,1.5394,0.3346
1.7527,0.0011,0.9441,1.8557,0.3485
2.1810,0.0010,1.2682,2.0449,0.3741
1.2111,0.0006,1.2095,0.8530,0.3463
1.4591,0.0008,1.1281,1.8898,0.3477
1.2103,0.0005,1.3094,1.2815,0.3556
1.4093,0.0006,0.7973,1.1742,0.3536
1.3395,0.0006,0.8463,1.4329,0.3404
1.7404,0.0006,1.5298,1.2304,0.3458
0.8935,0.0005,1.0665,1.2040,0.3727
1.7065,0.0005,0.8464,1.9070,0.3471
1.8293,0.0006,1.1628,1.8328,0.3433
1.7066,0.0007,0.9286,1.6840,0.3733
2.0115,0.0007,0.9264,1.8418,0.5989
1.8872,0.0006,1.4379,2.0184,0.3624
1.4960,0.0005,0.9249,1.5544,0.3580
1.1595,0.0004,0.7676,1.1468,0.3580
2.0101,0.0006,1.0468,1.9943,0.3354
1.3950,0.0007,0.8119,1.2226,0.3526
1.9526,0.0007,0.7931,1.9622,0.3339
1.9517,0.0007,1.3748,2.0948,0.3536
1.3814,0.0009,0.9067,1.0965,0.3536
1.6482,0.0010,1.2252,1.8598,0.3708
1.5295,0.0008,1.5453,1.5528,0.3708
1.7967,0.0005,0.9681,1.7052,0.3645
1.6561,0.0003,0.9474,1.6948,0.3645
1.5690,0.0004,1.4411,1.6379,0.3420
1.7226,0.0003,0.9526,1.5658,0.3514
2.0881,0.0005,0.8074,2.1987,0.3379
1.8149,0.0006,1.1404,1.2849,0.3317
1.5148,0.0005,0.9743,2.0505,0.3317
1.6621,0.0004,0.8010,1.3276,0.3431
1.9875,0.0006,1.1679,2.0127,0.3450
1.8364,0.0006,1.2413,2.1114,0.3466
1.5250,0.0007,1.1496,1.4407,0.3410
1.4325,0.0005,1.2462,1.5360,0.3410
1.6492,0.0004,0.8221,1.6508,0.3536
1.3740,0.0004,0.9426,1.3439,0.3536
1.5255,0.0003,1.2011,1.4566,0.3414
2.0202,0.0005,0.7351,1.5220,0.3425
1.3900,0.0006,1.0081,1.5539,0.3457
1.8308,0.0006,1.5165,1.7641,0.3602
1.1595,0.0006,1.1915,1.4025,0.3602
1.7355,0.0007,0.8279,1.6994,0.3706
1.9169,0.0006,1.4607,2.1100,0.3606
1.3932,0.0006,0.9427,1.2445,0.3481
1.7667,0.0009,0.9073,1.6345,0.3305
1.5856,0.0005,1.3145,1.7104,0.3490
2.3470,0.0005,0.8799,2.3964,0.3593
1.1470,0.0005,0.8144,1.1302,0.3589
1.7393,0.0004,1.3856,1.8085,0.3392
1.4006,0.0003,0.9363,1.3046,0.3392
1.7717,0.0008,0.8465,1.6726,0.3393
1.9863,0.0007,1.2641,1.8407,0.3898
2.4868,0.0006,1.1137,2.7640,0.3652
1.3743,0.0006,1.0788,1.2593,0.3363
1.6624,0.0006,1.4830,1.7362,0.3492
1.2253,0.0004,0.9937,1.3443,0.3378
1.5939,0.0005,0.6656,1.2791,0.3378
1.5982,0.0006,1.1486,1.7249,0.3419
1.6573,0.0008,0.7985,1.7966,0.3654
1.3951,0.0004,0.7689,1.0429,0.3515
1.5417,0.0008,1.5859,1.7742,0.3515
2.2651,0.0006,0.9342,2.2655,0.3343
1.3879,0.0004,0.9129,1.4902,0.3343
2.0612,0.0003,1.2753,1.9778,0.3411
1.4673,0.0005,0.9230,1.5438,0.3411
1.8210,0.0003,0.6808,1.7372,0.3423
2.0721,0.0006,1.3169,2.0815,0.3432
1.7020,0.0003,1.0678,1.7423,0.3460
1.3672,0.0004,0.7421,1.3921,0.3548
1.4412,0.0004,1.2021,1.4316,0.3548
1.6024,0.0007,0.8963,1.5106,0.3450
1.7884,0.0007,0.7859,1.7791,0.5479
1.2441,0.0005,1.5401,1.1157,0.3682
1.8084,0.0006,0.8482,1.8772,0.3383
1.2941,0.0005,1.0285,1.2466,0.3383
1.7595,0.0007,1.0349,1.7657,0.3469
1.9092,0.0007,0.7655,1.9983,0.3520
2.0701,0.0006,0.7877,2.0898,0.3331
1.4973,0.0006,1.2260,1.5039,0.3396
1.6161,0.0008,0.9612,1.4942,0.3425
1.2940,0.0009,0.7945,1.1662,0.3425
1.9817,0.0007,1.8886,1.9809,0.3614
0.7889,0.0007,1.0844,0.8107,0.3614
1.7857,0.0003,0.8005,1.9090,0.3521
1.9513,0.0011,1.4936,0.8665,0.3475
0.9876,0.0007,1.3397,0.8665,0.3503
1.2701,0.0007,0.9382,1.0639,0.3531
1.6820,0.0006,1.8988,1.4595,0.3576
0.7985,0.0007,1.1211,0.9678,0.3430
1.2105,0.0008,0.6849,1.4899,0.3430
1.4055,0.0009,1.0855,1.2989,0.3636
1.8601,0.0008,0.8580,1.8105,0.3608
1.4070,0.0007,1.0096,1.3984,0.3717
1.8217,0.0006,1.5727,1.5491,0.3586
1.6341,0.0008,1.1121,1.7536,0.3427
1.5904,0.0006,0.9140,1.7198,0.3566
1.5160,0.0007,1.4599,1.4495,0.3566
1.6907,0.0004,0.9289,1.2062,0.3675
1.4362,0.0005,0.9281,1.9849,0.3675
1.8720,0.0006,1.0601,1.5974,0.3526
1.5792,0.0004,0.7855,1.8649,0.3569
1.5651,0.0004,0.8173,1.4170,0.3521
2.0195,0.0010,1.4603,2.1660,0.3742
1.5529,0.0008,1.1264,1.5991,0.3572
1.4792,0.0006,0.9798,1.4708,0.3572
1.5153,0.0007,1.3233,1.3228,0.3437
1.3651,0.0007,1.1002,1.4045,0.3438
1.5235,0.0007,0.7692,1.5057,0.3614
1.7645,0.0009,1.0338,1.8006,0.3424
1.6484,0.0007,0.8679,1.7558,0.3486
1.6462,0.0007,0.7396,0.9967,0.3414
1.8904,0.0004,1.3195,2.4967,0.3403
1.6396,0.0007,0.8177,1.3033,0.3403
2.3004,0.0009,1.0613,2.4925,0.3409
1.3964,0.0008,1.5866,1.4508,0.3409
1.7581,0.0008,0.9372,1.8377,0.3477
1.7325,0.0009,0.9203,1.4647,0.3434
2.0118,0.0008,1.2857,2.2269,0.3487
1.3721,0.0004,0.8509,1.4331,0.3487
1.6807,0.0004,0.7935,1.4950,0.3418
1.8882,0.0005,1.2786,2.0502,0.3310
1.7040,0.0013,0.8498,1.4674,0.3258
2.2459,0.0011,0.9244,2.2307,0.3541
1.3526,0.0009,1.5869,1.5709,0.3528
2.1800,0.0003,0.9182,2.1399,0.3426
1.3442,0.0005,0.8458,1.3678,0.3426
1.6738,0.0004,1.0917,1.6371,0.3367
1.7531,0.0003,0.8023,1.7364,0.3332
1.6954,0.0004,0.9171,1.4564,0.3341
1.6289,0.0006,1.1067,1.6352,0.3452
1.3725,0.0005,0.8514,1.6332,0.3418
1.6671,0.0008,0.9169,1.5758,0.3475
1.4007,0.0007,1.1845,1.4746,0.3451
1.6416,0.0009,0.8303,1.5756,0.3872
2.1490,0.0010,1.1109,2.1566,0.3531
1.3403,0.0007,1.5049,1.1118,0.3531
1.8477,0.0007,1.0225,1.6778,0.3538
2.2465,0.0007,1.0418,2.4773,0.3430
1.4494,0.0006,1.5224,1.2752,0.3430
1.5298,0.0007,0.9326,1.7943,0.3491
1.8055,0.0006,0.8300,1.5177,0.3526
2.2134,0.0011,1.4591,2.0390,0.3526
1.5505,0.0010,1.2972,1.9054,0.3777
1.7335,0.0009,1.2317,1.8441,0.3393
1.2677,0.0006,1.3476,1.3244,0.3393
1.5627,0.0008,0.7428,1.2985,0.3524
1.6052,0.0010,0.7191,1.6158,0.3558
1.9544,0.0004,1.0868,2.1496,0.3365
1.2709,0.0007,0.8107,1.0543,0.3365
1.4625,0.0006,0.7944,1.5693,0.3589
2.0980,0.0005,1.2489,2.0716,0.3490
1.3232,0.0011,1.0978,0.9494,0.3490
1.6192,0.0009,1.1691,2.0896,0.3976
1.7065,0.0007,1.1589,1.3446,0.3598
1.6125,0.0005,0.9871,1.7350,0.3404
1.8090,0.0004,1.0262,2.0541,0.3404
1.5990,0.0004,1.0636,1.4534,0.3359
1.6762,0.0007,0.9216,1.8256,0.3460
1.6244,0.0006,0.9068,1.6358,0.3587
1.3243,0.0004,1.4083,1.3246,0.3587
1.6211,0.0005,0.8028,1.4288,0.3481
2.2227,0.0011,0.7292,2.2211,0.3645
2.1369,0.0008,1.8086,1.4380,0.3691
0.8396,0.0006,1.4483,1.3480,0.3783
1.1436,0.0006,0.7523,1.0836,0.3383
1.5519,0.0006,1.1305,1.6992,0.3522
1.5462,0.0007,0.8797,1.4343,0.3522
2.0710,0.0005,0.8774,2.3249,0.3439
1.5141,0.0005,1.2917,1.5450,0.3439
1.6578,0.0008,0.8957,1.3547,0.3269
1.7849,0.0006,0.7867,1.7851,0.3480
1.4761,0.0006,1.4366,1.7601,0.3480
2.2298,0.0011,0.9191,2.1474,0.3950
1.3627,0.0008,1.1654,1.4289,0.3546
1.3457,0.0006,1.1642,0.8462,0.3458
1.1266,0.0007,0.8405,1.6447,0.3458
1.9419,0.0008,0.6468,1.9092,0.3481
1.6499,0.0008,1.0559,1.2410,0.3481
2.1166,0.0009,0.8536,2.3314,0.3375
1.4393,0.0005,1.0584,1.5771,0.3663
1.2417,0.0007,1.1831,1.2625,0.3663
1.4263,0.0005,0.8289,1.4311,0.3767
1.4374,0.0008,0.7444,1.1969,0.3767
2.2269,0.0007,1.5076,2.3268,0.3921
1.6108,0.0007,0.9253,1.5198,0.3501
1.2239,0.0005,0.9163,1.3274,0.3392
1.7031,0.0007,1.0620,1.7462,0.3612
0.9766,0.0005,0.6991,0.8021,0.3612
1.4866,0.0005,0.8152,1.4213,0.3492
1.3149,0.0006,1.1647,1.3236,0.3492
1.5696,0.0007,0.7674,1.4490,0.3581
2.4335,0.0008,0.9147,2.5549,0.3676
1.3178,0.0006,1.4900,1.4602,0.3590
1.1655,0.0008,0.8113,1.1802,0.3590
1.3729,0.0008,0.7422,1.3306,0.3647
1.9493,0.0009,1.1757,1.9288,0.3477
1.5228,0.0004,0.9632,1.5739,0.3414
1.3558,0.0004,0.7359,1.2794,0.3414
1.3299,0.0006,1.4106,1.3283,0.3609
1.6898,0.0008,0.7385,1.7560,0.3489
1.7845,0.0009,0.6905,1.5819,0.3414
1.8953,0.0012,1.2930,1.8493,0.3396
1.6054,0.0006,1.0973,1.6820,0.3487
0.9586,0.0005,0.8604,0.9549,0.3487
1.9527,0.0008,1.0621,1.9194,0.3281
1.8752,0.0007,0.9701,1.9736,0.3850
1.6841,0.0008,0.8891,1.5764,0.3311
1.4411,0.0005,1.2926,1.5870,0.3311
1.5933,0.0009,0.7642,1.2874,0.3545
1.5127,0.0007,0.9269,1.8155,0.3523
1.2035,0.0006,1.3421,1.0609,0.3523
1.6852,0.0005,0.7683,1.8089,0.3742
1.6422,0.0006,0.7869,1.5401,0.3337
1.3800,0.0005,1.3409,1.2269,0.3337
1.7784,0.0004,0.8616,1.9639,0.3621
1.5875,0.0003,0.7425,1.6129,0.3729
1.4405,0.0004,1.2421,1.3128,0.3379
1.3051,0.0005,0.9452,1.3599,0.3379
1.6170,0.0004,0.6892,1.3425,0.3537
1.3705,0.0006,1.2010,1.3959,0.3412
1.2976,0.0004,0.9851,1.4167,0.3412
2.0528,0.0005,0.8403,2.1655,0.3453
1.6721,0.0003,1.2895,1.7204,0.3458
1.8292,0.0004,0.8787,1.8489,0.3403
1.2477,0.0010,0.6486,0.9559,0.3403
1.7384,0.0007,1.1235,1.6608,0.3318
1.7316,0.0008,1.1177,2.0358,0.3895
1.5683,0.0006,1.0192,1.5734,0.3615
1.7398,0.0005,1.3299,1.7337,0.3373
1.8803,0.0010,0.9127,1.7358,0.3602
1.9891,0.0009,1.0491,2.0586,0.3400
1.2382,0.0006,1.8760,1.2900,0.3476
1.5357,0.0006,0.8017,1.4726,0.3476
1.4135,0.0004,0.7030,1.5070,0.3338
1.5462,0.0003,1.1263,1.5420,0.3441
1.4218,0.0006,0.7273,1.1659,0.3471
1.8706,0.0006,0.7131,2.0761,0.3677
1.2290,0.0006,1.1137,1.0494,0.3677
1.3327,0.0005,0.7290,1.5371,0.3630
1.4293,0.0008,0.6405,1.0925,0.3442
1.2006,0.0008,1.1631,1.4996,0.3442
1.5781,0.0004,0.7725,1.5296,0.3701
1.5683,0.0003,0.7598,1.3076,0.3509
0.9608,0.0004,1.0645,1.2974,0.3509
1.5653,0.0006,0.6836,1.5242,0.3535
1.8984,0.0005,0.6824,1.7505,0.3415
1.1754,0.0006,1.0900,1.1537,0.3415
1.6469,0.0007,0.8556,1.7504,0.3600
1.7564,0.0005,0.8119,1.7770,0.3717
1.2759,0.0005,1.0971,1.1943,0.3432
1.5738,0.0004,0.8011,1.6750,0.3434
1.6839,0.0007,0.8004,1.6399,0.3494
1.5981,0.0006,1.1737,0.9990,0.3375
0.8136,0.0005,1.1214,1.2220,0.3375
1.2212,0.0004,0.7117,1.4514,0.3554
1.3210,0.0005,0.9783,1.0643,0.3351
1.4743,0.0007,0.6228,1.5570,0.3345
1.3690,0.0005,0.7197,1.3739,0.3317
1.4285,0.0006,0.9010,1.5061,0.3503
1.5071,0.0008,0.6237,1.5423,0.3620
1.1831,0.0006,0.6771,1.2004,0.3644
1.4336,0.0005,1.0019,1.3073,0.3495
1.3158,0.0005,0.8683,1.3878,0.3440
1.2724,0.0004,0.9612,1.0508,0.3440
1.5123,0.0007,1.2669,1.5474,0.3494
1.2076,0.0004,0.9995,1.1171,0.3449
1.3371,0.0004,0.8351,1.5542,0.3449
1.5648,0.0005,0.9846,1.5173,0.3375
1.1905,0.0005,0.7461,0.9004,0.3391
1.1622,0.0004,0.8333,1.3723,0.3517
1.0831,0.0005,1.1773,1.2511,0.3517
1.5811,0.0008,0.6477,1.3762,0.3543
1.7620,0.0006,0.7817,1.9222,0.3523
1.5547,0.0009,1.5321,1.3747,0.3879
1.2928,0.0004,1.0631,1.4741,0.3736
1.5080,0.0006,0.8728,1.4143,0.3468
1.5974,0.0006,1.0537,1.4432,0.3542
1.4871,0.0005,0.8406,1.7200,0.3411
1.3292,0.0006,0.7146,1.2281,0.3586
0.9944,0.0004,1.0846,1.1057,0.3586
1.3343,0.0005,0.6619,1.3341,0.3516
1.3477,0.0008,0.6847,1.2969,0.3439
0.9643,0.0005,1.2729,0.9167,0.3439
1.9548,0.0007,0.6336,1.7221,0.3517
1.4877,0.0008,0.9362,1.7463,0.9460
1.7895,0.0006,1.4734,1.3859,0.3428
0.8086,0.0004,1.1265,1.0676,0.3428
1.4665,0.0003,0.7135,1.6291,0.3506
1.1398,0.0004,0.9045,1.1637,0.3819
1.3274,0.0006,0.6049,1.3390,0.3407
1.5495,0.0008,0.6076,1.2493,0.3617
1.8849,0.0154,1.4767,1.3277,0.3552
0.9428,0.0005,1.2645,1.6033,0.3649
1.1023,0.0004,0.6856,0.8457,0.3649
1.7427,0.0006,0.9487,2.0007,0.3516
1.5412,0.0007,0.6772,1.4574,0.3664
1.3536,0.0004,0.8412,1.3937,0.3664
1.3276,0.0007,1.0937,1.0330,0.3667
1.8424,0.0007,0.8568,2.0067,0.3494
1.1963,0.0007,0.9121,1.2053,0.3494
1.4798,0.0006,1.0950,1.5648,0.3459
1.6717,0.0003,0.9266,1.5126,0.3647
1.4426,0.0005,0.6534,1.4457,0.3536
1.7707,0.0004,1.1523,1.8237,0.3373
1.5124,0.0004,0.8371,1.4948,0.3430
1.6405,0.0005,0.7338,1.7242,0.3430
2.0045,0.0008,1.3064,1.7394,0.3845
1.4714,0.0005,1.1089,1.5619,0.3361
1.5044,0.0005,1.0177,1.6770,0.3361
1.5911,0.0003,0.9438,1.5782,0.3404
1.7399,0.0004,0.7590,1.7094,0.3627
1.3243,0.0004,0.7109,0.9924,0.3484
1.2774,0.0005,1.1669,1.4134,0.3484
1.9325,0.0008,0.6399,2.1194,0.3348
1.1149,0.0004,0.6249,0.9629,0.3348
1.3162,0.0004,1.0543,1.2845,0.3520
2.1328,0.0009,0.6492,2.2320,0.3554
1.4863,0.0007,1.0060,1.5109,0.3567
1.3452,0.0005,1.5010,1.3908,0.3567
1.6289,0.0005,0.7231,1.6361,0.3292
1.9104,0.0004,0.5941,1.8753,0.3448
1.5188,0.0006,0.9755,1.4733,0.3448
1.3733,0.0004,0.7345,1.4224,0.3502
1.3784,0.0006,0.7590,1.1787,0.3344
1.5065,0.0004,0.9799,1.5788,0.3490
1.4175,0.0009,0.6305,1.3702,0.3618
1.7134,0.0006,0.6212,1.8744,0.3484
1.4302,0.0006,0.9436,1.3962,0.3484
1.2506,0.0004,0.8143,1.1345,0.3620
1.1956,0.0005,0.6985,1.3320,0.3322
1.8447,0.0006,1.1266,1.3599,0.3375
1.4416,0.0005,0.8594,1.5569,0.3597
1.3974,0.0005,0.8374,1.7088,0.3597
1.3430,0.0005,1.0553,1.0808,0.3461
1.3394,0.0006,0.8267,1.5382,0.3461
1.7695,0.0007,0.7777,1.8184,0.3465
1.7277,0.0008,1.0327,1.3465,0.3723
1.6479,0.0006,1.3570,1.6591,0.3499
1.6183,0.0004,0.9823,1.9370,0.3499
1.7314,0.0009,1.1665,1.3002,0.3889
1.3541,0.0005,1.0528,1.7265,0.3889
1.7177,0.0008,0.7937,1.5363,0.3589
1.9181,0.0008,1.4421,1.5976,0.3606
0.8191,0.0005,1.3150,1.2704,0.3606
1.6096,0.0004,0.6677,1.4864,0.3440
1.4681,0.0005,1.0405,1.4362,0.3640
1.3318,0.0006,0.8637,1.4816,0.3640
1.8311,0.0005,0.6441,1.9434,0.3480
1.7920,0.0007,1.2072,1.2649,0.3462
0.8246,0.0005,1.3283,1.1704,0.3462
1.5523,0.0006,0.7477,1.6594,0.3538
1.3806,0.0005,1.1276,1.4623,0.3735
1.3114,0.0005,0.6981,1.3075,0.3481
1.3007,0.0006,0.6679,1.2873,0.3402
1.6532,0.0003,1.1411,1.6699,0.3469
1.3433,0.0004,0.6638,1.1644,0.3331
1.3333,0.0005,0.6188,1.4839,0.3530
1.5782,0.0007,0.9013,1.2799,0.3529
1.7880,0.0004,0.7411,2.0793,0.3366
1.4463,0.0004,0.7570,1.3953,0.3366
1.6938,0.0005,1.0831,1.5159,0.3534
1.6561,0.0007,0.9049,1.4132,0.3343
1.2313,0.0007,0.9522,1.6118,0.3676
1.8250,0.0004,1.1310,1.8635,0.3678
1.5815,0.0004,0.6953,1.6073,0.3394
1.1183,0.0005,0.6201,1.1194,0.3344
1.3904,0.0005,0.9220,1.3372,0.3395
1.3923,0.0007,0.7425,1.4162,0.3412
1.3704,0.0004,0.8317,1.1222,0.3412
1.5978,0.0006,1.2380,1.4925,0.3450
1.8290,0.0007,0.9828,2.1576,0.3465
1.3002,0.0008,0.8344,1.2563,0.3330
1.4309,0.0006,1.1390,1.4286,0.3330
1.5563,0.0008,0.7884,1.5279,0.3984
1.4444,0.0007,0.7676,1.3906,0.3728
1.4231,0.0006,1.0480,1.3932,0.3578
1.6761,0.0007,0.6751,1.7164,0.3531
1.1240,0.0009,0.7615,1.2140,0.3417
1.6455,0.0005,1.0797,1.6271,0.3393
1.3247,0.0005,0.6680,1.3468,0.3393
1.3579,0.0178,0.6061,1.1565,0.3477
1.6447,0.0005,1.1857,1.5115,0.3330
1.0624,0.0003,1.1251,1.3804,0.3330
1.5031,0.0005,0.6127,1.3501,0.3493
15.2595,0.0009,14.6471,2.4558,0.3689
0.9285,0.0006,1.2988,1.4931,0.3689
1.7037,0.0007,1.1590,1.7569,0.3521
1.4420,0.0005,1.2045,0.9587,0.3521
1.9292,0.0003,0.8444,2.4103,0.3812
1.4475,0.0004,0.7724,1.5653,0.3464
1.9767,0.0006,0.9388,1.8183,0.3661
1.4791,0.0003,0.9288,1.6115,0.5450
1.5252,0.0005,1.1087,1.5099,0.3389
1.4977,0.0003,0.9679,1.5054,0.3389
1.7058,0.0003,0.6126,1.3715,0.3359
1.2645,0.0005,0.7503,1.3057,0.3359
1.6020,0.0008,0.9841,1.6602,0.3566
1.6688,0.0007,0.8267,1.5371,0.3855
1.5533,0.0007,1.2534,1.3426,0.3439
1.6552,0.0009,1.4838,1.5444,0.3532
0.9215,0.0007,1.0286,1.1823,0.3532
2.3457,0.0008,0.6121,2.5731,0.3622
1.1365,0.0004,1.1888,0.8582,0.3423
1.4336,0.0007,0.7384,1.6752,0.3423
1.1603,0.0003,0.7624,1.1860,0.3451
1.4509,0.0005,1.1159,1.1813,0.3429
1.2188,0.0004,0.7909,1.4948,0.3429
1.4941,0.0007,0.6174,1.2967,0.3492
2.0659,0.0006,1.4731,1.6486,0.3616
1.0036,0.0003,1.3082,1.6115,0.3616
1.6468,0.0004,0.6445,1.2754,0.3578
1.3400,0.0004,1.0645,1.3964,0.3578
1.6848,0.0005,0.7480,1.7714,0.3496
1.5697,0.0003,1.3544,1.3850,0.3375
1.6520,0.0006,1.0753,2.0536,0.3441
1.6210,0.0007,0.6632,1.4921,0.3577
0.8869,0.0007,0.7959,1.0108,0.3490
1.2084,0.0007,0.9417,1.1386,0.3490
1.3283,0.0005,0.5879,1.1801,0.3584
1.6437,0.0005,0.6190,1.5952,0.3336
1.7377,0.0006,1.1667,1.5337,0.3491
1.2976,0.0006,1.0722,1.6394,0.3491
1.3183,0.0006,0.8341,1.2820,0.3513
1.2974,0.0005,1.2638,1.4169,0.3332
1.6094,0.0005,0.6936,1.2879,0.3587
1.5279,0.0005,0.7849,1.8391,0.3427
1.2932,0.0004,0.9887,1.1229,0.3427
1.3249,0.0004,0.6500,1.4619,0.3533
1.4887,0.0006,0.6179,1.3072,0.3523
1.3876,0.0004,0.9602,1.5728,0.3494
1.4263,0.0006,0.6631,1.2019,0.3516
1.7005,0.0005,0.6702,1.7085,0.3660
1.4852,0.0006,1.1138,1.4455,0.3756
1.8504,0.0006,0.6898,1.6458,0.3621
1.3451,0.0007,0.9900,1.5329,0.3443
1.5053,0.0005,1.4858,1.5388,0.3449
1.6090,0.0003,0.7986,1.7529,0.3560
1.2425,0.0003,0.6907,1.3171,0.3560
1.7764,0.0005,0.9124,1.7706,0.3333
0.9932,0.0004,0.6057,0.8581,0.3333
1.4887,0.0005,0.7436,1.6292,0.3371
1.2577,0.0004,0.8674,0.8735,0.3456
1.6207,0.0007,0.8112,1.8813,0.3456
1.8061,0.0010,0.8466,1.6297,0.3695
1.7534,0.0008,1.6476,1.3088,0.3553
0.6348,0.0006,1.0636,1.2333,0.3553
1.1963,0.0005,0.6689,1.2074,0.3516
1.5104,0.0004,0.8933,1.5024,0.3387
1.3149,0.0005,0.6377,1.3267,0.3377
1.3489,0.0005,0.6706,1.0229,0.3599
1.8730,0.0006,1.0891,2.1439,0.3441
1.1700,0.0005,0.7932,1.0973,0.3441
1.2923,0.0006,0.5640,1.3100,0.3542
1.4645,0.0009,1.0725,1.2752,0.3580
1.9831,0.0006,0.8302,2.1869,0.3702
1.8262,0.0005,0.7909,1.8445,0.3713
1.0913,0.0004,1.1066,0.9317,0.3713
1.3854,0.0006,0.6813,1.4354,0.3574
1.4235,0.0004,0.7610,1.4114,0.3385
1.2628,0.0005,1.1755,1.2012,0.3385
1.3347,0.0006,0.8115,1.5218,0.3516
1.0263,0.0004,0.6573,1.0084,0.3649
1.2492,0.0005,0.9381,1.0405,0.3698
1.4954,0.0006,0.6710,1.5102,0.3643
1.1662,0.0005,0.7819,1.2335,0.3470
1.4784,0.0005,1.1655,1.2652,0.3470
1.2708,0.0006,1.0836,1.5330,0.3506
1.5650,0.0007,0.8356,1.3141,0.3357
1.2681,0.0005,1.2079,1.5832,0.3357
1.4149,0.0006,0.6759,1.2686,0.3584
1.2793,0.0007,0.6733,1.3949,0.3563
1.1990,0.0004,0.9578,1.1128,0.3353
1.3082,0.0006,0.6424,1.3984,0.3329
1.0460,0.0005,0.6148,0.9522,0.3329
1.7990,0.0005,1.4246,0.7952,0.3578
0.6707,0.0006,1.1276,0.7952,0.3512
0.8025,0.0004,0.6114,1.0429,0.3512
1.5289,0.0004,0.8595,1.5115,0.3415
1.0250,0.0007,0.6223,1.0240,0.3415
1.5572,0.0006,0.7316,1.3513,0.3540
1.2355,0.0006,1.0808,1.4282,0.3705
1.2134,0.0005,0.8874,1.1146,0.3576
1.5842,0.0006,0.8138,1.4537,0.3576
1.5020,0.0004,1.0922,1.7321,0.3472
1.0648,0.0004,0.6215,0.9695,0.3472
1.1459,0.0004,0.6305,1.1939,0.3714
1.3620,0.0005,1.0468,1.4035,0.3540
1.1901,0.0005,0.6069,1.1825,0.3554
1.6510,0.0003,0.5819,1.5012,0.3463
1.3724,0.0005,1.0230,1.2323,0.3443
1.1827,0.0009,0.7294,1.3477,0.3443
1.4814,0.0007,0.7019,1.4268,0.3463
1.7572,0.0003,1.0534,1.9103,0.3802
1.4307,0.0006,0.7027,1.2406,0.3670
1.2592,0.0004,0.8316,1.1457,0.3500
1.5224,0.0004,1.2199,1.7998,0.3336
1.4886,0.0004,0.7808,1.4396,0.3336
1.5293,0.0003,0.6861,1.2832,0.3370
1.4381,0.0004,1.1891,1.4977,0.3439
1.4336,0.0004,0.6503,1.4946,0.3386
1.6439,0.0005,0.7206,1.5484,0.3458
1.6820,0.0007,1.3571,1.7382,0.3567
1.1912,0.0008,1.1271,1.1478,0.3567
1.7216,0.0007,0.7598,1.8512,0.3660
1.5751,0.0008,1.3023,1.4496,0.3561
1.1846,0.0006,1.0487,1.0673,0.3416
1.2350,0.0006,1.0171,1.3805,0.3416
1.6186,0.0004,0.9788,1.7740,0.3472
1.1933,0.0005,0.6468,1.1270,0.3341
1.5958,0.0004,0.7106,1.5850,0.3767
1.7334,0.0004,1.4221,1.1207,0.3554
0.6735,0.0005,1.0387,1.0036,0.3554
1.4936,0.0004,0.6067,1.4132,0.3565
1.3815,0.0004,1.0589,1.3191,0.3456
1.2880,0.0005,0.7837,1.4933,0.3456
2.3304,0.0008,0.7495,2.3745,0.3683
1.1745,0.0004,1.1694,1.2199,0.3401
1.0625,0.0006,0.7637,1.0892,0.3401
1.5563,0.0005,0.7146,1.5888,0.3531
1.2329,0.0005,0.9989,1.0957,0.3396
1.5502,0.0005,0.5989,1.4639,0.3497
1.8896,0.0006,0.5876,2.0407,0.3496
1.4622,0.0007,0.9420,1.5000,0.3516
1.4018,0.0004,0.6540,1.3021,0.3516
1.9439,0.0005,0.5774,2.0298,0.3480
0.9892,0.0005,0.8997,0.9834,0.3383
2.1597,0.0009,0.6393,2.0961,0.3517
1.1930,0.0005,0.7429,1.2222,0.3524
1.0404,0.0004,1.0726,0.9565,0.3524
1.7949,0.0005,0.6701,1.8572,0.3425
1.4469,0.0005,0.6230,1.0151,0.3425
1.2836,0.0005,1.0313,1.7405,0.3500
1.6217,0.0008,0.6090,1.5626,0.3500
1.6375,0.0003,0.7114,1.7026,0.3500
1.8801,0.0004,0.9947,1.7086,0.3378
1.2527,0.0004,0.8201,1.4067,0.3378
1.5651,0.0011,0.6405,1.0300,0.3723
1.2516,0.0006,1.4772,1.7400,0.3723
1.4667,0.0004,0.8036,1.4533,0.3392
1.4176,0.0005,0.7380,1.3423,0.3392
1.9115,0.0004,1.0168,1.7753,0.3370
1.2748,0.0005,0.8510,1.4268,0.3370
1.8002,0.0005,0.6654,1.4578,0.3484
1.7749,0.0007,1.3984,1.7581,0.3448
1.4864,0.0007,1.0579,1.8804,0.3515
1.6796,0.0006,0.7295,1.6358,0.3372
1.9038,0.0006,0.9824,1.4560,0.3307
1.4093,0.0006,0.9650,1.8555,0.3307
1.7778,0.0005,1.0809,1.1806,0.3458
1.5040,0.0005,1.6309,1.6409,0.3523
1.0579,0.0005,0.9247,1.4942,0.3520
1.4374,0.0005,0.7273,1.2045,0.3520
1.9037,0.0004,0.9666,1.9386,0.3444
1.3498,0.0005,0.7449,1.5240,0.3444
1.9440,0.0008,0.6717,1.9505,0.3363
1.3898,0.0004,0.9683,1.3777,0.3363
1.3937,0.0005,0.5725,1.1841,0.3440
1.5986,0.0007,0.6083,1.5044,0.3433
1.8429,0.0007,1.3343,2.0430,0.3841
1.4979,0.0006,0.8937,1.5256,0.3627
1.3229,0.0011,0.7101,1.3281,0.3473
1.6207,0.0006,1.1563,1.0130,0.3459
0.8337,0.0004,1.1345,1.1349,0.3459
1.8024,0.0004,0.7860,1.8922,0.3456
1.8215,0.0007,1.4956,1.2134,0.3423
0.8528,0.0004,1.1847,0.9223,0.3469
1.1657,0.0004,0.7877,1.4556,0.3469
1.6253,0.0003,0.8890,1.7354,0.3504
1.2492,0.0005,0.5877,1.1977,0.3447
1.7573,0.0007,0.6672,1.7319,0.3373
1.5524,0.0008,1.2363,1.5471,0.3835
1.0984,0.0006,0.8960,1.0804,0.3835
1.4775,0.0007,0.7471,1.5222,0.3420
1.7366,0.0006,1.2039,1.4620,0.3410
1.5601,0.0151,1.2197,1.5437,0.3410
1.5205,0.0003,0.7593,1.8054,0.3424
1.2449,0.0005,1.0683,1.1189,0.3485
1.4534,0.0005,0.7810,1.2850,0.3422
1.7740,0.0005,0.7594,2.0371,0.3443
1.2453,0.0005,1.2001,1.1504,0.3443
1.7180,0.0006,0.8591,1.7733,0.3440
2.1722,0.0007,0.8012,2.0671,0.3809
1.2286,0.0008,1.3284,1.3107,0.3459
1.3835,0.0008,0.8006,1.4072,0.3459
1.4245,0.0007,0.6975,1.3991,0.3375
1.5854,0.0009,1.2683,1.3807,0.3510
1.3934,0.0006,0.8418,1.5162,0.3427
1.3938,0.0006,0.6392,1.3801,0.3314
1.9468,0.0005,0.9028,2.0061,0.3404
1.4407,0.0005,0.6716,1.4186,0.3404
1.4244,0.0003,0.6035,1.4450,0.3477
1.9580,0.0309,0.9441,1.6080,0.3628
1.3128,0.0007,1.2469,1.0378,0.3717
1.3545,0.0004,1.1430,1.8838,0.3550
1.5808,0.0004,1.1354,1.7153,0.3550
1.6683,0.0004,0.6768,1.2978,0.3503
1.5921,0.0004,0.8207,1.8812,0.3503
1.6351,0.0003,0.9828,1.6460,0.3392
1.6730,0.0005,0.6568,1.4697,0.3417
2.0548,0.0004,0.8481,2.1393,0.3441
1.5207,0.0003,1.1757,1.6782,0.3441
1.8259,0.0008,0.6627,1.1304,0.3467
1.4544,0.0006,1.1876,1.8677,0.3467
1.8775,0.0004,1.1847,2.0926,0.3569
1.7468,0.0004,0.7493,1.7569,0.3407
1.3261,0.0004,0.6809,1.3404,0.3454
0.9643,0.0003,0.9797,0.9275,0.3454
1.1871,0.0005,0.5980,1.2036,0.3391
1.2535,0.0005,0.6454,1.1597,0.3417
1.2492,0.0004,0.9609,1.2856,0.3519
1.1603,0.0004,0.6522,1.2280,0.3461
1.5047,0.0003,0.6337,1.4840,0.3667
1.5325,0.0003,0.9626,1.5389,0.3373
1.7316,0.0005,0.6539,1.6536,0.3373
1.5688,0.0007,0.7712,1.5023,0.3559
1.8104,0.0004,1.1919,1.9208,0.3409
1.1911,0.0004,0.7810,1.1490,0.3409
1.5267,0.0003,0.7181,1.5864,0.3546
1.1297,0.0003,1.0228,0.9304,0.3546
1.7839,0.0003,0.6373,1.9855,0.3411
1.7209,0.0003,0.5957,1.6961,0.3483
1.7136,0.0006,1.0251,1.4332,0.3404
1.4660,0.0003,0.7066,1.7539,0.3435
1.3754,0.0003,0.6073,0.9924,0.3289
1.2793,0.0006,1.0728,1.4278,0.3289
1.9796,0.0008,0.7686,2.1448,0.3749
1.3465,0.0006,0.7246,1.3705,0.3640
1.2645,0.0007,1.0086,1.1397,0.3421
1.3360,0.0006,0.8130,1.4091,0.3421
1.2947,0.0005,0.6870,1.2198,0.3615
1.8454,0.0004,1.4811,1.1238,0.3504
0.6418,0.0007,1.1170,0.8079,0.3517
0.7761,0.0003,0.6103,1.0291,0.3517
1.6622,0.0005,0.9406,1.6288,0.3528
1.3608,0.0006,0.6295,1.3513,0.3575
1.0857,0.0005,0.6890,0.9171,0.3567
1.3469,0.0009,1.6142,1.3692,0.3514
1.1320,0.0008,0.8400,1.2307,0.3514
1.7449,0.0007,0.7728,1.4166,0.3653
1.6975,0.0004,1.4509,1.5672,0.3525
1.3342,0.0003,1.1486,1.8248,0.3517
1.2771,0.0004,0.6631,1.2230,0.3539
1.5117,0.0003,1.0209,1.4151,0.3539
1.4411,0.0003,0.6555,1.4616,0.3550
1.8954,0.0004,0.6097,1.9103,0.3449
1.2000,0.0004,1.0541,1.0435,0.3449
1.2679,0.0004,0.6963,1.4932,0.3451
1.5638,0.0008,0.6784,1.5084,0.3449
1.8737,0.0006,1.3114,1.7517,0.3763
1.5575,0.0007,1.4336,0.8797,0.3974
1.1444,0.0005,1.1664,1.7502,0.3516
1.7095,0.0004,1.0075,1.7060,0.3567
1.1733,0.0003,0.6121,1.1846,0.3567
1.5403,0.0003,0.6033,1.5162,0.3391
1.3017,0.0003,0.9732,1.3121,0.3621
1.2497,0.0003,0.5942,1.1848,0.3621
1.6538,0.0005,0.5636,1.5213,0.3502
1.5064,0.0005,0.8862,1.5253,0.3366
2.2444,0.0007,0.6646,2.3595,0.3496
1.5879,0.0010,0.7591,1.2095,0.3650
1.8037,0.0008,1.8335,1.1516,0.3411
0.8944,0.0006,1.1939,1.0602,0.3411
1.5467,0.0005,0.7454,1.8869,0.3503
1.4518,0.0005,1.3904,1.3752,0.3464
1.8938,0.0008,0.8803,1.9882,0.3321
1.1615,0.0005,0.7032,1.1369,0.3321
1.7238,0.0003,1.0104,1.6791,0.3444
1.1979,0.0003,0.7211,1.1891,0.3444
1.7418,0.0003,0.7189,1.5178,0.3293
1.9630,0.0006,1.0841,2.2051,0.3521
1.1372,0.0007,0.7825,1.1236,0.3521
1.6730,0.0005,0.8114,1.6249,0.3536
1.1530,0.0005,1.1160,1.0746,0.3536
1.4855,0.0004,0.7076,1.5545,0.3477
1.3133,0.0004,0.6448,1.2790,0.3608
1.3756,0.0004,0.9274,1.3724,0.3457
1.2755,0.0005,0.6481,1.3747,0.3575
1.7720,0.0008,0.6201,1.7636,0.3442
1.6320,0.0006,0.9835,1.6216,0.3499
1.2741,0.0006,0.7289,1.2784,0.3493
1.3224,0.0006,0.6792,1.3236,0.3356
0.9704,0.0006,0.9626,0.7394,0.3356
1.4641,0.0009,0.6539,1.4758,0.3592
1.7630,0.0007,0.9355,1.9241,0.3921
1.4287,0.0004,1.1410,1.0213,0.3455
1.1011,0.0005,0.8975,1.5171,0.3455
1.3306,0.0005,0.6404,1.2692,0.3353
1.3049,0.0004,0.9748,1.3590,0.3556
1.2762,0.0004,0.6171,1.3118,0.3531
1.0598,0.0005,0.5966,0.9234,0.3531
1.5682,0.0006,1.2841,1.3116,0.3415
0.7135,0.0004,0.9647,1.1055,0.3415
1.3944,0.0005,0.5715,1.2544,0.3439
1.3121,0.0004,0.8992,1.4355,0.3501
1.7831,0.0007,0.6074,1.2831,0.3531
1.4600,0.0007,0.9321,1.8646,0.3511
1.8127,0.0005,1.3994,1.7246,0.3609
1.0033,0.0004,1.0200,1.1293,0.3609
1.4363,0.0007,0.7318,1.0963,0.3379
1.5772,0.0004,1.1639,1.9171,0.3379
1.3308,0.0007,0.7334,1.3350,0.3638
1.2939,0.0005,0.6127,1.2283,0.3603
1.3246,0.0004,1.0296,1.0710,0.3603
1.5618,0.0006,0.6901,1.8586,0.3391
1.5801,0.0004,0.6288,1.5670,0.3399
1.1131,0.0004,0.9884,0.9038,0.3399
1.6088,0.0005,0.6740,1.7703,0.3536
1.7039,0.0006,0.6959,1.5367,0.3818
1.6778,0.0007,1.1741,1.8247,0.3644
1.6152,0.0009,0.8485,1.4743,0.3426
1.7071,0.0011,0.8267,1.5066,0.3581
1.1553,0.0006,1.2826,1.5489,0.3470
1.8003,0.0005,0.6843,1.3906,0.3648
1.1217,0.0007,0.8661,1.4004,0.3418
1.2933,0.0005,1.3984,1.3085,0.3418
1.7358,0.0004,0.7097,1.2877,0.3430
1.8113,0.0004,0.7488,2.3199,0.3469
1.3547,0.0006,1.0815,1.2445,0.3469
1.9549,0.0006,0.9003,2.0258,0.3479
1.1054,0.0006,0.7516,0.9117,0.3484
1.2283,0.0005,1.1526,1.3242,0.3556
1.9004,0.0004,0.7930,1.8905,0.3538
0.8273,0.0003,0.7278,0.8963,0.3538
1.5822,0.0004,0.9344,1.6372,0.3408
0.9592,0.0003,0.6646,0.9744,0.3408
1.2026,0.0004,0.7019,1.2125,0.3350
1.5167,0.0003,0.8352,1.4880,0.3604
1.3339,0.0004,0.5902,1.1192,0.3472
1.3171,0.0004,0.5727,1.5138,0.3361
1.4799,0.0008,0.8931,1.4303,0.3543
1.5293,0.0007,0.7700,1.5142,0.3846
1.2653,0.0007,0.7293,1.1919,0.3727
1.5795,0.0006,1.2400,1.6247,0.3661
1.3495,0.0007,0.8652,1.3748,0.3563
1.4879,0.0006,0.9427,1.0031,0.3362
1.4550,0.0005,1.3815,1.9424,0.3362
1.1968,0.0003,0.7892,1.1509,0.3460
1.6626,0.0007,0.6759,1.7110,0.3533
1.3081,0.0006,1.0587,1.0763,0.3424
1.2882,0.0005,0.8674,1.5182,0.3424
1.5799,0.0007,0.6190,1.5587,0.3501
2.0821,0.0007,0.9882,2.0457,0.3570
1.2909,0.0005,0.7676,1.3062,0.3574
1.2008,0.0004,0.7098,1.1903,0.3531
1.4383,0.0005,1.1103,1.1430,0.3531
1.8001,0.0006,0.9111,2.0787,0.3373
0.8352,0.0005,0.6654,0.8646,0.3373
1.3414,0.0004,0.9581,1.0299,0.3370
1.1124,0.0005,0.7833,1.2476,0.3370
1.0078,0.0003,0.7645,1.1414,0.3547
1.6342,0.0003,0.9571,1.6544,0.3402
1.1454,0.0004,0.6209,1.0750,0.3402
1.6009,0.0005,0.6278,1.1992,0.3395
1.1545,0.0005,1.2071,1.5572,0.3395
1.5583,0.0006,0.7996,1.5501,0.3839
1.4240,0.0005,0.7213,1.4138,0.3883
1.3927,0.0006,1.0845,1.4227,0.3475
1.6030,0.0005,0.7101,1.4553,0.3599
1.5031,0.0003,0.6304,1.4031,0.3520
1.2457,0.0004,1.0562,1.4699,0.3401
1.7600,0.0004,0.5992,1.7145,0.3587
1.6036,0.0003,0.6423,1.4614,0.3473
1.6847,0.0004,0.9255,1.4624,0.3298
1.1520,0.0003,0.7614,1.3688,0.3298
1.8701,0.0004,0.6819,1.6545,0.5182
2.4582,0.0007,1.5185,1.8307,0.3890
0.8167,0.0006,1.8926,1.6721,0.3601
1.7321,0.0008,0.7117,1.7633,0.3577
1.2977,0.0006,1.0327,1.4036,0.3577
1.5385,0.0004,0.6650,1.3602,0.3569
1.6432,0.0004,0.6830,1.8390,0.3364
1.7371,0.0006,0.9092,1.6522,0.3512
1.2210,0.0006,0.6812,1.2406,0.3433
1.1567,0.0004,0.6960,0.8194,0.3433
1.4432,0.0004,1.1405,1.6229,0.3616
1.6454,0.0009,0.7690,1.6006,0.3435
2.1073,0.0006,0.8742,2.0829,0.5794
1.4848,0.0006,1.4419,1.0995,0.3545
1.0617,0.0003,0.9903,1.5770,0.3545
1.4341,0.0202,0.7181,1.1526,0.3317
1.8871,0.0004,1.0486,2.1653,0.3484
1.4378,0.0006,0.6355,1.2925,0.3395
1.1504,0.0005,0.8227,1.2659,0.3395
1.5949,0.0004,1.0309,1.2482,0.3414
1.6577,0.0004,0.8060,1.8705,0.3414
1.2786,0.0007,0.7128,1.3823,0.3442
2.1531,0.0007,1.2715,2.0788,0.3713
1.4367,0.0006,1.0021,1.3679,0.3713
1.2619,0.0004,0.8103,1.4117,0.3457
1.5732,0.0006,0.9734,1.5612,0.3427
1.2644,0.0009,0.6520,1.2517,0.3351
1.1093,0.0004,0.6469,1.1006,0.3492
0.9168,0.0004,0.9555,0.9372,0.3492
1.0598,0.0005,0.6026,1.0443,0.3436
1.3684,0.0005,0.8515,1.2487,0.3669
1.5266,0.0008,1.3689,1.0848,0.3490
0.8337,0.0005,0.8804,0.9389,0.3366
1.3809,0.0006,0.8164,1.2791,0.3366
1.4324,0.0005,1.0351,1.7703,0.3436
1.9457,0.0007,0.6993,1.9364,0.3715
1.2880,0.0005,0.7747,1.2113,0.3551
1.1252,0.0003,1.1639,1.1560,0.3551
1.7712,0.0004,0.8014,1.5143,0.3357
1.9984,0.0004,0.8199,2.3336,0.3538
1.6469,0.0004,1.0565,1.6069,0.3717
1.0531,0.0004,0.7632,1.0942,0.3417
1.8444,0.0003,0.6965,1.8313,0.3423
1.4702,0.0004,1.2111,1.4807,0.3423
1.6464,0.0008,0.7706,1.4774,0.3611
1.8085,0.0009,1.2855,1.8594,0.3752
1.2550,0.0005,1.6584,1.3219,0.3752
1.6408,0.0005,0.7768,1.6627,0.3715
1.4057,0.0008,0.6585,1.3836,0.3312
1.7375,0.0007,1.2724,1.6764,0.3501
1.0662,0.0006,0.9984,1.1134,0.3501
1.7200,0.0006,0.7236,1.3291,0.3484
1.8227,0.0007,1.2515,2.1095,0.3399
1.3217,0.0006,0.8986,1.0657,0.3399
1.6051,0.0007,1.0798,1.9302,0.3464
1.6434,0.0007,1.0166,1.6484,0.3576
1.7586,0.0010,0.8111,1.6677,0.3414
1.4786,0.0007,1.0868,1.4615,0.3475
1.8953,0.0006,1.4942,1.9482,0.3592
1.3974,0.0009,1.0388,1.0835,0.3456
1.5578,0.0006,0.8672,1.6076,0.3456
1.7632,0.0007,1.1711,2.0333,0.3515
1.8152,0.0005,0.8323,1.8483,0.3372
1.2943,0.0007,0.7316,0.9891,0.3372
1.7759,0.0006,0.9363,2.0577,0.3359
1.4089,0.0008,0.6547,1.4093,0.3549
2.2600,0.0009,0.6252,1.2753,0.3453
1.3325,0.0008,1.9026,2.0401,0.3497
1.3093,0.0007,0.9298,1.1093,0.3522
0.8359,0.0006,1.2525,1.1952,0.3522
1.8572,0.0005,1.2497,1.5946,0.3705
1.4287,0.0005,0.7444,1.7773,0.3450
1.4604,0.0004,0.7654,1.4500,0.3450
1.4989,0.0006,0.9347,1.4927,0.3448
2.0286,0.0006,0.6367,1.6946,0.3303
1.4563,0.0005,0.7659,1.6550,0.3621
1.3880,0.0005,1.0478,1.4644,0.3611
1.7952,0.0009,0.6425,1.7588,0.3538
1.0993,0.0003,0.7979,1.1043,0.3726
1.3878,0.0006,1.1744,1.4357,0.3812
1.2607,0.0005,0.6969,1.2749,0.3572
1.9760,0.0005,0.6468,1.9600,0.3433
1.3173,0.0003,1.1406,0.9039,0.3433
1.6056,0.0006,0.8209,1.9593,0.3367
1.1317,0.0004,0.7276,1.0358,0.3367
2.2286,0.0003,1.2614,2.2805,0.3460
1.2790,0.0004,0.6771,1.3011,0.3460
1.5816,0.0004,0.6559,1.2838,0.3478
2.3404,0.0009,1.0488,2.5021,0.3715
1.0968,0.0009,0.9624,1.2288,0.3715
1.4268,0.0008,0.7426,1.4050,0.3512
1.2927,0.0004,0.9881,1.2882,0.3626
1.4535,0.0004,0.6700,1.4552,0.3548
1.6475,0.0003,0.6386,1.5330,0.3548
1.4189,0.0003,1.0500,1.4964,0.3430
1.2981,0.0004,0.7222,1.3253,0.3512
1.3789,0.0003,0.7183,1.0089,0.3467
1.1541,0.0004,1.1634,1.2427,0.3467
1.7415,0.0003,0.6343,1.8413,0.3396
1.1810,0.0004,0.8784,1.1938,0.3396
1.4225,0.0009,1.1722,1.4265,0.3926
1.7902,0.0009,0.7689,1.7299,0.3652
1.7755,0.0008,0.8468,1.8044,0.3652
1.3291,0.0008,1.2088,1.4185,0.3521
1.6668,0.0008,0.7553,1.5373,0.3560
1.3939,0.0006,0.9079,1.2277,0.3560
2.0618,0.0002,1.2258,2.3479,0.3491
1.6697,0.0003,0.7076,1.6618,0.3564
1.0713,0.0004,0.7709,0.9188,0.3564
1.3305,0.0004,1.1782,1.4984,0.3497
1.5640,0.0005,0.6310,1.4686,0.3548
1.7033,0.0005,0.7303,1.4615,0.3476
1.5045,0.0003,1.1692,1.7882,0.3770
1.7392,0.0004,0.6986,1.5891,0.3539
1.0608,0.0004,0.7794,1.1766,0.3539
1.6015,0.0004,1.0896,1.5273,0.3458
1.3824,0.0004,1.2020,1.4745,0.3468
1.4394,0.0006,0.6817,1.0667,0.3468
1.2920,0.0004,1.1276,1.5469,0.3429
1.7089,0.0004,0.7155,1.5285,0.3368
1.6354,0.0007,0.7369,1.7751,0.3460
1.6222,0.0008,1.2435,1.7265,0.3387
2.2559,0.0008,0.8614,2.0870,0.3479
1.2405,0.0006,1.1233,0.9644,0.3462
1.1135,0.0005,1.4456,1.1712,0.3490
1.1237,0.0005,0.8101,1.1252,0.3490
1.3156,0.0006,0.7909,1.4531,0.3310
1.4988,0.0006,1.2558,1.6398,0.3426
1.2379,0.0005,0.8070,0.9068,0.3426
1.6538,0.0005,0.7484,1.9836,0.3589
1.2055,0.0004,0.9421,1.0014,0.3589
1.7617,0.0167,0.6197,1.5842,0.3426
1.2985,0.0007,0.7221,1.3675,0.3556
1.5122,0.0008,1.2420,1.5533,0.3556
1.5900,0.0007,0.8392,1.7643,0.3699
1.7064,0.0004,0.7523,1.6247,0.3443
0.9994,0.0005,1.0982,1.0857,0.3443
1.7387,0.0007,0.6791,1.5206,0.3409
2.5235,0.0010,0.9528,2.6438,0.3467
1.3744,0.0009,1.5255,1.4317,0.3349
1.5166,0.0006,1.0074,1.5252,0.3468
1.6833,0.0006,0.9570,1.5832,0.3342
1.9902,0.0006,1.2094,2.0754,0.3523
1.3989,0.0007,0.8968,0.9990,0.3537
1.7090,0.0007,1.3217,2.0815,0.3537
1.5220,0.0005,1.4335,1.1453,0.5327
1.5061,0.0004,0.8094,1.8553,0.3383
1.7949,0.0007,0.8209,1.5883,0.3474
1.5679,0.0005,1.4438,1.5786,0.3474
2.1601,0.0006,0.8725,2.3666,0.3301
1.4800,0.0005,0.9043,1.5210,0.3418
1.0410,0.0004,1.0519,0.9571,0.3418
1.7449,0.0004,0.7175,1.6149,0.3409
1.9222,0.0006,0.9460,1.9616,0.3542
1.2991,0.0006,1.5484,1.4156,0.3542
2.1393,0.0005,0.9050,1.7268,0.3415
1.3836,0.0005,1.0538,1.7542,0.3415
1.4969,0.0007,1.0707,1.5245,0.3542
1.8686,0.0009,0.7750,1.5296,0.3386
1.5046,0.0007,0.9152,1.4604,0.3386
1.7756,0.0007,1.1597,1.9565,0.3515
1.3570,0.0004,0.8465,1.5494,0.3515
1.4837,0.0007,0.7373,1.1444,0.3651
1.7949,0.0005,1.4833,1.4543,0.3437
1.1385,0.0009,1.1967,1.4668,0.3971
2.1110,0.0007,1.0052,2.3388,0.3684
2.0600,0.0008,1.4379,1.7743,0.3625
1.0770,0.0007,1.3721,1.3172,0.3625
1.9698,0.0007,0.9853,2.0375,0.3365
1.7396,0.0009,1.3376,1.4287,0.3365
2.0178,0.0010,1.2029,2.3040,0.3358
1.7357,0.0008,0.8767,1.6676,0.3473
1.4155,0.0009,1.2464,1.4367,0.3473
1.9915,0.0009,0.8302,1.9739,0.3595
1.1501,0.0009,0.9004,1.2102,0.3547
1.7474,0.0007,1.5924,1.2996,0.3623
1.6596,0.0006,1.1007,1.9963,0.3507
1.9869,0.0010,0.9120,1.8181,0.3500
1.8723,0.0153,1.6428,1.5183,0.3490
1.0416,0.0008,1.3119,1.3977,0.3577
1.8684,0.0006,0.9171,2.1115,0.3342
1.3248,0.0006,1.1763,1.2976,0.3342
1.4470,0.0006,0.7876,1.4285,0.3503
1.5739,0.0006,0.8191,1.3007,0.3541
1.4756,0.0008,1.5003,1.5931,0.3541
2.4297,0.0010,1.0745,2.5443,0.3779
1.5390,0.0006,1.2715,1.5868,0.3397
1.6599,0.0005,1.2710,1.6558,0.3369
1.6115,0.0007,0.8767,1.6164,0.3549
1.4421,0.0008,0.7919,1.3788,0.3549
1.5216,0.0005,1.0873,1.4404,0.3356
1.8219,0.0006,0.7731,1.6467,0.3316
1.7348,0.0008,0.8525,1.8710,0.3464
1.7394,0.0010,1.4335,1.4745,0.3464
1.6675,0.0009,1.2270,1.9545,0.3617
2.2625,0.0009,0.9661,2.2895,0.3760
1.4410,0.0007,1.3909,1.4998,0.3485
1.7066,0.0005,0.8356,1.6179,0.3485
1.8868,0.0005,0.8677,1.8308,0.3528
1.5808,0.0004,1.4029,1.7183,0.3528
1.3034,0.0007,0.8781,1.3086,0.3470
1.7542,0.0007,0.6781,1.6808,0.3352
1.5813,0.0004,1.0775,1.6488,0.3429
1.6407,0.0009,0.7430,1.3000,0.3404
1.7404,0.0008,0.8222,1.9988,0.3783
1.4468,0.0007,1.2773,1.3742,0.3676
1.4864,0.0006,0.8501,1.5952,0.3587
2.0019,0.0005,0.7230,1.9095,0.3716
1.7029,0.0006,1.3367,1.5705,0.3526
1.6445,0.0005,1.2285,1.8064,0.3490
1.4470,0.0004,0.8432,1.4245,0.3490
1.7323,0.0009,1.0640,1.7417,0.3389
1.2449,0.0005,0.7612,1.1373,0.3389
1.7562,0.0012,0.7124,1.3479,0.3677
2.0991,0.0009,1.4068,2.5680,0.3714
1.1936,0.0005,0.9233,1.2567,0.3432
1.0979,0.0004,0.7295,1.1166,0.3432
1.5826,0.0006,0.9596,1.5548,0.3489
1.3580,0.0005,0.7838,1.3508,0.3534
1.2916,0.0006,0.8330,1.2149,0.3534
1.5843,0.0009,1.2601,1.3321,0.3362
1.5058,0.0006,0.8459,1.8184,0.3362
1.1807,0.0006,0.6814,1.0750,0.3484
1.9005,0.0006,1.1504,1.9144,0.3495
1.6218,0.0006,0.7774,1.5765,0.3436
1.7275,0.0007,0.6831,1.5016,0.3462
1.9615,0.0007,1.5657,1.9503,0.3659
1.3647,0.0005,1.3285,1.6401,0.3502
1.3461,0.0005,0.7787,1.0557,0.3502
1.6074,0.0011,1.1634,1.6831,0.3469
1.5203,0.0007,0.9121,1.5004,0.3469
1.5689,0.0006,0.9270,1.7567,0.3484
1.3338,0.0005,1.1892,1.1349,0.3484
1.4809,0.0009,0.8252,1.7495,0.3406
1.9514,0.0008,0.7539,1.8700,0.3600
2.2909,0.0010,1.3508,2.2229,0.3759
1.5907,0.0008,1.2838,1.6379,0.3639
1.4056,0.0008,1.4608,1.2503,0.3639
1.7013,0.0011,1.4888,1.5331,0.3493
2.0936,0.0008,1.0740,2.3603,0.3677
1.2766,0.0007,0.9934,1.3614,0.3677
1.7621,0.0007,1.1947,1.7309,0.3415
1.3249,0.0008,0.8343,1.3651,0.3454
1.5829,0.0008,0.8303,1.5544,0.3328
1.7269,0.0007,1.1427,1.7461,0.3328
1.8093,0.0009,0.8137,1.7553,0.3379
1.6636,0.0007,0.8240,1.5358,0.3387
1.8181,0.0008,1.3718,1.7423,0.3776
1.6088,0.0009,0.9055,1.5930,0.3375
1.8766,0.0006,0.8176,2.0261,0.3373
1.7431,0.0006,1.2998,1.8118,0.3584
1.7012,0.0008,1.0396,1.5794,0.3608
1.4647,0.0006,1.0773,1.3523,0.3608
1.5752,0.0006,1.3006,1.6801,0.3498
1.4299,0.0005,0.8386,1.5480,0.3423
1.7585,0.0007,0.7246,1.7153,0.3423
1.9423,0.0006,1.4647,1.4985,0.3656
1.4429,0.0008,1.3155,1.8545,0.3553
1.6752,0.0009,0.8660,1.7102,0.3424
1.9954,0.0008,1.1881,1.8775,0.3513
1.2941,0.0006,1.0373,1.3806,0.3515
1.5338,0.0006,0.9747,1.4656,0.3515
1.9758,0.0005,1.2739,1.9848,0.3330
1.5343,0.0009,0.9890,1.5374,0.3427
1.6960,0.0007,0.9074,1.6996,0.3475
2.1493,0.0008,1.5685,1.3131,0.3781
1.3912,0.0008,1.5098,2.1683,0.3781
1.7897,0.0009,0.9526,1.6045,0.3478
1.7275,0.0009,1.9177,1.6169,0.3478
2.3345,0.0011,1.1685,2.5623,0.3393
1.3454,0.0004,1.1401,1.4081,0.3514
1.3837,0.0006,1.2166,1.2388,0.3514
2.3516,0.0007,0.8620,2.3753,0.3514
1.3210,0.0006,0.9441,1.4213,0.3583
1.6551,0.0008,1.3254,1.5406,0.3583
2.1699,0.0009,0.9155,2.2158,0.3568
1.5819,0.0012,0.9275,1.6301,0.3409
1.7809,0.0006,1.3958,1.7775,0.3507
1.6482,0.0003,1.0212,1.6865,0.3507
1.8970,0.0007,0.9153,1.8378,0.3407
1.8121,0.0005,1.3250,1.8030,0.3536
1.3658,0.0012,0.8623,1.2353,0.3536
1.7371,0.0005,0.8512,1.6063,0.3470
1.7428,0.0006,1.5590,1.5481,0.3611
1.3945,0.0007,1.1619,1.4650,0.3611
2.6748,0.0010,1.1480,2.8626,0.3642
1.3309,0.0008,1.4513,1.3286,0.3502
1.4090,0.0006,0.8772,1.5895,0.3567
1.6821,0.0005,0.7497,1.6544,0.3567
2.3007,0.0008,1.1862,2.2035,0.3474
1.4451,0.0010,1.1153,1.3856,0.3521
1.1350,0.0005,1.0612,1.2323,0.3521
1.8949,0.0007,1.4235,1.9259,0.3461
1.2366,0.0006,0.8881,1.1636,0.3461
2.0724,0.0009,0.9100,1.7842,0.3500
1.3407,0.0007,1.6784,1.6895,0.3500
1.9698,0.0007,0.9222,1.9421,0.3447
1.5435,0.0008,0.8667,1.5301,0.3523
1.8622,0.0013,1.5246,1.1912,0.3578
0.8193,0.0008,1.2044,1.0283,0.3578
1.6304,0.0007,0.8009,1.8015,0.3476
2.0170,0.0007,1.2273,1.7414,0.3551
2.2047,0.0009,0.8566,2.4283,0.3472
1.1940,0.0004,1.0074,1.1346,0.3472
2.2036,0.0008,1.4001,2.3146,0.3488
1.4577,0.0008,1.3984,1.4960,0.3590
1.9243,0.0007,0.9273,1.9331,0.3516
2.0799,0.0010,1.2172,1.8898,0.3810
1.4505,0.0008,1.0966,1.3933,0.3810
1.8788,0.0007,1.0014,2.0089,0.3521
2.1796,0.0006,1.4791,2.2037,0.3563
1.7313,0.0005,1.0534,1.6236,0.3401
1.9426,0.0006,1.1279,1.6988,0.3419
2.1800,0.0010,1.6236,2.5160,0.3595
1.2894,0.0009,1.0943,1.2793,0.3595
2.0657,0.0008,0.9804,2.0817,0.3466
1.3861,0.0008,1.3532,1.4062,0.3466
2.0612,0.0010,0.9019,2.0093,0.3454
1.0648,0.0007,0.8591,1.1249,0.3454
1.7070,0.0006,1.3631,1.5163,0.3585
1.6110,0.0006,1.1097,1.7602,0.3318
1.7607,0.0006,0.8971,1.7239,0.3494
1.7679,0.0007,1.3431,1.6690,0.3420
1.1984,0.0006,0.9489,1.3590,0.3420
2.2926,0.0008,0.7365,2.2262,0.3632
1.4774,0.0012,1.2105,1.3987,0.3632
1.6146,0.0007,1.0114,1.6931,0.3436
2.3363,0.0017,0.8896,2.2314,0.3446
1.6197,0.0010,1.4994,1.6710,0.3362
2.1443,0.0008,1.0105,2.0883,0.3362
1.5496,0.0009,0.9894,1.4162,0.3463
2.1943,0.0006,1.5022,2.3326,0.3494
1.4922,0.0007,0.8658,1.4996,0.3494
2.0054,0.0007,0.8965,1.9386,0.3595
1.3506,0.0011,1.4041,1.4193,0.3595
1.4780,0.0004,0.8904,1.4899,0.3485
1.7969,0.0005,0.7332,1.5430,0.3280
1.7108,0.0008,1.3792,1.8028,0.3529
1.1571,0.0008,1.3499,1.0128,0.3529
1.7722,0.0008,1.0338,1.9962,0.3569
1.6359,0.0009,1.3067,1.5732,0.3473
1.3127,0.0007,1.1196,1.3291,0.3473
1.8755,0.0005,0.9263,1.9458,0.3308
2.2593,0.0008,1.4225,1.6513,0.3709
1.2224,0.0011,1.7481,1.7108,0.3709
1.7898,0.0007,1.1052,1.5834,0.3729
1.7711,0.0007,1.5166,1.8559,0.3517
1.7106,0.0010,0.9511,1.8665,0.3488
1.7756,0.0005,0.8549,1.8102,0.3467
1.5447,0.0007,1.6344,1.0668,0.3362
1.1395,0.0007,0.9942,1.4091,0.3362
1.7978,0.0007,0.8916,1.8449,0.3361
1.6109,0.0007,1.3952,1.3247,0.3370
1.4770,0.0007,1.1095,1.8431,0.3370
2.1617,0.0008,0.8547,2.1375,0.3514
1.5495,0.0004,1.4220,1.2973,0.3514
1.8431,0.0005,0.9703,2.0999,0.3318
1.7878,0.0008,0.8369,1.7317,0.3370
1.7256,0.0010,1.2478,1.5833,0.3484
1.4193,0.0008,0.9970,1.5098,0.3435
1.9080,0.0008,0.8590,1.9982,0.3470
1.4963,0.0006,1.1473,1.4507,0.3470
2.5179,0.0012,0.8790,2.4674,0.3721
1.7538,0.0009,1.0841,1.6894,0.3619
1.3996,0.0007,1.4928,1.2092,0.3502
1.6563,0.0008,1.0845,1.9461,0.3502
1.8006,0.0006,0.9713,1.7596,0.3404
1.3830,0.0005,1.2052,1.4155,0.3404
1.6426,0.0008,0.9680,1.5742,0.3587
1.8381,0.0008,1.1656,1.8157,0.3350
1.4351,0.0011,1.2813,1.3220,0.3350
1.7004,0.0012,0.8782,1.8287,0.3480
2.1151,0.0008,0.8808,1.8073,0.3440
1.6337,0.0010,1.6294,1.6761,0.3440
1.5324,0.0007,1.1619,1.5875,0.3657
1.9367,0.0010,1.0081,2.1826,0.3384
1.5004,0.0006,1.1581,1.5140,0.3550
1.8068,0.0007,0.9323,1.8061,0.3592
1.3654,0.0005,0.9526,1.2292,0.3592
1.9254,0.0009,1.3763,2.0474,0.3279
1.7646,0.0007,0.9101,1.6006,0.3652
2.0321,0.0007,0.9483,2.1300,0.3539
1.5324,0.0007,1.3978,1.1113,0.3539
2.1693,0.0009,1.0499,2.5614,0.3569
1.4881,0.0005,1.2237,1.5173,0.3405
1.9099,0.0007,1.2266,1.8780,0.3655
1.8061,0.0007,0.8668,1.7948,0.3505
1.7564,0.0006,0.9154,1.7214,0.3482
1.6319,0.0007,1.2906,1.6642,0.3518
1.4578,0.0006,0.9460,1.4508,0.3518
2.0070,0.0006,0.8419,1.9764,0.3595
1.4517,0.0007,1.1918,1.3821,0.3595
1.9911,0.0010,1.0288,1.7091,0.3657
2.1646,0.0008,1.0570,2.4680,0.3510
1.3128,0.0008,1.3002,1.3659,0.3450
1.8972,0.0006,0.8756,1.8652,0.3389
1.8482,0.0007,0.7987,1.8300,0.3457
1.6367,0.0009,1.1981,1.6304,0.3535
1.6214,0.0005,0.9163,1.5273,0.3535
1.6295,0.0008,0.9494,1.6646,0.3337
1.2609,0.0007,1.2895,1.1687,0.3689
2.1067,0.0007,0.8556,2.1305,0.3646
1.5693,0.0007,0.9471,1.6405,0.3646
1.6390,0.0010,1.3418,1.6672,0.3646
2.2620,0.0008,0.8960,2.1307,0.3417
1.4393,0.0008,0.9895,1.4864,0.3368
1.9795,0.0008,1.4598,2.0358,0.3454
1.5829,0.0006,1.0224,1.5636,0.3377
1.3400,0.0006,0.8953,1.3653,0.3377
1.6124,0.0007,1.4029,1.2355,0.3371
1.9154,0.0008,0.9779,2.2354,0.3467
1.3395,0.0007,0.8413,1.2291,0.3467
2.4567,0.0007,1.1765,2.2578,0.3719
1.1516,0.0007,1.2772,1.3694,0.3557
1.1877,0.0006,1.1087,0.8674,0.3628
1.3972,0.0008,1.4013,1.5127,0.3628
1.7170,0.0010,0.8817,1.8358,0.3464
2.1548,0.0007,0.9049,2.2842,0.3766
2.2428,0.0009,1.6141,2.2168,0.3439
1.9605,0.0009,0.9144,1.8916,0.3505
1.5665,0.0008,0.9776,1.6137,0.3505
2.3573,0.0010,1.3514,2.1655,0.3478
1.3466,0.0005,1.2327,1.5461,0.3478
1.8901,0.0007,0.9478,1.8765,0.3472
1.8016,0.0007,1.2951,1.8011,0.3472
1.8828,0.0008,0.8699,1.5194,0.3574
1.6461,0.0007,1.0503,1.8029,0.3472
1.7050,0.0006,1.4936,1.6607,0.3352
1.0852,0.0005,1.1929,1.2562,0.3352
1.5535,0.0008,0.8065,1.1751,0.3506
2.1957,0.0011,1.3303,2.4760,0.3721
1.7426,0.0006,1.4538,1.7753,0.3604
1.1476,0.0009,1.3432,1.2215,0.3604
1.7109,0.0008,1.1269,1.6819,0.3402
1.8391,0.0009,0.8459,1.7514,0.3384
1.7956,0.0010,1.0587,1.8888,0.3411
1.3168,0.0008,1.2250,1.1151,0.3411
2.3202,0.0009,0.8333,2.4851,0.3337
1.1778,0.0007,0.8357,1.1066,0.3337
2.0652,0.0008,1.2237,2.1536,0.3497
1.6826,0.0010,1.0672,1.3680,0.5483
1.7660,0.0009,1.5434,2.0569,0.3401
1.8518,0.0008,1.4927,1.8409,0.3531
1.1133,0.0009,0.9071,1.1426,0.3563
2.5012,0.0013,0.7668,2.2971,0.3700
1.3102,0.0007,1.3800,1.4376,0.3490
1.6940,0.0011,0.8903,1.7309,0.3619
2.0902,0.0006,0.7128,2.0686,0.3513
1.2934,0.0005,1.0883,1.3166,0.3454
1.3674,0.0007,0.7849,1.1619,0.3454
1.8774,0.0008,1.0547,1.7567,0.3505
1.8774,0.0008,2.0805,1.8037,0.3725
1.7910,0.0009,1.2264,2.0758,0.3398
1.7552,0.0011,0.9484,1.6639,0.3396
1.7060,0.0017,1.4358,1.6584,0.3367
1.9598,0.0010,1.1697,2.0867,0.3412
1.6319,0.0007,0.9148,1.6635,0.3412
2.2754,0.0009,1.3060,2.0668,0.3473
1.4590,0.0008,1.3364,1.5895,0.3473
1.8404,0.0008,0.9896,1.6830,0.3514
2.0193,0.0008,1.4262,2.0081,0.3662
2.1973,0.0009,1.1271,2.3726,0.3550
1.3379,0.0006,1.1078,1.3635,0.3550
1.5882,0.0008,1.3180,1.3258,0.3460
1.8430,0.0010,1.0913,2.0848,0.3412
1.7375,0.0008,0.9389,1.6376,0.3319
1.8292,0.0009,1.3087,1.9117,0.3363
2.3306,0.0007,0.9321,2.2823,0.3363
1.8163,0.0010,1.2490,1.7772,0.3499
2.4055,0.0010,1.6574,1.1657,0.3876
1.5209,0.0010,2.0635,1.5492,0.3700
0.8104,0.0007,1.3181,1.0643,0.3700
1.2080,0.0006,1.0847,1.4389,0.3595
1.6025,0.0006,0.8827,1.4965,0.3539
1.6930,0.0005,1.1057,1.4727,0.3466
1.6642,0.0006,1.4370,1.7740,0.3466
1.5395,0.0008,1.2600,1.4524,0.3413
1.7532,0.0007,0.9235,1.6015,0.3405
1.4036,0.0010,1.4300,1.6783,0.3405
2.0073,0.0008,1.1592,2.1230,0.3491
1.5134,0.0006,1.0508,1.3299,0.3718
1.8831,0.0007,1.4224,1.9593,0.3394
1.4843,0.0006,1.2078,1.3859,0.3394
1.6964,0.0009,0.7905,1.9381,0.3451
2.1120,0.0008,1.1880,1.9567,0.3468
1.0284,0.0006,1.0595,1.0747,0.3468
2.1279,0.0006,0.7852,2.1346,0.3366
1.8224,0.0008,1.6133,1.3043,0.3517
1.2350,0.0006,1.2228,1.6604,0.3517
1.7660,0.0008,1.1590,1.8364,0.3529
2.1733,0.0008,1.2668,2.0866,0.3459
1.4716,0.0007,1.1333,1.6007,0.3459
1.6205,0.0008,1.0877,1.6198,0.3473
1.7027,0.0006,1.1778,1.7029,0.3307
1.5787,0.0007,0.8434,1.5793,0.3464
2.2438,0.0007,0.7557,2.1373,0.3541
1.6848,0.0007,1.2294,1.4239,0.3476
1.4551,0.0005,1.3870,1.5595,0.3476
2.1382,0.0007,0.9921,2.2325,0.3739
1.6041,0.0005,1.3838,1.5015,0.3548
1.4515,0.0005,0.9643,1.6822,0.3925
2.1862,0.0010,0.7920,1.8895,0.3592
1.4708,0.0006,1.6186,1.4119,0.3387
1.9868,0.0008,0.9215,2.3017,0.3429
1.2542,0.0006,0.7615,1.2925,0.3531
1.6435,0.0008,1.2851,1.5119,0.3486
2.0686,0.0005,0.9993,2.0631,0.3514
1.5656,0.0006,0.9970,1.5478,0.3514
2.3506,0.0008,1.3695,2.3949,0.3723
1.6273,0.0007,1.0203,1.5369,0.3559
1.0356,0.0004,1.1670,0.9024,0.3559
1.6137,0.0006,1.5613,1.3646,0.3413
1.6326,0.0008,0.9843,1.6650,0.3359
1.5123,0.0004,1.0096,1.8566,0.3359
1.9204,0.0006,1.2685,1.9723,0.3516
1.7254,0.0004,0.8512,1.4831,0.3356
1.5311,0.0006,0.9594,1.4769,0.3356
1.5327,0.0008,1.2215,1.8172,0.3490
1.8489,0.0010,0.8745,1.4345,0.3773
1.4126,0.0006,1.2586,1.8074,0.3773
1.9210,0.0005,1.3216,1.8965,0.3432
1.1881,0.0006,0.8340,1.1165,0.3491
1.8615,0.0006,0.8890,1.8298,0.3343
1.4461,0.0004,1.2186,1.5318,0.3343
1.5218,0.0009,0.9405,1.2983,0.3350
1.9862,0.0006,0.9577,2.1702,0.3354
1.1668,0.0003,1.3104,1.1144,0.3354
2.0898,0.0005,0.7373,1.9630,0.3629
1.7624,0.0006,0.7893,1.5829,0.3307
1.8189,0.0006,1.8424,1.7775,0.3605
1.7469,0.0004,1.1094,2.1360,0.3428
1.4168,0.0005,0.8765,1.0940,0.3428
2.1227,0.0006,1.0573,2.3756,0.3462
0.9252,0.0005,0.9148,1.0427,0.3462
1.8551,0.0007,0.8190,1.5126,0.3446
1.8451,0.0006,1.0877,2.0929,0.3518
1.7469,0.0003,0.7749,1.5966,0.3393
1.8998,0.0007,0.6849,1.5345,0.3507
1.8796,0.0009,1.3325,1.8241,0.3646
1.7312,0.0008,1.3265,2.3090,0.3549
1.5300,0.0006,0.8300,1.5546,0.3416
1.5429,0.0003,1.0475,1.5147,0.3472
1.6216,0.0004,0.7613,1.6007,0.3472
1.7166,0.0004,0.8493,1.5326,0.3508
2.0786,0.0006,1.2716,2.1976,0.3474
1.3437,0.0004,0.9010,1.3550,0.3474
1.8776,0.0010,0.6632,1.9362,0.3374
1.8785,0.0005,1.4470,1.8427,0.3568
1.5720,0.0007,1.0674,1.5792,0.3550
1.6708,0.0008,0.8041,1.4889,0.3550
1.8154,0.0008,1.0309,1.9215,0.3587
2.1736,0.0006,0.7652,1.9288,0.3571
1.1755,0.0004,1.0731,1.3196,0.3279
1.9005,0.0005,1.1085,1.7807,0.3578
1.8154,0.0004,0.8425,2.0681,0.3578
1.5351,0.0003,0.7582,1.4831,0.3539
1.6955,0.0004,1.0418,1.6816,0.3419
1.7137,0.0006,0.8839,1.6406,0.3713
1.3486,0.0007,1.0746,1.4502,0.3713
1.8041,0.0009,1.2776,1.7779,0.3582
1.5890,0.0008,0.8982,1.3834,0.3612
1.7041,0.0007,0.8533,1.7811,0.3402
1.7545,0.0006,1.3840,1.9083,0.3527
1.2805,0.0005,0.8841,1.1469,0.3527
1.3514,0.0006,0.6942,1.4858,0.3423
1.4266,0.0006,0.9839,1.2837,0.3393
1.2736,0.0005,0.8520,1.1371,0.3393
1.7474,0.0009,0.6789,1.9395,0.3520
1.6355,0.0010,1.4834,1.3063,0.3520
1.4152,0.0009,0.9330,1.4327,0.3803
1.6613,0.0007,0.9605,2.0244,0.3439
1.3768,0.0007,1.1188,1.1675,0.3439
1.4328,0.0006,0.8091,1.6119,0.3619
1.2150,0.0006,0.7139,1.2286,0.3651
1.6581,0.0007,1.0516,1.6341,0.3483
1.5226,0.0007,0.7566,1.5309,0.3433
1.6368,0.0006,0.7666,1.5483,0.3586
1.1115,0.0006,1.2323,1.0814,0.3586
1.5642,0.0006,0.7264,1.6506,0.3469
1.3408,0.0009,0.6929,1.2595,0.3367
2.4634,0.0009,1.7352,1.5671,0.3872
0.9301,0.0008,1.5900,1.6400,0.3872
1.9337,0.0010,0.8726,2.1045,0.3437
1.5943,0.0006,1.1227,1.2480,0.3783
1.7456,0.0006,0.9601,2.0897,0.3404
1.3833,0.0006,0.7917,1.4302,0.3404
1.4153,0.0004,0.9967,1.1739,0.3331
1.5629,0.0004,0.6721,1.8010,0.3488
2.0611,0.0007,0.6084,1.9487,0.3392
1.4957,0.0006,1.0565,1.5588,0.3662
1.2963,0.0006,0.7725,1.2589,0.3662
1.8259,0.0161,0.7962,1.7428,0.3643
1.8610,0.0006,1.5557,0.9304,0.3568
0.8824,0.0004,1.1469,1.4640,0.3529
1.0932,0.0006,0.8465,1.0913,0.3529
1.5057,0.0006,1.0427,1.4521,0.3592
1.5811,0.0005,0.6338,1.4325,0.3351
1.7331,0.0004,0.8401,1.9279,0.3351
1.5328,0.0004,1.0420,1.6229,0.3386
1.5452,0.0003,0.6316,1.3046,0.3550
1.2418,0.0005,0.8720,1.2915,0.3550
2.2083,0.0008,1.2268,2.2770,0.3573
1.3266,0.0006,0.9068,1.0532,0.3421
1.3987,0.0003,0.9549,1.7579,0.3552
1.2982,0.0003,1.0334,1.0835,0.3552
1.7071,0.0004,0.7397,1.9277,0.3447
1.1911,0.0006,0.6860,1.1106,0.3339
1.4656,0.0004,1.0247,1.1783,0.3486
1.6954,0.0003,0.6532,2.0384,0.3412
1.1423,0.0004,0.7206,1.0243,0.3393
1.5017,0.0004,1.2302,1.4491,0.3617
1.6241,0.0005,0.7921,1.6013,0.3617
2.1117,0.0166,0.8004,1.7400,0.9279
1.2297,0.0005,1.7664,1.1275,0.3696
1.1836,0.0003,0.7717,1.2230,0.3480
1.3592,0.0004,0.7894,1.5531,0.3480
1.9135,0.0004,0.9359,2.0229,0.3541
1.5667,0.0004,0.6290,1.1830,0.3398
1.4087,0.0003,0.7506,1.7780,0.3581
1.1691,0.0005,0.8888,1.1276,0.3417
1.3801,0.0007,0.5975,0.9794,0.3474
1.0060,0.0003,0.7496,1.3693,0.3474
1.9091,0.0004,0.8917,1.7719,0.3355
0.7792,0.0003,0.7447,0.9041,0.3355
1.1127,0.0007,0.7371,1.0318,0.3669
1.8974,0.0008,1.4477,1.9586,0.3781
1.2724,0.0006,0.8958,1.1810,0.3781
1.6427,0.0004,0.6739,1.4787,0.3393
1.7404,0.0005,1.0482,1.9972,0.3517
1.2947,0.0005,0.6748,1.1655,0.3517
1.1705,0.0004,0.6582,1.2658,0.3473
1.5826,0.0005,0.9645,1.6066,0.3519
1.1516,0.0004,0.6645,1.0714,0.3519
1.2863,0.0004,0.6490,1.2950,0.3606
1.3560,0.0004,0.9960,1.4406,0.3606
2.2032,0.0010,0.6206,2.0457,0.3580
0.8763,0.0005,1.1105,0.9858,0.3580
1.8587,0.0004,1.1803,1.8465,0.3834
1.6956,0.0004,0.6881,1.7110,0.3435
1.6729,0.0004,0.6428,1.6499,0.3458
1.2830,0.0005,0.9700,1.0816,0.3294
1.3146,0.0004,0.7783,1.3274,0.3294
1.5629,0.0005,0.6235,1.7514,0.3568
1.6041,0.0008,0.9432,1.5003,0.3401
1.4002,0.0005,0.7003,1.3629,0.3562
1.6821,0.0007,0.6441,1.5109,0.3540
2.3450,0.0010,1.1403,2.5421,0.3482
1.6353,0.0005,0.9623,1.5705,0.3567
1.4524,0.0005,0.9850,1.5974,0.3568
1.4455,0.0003,1.4059,0.9338,0.3499
0.9407,0.0004,0.8413,1.3078,0.3499
1.4229,0.0004,0.6575,1.4853,0.3483
1.3612,0.0004,1.1499,1.1438,0.3534
1.4295,0.0003,0.8628,1.6502,0.3576
1.2651,0.0004,0.5864,1.2406,0.3460
1.3787,0.0005,1.0754,1.3669,0.3437
1.5632,0.0006,0.7056,1.5482,0.3437
1.7257,0.0010,0.8884,0.9434,0.3548
1.3652,0.0007,1.7627,1.8531,0.3548
1.6275,0.0005,0.8829,1.8933,0.3550
1.3491,0.0004,0.7581,1.3750,0.3550
1.4818,0.0005,1.1333,1.3721,0.3515
1.3668,0.0004,0.7673,1.4236,0.3486
1.5362,0.0004,0.6533,1.5110,0.3480
1.7969,0.0005,0.9483,1.8349,0.3429
1.8376,0.0006,0.6515,1.8495,0.3565
1.5238,0.0006,0.6706,1.4895,0.3550
1.2067,0.0005,0.9905,1.0132,0.3520
1.9912,0.0010,0.8966,2.0924,0.3754
1.6968,0.0008,0.9196,1.6504,0.3754
1.1944,0.0006,1.2645,1.1316,0.3630
1.5767,0.0006,0.7076,1.3821,0.3387
1.4817,0.0007,0.7952,1.8655,0.3352
1.2438,0.0005,0.9611,1.1779,0.3454
1.6759,0.0007,0.7600,1.7393,0.3280
1.5939,0.0004,0.6632,1.5684,0.3280
1.9814,0.0005,1.0239,1.9544,0.3457
1.4966,0.0006,0.7299,1.5256,0.3391
1.1006,0.0006,0.7709,1.0579,0.3391
1.7473,0.0006,1.0632,1.6151,0.3546
1.7206,0.0006,1.0515,1.8421,0.8398
1.3386,0.0004,0.7194,1.3822,0.3475
1.3868,0.0005,1.1461,1.2061,0.3427
1.8643,0.0004,0.9383,1.9657,0.3694
1.4214,0.0004,0.8513,1.4426,0.3694
1.3428,0.0004,1.0682,1.3778,0.3630
1.4320,0.0006,0.6286,1.4112,0.3367
1.0570,0.0004,0.5943,0.8616,0.3367
1.7896,0.0003,0.9956,1.9645,0.3384
1.2619,0.0004,0.6170,1.1539,0.3384
1.2479,0.0007,0.7133,1.2734,0.3393
1.5921,0.0008,1.0935,1.5899,0.3385
1.5061,0.0006,0.9066,1.1665,0.3532
1.3252,0.0004,0.8875,1.5433,0.3532
1.7555,0.0003,1.0672,1.9073,0.3403
1.6950,0.0004,0.6435,1.7043,0.3383
1.5018,0.0005,0.6276,1.3649,0.3457
1.9515,0.0004,1.0124,1.9807,0.3491
1.3995,0.0004,0.8358,1.1929,0.3420
1.2009,0.0004,0.7791,1.5053,0.3546
1.6170,0.0003,0.9358,1.6018,0.3533
1.3978,0.0006,0.6527,1.3179,0.3533
1.5710,0.0006,0.7898,1.5998,0.3638
1.2132,0.0004,1.0669,1.1165,0.3638
1.8152,0.0004,0.7285,1.9353,0.3544
1.5949,0.0005,0.6866,1.5577,0.3403
1.0964,0.0178,0.9304,0.9819,0.3403
1.4126,0.0005,0.7807,1.4520,0.3333
1.4377,0.0005,0.6732,1.4842,0.3409
1.2660,0.0003,1.0308,1.2851,0.3547
1.3569,0.0004,0.7330,1.0045,0.3547
1.6610,0.0003,0.7872,2.0070,0.3443
1.6482,0.0004,0.9231,1.6167,0.3405
1.9576,0.0006,0.6815,1.9234,0.3692
1.7088,0.0007,0.7907,1.4890,0.3692
1.7439,0.0005,1.3148,1.9850,0.3440
1.4396,0.0005,0.7037,1.1869,0.3440
2.4464,0.0006,0.7375,2.5129,0.3509
1.1244,0.0003,1.2008,1.3213,0.3405
1.4728,0.0004,0.6717,0.9909,0.3405
1.8603,0.0004,0.6165,2.2804,0.3470
1.4939,0.0003,0.9535,1.5081,0.3449
1.5487,0.0005,0.7231,1.2279,0.3449
2.2179,0.0008,0.8660,2.0782,0.3654
1.1612,0.0005,1.5651,1.1468,0.3641
1.2263,0.0004,0.8033,1.3315,0.3641
1.8496,0.0008,0.7619,1.8516,0.3555
1.5920,0.0006,1.3625,1.7804,0.3440
1.7797,0.0004,0.6911,1.7433,0.3473
1.5065,0.0004,0.7194,1.4526,0.3336
1.3073,0.0011,1.1425,1.3317,0.3336
1.7140,0.0003,0.7523,1.5841,0.3448
1.7735,0.0003,0.7573,1.9659,0.3370
1.7933,0.0005,0.9679,1.2133,0.3606
1.9444,0.0004,1.1031,2.4691,0.3391
1.3018,0.0005,0.7689,1.2460,0.3391
1.8761,0.0005,1.1014,1.3725,0.3379
1.5852,0.0005,0.8335,1.9222,0.3660
1.1785,0.0004,0.6747,1.4063,0.3461
1.5169,0.0005,0.9850,1.3866,0.3540
1.8118,0.0005,0.7228,1.9278,0.3458
1.4122,0.0007,0.6585,1.2272,0.3485
1.7365,0.0004,0.9640,1.9261,0.3570
1.6570,0.0007,0.6278,1.5562,0.3508
1.6495,0.0005,1.1827,1.5080,0.3823
1.1789,0.0004,1.5891,1.2291,0.3823
1.7673,0.0005,0.7679,1.8992,0.3445
1.6939,0.0005,0.6972,1.4712,0.3435
1.5790,0.0006,1.4842,1.2038,0.3435
1.4182,0.0009,1.0632,1.6211,0.3422
1.7900,0.0006,0.8110,1.7452,0.3501
1.4778,0.0005,1.1565,1.8730,0.3446
1.7421,0.0008,0.6805,1.3702,0.3503
2.0947,0.0004,0.7719,2.3540,0.3401
1.7243,0.0010,1.5227,1.4526,0.3845
1.6248,0.0014,1.1885,1.8292,0.3836
1.7374,0.0007,1.1150,1.8302,0.3590
1.6187,0.0006,1.1718,1.6401,0.3544
1.6190,0.0006,0.8717,1.6098,0.3491
1.1296,0.0005,0.9271,1.1463,0.3491
1.6377,0.0006,1.1476,1.6066,0.3425
1.2948,0.0004,0.8730,1.0764,0.3425
1.9182,0.0006,0.9221,2.1266,0.3411
1.7776,0.0010,1.0379,1.5072,0.3389
1.8617,0.0009,0.8539,2.0785,0.3402
1.5093,0.0004,0.8674,1.4750,0.3528
1.6048,0.0004,1.1816,1.6754,0.3626
1.6285,0.0005,0.7140,1.5078,0.3502
1.5262,0.0004,0.7800,1.3763,0.3502
1.9439,0.0005,1.0644,1.9333,0.3352
1.2819,0.0005,0.9947,1.1841,0.3352
2.0946,0.0004,0.8350,2.2848,0.3463
1.7357,0.0004,1.3624,1.8013,0.3511
1.4812,0.0003,1.0615,1.5483,0.3511
1.7813,0.0006,0.7815,1.5076,0.3477
1.7770,0.0007,1.5329,1.6710,0.3540
1.7573,0.0005,1.0761,2.1020,0.3469
1.5000,0.0004,0.8842,1.3427,0.3397
1.6053,0.0004,1.1200,1.4476,0.3433
1.8901,0.0004,0.8266,2.0686,0.3533
1.8060,0.0003,0.7685,1.9434,0.3379
1.3807,0.0004,1.1847,1.1897,0.3379
2.4183,0.0006,1.0797,2.4676,0.3339
1.1640,0.0004,0.7847,1.2538,0.3339
1.4017,0.0008,1.1475,1.3018,0.3674
1.2482,0.0003,0.9942,1.1287,0.3645
1.3391,0.0003,0.6692,1.5607,0.3667
1.7503,0.0003,0.9514,1.7176,0.3385
1.1976,0.0004,0.6805,1.2074,0.3385
1.9868,0.0005,0.7009,1.8583,0.3399
1.4120,0.0004,1.2341,1.5128,0.3578
1.3438,0.0004,0.8096,1.3197,0.3493
1.6421,0.0003,0.7352,1.6014,0.3493
1.6468,0.0004,0.9450,1.7156,0.3428
1.5796,0.0008,0.6698,1.3953,0.3604
2.5467,0.0008,0.8072,2.6366,0.3734
1.6650,0.0006,1.4387,0.9912,0.3599
1.1279,0.0004,1.0623,1.7515,0.3599
1.8074,0.0004,0.6252,1.7628,0.3459
1.5646,0.0004,0.9443,1.6028,0.3527
1.8126,0.0004,0.6704,1.7413,0.3497
1.4558,0.0004,0.7337,1.4732,0.3497
1.5618,0.0008,0.9460,1.5286,0.3470
2.2627,0.0009,0.7063,2.2278,0.3430
1.3291,0.0007,0.8667,1.0511,0.3430
1.7586,0.0006,1.4594,2.0027,0.3657
1.5653,0.0007,0.8295,1.5037,0.3760
1.8665,0.0005,0.6609,1.4487,0.3442
1.6583,0.0004,1.6485,1.6956,0.3366
1.2383,0.0003,0.9453,1.4068,0.3548
1.3552,0.0004,0.7971,1.3424,0.3548
1.5208,0.0004,1.0404,1.8703,0.3583
1.7239,0.0005,0.6096,1.4049,0.3544
1.6323,0.0008,0.8415,1.5361,0.3561
1.6369,0.0008,1.5436,1.3914,0.3709
0.8570,0.0004,1.1621,1.1691,0.3709
2.0767,0.0005,0.7127,2.2337,0.3867
1.4629,0.0005,1.2983,0.8861,0.3443
1.2918,0.0004,0.9644,1.4160,0.3484
1.4099,0.0007,0.7829,1.7667,0.3484
1.2964,0.0004,1.0717,1.2313,0.3611
1.7580,0.0004,0.6550,1.8035,0.3324
1.8181,0.0005,0.6316,1.7846,0.3438
1.8587,0.0004,1.2245,1.1007,0.3515
1.0507,0.0004,1.3484,1.5275,0.3515
1.7289,0.0006,0.8763,1.9704,0.3412
2.0715,0.0005,1.0777,2.0202,0.3596
1.4157,0.0005,0.8961,1.5242,0.3596
1.9104,0.0004,0.6732,1.7708,0.3458
1.0021,0.0004,1.1054,0.9170,0.3501
0.9937,0.0004,0.6510,1.1659,0.3501
1.5090,0.0004,0.6127,1.2811,0.3514
1.6555,0.0004,0.9574,1.9150,0.3672
1.2861,0.0004,0.6639,1.2735,0.3672
1.6035,0.0004,0.7029,1.1531,0.3520
1.1982,0.0003,1.2774,1.5693,0.3461
1.7557,0.0008,0.6950,1.8131,0.3502
1.9256,0.0010,0.8867,1.4236,0.3767
1.2129,0.0006,1.9042,1.4665,0.3767
1.5988,0.0006,0.8132,1.6884,0.3491
1.4460,0.0006,0.6749,1.5624,0.3547
1.4430,0.0008,1.1930,1.1821,0.3539
1.7753,0.0009,0.9219,2.0312,0.3414
1.1457,0.0013,0.7040,1.1684,0.3561
1.2445,0.0009,0.9851,0.8976,0.3561
1.7834,0.0004,0.7983,2.1167,0.3683
1.3740,0.0004,0.7140,1.2865,0.3683
1.5625,0.0005,1.1046,1.6273,0.3449
1.2626,0.0006,0.6724,1.2396,0.3449
1.7161,0.0005,0.7738,1.3678,0.3571
1.5610,0.0003,1.1959,1.9104,0.3571
1.2674,0.0004,0.6958,1.2065,0.3501
1.6762,0.0004,0.6694,1.7630,0.3348
1.6743,0.0004,1.1516,1.6646,0.3381
1.4245,0.0005,0.6768,1.2833,0.3476
1.9324,0.0006,0.6709,1.8941,0.3380
1.3410,0.0005,1.2996,1.2071,0.3380
1.8719,0.0004,0.8595,2.1598,0.3524
1.7554,0.0006,0.6009,1.7116,0.3354
1.8811,0.0005,1.0649,1.8608,0.3722
1.5556,0.0004,0.9088,1.5093,0.3722
1.6532,0.0003,0.8713,1.5951,0.3462
1.9041,0.0004,1.0325,1.9752,0.3374
1.1359,0.0005,0.6927,1.1964,0.3413
1.6643,0.0004,0.6864,1.2993,0.3380
1.6839,0.0004,1.1842,1.9450,0.3380
1.4863,0.0005,0.6832,1.5753,0.3402
1.3983,0.0005,0.7876,1.3033,0.3396
1.7116,0.0003,0.9691,1.7052,0.3398
1.3157,0.0007,0.7326,1.3627,0.3398
1.5873,0.0005,1.0756,1.1715,0.3963
1.2480,0.0004,1.8089,1.3902,0.3556
1.8149,0.0003,0.8063,2.1092,0.3530
1.0301,0.0005,0.6373,0.8094,0.3530
1.8379,0.0005,1.0176,1.9119,0.3426
1.1117,0.0004,0.7905,1.1454,0.3426
1.3257,0.0006,0.6531,1.2815,0.3458
1.5488,0.0006,0.9272,1.3649,0.3576
1.2148,0.0007,0.7796,1.5230,0.3576
1.6533,0.0006,0.6908,1.5818,0.3368
1.7239,0.0007,1.4220,1.6187,0.3624
1.2743,0.0009,1.1358,1.3806,0.3853
1.5999,0.0008,0.8261,1.5983,0.3374
1.3384,0.0006,1.0878,1.1802,0.3472
1.3850,0.0008,0.8253,1.2797,0.3472
1.4646,0.0005,0.7198,1.7263,0.3528
1.7327,0.0004,1.1075,1.7571,0.3590
1.7477,0.0005,0.7317,1.3647,0.3424
1.6362,0.0005,0.8142,2.0233,0.3424
1.1045,0.0006,0.9518,0.9999,0.3366
1.4675,0.0005,0.7104,1.3477,0.3561
1.3055,0.0006,1.0116,1.3534,0.3561
1.8233,0.0007,1.5632,1.7546,0.3576
1.3698,0.0007,0.9637,1.3934,0.3660
1.6019,0.0005,0.6747,1.7865,0.3546
1.7531,0.0006,1.0724,1.7431,0.3339
1.2656,0.0006,0.7714,0.9439,0.3339
1.5681,0.0005,0.7625,1.8405,0.3493
1.1546,0.0005,0.9607,1.1559,0.3493
1.7690,0.0003,0.7328,1.7534,0.3391
1.1274,0.0004,0.6575,1.0657,0.3391
1.6872,0.0003,0.9292,1.6546,0.3519
1.6697,0.0005,0.6103,1.7778,0.3390
2.1723,0.0008,0.7254,1.6448,0.3614
2.1126,0.0010,1.9303,0.8092,0.3471
0.7063,0.0005,1.4499,0.8092,0.3550
1.0544,0.0003,0.6428,1.3455,0.3550
1.4778,0.0006,1.0076,1.4519,0.3592
1.1896,0.0005,0.6394,1.1948,0.3499
1.1670,0.0004,0.6327,1.0202,0.3499
1.8686,0.0004,1.0484,2.0127,0.3667
1.3263,0.0003,0.7623,1.3256,0.3667
1.4803,0.0004,0.7105,1.3049,0.3467
1.9058,0.0004,0.9586,2.0681,0.3474
1.5175,0.0006,0.6502,1.1999,0.3651
1.6784,0.0007,1.2790,1.7104,0.3882
2.0580,0.0006,1.5187,2.2915,0.3828
1.4862,0.0006,0.7459,1.5127,0.3386
1.6131,0.0005,0.6593,1.3028,0.3468
0.9998,0.0006,1.1283,1.3143,0.3468
1.3957,0.0007,0.6540,1.1593,0.3645
1.4615,0.0007,0.7583,1.5316,0.3459
1.7517,0.0007,1.2691,1.7563,0.3458
1.1669,0.0003,0.7959,1.0759,0.3417
1.1356,0.0003,0.7145,1.3598,0.3417
1.6212,0.0008,1.0987,1.3049,0.3738
1.9364,0.0006,1.0471,2.1830,0.3501
1.1858,0.0004,1.0462,1.1988,0.3673
1.1240,0.0003,1.1941,1.1437,0.3673
1.2667,0.0003,0.6621,1.0525,0.3460
1.5216,0.0003,0.6536,1.7326,0.3453
1.4882,0.0004,1.2910,1.0123,0.3473
1.3412,0.0004,0.8478,1.4913,0.3473
1.4890,0.0004,0.6286,1.5770,0.3474
1.7204,0.0005,0.9661,1.3665,0.3416
1.4402,0.0004,0.7521,1.9264,0.3416
1.4532,0.0009,0.5956,1.1677,0.3573
2.1178,0.0009,1.3520,2.2218,0.3624
1.1509,0.0007,1.0882,1.0406,0.3624
1.4405,0.0005,0.7051,1.7287,0.3565
1.7086,0.0004,0.9138,1.6963,0.3524
1.3828,0.0004,0.6447,1.3730,0.3424
1.1384,0.0006,0.6562,1.1163,0.3572
1.4994,0.0005,1.1666,1.5139,0.3477
1.1908,0.0006,0.6534,1.1422,0.3477
1.2490,0.0004,0.6427,1.2865,0.3512
1.5010,0.0003,0.9416,1.4769,0.3424
1.5343,0.0007,0.6852,1.2988,0.3424
1.5119,0.0009,0.9328,1.5518,0.3580
1.7889,0.0007,1.9790,1.4818,0.3471
0.8463,0.0005,1.0051,1.3361,0.3471
1.2170,0.0005,0.6690,1.2085,0.3443
1.2764,0.0003,0.9147,1.2839,0.3568
1.4887,0.0005,0.6035,1.1618,0.3578
1.2960,0.0004,0.8311,1.3610,0.3563
1.3265,0.0005,1.1629,1.4079,0.3579
1.3412,0.0005,0.9094,1.4263,0.3489
0.9999,0.0008,0.7146,0.9795,0.3489
1.2114,0.0005,0.9956,1.2562,0.3451
1.9805,0.0008,0.6461,1.6025,0.3652
1.5391,0.0009,0.7894,1.6928,0.3729
2.1082,0.0006,1.2358,2.3270,0.3825
1.5436,0.0005,0.8484,1.1372,0.3539
1.4370,0.0005,0.8957,1.8572,0.3542
1.1606,0.0004,1.0253,1.0581,0.3542
1.6130,0.0006,0.6636,1.7395,0.3498
1.3443,0.0005,0.6188,1.2216,0.3610
1.9884,0.0007,0.9738,2.0923,0.3597
1.0016,0.0005,0.6187,0.8371,0.3597
1.7990,0.0006,0.6701,1.5775,0.3629
1.9843,0.0012,1.0509,2.2894,0.3437
1.4010,0.0008,0.7909,1.4230,0.3992
1.6000,0.0005,0.7954,1.5979,0.3992
1.7904,0.0008,1.0971,1.4534,0.3411
1.3605,0.0005,0.8808,1.7036,0.3411
1.9229,0.0006,0.6420,1.8474,0.3552
1.0532,0.0004,1.0456,1.1319,0.3552
1.4191,0.0003,0.6374,1.3714,0.3552
1.9389,0.0005,0.6251,1.9676,0.3510
1.8773,0.0007,1.0024,1.8474,0.3464
1.4288,0.0004,0.7559,1.4328,0.3370
1.2562,0.0005,0.6568,1.1999,0.3370
1.8867,0.0006,1.0535,1.6320,0.3533
1.3822,0.0009,0.7897,1.4997,0.3688
1.5971,0.0005,0.9088,1.3987,0.3530
1.4219,0.0005,1.4735,1.3605,0.3479
1.3512,0.0004,0.9079,1.7184,0.3479
1.5474,0.0005,0.6911,1.1538,0.3430
1.7505,0.0005,1.0748,2.1879,0.3452
1.5111,0.0005,0.6786,1.5159,0.3395
1.7585,0.0004,0.6605,1.6456,0.3418
1.2687,0.0006,0.9656,1.3657,0.3412
1.9618,0.0009,0.7876,1.9022,0.3510
1.4808,0.0004,1.0045,1.4886,0.3736
1.4089,0.0005,1.0809,1.2980,0.3502
1.5138,0.0005,0.7591,1.4922,0.3437
1.2780,0.0004,0.7101,1.4545,0.3773
1.4167,0.0004,1.1536,1.2317,0.3419
1.3942,0.0005,0.6918,1.4661,0.3518
1.5357,0.0005,0.6684,1.4970,0.3493
1.1889,0.0003,1.0666,1.1208,0.3493
2.0218,0.0004,0.6432,1.9916,0.3439
1.7757,0.0004,0.6541,1.9975,0.3385
1.6931,0.0006,1.0180,1.2893,0.3437
1.9417,0.0005,0.7428,2.3073,0.3582
1.5015,0.0006,0.6944,1.4997,0.3675
1.5531,0.0008,0.9485,1.5482,0.3705
1.5472,0.0006,0.6372,1.5293,0.3377
0.9607,0.0006,0.6208,0.9860,0.3377
1.4191,0.0006,1.0294,1.2723,0.3492
1.8795,0.0009,0.7531,1.6388,0.3539
1.3504,0.0006,0.9796,1.4804,0.3420
1.6121,0.0003,1.3680,1.8312,0.3422
1.5384,0.0004,0.6458,1.3594,0.3422
1.7977,0.0007,0.7186,1.8979,0.3380
1.8021,0.0007,1.5346,1.4626,0.5403
0.7453,0.0005,1.1394,1.1585,0.5403
1.8407,0.0004,0.6841,1.6856,0.3672
1.3871,0.0004,1.2981,1.2305,0.3367
1.3208,0.0006,0.8585,1.5483,0.3373
1.5044,0.0004,1.1944,1.2798,0.3481
1.6185,0.0005,1.2641,1.8795,0.3512
1.5168,0.0004,0.8949,1.4470,0.3512
1.5890,0.0004,0.6934,1.3008,0.3397
1.4053,0.0006,1.2348,1.3360,0.3397
1.6049,0.0007,0.9228,1.6802,0.3692
2.0023,0.0006,0.7804,2.1576,0.3567
1.1013,0.0005,1.2895,1.2583,0.3567
1.2384,0.0006,0.6393,1.2250,0.3512
1.3627,0.0006,0.6916,1.1026,0.3590
1.1785,0.0006,1.0131,1.4304,0.3472
1.5922,0.0006,0.6796,1.2587,0.3449
1.2014,0.0003,0.8048,1.4573,0.3449
1.5013,0.0003,0.9624,1.3105,0.3507
2.3095,0.0004,0.6173,2.4158,0.3470
1.4096,0.0004,0.7842,1.3224,0.3376
1.9032,0.0008,1.2294,1.6111,0.5472
0.9717,0.0006,1.4348,1.0848,0.3880
0.8054,0.0004,0.7547,1.0390,0.3880
2.0424,0.0013,0.9096,1.9859,0.3527
1.2841,0.0006,0.8630,1.3386,0.3527
1.7118,0.0005,0.8129,1.8098,0.3384
1.2791,0.0003,0.9874,1.2886,0.3586
1.0509,0.0004,0.6524,1.0618,0.3586
1.3875,0.0004,0.5994,1.2110,0.3460
1.4659,0.0004,0.8789,1.5352,0.3447
1.3347,0.0004,0.6903,1.3993,0.3470
1.4107,0.0007,0.6194,0.9369,0.3567
1.1552,0.0005,1.2678,1.5556,0.3567
1.6454,0.0006,0.7088,1.5380,0.5354
1.5237,0.0007,0.7212,1.5373,0.3503
1.1625,0.0006,1.4286,0.9980,0.3469
1.3914,0.0006,0.7191,1.6498,0.3469
1.6177,0.0007,0.7599,1.4965,0.3557
2.0060,0.0008,1.3635,2.0572,0.3554
1.4073,0.0007,1.0691,1.3414,0.3458
1.5182,0.0005,0.8713,1.6297,0.3425
1.6397,0.0197,1.2616,1.3443,0.3474
1.4657,0.0007,1.1796,1.7857,0.3493
2.0498,0.0009,0.7446,1.9276,0.3493
1.5740,0.0008,1.4290,1.2046,0.3929
1.4453,0.0009,1.0823,1.8929,0.3633
1.2064,0.0007,0.8739,1.0811,0.3576
1.6280,0.0007,1.2899,1.5729,0.3473
1.3442,0.0008,1.0643,1.4603,0.3436
1.2780,0.0010,0.8051,1.3584,0.3373
1.4861,0.0005,1.1575,1.4693,0.3405
1.4847,0.0006,0.8673,1.4624,0.3585
1.4797,0.0004,0.9775,1.4967,0.3585
1.7695,0.0005,1.3736,1.0816,0.3443
1.2754,0.0009,1.1584,1.6774,0.3443
2.0703,0.0006,1.0927,2.0760,0.3821
1.7917,0.0005,1.3004,1.9746,0.3536
1.6631,0.0005,0.8952,1.5077,0.3539
1.9367,0.0005,0.8343,2.0591,0.3511
1.5335,0.0004,1.2488,1.5460,0.3484
1.2192,0.0008,0.9906,1.2533,0.3484
1.7070,0.0005,0.7129,1.6302,0.3400
1.1628,0.0006,1.1146,1.2137,0.3400
1.7337,0.0006,0.7558,1.6453,0.3432
1.7798,0.0007,0.7663,1.7544,0.3544
1.8748,0.0010,1.4062,1.6363,0.3401
2.1052,0.0012,1.1935,2.3462,0.3646
1.9275,0.0008,0.9362,1.7477,0.3527
1.6653,0.0006,1.4774,1.7592,0.3527
1.5189,0.0009,0.9952,1.3170,0.3593
1.8173,0.0008,0.8387,1.8930,0.3366
2.2680,0.0007,1.2050,2.3562,0.3590
1.6314,0.0006,1.0529,1.7314,0.3569
1.5706,0.0008,0.9355,1.5451,0.3580
1.3352,0.0006,1.2951,1.2791,0.3580
2.0213,0.0007,0.9918,2.0958,0.3568
1.5242,0.0004,0.9319,1.5249,0.3419
1.7420,0.0005,1.3573,1.7411,0.3419
1.7646,0.0005,0.7727,1.7515,0.3495
1.6908,0.0007,0.7746,1.3404,0.3308
1.2745,0.0005,1.2524,1.5090,0.3308
1.4290,0.0006,0.7331,1.5657,0.3537
1.6666,0.0012,0.6896,1.6173,0.3531
1.8381,0.0008,1.0963,1.5404,0.3432
1.8061,0.0008,0.9241,2.0443,0.3701
1.5065,0.0007,0.9694,1.5349,0.3629
1.6825,0.0007,1.5752,1.4778,0.3509
1.4623,0.0007,1.0536,1.6036,0.3549
1.5049,0.0008,0.7812,1.3161,0.3440
1.7410,0.0007,1.5410,1.4455,0.3630
0.8532,0.0005,1.1243,1.3879,0.3372
1.5954,0.0005,0.5794,1.4718,0.3372
1.4325,0.0006,1.0427,1.5175,0.3385
1.6176,0.0005,0.6637,1.5283,0.3416
1.5888,0.0008,0.7419,1.4856,0.3452
1.5426,0.0008,1.1736,1.6172,0.3586
2.0914,0.0006,0.9436,2.0633,0.3340
1.5327,0.0007,0.9551,1.4743,0.3340
1.5162,0.0006,1.4335,1.4173,0.3494
1.8708,0.0005,0.9737,2.1152,0.3397
1.5945,0.0003,0.6792,1.5906,0.3301
1.4140,0.0004,1.0373,1.3531,0.3301
1.3705,0.0006,0.8238,1.4309,0.3519
1.6520,0.0006,0.9177,1.3316,0.3593
1.6403,0.0007,1.3042,1.6535,0.3424
1.4039,0.0010,1.2021,1.5625,0.3421
1.5259,0.0010,1.0887,1.5762,0.3737
1.8862,0.0005,1.3472,1.9375,0.3433
1.5131,0.0006,1.0105,1.4841,0.3433
1.5589,0.0006,0.7281,1.4627,0.3520
1.7757,0.0003,1.2722,1.8378,0.3369
1.3706,0.0004,0.8829,1.3551,0.3498
1.6524,0.0005,0.7917,1.5532,0.3624
1.2089,0.0005,1.2846,1.3539,0.3333
1.7757,0.0004,0.7606,1.7510,0.3365
1.9067,0.0007,0.7282,1.6176,0.3384
1.9330,0.0006,1.8559,1.7734,0.3731
1.2209,0.0007,1.1007,1.6743,0.3731
1.7708,0.0005,0.7293,1.6848,0.3413
1.6382,0.0004,1.1869,1.7191,0.3526
1.8354,0.0006,0.7040,1.8223,0.3545
1.3717,0.0006,0.6318,1.2709,0.3520
1.5106,0.0005,1.1393,1.5399,0.3507
1.4480,0.0005,0.8340,1.5061,0.3507
1.4270,0.0003,0.7233,1.3998,0.3557
1.8664,0.0007,0.9936,1.7853,0.3571
1.3220,0.0008,0.8967,1.2766,0.3515
1.8930,0.0004,0.8700,1.9708,0.3768
1.6302,0.0005,1.7526,1.6456,0.3535
1.3756,0.0007,0.8947,1.1128,0.3535
1.9136,0.0006,0.6908,2.1589,0.3388
1.6227,0.0006,1.0745,1.5980,0.3362
1.8295,0.0006,0.9268,1.7544,0.3463
1.5493,0.0007,1.0404,1.3882,0.3463
1.9913,0.0009,1.1463,2.2102,0.3441
2.4712,0.0010,0.8409,2.1566,0.3505
1.4552,0.0009,1.0146,1.5953,0.3441
1.2187,0.0005,1.4513,1.2598,0.3515
1.3921,0.0005,0.7755,1.2821,0.3515
1.8136,0.0007,0.6520,2.0543,0.3553
1.6686,0.0005,1.0208,1.6538,0.3428
1.3967,0.0006,0.7675,1.2269,0.3409
2.2361,0.0007,1.0797,2.3025,0.3377
1.3930,0.0009,1.1629,1.3566,0.3418
1.5118,0.0006,0.8953,1.2917,0.3418
1.9661,0.0010,0.7290,2.2327,0.3532
1.8224,0.0007,1.3468,1.5552,0.3571
1.7318,0.0005,1.2764,2.0557,0.3571
1.6236,0.0007,0.7552,1.2843,0.3401
1.5855,0.0006,1.3722,1.9296,0.3426
1.4026,0.0010,0.7517,1.3438,0.3426
2.1575,0.0009,0.8501,2.1208,0.3433
1.2057,0.0004,1.2418,1.2955,0.3318
1.7065,0.0004,0.8745,1.6349,0.3384
1.3695,0.0005,0.8102,1.1110,0.3384
1.6894,0.0005,1.3241,1.5992,0.3547
1.4791,0.0007,1.1389,1.7020,0.3598
1.6173,0.0009,0.8538,1.5877,0.4028
1.8959,0.0006,1.1055,2.0554,0.3591
1.6527,0.0005,0.7198,1.6649,0.3321
1.8961,0.0007,0.7218,1.8419,0.3376
1.7674,0.0005,1.1689,1.7760,0.3713
1.3536,0.0003,0.8109,1.3698,0.3713
1.6266,0.0004,0.7125,1.6019,0.3463
1.5353,0.0003,1.0573,1.5343,0.3389
1.5475,0.0005,0.7397,1.3978,0.3443
1.9057,0.0009,0.6712,1.9591,0.3559
1.7380,0.0006,1.2928,1.7239,0.3590
1.4800,0.0006,0.9523,1.5077,0.3590
1.5909,0.0004,0.7725,1.5237,0.3409
1.8151,0.0004,1.5034,1.5540,0.3370
1.8727,0.0003,1.0259,2.2386,0.3462
1.7576,0.0007,0.6790,1.6445,0.3462
1.6032,0.0008,1.4569,1.2986,0.3600
1.2409,0.0006,0.9399,1.6471,0.3648
1.8065,0.0004,0.6627,1.8016,0.3473
1.3667,0.0007,1.0916,1.3030,0.3473
1.8389,0.0008,0.8497,1.7898,0.9307
1.6515,0.0008,0.7959,1.5009,0.3323
1.9797,0.0006,1.2866,2.0980,0.3588
1.2761,0.0006,0.9835,1.3457,0.3588
1.4645,0.0005,0.9573,1.4740,0.3343
1.4599,0.0004,1.4119,1.5245,0.3519
1.5205,0.0004,0.7399,1.4091,0.3292
1.8174,0.0005,0.6526,1.8943,0.3528
1.6455,0.0005,1.1069,1.6403,0.3382
1.6447,0.0006,1.0001,1.5827,0.3491
2.1625,0.0008,0.9758,2.0856,0.3681
1.4945,0.0008,1.5174,1.5461,0.3681
1.7849,0.0006,1.0194,1.7558,0.3625
1.7929,0.0005,0.9684,1.8467,0.3395
1.4657,0.0006,1.1951,1.4736,0.3395
1.7635,0.0003,0.7480,1.6724,0.3408
1.6325,0.0005,0.7759,1.6901,0.3389
1.4890,0.0003,1.2232,1.4914,0.3389
1.5679,0.0005,0.9007,1.5467,0.3521
1.8730,0.0007,0.8134,1.6479,0.3517
1.8732,0.0005,1.3721,2.0373,0.3540
1.5124,0.0005,1.0380,1.5490,0.3540
1.4895,0.0009,0.7401,1.3032,0.3477
1.5893,0.0004,1.1053,1.6463,0.3433
1.8056,0.0006,0.8542,1.7539,0.3475
2.0131,0.0005,0.7883,2.1712,0.3359
1.7403,0.0004,1.3045,1.7413,0.3627
1.3037,0.0005,0.8087,1.2951,0.3627
1.4639,0.0008,0.7452,1.3678,0.3435
2.1279,0.0009,1.2214,2.1083,0.3457
1.5354,0.0006,1.0650,1.6071,0.3823
1.8919,0.0005,0.9075,1.9056,0.3442
1.5470,0.0004,1.1299,1.2301,0.3460
1.9762,0.0006,0.9445,2.1426,0.3364
1.4322,0.0004,1.0139,1.4537,0.3625
1.6552,0.0006,1.3736,1.5639,0.3520
0.9553,0.0003,1.1339,1.1707,0.3520
1.9880,0.0005,0.6816,1.9551,0.3301
1.6219,0.0005,1.2556,1.3766,0.3415
1.8153,0.0018,1.3415,1.7545,0.3415
1.9140,0.0008,1.2028,1.7741,0.3683
1.8333,0.0007,1.1773,2.1514,0.3543
1.2695,0.0007,0.9365,1.3980,0.3543
1.5243,0.0004,0.6873,1.2583,0.3460
1.5495,0.0003,1.2412,1.6943,0.3481
2.2004,0.0006,0.9048,2.2653,0.3545
1.4728,0.0004,0.7556,1.4488,0.3332
1.5397,0.0004,1.1360,1.5799,0.3456
1.9359,0.0012,0.8180,1.5776,0.3525
1.3114,0.0011,1.2935,1.5846,0.3525
1.7108,0.0009,1.3105,1.7340,0.3681
1.5904,0.0007,0.9495,1.4082,0.3940
1.7828,0.0005,0.7784,1.9747,0.3595
1.3651,0.0005,1.1198,0.9724,0.3607
1.5229,0.0003,0.7864,1.9303,0.3498
1.3651,0.0005,0.7243,1.2948,0.3487
1.4164,0.0007,1.1375,1.4166,0.3483
1.7826,0.0006,0.8421,1.4010,0.3445
1.2927,0.0007,0.9209,1.6191,0.3381
1.5826,0.0007,1.2449,1.2108,0.3439
1.6141,0.0009,1.0136,2.0175,0.3439
1.7699,0.0007,0.8691,1.7846,0.3999
1.1895,0.0005,1.1934,1.2268,0.3999
1.2145,0.0006,0.7634,1.1842,0.3545
1.9232,0.0007,0.7127,1.6747,0.3491
1.2075,0.0006,1.2389,1.3927,0.3491
1.5197,0.0006,0.7706,1.4432,0.3636
1.5965,0.0007,0.8095,1.7544,0.3471
1.1139,0.0006,1.0394,0.9403,0.3471
1.6963,0.0007,0.7156,1.3986,0.3569
1.7309,0.0006,1.0699,2.1172,0.3465
1.7506,0.0007,1.2655,1.6569,0.3465
1.3285,0.0006,1.0631,1.2315,0.3804
1.4596,0.0004,0.8343,1.6126,0.3823
1.5803,0.0005,1.1339,1.2792,0.3631
1.7143,0.0008,0.9220,1.8851,0.3366
1.3713,0.0006,0.9340,1.5380,0.3366
1.5963,0.0004,1.2482,1.3941,0.3428
2.3434,0.0010,0.8273,2.2831,0.3495
1.1463,0.0006,1.0423,1.3945,0.3550
1.4008,0.0005,1.1455,1.4131,0.3550
1.6176,0.0007,0.7630,1.3770,0.3502
2.2451,0.0005,1.0848,2.3169,0.3546
1.5434,0.0006,1.3504,1.5818,0.3725
2.0716,0.0006,0.7835,2.0447,0.3342
1.7789,0.0005,0.8115,1.8512,0.3382
1.7621,0.0005,1.0980,1.5941,0.3426
2.0713,0.0007,0.8835,2.0298,0.3422
1.5896,0.0004,0.9709,1.6459,0.3422
1.5266,0.0008,1.3503,1.5841,0.3489
1.5363,0.0008,0.9758,1.3511,0.3381
1.8991,0.0009,0.9201,2.1144,0.3717
1.8105,0.0009,1.2629,1.6791,0.3534
1.6242,0.0007,1.1240,1.2857,0.3375
1.6643,0.0006,1.0502,2.1317,0.3375
1.8439,0.0005,1.1899,1.8666,0.3281
1.7694,0.0007,0.7813,1.4166,0.3281
1.9908,0.0007,0.8917,2.2994,0.3430
1.6754,0.0006,1.3396,1.6919,0.3513
1.5658,0.0008,0.8222,1.5565,0.3570
1.4254,0.0008,0.7811,1.4157,0.3570
2.0027,0.0008,1.5466,1.3393,0.3723
1.1365,0.0008,1.2289,1.6825,0.3723
1.2882,0.0007,0.7996,1.3936,0.3412
1.7922,0.0008,1.1814,1.7914,0.3513
1.4527,0.0007,0.8533,1.2449,0.3360
2.0934,0.0005,0.9411,2.0469,0.3533
1.7171,0.0007,1.5270,1.3905,0.3418
1.6949,0.0010,1.2007,2.1996,0.3390
1.4425,0.0006,0.7460,1.2879,0.3390
2.0111,0.0009,1.0350,2.1304,0.3386
1.7285,0.0009,0.8718,1.5100,0.3386
1.5473,0.0007,1.2075,1.8064,0.3465
1.4447,0.0007,1.4153,1.3154,0.3465
1.5002,0.0005,0.9417,1.3172,0.3691
1.8297,0.0006,0.8511,1.9568,0.3511
1.6225,0.0004,1.2986,1.6276,0.3511
1.6935,0.0007,0.8516,1.5689,0.3517
1.4447,0.0006,0.8817,1.6266,0.3517
1.9435,0.0006,1.3223,1.9503,0.3555
1.7702,0.0006,0.9120,1.6773,0.3354
1.8929,0.0006,1.0954,2.0400,0.3467
1.3335,0.0004,1.1992,1.3455,0.3467
1.3564,0.0005,0.7612,1.0830,0.3525
1.1875,0.0005,0.8817,1.3053,0.3525
1.8786,0.0005,1.2549,1.7690,0.3581
1.1562,0.0004,0.9332,1.4354,0.3581
1.9540,0.0004,0.6751,1.9178,0.3473
1.2639,0.0004,1.0535,1.2858,0.3473
1.6501,0.0008,0.6833,1.1811,0.3522
1.4510,0.0005,0.7730,1.9047,0.3522
1.4212,0.0007,1.0387,1.3090,0.3448
1.9096,0.0008,0.7865,1.6466,0.3488
1.7660,0.0008,0.9552,2.0594,0.3434
1.5940,0.0006,1.2325,1.2634,0.3434
1.7867,0.0006,1.1539,2.0501,0.3392
1.7818,0.0005,0.9835,1.8035,0.3418
1.5854,0.0005,1.2971,1.4674,0.3345
1.6689,0.0005,0.8817,1.8672,0.3410
1.5339,0.0006,0.6916,1.4770,0.3583
1.3399,0.0004,1.2217,1.1287,0.3603
2.1741,0.0009,0.7291,2.1452,0.3323
2.0787,0.0007,1.1488,2.0230,0.3714
1.2667,0.0004,1.6423,1.0828,0.3741
1.4904,0.0007,0.8989,1.6036,0.3677
1.9961,0.0010,1.2741,2.1502,0.3691
1.3884,0.0010,1.4768,1.4326,0.3374
2.0389,0.0008,0.8240,1.9080,0.3402
1.5392,0.0009,0.9875,1.6604,0.3402
1.6773,0.0004,1.2468,1.6904,0.3438
1.7803,0.0004,0.7105,1.7808,0.3367
1.8254,0.0007,0.6663,1.4849,0.3623
2.1634,0.0010,1.2643,1.9853,0.3732
1.7723,0.0008,1.3037,2.1408,0.3732
2.0892,0.0004,0.9923,1.9785,0.3518
1.5114,0.0005,1.4853,1.7178,0.3518
1.8426,0.0006,0.9602,1.7640,0.3394
1.9530,0.0005,0.9298,2.0231,0.3409
1.6646,0.0004,1.0964,1.6361,0.3409
1.6839,0.0010,0.7773,1.4868,0.3359
1.5781,0.0007,0.8695,1.6207,0.3402
1.8964,0.0006,1.2357,2.0179,0.3925
1.5495,0.0006,0.8934,1.5307,0.3925
1.5522,0.0010,0.9907,1.2741,0.3588
1.8509,0.0012,1.0918,2.1508,0.3676
1.4946,0.0008,0.7859,1.3885,0.3354
2.1189,0.0008,0.9333,1.6951,0.3343
1.6794,0.0005,1.3303,2.2218,0.3343
1.5506,0.0006,0.7730,1.5694,0.3423
1.4409,0.0005,0.6271,1.3080,0.3305
1.7764,0.0005,0.9420,1.7026,0.3364
1.9730,0.0007,0.8712,2.0591,0.5386
2.0587,0.0005,0.9262,2.0754,0.3344
1.6259,0.0005,1.3599,1.2988,0.3411
1.5889,0.0005,1.0583,1.8998,0.3498
1.2265,0.0005,0.9822,1.2650,0.3498
1.7904,0.0004,1.0375,1.2713,0.3581
1.6238,0.0004,0.7856,2.1215,0.3431
1.3207,0.0003,0.6783,1.3234,0.3449
2.2079,0.0007,0.9988,2.0549,0.3457
1.4724,0.0006,0.9505,1.5734,0.3457
1.6185,0.0004,1.0326,1.1268,0.3811
1.9338,0.0003,1.1334,2.4188,0.3481
1.5532,0.0004,0.7481,1.5533,0.3522
1.9299,0.0004,0.7051,1.8085,0.3524
1.2826,0.0004,1.1418,1.2730,0.3505
2.0422,0.0006,0.8669,1.9155,0.3433
1.2172,0.0003,1.0135,1.4073,0.3518
1.3222,0.0003,1.1523,1.3050,0.3518
1.6201,0.0004,0.7752,1.6154,0.3622
1.9516,0.0010,0.9950,1.9036,0.3829
1.3896,0.0007,1.2953,1.2214,0.3829
1.6435,0.0007,0.9388,1.7025,0.3497
1.9246,0.0008,1.0544,2.0642,0.3472
1.4248,0.0005,1.0619,1.1352,0.3472
1.6940,0.0005,0.7610,1.8017,0.3561
1.7459,0.0005,0.7009,1.8308,0.3471
1.7780,0.0005,1.0269,1.5701,0.3438
1.7562,0.0005,0.7767,2.0590,0.3358
2.2567,0.0008,0.7490,2.0031,0.3637
1.3112,0.0005,1.3998,1.4238,0.3637
1.4135,0.0007,0.8512,1.4957,0.3764
1.9477,0.0005,0.8779,1.9488,0.3665
1.8114,0.0004,1.4603,1.7175,0.3427
1.5031,0.0003,0.9572,1.5983,0.3617
1.2536,0.0004,0.7734,1.1800,0.3617
1.7437,0.0005,1.1838,1.6828,0.3455
1.3709,0.0005,0.8304,1.3876,0.3455
1.9503,0.0006,0.8973,1.9833,0.3490
1.9878,0.0006,1.6033,1.9043,0.3703
1.4766,0.0009,1.1053,1.4967,0.3750
1.4866,0.0008,1.2951,1.5307,0.3776
1.7226,0.0006,1.2455,1.5986,0.3393
1.3730,0.0009,0.9120,1.2661,0.3393
1.9747,0.0006,0.7865,2.1263,0.3610
1.8034,0.0008,1.1415,1.8852,0.3603
1.3932,0.0006,0.7320,1.0786,0.3603
1.8543,0.0005,0.8355,2.1258,0.3417
1.4666,0.0005,1.3259,1.4873,0.3417
1.6395,0.0007,1.0890,1.5610,0.3584
1.8059,0.0010,0.9642,1.8235,0.3328
1.4887,0.0005,1.2750,0.9304,0.4005
1.8268,0.0009,1.0977,2.3930,0.4005
1.5938,0.0007,0.7386,1.4951,0.3584
1.7859,0.0006,1.0763,1.5873,0.3452
1.6329,0.0004,0.7853,1.9150,0.3451
1.2471,0.0004,0.8645,1.1793,0.3590
2.0264,0.0003,1.2996,2.1107,0.3735
1.2814,0.0003,0.6716,1.3042,0.3735
1.4783,0.0004,0.5822,1.1053,0.3562
1.8260,0.0006,1.0774,2.1268,0.3453
1.5828,0.0007,0.7081,1.5479,0.3453
1.4870,0.0005,0.8415,0.9832,0.3423
1.6287,0.0005,1.2233,2.1027,0.3437
1.5277,0.0003,0.7470,1.5901,0.3563
1.4308,0.0003,0.6282,1.4074,0.3563
1.6374,0.0004,0.9622,1.2353,0.3526
1.4448,0.0005,0.7505,1.6259,0.3550
1.7725,0.0005,0.9295,1.5196,0.3281
1.6825,0.0008,1.1897,2.1315,0.3528
1.1644,0.0007,0.8140,0.9982,0.3528
2.1259,0.0008,0.7782,2.2002,0.3490
1.2333,0.0006,1.2053,1.2871,0.3468
1.6433,0.0006,0.8497,1.6443,0.3794
1.3260,0.0006,0.7977,1.3397,0.3420
1.3262,0.0006,0.9962,1.2514,0.3498
1.9846,0.0004,0.7098,1.6465,0.3515
1.0957,0.0005,1.0515,1.5139,0.3515
1.5946,0.0003,1.0291,1.3419,0.3618
1.6747,0.0005,0.7273,1.8632,0.3420
1.4986,0.0003,0.7151,1.5027,0.3390
1.2770,0.0003,1.0084,1.2360,0.3366
1.6814,0.0009,0.6111,1.5578,0.3489
1.6294,0.0007,0.8706,1.7915,0.3481
1.1272,0.0009,1.2045,1.0056,0.3481
1.4726,0.0007,0.7300,1.3980,0.3553
1.4133,0.0007,0.6211,1.5460,0.3479
1.7997,0.0007,0.9892,1.5588,0.3490
1.5196,0.0008,1.1088,1.4921,0.3490
1.9650,0.0006,0.6564,2.1937,0.3426
1.3596,0.0007,1.0284,1.4584,0.3567
14.5198,0.0010,13.9162,1.5380,0.3554
0.9531,0.0006,1.3016,1.3271,0.3554
1.3716,0.0003,1.3649,1.2014,0.3554
1.7417,0.0003,0.7833,2.1483,0.3430
1.4913,0.0004,0.7904,1.5185,0.3430
1.4559,0.0007,1.0127,1.2851,0.3480
1.6137,0.0007,0.9748,1.5382,0.3690
1.4043,0.0007,0.8739,1.6088,0.3425
1.5280,0.0006,1.0889,1.2532,0.3585
1.4711,0.0005,0.7709,1.6973,0.3693
1.8573,0.0004,0.6721,1.8970,0.3568
1.5023,0.0005,0.9673,1.4926,0.3464
1.3810,0.0003,0.6509,1.4028,0.3464
1.5384,0.0004,0.5880,1.0809,0.3412
1.6492,0.0006,1.1291,2.0712,0.3466
1.4792,0.0005,0.6418,1.4532,0.3466
1.7589,0.0007,0.7924,1.7267,0.3594
1.5578,0.0005,1.1116,1.6059,0.3616
1.6323,0.0010,0.6872,1.2829,0.3515
1.5812,0.0006,0.8372,1.9035,0.3515
1.5504,0.0005,1.2359,1.2817,0.3615
1.4683,0.0003,0.8982,1.6504,0.3609
1.6397,0.0004,0.6670,1.6609,0.3418
1.5271,0.0004,1.1493,1.2441,0.3610
1.5375,0.0004,0.8441,1.4478,0.3471
1.2654,0.0004,0.9222,1.4135,0.3471
1.6458,0.0005,1.0056,1.8905,0.3433
1.6936,0.0010,0.7856,1.6679,0.3471
1.9130,0.0009,0.9560,1.8362,0.3633
1.5770,0.0006,1.1286,1.6525,0.3633
1.7374,0.0006,0.7151,1.7373,0.3498
1.3443,0.0008,0.8428,1.3346,0.3315
1.6103,0.0005,1.2415,1.4199,0.3446
1.8609,0.0005,0.8589,1.9935,0.3470
1.5093,0.0007,0.6640,1.3008,0.3309
1.8951,0.0006,1.0087,2.1324,0.3509
1.6535,0.0011,0.6572,1.5916,0.3683
1.2750,0.0006,0.7938,1.3040,0.3683
1.4145,0.0009,1.1690,1.4369,0.3675
1.5462,0.0005,0.7076,1.2324,0.3422
1.4085,0.0007,0.6597,1.6257,0.3421
1.1313,0.0004,0.9208,1.1757,0.3406
1.2182,0.0004,0.6692,1.2649,0.3623
1.6407,0.0006,0.7107,1.2567,0.3393
1.1864,0.0006,1.1002,1.4020,0.3393
1.3554,0.0006,0.7478,1.5068,0.3523
1.7116,0.0005,0.7270,1.6933,0.3407
1.0110,0.0006,0.9569,0.8867,0.3506
2.0029,0.0007,0.6792,2.0149,0.3337
1.3230,0.0006,0.7831,1.3559,0.3723
1.4686,0.0006,1.0749,1.3681,0.3723
1.5818,0.0004,0.6923,1.3532,0.3457
1.4793,0.0005,0.8340,1.8273,0.3474
1.2842,0.0005,1.0324,1.0516,0.3455
1.0655,0.0004,0.8309,1.1612,0.3570
0.9829,0.0004,0.8727,1.0206,0.3570
1.4887,0.0004,1.0003,1.3191,0.3503
1.9170,0.0006,0.6484,2.1875,0.3324
1.0783,0.0004,0.5839,0.7060,0.3324
1.7556,0.0010,1.1187,2.0202,0.3421
1.7462,0.0007,0.9843,1.7378,0.3610
1.3693,0.0006,0.9733,1.3990,0.3610
1.5943,0.0005,1.1501,1.6503,0.3653
1.5975,0.0006,0.6432,1.4924,0.3276
1.6006,0.0004,0.8140,1.3442,0.3494
1.0001,0.0004,1.0723,1.3269,0.3353
1.4447,0.0004,0.6243,1.2707,0.3668
1.4552,0.0004,0.7274,1.3936,0.3440
1.8177,0.0005,0.9530,2.0190,0.3539
1.7641,0.0005,0.6919,1.7517,0.3505
1.5593,0.0007,0.6757,1.5737,0.3505
1.9616,0.0007,1.0336,1.8642,0.3455
1.8617,0.0005,0.9404,1.8885,0.3407
1.5417,0.0004,0.7769,1.5604,0.3527
1.5843,0.0004,0.9739,1.6036,0.3505
1.5694,0.0003,0.6160,1.4167,0.3395
1.4602,0.0003,0.7572,1.6059,0.3449
1.4306,0.0005,0.9564,1.2744,0.3449
1.4732,0.0003,0.7885,1.2024,0.3490
2.0871,0.0003,0.7522,2.4106,0.3435
1.4730,0.0007,1.2822,1.0388,0.3439
1.5522,0.0004,1.0552,2.0251,0.3439
1.2409,0.0004,0.7400,0.9938,0.8833
1.9601,0.0005,1.1277,2.0930,0.3361
1.3984,0.0006,0.8446,1.1714,0.3361
1.5264,0.0006,0.6123,1.8189,0.3447
1.7590,0.0005,0.9613,1.2595,0.3422
1.3909,0.0004,0.7824,1.6765,0.3422
1.7453,0.0007,0.6369,1.9699,0.3554
1.5220,0.0003,1.2245,1.5335,0.3421
1.3927,0.0003,0.7439,1.1027,0.3438
1.8539,0.0009,0.5784,2.0949,0.3392
1.7100,0.0011,0.9836,1.7000,0.3513
1.2747,0.0006,0.9085,0.9731,0.3540
1.3678,0.0006,0.9011,1.6982,0.3494
1.8133,0.0003,1.2942,1.3840,0.3412
1.6220,0.0003,0.9491,2.0407,0.3570
1.1560,0.0003,0.6417,1.1418,0.3570
1.5108,0.0006,0.9250,1.5047,0.3398
2.2148,0.0005,0.6744,2.0650,0.3469
0.9220,0.0004,0.8725,0.7948,0.3380
1.6913,0.0004,1.1922,1.8139,0.3380
1.3493,0.0004,0.7599,1.4519,0.3461
2.0408,0.0004,0.6979,2.0020,0.3511
1.6904,0.0005,1.0738,1.6541,0.3664
1.3158,0.0008,0.8324,1.0822,0.3450
1.4559,0.0007,0.8637,1.7332,0.3450
1.9357,0.0005,1.0607,1.8002,0.3441
1.3974,0.0006,0.8466,1.5103,0.3434
1.3886,0.0004,0.7946,1.4550,0.3613
1.7963,0.0004,1.0706,1.7608,0.3486
1.5850,0.0005,0.8852,1.4528,0.3490
0.9123,0.0004,0.8003,0.8513,0.3404
1.4519,0.0009,1.2052,1.2415,0.3404
1.6320,0.0009,0.8171,1.8542,0.3585
1.3783,0.0007,0.8216,1.5496,0.3748
1.2568,0.0006,1.0373,1.0496,0.3585
1.5938,0.0006,0.7344,1.6153,0.3360
1.5670,0.0007,0.8924,1.4894,0.3360
1.7791,0.0006,1.0535,1.8995,0.3474
1.6462,0.0006,0.7436,1.3628,0.3499
1.6623,0.0003,0.7540,2.0663,0.3407
1.3953,0.0003,1.0496,1.4145,0.3407
1.7169,0.0003,0.6884,1.7028,0.3426
1.6695,0.0006,0.5897,1.5016,0.3494
1.9961,0.0008,1.5655,1.3478,0.3788
0.9101,0.0006,1.1501,1.3872,0.3585
1.1632,0.0007,0.7877,1.3256,0.3585
1.1795,0.0004,0.9536,1.1742,0.3536
1.6590,0.0005,0.6464,1.2846,0.3538
1.1520,0.0004,1.2605,1.3671,0.3559
1.3136,0.0007,1.1639,1.1555,0.3525
1.0202,0.0003,0.8630,1.3181,0.3525
1.3897,0.0003,0.7774,1.3443,0.3505
1.3153,0.0007,0.9460,1.1300,0.3440
1.2712,0.0004,0.8245,1.3503,0.3440
1.5734,0.0006,0.6196,1.4283,0.3648
1.8172,0.0007,1.1145,1.6729,0.3609
1.6145,0.0004,1.0612,1.9790,0.3349
1.0522,0.0007,0.6967,0.9465,0.3349
1.8227,0.0007,0.9854,1.6221,0.3442
1.2394,0.0006,0.8923,1.3949,0.3442
1.5903,0.0009,0.6799,1.5163,0.3412
1.0383,0.0006,1.1037,1.1760,0.3412
1.3528,0.0005,0.6976,1.4507,0.3592
1.3986,0.0006,0.7281,1.4118,0.3543
1.3686,0.0004,0.9998,1.0273,0.3543
1.1768,0.0004,0.7778,1.3852,0.3508
1.3304,0.0007,0.6343,1.3969,0.3574
1.7144,0.0007,1.0708,1.2964,0.3868
1.2515,0.0006,0.8840,1.4871,0.3868
1.7372,0.0006,0.6636,1.5196,0.3371
1.0901,0.0005,1.1341,1.5101,0.3371
1.3349,0.0004,0.7456,1.1833,0.3485
1.3481,0.0006,0.6396,1.3617,0.3522
0.9854,0.0003,1.0835,0.9019,0.3522
1.1274,0.0005,0.6380,1.3461,0.3462
1.1844,0.0003,0.7472,1.1778,0.3407
1.0987,0.0003,0.9111,1.1022,0.3458
1.5137,0.0005,0.6250,1.1909,0.3469
0.9253,0.0004,0.7971,1.2067,0.3469
1.3596,0.0007,0.9666,1.2221,0.3485
1.5438,0.0007,0.7429,1.4853,0.3854
1.3916,0.0007,0.7692,1.4079,0.3692
1.3935,0.0008,1.1630,1.4308,0.3511
1.3934,0.0005,0.8669,1.4504,0.3456
1.7889,0.0008,0.9719,1.6692,0.3348
1.4357,0.0010,1.1641,1.6034,0.3435
1.1055,0.0007,0.8117,1.1193,0.3435
1.7955,0.0007,0.9377,1.2968,0.3491
1.1006,0.0005,1.3051,1.3176,0.3491
1.4347,0.0008,0.6649,1.5927,0.3559
1.0394,0.0007,0.8005,1.1190,0.3559
2.0751,0.0007,1.2386,2.0270,0.3874
1.3497,0.0007,0.7991,1.2386,0.3692
1.1187,0.0007,1.0317,0.8456,0.3575
1.0381,0.0003,1.2956,1.2411,0.3575
1.7337,0.0005,0.6335,1.9504,0.3508
1.2017,0.0006,0.7231,1.0143,0.3508
1.5003,0.0005,1.2696,1.6896,0.3604
0.8676,0.0004,0.6750,0.8845,0.3604
1.3039,0.0005,0.7115,1.2212,0.3555
1.5423,0.0005,0.9447,1.5875,0.3541
1.1794,0.0006,0.6779,1.0690,0.3541
1.1093,0.0004,0.7659,1.0887,0.3520
1.7256,0.0007,1.3785,1.2933,0.3560
1.3049,0.0006,1.1815,1.6418,0.3560
1.7958,0.0007,0.9002,1.9762,0.3649
1.6606,0.0008,1.5401,0.9982,0.3512
1.0248,0.0006,1.0934,1.1050,0.3650
0.6105,0.0003,0.8914,1.0757,0.3650
1.4152,0.0004,1.0676,1.0965,0.3403
1.1574,0.0004,0.9576,1.4791,0.3403
1.1302,0.0004,0.5928,1.1098,0.3370
1.5827,0.0004,1.0728,1.5746,0.3500
1.6363,0.0005,0.9011,1.4836,0.3562
0.8580,0.0004,0.7531,1.0034,0.3562
1.6131,0.0004,0.9119,1.2894,0.3387
1.4184,0.0005,0.8417,1.4398,0.3387
1.8874,0.0007,0.8666,2.0562,0.3857
1.7154,0.0005,1.4439,1.4458,0.3472
1.0983,0.0005,1.0272,1.4728,0.3472
1.1519,0.0004,0.6491,1.1512,0.3609
1.5084,0.0004,1.0318,1.5175,0.3441
1.7680,0.0005,0.6767,1.7323,0.3402
1.1317,0.0003,0.6527,0.9057,0.3402
1.4464,0.0004,1.2284,1.5788,0.3560
1.3731,0.0005,0.8858,1.3214,0.3363
1.1035,0.0004,0.8392,1.0766,0.3363
1.6212,0.0007,1.0176,1.5170,0.3434
1.7368,0.0007,0.9714,1.9256,0.3701
1.6018,0.0005,0.9743,1.6004,0.3701
1.7622,0.0005,1.2887,1.8325,0.3478
1.1620,0.0004,0.8542,1.1640,0.3452
1.4936,0.0004,0.6576,1.1276,0.3417
0.9837,0.0005,1.1200,1.3584,0.3417
1.1772,0.0005,0.7072,1.1452,0.3623
1.4002,0.0006,0.8876,1.3533,0.3517
1.6832,0.0006,1.0774,1.4344,0.3409
1.1912,0.0005,0.7694,1.3434,0.3409
1.3820,0.0003,0.6526,1.3344,0.3465
1.9056,0.0007,0.9441,1.9169,0.3568
1.4308,0.0009,1.3447,1.2686,0.9742
1.4391,0.0003,1.0326,1.5713,0.3940
1.5500,0.0007,0.9749,1.4787,0.3271
1.5183,0.0005,0.7100,1.4902,0.3495
1.1120,0.0005,0.8902,1.2630,0.3372
1.4522,0.0005,0.8987,1.4793,0.3505
1.0934,0.0005,0.7178,1.0626,0.3505
1.4058,0.0005,0.8846,1.3274,0.3477
1.6424,0.0003,0.8958,1.4274,0.3437
1.1840,0.0005,0.7913,1.4005,0.3437
1.4749,0.0006,0.7638,1.4629,0.3474
1.7932,0.0007,1.3654,1.7485,0.3661
1.4892,0.0006,1.1697,1.5608,0.3752
1.1999,0.0009,1.1361,1.3273,0.3871
1.7913,0.0005,0.9961,1.6941,0.3583
1.1968,0.0004,0.7523,1.2737,0.3438
1.5538,0.0006,0.6666,1.3935,0.3459
1.2097,0.0005,1.1510,1.1777,0.3459
1.5844,0.0006,0.7095,1.4659,0.3618
1.3430,0.0005,0.9087,1.5058,0.3618
1.6546,0.0005,0.9438,1.5951,0.3477
1.9802,0.0005,0.7133,1.9923,0.3449
1.3738,0.0006,0.8839,1.4839,0.3504
1.3493,0.0008,1.2093,1.3597,0.6360
1.9388,0.0006,0.7310,1.9701,0.3587
1.0679,0.0006,0.6746,0.7822,0.3483
1.1141,0.0005,1.0897,1.2921,0.3483
1.5578,0.0004,0.6449,1.5887,0.3601
1.8007,0.0005,0.5966,1.7477,0.3455
1.3626,0.0004,1.2656,1.0074,0.3570
1.3534,0.0003,0.8654,1.7456,0.3570
1.3903,0.0007,0.6731,1.0940,0.3681
1.4552,0.0003,1.2092,1.5802,0.3681
1.5509,0.0007,0.7750,1.6122,0.3444
1.6120,0.0008,0.8157,1.6496,0.3731
1.4085,0.0007,1.4191,1.0871,0.3517
1.0437,0.0006,0.8067,1.2321,0.3517
1.2437,0.0006,0.6620,1.3854,0.3613
1.4265,0.0007,0.9402,1.4135,0.3401
1.3198,0.0005,0.6817,1.3377,0.3401
1.1119,0.0005,0.6178,1.1104,0.3501
1.3939,0.0003,1.1216,1.0594,0.3414
1.0010,0.0006,0.8493,1.2075,0.3414
1.3676,0.0008,0.6093,1.3998,0.3459
1.4955,0.0005,0.9822,1.5091,0.3748
1.1634,0.0003,0.7315,1.0788,0.3577
1.4961,0.0005,0.9923,1.5830,0.3481
1.6731,0.0007,1.0933,1.4683,0.3757
1.4485,0.0006,0.8480,1.5850,0.3679
1.4079,0.0006,0.7062,1.4037,0.3402
1.5083,0.0006,0.9937,1.6011,0.3445
1.0017,0.0006,0.7167,0.7281,0.3543
1.3705,0.0003,0.7878,1.6363,0.3543
1.3515,0.0004,0.9351,1.1612,0.3498
1.2807,0.0006,0.7166,1.4647,0.3383
1.2083,0.0006,0.6100,1.0305,0.3551
1.5833,0.0007,0.9484,1.5479,0.3410
1.2357,0.0005,0.9198,1.0627,0.3360
1.0508,0.0008,0.9684,1.3920,0.3360
1.6479,0.0008,1.1883,1.3163,0.3755
1.9181,0.0006,0.8150,2.0513,0.3640
1.3168,0.0006,0.9013,1.4019,0.3640
1.4475,0.0005,1.1612,1.4481,0.3483
1.2967,0.0006,0.6400,1.3507,0.3341
1.1112,0.0004,0.7361,1.1569,0.3537
1.5022,0.0005,0.9487,1.1587,0.3444
1.1941,0.0005,0.9078,1.5300,0.3431
1.2731,0.0006,0.6271,1.1379,0.3431
1.3799,0.0005,1.0301,1.4168,0.3503
1.6341,0.0004,0.7427,1.3155,0.3441
1.3433,0.0007,0.8621,1.5249,0.3441
1.6535,0.0006,1.2549,1.3890,0.4054
1.1609,0.0007,0.8446,1.5141,0.4054
1.3657,0.0004,0.6413,1.3446,0.3433
1.0000,0.0005,1.0621,1.1344,0.3433
1.3963,0.0006,0.6353,1.2065,0.3468
1.2269,0.0006,0.8436,1.2634,0.3433
1.6152,0.0006,1.4168,1.1490,0.3469
1.2444,0.0005,1.3036,0.9121,0.3523
0.5969,0.0004,1.0245,0.9599,0.3508
1.0551,0.0004,0.8994,1.2838,0.3508
1.4583,0.0004,0.6023,1.1896,0.3717
2.0009,0.0007,0.6772,1.6725,0.3432
1.8258,0.0009,1.2482,2.2983,0.3662
1.7537,0.0006,1.0373,1.8032,0.3792
1.3853,0.0006,0.8770,0.9421,0.3766
1.2699,0.0004,1.1432,1.6760,0.3397
1.4897,0.0005,0.7308,1.4263,0.3431
1.4308,0.0005,0.7635,1.4759,0.3354
1.6717,0.0006,1.4382,1.2525,0.3577
1.3814,0.0004,1.2230,1.5351,0.3577
1.2269,0.0003,0.7432,1.5312,0.3476
1.2787,0.0004,0.9781,1.1673,0.3451
1.6783,0.0004,0.6904,1.5468,0.3534
1.5557,0.0006,0.9749,1.4020,0.3534
1.7768,0.0008,1.4206,2.1283,0.3800
1.4839,0.0009,0.8611,1.4089,0.3531
0.8829,0.0005,0.9253,0.8861,0.3531
1.6498,0.0009,1.0838,1.5648,0.3462
1.4494,0.0010,0.7550,1.5804,0.3449
1.6860,0.0008,0.7517,1.4363,0.3522
1.6932,0.0006,1.2806,1.8995,0.3578
1.4181,0.0005,1.0017,1.1788,0.3666
1.5494,0.0007,0.8034,1.7919,0.3506
1.6282,0.0004,1.3339,1.3968,0.3532
0.9976,0.0005,1.0328,1.2813,0.3532
1.4178,0.0005,0.7585,1.3127,0.3700
1.4249,0.0005,1.6059,1.4238,0.3594
1.3528,0.0006,0.8332,1.4469,0.3594
1.2117,0.0005,0.7040,1.0469,0.3594
1.3962,0.0006,0.9400,1.4962,0.3685
1.3917,0.0005,0.7815,1.0790,0.3513
1.3913,0.0004,0.7239,1.7659,0.3484
1.4607,0.0006,1.2147,1.1154,0.3440
1.2063,0.0004,0.9439,1.4021,0.3440
1.4116,0.0004,0.5635,1.4659,0.3469
1.3700,0.0003,0.8684,1.2912,0.3543
1.3982,0.0007,0.6179,1.5254,0.3432
1.2351,0.0007,0.6725,1.2368,0.3625
1.4871,0.0004,1.0704,1.4841,0.3587
1.3113,0.0004,0.7397,1.1945,0.3442
1.4350,0.0005,0.7748,1.5308,0.3431
1.4944,0.0005,1.0058,1.2221,0.3561
1.1887,0.0004,0.7816,1.4789,0.3561
1.1898,0.0004,0.6595,1.1472,0.3637
1.4984,0.0005,1.2002,1.2735,0.3427
1.5051,0.0003,0.9054,1.6156,0.3385
1.0217,0.0005,0.8057,1.1760,0.3465
1.5248,0.0004,1.1434,1.2549,0.3542
1.7522,0.0008,0.6792,1.4908,0.3565
1.3558,0.0007,1.2216,1.8127,0.3565
1.8743,0.0008,1.3870,1.4055,0.3476
0.9259,0.0006,1.3492,1.1116,0.3492
1.6525,0.0008,0.8422,1.9057,0.3492
1.6403,0.0005,1.0695,1.4894,0.3416
1.1675,0.0004,0.7690,1.3614,0.3488
1.3542,0.0004,0.6865,1.3288,0.3718
1.1791,0.0004,0.9897,1.0926,0.3651
1.4047,0.0005,0.7162,1.4666,0.3553
0.9404,0.0005,0.6193,0.9691,0.3553
1.4417,0.0003,0.9349,1.3098,0.3535
1.3495,0.0007,0.6578,1.3778,0.3546
1.8076,0.0006,0.7978,1.8252,0.3492
1.2916,0.0007,1.1528,1.1930,0.4014
1.4104,0.0007,0.7991,1.4951,0.3473
1.8017,0.0005,0.9304,1.8457,0.3614
1.2551,0.0006,1.0367,1.2694,0.3568
1.2043,0.0004,0.6523,1.2071,0.3444
1.2016,0.0005,0.5858,1.2049,0.3670
0.9429,0.0005,0.8783,0.9039,0.3670
1.4280,0.0007,0.6015,1.3383,0.3580
1.3450,0.0006,0.5928,1.2728,0.3667
1.0767,0.0006,0.9377,1.2675,0.3571
1.2552,0.0005,0.6064,1.1329,0.3556
1.4713,0.0008,0.5964,1.5313,0.3987
2.0553,0.0008,1.2369,1.1373,0.3651
0.9199,0.0006,1.6209,1.2817,0.3671
1.0457,0.0006,0.8300,1.2593,0.3671
1.3983,0.0006,0.9522,1.4992,0.3419
1.3812,0.0007,0.5973,1.2225,0.3563
1.4676,0.0006,0.6716,1.4262,0.3463
1.8695,0.0006,1.3556,1.2237,0.3563
0.6888,0.0004,1.3112,1.0098,0.3542
0.8625,0.0004,0.6408,0.9174,0.3542
1.6131,0.0004,0.8792,1.5121,0.3580
1.3633,0.0004,0.7726,1.5378,0.3503
1.6890,0.0006,0.7541,1.7697,0.3503
1.3508,0.0007,1.1922,1.0408,0.3617
1.5069,0.0006,0.9498,1.8381,0.3383
1.1761,0.0004,0.7975,1.0505,0.3701
1.2238,0.0004,1.3131,1.2237,0.3701
1.1738,0.0005,0.6832,1.2874,0.3626
1.3146,0.0006,0.7326,1.3222,0.3590
1.3836,0.0006,0.9401,1.0603,0.3446
1.0014,0.0005,0.8701,1.3211,0.3446
1.1357,0.0006,0.8218,1.1255,0.3608
1.3048,0.0007,0.9140,1.1231,0.3645
1.4137,0.0006,0.7414,1.4400,0.3473
1.3531,0.0004,0.7783,1.4861,0.3452
1.5039,0.0009,0.9507,1.4413,0.3700
1.7174,0.0006,1.0728,1.5641,0.3565
1.7149,0.0008,0.8107,1.6665,0.3910
1.7072,0.0005,1.4018,1.6895,0.3557
1.2753,0.0007,1.1758,1.0806,0.3611
0.6155,0.0008,1.2344,0.9800,0.3611
1.5208,0.0007,1.1014,1.2884,0.3314
0.8709,0.0006,0.9835,1.1877,0.3314
1.0941,0.0006,0.5879,1.1032,0.3550
1.1909,0.0005,0.8662,1.0764,0.3502
1.4402,0.0005,0.6011,1.3157,0.3491
1.0735,0.0006,0.7798,1.2591,0.3491
1.3149,0.0006,1.1563,1.2125,0.3604
1.5066,0.0006,0.8384,1.4066,0.3518
1.5770,0.0007,0.7379,1.6450,0.3656
1.3896,0.0003,1.1806,1.5050,0.3656
1.8431,0.0006,0.7074,1.8743,0.3484
1.3703,0.0004,0.6333,1.3662,0.3484
1.5855,0.0004,1.2107,1.0808,0.3633
1.2412,0.0006,1.1401,1.5855,0.3587
1.0788,0.0004,0.9952,1.2275,0.3587
1.9064,0.0006,1.0112,1.7866,0.3396
1.3994,0.0004,0.8229,1.4752,0.3374
1.3925,0.0007,0.6742,1.3871,0.3354
1.8054,0.0006,1.4478,1.6781,0.3609
1.3965,0.0004,1.5516,1.1947,0.3657
1.3579,0.0005,1.0311,1.6836,0.5635
1.3169,0.0005,1.0930,1.2610,0.3481
1.5234,0.0006,0.6699,1.2372,0.3380
1.2770,0.0006,0.7791,1.6085,0.3394
1.5187,0.0004,0.9613,1.5116,0.3394
1.1041,0.0005,0.6484,1.0991,0.3420
1.4282,0.0005,0.6189,1.1133,0.3401
1.5656,0.0004,1.1148,1.6587,0.3697
1.4477,0.0003,0.8343,1.6304,0.3697
1.3498,0.0005,0.6842,1.0994,0.3645
1.4799,0.0007,1.2225,1.4234,0.3645
1.5761,0.0010,0.7931,1.8296,0.3937
1.7444,0.0006,0.7397,1.4914,0.3453
1.4246,0.0003,1.2219,1.4735,0.3453
1.2886,0.0004,0.6825,1.5404,0.3448
1.3342,0.0008,0.6308,1.3080,0.3416
1.2807,0.0004,0.9427,1.3042,0.3416
1.4748,0.0006,0.5921,1.1128,0.3421
1.2836,0.0007,0.7736,1.5557,0.3427
1.4613,0.0006,1.1056,1.5199,0.3570
1.6368,0.0005,0.6248,1.5027,0.3350
1.6083,0.0004,0.7227,1.7112,0.3389
1.4575,0.0005,0.9813,1.3301,0.3389
1.5421,0.0005,0.8190,1.4900,0.3625
1.6789,0.0003,0.7896,1.8638,0.3469
0.9835,0.0004,0.9719,0.9476,0.3469
1.3592,0.0003,0.6897,1.3066,0.3589
1.5322,0.0005,0.8146,1.6129,0.3543
1.3291,0.0004,0.9253,1.1863,0.3341
1.3580,0.0006,0.7340,1.4555,0.3491
1.9751,0.0008,1.0906,1.8104,0.3528
1.0917,0.0007,1.2151,0.9422,0.3614
1.1056,0.0004,0.6946,1.3481,0.3614
1.5252,0.0005,0.6304,1.1350,0.3483
1.5487,0.0005,1.0909,1.8107,0.3473
1.7787,0.0004,0.7703,1.6035,0.3494
1.2228,0.0004,0.7975,1.3182,0.3494
1.6068,0.0006,0.9997,1.6162,0.3470
1.4281,0.0005,0.7537,1.2922,0.3470
1.4505,0.0005,0.7812,1.7875,0.3544
1.7673,0.0005,0.9491,1.7432,0.3585
1.1348,0.0009,0.7612,1.0479,0.3585
1.5446,0.0004,0.8067,1.6149,0.3595
1.2269,0.0004,0.9674,1.2308,0.3633
1.5715,0.0009,0.6627,1.5107,0.3616
1.2551,0.0005,0.7780,1.2694,0.3691
1.1674,0.0006,1.2104,0.9682,0.3691
1.2545,0.0005,0.7297,1.3766,0.3550
1.3288,0.0007,0.6494,1.3396,0.3413
1.4800,0.0006,0.9660,1.4618,0.3416
1.3754,0.0005,0.6641,1.4876,0.3558
1.1729,0.0007,0.6026,1.1497,0.3522
1.4290,0.0006,1.1451,1.2193,0.3712
1.1749,0.0004,0.6372,1.3971,0.3445
1.1202,0.0005,0.5848,1.1123,0.3483
1.3054,0.0005,0.8875,1.1846,0.3441
1.3665,0.0007,0.6072,1.4744,0.3389
1.3038,0.0007,0.6044,1.0856,0.3720
1.6719,0.0008,1.0604,1.5854,0.5483
1.5543,0.0006,0.8923,1.5987,0.3478
0.9709,0.0006,0.9277,1.1407,0.3478
1.2371,0.0004,1.0308,1.2830,0.3561
1.0200,0.0004,0.7248,1.0356,0.3397
1.5881,0.0004,0.8644,1.5475,0.3579
1.0845,0.0004,1.0387,0.9704,0.3579
1.6155,0.0005,0.6764,1.5144,0.3625
1.2730,0.0005,0.8007,1.4653,0.3505
1.1947,0.0006,1.0108,1.1059,0.3619
1.0361,0.0003,0.7819,1.1576,0.3619
1.1648,0.0004,0.7036,1.1508,0.3320
1.6960,0.0007,1.0773,1.5750,0.3494
1.3404,0.0003,0.8251,1.3989,0.3712
1.1613,0.0005,0.8031,1.2050,0.3930
1.3264,0.0003,0.9730,1.1661,0.3593
1.3631,0.0004,0.6756,1.5147,0.3403
1.3487,0.0006,0.6465,1.3096,0.3579
1.2437,0.0004,1.1008,1.2434,0.3737
1.5737,0.0004,0.7389,1.4711,0.3509
1.0873,0.0005,0.7538,1.0583,0.3509
1.3958,0.0004,1.0977,1.3402,0.3425
1.1948,0.0006,0.7629,1.2755,0.3607
1.5397,0.0004,0.6285,1.4426,0.3606
1.2261,0.0006,1.0796,1.3461,0.3606
1.5631,0.0005,0.6994,1.6082,0.3751
1.2264,0.0008,0.7120,1.0981,0.3697
1.3479,0.0005,1.0170,1.2805,0.3807
1.2913,0.0005,0.7015,1.4269,0.3549
1.5613,0.0007,0.6463,1.3699,0.3486
2.0137,0.0009,1.0623,2.0333,0.3681
1.1504,0.0007,1.1049,1.3053,0.3681
1.5612,0.0008,0.8850,1.5595,0.3477
2.1219,0.0008,1.1183,2.1023,0.3542
1.0750,0.0007,0.9086,0.8410,0.3444
1.5030,0.0008,0.9159,1.6475,0.3444
1.7759,0.0010,1.2304,1.6246,0.3621
2.0660,0.0006,1.3093,2.2527,0.3799
1.2421,0.0008,1.1058,1.2554,0.3428
1.8496,0.0006,1.4772,1.5280,0.3549
1.0360,0.0005,1.2547,1.3394,0.3549
2.3608,0.0007,0.8032,1.7400,0.3389
1.9779,0.0006,1.4844,2.6115,0.3424
1.5525,0.0007,0.8860,1.4774,0.3571
1.0294,0.0005,0.9216,1.1409,0.3571
1.4684,0.0006,1.2641,1.4732,0.3411
1.9674,0.0007,0.7111,1.6436,0.3455
1.5952,0.0006,1.1736,1.8743,0.3586
1.7586,0.0008,1.2022,1.3983,0.3566
1.7108,0.0006,1.1750,1.8821,0.3450
1.5093,0.0005,0.9700,1.6844,0.3736
1.6971,0.0006,1.3265,1.6657,0.3513
1.2694,0.0005,0.9865,1.2542,0.3513
1.5420,0.0006,0.8922,1.5536,0.3472
1.7100,0.0008,1.4129,1.6863,0.3433
1.3873,0.0011,0.9674,1.3940,0.3433
2.0887,0.0010,0.7490,1.2261,0.3505
2.0457,0.0009,1.4702,2.8248,0.3728
2.0687,0.0009,1.1635,1.9285,0.3573
1.1636,0.0009,1.3773,0.9205,0.3573
1.5427,0.0005,1.5195,1.9359,0.3660
1.8140,0.0010,0.8713,1.8321,0.3415
1.7570,0.0008,0.8681,1.7616,0.3515
1.2663,0.0008,1.1996,1.2259,0.3515
1.7533,0.0009,0.7129,1.7483,0.3527
1.9168,0.0007,0.8034,1.9258,0.3612
1.6736,0.0009,1.4901,1.2700,0.3881
1.6179,0.0009,0.9994,1.8498,0.3881
1.8948,0.0006,0.8299,1.6099,0.3440
1.7994,0.0008,1.3869,2.2146,0.3640
1.2693,0.0007,0.8665,1.1817,0.3472
1.7334,0.0007,0.8674,1.7781,0.3569
1.3583,0.0005,1.1402,1.4094,0.3487
1.5320,0.0006,0.7932,1.4365,0.3487
1.2250,0.0006,0.9509,1.1427,0.3487
1.5478,0.0004,1.2234,1.6789,0.3406
1.9937,0.0010,0.7322,1.8606,0.3706
1.2448,0.0007,1.0825,1.2650,0.3706
2.1954,0.0007,1.8125,2.2854,0.3724
1.4303,0.0182,1.0989,1.1531,0.3670
2.2679,0.0009,1.0885,2.4120,0.3488
1.1519,0.0005,1.2614,0.9603,0.3445
1.3200,0.0007,0.7560,1.6159,0.3445
1.7709,0.0007,0.6607,1.7566,0.3449
1.6000,0.0009,1.0823,1.5894,0.3449
1.1608,0.0006,0.7998,1.1563,0.3481
1.7965,0.0007,0.7353,1.6324,0.3782
2.2679,0.0011,1.1570,2.3432,0.3527
1.8002,0.0007,1.0340,1.8706,0.3527
1.3944,0.0005,1.1570,1.3519,0.3369
1.6831,0.0006,1.4778,1.3151,0.3604
1.8374,0.0004,0.9985,2.2041,0.3443
1.3768,0.0004,0.8478,1.4350,0.3443
1.7819,0.0005,1.0894,1.6099,0.3532
1.0390,0.0004,0.8242,0.9835,0.3532
1.5170,0.0007,0.6881,1.6111,0.3453
1.8191,0.0012,1.0941,1.8383,0.3433
1.8600,0.0008,0.9685,1.8589,0.3839
1.5806,0.0009,0.9416,1.5833,0.3854
1.1496,0.0006,1.1859,1.1967,0.3634
1.5661,0.0010,0.8786,1.4865,0.3467
1.5410,0.0010,1.1317,1.5547,0.3429
1.6494,0.0007,1.4226,1.2686,0.3500
1.7976,0.0008,1.0685,2.1428,0.3439
1.6628,0.0008,0.8032,1.4382,0.3439
1.9667,0.0010,1.6720,2.0592,0.3442
1.8439,0.0007,1.2266,1.7821,0.3432
1.7628,0.0009,1.1770,1.8676,0.3765
1.4302,0.0009,1.3712,1.2429,0.3765
1.9724,0.0006,0.9793,2.2148,0.3479
1.5901,0.0007,0.8124,1.4963,0.3364
1.5136,0.0007,1.3563,1.4667,0.3364
1.8390,0.0005,1.0063,1.9592,0.3464
1.9808,0.0009,0.7875,1.5511,0.3420
1.9198,0.0006,1.3381,2.2781,0.3378
1.5099,0.0006,1.0069,1.5417,0.3378
2.0939,0.0009,0.8266,2.0520,0.3534
2.2105,0.0010,1.8614,1.4406,0.3890
0.7655,0.0003,1.2226,1.3714,0.3890
1.6654,0.0007,0.7265,1.4633,0.3466
2.0343,0.0005,1.3461,2.1638,0.3481
1.6297,0.0005,0.9875,1.6995,0.3408
1.9379,0.0007,0.9495,1.8727,0.3400
1.8287,0.0005,1.2935,1.8587,0.3400
1.6583,0.0007,1.3271,1.6645,0.3469
1.7991,0.0008,0.8275,1.7489,0.3487
1.6728,0.0012,1.4032,1.4068,0.3487
2.4301,0.0011,1.0864,2.5959,0.3918
1.5470,0.0007,1.4897,1.5902,0.3317
1.9861,0.0010,1.6877,2.0253,0.3437
1.7876,0.0010,1.0645,1.7421,0.3437
1.9081,0.0008,0.9662,1.9007,0.3518
1.6998,0.0007,1.3778,1.7354,0.3518
2.1128,0.0007,0.9535,1.9807,0.3342
1.3195,0.0008,1.0273,1.2150,0.3342
1.9032,0.0010,1.4759,1.9784,0.3703
1.6890,0.0009,1.0356,1.5981,0.3694
1.9107,0.0005,1.0235,2.1130,0.3846
1.9095,0.0005,1.5703,1.8795,0.3419
1.4801,0.0007,1.0966,1.5404,0.3419
1.9591,0.0008,0.8268,1.8673,0.3363
1.7990,0.0009,1.2541,1.6886,0.3681
1.4823,0.0006,1.1001,1.4364,0.3681
2.0651,0.0007,0.8317,1.9861,0.3609
2.1457,0.0008,1.4931,2.3571,0.3718
1.5311,0.0004,1.2552,1.4331,0.3738
1.8208,0.0004,1.1511,1.9433,0.3444
1.8083,0.0007,1.4334,1.3496,0.3324
1.5980,0.0006,1.2758,1.8785,0.3324
1.9940,0.0007,1.2196,2.1278,0.3446
1.6723,0.0007,1.4782,1.5082,0.3444
1.4712,0.0005,1.0979,1.6807,0.3444
1.9118,0.0005,0.9607,1.8938,0.3354
1.7544,0.0008,1.1497,1.7091,0.3388
1.6247,0.0010,0.8440,1.4042,0.3650
1.7677,0.0008,1.2179,1.8248,0.3663
1.9790,0.0009,1.7090,2.0101,0.3516
1.8375,0.0010,1.2327,1.7438,0.3491
1.2737,0.0009,1.2033,1.0413,0.3491
1.5500,0.0009,1.5679,1.9069,0.4070
1.6840,0.0009,0.9270,1.7666,0.3412
1.7952,0.0005,0.9309,1.6915,0.3548
1.7843,0.0008,1.5630,1.6342,0.3563
2.3602,0.0013,1.2589,2.4680,0.3439
1.1369,0.0006,1.0721,1.2053,0.3439
1.9449,0.0008,1.3249,1.9289,0.3624
1.9099,0.0009,0.8781,1.7999,0.3488
2.0554,0.0007,0.9572,2.0582,0.3376
1.3772,0.0006,1.4046,1.3960,0.3578
1.6038,0.0006,0.9637,1.3858,0.3577
1.6081,0.0007,1.0949,1.9386,0.3556
1.8703,0.0008,1.1957,1.7854,0.3467
1.5857,0.0009,0.9033,1.6354,0.3467
1.2543,0.0006,0.7944,1.2468,0.3417
1.3712,0.0005,1.1927,1.2577,0.3578
1.4286,0.0006,0.9405,1.3718,0.3755
1.5670,0.0008,0.8653,1.6997,0.3448
1.5423,0.0009,1.2245,1.5601,0.3461
1.3672,0.0005,0.9250,1.1890,0.3461
1.5657,0.0008,0.9135,1.5879,0.3449
1.2314,0.0005,1.2839,1.3262,0.3449
1.6516,0.0005,0.7623,1.7247,0.3540
2.0695,0.0008,0.6621,2.0026,0.3404
1.1809,0.0005,1.1188,1.0222,0.3404
1.7593,0.0009,0.8125,1.9002,0.3367
1.3411,0.0007,0.9040,1.2822,0.3367
1.7965,0.0011,1.3325,1.7730,0.3676
1.6132,0.0011,0.9550,1.6648,0.3559
1.7578,0.0009,1.0032,1.5450,0.3373
1.4066,0.0008,1.6114,1.5436,0.3373
1.6905,0.0008,0.9648,1.7474,0.3601
1.1687,0.0008,0.8284,1.0341,0.3621
1.8198,0.0006,1.3334,1.8484,0.3379
1.6863,0.0008,1.0379,1.7623,0.3588
1.5225,0.0006,0.9269,1.5281,0.3521
1.9961,0.0011,1.5088,1.7375,0.5262
1.3833,0.0008,1.6138,1.5406,0.3707
2.1379,0.0011,1.1430,2.1777,0.3558
1.7537,0.0009,1.3839,1.7330,0.3622
1.3799,0.0009,1.0263,1.4522,0.3450
1.7580,0.0008,0.8290,1.6371,0.3450
1.6837,0.0007,1.4910,1.6179,0.3494
1.6318,0.0006,1.1581,1.4375,0.3494
1.8529,0.0005,0.9096,2.1929,0.3392
1.6482,0.0007,1.5059,1.6151,0.3546
2.1068,0.0009,1.0890,2.0665,0.3740
2.0261,0.0008,1.0716,2.0256,0.3581
1.6972,0.0008,1.4750,1.3166,0.3431
1.1303,0.0007,1.1586,1.1960,0.3431
1.4785,0.0006,1.1404,1.7774,0.3369
2.0282,0.0007,1.1132,2.0218,0.3480
1.6883,0.0006,0.8493,1.7460,0.3480
1.8169,0.0004,0.8282,1.8282,0.3387
1.6283,0.0004,1.2626,1.6335,0.3484
1.6875,0.0007,0.8871,1.1998,0.3484
2.3403,0.0009,1.0052,2.5819,0.3901
1.2213,0.0007,1.8811,1.3878,0.3525
1.8180,0.0009,0.8841,1.8245,0.3553
1.9071,0.0006,0.8310,1.6166,0.3674
1.1758,0.0004,1.4092,1.4608,0.3430
1.6490,0.0005,0.8692,1.6481,0.3430
1.5904,0.0005,0.8874,1.5616,0.3498
1.6111,0.0004,1.2752,1.6396,0.3498
1.6454,0.0009,0.9694,1.6098,0.3438
1.4397,0.0007,1.0032,1.4050,0.3450
2.1641,0.0008,1.3371,2.1286,0.3785
1.9431,0.0009,1.0275,1.8696,0.3640
1.5414,0.0013,1.0249,1.6428,0.3463
1.9726,0.0008,1.1897,1.9768,0.3438
1.6693,0.0007,0.8603,1.6568,0.3281
1.8638,0.0009,0.9081,1.8295,0.3646
1.3670,0.0004,1.2209,1.3193,0.3646
1.9400,0.0008,0.7826,1.9709,0.3546
1.3476,0.0007,0.9371,1.2858,0.3546
2.0150,0.0008,1.6209,1.7163,0.3679
2.4357,0.0011,1.0954,2.5303,0.3607
0.9887,0.0009,1.3892,1.1284,0.3453
2.0788,0.0006,1.2150,2.1379,0.3434
1.4883,0.0005,0.8859,1.5346,0.3545
1.6549,0.0006,0.8255,1.6230,0.3545
1.3456,0.0005,1.1243,1.2033,0.3593
2.0881,0.0007,0.8862,2.1896,0.3615
1.8695,0.0009,0.8981,1.7575,0.3338
1.4351,0.0010,1.3251,1.4363,0.3697
1.7233,0.0008,1.0642,1.7778,0.3697
1.7395,0.0008,0.9304,1.4860,0.3502
1.8217,0.0014,1.7595,1.9866,0.3534
1.3566,0.0004,1.1202,1.4806,0.3534
1.2334,0.0008,0.8021,1.1673,0.3530
2.1059,0.0010,1.1261,2.1095,0.3350
1.6508,0.0007,0.9709,1.6755,0.3461
1.5569,0.0008,1.0246,1.3826,0.3460
1.8746,0.0006,1.6483,1.9947,0.3398
1.5652,0.0007,1.0782,1.5661,0.3398
1.4649,0.0007,1.2263,1.4549,0.3651
1.6150,0.0010,1.2461,1.4490,0.3669
1.4857,0.0008,0.9887,1.4948,0.3561
1.7709,0.0010,0.8673,1.7741,0.3499
1.6893,0.0006,1.4379,1.8164,0.3499
1.6739,0.0007,0.8937,1.5283,0.3439
1.8127,0.0009,0.9432,1.8673,0.3616
1.6792,0.0007,1.4446,1.7522,0.3616
2.0023,0.0011,0.9113,1.9125,0.3447
1.2636,0.0008,0.9723,1.0721,0.3447
1.9139,0.0009,1.3397,2.0525,0.3497
1.4972,0.0011,1.1768,1.5574,0.3860
1.4860,0.0010,1.2184,1.4883,0.3344
1.8387,0.0008,1.3145,1.2826,0.3344
1.4780,0.0006,1.1849,1.9407,0.3526
1.1485,0.0005,1.2531,1.3162,0.3589
1.2444,0.0006,1.2738,1.2387,0.3604
1.4549,0.0007,0.9009,1.4341,0.3604
1.2695,0.0008,0.7837,1.0989,0.3628
1.8774,0.0008,1.3177,1.5838,0.3516
1.4108,0.0009,1.0908,1.7928,0.3314
1.3840,0.0009,0.8770,1.3512,0.3535
1.6066,0.0009,1.3899,1.6706,0.3670
1.8455,0.0008,0.9356,1.8532,0.3622
1.8199,0.0007,0.8378,1.0769,0.3324
2.0006,0.0013,1.8126,2.0149,0.3427
1.0724,0.0010,1.3598,1.2565,0.3487
1.4696,0.0009,1.0424,1.9052,0.3468
1.2560,0.0007,1.1496,0.8659,0.3537
1.1892,0.0005,0.8970,1.5741,0.3537
1.7614,0.0009,0.7876,1.5999,0.3519
1.9888,0.0015,1.2933,1.9479,0.3589
1.3788,0.0009,1.2098,1.5024,0.3589
1.8054,0.0009,1.0200,1.7837,0.3593
1.2831,0.0004,1.2193,1.3383,0.3397
1.5346,0.0008,0.8312,1.3718,0.3603
1.6783,0.0006,0.9477,1.7951,0.3603
1.7889,0.0007,1.1833,1.6484,0.3458
1.6796,0.0004,0.9420,1.8243,0.3713
1.9803,0.0003,1.0191,1.9503,0.3416
1.3532,0.0005,1.3014,1.3828,0.3529
1.5673,0.0004,0.8447,1.5232,0.3529
2.0417,0.0008,0.8558,1.8674,0.3646
1.2990,0.0007,1.4791,1.2479,0.3602
1.2420,0.0003,0.8769,1.4285,0.3602
1.9349,0.0008,0.8071,1.8002,0.3540
1.8710,0.0008,1.6988,1.4786,0.3519
1.2549,0.0006,1.4950,1.1767,0.3657
1.1482,0.0005,1.0644,1.5362,0.3657
1.8542,0.0005,1.2184,1.9386,0.3464
1.5133,0.0004,0.7834,1.5372,0.3402
1.6335,0.0007,0.9339,1.5828,0.3495
2.2219,0.0010,1.7619,1.3346,0.3548
0.8593,0.0008,1.3123,1.0863,0.3727
1.6373,0.0009,0.8534,1.9096,0.3516
1.5410,0.0009,1.2252,1.4757,0.3516
2.0620,0.0009,0.9519,1.9822,0.3450
1.5586,0.0013,1.3328,1.6675,0.3427
1.9507,0.0009,1.3699,1.8470,0.3593
1.8547,0.0004,1.0406,1.8361,0.3692
1.4115,0.0009,1.0869,1.5191,0.3692
1.3241,0.0009,1.3350,1.3576,0.3539
2.4154,0.0013,0.8178,2.2543,0.3512
1.5404,0.0008,0.9966,1.6685,0.3589
1.6923,0.0006,1.4418,1.5271,0.3589
1.9423,0.0008,1.1262,1.6428,0.3332
2.1100,0.0163,0.8093,2.3419,0.3410
1.6787,0.0006,1.4857,1.8723,0.3427
2.0163,0.0006,0.9242,2.0131,0.3322
1.7265,0.0006,0.8928,1.7364,0.3612
1.6944,0.0009,1.4012,1.6718,0.3639
1.9748,0.0009,1.0087,1.6289,0.3860
1.6478,0.0006,1.5615,1.9358,0.3860
2.3297,0.0010,1.2663,2.2642,0.3505
1.1821,0.0008,1.0276,0.9260,0.3505
2.1707,0.0007,1.1365,2.4772,0.3426
1.8166,0.0008,1.2153,1.8502,0.3426
2.0210,0.0009,0.8757,1.9777,0.3349
1.7255,0.0007,0.8697,1.7410,0.3349
1.4142,0.0006,1.2269,1.3291,0.3570
1.7490,0.0010,0.9075,1.7975,0.3370
1.6404,0.0009,1.0554,1.3172,0.5154
1.6170,0.0011,1.7231,1.9201,0.3618
1.9597,0.0007,1.1345,1.8963,0.3336
1.4160,0.0004,0.9599,1.4626,0.3486
2.1887,0.0007,1.1623,2.1303,0.3579
1.6126,0.0006,1.0926,1.2043,0.3479
2.3448,0.0008,1.1817,2.7303,0.3486
1.7791,0.0010,1.4403,0.9494,0.3629
1.3847,0.0008,1.2460,2.0032,0.3629
1.7391,0.0009,1.2349,1.7260,0.3701
1.6656,0.0011,1.2975,1.5867,0.3883
2.1833,0.0008,1.1493,2.2529,0.3448
2.0035,0.0008,1.0398,1.9698,0.3519
1.3489,0.0007,1.3234,1.2648,0.3519
2.1128,0.0006,0.9376,2.2383,0.3383
1.9732,0.0007,0.8337,1.9732,0.3491
1.3309,0.0004,1.1997,1.3626,0.3491
1.4410,0.0004,0.7896,1.4319,0.3345
1.6636,0.0009,0.7204,1.5913,0.3345
1.4329,0.0008,1.3226,1.2657,0.3700
2.0117,0.0008,0.9837,2.0947,0.3502
1.8302,0.0008,0.9060,1.9348,0.3531
1.3963,0.0005,1.2114,1.4277,0.3531
1.8214,0.0007,0.8534,1.3622,0.3430
1.5569,0.0004,0.9978,1.6140,0.3344
1.8898,0.0006,1.1964,2.2705,0.3366
2.4460,0.0008,0.8032,2.2679,0.3679
1.1950,0.0005,0.9764,1.3526,0.3679
1.7127,0.0009,1.6822,1.1090,0.3911
1.5882,0.0009,1.0081,1.8639,0.3726
1.8239,0.0008,1.0086,1.8905,0.3596
1.6333,0.0005,1.2517,1.5770,0.3596
1.7518,0.0007,0.9726,1.4916,0.3659
1.7198,0.0012,0.8460,1.9110,0.3392
1.8818,0.0008,1.2988,2.0172,0.3389
1.9414,0.0009,0.9081,1.9659,0.3468
1.9233,0.0005,0.9063,1.8018,0.3392
2.3437,0.0009,1.9373,1.9278,0.3852
1.5458,0.0010,1.7659,1.4988,0.3810
0.9668,0.0004,1.2579,1.5494,0.3810
2.0789,0.0007,1.2116,1.9375,0.3487
1.7747,0.0006,1.0478,1.8098,0.3487
1.7745,0.0005,0.8294,1.7813,0.3363
1.6470,0.0005,1.3720,1.7004,0.3524
1.4098,0.0009,0.9946,1.2607,0.3524
1.7294,0.0009,0.8326,1.6973,0.3440
1.5332,0.0007,1.4204,1.6509,0.3474
1.6397,0.0007,0.9542,1.5272,0.3490
2.2378,0.0011,0.9498,2.3127,0.3590
1.8355,0.0007,1.6642,1.4925,0.3540
1.2909,0.0010,1.1762,1.5884,0.3540
1.6017,0.0010,0.7890,1.5783,0.3413
2.2845,0.0008,1.1619,2.3649,0.3355
1.5025,0.0009,0.9034,1.3891,0.3355
2.0949,0.0012,0.8989,1.8236,0.3443
1.7860,0.0008,1.3491,2.1613,0.3435
1.7886,0.0155,0.8952,1.4903,0.3632
1.3282,0.0007,1.2248,1.6223,0.3632
1.8425,0.0007,1.2340,1.7990,0.3419
1.6424,0.0004,0.8510,1.7032,0.3419
1.8139,0.0005,0.6769,1.4219,0.3351
2.0747,0.0006,1.3708,2.4311,0.3381
1.2318,0.0003,0.9521,1.2566,0.3381
1.6781,0.0005,0.7208,1.3324,0.3458
1.9695,0.0003,1.1614,2.3164,0.3538
1.4563,0.0005,0.8049,1.4379,0.3496
1.7334,0.0008,0.7157,1.5605,0.3448
1.2154,0.0004,1.2693,1.3447,0.3448
1.5248,0.0007,0.9230,1.5324,0.3493
1.4890,0.0007,1.0264,1.4902,0.3617
1.0308,0.0004,1.0274,0.8502,0.3617
2.0917,0.0004,0.6882,2.1948,0.3513
1.4462,0.0003,0.7774,1.2196,0.3513
1.6399,0.0005,1.1526,1.9102,0.3456
1.6542,0.0005,0.9324,1.6559,0.3390
1.9649,0.0003,0.7781,1.8341,0.3543
1.3228,0.0003,1.2477,1.4580,0.3543
2.2836,0.0008,0.7378,2.1834,0.3881
1.4691,0.0006,0.9512,1.3863,0.3476
1.7713,0.0004,1.3059,1.8631,0.3476
1.7212,0.0003,0.7835,1.6766,0.3534
1.2830,0.0003,0.8237,1.1109,0.3422
2.1008,0.0004,1.0771,2.1561,0.3370
1.3879,0.0004,0.9556,1.5186,0.3618
1.7245,0.0003,0.7709,1.7992,0.3382
1.4264,0.0003,1.1815,0.9492,0.3452
1.1951,0.0005,0.8735,1.6122,0.3452
1.8804,0.0006,0.7363,1.4372,0.3565
1.9168,0.0006,1.6451,2.2898,0.3759
1.5091,0.0005,1.1310,1.2205,0.3759
1.6621,0.0005,0.9179,1.6295,0.3474
1.9592,0.0005,1.2467,2.1726,0.3520
1.3695,0.0004,1.1171,1.1991,0.3520
1.8339,0.0003,0.9864,1.7005,0.3484
1.7195,0.0006,1.2592,2.1425,0.3449
1.7600,0.0005,0.7337,1.7591,0.3383
1.6320,0.0005,0.6689,1.2485,0.3383
1.3793,0.0006,1.1370,1.6234,0.3478
1.4188,0.0006,0.8469,1.3816,0.3866
1.5701,0.0007,0.7513,1.6178,0.4011
1.5795,0.0006,1.0393,1.4664,0.3527
1.5514,0.0009,0.7465,1.7231,0.3465
1.7679,0.0008,0.7359,1.7702,0.3679
1.3646,0.0005,1.0813,1.3832,0.3454
1.5403,0.0006,0.7689,1.5165,0.3511
1.4368,0.0006,0.7339,1.4457,0.3511
1.7519,0.0004,1.0382,1.7269,0.3333
1.7178,0.0006,0.7456,1.7179,0.3333
1.3934,0.0010,0.7658,1.3013,0.3416
1.7680,0.0007,1.3967,1.8233,0.3595
1.1270,0.0004,0.9213,1.1638,0.3595
1.7795,0.0006,0.6941,1.7132,0.3412
1.5635,0.0005,1.0648,1.3973,0.3412
2.0450,0.0005,0.8592,1.9666,0.3654
1.4345,0.0005,0.7740,1.7143,0.3492
1.1631,0.0005,1.0522,1.1547,0.3492
1.5524,0.0005,0.6986,1.3246,0.3454
1.4673,0.0005,0.8335,1.5419,0.3454
1.8783,0.0006,1.0547,1.9701,0.3494
1.9376,0.0008,0.8593,1.8693,0.3859
1.3999,0.0009,0.9896,1.4709,0.3782
1.1676,0.0004,1.1212,1.1412,0.3782
1.7985,0.0006,0.8023,1.7967,0.3508
1.4591,0.0004,0.6933,1.3859,0.3627
1.1741,0.0004,1.0960,0.9462,0.3627
1.7155,0.0003,0.8627,1.9584,0.3553
1.4321,0.0003,0.8112,1.1227,0.3461
1.1633,0.0003,1.0947,1.5571,0.3461
1.4500,0.0007,0.6612,1.1342,0.3533
2.0050,0.0007,0.7104,2.2445,0.3455
1.7806,0.0004,1.1916,1.7204,0.3842
1.2677,0.0005,0.9568,1.3033,0.3842
1.9280,0.0003,0.7407,1.9990,0.3492
1.2799,0.0007,0.9606,1.1958,0.3492
1.3079,0.0003,0.7399,1.3016,0.3429
1.7732,0.0004,0.6567,1.8481,0.3436
1.7662,0.0005,1.0396,1.7544,0.3475
1.0414,0.0003,0.7942,0.8334,0.3395
1.2352,0.0005,0.8164,1.3535,0.3395
1.7656,0.0006,1.2031,1.8248,0.3388
1.0533,0.0004,0.7446,0.9994,0.3388
1.8872,0.0006,0.7094,1.8938,0.9430
1.0613,0.0006,1.0560,0.9952,0.9430
1.5412,0.0005,0.7252,1.4357,0.3474
1.5593,0.0005,0.6253,1.7023,0.3438
1.6542,0.0006,1.1931,1.3726,0.3364
1.1631,0.0006,0.8421,1.4842,0.3364
1.5635,0.0008,0.6133,1.3621,0.3617
1.6552,0.0007,0.9085,1.5811,0.3418
1.1192,0.0008,0.7231,1.4020,0.3418
1.3803,0.0005,0.5780,1.2158,0.3415
1.5720,0.0009,0.9575,1.4735,0.3482
1.5315,0.0009,0.9135,1.6970,0.3482
2.0187,0.0005,1.2549,1.9013,0.3676
1.5030,0.0006,1.2445,1.6615,0.3390
1.6430,0.0004,0.7213,1.6546,0.3500
1.3103,0.0008,0.6196,1.0484,0.3471
1.4811,0.0005,1.2651,1.5134,0.3550
1.7417,0.0003,0.9424,1.8239,0.3493
1.1682,0.0004,0.8954,1.1400,0.3482
1.5946,0.0004,1.2760,1.4328,0.3467
1.2504,0.0003,0.9189,1.4039,0.3467
1.3635,0.0006,0.7247,1.3139,0.3556
1.6960,0.0009,1.4025,1.6715,0.3455
1.6160,0.0006,0.9542,1.3186,0.3455
1.3756,0.0005,0.8813,1.5249,0.3455
1.5382,0.0005,1.1176,1.7639,0.3470
1.6543,0.0004,0.7324,1.5160,0.3662
1.2420,0.0004,0.6407,1.4939,0.3440
1.5604,0.0003,0.9374,1.5631,0.3521
1.3100,0.0006,0.6291,1.1672,0.3738
1.1912,0.0005,0.8161,1.1736,0.3738
1.5740,0.0005,1.0878,1.5410,0.3499
1.5943,0.0007,0.6955,1.5536,0.3452
1.6365,0.0009,0.9445,1.7165,0.3452
1.9054,0.0007,1.8862,1.3593,0.3605
1.8326,0.0007,1.0252,2.1298,0.3488
1.0030,0.0006,0.9606,0.9009,0.3488
2.0005,0.0007,1.0471,2.1183,0.3416
1.0434,0.0006,0.8297,1.0454,0.3416
1.5167,0.0005,0.6633,1.4344,0.3462
1.5574,0.0007,0.8912,1.6845,0.3452
1.1379,0.0005,0.7829,1.0647,0.3430
1.7695,0.0005,0.7633,1.7300,0.3455
1.4940,0.0005,1.0299,1.4923,0.3545
1.3254,0.0007,0.9257,1.4845,0.3545
1.8916,0.0006,1.1023,1.8844,0.3814
1.5537,0.0007,1.0459,1.2398,0.3443
1.1165,0.0006,0.9526,1.4405,0.3443
1.6920,0.0008,0.8459,1.6766,0.3410
1.3034,0.0004,0.9664,1.1430,0.3410
1.9483,0.0007,0.6933,2.0759,0.3513
1.2244,0.0004,0.8603,0.9134,0.3513
1.6054,0.0003,1.2110,1.9249,0.3371
1.5009,0.0004,0.6581,1.1584,0.3371
2.0088,0.0005,0.7758,2.2919,0.3325
1.5954,0.0006,1.1090,1.5953,0.3558
1.4832,0.0005,0.9019,1.5077,0.3542
1.2906,0.0007,0.7082,1.0819,0.3542
1.5816,0.0006,1.3906,1.2295,0.3603
0.8533,0.0004,0.9580,1.1667,0.3603
1.7739,0.0004,0.6311,1.8879,0.3477
1.3585,0.0004,0.9146,1.3648,0.3477
1.8209,0.0004,0.5999,1.8002,0.3368
1.3944,0.0007,0.6260,1.2449,0.3520
2.0926,0.0004,1.3768,2.1412,0.3584
1.8725,0.0005,0.9628,1.5958,0.3487
1.3938,0.0010,1.1811,1.1099,0.8854
1.1066,0.0006,1.7033,1.3126,0.3507
1.4300,0.0008,0.7277,1.3632,0.3507
1.6176,0.0007,0.7390,1.7704,0.3440
1.5860,0.0008,1.0676,1.7561,0.3524
0.9255,0.0005,0.7570,0.9472,0.3524
1.3390,0.0005,0.6023,1.1630,0.3530
1.0451,0.0005,1.0476,1.1675,0.3530
1.5826,0.0007,0.5978,1.6098,0.3495
0.9727,0.0006,0.6593,0.9829,0.3637
1.4512,0.0010,0.8924,1.4361,0.3426
1.0952,0.0005,0.6721,0.8808,0.3426
1.6924,0.0007,0.5897,1.7041,0.3799
2.1450,0.0008,1.7700,1.2032,0.3833
0.9875,0.0005,1.3124,1.0339,0.3567
0.8630,0.0004,0.9141,1.3158,0.3567
1.1937,0.0006,0.9642,1.1697,0.3384
1.2303,0.0004,0.6495,1.1561,0.3541
1.3977,0.0006,0.7401,1.4662,0.3617
0.9991,0.0006,1.0163,0.8605,0.3617
1.2571,0.0004,0.6594,1.3609,0.3588
1.5936,0.0007,0.7725,1.5831,0.3754
1.2696,0.0004,0.9991,1.2973,0.3433
1.4269,0.0005,0.6471,1.3248,0.3522
1.0708,0.0006,0.7473,0.8432,0.3559
1.3541,0.0008,1.6074,1.2729,0.3559
1.7530,0.0008,0.8430,1.9590,0.3768
1.1669,0.0006,0.9250,1.0745,0.3444
1.5843,0.0007,1.6944,1.3963,0.3534
0.9557,0.0005,0.9600,1.1175,0.3494
1.1241,0.0007,0.9336,1.2104,0.3494
1.2844,0.0004,1.0547,1.4375,0.3472
1.3218,0.0005,0.7080,0.9750,0.3561
1.4477,0.0005,0.9270,1.7829,0.3483
1.2396,0.0005,0.9595,1.1625,0.3483
1.3244,0.0007,0.6569,1.3899,0.3626
1.5932,0.0004,0.6271,1.5310,0.3577
1.5312,0.0009,1.0495,1.5435,0.3505
1.5970,0.0003,0.8462,1.6140,0.9501
1.0920,0.0004,0.6782,1.1113,0.3558
1.7829,0.0006,1.3075,0.9318,0.3631
0.9185,0.0004,1.1718,1.3337,0.3707
0.9431,0.0005,0.9465,0.8063,0.3554
1.9061,0.0005,1.5358,0.7683,0.3638
0.8854,0.0005,1.2789,0.7683,0.3638
0.5693,0.0003,0.8038,0.7960,0.3555
0.9165,0.0003,0.8538,1.0969,0.3555
1.1899,0.0005,0.5802,1.0385,0.3608
1.0454,0.0004,0.7633,1.0110,0.3608
1.4649,0.0005,0.9299,1.3822,0.3378
1.2070,0.0005,0.7293,1.4679,0.3532
1.7958,0.0008,0.7950,1.6977,0.3839
1.5028,0.0008,1.1778,1.5352,0.3661
1.0863,0.0008,0.7996,0.9270,0.3611
1.2639,0.0005,0.8410,1.4286,0.3611
1.5215,0.0004,1.0563,1.4399,0.3453
1.4430,0.0005,0.9649,1.5223,0.3585
1.2812,0.0008,1.0120,1.2760,0.3509
0.9674,0.0004,0.9781,0.9065,0.3509
1.4718,0.0004,0.6255,1.5413,0.3656
1.2540,0.0004,0.6224,1.0661,0.3549
1.3746,0.0003,1.0861,1.2180,0.3640
1.2463,0.0003,0.7817,1.3642,0.3640
1.4698,0.0007,0.7499,1.3458,0.3467
1.8145,0.0005,1.0830,2.1059,0.3546
1.2840,0.0006,0.9542,1.1092,0.3653
1.1550,0.0006,1.1262,1.3130,0.3638
1.5837,0.0010,1.1591,1.3148,0.3490
2.1958,0.0008,0.8608,2.4366,0.3361
0.9903,0.0006,0.6891,0.9400,0.3485
1.3678,0.0007,1.0557,1.1512,0.3449
1.2489,0.0006,0.7678,1.2985,0.3449
1.2713,0.0005,0.7068,1.4893,0.3413
1.2567,0.0004,1.1090,1.2195,0.3434
1.1848,0.0005,0.7087,1.2424,0.3663
1.7237,0.0007,0.6868,1.4301,0.3508
1.4953,0.0007,1.1261,1.5174,0.9191
1.8302,0.0006,0.8366,1.9212,0.3358
1.0247,0.0004,0.9660,0.9561,0.3358
1.2665,0.0005,1.1388,1.4632,0.3440
1.2298,0.0006,0.6427,1.2629,0.3472
1.3723,0.0004,0.6121,1.1653,0.3422
1.3832,0.0005,0.8892,1.5839,0.3597
1.5069,0.0005,0.5881,1.2310,0.3351
1.4438,0.0004,0.7509,1.7239,0.3451
1.3445,0.0005,0.8763,1.2164,0.3422
1.3641,0.0008,0.5946,1.2936,0.3720
1.4699,0.0007,0.7208,1.4551,0.3635
1.3388,0.0006,1.3865,1.4529,0.3555
1.9645,0.0006,1.0646,1.9879,0.3609
1.6994,0.0006,0.7029,1.5705,0.3500
0.9956,0.0005,1.0896,0.9133,0.3599
1.0608,0.0005,0.6885,1.1339,0.3516
1.2951,0.0008,0.7322,1.2784,0.3456
1.4163,0.0005,1.0876,1.5714,0.3456
1.3868,0.0007,0.6244,1.2155,0.3367
1.3832,0.0004,0.7833,1.1971,0.3406
1.3609,0.0004,1.2312,1.3038,0.3502
1.5492,0.0006,0.9746,1.9118,0.3501
1.0245,0.0013,0.7036,0.9919,0.3501
1.9500,0.0007,1.6244,1.7672,0.3871
1.8470,0.0005,1.1313,2.0510,0.3461
1.5086,0.0007,0.6933,1.2581,0.3600
1.7454,0.0003,1.1706,1.7900,0.3600
1.8000,0.0004,0.6798,1.9301,0.3335
1.1264,0.0004,0.7007,0.9489,0.3335
1.7259,0.0004,0.9393,1.9728,0.3408
1.2111,0.0005,0.6345,0.9204,0.3408
1.2212,0.0005,0.7746,1.2860,0.3533
1.5608,0.0008,1.1268,1.5603,0.3497
2.1403,0.0007,1.1500,1.7842,0.3602
1.3688,0.0004,1.0082,1.6247,0.3602
1.7931,0.0004,1.1543,2.1007,0.3544
1.4815,0.0005,0.7212,1.2572,0.3630
1.2757,0.0004,0.7781,1.3932,0.3519
1.1845,0.0004,1.0621,1.0965,0.3519
1.4419,0.0006,0.6437,1.4508,0.3449
1.8626,0.0003,0.6371,2.0294,0.3417
1.6694,0.0003,0.9430,1.6729,0.3601
1.2388,0.0005,0.5893,1.0576,0.3601
1.5249,0.0008,0.6406,1.5399,0.3514
1.6483,0.0008,1.1840,1.6815,0.3648
1.6151,0.0006,0.9462,1.4596,0.3679
1.4974,0.0007,0.8415,1.3909,0.3534
1.3448,0.0007,0.9882,1.5880,0.3432
1.4804,0.0005,0.7410,1.3890,0.3341
1.3534,0.0005,0.7851,1.4686,0.3476
1.3842,0.0005,1.1284,1.4209,0.3736
1.6204,0.0004,0.6880,1.6115,0.3555
1.2594,0.0003,0.6112,1.0125,0.3555
1.6318,0.0006,0.9911,1.8524,0.3365
1.7307,0.0003,0.8643,1.7207,0.3365
1.8167,0.0004,0.6921,1.8165,0.3468
1.5921,0.0005,1.0227,1.4861,0.3423
1.5213,0.0004,0.7988,1.5935,0.3423
1.3786,0.0007,0.6661,1.1662,0.3436
1.8167,0.0004,0.9783,2.0528,0.3557
1.2125,0.0006,0.6578,1.0332,0.3452
1.0451,0.0004,0.7444,1.2179,0.3452
1.4184,0.0006,0.9521,1.1086,0.3520
1.3609,0.0006,0.9566,1.3921,0.3492
2.1281,0.0006,0.8502,2.2171,0.3562
1.9021,0.0008,1.4357,1.2414,0.3724
0.9146,0.0008,1.3891,1.5292,0.3724
1.9086,0.0005,0.7967,1.9069,0.3513
1.7660,0.0008,1.4862,1.1078,0.3378
0.6856,0.0005,1.1036,0.8166,0.3581
0.8353,0.0011,0.6189,1.0682,0.3581
1.6131,0.0004,1.0646,1.2508,0.3318
1.2944,0.0004,0.8854,1.3549,0.3318
1.7201,0.0004,0.7029,1.6770,0.3506
1.6325,0.0005,0.9015,1.8263,0.3379
1.7615,0.0005,0.7042,1.4082,0.3363
1.5509,0.0003,0.7625,1.6436,0.3649
1.7752,0.0006,1.0203,2.1204,0.3566
1.5286,0.0005,0.8216,1.2425,0.3579
1.5858,0.0004,0.9279,1.8666,0.3653
1.1878,0.0005,0.9705,1.1853,0.3653
1.4146,0.0005,0.6687,1.2199,0.3412
1.2493,0.0004,0.7719,1.4777,0.3412
1.3654,0.0003,0.9096,1.3549,0.3462
1.0487,0.0005,0.7084,1.0004,0.3480
1.5509,0.0006,0.8260,1.4075,0.3460
1.5508,0.0004,1.1899,1.7187,0.3604
1.4821,0.0005,0.7635,1.3236,0.3554
1.6615,0.0010,0.9960,1.3294,0.3449
1.2922,0.0007,1.7185,1.4030,0.3449
1.5978,0.0006,0.9093,1.8551,0.3531
1.4616,0.0006,0.9383,1.2509,0.3456
1.6783,0.0007,1.5403,1.3198,0.3537
1.1878,0.0010,1.1811,1.2704,0.3537
2.0710,0.0004,0.7562,2.5565,0.3441
1.2631,0.0004,1.0907,0.9334,0.3441
1.6764,0.0005,0.8877,1.9803,0.3390
1.4249,0.0007,0.9015,1.3798,0.3612
1.2700,0.0003,1.0617,1.3318,0.3612
1.5032,0.0006,0.6919,1.2599,0.3376
1.9179,0.0006,0.6750,1.9251,0.3647
1.3787,0.0004,1.1213,1.5006,0.3678
1.4626,0.0005,0.7391,1.5600,0.3567
1.6672,0.0005,0.7183,1.2623,0.3579
1.6501,0.0006,1.5285,1.4155,0.3596
0.6574,0.0005,0.9288,0.8312,0.3596
1.7295,0.0005,0.6875,1.6724,0.3394
1.7614,0.0004,1.0075,2.0017,0.3535
1.9933,0.0004,0.6499,1.9755,0.3548
1.6784,0.0003,0.6685,1.6551,0.3569
1.4240,0.0005,1.1040,1.4373,0.3541
1.5326,0.0003,0.8899,1.5390,0.3619
1.0691,0.0003,0.8274,1.0437,0.3619
1.8113,0.0004,0.9903,1.8273,0.3409
1.4970,0.0004,0.6811,1.5084,0.3409
1.4233,0.0005,0.6672,1.2272,0.3687
1.9125,0.0006,1.3039,1.7769,0.3346
1.2214,0.0006,0.9202,1.4153,0.3346
1.8584,0.0005,0.6626,1.9555,0.3386
1.2524,0.0005,0.9681,1.2547,0.3284
0.9346,0.0004,0.6748,0.9576,0.3284
1.5580,0.0008,0.6167,1.4700,0.3621
1.8709,0.0005,1.2567,1.9127,0.3614
1.1568,0.0005,0.8458,1.0932,0.3614
1.4878,0.0004,0.7252,1.5634,0.3486
1.4731,0.0005,0.9811,1.1902,0.3481
1.4568,0.0007,0.8006,1.5602,0.3527
1.1325,0.0005,0.8303,1.1597,0.3479
1.5666,0.0006,1.1655,1.7085,0.3544
1.2100,0.0005,0.6690,0.9765,0.3544
1.8690,0.0005,0.7095,1.7994,0.3445
1.6467,0.0005,1.4367,1.8701,0.3445
1.5562,0.0007,0.9036,1.3544,0.3461
1.5728,0.0007,1.0802,1.2829,0.3386
2.1805,0.0006,1.2614,2.5201,0.3567
1.0713,0.0003,0.8855,1.2330,0.3567
1.4316,0.0003,0.7363,1.4279,0.3714
1.6332,0.0005,1.3058,1.3334,0.3562
0.9307,0.0005,0.9847,1.1144,0.3562
1.6257,0.0004,0.6115,1.7046,0.3489
1.4047,0.0004,0.9633,1.4454,0.3685
1.2710,0.0006,0.7050,1.1454,0.3527
1.3555,0.0003,0.7344,1.0164,0.3465
1.3520,0.0006,1.1910,1.5889,0.3465
1.7347,0.0005,0.8743,1.7488,0.3415
1.3657,0.0005,0.7028,1.3482,0.3794
1.4293,0.0004,1.1163,1.6161,0.3814
1.9237,0.0005,0.7766,1.9036,0.3584
0.9308,0.0006,0.6372,0.8372,0.3584
1.3210,0.0005,0.9652,1.2803,0.3587
1.5978,0.0004,0.7685,1.6927,0.3552
1.2856,0.0003,0.6290,1.3004,0.3472
2.0046,0.0006,1.3692,0.8658,0.3371
1.1018,0.0005,1.3113,0.8658,0.3521
0.6167,0.0004,1.0757,0.7978,0.3614
1.2861,0.0006,1.0668,1.0322,0.3577
1.1175,0.0005,0.9409,1.4083,0.3577
1.6046,0.0008,0.6834,1.1770,0.3622
1.7033,0.0190,1.6813,1.6575,0.3536
0.9085,0.0004,1.0888,1.3665,0.3536
1.7233,0.0007,0.6747,1.2481,0.3432
1.6036,0.0005,1.1306,2.0474,0.3479
1.0496,0.0005,0.6856,1.0840,0.3479
1.3403,0.0006,0.6334,1.1888,0.3377
1.1812,0.0004,1.1565,1.2349,0.3377
1.4876,0.0006,0.7464,1.3664,0.3560
1.5362,0.0005,0.7528,1.5498,0.3560
1.5468,0.0004,1.1295,1.4223,0.3534
1.8275,0.0007,0.9665,1.9156,0.3526
1.3924,0.0005,1.0703,1.5390,0.8496
1.6145,0.0004,1.3184,1.6320,0.3615
1.6905,0.0005,0.8431,1.5887,0.3655
1.3859,0.0006,0.8739,1.3583,0.3655
2.1162,0.0004,1.0032,2.2147,0.3573
1.2571,0.0006,0.7986,1.0969,0.3573
1.1301,0.0004,0.7606,1.3252,0.3494
1.5806,0.0005,1.3326,1.0853,0.3459
1.0137,0.0004,1.0290,1.1710,0.3459
1.5028,0.0003,0.7082,1.8310,0.3322
1.6782,0.0008,1.0916,1.5889,0.3432
1.6375,0.0008,0.9017,1.6489,0.3639
1.3888,0.0010,0.8772,1.3440,0.3590
1.2016,0.0004,1.2679,1.2772,0.3590
1.8483,0.0011,0.7459,1.7359,0.3551
1.2559,0.0007,0.8474,1.3315,0.3551
1.5616,0.0006,1.3365,1.3658,0.3882
2.2674,0.0007,1.0173,2.2935,0.3496
1.4941,0.0005,0.9636,1.4404,0.3496
2.3779,0.0007,1.2153,2.5145,0.3562
1.9795,0.0011,0.9474,1.9161,0.3638
1.9718,0.0013,1.1940,1.9743,0.3797
1.5837,0.0008,1.4592,1.6546,0.3452
1.6321,0.0012,0.9924,1.6319,0.3510
1.7704,0.0007,0.9924,1.7691,0.3510
1.8529,0.0006,1.2534,1.8455,0.3373
1.3027,0.0006,0.8399,1.3223,0.3447
1.5190,0.0007,0.8011,1.5197,0.3447
2.0028,0.0009,1.4599,1.9613,0.3652
1.4455,0.0015,0.9101,1.4023,0.3652
2.5255,0.0010,1.2603,2.4043,0.3774
1.4150,0.0006,1.4876,1.5110,0.3532
1.3394,0.0010,0.9591,1.1464,0.3532
2.1984,0.0006,0.7840,2.3413,0.3437
1.3800,0.0005,1.1982,1.2087,0.3319
1.7352,0.0007,0.7832,1.7725,0.3365
1.7474,0.0006,0.8802,1.9777,0.3516
1.3729,0.0005,1.1325,1.3706,0.3494
1.5143,0.0004,0.7433,1.3543,0.3494
1.5944,0.0003,1.1974,1.6705,0.3494
1.3878,0.0006,1.4203,1.1555,0.3494
1.9976,0.0009,0.9054,2.2175,0.3740
1.8366,0.0008,1.1890,1.7175,0.3415
1.6766,0.0006,1.7751,1.8064,0.3452
1.8367,0.0006,1.0166,1.8358,0.3425
1.6866,0.0008,0.8734,1.3419,0.3432
2.0036,0.0007,1.3842,2.3141,0.3557
1.6424,0.0008,1.0496,1.4853,0.3577
1.1792,0.0006,1.2613,1.1619,0.3577
1.9854,0.0011,1.2630,2.0952,0.3433
1.6857,0.0008,0.9883,1.6925,0.3433
1.2187,0.0007,1.0556,1.1094,0.3656
1.9374,0.0008,1.2288,2.0849,0.3493
1.6036,0.0006,0.8178,1.2873,0.3519
1.9191,0.0008,0.9131,2.2163,0.3391
1.4601,0.0008,1.1828,1.2633,0.3308
2.4113,0.0007,0.8510,2.2549,0.3629
1.0677,0.0007,1.1907,1.3520,0.3629
1.5847,0.0006,1.2805,1.5545,0.3369
1.8280,0.0008,1.0274,1.8731,0.3369
1.8345,0.0007,1.1422,1.4913,0.3491
1.5611,0.0007,1.5442,1.7202,0.3649
1.5743,0.0005,1.0629,1.4629,0.3439
1.3953,0.0005,0.9269,1.7069,0.3543
1.5332,0.0004,1.3691,1.2933,0.3561
1.6491,0.0006,1.0752,1.8750,0.3507
1.3653,0.0007,0.7920,1.2047,0.3507
1.8990,0.0007,1.1566,2.0372,0.3630
1.4789,0.0017,0.7431,1.2572,0.3630
1.5061,0.0005,0.7851,1.5380,0.3416
1.7804,0.0008,1.5376,1.4106,0.3630
1.3784,0.0009,1.3056,1.8822,0.3722
1.3049,0.0005,0.8893,1.3508,0.3423
1.2899,0.0005,1.0704,1.1322,0.3556
2.1161,0.0007,0.8326,2.0701,0.3484
1.2196,0.0005,1.0553,1.3928,0.3393
1.4155,0.0170,1.0243,1.2441,0.3535
1.8630,0.0006,0.9659,1.9651,0.3535
1.8319,0.0007,0.8052,1.6813,0.3327
1.7764,0.0007,1.5370,1.6519,0.3472
1.0438,0.0006,1.2885,0.9916,0.3472
1.9871,0.0005,0.7628,2.2981,0.3662
1.5198,0.0004,1.1345,1.5383,0.3490
1.8130,0.0006,0.8305,1.7127,0.3441
1.4953,0.0005,1.0575,1.5541,0.3350
1.3814,0.0004,1.3104,1.2054,0.3350
1.8310,0.0006,0.7177,1.7675,0.3518
1.2117,0.0007,0.9816,1.2694,0.3518
1.6311,0.0005,1.5175,1.8294,0.3544
1.4045,0.0004,0.8944,1.3838,0.3650
1.6580,0.0005,1.1535,1.5000,0.3567
1.8205,0.0010,1.1257,1.8060,0.3387
1.7766,0.0007,0.9721,1.9038,0.3790
1.3921,0.0009,0.8424,1.4124,0.3509
1.3952,0.0007,1.0707,1.4072,0.3548
1.2617,0.0007,0.8111,0.9501,0.3548
1.3776,0.0007,0.9110,1.6370,0.3717
1.5509,0.0006,1.1352,1.5942,0.3356
0.9432,0.0004,0.7381,0.9080,0.3356
1.4972,0.0005,0.6356,1.2070,0.3502
1.2996,0.0009,0.9245,1.6255,0.3475
2.0838,0.0006,0.7198,2.0408,0.3452
1.4376,0.0005,0.7448,1.3968,0.3452
1.3120,0.0006,1.1180,1.3119,0.3808
1.6008,0.0007,0.8374,1.3756,0.3503
1.6021,0.0009,0.7949,1.7680,0.3383
1.6374,0.0010,1.2303,1.5246,0.3298
1.6828,0.0010,1.0078,1.8400,0.3298
1.4115,0.0006,0.8892,1.4360,0.3448
1.8275,0.0007,1.0828,1.8107,0.3356
1.7102,0.0007,0.8267,1.5744,0.3523
1.7541,0.0008,0.9357,1.8825,0.3648
1.5448,0.0009,1.3871,0.8571,0.3545
1.1857,0.0009,1.1220,1.7013,0.3545
2.1559,0.0007,0.8568,2.1085,0.3756
1.2167,0.0010,1.2130,1.0353,0.3756
2.1634,0.0007,0.8532,2.3194,0.3576
1.7809,0.0004,0.8666,1.6866,0.3441
1.2103,0.0007,1.2977,1.3689,0.3609
1.5179,0.0007,0.8164,1.4981,0.3609
1.3978,0.0004,0.7522,1.3902,0.3439
1.9636,0.0005,1.0968,1.9695,0.3418
1.7758,0.0006,0.8276,1.7665,0.3564
1.9425,0.0007,0.7722,1.8825,0.3447
1.9292,0.0011,1.2475,1.9397,0.3895
1.3607,0.0007,1.0297,1.2115,0.3411
1.5133,0.0004,1.1336,1.6725,0.3494
1.5497,0.0004,1.1288,1.4857,0.3502
1.9660,0.0005,0.7439,2.0381,0.3517
1.7114,0.0006,0.6934,1.5763,0.3338
1.6072,0.0007,1.2231,1.5681,0.3376
1.7087,0.0004,0.9058,1.8176,0.3438
1.3114,0.0004,0.8247,1.3908,0.3438
1.7152,0.0008,1.0435,1.2696,0.3503
1.6599,0.0006,1.0658,1.6457,0.3751
1.6061,0.0006,1.2391,1.9991,0.3578
1.4651,0.0005,1.3155,1.0795,0.3578
1.7954,0.0004,0.8810,2.1357,0.3512
1.6416,0.0006,0.7570,1.5649,0.3353
1.3772,0.0006,1.2100,1.2809,0.3574
1.4850,0.0006,0.8857,1.4847,0.3654
1.2608,0.0005,0.9824,1.3584,0.3654
1.7355,0.0005,1.1991,1.7187,0.3435
1.4726,0.0005,0.8989,1.5370,0.3435
1.9338,0.0007,0.7184,1.8514,0.3423
1.7758,0.0007,1.2999,1.8414,0.3583
1.6907,0.0006,0.8262,1.6947,0.3561
1.3839,0.0006,0.7431,1.3888,0.3561
1.7284,0.0004,1.0407,1.6305,0.3460
1.6221,0.0006,0.7993,1.1798,0.3560
1.3833,0.0004,0.9287,1.7637,0.3474
1.6435,0.0004,1.3518,1.4957,0.3508
1.6329,0.0005,0.9740,1.8951,0.3430
1.5517,0.0005,0.8308,1.5093,0.3430
2.0579,0.0008,1.2836,1.7259,0.3655
1.2780,0.0005,1.4182,1.2385,0.3557
1.4706,0.0005,1.0535,1.5663,0.3557
1.6015,0.0008,1.2523,1.5973,0.3352
1.5150,0.0007,0.9379,1.6046,0.3563
1.3035,0.0003,0.8225,1.4186,0.3428
1.7797,0.0004,1.0410,1.8498,0.3334
1.4499,0.0005,0.6822,1.3455,0.3441
1.7835,0.0009,0.6858,1.8954,0.3359
1.8000,0.0004,0.9782,1.6948,0.3416
1.8785,0.0007,0.8131,1.1732,0.3416
1.7318,0.0006,1.2555,2.4698,0.3700
1.1504,0.0006,1.2357,0.8255,0.3700
1.8199,0.0004,0.7679,2.1070,0.3426
1.4903,0.0004,0.7096,1.3606,0.3350
1.4891,0.0006,1.1509,1.6290,0.3668
1.2965,0.0005,0.7068,1.2887,0.3668
1.6119,0.0006,0.7357,1.2609,0.3392
1.6809,0.0006,1.3620,1.6349,0.3400
1.4918,0.0007,0.8649,1.7246,0.3388
2.0104,0.0006,0.7862,2.1061,0.3510
1.7932,0.0010,1.1883,1.7082,0.3645
1.5301,0.0006,0.9461,1.4244,0.3645
1.5150,0.0004,1.1114,1.6915,0.3519
1.5354,0.0004,1.1492,1.3548,0.3457
1.5106,0.0004,0.8342,1.4983,0.3590
1.7992,0.0006,0.9183,1.6153,0.3428
1.8146,0.0009,1.3409,2.0717,0.3391
1.6537,0.0006,0.9987,1.7390,0.3494
1.2511,0.0006,0.8228,1.1711,0.3494
1.6702,0.0007,1.4302,1.7488,0.3425
1.9587,0.0006,0.7331,1.8920,0.3402
1.5603,0.0007,0.8599,1.5790,0.3442
1.8450,0.0007,1.2351,1.7563,0.3462
1.4336,0.0006,0.9190,1.4748,0.3711
1.6217,0.0003,0.7912,1.6976,0.3711
1.6306,0.0005,1.0309,1.5428,0.3542
1.5813,0.0006,0.8664,1.4252,0.3542
2.1844,0.0008,0.9125,2.2722,0.3415
1.2099,0.0007,1.2828,1.2336,0.3415
1.7449,0.0005,0.7714,1.5099,0.3342
2.0653,0.0007,0.7388,2.3266,0.3394
1.9873,0.0008,2.0024,1.2161,0.3669
1.4635,0.0004,1.1260,1.9170,0.3669
1.8141,0.0005,0.7211,1.9483,0.3431
1.6029,0.0008,1.1027,1.4960,0.3399
1.4048,0.0008,0.9723,1.2757,0.3381
1.9019,0.0007,0.8674,2.1097,0.3586
1.6671,0.0006,1.1301,1.6538,0.3514
1.3508,0.0006,0.9151,1.2908,0.3514
1.8994,0.0010,0.9177,1.7676,0.3554
1.5399,0.0007,1.2624,1.6409,0.3459
1.8000,0.0008,0.9898,1.5270,0.3551
1.3766,0.0005,1.0615,1.5654,0.3634
2.0386,0.0007,1.2326,2.0922,0.3458
2.0311,0.0004,0.8717,2.1067,0.3403
1.9463,0.0007,0.7801,1.6769,0.3437
1.2799,0.0004,1.4834,1.4725,0.3532
1.6006,0.0005,0.8374,1.6373,0.3556
1.3564,0.0005,0.7333,1.3361,0.3556
1.6364,0.0006,1.2407,1.2943,0.3365
2.1719,0.0007,1.0459,2.0752,0.3536
1.5976,0.0008,1.1754,1.8433,0.3536
2.2689,0.0006,1.3556,2.4072,0.3412
1.1658,0.0007,1.1359,1.0328,0.3590
1.4684,0.0005,1.0474,1.5932,0.3590
2.1544,0.0005,1.4209,1.9239,0.3620
1.9738,0.0005,1.5785,2.1962,0.3543
1.4664,0.0004,0.7511,1.4935,0.3482
1.3516,0.0006,1.0418,1.3409,0.3482
2.2320,0.0008,0.7231,2.1625,0.3562
1.4162,0.0006,0.8231,1.4416,0.3562
1.6405,0.0004,1.1986,1.6403,0.3394
1.7782,0.0007,0.8761,1.7839,0.3394
1.3731,0.0007,0.8043,1.0119,0.3507
1.7600,0.0003,1.1692,2.0866,0.3347
1.9938,0.0007,0.8492,1.9833,0.3354
1.8933,0.0006,0.7614,1.8563,0.3354
1.5778,0.0005,1.1454,1.6102,0.3571
1.5637,0.0006,0.7742,1.5602,0.3571
1.5629,0.0007,0.7547,1.3080,0.3451
1.4323,0.0006,1.4259,1.6626,0.3827
1.6239,0.0008,0.9163,1.3312,0.3684
1.8414,0.0007,0.8748,2.1194,0.3594
1.7646,0.0004,1.2819,1.7630,0.3361
1.3865,0.0006,1.0204,1.3248,0.3361
1.5812,0.0006,1.0615,1.6243,0.3579
1.5741,0.0005,1.3440,1.4904,0.3364
1.5754,0.0005,1.0463,1.6621,0.3536
2.0116,0.0006,0.7347,1.9795,0.3381
1.2103,0.0006,1.1215,0.9738,0.3381
1.5551,0.0006,0.8280,1.6891,0.3413
2.1285,0.0006,0.9124,2.2136,0.3504
1.7226,0.0007,1.2773,1.6368,0.3553
1.3925,0.0006,0.9546,1.4066,0.3553
1.7256,0.0003,0.9491,1.5231,0.3523
1.3968,0.0006,1.1320,1.5105,0.3429
1.0432,0.0004,0.9113,1.1303,0.3429
1.9800,0.0005,0.6628,2.0481,0.3562
1.5640,0.0004,1.0241,1.5748,0.3334
1.5158,0.0007,0.7538,1.4556,0.3505
1.7860,0.0008,0.8795,1.6155,0.3612
1.9967,0.0009,1.6531,1.8658,0.3786
1.5853,0.0008,1.2432,1.4609,0.3519
1.5913,0.0006,0.8728,1.9625,0.3418
2.0792,0.0009,1.1108,2.1008,0.3470
1.4416,0.0007,0.8126,1.4730,0.3387
1.8870,0.0005,0.8884,1.8721,0.3462
1.4696,0.0007,1.0772,1.1603,0.3462
1.7675,0.0006,0.8942,2.0716,0.3480
1.6796,0.0005,0.8070,1.4901,0.3476
1.8863,0.0009,1.2479,2.0129,0.3818
1.8479,0.0004,0.9729,1.6201,0.3467
1.6996,0.0004,1.0586,1.8394,0.3368
1.6073,0.0005,1.3313,1.7011,0.3521
1.7603,0.0006,0.9203,1.7463,0.3447
1.3891,0.0007,0.7161,1.2432,0.3432
1.5724,0.0006,1.2191,1.6961,0.3630
1.4866,0.0007,0.8544,1.5001,0.3539
1.8674,0.0004,0.7167,1.8486,0.3626
1.2315,0.0005,1.0186,1.2315,0.3626
2.3934,0.0010,0.8056,2.2720,0.3652
1.3969,0.0008,0.9885,1.2833,0.3652
1.6326,0.0007,1.3927,1.6896,0.3553
1.9558,0.0006,0.8822,2.0748,0.3382
1.6812,0.0007,0.7898,1.6931,0.3402
1.3325,0.0008,1.2481,1.2940,0.3365
1.7892,0.0009,0.8719,1.6516,0.3688
1.8408,0.0181,0.8823,1.5910,0.3511
2.2215,0.0009,1.4196,2.4224,0.3511
1.6308,0.0007,1.1846,1.5246,0.3564
2.2637,0.0008,1.0420,2.0005,0.3777
2.0122,0.0008,1.6464,1.9888,0.3485
1.3678,0.0007,1.4223,1.7498,0.3485
1.9435,0.0009,0.7325,2.0603,0.3554
1.9879,0.0008,1.1731,1.9957,0.3362
1.7337,0.0006,1.0682,1.6110,0.3362
1.4615,0.0010,1.1572,1.4778,0.3427
1.8226,0.0009,1.3013,1.5858,0.3510
2.2169,0.0009,1.0587,2.4411,0.5291
1.7413,0.0009,1.3218,1.7947,0.3590
2.0073,0.0008,1.7275,1.6182,0.3411
1.2000,0.0008,1.2831,1.1828,0.3411
2.0738,0.0007,1.0138,2.4632,0.3603
1.8784,0.0008,1.3704,1.8124,0.3253
1.9049,0.0009,1.1043,1.9805,0.3535
1.6730,0.0007,0.9994,1.5128,0.3370
2.0329,0.0009,1.4295,2.0029,0.3349
1.7373,0.0009,1.3905,1.1570,0.3452
1.6024,0.0010,1.5847,2.3379,0.3792
1.7637,0.0009,2.0405,1.3693,0.3634
1.9064,0.0009,1.2428,2.2538,0.3369
1.8123,0.0007,1.2490,1.7165,0.3644
1.8150,0.0006,1.8588,1.9107,0.3540
1.6445,0.0009,1.0997,1.6635,0.3540
1.8138,0.0012,0.8667,1.5766,0.3414
1.7648,0.0011,1.5456,1.6879,0.3459
2.1696,0.0011,1.2898,2.2584,0.3652
1.5755,0.0012,1.2325,1.7238,0.3652
1.7189,0.0008,1.8896,1.7387,0.3561
1.6555,0.0008,1.0867,1.6798,0.3561
1.8269,0.0008,1.0852,1.6888,0.3392
1.8154,0.0009,1.6010,1.7997,0.3631
1.8602,0.0008,1.2107,1.9879,0.3390
1.7951,0.0008,0.9298,1.7896,0.3554
1.7734,0.0006,1.3805,1.7771,0.3501
1.7052,0.0003,0.8986,1.6914,0.3501
1.7896,0.0008,0.9072,1.5544,0.3413
2.4005,0.0009,1.8929,1.7235,0.3792
0.9323,0.0008,1.6211,1.2507,0.3502
1.2064,0.0010,0.8521,1.3934,0.3508
1.7789,0.0009,1.2871,1.8494,0.3650
1.9350,0.0007,0.9089,1.9599,0.3508
1.3028,0.0006,0.8470,1.3255,0.3375
1.4007,0.0005,1.1054,1.3660,0.3375
1.4553,0.0005,0.8113,1.2447,0.3444
2.1942,0.0006,0.7424,1.7397,0.3521
1.5374,0.0009,1.5255,2.1442,0.3521
2.1963,0.0008,1.0866,2.2249,0.3660
1.6091,0.0007,0.9271,1.6258,0.3660
1.2564,0.0008,1.2076,1.1541,0.3433
1.9543,0.0009,1.0237,2.0078,0.3432
1.8312,0.0008,1.0403,1.8479,0.3420
1.2090,0.0006,1.2482,1.1099,0.3420
1.8715,0.0009,0.7685,1.9610,0.3400
1.9923,0.0009,0.7362,1.9840,0.3518
1.2209,0.0009,1.1902,1.2222,0.3518
2.1587,0.0011,0.8438,2.0055,0.3394
1.7999,0.0010,1.0933,1.8032,0.3865
1.4961,0.0008,1.5186,1.5007,0.3775
2.3735,0.0005,0.8766,2.3497,0.3405
1.7545,0.0006,1.0211,1.7415,0.3552
1.8904,0.0005,1.3602,1.9979,0.3538
1.6887,0.0006,0.9069,1.6757,0.3538
1.9945,0.0009,1.1648,1.9877,0.3420
1.8272,0.0008,1.4008,1.8545,0.3420
1.6173,0.0008,0.8272,1.3245,0.3484
2.4758,0.0009,1.0685,2.4806,0.3691
1.3876,0.0007,1.8408,0.9754,0.3518
1.2794,0.0008,0.9694,1.6983,0.3518
1.7738,0.0011,0.7907,1.5263,0.3502
2.0676,0.0009,1.1689,2.2550,0.3405
1.4666,0.0009,1.0369,1.4720,0.3405
2.0185,0.0011,1.0759,1.9765,0.3503
1.7382,0.0007,1.5047,1.6910,0.3382
1.3273,0.0209,1.1041,1.1820,0.3382
2.3643,0.0007,0.8880,2.3322,0.3459
1.8791,0.0008,1.7368,1.2776,0.3568
0.8937,0.0005,1.2677,1.4120,0.3568
1.5664,0.0008,0.7777,1.7339,0.3486
1.7324,0.0006,1.1334,1.6250,0.3406
1.6215,0.0008,0.8934,1.5791,0.3371
1.9439,0.0007,0.9220,1.9558,0.3703
1.6712,0.0008,2.0293,1.3094,0.3542
0.9903,0.0004,1.1518,1.4383,0.3542
2.0799,0.0007,0.7657,1.8578,0.3664
1.4003,0.0013,1.4540,1.4654,0.3664
2.0863,0.0010,0.9844,2.1562,0.3892
1.5071,0.0004,1.0028,1.5778,0.3892
1.7975,0.0006,1.3689,1.7722,0.3522
1.6806,0.0004,0.8191,1.5691,0.3522
1.8854,0.0006,1.0964,1.9067,0.3544
1.6403,0.0004,1.5774,1.3035,0.3559
2.0155,0.0006,0.9770,2.1944,0.3423
2.0800,0.0008,1.3706,2.0631,0.3376
1.6437,0.0006,1.9664,1.8063,0.3376
1.5036,0.0006,1.1947,1.5341,0.3482
1.5408,0.0007,0.8846,1.4826,0.3756
1.7943,0.0006,1.1206,1.8826,0.3503
1.4929,0.0004,0.7705,1.4960,0.3364
1.6775,0.0169,0.7150,1.5671,0.3375
1.6377,0.0003,1.1940,1.6737,0.3375
1.4795,0.0004,0.8391,1.4154,0.3439
1.7679,0.0005,0.9121,1.8858,0.3454
1.4817,0.0004,1.1530,1.4137,0.3454
2.3898,0.0009,0.8398,2.1775,0.3691
1.1261,0.0006,1.1252,1.1912,0.3691
1.9286,0.0008,1.2000,2.0601,0.3573
1.6301,0.0006,0.9701,1.6404,0.3476
1.5079,0.0008,0.8409,1.4229,0.3476
1.6885,0.0004,1.1976,1.7469,0.3501
1.6654,0.0005,0.7795,1.2930,0.3458
1.0307,0.0004,0.7952,1.4532,0.3458
1.4178,0.0004,1.2596,1.1242,0.3518
1.8004,0.0005,0.7740,2.0594,0.3375
1.5163,0.0007,0.7340,1.1734,0.3357
2.1080,0.0006,1.2215,2.3881,0.3475
1.4771,0.0006,0.8428,1.3922,0.3475
1.4679,0.0006,0.9029,1.4766,0.3673
1.7531,0.0006,1.1075,1.8401,0.3308
2.0816,0.0005,0.7490,2.0491,0.3521
1.3921,0.0005,0.7452,1.2796,0.3599
1.5284,0.0004,1.1939,1.6681,0.3599
1.7113,0.0004,0.6756,1.6011,0.3534
1.4662,0.0004,0.8897,1.5557,0.3534
1.6615,0.0009,0.9768,1.2582,0.3550
2.0059,0.0007,0.9608,2.3041,0.3509
1.6494,0.0007,0.9963,1.6707,0.3603
1.4367,0.0006,1.1921,1.4597,0.3603
1.5514,0.0005,0.7820,1.1871,0.3469
1.2132,0.0007,0.9708,1.4973,0.3469
1.8661,0.0008,1.2074,1.8519,0.3513
1.6575,0.0007,1.0271,1.7474,0.3481
1.6950,0.0008,0.7522,1.6709,0.3473
1.7280,0.0006,1.3514,1.7326,0.3508
1.8242,0.0006,0.8626,1.7971,0.3508
2.2316,0.0010,0.7621,2.1496,0.3530
1.6838,0.0007,1.2181,1.5339,0.3445
0.9367,0.0009,1.0395,0.9585,0.3445
2.1125,0.0006,0.7244,2.2888,0.3492
1.5531,0.0004,1.2482,1.1962,0.3592
1.8826,0.0006,0.9106,2.2475,0.3447
1.7216,0.0004,0.7454,1.7325,0.3363
1.3867,0.0005,1.1174,1.1786,0.3363
1.6813,0.0004,0.6889,1.6069,0.3413
1.6838,0.0008,0.6548,1.6959,0.3401
1.8954,0.0009,1.1169,2.0613,0.3556
1.3766,0.0009,1.0531,1.4123,0.3670
1.6141,0.0009,0.9959,1.3281,0.3670
1.6321,0.0007,1.3351,1.5635,0.3543
2.0622,0.0007,0.8156,2.4117,0.3457
1.6104,0.0005,0.7255,1.4809,0.3574
1.4232,0.0005,1.3494,1.3721,0.3574
1.7051,0.0006,0.9195,1.5664,0.3531
1.4115,0.0007,0.8644,1.7022,0.3531
1.7114,0.0007,1.4582,1.6635,0.3393
1.6683,0.0010,1.1620,1.6082,0.3393
1.8627,0.0009,0.8986,1.9268,0.3633
1.6303,0.0007,1.2052,1.6526,0.3651
1.1903,0.0006,0.8780,1.0529,0.3651
1.4349,0.0006,0.9081,1.4535,0.3670
1.5305,0.0007,1.0420,1.4282,0.3537
1.5983,0.0008,0.8234,1.6422,0.3582
1.5193,0.0007,0.7707,1.4951,0.3417
1.6697,0.0007,1.0949,1.5489,0.3472
1.7194,0.0006,0.7571,1.7757,0.3460
1.9520,0.0010,0.9826,2.0803,0.3384
1.8288,0.0010,1.5361,1.8235,0.3662
1.6253,0.0010,0.9995,1.6845,0.3662
1.6697,0.0006,0.8371,1.6508,0.3391
1.5748,0.0007,1.1657,1.6369,0.3503
1.9892,0.0005,0.7493,1.9637,0.3499
1.5321,0.0006,0.7332,1.5260,0.3499
1.6021,0.0004,1.0445,1.6301,0.3474
1.9291,0.0004,0.7288,1.7820,0.3378
1.7200,0.0006,0.8122,1.8055,0.3378
2.1195,0.0004,1.1832,2.0787,0.3759
1.4255,0.0004,1.0162,1.1908,0.3436
1.8595,0.0005,1.1464,2.0960,0.3448
1.1503,0.0004,1.0988,1.1881,0.3448
1.9127,0.0005,0.7519,1.8660,0.3551
1.9207,0.0007,0.8372,1.5274,0.3370
1.7191,0.0004,1.3042,2.1089,0.3621
1.2382,0.0005,0.9564,1.1437,0.3621
1.3319,0.0004,0.7518,1.4324,0.3475
1.8479,0.0007,1.2776,1.2418,0.3511
1.8173,0.0008,1.2583,2.3441,0.3511
1.7297,0.0006,0.9434,1.7662,0.3548
1.3781,0.0005,1.2708,1.1895,0.3548
2.0762,0.0009,0.8740,1.7352,0.3652
1.6706,0.0005,1.1183,2.2209,0.3652
1.9261,0.0008,1.1824,1.8234,0.3453
1.8658,0.0005,0.9311,1.3329,0.3426
1.9830,0.0006,0.9290,2.3016,0.3561
1.6899,0.0006,1.7301,1.3244,0.3477
1.5962,0.0007,0.9840,2.0220,0.3477
1.6019,0.0007,0.9391,1.4031,0.3780
1.5342,0.0007,1.9877,1.3883,0.3390
1.6357,0.0005,0.9808,1.9821,0.3390
1.5905,0.0007,0.7522,1.3629,0.3451
1.6554,0.0005,1.4808,1.9137,0.3452
2.1547,0.0006,0.9408,2.0574,0.3358
1.2755,0.0011,0.9247,1.3408,0.3358
1.9151,0.0008,1.3110,1.8836,0.3493
1.9178,0.0007,0.9162,1.9050,0.3376
1.7212,0.0009,0.8977,1.5358,0.3557
1.5180,0.0005,1.6051,1.4806,0.3557
2.0715,0.0006,1.0118,2.2906,0.3437
1.8943,0.0006,0.7712,1.8383,0.3367
1.5517,0.0004,1.1187,1.5393,0.3367
1.8264,0.0008,0.8537,1.8583,0.3477
1.7102,0.0009,0.8395,1.5703,0.3474
2.2557,0.0009,1.6813,2.2556,0.3449
1.0155,0.0009,1.1622,1.1133,0.3449
2.1090,0.0007,0.8169,2.0686,0.3411
1.4160,0.0006,1.2473,1.2754,0.3510
1.7929,0.0007,1.0176,1.9377,0.3487
2.0023,0.0005,0.9873,2.0197,0.3535
1.5992,0.0004,1.3897,1.2831,0.3457
1.6283,0.0007,1.0468,1.8724,0.3457
1.3760,0.0010,0.8916,1.3719,0.3333
1.7679,0.0007,1.2867,1.8144,0.3519
1.7303,0.0005,0.9183,1.7422,0.3338
1.7118,0.0004,0.9151,1.6049,0.3447
1.6499,0.0006,1.2292,1.6957,0.3447
2.2739,0.0008,0.9514,2.1982,0.3763
1.2359,0.0007,1.2949,0.9628,0.3763
1.4942,0.0005,1.4440,1.5633,0.3561
1.9710,0.0008,0.8056,2.0842,0.3375
1.5273,0.0005,0.9654,1.6145,0.3576
1.7714,0.0006,1.4978,1.8002,0.3576
1.7274,0.0005,0.9917,1.7847,0.3472
1.9190,0.0004,0.7547,1.7096,0.3514
1.1863,0.0005,1.2810,1.3888,0.3487
1.7836,0.0008,0.7561,1.7282,0.3487
2.3169,0.0008,0.8220,2.2197,0.3441
1.3751,0.0007,1.3633,1.4963,0.3441
1.6746,0.0004,0.8877,1.6093,0.3416
1.6637,0.0006,0.9210,1.4874,0.3597
1.9649,0.0006,1.5173,2.1736,0.3540
1.3724,0.0005,0.8643,1.1567,0.3540
1.9820,0.0007,0.8289,2.1026,0.3475
1.8358,0.0008,1.1491,1.8961,0.3609
1.4844,0.0004,0.8242,1.5110,0.3609
1.8547,0.0008,0.7098,1.7454,0.3313
1.9534,0.0006,1.2625,1.9919,0.3861
1.4997,0.0007,1.1272,1.4209,0.3861
1.7069,0.0009,0.9120,1.7974,0.3406
1.7138,0.0005,1.5355,1.2883,0.3508
1.9091,0.0005,1.0184,2.3358,0.3443
1.2312,0.0004,0.8425,1.1189,0.3443
1.9321,0.0006,1.3196,2.0155,0.3561
1.8683,0.0007,0.8493,1.8237,0.3356
1.5277,0.0004,0.7726,1.5741,0.3356
1.6844,0.0008,1.1042,1.4272,0.8523
1.0553,0.0008,1.0906,1.2344,0.8523
2.4360,0.0007,0.7886,2.3166,0.3494
1.7543,0.0006,1.2742,1.8245,0.3444
1.1909,0.0005,0.9663,1.2818,0.3444
1.7549,0.0003,0.8276,1.4809,0.3423
2.1157,0.0006,1.1932,2.3773,0.3378
1.5094,0.0005,0.7870,1.5291,0.3490
1.8562,0.0006,0.7060,1.5474,0.3474
1.9602,0.0009,1.1419,2.1927,0.3697
1.7210,0.0006,0.9496,1.5816,0.3697
1.4177,0.0005,1.0191,1.5884,0.3690
1.4867,0.0005,1.1798,1.3781,0.3476
1.9753,0.0006,0.8529,1.4887,0.3504
1.4232,0.0004,0.8207,1.8852,0.3377
1.6939,0.0006,1.6376,1.2665,0.3419
1.1879,0.0005,1.0848,1.7216,0.3419
1.5264,0.0004,0.7003,1.4605,0.3403
2.0247,0.0005,1.4959,1.8331,0.3423
1.1678,0.0003,1.2005,1.4129,0.3423
1.5155,0.0005,0.7143,1.4317,0.3491
1.8794,0.0005,1.3035,1.9054,0.9769
1.9575,0.0007,0.8749,1.8155,0.3832
21.5848,0.0011,20.7472,1.8454,0.3489
1.7514,0.0006,1.7902,1.5466,0.3489
1.5226,0.0006,1.6468,1.2481,0.3703
0.7724,0.0006,1.0567,1.0988,0.3703
2.4012,0.0009,1.0442,2.3795,0.3470
1.6782,0.0008,1.1659,1.2185,0.3470
1.6122,0.0008,1.5702,2.1917,0.3764
1.5367,0.0006,1.3860,1.5555,0.3553
1.4379,0.0007,0.9322,1.3459,0.3571
1.5250,0.0006,1.1018,1.3892,0.3571
1.6601,0.0007,1.4543,2.0007,0.3551
1.2111,0.0008,0.9219,0.9711,0.3551
1.7057,0.0006,0.7614,1.5899,0.3635
1.8509,0.0004,1.1564,2.1536,0.3530
1.4949,0.0003,0.8597,1.3316,0.3530
1.7482,0.0009,0.7961,1.8085,0.3609
1.4182,0.0005,1.2351,1.4461,0.3402
2.1910,0.0006,0.9400,2.2527,0.3559
1.7216,0.0004,0.7414,1.6995,0.3574
1.7530,0.0005,1.0998,1.7484,0.3491
1.1893,0.0004,0.8267,0.9432,0.3491
1.4424,0.0006,0.9573,1.6859,0.3448
1.8112,0.0003,1.1083,1.8213,0.3437
1.8113,0.0005,0.7034,1.6996,0.3555
1.4682,0.0005,0.8793,1.5105,0.3501
1.4603,0.0007,1.4883,1.1814,0.3501
1.8107,0.0007,0.9058,2.0050,0.3538
1.5365,0.0007,0.9142,1.6280,0.3603
1.0319,0.0007,1.0837,1.0557,0.3603
1.4682,0.0009,0.7132,1.4684,0.3567
1.5817,0.0008,0.7120,1.1451,0.3385
1.7337,0.0006,1.3988,2.1264,0.3385
1.5470,0.0008,0.9403,1.4241,0.3419
1.3567,0.0008,1.0117,1.4636,0.3419
1.5768,0.0006,1.0766,1.4675,0.3560
1.9747,0.0007,0.8869,2.0028,0.3536
1.5177,0.0007,0.8000,1.5213,0.3724
2.3562,0.0007,1.6103,1.6551,0.3832
0.9522,0.0004,1.6142,1.7009,0.3512
1.4331,0.0003,0.8369,1.4514,0.3512
1.8898,0.0004,0.9616,1.7518,0.3490
1.5662,0.0006,0.8669,1.5780,0.3485
1.2760,0.0005,0.9351,1.3845,0.3485
1.5127,0.0007,1.1118,1.2480,0.3467
1.7304,0.0008,0.9786,1.9601,0.3413
1.6849,0.0007,0.8725,1.6745,0.3413
2.1347,0.0009,1.3265,1.8851,0.3576
1.7340,0.0010,1.4959,1.8202,0.3576
1.8025,0.0011,1.0600,1.7110,0.3583
1.8839,0.0004,1.2214,2.1202,0.3533
1.4363,0.0005,0.7735,1.3321,0.3454
1.2311,0.0007,0.8757,1.1578,0.3454
1.5956,0.0005,1.2581,1.7640,0.3416
1.5274,0.0007,0.8068,1.3058,0.3594
1.7888,0.0007,0.7616,1.9628,0.3457
1.5189,0.0006,1.2003,1.3837,0.3381
1.8982,0.0007,1.0033,1.8193,0.3606
1.9646,0.0010,0.9364,1.9324,0.3708
1.9970,0.0007,1.6275,2.1269,0.3651
1.3374,0.0006,0.9871,1.2959,0.3398
1.6935,0.0008,0.9256,1.7694,0.3345
1.5566,0.0007,1.4920,1.1836,0.3490
1.3673,0.0006,0.9570,1.6299,0.3490
1.7598,0.0007,0.6615,1.5732,0.3478
1.5553,0.0005,1.1675,1.8970,0.3436
1.4871,0.0004,0.7295,1.0658,0.3389
1.7635,0.0006,0.7169,2.1170,0.3267
1.7857,0.0007,1.1704,1.8417,0.3481
1.4268,0.0008,0.7961,1.4420,0.3411
1.3864,0.0008,0.6651,0.9969,0.3411
1.5408,0.0007,1.2351,1.6409,0.3432
1.4797,0.0007,0.9801,1.4443,0.3341
1.2505,0.0005,0.7838,1.5389,0.3341
1.4630,0.0007,1.0019,1.2492,0.3537
1.2395,0.0005,0.7556,1.3218,0.3557
1.6937,0.0006,0.7301,1.8030,0.3518
1.2756,0.0006,1.0019,1.2751,0.3511
1.1088,0.0004,0.6732,1.1191,0.3596
1.5078,0.0005,0.6818,0.9681,0.3596
1.6563,0.0006,1.3024,1.8630,0.3828
1.3434,0.0003,0.9124,1.4998,0.3828
1.2827,0.0005,0.6912,1.4363,0.3506
1.1359,0.0004,0.9731,1.1511,0.3336
1.5466,0.0006,0.6332,1.2307,0.3681
1.3538,0.0006,0.7755,1.3978,0.3644
1.5764,0.0005,1.4035,1.7958,0.3602
1.4307,0.0006,0.8062,1.3343,0.3602
1.2854,0.0005,0.7806,1.3169,0.3629
1.5243,0.0004,1.0087,1.2658,0.3418
1.4443,0.0005,0.9147,1.2916,0.3455
1.4213,0.0006,0.9704,1.7927,0.3455
1.9303,0.0008,1.2473,1.8367,0.5794
0.6967,0.0006,0.9428,0.7669,0.5794
1.1301,0.0006,0.8063,1.1167,0.3637
1.5333,0.0006,1.3347,1.3428,0.3577
0.9461,0.0006,1.0513,1.1677,0.3577
1.3554,0.0006,0.6156,1.4240,0.3461
1.2367,0.0005,0.9094,1.0761,0.3476
1.1121,0.0004,0.7643,1.1177,0.3460
1.0266,0.0005,0.7693,1.1508,0.3460
1.1744,0.0006,1.0146,1.1447,0.3507
1.0867,0.0006,0.6848,1.1409,0.3503
1.2428,0.0005,0.6083,1.2318,0.3602
1.4188,0.0005,0.9177,1.2160,0.3392
2.2806,0.0010,0.7208,2.3639,0.3687
1.2531,0.0008,0.8558,1.3066,0.3469
1.2356,0.0005,1.1151,1.1947,0.3585
1.1360,0.0003,0.8079,1.0175,0.3585
1.3537,0.0006,0.6385,1.4469,0.3471
1.8756,0.0005,1.3549,1.5139,0.3662
0.9036,0.0005,1.2040,1.3185,0.3662
1.3580,0.0005,0.8471,1.2367,0.3614
1.5242,0.0005,0.9231,1.6273,0.3656
1.6034,0.0003,0.7553,1.5774,0.3529
1.3888,0.0004,0.7912,1.4292,0.3384
1.5644,0.0009,1.0499,1.2614,0.3384
0.9917,0.0006,1.1928,0.9375,0.3925
1.3155,0.0004,0.6880,1.5035,0.3534
1.5830,0.0004,0.9988,1.5032,0.3468
1.6089,0.0006,0.6656,1.7676,0.3381
1.4508,0.0005,0.7135,1.5046,0.3516
1.3595,0.0005,0.9921,1.0776,0.3516
1.3042,0.0006,0.6563,1.5740,0.3538
1.3260,0.0005,0.6187,0.9786,0.3409
1.4810,0.0004,1.2452,1.4405,0.3626
1.8907,0.0003,0.8250,2.2659,0.3435
1.8143,0.0004,0.6745,1.7821,0.3465
1.9577,0.0007,1.3940,1.2438,0.3664
1.2699,0.0005,1.3228,1.9069,0.3664
1.3037,0.0006,0.8652,1.3275,0.3459
1.6490,0.0003,1.0947,1.6086,0.3426
1.7146,0.0003,0.7876,1.7941,0.3395
1.5638,0.0003,0.7889,1.2083,0.3492
0.9890,0.0004,1.1036,1.3190,0.3492
1.4417,0.0004,0.6484,1.2117,0.3638
1.6409,0.0004,0.6011,1.6883,0.3565
1.3481,0.0004,1.0262,1.4075,0.3565
1.3767,0.0004,0.7642,1.4384,0.3480
1.8728,0.0005,0.7153,1.5987,0.3586
1.4701,0.0004,1.5924,1.2390,0.3532
1.4776,0.0005,0.9097,1.9259,0.3739
1.8588,0.0005,0.6931,1.7235,0.3482
1.0026,0.0004,1.1981,1.1545,0.3320
1.2450,0.0005,0.6024,1.1669,0.3320
1.3478,0.0004,0.6735,1.1156,0.3390
1.9373,0.0004,1.0752,2.1336,0.3576
1.0805,0.0007,0.8646,1.0228,0.3522
1.4903,0.0006,0.6373,1.3585,0.3409
1.5539,0.0006,0.9457,1.8081,0.3491
2.1696,0.0007,0.8776,1.6628,0.3895
1.1553,0.0007,1.5344,1.3885,0.3746
1.5504,0.0005,1.6595,1.7779,0.3579
1.2246,0.0006,0.8017,1.2343,0.3501
1.6947,0.0004,0.6550,1.6897,0.3582
1.3894,0.0003,0.9496,1.1686,0.3582
1.6213,0.0004,0.7130,1.5020,0.3364
1.7678,0.0005,0.7833,2.0908,0.3434
1.0067,0.0004,1.0839,0.9488,0.3434
1.2246,0.0007,0.6510,1.1594,0.3375
1.4202,0.0007,0.7207,1.3109,0.3568
1.7355,0.0006,1.4392,1.0616,0.3650
1.3639,0.0003,1.3570,1.9344,0.3650
1.4743,0.0006,0.8127,1.3804,0.3590
2.0639,0.0003,1.0685,2.2517,0.3665
1.1832,0.0006,0.6564,0.9761,0.3665
1.5081,0.0006,0.7054,1.4675,0.3607
1.6197,0.0007,1.1105,1.2987,0.3483
1.6575,0.0007,0.8282,1.8796,0.3483
1.6637,0.0004,0.8279,2.0242,0.3524
1.4989,0.0005,0.9183,1.4625,0.3548
1.1794,0.0005,0.6738,1.1752,0.3548
1.9455,0.0010,0.6451,1.4682,0.3484
1.6354,0.0006,1.4088,2.0549,0.3761
1.6167,0.0005,0.8650,1.3657,0.3935
1.4300,0.0004,0.8021,1.7226,0.3427
1.2493,0.0004,1.0994,1.1906,0.3470
1.4885,0.0003,0.6709,1.2497,0.3467
1.1719,0.0004,0.7995,1.4540,0.3406
1.5614,0.0005,0.9926,1.4614,0.3321
1.4971,0.0004,0.7778,1.5835,0.3468
1.6268,0.0004,0.7510,1.5289,0.3447
1.2851,0.0003,1.0709,1.3942,0.3511
1.7627,0.0010,0.6640,1.6392,0.3398
1.6940,0.0008,0.8998,1.7309,0.3865
1.2517,0.0005,1.1767,1.2707,0.3865
1.4991,0.0008,0.7712,1.4171,0.3433
1.3391,0.0004,0.8414,1.4440,0.3501
1.7439,0.0005,1.0627,1.5207,0.3634
1.4423,0.0004,0.7941,1.6611,0.3650
1.2560,0.0004,0.7666,1.0286,0.3523
1.1437,0.0008,1.4648,1.0770,0.3523
1.7166,0.0005,0.7228,1.9932,0.3521
1.6990,0.0007,0.7301,1.3682,0.3560
1.2433,0.0005,1.5449,1.4342,0.3560
1.7696,0.0006,0.8336,1.8167,0.3556
1.5948,0.0005,0.7383,1.6519,0.3514
1.2634,0.0006,0.9929,1.0506,0.3534
1.4126,0.0006,0.8563,1.4784,0.3575
1.2300,0.0004,0.9579,1.2572,0.3421
1.4088,0.0005,1.0315,1.3236,0.3522
1.0899,0.0004,0.7454,1.1813,0.3529
1.2749,0.0005,0.7674,1.0970,0.3529
1.3311,0.0003,1.0076,1.4460,0.3323
1.4609,0.0006,0.6041,1.5031,0.3505
1.4215,0.0006,0.6878,1.5351,0.3505
1.4720,0.0007,0.9204,1.3449,0.3578
2.2224,0.0008,0.8473,2.2771,0.3634
1.1853,0.0004,0.8046,1.0905,0.3634
1.6320,0.0004,1.4424,1.1952,0.3482
0.9333,0.0004,0.9746,1.4650,0.3550
1.4551,0.0004,0.5996,1.4507,0.3550
1.3362,0.0006,1.0287,1.0855,0.3457
1.5323,0.0006,0.8045,1.6576,0.3393
1.3998,0.0005,0.7591,1.3243,0.3488
1.2542,0.0004,1.0693,1.2081,0.3488
1.3659,0.0004,0.9502,1.5836,0.3429
1.6111,0.0003,0.6498,1.6047,0.3388
1.4327,0.0007,1.0575,1.0693,0.3388
1.7242,0.0008,1.0666,1.9973,0.3815
1.7852,0.0005,0.8591,1.7655,0.3430
0.9998,0.0005,1.1066,1.0855,0.3430
1.2396,0.0007,0.6342,1.2290,0.3432
1.3679,0.0006,0.5755,1.1563,0.3513
1.5217,0.0006,1.1011,1.3858,0.3518
0.8145,0.0006,1.0553,1.1232,0.3518
1.5545,0.0005,0.6732,1.3087,0.3476
1.2513,0.0005,0.9813,1.5104,0.3323
1.2931,0.0005,0.6887,1.2255,0.3552
1.2753,0.0005,0.9431,1.0950,0.3359
1.7149,0.0005,1.0932,1.8938,0.3447
1.6360,0.0005,0.7731,1.5038,0.3576
1.1319,0.0007,0.8559,1.0600,0.3488
1.1820,0.0003,1.1322,1.3629,0.3488
1.3849,0.0004,0.6494,1.3471,0.3432
1.2437,0.0003,0.6255,1.3205,0.3382
1.3422,0.0003,0.8990,1.1224,0.3382
1.2806,0.0007,0.7457,1.3852,0.3439
1.0939,0.0005,0.7695,1.2106,0.3439
1.2248,0.0004,1.1897,1.1960,0.3656
1.3544,0.0004,0.6992,1.1277,0.3525
1.2916,0.0004,0.8832,1.4449,0.3502
1.2245,0.0006,0.9922,1.1555,0.3543
2.1491,0.0008,0.6493,2.2313,0.3565
1.3461,0.0011,0.9127,1.3838,0.3722
1.2939,0.0006,1.1955,1.3013,0.3627
1.2751,0.0004,0.6965,1.2374,0.3517
1.4280,0.0004,0.6426,1.3154,0.3556
1.5430,0.0006,0.9929,1.3794,0.3393
1.3199,0.0006,0.7832,1.2617,0.3501
1.4968,0.0003,0.8142,1.6063,0.3441
1.1538,0.0005,1.3055,1.1075,0.3543
0.9705,0.0006,0.7792,1.1454,0.3543
1.4183,0.0006,0.8303,1.4436,0.3425
1.2552,0.0007,0.9344,1.1643,0.3455
1.5768,0.0007,0.7214,1.6863,0.3547
1.3317,0.0007,0.7619,1.0387,0.3496
1.9099,0.0005,1.6018,1.2025,0.3681
0.6574,0.0003,1.1631,0.9150,0.3579
1.1160,0.0003,0.6203,1.3726,0.3463
0.9838,0.0003,0.9048,0.8185,0.3463
1.5504,0.0006,0.6006,1.4468,0.3364
1.2896,0.0003,0.7435,1.4627,0.3364
1.4509,0.0003,1.1488,1.3605,0.3564
1.6863,0.0005,0.6982,1.8247,0.3427
1.6940,0.0003,0.6715,1.6742,0.3636
1.3500,0.0004,0.9317,0.9291,0.3361
1.3775,0.0006,0.9569,1.5362,0.3361
2.0056,0.0003,0.9015,2.2393,0.5353
1.6217,0.0005,1.0976,1.6047,0.3547
1.1787,0.0004,0.7293,1.2130,0.3330
1.5813,0.0003,0.6471,1.5887,0.3456
1.5531,0.0006,1.2359,0.9987,0.3502
1.5629,0.0005,1.0071,2.0156,0.3502
1.2847,0.0003,0.7365,1.3226,0.3572
1.3122,0.0003,0.8979,1.1435,0.3534
1.1092,0.0003,0.8942,1.0864,0.3534
1.5071,0.0007,0.7039,1.4251,0.3391
2.0006,0.0010,1.4583,1.2222,0.3530
0.7556,0.0005,1.3818,1.4468,0.3530
1.4367,0.0006,0.6892,1.4979,0.5110
1.5212,0.0007,1.0248,1.3183,0.3485
1.1315,0.0007,0.8025,1.4268,0.3485
1.5059,0.0007,0.6404,1.2603,0.3535
1.6817,0.0006,1.1783,1.7018,0.3535
1.3649,0.0004,0.6716,1.4385,0.3544
1.4867,0.0005,0.6377,1.3624,0.3561
1.4593,0.0005,0.9758,1.5023,0.3408
1.3875,0.0007,0.7960,1.5985,0.3408
1.6860,0.0004,0.6331,1.6772,0.3485
2.2395,0.0008,1.4777,0.8842,0.3735
0.8241,0.0006,1.4584,0.8842,0.3949
1.0050,0.0003,0.7543,1.2727,0.3949
1.4761,0.0004,1.3754,1.3897,0.3456
2.2205,0.0007,0.8424,2.2181,0.3533
1.1981,0.0004,0.9341,1.2707,0.3533
1.5777,0.0005,1.0128,1.6271,0.3319
1.4609,0.0005,0.7805,1.1332,0.3363
1.3096,0.0005,0.9480,1.6647,0.3363
1.4419,0.0004,1.0848,1.1752,0.3617
1.6011,0.0005,0.9565,1.8476,0.3430
1.6398,0.0006,0.6240,1.5906,0.3583
1.6895,0.0005,1.1969,1.3694,0.4053
1.1856,0.0005,1.0567,1.5163,0.4053
2.0273,0.0249,0.7286,2.0056,0.3476
1.2214,0.0006,1.0824,1.0992,0.3476
1.2666,0.0005,0.7754,1.3013,0.3625
1.5034,0.0004,0.7595,1.4652,0.3434
1.8481,0.0004,0.9976,2.0120,0.3281
1.4193,0.0003,0.6325,1.2835,0.3281
1.3837,0.0005,0.6975,1.4596,0.3344
0.8829,0.0006,0.9182,0.9028,0.3344
1.7154,0.0010,0.6603,1.4214,0.3496
1.3670,0.0009,1.0539,1.5629,0.3496
1.7017,0.0007,1.2315,1.5472,0.3653
1.5624,0.0006,0.8766,1.7047,0.3495
1.4228,0.0007,0.6864,1.5134,0.3543
1.4786,0.0005,1.1265,1.4746,0.3543
1.7472,0.0006,0.7772,1.7293,0.3387
1.7657,0.0004,0.7090,1.4291,0.3558
1.2386,0.0004,1.1755,1.3331,0.3558
1.9423,0.0007,0.6422,2.1443,0.3337
0.9566,0.0005,0.6498,0.9064,0.3538
1.5989,0.0005,1.0581,1.5925,0.3538
1.7811,0.0005,0.8141,1.7977,0.3726
1.3803,0.0004,1.1932,1.2844,0.3726
1.7492,0.0003,1.1094,1.8594,0.3389
1.5112,0.0005,0.6754,1.4339,0.3465
1.3222,0.0005,0.7170,1.0090,0.3584
1.4761,0.0005,1.0843,1.5362,0.3584
1.2529,0.0003,0.7472,1.4427,0.3619
1.5264,0.0005,0.7597,1.6484,0.3601
1.6029,0.0004,0.9622,1.6118,0.3330
1.4387,0.0004,0.7674,1.4050,0.3443
1.2099,0.0008,0.9544,1.1489,0.3443
1.6766,0.0006,1.3176,1.6886,0.3818
1.2583,0.0008,0.9625,1.0046,0.3726
1.1811,0.0005,1.0511,1.4230,0.3726
1.6004,0.0005,1.4007,1.3139,0.3472
0.6184,0.0005,0.9779,0.9901,0.3472
1.2556,0.0005,0.5913,1.1921,0.3479
1.1006,0.0004,0.9264,1.1303,0.3619
1.2845,0.0005,0.5873,1.1300,0.3404
1.3098,0.0005,0.5716,1.4586,0.3376
1.1011,0.0005,0.8624,0.9941,0.3530
1.1410,0.0004,0.6032,1.2365,0.3447
1.2904,0.0003,0.5981,1.2788,0.3497
1.8725,0.0007,0.9021,1.7950,0.3793
1.1225,0.0011,0.8221,1.1502,0.3793
1.4258,0.0005,0.7496,1.4498,0.3541
1.4389,0.0006,0.9764,1.1449,0.3605
1.3021,0.0005,0.6734,1.6030,0.3475
1.2454,0.0003,0.6126,1.1365,0.3557
1.2357,0.0005,0.9357,1.3359,0.3658
1.4266,0.0006,0.6467,1.2665,0.3516
1.2030,0.0005,0.8761,1.1734,0.3516
1.3490,0.0004,1.1452,1.3996,0.3470
1.2349,0.0003,0.7774,1.3337,0.3470
1.4369,0.0005,0.9762,1.4115,0.3660
1.5111,0.0005,1.1173,1.2652,0.3563
1.6472,0.0008,1.0053,1.8418,0.3613
1.2162,0.0007,1.0650,1.1149,0.3613
1.3296,0.0007,1.0164,1.3872,0.3708
1.2892,0.0004,0.7803,1.3707,0.3449
1.1744,0.0004,0.7296,1.0134,0.3473
1.1962,0.0003,1.0038,1.3745,0.3506
1.7686,0.0005,0.6326,1.7572,0.3374
1.0046,0.0004,0.6468,0.9939,0.3374
1.7781,0.0004,1.1367,1.6697,0.3450
1.0310,0.0004,1.0737,0.8574,0.3450
1.6944,0.0005,0.9802,1.4941,0.3489
1.5930,0.0005,1.3723,1.6159,0.3450
1.6337,0.0005,1.0671,2.0338,0.3450
1.2569,0.0005,0.7240,0.9853,0.8502
1.6885,0.0004,0.9874,1.9306,0.3585
1.2660,0.0005,0.7036,1.3306,0.3393
1.5992,0.0004,0.7812,1.4814,0.3531
1.3033,0.0004,0.9243,1.4139,0.3594
1.0695,0.0004,0.5927,1.0699,0.3594
1.5244,0.0004,0.6523,1.5215,0.3468
1.3890,0.0004,0.8415,1.3882,0.3399
1.2792,0.0004,0.6690,1.0880,0.3399
1.7691,0.0003,0.8077,1.9210,0.3541
1.4180,0.0006,0.8510,1.3706,0.3359
1.5774,0.0008,0.7884,1.5339,0.3732
1.4093,0.0006,0.9112,1.4425,0.3826
1.2749,0.0003,1.1331,1.1935,0.3670
1.5871,0.0004,0.6601,1.5517,0.3439
1.4362,0.0005,0.6240,1.4543,0.3479
1.6356,0.0004,1.0157,1.7110,0.3462
1.6852,0.0004,0.6850,1.6841,0.3373
1.5705,0.0007,0.8108,1.2266,0.3513
1.7914,0.0006,1.0383,2.0795,0.3388
1.2950,0.0006,0.8075,1.1245,0.3388
2.0712,0.0006,0.7822,1.8940,0.3564
2.2244,0.0008,2.0220,0.8954,0.3483
0.7660,0.0006,1.3116,0.8954,0.3483
0.7914,0.0004,0.7324,0.9379,0.3473
1.4829,0.0005,1.3456,0.9221,0.3536
0.8729,0.0003,0.8977,1.3872,0.3536
1.5444,0.0006,0.5699,1.2708,0.3517
1.4530,0.0005,0.9558,1.4240,0.3368
2.1007,0.0006,0.6958,2.3270,0.3575
1.3678,0.0005,0.6605,1.3239,0.3477
1.1782,0.0004,0.9913,1.2547,0.3477
1.1932,0.0005,0.6305,1.0671,0.3445
1.5952,0.0008,0.6163,1.6328,0.3562
1.3885,0.0008,1.1317,1.4086,0.3782
1.6408,0.0005,0.7790,1.5417,0.3440
1.9082,0.0004,0.7815,1.9207,0.3372
1.1871,0.0004,1.1018,1.0907,0.3443
1.3503,0.0004,0.8316,1.2959,0.3443
1.7108,0.0006,0.7501,1.8578,0.3501
1.1614,0.0005,1.1486,0.9530,0.3684
1.4608,0.0003,0.7551,1.7243,0.3684
1.3707,0.0004,0.6213,1.3844,0.3583
1.4983,0.0005,0.9310,1.4859,0.3464
1.2403,0.0006,0.7029,1.0781,0.3464
1.4362,0.0007,0.9182,1.5632,0.3603
1.7161,0.0007,1.3846,1.1775,0.3442
1.1080,0.0003,1.0849,1.3683,0.3442
1.4706,0.0004,0.7543,1.7555,0.3473
1.4011,0.0005,0.9892,1.0619,0.3456
1.4046,0.0003,0.8396,1.7096,0.3456
1.4428,0.0004,0.7585,1.3661,0.3603
1.5713,0.0005,1.3935,1.1283,0.3383
1.3502,0.0004,1.0002,1.8924,0.3383
1.9358,0.0004,0.6095,1.8485,0.3502
1.0626,0.0004,0.9444,0.9068,0.3502
1.5751,0.0007,0.6637,1.6195,0.3374
1.8275,0.0004,0.7450,1.8844,0.3773
1.7156,0.0004,1.4951,1.2007,0.3399
0.7022,0.0003,1.0214,1.2254,0.3499
1.8851,0.0004,0.6654,1.8706,0.3418
1.6843,0.0005,1.1010,1.6388,0.3418
1.4465,0.0005,0.7475,1.2774,0.3350
1.5493,0.0007,0.9587,1.5128,0.3496
1.8590,0.0009,1.6697,1.9663,0.3515
1.4510,0.0005,1.0178,1.4680,0.3515
1.4050,0.0006,1.0803,1.2625,0.3591
1.7484,0.0009,1.4429,1.8794,0.3575
1.2261,0.0006,0.9951,1.1414,0.4035
1.4656,0.0006,0.8360,1.5379,0.3650
1.8192,0.0005,1.1061,1.4061,0.3410
1.4677,0.0009,0.8316,1.7282,0.3427
1.7273,0.0007,0.9101,1.7913,0.3348
1.2045,0.0004,1.2895,1.1283,0.3348
1.3793,0.0006,0.8836,1.5878,0.3373
1.4586,0.0005,0.7489,1.4406,0.3493
1.6236,0.0006,1.1170,1.3977,0.3598
1.8757,0.0011,0.9054,2.0494,0.3417
1.4734,0.0007,0.8884,1.4637,0.3604
2.0206,0.0007,1.5713,0.9992,0.3493
0.7728,0.0008,1.3455,1.3966,0.3392
1.0636,0.0007,0.8005,0.9713,0.3392
1.8305,0.0006,1.1680,1.9154,0.3382
1.5892,0.0006,0.9471,1.7823,0.3458
1.5218,0.0005,0.7161,1.5050,0.3458
1.2615,0.0006,1.0404,0.9326,0.3446
1.4850,0.0005,0.7345,1.6875,0.3401
1.2070,0.0007,0.8127,1.2995,0.3401
1.6904,0.0007,1.1727,1.5151,0.3353
1.7187,0.0008,0.7878,1.8376,0.3443
1.8812,0.0009,0.8742,1.7527,0.3655
2.2447,0.0009,1.7330,1.6138,0.3393
1.2478,0.0006,1.6888,1.6974,0.3515
1.7420,0.0007,1.0868,2.0147,0.3440
1.3298,0.0006,1.2250,1.1596,0.3440
1.6677,0.0003,0.9067,1.8896,0.3604
1.4146,0.0004,0.7917,1.4159,0.3399
1.6458,0.0006,1.1738,1.4339,0.3514
2.1812,0.0008,0.8576,2.3182,0.3555
1.5391,0.0008,0.9226,1.5235,0.3555
2.0419,0.0010,1.7900,1.4031,0.3825
1.6145,0.0010,1.2712,2.1430,0.3442
1.6011,0.0006,1.1251,1.7187,0.3579
1.7923,0.0005,1.4345,1.4207,0.3579
1.5720,0.0006,0.9550,1.8126,0.3525
1.5808,0.0007,0.9314,1.6979,0.3363
1.4236,0.0007,1.1947,1.4242,0.3407
1.2767,0.0006,0.7738,1.2602,0.3407
1.3213,0.0005,0.7110,1.3621,0.3368
1.9286,0.0008,1.0089,1.8479,0.3663
1.2801,0.0010,0.9681,1.2072,0.3663
1.4607,0.0013,1.1098,1.5651,0.3798
1.6842,0.0007,1.4606,1.2852,0.3417
1.6219,0.0006,1.0386,1.6355,0.3452
1.7283,0.0008,0.9311,2.1075,0.3510
1.3709,0.0004,1.0934,1.1150,0.3510
1.4194,0.0004,0.8523,1.6136,0.3448
1.4933,0.0004,0.8795,1.5261,0.3533
1.6911,0.0004,1.0050,1.7232,0.3547
1.8567,0.0006,0.6514,1.8505,0.3366
1.7769,0.0009,0.8031,1.6573,0.3366
1.7533,0.0011,1.5614,1.7762,0.3830
2.0624,0.0009,0.9427,2.0326,0.3561
1.3096,0.0010,0.9384,1.2142,0.3561
2.0401,0.0009,1.7068,2.0443,0.3444
1.5235,0.0007,1.0753,1.6479,0.3608
1.3077,0.0005,0.9306,1.2283,0.3418
1.4438,0.0004,1.3141,1.3983,0.3418
1.5383,0.0007,0.9486,1.5444,0.3433
1.7631,0.0009,0.9212,1.5406,0.3485
1.3469,0.0008,1.4379,1.3965,0.3485
1.6306,0.0007,0.9108,1.8665,0.5403
1.6398,0.0005,0.7609,1.6536,0.3771
1.6468,0.0005,1.0902,1.3348,0.3412
1.9103,0.0008,0.7558,2.1971,0.3469
1.2781,0.0005,0.7820,1.0423,0.3469
1.9510,0.0004,1.5013,2.0947,0.3455
1.3770,0.0004,0.9053,1.3805,0.3455
1.6530,0.0007,0.8191,1.4522,0.3430
1.7828,0.0007,1.1588,1.6509,0.3494
1.6992,0.0009,0.9765,2.0390,0.3494
1.6015,0.0007,1.1056,1.4476,0.3718
1.4113,0.0006,1.5159,1.4827,0.3718
1.5233,0.0005,0.7705,1.5539,0.3649
1.5973,0.0006,0.7306,1.6415,0.3593
1.3357,0.0006,1.0917,1.3954,0.3549
1.2800,0.0009,0.7247,1.2871,0.3575
1.4248,0.0007,0.6696,1.3667,0.3498
1.4231,0.0006,1.2500,1.1185,0.3524
1.5088,0.0005,0.9064,1.8641,0.3524
2.0075,0.0006,0.6675,1.9195,0.3414
1.9801,0.0009,1.3061,1.7394,0.5263
1.1105,0.0007,1.4911,1.2438,0.5263
1.7608,0.0005,0.8174,1.7860,0.3687
1.8355,0.0005,1.1842,1.7693,0.3407
0.8025,0.0006,0.9074,0.8014,0.3407
1.3730,0.0007,0.6680,1.4191,0.3339
1.5997,0.0010,1.1479,1.3957,0.3380
1.2766,0.0006,0.9355,1.4258,0.3542
1.4331,0.0008,0.9737,1.3583,0.3542
1.6408,0.0005,1.4433,1.7773,0.3625
1.6113,0.0004,0.8534,1.7055,0.3508
1.2292,0.0006,0.8859,1.1493,0.3508
1.9730,0.0007,1.7250,1.4121,0.3674
1.6644,0.0006,1.4852,2.2148,0.3502
1.5586,0.0008,0.8631,1.2941,0.3502
1.9841,0.0008,1.2935,2.1751,0.3380
1.1488,0.0007,1.1432,1.1865,0.3380
1.4977,0.0005,0.8762,1.4471,0.3584
1.5417,0.0007,1.1250,1.6577,0.3449
1.3644,0.0006,0.8238,1.3383,0.3564
1.5481,0.0007,0.8371,1.5206,0.3428
1.7809,0.0008,1.3118,1.3939,0.3484
0.9993,0.0007,1.3012,1.3410,0.3484
1.5659,0.0005,0.9626,1.4736,0.3793
1.6400,0.0006,1.1218,1.5782,0.3840
1.1072,0.0006,0.9495,1.2407,0.3443
1.4776,0.0006,0.9839,1.4795,0.3480
1.4147,0.0005,1.0893,1.4207,0.3480
1.4900,0.0005,0.7541,1.4223,0.3483
1.5204,0.0006,0.8293,1.5763,0.3505
1.8591,0.0009,1.6479,1.3436,0.3657
1.0292,0.0006,1.1536,1.4985,0.3657
1.1953,0.0005,0.7735,1.3017,0.3407
1.6544,0.0008,1.0169,1.6040,0.3431
1.2612,0.0007,0.8652,1.2407,0.3666
1.6596,0.0005,1.0166,1.6715,0.3657
1.4065,0.0005,1.2581,1.2737,0.3657
1.7559,0.0004,0.8426,1.5215,0.3630
1.7854,0.0006,0.9964,2.1550,0.3398
1.6102,0.0004,1.0910,1.5854,0.3470
1.3774,0.0005,0.8297,1.3283,0.3470
1.7994,0.0006,1.0506,1.8479,0.3433
1.1468,0.0005,1.0937,1.0523,0.3433
1.6679,0.0006,0.7728,1.5083,0.3518
1.4431,0.0006,0.9270,1.6526,0.3518
2.1741,0.0007,1.4361,2.0611,0.3580
1.0559,0.0005,1.0124,1.1812,0.3580
1.6998,0.0005,0.7351,1.2972,0.3458
1.5246,0.0003,1.1452,1.6838,0.3397
1.5294,0.0006,0.8034,1.7490,0.3443
1.7302,0.0007,0.6911,1.6924,0.3478
1.6848,0.0005,1.5366,1.1248,0.3442
0.8593,0.0004,1.0457,1.3153,0.3442
1.4546,0.0010,0.7283,1.2439,0.3586
1.2895,0.0003,1.3026,1.3307,0.3586
2.0569,0.0006,0.6900,2.2017,0.3488
1.5660,0.0007,0.8659,1.4352,0.3766
1.6877,0.0005,1.4502,1.5090,0.3404
1.2180,0.0007,0.9780,1.4587,0.3404
1.4630,0.0007,1.1657,1.3197,0.3673
1.8927,0.0010,1.2437,2.1439,0.3583
1.1138,0.0004,0.7924,0.8691,0.3583
1.6933,0.0005,0.6897,1.8268,0.3648
1.5767,0.0007,1.2522,1.5695,0.3515
1.5657,0.0009,0.8875,1.6061,0.3421
1.8191,0.0006,0.6897,1.9214,0.3567
1.8183,0.0007,1.1441,1.4153,0.3560
1.8865,0.0008,0.8215,2.1870,0.3703
1.4124,0.0009,0.7754,1.4076,0.3703
1.5961,0.0009,1.0948,1.5973,0.3436
1.2246,0.0006,0.8019,1.1658,0.3436
1.4923,0.0006,1.0188,1.4374,0.3574
1.6282,0.0005,1.4367,1.6938,0.3521
1.2810,0.0005,0.9186,1.0400,0.3441
1.2706,0.0005,0.8428,1.5467,0.3441
1.8489,0.0005,1.2079,1.7858,0.3401
1.5869,0.0007,0.8250,1.6164,0.3666
1.1692,0.0008,0.7986,1.1207,0.3666
1.8418,0.0008,1.3049,1.8124,0.5801
1.5702,0.0007,1.0351,1.6619,0.3323
1.3233,0.0005,0.7583,1.3128,0.3323
1.7151,0.0006,1.1688,1.7013,0.3384
1.1274,0.0005,0.7775,1.0841,0.3384
1.7793,0.0004,0.6519,1.5015,0.3551
1.5512,0.0004,1.2031,1.8847,0.3551
1.6844,0.0005,0.7330,1.4304,0.3399
1.7280,0.0004,0.7929,1.9287,0.3412
1.8681,0.0006,1.0905,1.8311,0.3373
1.6973,0.0007,0.8953,1.6735,0.5256
1.9287,0.0010,0.8982,1.7484,0.3480
1.2284,0.0005,1.3892,1.1409,0.3481
1.1631,0.0009,0.8540,1.3729,0.3481
1.8172,0.0231,0.7573,1.8419,0.3544
1.5567,0.0007,1.3514,1.3550,0.3355
1.5057,0.0006,0.9627,1.6619,0.3487
1.4938,0.0006,0.7780,1.4188,0.3516
1.7856,0.0008,1.4078,1.9678,0.3442
1.7109,0.0006,0.8192,1.6734,0.3478
1.7443,0.0009,0.7704,1.3852,0.3320
1.9416,0.0010,1.2357,2.2578,0.3398
1.2856,0.0007,1.2617,1.1450,0.3398
2.3575,0.0007,1.0651,2.4916,0.3369
1.6938,0.0007,1.1658,1.6978,0.3369
1.9632,0.0006,0.8564,1.8703,0.3416
1.6834,0.0006,0.8994,1.5725,0.3463
1.4903,0.0006,1.3555,1.6498,0.3463
1.9374,0.0004,1.0332,2.0030,0.3758
1.9851,0.0008,0.8272,1.8961,0.3401
1.8853,0.0007,1.2878,1.6193,0.3688
1.0579,0.0006,1.5574,1.2885,0.3688
1.6258,0.0006,0.9187,1.6865,0.3551
1.3920,0.0006,1.1342,1.2220,0.3774
1.2954,0.0005,0.9816,1.4927,0.3774
1.5944,0.0005,0.7114,1.2276,0.3492
1.1211,0.0004,1.2744,1.4851,0.3492
1.4647,0.0005,0.7373,1.3563,0.3551
1.0795,0.0004,0.7977,1.1322,0.3551
1.7106,0.0007,1.1655,1.3924,0.3620
1.3007,0.0007,1.0142,1.5833,0.3620
2.2147,0.0010,0.9181,2.1587,0.3854
1.7580,0.0007,1.4024,1.8103,0.3602
0.8985,0.0005,0.9635,0.8315,0.3602
1.4484,0.0007,0.7929,1.5604,0.3701
2.0779,0.0008,1.5782,1.2309,0.3422
0.7423,0.0005,1.3535,1.0903,0.3470
0.6289,0.0004,0.6715,0.7919,0.3470
1.4201,0.0007,0.9176,1.5129,0.3458
1.3820,0.0005,0.6500,1.1363,0.3616
1.1218,0.0005,0.9347,1.2206,0.3439
1.4907,0.0007,1.5231,1.0678,0.3586
1.0610,0.0005,1.0339,1.4179,0.3586
1.6920,0.0009,0.7969,1.5587,0.3731
1.9663,0.0011,1.7750,1.6199,0.3806
1.0451,0.0006,1.2743,1.3699,0.3806
1.4117,0.0006,0.8022,1.5044,0.3553
1.6256,0.0006,1.6330,1.2172,0.3563
1.0383,0.0005,0.9881,1.5532,0.3563
1.2591,0.0005,0.7577,1.2113,0.3510
1.6880,0.0005,1.2912,1.5574,0.3507
1.3365,0.0007,0.8667,1.4817,0.3556
1.2817,0.0007,0.6870,1.2005,0.3409
1.6837,0.0007,1.1116,1.7255,0.3366
1.5863,0.0011,0.8912,1.4849,0.3718
1.9400,0.0009,1.1163,1.9368,0.3748
1.4410,0.0007,1.4746,1.4780,0.3621
1.2726,0.0008,0.9674,1.1875,0.3598
2.4314,0.0009,1.0324,2.2914,0.3440
1.7590,0.0009,1.9052,1.6523,0.3500
0.8776,0.0009,1.1905,0.9857,0.3500
1.8636,0.0008,0.7618,1.9658,0.3456
1.8981,0.0007,1.2045,1.9201,0.3682
1.9905,0.0009,1.2527,1.9743,0.3516
1.5183,0.0009,1.0517,1.2602,0.3516
2.0154,0.0010,2.0830,1.1744,0.3566
1.3458,0.0009,1.5186,1.8057,0.3486
1.9662,0.0006,1.1005,2.0694,0.3517
1.5200,0.0007,1.3375,1.6503,0.3653
1.7515,0.0008,0.8350,1.6964,0.3451
1.3261,0.0008,0.9616,1.2613,0.3451
2.0079,0.0008,1.6588,2.0796,0.3712
1.5446,0.0005,1.3624,1.5404,0.3427
1.6322,0.0006,0.9859,1.6445,0.3536
1.8849,0.0009,1.5768,1.3091,0.3766
1.4405,0.0007,1.2313,1.9616,0.3747
1.6058,0.0008,0.8738,1.5078,0.3747
2.1476,0.0007,1.3090,2.0775,0.3285
1.0406,0.0005,1.0907,1.0822,0.3285
1.7274,0.0006,0.9075,1.7294,0.3543
1.9386,0.0007,1.1695,1.8885,0.3479
1.4161,0.0008,1.0808,1.4218,0.3494
1.9579,0.0008,1.2101,2.0631,0.3376
1.4029,0.0010,1.9343,1.1386,0.3376
2.1983,0.0007,0.9688,2.3040,0.5229
1.6314,0.0011,1.3663,1.4259,0.5229
2.2933,0.0014,1.7575,2.5060,0.3357
1.6911,0.0010,1.4334,1.8102,0.3451
1.6623,0.0011,1.1311,1.2145,0.3451
2.2812,0.0009,1.7374,2.6353,0.3531
1.2346,0.0013,1.4374,0.9816,0.3531
2.2802,0.0011,0.8926,2.5864,0.3398
1.3919,0.0006,1.3324,1.4495,0.3398
1.7656,0.0010,0.9457,1.6599,0.3656
1.9922,0.0011,1.3626,2.0225,0.4039
1.3008,0.0009,1.7458,1.3591,0.4039
1.9375,0.0009,0.9004,1.8928,0.3504
1.5718,0.0008,0.9905,1.3595,0.3522
1.8645,0.0010,1.2661,1.8313,0.3395
1.9188,0.0010,0.9688,1.8864,0.3416
2.1050,0.0010,0.9256,2.3393,0.3372
1.4025,0.0007,1.3350,1.4241,0.3368
1.8759,0.0008,0.8818,1.8416,0.3448
1.6725,0.0008,0.9642,1.6520,0.3448
1.6054,0.0012,1.5802,1.5889,0.3580
2.1237,0.0010,1.0641,2.0850,0.3509
1.6377,0.0006,1.1714,1.6804,0.3434
1.9231,0.0011,1.4317,1.6634,0.3434
1.6605,0.0007,1.4043,1.4633,0.3365
1.3995,0.0006,0.9759,1.8014,0.3365
1.9452,0.0008,1.4201,1.9502,0.3531
1.8328,0.0010,1.0997,1.8289,0.3417
1.4009,0.0011,1.1127,1.4193,0.5192
2.0016,0.0011,1.2902,1.8181,0.3844
1.3738,0.0006,1.2323,1.4106,0.3844
1.6079,0.0007,1.1530,1.4765,0.3610
1.7186,0.0010,1.6037,1.8907,0.3469
1.9019,0.0008,1.1240,1.5398,0.3365
1.7806,0.0008,0.9831,2.1083,0.3400
1.8149,0.0005,1.2569,1.9488,0.3399
2.1375,0.0008,0.8148,2.0104,0.3355
1.4135,0.0012,0.9702,1.4644,0.3355
1.9404,0.0008,1.4277,1.9189,0.3650
1.4184,0.0009,0.9607,1.1666,0.3662
1.9522,0.0007,1.0065,2.0852,0.3423
1.4127,0.0004,1.5013,1.4803,0.3710
1.5234,0.0006,1.0299,1.5971,0.3710
1.8604,0.0011,0.8233,1.5495,0.3456
2.0183,0.0009,1.3991,2.3049,0.3468
1.6840,0.0008,0.9137,1.5864,0.3469
1.0955,0.0006,0.9128,1.2250,0.3460
1.9815,0.0008,1.2051,1.7755,0.3588
2.0280,0.0008,1.1630,1.7895,0.3481
1.1772,0.0007,1.5993,1.2908,0.3505
2.0521,0.0008,1.5278,2.3026,0.3577
1.4060,0.0009,1.0114,1.1795,0.3577
1.8402,0.0009,0.8885,1.7405,0.3495
1.9139,0.0009,1.3946,2.2484,0.3590
1.4806,0.0006,0.8802,1.4912,0.3445
1.6554,0.0007,0.7642,1.6275,0.3445
1.8325,0.0008,1.1046,1.8250,0.3409
2.0735,0.0008,0.8354,2.0119,0.3676
2.4188,0.0006,1.0651,2.3009,0.3806
1.8202,0.0005,2.0015,1.0474,0.3500
0.7803,0.0005,1.1977,1.2152,0.3500
1.3783,0.0005,0.8087,1.3404,0.3509
1.6063,0.0004,1.4152,1.5551,0.3362
1.6728,0.0003,1.0670,1.8054,0.3429
1.9905,0.0006,0.7747,2.0554,0.3507
1.5074,0.0004,1.1908,1.5617,0.3507
2.0098,0.0009,0.8235,1.7456,0.3474
2.1754,0.0011,1.0942,2.0282,0.3904
1.8511,0.0010,1.8413,1.6116,0.3588
0.9890,0.0008,1.3782,1.4773,0.3588
2.4404,0.0006,0.8434,2.4869,0.3616
1.4703,0.0005,1.1877,1.5195,0.3471
1.6613,0.0005,0.9550,1.6554,0.3473
1.7520,0.0005,0.7917,1.7674,0.3473
1.8324,0.0005,1.1079,1.8102,0.3457
1.6562,0.0005,0.8113,1.5771,0.3409
1.2307,0.0004,0.9624,1.0743,0.3409
2.0415,0.0007,1.6302,1.7777,0.3445
1.5256,0.0008,1.1994,1.5421,0.3579
1.7995,0.0007,0.9423,2.1153,0.3469
1.3738,0.0003,1.4888,1.5209,0.3469
1.5681,0.0005,0.9537,1.2852,0.3428
1.7925,0.0005,0.8304,1.6725,0.3653
1.6983,0.0005,1.3828,2.0437,0.3459
1.5414,0.0003,0.9867,1.5536,0.3397
1.7294,0.0004,0.6925,1.6516,0.3397
1.7835,0.0009,1.4200,1.2055,0.3477
1.7293,0.0007,1.3730,2.2065,0.3494
1.8432,0.0008,1.0002,1.8840,0.3537
1.5749,0.0005,1.2205,1.6585,0.3501
1.7932,0.0006,0.8136,1.7802,0.3501
1.7829,0.0004,0.8853,1.7854,0.3368
1.4601,0.0005,1.3879,1.3002,0.3368
1.9037,0.0011,1.0119,2.0236,0.3465
1.7238,0.0007,0.9562,1.5269,0.3403
1.7659,0.0009,1.6016,0.8458,0.3339
1.0122,0.0011,1.1653,1.2277,0.3637
1.5575,0.0008,1.1117,1.7071,0.8555
1.6633,0.0006,1.3876,1.5560,0.3396
1.7440,0.0007,1.0504,1.8825,0.3648
1.4060,0.0007,0.7886,1.1196,0.3648
1.7482,0.0006,1.4807,2.0276,0.3359
1.6225,0.0006,0.9225,1.5263,0.3515
1.6904,0.0008,0.8917,1.6627,0.3610
1.5209,0.0005,1.5189,1.4816,0.3492
1.4763,0.0004,0.9505,1.5765,0.3307
1.4895,0.0005,0.9371,1.4681,0.3307
1.5436,0.0009,1.4487,1.3440,0.3323
2.1976,0.0008,1.1917,2.3326,0.3632
1.6625,0.0005,1.1263,1.6357,0.3400
1.4557,0.0006,1.3096,1.3987,0.3400
1.9138,0.0008,1.0148,1.9952,0.3473
1.4746,0.0009,0.9912,1.5041,0.3595
1.7761,0.0010,1.2183,1.7248,0.3438
1.8841,0.0009,1.0432,1.8655,0.3438
1.9995,0.0008,1.3857,1.6930,0.3461
2.1051,0.0008,1.4292,2.3814,0.3448
2.1350,0.0008,1.4420,2.1335,0.3740
1.6014,0.0008,1.1855,1.6685,0.3521
1.5650,0.0006,1.3857,1.6189,0.3521
1.5959,0.0004,0.6808,1.5682,0.3471
1.8754,0.0004,0.6856,1.7286,0.3438
1.5945,0.0005,1.4104,1.6933,0.3379
1.7932,0.0006,0.9170,1.7854,0.3452
1.6586,0.0007,0.8329,1.5961,0.3583
1.7304,0.0006,1.3934,1.6461,0.3583
1.7058,0.0009,1.0809,1.7202,0.3687
1.6811,0.0006,1.5200,1.7633,0.3782
1.7937,0.0004,1.4157,1.7329,0.3602
1.5639,0.0006,0.9802,1.6336,0.3618
1.3007,0.0005,1.0560,1.3225,0.3618
1.8418,0.0005,1.1636,1.8104,0.3502
1.4658,0.0007,0.8352,1.4708,0.3485
1.6163,0.0006,0.7895,1.6352,0.3293
1.9995,0.0007,1.0968,1.9623,0.3415
1.3428,0.0003,0.7994,1.2817,0.3415
1.4958,0.0006,0.9318,1.4978,0.3359
1.5547,0.0006,1.3183,1.5696,0.3540
1.8900,0.0007,0.8395,1.8712,0.3482
1.4881,0.0172,0.8494,1.4086,0.3426
1.7802,0.0006,1.3047,1.7674,0.3516
1.8532,0.0011,0.8803,1.8567,0.3392
1.3802,0.0005,0.8648,1.2258,0.3392
2.3763,0.0006,1.1386,2.5798,0.3505
0.9978,0.0006,0.8543,0.8613,0.3505
1.3879,0.0005,0.8888,1.4153,0.3603
1.7771,0.0005,1.3959,1.8639,0.3603
1.7226,0.0008,0.7858,1.3034,0.3463
2.0657,0.0004,1.0180,2.2246,0.3679
1.9470,0.0006,1.3561,2.2270,0.3361
1.5453,0.0009,0.8559,1.5401,0.3361
1.4153,0.0007,0.7700,1.3652,0.3434
2.0420,0.0006,1.5046,1.2766,0.3558
1.9646,0.0003,1.1097,2.7317,0.3396
1.8658,0.0005,0.8709,1.8419,0.3385
1.8944,0.0005,1.1704,1.8638,0.3420
1.5050,0.0007,0.8569,1.5222,0.3425
1.5274,0.0007,0.8943,1.3703,0.3447
1.8217,0.0005,1.1939,1.9439,0.3522
1.6752,0.0004,0.8298,1.6799,0.3398
1.8431,0.0004,0.7462,1.8777,0.3404
1.5636,0.0007,1.1128,1.4878,0.3402
1.8096,0.0004,0.8937,1.7703,0.3410
