frame_ms,scenario_ms,game_ms,render_ms,gpu_ms
4.8167,0.0006,4.4771,1.3956,0.3786
24.7792,0.0010,19.7510,1.5153,0.4047
1.8974,0.0009,4.6124,1.5153,0.4047
5.6153,0.0007,6.0991,2.2522,0.5087
1.2586,0.0003,1.2532,1.8709,0.5087
1.4003,0.0003,0.9191,1.3908,0.5087
5.1650,0.0007,4.8374,1.8892,0.4797
1.1985,0.0006,1.3532,1.7303,0.4797
1.8300,0.0004,1.0989,1.8529,0.4847
5.4416,0.0007,5.1579,1.5163,0.4858
1.0961,0.0006,1.3513,1.5246,0.4858
1.3640,0.0007,0.9897,1.5354,0.4949
5.7132,0.0009,5.3573,1.8617,0.4782
1.1854,0.0005,1.4222,1.5752,0.4782
1.5717,0.0005,1.1392,1.4582,0.4113
5.3034,0.0009,5.5429,1.1902,0.4112
0.9068,0.0005,1.2356,1.3832,0.4112
1.3882,0.0004,0.7985,1.5582,0.3963
5.5679,0.0007,5.3399,1.4436,0.4008
1.3593,0.0009,1.1632,1.1811,0.4008
1.4764,0.0006,1.3814,1.0499,0.5963
4.8858,0.0010,5.2237,0.9497,0.4244
0.7588,0.0004,1.0582,1.1934,0.4244
1.1612,0.0003,0.6804,1.0776,0.4244
4.7539,0.0007,4.4230,1.8113,0.3895
0.7692,0.0005,1.0371,1.2625,0.3895
1.2937,0.0005,0.7352,1.0638,0.4049
5.2429,0.0007,4.9510,1.4790,0.4177
1.3765,0.0006,1.2532,1.7595,0.4177
0.9515,0.0006,0.9931,0.9033,0.4177
4.8105,0.0007,4.5118,2.1418,0.3948
0.9158,0.0006,1.1242,1.3605,0.3948
1.2162,0.0008,0.8007,1.2259,0.3948
6.2335,0.0010,5.8488,1.5767,0.3805
1.2950,0.0005,1.1312,1.8128,0.3805
1.2539,0.0005,0.7554,1.3384,0.3805
4.6964,0.0006,4.3924,1.4293,0.3854
1.0434,0.0004,0.9613,1.5698,0.3854
1.6790,0.0004,0.7334,1.0422,0.3854
4.9183,0.0008,4.6375,2.4465,0.4071
0.8189,0.0005,1.1376,1.1265,0.4071
1.2179,0.0005,0.7157,1.0822,0.4071
4.8327,0.0007,4.5435,2.4152,0.4015
0.7918,0.0005,1.0163,1.0268,0.4015
1.0543,0.0003,0.7150,1.2869,0.4015
4.6963,0.0010,4.3900,1.2372,0.4118
0.8137,0.0005,1.0720,1.3028,0.4118
1.0550,0.0003,0.6877,1.0938,0.4118
4.8808,0.0009,4.4841,1.1775,0.6037
1.0576,0.0008,1.1154,1.1300,0.6037
0.8811,0.0006,0.9617,1.1030,0.6037
5.1842,0.0005,4.8724,1.6153,0.4221
0.8022,0.0005,1.1830,1.1562,0.4221
1.0326,0.0005,0.7155,1.2922,0.4221
5.2691,0.0008,5.0819,2.0571,0.4183
1.3480,0.0004,1.1588,1.9728,0.4183
1.0834,0.0003,0.7074,1.1111,0.4234
5.1763,0.0006,4.8781,1.0565,0.4035
0.7696,0.0005,1.0181,1.0883,0.4035
0.9585,0.0005,0.7174,1.0601,0.4035
5.7117,0.0007,5.3191,1.3984,0.3983
1.0905,0.0007,1.2582,1.2097,0.3983
1.0125,0.0005,0.9271,1.4979,0.3983
5.0460,0.0008,4.9122,1.7667,0.3914
1.0906,0.0006,1.1401,1.3306,0.3914
0.9158,0.0003,1.0609,1.0596,0.3914
5.7929,0.0009,5.6253,1.5560,0.3909
1.3337,0.0003,1.0846,1.8040,0.3909
1.4677,0.0004,0.8200,1.5040,0.3909
4.9452,0.0010,4.6966,1.2878,0.4053
1.0142,0.0005,1.1466,1.1520,0.4053
0.9676,0.0006,0.8927,1.0016,0.4053
5.6864,0.0006,5.3998,1.7471,0.4111
0.7350,0.0004,1.1515,1.3017,0.4111
1.3095,0.0006,0.6295,1.3299,0.4122
4.8848,0.0007,4.5567,1.1905,0.4270
1.0030,0.0010,1.0773,1.2344,0.4270
0.8691,0.0004,0.9210,1.0190,0.4270
5.5360,0.0009,5.0938,1.5638,0.3999
1.2446,0.0008,1.2156,1.7994,0.3999
1.0578,0.0003,0.7524,1.0817,0.3999
4.8991,0.0007,4.4948,1.4559,0.4185
0.7856,0.0004,1.0725,1.1858,0.4185
1.2630,0.0003,0.7297,1.0568,0.4195
4.9599,0.0007,4.7493,1.5136,0.4187
0.8101,0.0006,1.1433,1.1842,0.4187
1.2540,0.0006,0.6906,1.3751,0.4065
4.7423,0.0007,4.5629,0.8633,0.4107
1.0445,0.0004,1.0444,1.3571,0.4107
1.4852,0.0005,1.0079,1.1229,0.4435
4.7349,0.0006,4.8738,1.4385,0.4318
0.8090,0.0003,0.9925,1.3241,0.4318
1.5623,0.0005,0.7761,1.5155,0.4210
5.1780,0.0004,4.9901,1.4379,0.4045
1.2225,0.0005,1.0209,1.6451,0.4045
1.2056,0.0003,0.8499,1.2718,0.4045
5.0306,0.0007,4.8329,2.1296,0.4140
0.8728,0.0007,1.2216,1.0434,0.4140
0.9011,0.0004,0.7400,1.2449,0.3960
5.1345,0.0004,4.9046,0.9335,0.4215
0.9154,0.0003,0.8908,0.9844,0.4215
0.8013,0.0003,0.8699,0.8314,0.4215
4.7710,0.0006,4.4241,1.4659,0.6072
0.8537,0.0004,1.1088,1.4297,0.6072
1.3205,0.0006,0.8451,1.1672,0.6072
5.7593,0.0007,5.6687,1.7112,0.4075
0.7488,0.0003,1.0923,1.0899,0.4075
1.1452,0.0003,0.6778,1.2596,0.4190
5.7709,0.0007,5.3208,0.9921,0.4176
1.1411,0.0006,1.3253,1.6185,0.4176
1.1588,0.0006,0.9962,0.9501,0.4176
4.8988,0.0006,4.6754,1.7198,0.4012
0.8236,0.0005,1.1148,1.0947,0.4012
1.0377,0.0003,0.7184,1.1667,0.4012
4.5308,0.0006,4.2753,1.7457,0.4390
0.7515,0.0005,0.9625,1.0132,0.4390
1.3007,0.0008,0.6736,1.0082,0.4390
5.6494,0.0010,5.1397,1.9672,0.3917
0.8487,0.0006,1.3082,1.2876,0.3917
1.1963,0.0005,0.7032,1.5040,0.4110
4.7540,0.0006,4.7557,1.3530,0.4108
0.7460,0.0006,0.9829,1.1097,0.4108
0.8930,0.0003,0.6473,0.8703,0.4108
4.6253,0.0006,4.2887,1.4300,0.4025
0.7679,0.0005,1.0171,1.1369,0.4025
1.1466,0.0003,0.7413,1.0342,0.4025
4.4294,0.0004,4.2757,1.5814,0.4085
0.8665,0.0005,0.8648,0.9206,0.4085
1.0345,0.0003,0.8376,1.3924,0.4204
4.1903,0.0003,3.9983,0.8124,0.4080
0.6566,0.0003,0.7980,0.9631,0.4080
1.2884,0.0004,0.6156,0.8038,0.4080
4.6527,0.0009,4.4972,2.0657,0.4797
0.7303,0.0005,0.9605,0.9962,0.4797
0.9740,0.0005,0.6954,1.0800,0.4167
4.1681,0.0005,4.3476,1.5675,0.3854
0.5975,0.0004,0.7561,0.9100,0.3854
1.0884,0.0003,0.6369,0.9207,0.3854
4.8687,0.0006,4.7076,1.4594,0.4050
1.1667,0.0008,1.1041,1.5922,0.4050
1.1646,0.0006,0.9016,1.0294,0.4050
4.4732,0.0005,4.4113,2.1358,0.4138
0.6657,0.0006,0.7814,0.8507,0.4138
1.1262,0.0005,0.6348,1.3282,0.4095
4.0684,0.0005,3.9148,1.0647,0.3986
0.5902,0.0003,0.7372,0.8705,0.3986
1.0886,0.0002,0.5524,0.9192,0.3986
4.6920,0.0008,4.2993,2.1870,0.4409
1.1819,0.0008,1.1066,1.6882,0.4409
1.0095,0.0003,0.7156,0.9155,0.4409
4.8519,0.0005,4.7972,1.4339,0.4029
0.6760,0.0003,0.8068,0.9060,0.4029
1.4263,0.0003,0.6146,1.5607,0.4025
4.4572,0.0005,4.1520,1.0665,0.4219
0.7692,0.0005,0.9155,1.0529,0.4219
1.0006,0.0006,0.8455,0.9073,0.4219
4.5476,0.0008,4.5816,1.9912,0.3975
0.6926,0.0004,0.8999,0.9196,0.3975
0.9668,0.0004,0.6149,1.1416,0.3975
4.1458,0.0004,4.0188,1.6329,0.4185
0.7765,0.0003,0.8116,1.1393,0.4185
1.0260,0.0003,0.7169,1.0469,0.4185
4.3802,0.0006,4.3488,1.3309,0.3955
0.7526,0.0005,0.9611,1.2296,0.3955
1.3465,0.0003,0.6751,1.2614,0.3955
4.1834,0.0004,4.1081,1.3283,0.3985
0.8098,0.0004,0.7609,0.8621,0.3985
0.9135,0.0005,0.7969,0.8700,0.3985
4.9464,0.0005,4.9622,1.3882,0.4264
0.8799,0.0004,0.8336,0.9207,0.4264
0.7658,0.0004,0.8255,0.9529,0.4264
4.3869,0.0006,4.1394,2.0392,0.4212
0.7265,0.0004,0.9317,1.0246,0.4212
1.0676,0.0004,0.6286,0.9437,0.4126
5.0336,0.0004,5.0281,1.2845,0.4091
0.7133,0.0003,0.7412,1.0595,0.4091
1.3388,0.0003,0.5761,0.9430,0.4209
4.0086,0.0004,3.9687,1.4667,0.4184
0.6687,0.0004,0.7512,0.8707,0.4184
1.2840,0.0005,0.7477,1.1198,0.4184
5.3965,0.0004,5.3107,1.5353,0.4315
0.7026,0.0004,0.8893,0.9092,0.4315
1.1445,0.0003,0.7268,1.1324,0.4138
4.0867,0.0007,4.1453,1.3904,0.4145
0.6393,0.0003,0.7946,0.8809,0.4145
0.8727,0.0005,0.6624,0.8713,0.4145
4.3678,0.0009,4.1394,1.3206,0.4389
0.7531,0.0007,1.0362,1.0994,0.4389
1.0867,0.0004,0.6802,0.9678,0.4389
5.3498,0.0005,5.1834,1.5561,0.4150
0.7579,0.0003,0.8838,1.1614,0.4150
1.3111,0.0003,0.6385,1.3115,0.4015
4.9723,0.0004,4.7762,0.8035,0.4322
0.6934,0.0003,0.8318,1.0735,0.4322
2.0255,0.0004,0.6574,1.9123,0.4603
4.9895,0.0006,4.7678,1.2079,0.4278
0.8245,0.0004,1.0011,1.4124,0.4278
1.2676,0.0004,0.6267,0.9438,0.4278
4.6358,0.0005,4.3429,1.7265,0.3973
1.0702,0.0006,1.0370,0.9485,0.3973
0.8985,0.0005,0.9840,0.7621,0.4108
5.7438,0.0006,5.6542,0.8779,0.4168
0.7802,0.0003,0.9921,1.2921,0.4168
1.4463,0.0004,0.7037,1.4169,0.4192
4.4521,0.0005,4.2660,1.1436,0.4181
0.6396,0.0003,0.8438,0.9217,0.4181
0.8621,0.0002,0.6053,0.9459,0.4181
4.2589,0.0007,3.9832,1.2549,0.4237
0.9875,0.0004,0.9409,1.4003,0.4237
1.2284,0.0003,0.6798,1.2659,0.4183
5.1722,0.0005,4.8584,0.7920,0.4145
0.6951,0.0005,0.9581,0.9835,0.4145
0.8130,0.0003,0.6494,0.8791,0.4145
4.2110,0.0004,3.9944,1.6523,0.4291
0.6873,0.0003,0.8334,0.9012,0.4291
0.9663,0.0004,0.6457,1.0080,0.4054
5.2927,0.0007,4.9992,1.2022,0.4743
0.7801,0.0009,1.0863,1.5253,0.4743
1.0009,0.0008,0.6473,0.9327,0.4743
4.3322,0.0005,4.1562,1.3684,0.4250
0.9799,0.0004,0.8228,0.9168,0.4250
1.0115,0.0005,1.1264,0.7695,0.4178
4.3542,0.0006,4.3822,0.8920,0.3992
0.7084,0.0005,0.8533,1.1114,0.3992
1.0143,0.0005,0.6264,0.9648,0.3992
4.4697,0.0006,4.2213,1.3160,0.4257
0.9350,0.0006,0.9650,1.2120,0.4257
0.7365,0.0005,0.8236,0.9173,0.4257
5.5404,0.0006,5.2649,1.4140,0.4237
0.6834,0.0003,0.9243,0.9534,0.4237
1.0437,0.0003,0.6126,0.9560,0.4237
4.7777,0.0007,4.5091,1.9701,0.4319
0.9809,0.0004,1.0681,1.0885,0.4319
0.8181,0.0003,0.8506,0.8281,0.4319
5.2773,0.0005,5.1371,1.4770,0.4111
0.6810,0.0005,0.8747,0.9596,0.4111
0.9862,0.0004,0.6308,0.8560,0.4111
4.9828,0.0005,4.7987,1.4865,0.3927
0.7411,0.0004,0.9263,1.0498,0.3927
0.8258,0.0003,0.6597,0.9390,0.3927
4.4641,0.0005,4.2472,1.3600,0.4153
0.8898,0.0005,0.8480,0.8956,0.4153
0.7421,0.0004,0.8335,1.0396,0.4153
4.1976,0.0008,4.0625,1.4708,0.4300
0.6604,0.0003,0.8272,1.0075,0.4300
0.9707,0.0003,0.6757,0.8189,0.4300
6.0763,0.0006,5.6993,1.4695,0.4306
1.1638,0.0006,1.2241,1.8648,0.4306
1.2080,0.0007,0.6998,1.1573,0.4305
4.8127,0.0008,4.5476,1.0567,0.4267
0.8419,0.0005,0.9876,1.2717,0.4267
0.8918,0.0003,0.7857,0.8315,0.4267
4.5521,0.0006,4.4266,1.3773,0.4239
1.1515,0.0006,1.1141,1.0724,0.4239
1.1843,0.0005,0.9733,0.9162,0.4503
4.7423,0.0005,4.8715,1.5935,0.4195
0.7694,0.0006,1.0030,1.1478,0.4195
1.2186,0.0004,0.6743,1.0243,0.4064
5.4869,0.0008,5.2574,1.5324,0.3895
0.8103,0.0003,1.1039,1.3513,0.3895
1.5999,0.0005,0.6727,1.3471,0.4298
5.0798,0.0007,4.9008,1.0700,0.4276
0.7884,0.0003,1.0917,1.2822,0.4276
1.0500,0.0004,0.7356,0.9392,0.4276
4.9844,0.0006,4.8842,1.2714,0.4133
0.7462,0.0005,0.8764,1.0711,0.4133
1.1891,0.0004,0.6574,1.1479,0.4133
4.7088,0.0005,4.4356,1.3736,0.4071
0.8027,0.0004,0.9906,1.1091,0.4071
1.1633,0.0004,0.6857,1.3018,0.4128
4.3660,0.0004,4.1316,1.4548,0.4033
0.6735,0.0004,0.8604,0.9613,0.4033
0.9616,0.0003,0.6158,1.1261,0.4033
4.3779,0.0004,4.1034,1.1781,0.4036
0.9247,0.0004,0.9463,0.9775,0.4036
0.7198,0.0002,0.8533,1.0683,0.4036
5.7615,0.0005,5.4300,1.5153,0.4343
0.7519,0.0004,0.9944,1.0348,0.4343
1.4989,0.0003,0.6883,1.7089,0.4287
4.2970,0.0005,4.0985,1.4729,0.4048
0.6608,0.0003,0.8369,0.9449,0.4048
1.0945,0.0003,0.7132,0.9550,0.4048
4.5127,0.0005,4.4640,1.7389,0.4088
0.8663,0.0006,0.9737,1.3186,0.4088
1.0942,0.0003,0.6308,1.0709,0.4088
4.4060,0.0007,4.2150,1.2877,0.4011
0.6621,0.0004,0.8467,0.9249,0.4011
0.8362,0.0003,0.6098,1.0005,0.4124
4.2646,0.0004,4.0320,1.4287,0.4144
0.6492,0.0003,0.8501,0.9427,0.4144
0.6796,0.0003,0.5797,0.8309,0.4144
5.3133,0.0007,4.8994,1.6527,0.4239
0.7600,0.0005,1.0608,1.2631,0.4239
1.0049,0.0003,0.6579,0.9417,0.4239
4.4208,0.0004,4.2043,1.6699,0.4195
0.8833,0.0003,0.8661,0.9531,0.4195
0.6657,0.0003,0.8307,0.9474,0.4195
4.2792,0.0004,4.0864,1.3520,0.4010
0.6482,0.0004,0.7984,0.9093,0.4010
0.8377,0.0004,0.6230,0.8751,0.4010
4.5449,0.0005,4.3797,1.7098,0.4055
0.7183,0.0004,0.9163,0.9580,0.4055
0.7444,0.0003,0.6132,0.8516,0.4055
4.4171,0.0005,4.3351,1.7363,0.4101
0.7357,0.0003,0.9337,1.0037,0.4101
0.8864,0.0004,0.6203,0.8297,0.4330
4.2252,0.0007,4.1399,1.2500,0.4141
0.7545,0.0004,0.8790,1.0497,0.4141
1.1123,0.0006,0.6572,1.1665,0.4141
4.9128,0.0006,4.7037,1.4763,0.4285
0.9184,0.0004,0.9323,1.1136,0.4285
0.7928,0.0003,0.8315,1.0700,0.4285
4.4959,0.0005,4.4253,2.0485,0.4109
0.6883,0.0004,0.9038,0.9521,0.4109
0.7773,0.0003,0.6435,0.9652,0.4109
4.3514,0.0005,4.0900,1.5160,0.4172
0.7035,0.0003,0.9124,0.9704,0.4172
1.1752,0.0004,0.6369,1.3893,0.4095
4.3317,0.0005,4.1294,1.1918,0.4000
0.6292,0.0004,0.7810,0.9118,0.4000
0.9212,0.0003,0.5925,0.8166,0.4000
4.1241,0.0003,3.9201,1.6659,0.4313
0.7218,0.0003,0.8243,1.1119,0.4313
1.2327,0.0003,0.6953,0.8268,0.4115
4.7597,0.0006,4.6386,1.7614,0.4237
0.9180,0.0006,1.0703,1.4036,0.4237
1.4558,0.0003,0.7751,1.0110,0.4015
5.2043,0.0005,5.1298,2.0203,0.4229
0.8678,0.0003,0.8295,0.9638,0.4229
0.9097,0.0003,0.7956,0.9028,0.4178
4.4319,0.0007,4.4573,1.6469,0.4038
0.9879,0.0005,0.9749,1.4724,0.4038
1.2952,0.0003,0.6991,0.9997,0.4038
4.5342,0.0004,4.3586,1.7353,0.4035
0.6828,0.0003,0.8239,0.8960,0.4035
1.1109,0.0003,0.6538,0.9813,0.4171
5.1488,0.0006,5.0624,1.4323,0.4147
0.8870,0.0005,0.8675,0.9666,0.4147
0.7158,0.0004,0.8234,0.8593,0.4147
4.8167,0.0008,4.4286,1.7131,0.4367
0.7696,0.0003,1.0666,1.1160,0.4367
1.0940,0.0003,0.6756,1.1640,0.4060
4.4028,0.0005,4.2842,1.3174,0.4408
0.6810,0.0004,0.8453,1.0849,0.4408
1.1721,0.0004,0.6067,1.1442,0.3969
5.8501,0.0008,5.3206,1.4814,0.4174
0.7459,0.0006,1.2253,1.1788,0.4174
0.9438,0.0003,0.6534,0.8351,0.4174
4.2661,0.0006,4.0933,1.6575,0.4080
0.6552,0.0003,0.7807,1.0266,0.4080
1.1351,0.0003,0.6098,1.1265,0.4010
5.0645,0.0006,4.8540,0.9531,0.4050
0.8610,0.0005,0.8449,0.9286,0.4050
1.0700,0.0005,0.8286,1.3788,0.4050
5.8823,0.0008,5.6094,1.1538,0.4595
0.7825,0.0004,1.0679,1.2595,0.4595
1.0558,0.0004,0.6768,0.9763,0.4191
5.1545,0.0005,5.0491,1.1796,0.4242
0.6984,0.0003,0.8690,0.9340,0.4242
1.0052,0.0004,0.6285,1.0841,0.4257
4.5825,0.0010,4.2886,1.0656,1.0805
0.8213,0.0006,1.0465,1.0994,1.0805
0.8456,0.0005,0.7553,0.8237,0.4068
4.2827,0.0006,4.2178,1.7507,0.4319
0.8964,0.0004,0.8336,0.9027,0.4319
1.0264,0.0003,0.8776,0.9465,0.4088
4.3192,0.0005,4.5027,1.2950,0.4252
0.6942,0.0003,0.8733,1.0064,0.4252
1.0560,0.0005,0.6178,0.9975,0.4252
4.9913,0.0005,4.6525,2.1579,0.4239
0.8123,0.0004,1.0599,0.9759,0.4239
1.0367,0.0004,0.6837,1.3339,0.4385
4.2729,0.0005,4.0882,0.7380,0.4177
0.6857,0.0004,0.8087,0.9333,0.4177
1.2846,0.0004,0.6348,0.9163,0.4098
5.2854,0.0007,5.0927,1.4445,0.4244
0.7683,0.0006,1.0302,1.0641,0.4244
1.1939,0.0003,0.6888,1.0658,0.4143
5.2267,0.0004,5.0914,1.3643,0.4270
0.7027,0.0004,0.8830,0.9846,0.4270
0.8947,0.0002,0.6609,0.9298,0.4270
4.4876,0.0005,4.2132,1.5970,0.4390
0.6970,0.0004,0.9070,0.9493,0.4390
0.7215,0.0003,0.6416,0.9141,0.4390
5.7599,0.0006,5.4145,1.2187,0.4353
0.7288,0.0004,1.0045,1.0164,0.4353
1.0247,0.0004,0.6325,1.0157,0.4210
5.3709,0.0006,5.2209,1.4126,0.4382
1.2175,0.0003,0.9074,1.6695,0.4382
0.9421,0.0004,0.6567,0.9046,0.4382
4.4711,0.0005,4.2922,1.1976,0.6176
0.6472,0.0003,0.8479,1.0161,0.6176
1.2867,0.0002,0.6283,1.3224,0.4198
4.0991,0.0005,3.9633,1.1864,0.4123
0.5962,0.0004,0.7159,0.8566,0.4123
1.2934,0.0004,0.5435,0.9322,0.4123
4.1279,0.0005,3.9757,1.8558,0.4315
0.6954,0.0007,0.8071,0.9622,0.4315
0.7894,0.0004,0.6202,0.7681,0.4315
5.6870,0.0006,5.4141,1.8172,0.4191
0.7249,0.0004,0.9535,0.9821,0.4191
0.7202,0.0004,0.6285,0.7976,0.4191
4.3573,0.0005,4.1332,1.4401,0.4211
0.6660,0.0003,0.8342,0.9390,0.4211
0.9157,0.0003,0.6605,0.7727,0.4155
4.0100,0.0003,4.1518,1.9210,0.4198
0.8671,0.0002,0.8342,1.0352,0.4198
0.8751,0.0003,0.7366,0.8784,0.4198
4.2653,0.0004,4.1578,1.2715,0.4204
0.6088,0.0003,0.7422,0.8673,0.4204
1.2753,0.0004,0.6963,0.9476,0.4204
4.5374,0.0005,4.3471,1.9174,0.4134
1.0649,0.0004,0.8903,1.4412,0.4134
0.8139,0.0003,0.7728,0.8015,0.4134
5.7258,0.0008,5.3775,1.3487,0.4114
0.7960,0.0004,1.0530,1.3197,0.4114
1.5979,0.0005,0.6508,1.5854,0.4375
4.4372,0.0007,4.2102,0.9412,0.4106
0.8804,0.0004,0.8646,1.0598,0.4106
0.8104,0.0003,0.9046,0.7447,0.4106
5.2356,0.0006,5.1049,1.2950,0.4360
1.1322,0.0004,1.0423,1.5229,0.4360
0.9967,0.0004,0.8165,1.0307,0.4360
5.2671,0.0005,5.1070,1.1117,0.4237
0.9304,0.0005,0.8286,0.9165,0.4237
0.9078,0.0004,0.9783,0.8635,0.4296
5.0232,0.0005,4.9703,1.0949,0.4109
0.6953,0.0004,0.9376,1.0103,0.4109
1.3024,0.0003,0.5964,1.0352,0.4109
4.8449,0.0006,4.5719,1.8222,0.4329
1.0856,0.0006,1.1749,1.2723,0.4329
0.8872,0.0006,0.9061,1.2807,0.4329
4.4719,0.0005,4.4853,1.2769,0.3967
0.8557,0.0003,0.8269,0.9043,0.3967
0.9219,0.0004,0.8204,1.2414,0.3967
4.4023,0.0005,4.1219,1.3168,0.4183
0.7977,0.0003,0.9105,1.2562,0.4183
1.2153,0.0004,0.7791,1.0808,0.4329
4.4097,0.0005,4.3945,1.5265,0.4069
0.6930,0.0003,0.8631,0.9066,0.4069
1.3754,0.0005,0.6349,1.5701,0.4263
5.0393,0.0005,4.8217,1.2206,0.4326
0.6557,0.0002,0.8123,1.0403,0.4326
1.3969,0.0003,0.5774,1.4086,0.4157
4.8766,0.0007,4.4437,1.1760,0.4388
0.7947,0.0004,1.1165,1.1659,0.4388
1.3841,0.0003,0.6720,1.4328,0.4351
5.2475,0.0005,5.1782,1.7238,0.4068
0.6450,0.0004,0.8183,0.9790,0.4068
1.2779,0.0003,0.6003,1.2953,0.4068
4.6003,0.0007,4.2490,1.3153,0.4442
0.9960,0.0005,1.0150,1.1194,0.4442
1.0946,0.0006,0.9210,1.0448,0.4442
4.7284,0.0007,4.5259,2.2689,0.4039
0.9310,0.0004,1.0406,1.5267,0.4039
1.3913,0.0004,0.6500,1.2422,0.4039
5.1191,0.0010,4.4769,1.6141,0.4077
1.5813,0.0012,1.6137,1.2081,0.4077
1.2561,0.0008,1.3896,1.0624,0.6274
5.5582,0.0008,5.6470,1.7582,0.4316
0.7392,0.0008,1.0880,1.2536,0.4316
1.0932,0.0007,0.6688,1.1892,0.4316
4.6579,0.0009,4.2993,1.2957,0.4164
0.7708,0.0003,1.0398,1.3246,0.4164
1.3062,0.0003,0.6553,1.2019,0.4164
6.3095,0.0006,5.9658,2.2915,0.4275
1.2059,0.0009,1.1262,1.7442,0.4275
1.2915,0.0003,0.7839,1.3851,0.4183
4.7874,0.0006,4.3617,1.3897,0.4050
0.8820,0.0004,1.1163,1.0843,0.4050
0.7778,0.0003,0.7995,1.1080,0.4050
5.1414,0.0011,4.6641,1.5899,0.4360
1.0674,0.0005,1.1973,1.3024,0.4360
1.0918,0.0004,0.9761,1.0898,0.4151
4.6684,0.0005,4.6281,1.9109,0.4073
0.9195,0.0003,0.9235,0.9820,0.4073
0.8339,0.0003,0.8415,1.1979,0.4073
5.2042,0.0006,5.0881,1.6863,0.4128
0.8506,0.0006,1.0223,1.2293,0.4128
1.1657,0.0005,0.7199,0.9389,0.4421
5.2936,0.0004,5.2194,1.4302,0.4275
0.8295,0.0004,0.8536,0.9263,0.4275
1.2979,0.0003,0.7940,1.5989,0.4223
4.5234,0.0007,4.3387,0.9651,0.3953
0.7575,0.0005,0.9870,1.1794,0.3953
1.0763,0.0003,0.6737,1.1130,0.3953
5.2068,0.0009,4.8479,1.3845,0.4168
0.8023,0.0005,1.0355,1.0342,0.4168
0.5799,0.0004,0.6800,0.8085,0.4168
4.1913,0.0005,4.0190,1.1890,0.4163
0.8754,0.0004,0.7918,0.9924,0.4163
0.6322,0.0003,0.8716,0.7943,0.4163
4.4625,0.0006,4.2506,1.4871,0.4232
0.7792,0.0004,0.9012,1.0328,0.4232
1.5407,0.0003,0.7439,1.1074,1.0889
5.4863,0.0007,5.6785,1.3297,0.4133
0.7572,0.0004,1.0194,1.1089,0.4133
1.0166,0.0003,0.6614,0.8418,0.4133
4.4506,0.0006,4.3638,1.3912,0.4138
0.6856,0.0004,0.8458,0.9023,0.4138
1.1382,0.0004,0.6205,0.9701,0.4232
5.8734,0.0007,5.6621,1.4448,0.4242
0.7633,0.0006,1.0465,1.0869,0.4242
0.9132,0.0007,0.6552,0.8532,0.4242
4.3647,0.0007,4.2202,1.2897,0.4074
0.6466,0.0004,0.8690,1.0517,0.4074
1.1299,0.0004,0.5980,1.1671,0.4135
4.3229,0.0006,4.0633,1.5029,0.4121
0.9148,0.0004,0.9048,1.3465,0.4121
1.1489,0.0004,0.7219,1.0097,0.4121
4.5218,0.0006,4.5683,1.3287,0.4140
0.8398,0.0009,1.0155,1.1473,0.4140
1.0694,0.0007,0.8065,1.0331,0.4140
4.6059,0.0005,4.4115,1.6506,0.4125
0.7152,0.0003,0.9027,0.9296,0.4125
0.7231,0.0003,0.6369,0.8241,0.4125
4.7911,0.0006,4.4364,1.4164,0.4334
0.7644,0.0007,1.0374,1.2580,0.4334
1.1329,0.0006,0.6643,0.9721,0.4334
4.5012,0.0005,4.3429,1.9654,0.4090
0.6827,0.0004,0.8439,0.8726,0.4090
0.9659,0.0003,0.6140,0.8243,0.4212
4.1676,0.0004,4.1333,1.5277,0.4343
0.6416,0.0004,0.7908,0.9150,0.4343
0.9105,0.0004,0.5761,0.7840,0.4343
4.5718,0.0006,4.2791,1.6698,0.4561
0.9469,0.0009,0.9610,1.0182,0.4561
0.7433,0.0007,0.8555,1.0852,0.4561
5.2886,0.0006,5.1423,1.2803,0.4167
0.6107,0.0003,0.8119,0.9547,0.4167
1.3135,0.0005,0.5704,1.2956,0.4115
5.7009,0.0006,5.2447,0.8948,0.4347
0.7912,0.0005,1.2220,1.1789,0.4347
1.2016,0.0006,0.7020,1.2876,0.4347
5.3195,0.0005,5.3075,1.1069,0.4500
0.6471,0.0003,0.8041,0.9181,0.4500
1.1203,0.0003,0.5842,0.9230,0.4500
5.1508,0.0007,4.9979,1.3605,0.4213
0.7302,0.0003,0.8849,0.9984,0.4213
1.5528,0.0003,0.6814,1.1198,0.4448
5.3210,0.0004,5.4213,1.4309,0.4312
0.7102,0.0003,0.9063,1.0396,0.4312
1.1174,0.0005,0.6561,0.8295,0.4312
5.0529,0.0006,4.9967,1.8340,0.4146
0.9540,0.0005,0.8324,0.9289,0.4146
0.5988,0.0005,0.9121,0.8072,0.4146
5.9794,0.0006,5.5826,1.7266,0.4331
0.9673,0.0004,1.1019,1.0861,0.4331
0.8267,0.0003,0.9266,1.0001,0.4250
5.1405,0.0004,5.0980,1.2843,0.4477
0.6260,0.0004,0.7988,0.9290,0.4477
0.9497,0.0004,0.6266,1.0427,0.4477
5.8989,0.0006,5.3743,1.1284,0.4482
1.0921,0.0004,1.2330,1.1740,0.4482
0.6206,0.0004,0.9468,0.8908,0.4370
4.2312,0.0004,4.1118,1.3230,0.4200
0.6623,0.0004,0.7961,0.9910,0.4200
1.0053,0.0004,0.5953,0.7384,0.4068
4.2556,0.0005,4.1510,1.4162,0.4376
0.6879,0.0004,0.8954,0.9349,0.4376
1.0537,0.0008,0.7086,1.0913,0.4376
6.2777,0.0008,5.9170,1.8795,0.4506
0.8458,0.0007,1.1522,1.3715,0.4506
1.2834,0.0005,0.7747,1.3329,0.4179
4.9035,0.0006,4.5960,1.2053,0.4341
1.1900,0.0007,1.0787,0.7956,0.4341
0.6523,0.0006,1.0980,0.7956,0.4204
4.9039,0.0007,4.5608,1.4319,0.4320
0.7907,0.0005,1.0607,1.1139,0.4320
1.0447,0.0005,0.7108,1.1148,0.4320
4.5896,0.0007,4.3345,1.6794,0.4496
0.7129,0.0003,0.9343,1.2117,0.4496
1.2861,0.0004,0.6346,1.2653,0.4496
4.8628,0.0007,4.4900,1.6177,0.6482
1.0612,0.0005,1.2530,1.2155,0.6482
1.0042,0.0004,0.8477,1.2097,0.6482
4.9387,0.0008,4.6625,1.5999,0.4133
0.8475,0.0007,1.1063,1.1282,0.4133
1.1702,0.0008,0.7302,1.2557,0.4133
5.1368,0.0009,4.7673,1.3039,0.4067
1.0928,0.0006,1.2784,1.7961,0.4067
1.4387,0.0014,0.8056,1.0805,0.4067
5.2542,0.0007,4.9744,2.5139,0.3957
0.9968,0.0007,1.1271,1.5575,0.3957
1.2599,0.0006,0.8645,1.2548,0.4124
5.0795,0.0007,4.8898,1.5831,0.4270
0.8434,0.0008,1.1241,1.1758,0.4270
1.2363,0.0007,0.7481,1.3567,0.4097
6.0912,0.0007,5.9261,1.4854,0.4553
1.0628,0.0007,1.2250,1.6408,0.4553
1.3639,0.0004,0.7692,1.2869,0.4277
5.8571,0.0009,5.6666,1.4690,0.4226
1.0183,0.0008,1.1144,1.1911,0.4226
0.9064,0.0004,0.9858,0.9670,0.4226
5.5529,0.0007,5.4074,2.1179,0.4231
0.7689,0.0004,1.0663,1.1098,0.4231
1.0963,0.0005,0.6941,1.3114,0.4231
4.7513,0.0009,4.3488,1.2233,0.4148
1.0547,0.0006,1.1388,1.6092,0.4148
1.1259,0.0006,0.7323,1.1128,0.4148
4.7751,0.0006,4.5023,1.4254,0.4384
0.9469,0.0005,1.1184,1.0849,0.4384
0.7903,0.0005,0.7854,1.1016,0.4384
4.8020,0.0007,4.5344,1.6548,0.4071
0.7899,0.0003,1.0216,1.1451,0.4071
1.2464,0.0003,0.7194,1.0734,0.3983
4.8295,0.0006,4.5182,1.4278,0.4294
0.7424,0.0004,1.2286,1.4940,0.4294
1.1205,0.0005,0.7153,0.9564,0.4294
5.4225,0.0008,5.2482,1.5578,0.4239
1.0073,0.0006,1.1047,1.1286,0.4239
0.7482,0.0005,0.9486,1.0987,0.4239
4.5606,0.0007,4.3079,1.6606,0.4238
0.7494,0.0004,0.9439,1.1817,0.4238
1.1542,0.0005,0.6493,1.1377,0.4161
6.0082,0.0009,5.5869,1.2588,0.4158
0.9397,0.0007,1.1487,1.5214,0.4158
1.3741,0.0003,0.7360,1.3885,0.4158
4.7076,0.0008,4.4011,1.4916,0.4297
0.7413,0.0010,0.9950,1.0381,0.4297
1.2214,0.0004,0.6670,1.4245,0.4163
4.5943,0.0007,4.2199,1.0475,0.4052
0.7614,0.0003,1.0537,1.0551,0.4052
0.9991,0.0004,0.6785,0.8721,0.4052
4.7965,0.0009,4.4982,2.1902,0.4443
1.0599,0.0006,1.1857,1.5596,0.4443
1.2066,0.0007,0.8627,1.1599,0.4353
5.4869,0.0007,5.3143,1.7079,0.4059
1.1241,0.0004,1.2104,1.2476,0.4059
0.6403,0.0004,0.9944,0.8854,0.4059
6.2446,0.0007,5.4565,1.4911,0.4223
1.1775,0.0005,1.6378,1.2843,0.4223
0.7937,0.0005,0.9791,1.3321,0.4223
4.7849,0.0006,4.4494,1.6029,0.4207
0.7267,0.0003,1.0184,1.2172,0.4207
1.1989,0.0002,0.6540,1.1421,0.4190
5.3736,0.0006,4.9630,1.2717,0.4039
1.1092,0.0008,1.2436,1.6901,0.4039
1.3488,0.0005,0.8483,1.4358,0.4039
4.7432,0.0009,4.4802,1.2974,0.4234
0.7347,0.0006,0.9433,0.9970,0.4234
1.1704,0.0005,0.6538,1.3391,0.4213
4.6322,0.0006,4.3372,1.1157,0.4111
0.7635,0.0006,0.9875,1.0487,0.4111
0.9002,0.0005,0.6721,0.9863,0.4111
5.0248,0.0007,4.7120,1.7491,0.4129
0.8258,0.0006,1.1132,1.1208,0.4129
0.9232,0.0004,0.6997,0.9251,0.4129
4.5876,0.0005,4.3186,1.7736,0.4348
0.7288,0.0003,0.9359,0.9792,0.4348
1.1052,0.0003,0.6619,1.2904,0.4348
5.9084,0.0007,5.4903,1.1669,0.4100
0.8139,0.0004,1.1297,1.1820,0.4100
1.1899,0.0004,0.6986,0.9964,0.4100
5.5825,0.0008,5.3013,2.1435,0.4067
0.9785,0.0005,1.1350,1.0651,0.4067
0.9442,0.0003,0.8786,1.4057,0.4067
4.7366,0.0008,4.3098,1.6353,0.4069
1.0315,0.0007,1.1746,1.5983,0.4069
1.4499,0.0007,0.8211,1.1081,0.4069
4.9137,0.0006,4.7061,2.0253,0.4013
0.7751,0.0005,0.9891,1.0148,0.4013
1.0490,0.0003,0.6646,1.2814,0.4317
4.7254,0.0008,4.4480,1.1135,0.4080
0.7900,0.0005,0.9871,1.0323,0.4080
0.9947,0.0003,0.6951,1.0973,0.4080
5.0274,0.0008,4.6384,1.6190,0.4643
0.8090,0.0004,1.1010,1.1324,0.4643
0.9649,0.0004,0.7044,1.1651,0.4643
4.9447,0.0007,4.6037,1.2903,0.4071
1.0676,0.0006,1.0711,1.0972,0.4071
0.8920,0.0005,0.9939,1.3438,0.4071
6.6688,0.0011,6.0713,1.2031,0.4132
0.8549,0.0007,1.3345,1.3386,0.4132
0.9387,0.0004,0.7179,1.0114,0.4132
4.6991,0.0007,4.4684,1.6573,0.4024
0.9573,0.0007,0.9597,1.0240,0.4024
0.9170,0.0003,0.8740,1.2169,0.4024
4.8883,0.0006,4.7001,1.3891,0.4062
1.1805,0.0005,1.1394,1.7312,0.4062
1.2977,0.0005,0.8038,1.0590,0.4062
4.9597,0.0008,4.7360,1.5931,0.3993
0.7798,0.0004,1.0596,1.1162,0.3993
1.0259,0.0004,0.7331,0.9417,0.4176
5.2615,0.0009,5.2635,1.4675,0.4272
1.1983,0.0002,0.9514,1.6975,0.4272
1.1073,0.0005,0.6520,1.0665,0.4272
5.9534,0.0007,5.5790,1.4169,0.4437
1.0250,0.0005,1.1742,1.2111,0.4437
1.3150,0.0004,0.8864,1.7216,0.4158
4.9435,0.0010,4.5533,1.3019,0.4307
0.9202,0.0007,1.1882,1.1942,0.4307
1.1175,0.0006,0.7235,0.9922,0.4307
5.2928,0.0007,4.9159,2.8110,0.4198
0.7994,0.0006,1.1765,1.1664,0.4198
0.8889,0.0005,0.6644,0.8996,0.4198
4.7749,0.0009,4.6170,1.7521,0.4072
1.0412,0.0006,1.0146,1.0684,0.4072
0.9829,0.0005,1.0716,0.8543,0.4186
5.6956,0.0009,5.5040,1.2948,0.4371
0.8560,0.0003,1.1918,1.3383,0.4371
1.0492,0.0004,0.7635,1.1233,0.4371
4.8009,0.0005,4.4865,1.5883,0.4060
1.1612,0.0004,1.0759,0.7941,0.4060
0.6863,0.0004,1.0445,0.7941,0.4144
4.5473,0.0007,4.3606,1.3943,0.4236
0.7090,0.0004,0.9193,1.0223,0.4236
0.8593,0.0003,0.6098,0.8349,0.4236
5.2034,0.0007,4.7714,2.0063,0.4083
0.8689,0.0004,1.1252,1.3607,0.4083
1.3545,0.0004,0.8137,1.0062,0.4334
4.8390,0.0005,4.6954,1.7434,0.4117
0.7594,0.0004,1.0335,1.3452,0.4117
1.1830,0.0004,0.7390,1.3574,0.4163
5.7520,0.0010,5.2921,1.2671,0.4024
1.1702,0.0008,1.2876,1.9085,0.4024
1.1985,0.0004,0.6808,0.8969,0.4024
4.9946,0.0007,4.6821,1.9911,0.4140
1.0173,0.0005,1.1096,1.1253,0.4140
0.8336,0.0003,0.8627,1.1648,0.4140
5.2385,0.0014,4.7430,2.1672,0.4290
1.0413,0.0008,1.1924,1.7042,0.4290
1.4216,0.0005,0.7295,1.4545,0.4363
4.7880,0.0005,4.5101,0.9220,0.4154
0.9820,0.0005,1.0079,1.1106,0.4154
0.8696,0.0007,0.8889,0.9922,0.4166
4.8794,0.0006,4.8549,1.5147,0.4169
0.7727,0.0004,1.0079,1.0793,0.4169
1.4991,0.0005,0.6713,1.6583,0.4089
5.4880,0.0008,5.0305,1.0920,0.4463
1.0571,0.0003,1.1850,1.5699,0.4463
1.7209,0.0003,0.7994,1.7414,0.4309
5.0905,0.0006,4.8415,0.9058,0.4076
1.2983,0.0003,1.0387,1.7377,0.4076
1.0992,0.0006,0.7312,1.0849,0.4076
5.0386,0.0007,4.8483,1.5398,0.4268
1.1300,0.0006,1.1436,1.6994,0.4268
1.1894,0.0005,0.7117,0.8413,0.4268
5.7293,0.0006,5.4023,2.4614,0.4151
0.9586,0.0006,1.0828,1.4984,0.4151
1.4132,0.0006,0.7851,1.2893,0.4151
6.2834,0.0007,6.0563,2.1130,0.6147
1.3075,0.0003,1.1590,1.8517,0.6147
1.3907,0.0006,0.6813,1.3517,0.6147
4.6559,0.0004,4.4595,2.0911,0.4488
1.1105,0.0004,0.9727,1.5761,0.4488
1.5146,0.0005,0.6464,1.5301,0.4166
4.7846,0.0007,4.4590,1.4157,0.4029
1.3549,0.0005,1.0843,1.8184,0.4029
1.2434,0.0003,0.7704,1.3484,0.4029
4.7151,0.0008,4.4047,1.4054,0.4019
0.7722,0.0006,1.0293,1.1645,0.4019
1.3414,0.0005,0.6795,0.9477,0.4052
4.9386,0.0008,4.6890,2.4901,0.4037
1.2247,0.0006,1.0871,1.7841,0.4037
1.6636,0.0005,0.8094,1.6184,0.4448
4.8738,0.0004,4.6709,1.0416,0.4091
1.0397,0.0004,1.0623,1.1526,0.4091
0.9556,0.0004,0.9272,1.3861,0.4091
4.7440,0.0008,4.3858,1.3668,0.4305
0.7735,0.0005,1.0486,1.2593,0.4305
1.7972,0.0007,0.6623,1.7566,0.4305
5.2124,0.0007,4.8905,1.2914,0.4463
0.7611,0.0004,1.0931,1.1976,0.4463
1.5716,0.0005,0.6736,1.6995,0.4158
4.8475,0.0006,4.5247,1.5949,0.4056
1.0284,0.0004,1.0468,1.1397,0.4056
0.8264,0.0006,0.9554,1.1761,0.4056
5.1855,0.0010,4.7960,1.8089,0.4263
1.0702,0.0006,1.1870,1.2582,0.4263
1.1981,0.0006,0.9431,1.5860,0.4263
4.5673,0.0008,4.4473,1.4995,0.4141
0.6806,0.0003,0.8771,0.9981,0.4141
1.6599,0.0005,0.6030,1.6088,0.4159
5.1270,0.0013,4.5725,1.0026,0.4352
0.9231,0.0004,1.4257,1.3270,0.4352
1.1660,0.0004,0.7775,1.4753,0.4483
4.5498,0.0004,4.3674,1.8028,0.4052
0.8039,0.0004,0.8899,1.2482,0.4052
1.8212,0.0003,0.7217,1.7273,0.4222
4.2837,0.0005,4.2406,1.4891,0.4112
1.2690,0.0004,0.8567,1.6961,0.4112
1.6144,0.0008,0.6356,1.5954,0.4067
5.0824,0.0007,4.7388,1.1960,0.4272
0.9795,0.0005,1.0977,1.1126,0.4272
1.3252,0.0004,0.8671,1.6983,0.4174
4.6861,0.0005,4.5927,1.4644,0.4267
1.1844,0.0003,0.9584,1.6975,0.4267
1.4249,0.0003,0.6064,1.4148,0.4152
5.4856,0.0006,5.1143,1.6153,0.4395
0.9657,0.0003,1.0709,1.4404,0.4395
1.0294,0.0004,0.7643,1.1325,0.4395
4.7555,0.0008,4.4040,1.2240,0.4328
1.5907,0.0005,1.0614,0.9628,0.4328
0.7175,0.0004,1.5444,0.9628,0.4168
6.3675,0.0007,5.9663,1.4591,0.4410
0.8613,0.0007,1.2272,1.2408,0.4410
0.9668,0.0005,0.7020,0.9251,0.4235
5.7025,0.0007,5.6823,1.4990,0.4341
0.7350,0.0003,1.0275,1.2120,0.4341
1.3680,0.0003,0.6803,1.0760,0.4341
5.8049,0.0006,5.5022,1.6515,0.4356
0.7390,0.0005,1.0734,1.0372,0.4356
1.1989,0.0005,0.6758,1.3374,0.4356
4.7742,0.0006,4.4596,1.5246,0.4256
0.7586,0.0006,1.0043,1.2586,0.4256
1.4338,0.0004,0.6840,1.3284,0.4256
4.8281,0.0006,4.6154,1.6506,0.4292
0.7585,0.0003,1.0322,1.0926,0.4292
1.1781,0.0003,0.6163,0.8784,0.4292
5.1941,0.0006,5.1280,2.2400,0.4335
0.7448,0.0005,1.0286,1.0671,0.4335
1.1573,0.0006,0.6365,1.1673,0.4251
4.6833,0.0005,4.5237,1.4555,0.4292
1.4210,0.0003,1.0971,1.8520,0.4292
0.9705,0.0003,0.8190,0.8620,0.4292
4.7148,0.0006,4.6740,1.4100,0.4498
1.0422,0.0005,1.0001,1.0344,0.4498
0.8690,0.0004,0.9882,0.8326,0.4261
4.2571,0.0004,4.3523,1.4852,0.4259
0.7520,0.0003,0.7381,1.0129,0.4259
0.8170,0.0003,0.6645,0.8494,0.4259
3.8829,0.0004,3.7631,1.1699,0.4292
0.6163,0.0003,0.7041,0.8290,0.4292
0.8623,0.0004,0.5770,0.9329,0.4292
4.6250,0.0007,4.1972,1.2636,0.4112
1.1185,0.0005,1.1682,1.0895,0.4112
0.5992,0.0005,0.9620,1.1634,0.4112
4.4656,0.0008,4.1381,1.4094,0.4397
0.6633,0.0005,0.9598,0.9488,0.4397
0.9803,0.0004,0.6309,0.7652,0.4138
4.2123,0.0003,4.4108,1.5177,0.4130
0.6263,0.0003,0.8073,0.9164,0.4130
1.4635,0.0005,0.6425,1.2897,0.4130
5.0798,0.0006,4.9176,1.5580,0.4025
0.9743,0.0003,0.9514,1.4586,0.4025
0.9988,0.0003,0.6196,0.9100,0.4025
4.2886,0.0004,4.1415,1.2805,0.4284
0.8774,0.0003,0.8115,0.8936,0.4284
0.8009,0.0003,0.9240,0.7907,0.4234
4.7173,0.0009,4.2867,1.2443,0.4283
0.8625,0.0008,1.2500,1.1915,0.4283
0.9904,0.0007,0.9298,0.8838,0.4385
4.3617,0.0006,4.4820,1.4404,0.4311
0.6652,0.0003,0.7089,0.9726,0.4311
1.0784,0.0003,0.6079,0.7695,0.4195
3.9223,0.0004,3.9496,1.7555,0.4381
0.8118,0.0003,0.7138,0.8493,0.4381
0.6947,0.0003,0.7782,0.8985,0.4381
4.6128,0.0007,4.2640,1.4372,0.4472
1.0085,0.0007,1.0650,1.0889,0.4472
0.8451,0.0005,0.8763,1.0379,0.4472
4.1360,0.0004,4.0467,1.9326,0.4321
0.9537,0.0003,0.6699,1.1930,0.4321
1.0437,0.0003,0.6390,0.9023,0.4226
5.2243,0.0007,5.0523,1.8806,0.4138
1.0821,0.0007,0.9218,1.4167,0.4138
1.0630,0.0003,0.8562,1.0292,0.4258
4.3279,0.0004,4.4923,1.3064,0.4270
0.6358,0.0004,0.7767,0.8732,0.4270
0.8560,0.0004,0.6118,0.8390,0.4270
4.7713,0.0004,4.9030,1.3264,0.4133
0.7569,0.0004,0.7098,0.8449,0.4133
0.7212,0.0002,0.7165,0.9340,0.4133
4.3123,0.0006,3.9907,1.1383,0.4236
0.8150,0.0005,0.9760,1.3037,0.4236
1.1351,0.0004,0.7323,0.9848,0.4236
4.1816,0.0004,4.0786,1.4829,0.4313
0.6186,0.0004,0.7314,0.9034,0.4313
0.9599,0.0004,0.5973,0.8076,0.4313
4.9429,0.0004,4.7833,1.3931,0.4349
0.6005,0.0003,0.7453,0.8662,0.4349
1.1370,0.0004,0.6386,0.8806,0.4349
4.8298,0.0008,4.7942,1.9151,0.4277
1.3017,0.0006,1.0560,0.7522,0.4277
0.6292,0.0004,1.1978,0.7522,0.4393
3.9531,0.0005,3.8779,0.7858,0.4275
0.5880,0.0003,0.6723,0.8403,0.4275
1.0642,0.0008,0.5627,0.9163,0.4275
4.0246,0.0004,3.8671,1.4781,0.4196
0.6776,0.0003,0.7748,0.9689,0.4196
1.2223,0.0003,0.6181,1.1951,0.4196
4.4136,0.0005,4.2107,1.3584,0.4611
0.6820,0.0004,0.8721,1.0943,0.4611
1.2786,0.0004,0.6169,1.2393,0.4166
4.1550,0.0006,3.9958,1.3076,0.4340
0.7012,0.0004,0.8207,0.8885,0.4340
1.0324,0.0004,0.6567,0.8623,0.4340
5.6563,0.0009,5.4166,1.7273,0.4176
0.8272,0.0005,1.1688,1.2214,0.4176
1.1010,0.0006,0.7864,1.0727,0.4176
4.3501,0.0007,4.2719,1.6524,0.4500
0.8731,0.0004,0.8111,0.8812,0.4500
0.6408,0.0004,0.8261,0.8820,0.4500
4.2235,0.0007,4.0261,1.6622,0.4348
0.6523,0.0003,0.8282,0.9396,0.4348
1.0260,0.0004,0.6237,0.9033,0.4318
5.0830,0.0007,4.8986,1.5105,0.4768
1.0122,0.0005,1.0485,1.0479,0.4768
0.8203,0.0003,0.8980,0.9290,0.4135
4.3095,0.0006,4.2734,1.5825,0.4365
0.6927,0.0003,0.8408,0.8911,0.4365
1.0324,0.0004,0.6102,1.0035,0.4265
4.5805,0.0009,4.5531,1.1870,0.4263
0.7714,0.0003,1.0214,1.0512,0.4263
1.3318,0.0004,0.6725,0.8958,0.4263
4.5354,0.0005,4.4686,1.6924,0.4144
0.9470,0.0005,0.8441,0.9479,0.4144
0.5841,0.0003,0.9038,0.8675,0.4144
4.4222,0.0006,4.1033,1.2834,0.4169
0.7085,0.0003,0.9487,1.0437,0.4169
1.1562,0.0003,0.6535,1.0906,0.4169
4.7508,0.0008,4.4088,2.2181,0.6599
0.7691,0.0005,1.0173,1.0904,0.6599
0.9210,0.0005,0.6673,0.9658,0.6599
4.9817,0.0009,4.5480,2.2482,0.4244
0.7984,0.0004,1.1567,1.3593,0.4244
1.1887,0.0005,0.7124,0.9870,0.4244
5.7881,0.0007,5.5458,1.7451,0.4490
1.2734,0.0005,1.0289,1.5779,0.4490
0.8538,0.0004,0.8818,1.0266,0.4490
4.5272,0.0005,4.2996,1.6208,0.4423
0.7533,0.0003,0.8927,0.9249,0.4423
0.8775,0.0004,0.7094,0.8789,0.4232
4.2700,0.0005,4.2175,1.2683,0.4192
0.9552,0.0004,0.9111,0.9354,0.4192
0.7789,0.0003,0.8760,0.9597,0.4192
4.7406,0.0009,4.4357,1.2555,0.6517
0.7896,0.0007,1.1499,1.1870,0.6517
1.0021,0.0002,0.6854,1.2564,0.6517
5.9567,0.0006,5.5401,1.3332,0.4196
0.9741,0.0006,1.1090,1.1126,0.4196
0.8688,0.0004,0.9622,0.8599,0.4196
6.1627,0.0008,5.8374,2.2329,0.4279
0.8946,0.0006,1.1872,1.2967,0.4279
1.5772,0.0006,0.8826,1.5020,0.4279
5.3613,0.0009,5.2424,2.2087,0.4710
1.0233,0.0008,1.1796,1.6104,0.4710
1.0820,0.0004,0.7807,1.0193,0.4710
5.0641,0.0008,4.6923,1.9961,0.4292
0.8862,0.0007,1.2184,1.3164,0.4292
1.1329,0.0004,0.7621,1.0748,0.4292
5.0224,0.0008,4.6749,1.9885,0.4192
0.8014,0.0006,1.1207,1.1268,0.4192
0.8608,0.0003,0.6671,0.9192,0.4192
4.7330,0.0006,4.4908,2.1001,0.4484
0.7543,0.0005,0.9884,1.1983,0.4484
1.4618,0.0006,0.6527,1.1455,0.4473
5.3316,0.0008,5.2550,1.6832,0.4373
1.0124,0.0006,1.1843,1.6224,0.4373
1.4511,0.0006,0.7177,1.2405,0.4350
5.8423,0.0007,5.5503,1.7598,0.4316
1.0876,0.0007,1.1555,1.0975,0.4316
0.8875,0.0007,1.0003,0.9839,0.4273
5.4261,0.0008,5.2392,2.2256,0.4531
1.0718,0.0006,1.1648,1.3597,0.4531
1.0957,0.0006,0.9201,1.4023,0.4416
5.3848,0.0006,4.9623,1.6268,0.4237
0.9166,0.0005,1.1107,1.5248,0.4237
1.6264,0.0005,0.6403,1.6022,0.4153
5.1983,0.0008,4.7315,1.4856,0.4138
0.8668,0.0004,1.2242,1.3192,0.4138
1.1790,0.0004,0.7027,1.1772,0.4138
5.9114,0.0008,5.4634,1.7719,0.4250
0.8499,0.0008,1.2057,1.1852,0.4250
1.1654,0.0006,0.7275,1.3469,0.4068
5.2519,0.0008,4.8460,1.7689,0.4417
1.0725,0.0008,1.3327,1.4903,0.4417
1.5880,0.0008,1.0814,1.2299,0.4393
6.2346,0.0007,6.4027,2.3760,0.4139
1.0067,0.0005,1.2316,1.6356,0.4139
1.6469,0.0007,0.8169,1.6155,0.4139
5.2047,0.0008,4.7543,1.9963,0.4218
1.5597,0.0006,1.2430,1.9344,0.4218
1.2154,0.0004,1.2443,0.9268,0.4373
4.9178,0.0005,4.9287,1.6678,0.4466
1.0237,0.0005,1.1060,1.1105,0.4466
0.8066,0.0003,0.8869,0.9563,0.4466
5.9013,0.0009,5.5532,2.1406,0.4430
1.0117,0.0006,1.1553,1.5735,0.4430
1.5013,0.0007,0.8363,1.4247,0.4430
5.9189,0.0009,5.6270,2.0333,0.4266
1.0319,0.0008,1.0964,1.5160,0.4266
1.2083,0.0005,0.9013,1.0398,0.4266
4.7539,0.0006,4.5208,2.5424,0.4083
0.7336,0.0007,0.9565,1.0584,0.4083
1.2327,0.0007,0.6835,0.8476,0.4083
5.6481,0.0007,5.4781,2.3838,0.4602
0.7979,0.0003,1.1165,1.3595,0.4602
1.0828,0.0010,0.7029,1.1238,0.4602
4.9159,0.0007,4.5567,1.2882,0.4264
1.1372,0.0004,1.0217,1.5632,0.4264
1.0346,0.0003,0.8242,1.1237,0.4264
5.0289,0.0006,4.7512,1.5899,0.4453
1.0110,0.0007,1.0901,1.1254,0.4453
0.9193,0.0003,0.9106,1.1219,0.4453
5.7214,0.0005,5.5183,1.9894,0.4202
0.9216,0.0004,1.1227,1.4109,0.4202
1.2139,0.0005,0.7127,1.0167,0.4202
5.4913,0.0007,5.0486,2.0401,0.4071
1.4005,0.0005,1.2809,2.1164,0.4071
1.6325,0.0003,0.8378,1.6555,0.4350
5.0209,0.0006,4.6793,1.4082,0.4489
1.2602,0.0005,1.1643,1.8307,0.4489
1.3526,0.0004,0.8513,1.0901,0.4489
4.9366,0.0007,4.7782,2.2492,0.4227
0.9500,0.0008,1.1688,1.3544,0.4227
1.3102,0.0004,0.8100,1.3884,0.4227
5.3401,0.0005,5.1238,1.7811,0.4081
1.1365,0.0005,1.1878,1.2753,0.4081
1.0136,0.0006,0.9368,1.4011,0.4354
5.1940,0.0008,4.7981,1.5243,0.4120
1.0542,0.0007,1.2310,1.4688,0.4120
1.4167,0.0006,0.9026,1.2594,0.4120
5.3939,0.0009,5.5109,2.2410,0.4296
1.1296,0.0008,1.2592,1.5273,0.4296
1.4477,0.0007,1.0117,1.6358,0.4296
5.1914,0.0012,5.3103,1.9606,0.4047
1.1761,0.0008,1.1638,1.7717,0.4047
1.9029,0.0006,0.7753,1.3328,0.4271
5.2802,0.0006,5.5259,2.2863,0.4264
1.1355,0.0005,1.1724,1.7129,0.4264
1.3221,0.0006,0.8143,1.3165,0.4264
5.9195,0.0008,5.6302,1.5749,0.4165
1.1621,0.0008,1.1161,1.1648,0.4165
1.2902,0.0006,1.1372,1.0770,0.4159
6.6752,0.0009,6.6732,1.8684,0.4205
0.8658,0.0006,1.3358,1.3141,0.4205
1.1891,0.0005,0.7574,1.4790,0.4205
4.9515,0.0007,4.6089,1.3597,0.4409
0.7312,0.0003,1.0345,1.2897,0.4409
1.2621,0.0004,0.6715,1.0516,0.4409
5.4934,0.0009,4.6807,2.0188,0.4319
1.0794,0.0005,1.7086,1.2422,0.4319
0.6971,0.0004,0.8206,0.9809,0.4319
4.7606,0.0007,4.5076,1.5143,0.4075
1.0234,0.0007,1.0537,1.0502,0.4075
0.7971,0.0005,0.9190,1.0130,0.4075
5.1951,0.0010,4.7302,2.2770,0.8031
1.0247,0.0009,1.2800,1.7122,0.8031
1.3512,0.0008,0.8210,1.2835,0.8031
4.9589,0.0006,4.6921,2.0186,0.4357
0.8200,0.0011,1.0848,1.0854,0.4357
1.3551,0.0006,0.6826,1.3012,0.4222
5.8812,0.0008,5.5854,1.6654,0.4307
0.9214,0.0007,1.2079,1.3823,0.4307
1.5584,0.0006,0.8062,1.6364,0.4307
5.0252,0.0007,4.7598,1.2905,0.4196
0.7646,0.0004,1.0213,1.1165,0.4196
1.3632,0.0005,0.7243,1.5277,0.4198
6.1637,0.0009,5.4217,1.2811,0.4198
1.2373,0.0005,1.4993,1.8476,0.4198
1.3248,0.0007,1.3785,1.0708,0.7499
5.9605,0.0008,5.8898,2.3236,0.4180
0.8811,0.0004,1.2733,1.2573,0.4180
0.9733,0.0004,0.7576,1.1240,0.4180
4.8150,0.0007,4.4615,1.9983,0.4229
0.8596,0.0006,1.1319,1.2766,0.4229
1.2847,0.0006,0.7630,1.3949,0.4229
5.5186,0.0008,5.1744,2.1282,0.4442
0.8783,0.0006,1.2078,1.5224,0.4442
2.2251,0.0005,0.7211,2.1534,0.4442
5.1597,0.0009,4.7820,1.7653,0.4161
1.2371,0.0005,1.1683,1.7389,0.4161
2.0292,0.0009,0.8246,1.7927,0.4289
6.2814,0.0011,6.2954,1.6459,0.4269
1.1699,0.0009,1.2569,1.7816,0.4269
1.3477,0.0005,0.8301,1.4428,0.4250
5.1528,0.0007,4.6629,1.0210,0.4312
0.8447,0.0006,1.2749,1.4321,0.4312
1.4414,0.0007,0.7218,1.4968,0.4312
5.0777,0.0007,4.7617,1.3501,0.4198
1.1800,0.0006,1.1491,1.7231,0.4198
1.4726,0.0006,0.7176,1.4633,0.4198
5.0204,0.0006,4.5951,1.3148,0.4114
1.1066,0.0004,1.2267,1.6054,0.4114
1.7033,0.0004,0.9801,1.6732,0.4289
5.3965,0.0008,5.1058,1.6397,0.4391
0.9017,0.0006,1.2808,1.2767,0.4391
1.1748,0.0005,0.7518,1.2155,0.4391
5.0741,0.0006,4.9390,1.8121,0.4260
1.1084,0.0007,1.1227,1.6056,0.4260
1.3789,0.0008,0.9852,1.4293,0.4260
5.2707,0.0009,4.8912,1.4927,0.4337
1.0111,0.0007,1.1948,1.2986,0.4337
1.2846,0.0003,0.9226,1.5545,0.4359
5.4026,0.0010,5.0817,1.5054,0.4147
1.2314,0.0005,1.2503,1.7457,0.4147
1.3938,0.0006,0.8199,1.4553,0.4224
5.2444,0.0008,4.8447,1.4701,0.4321
1.2973,0.0006,1.2265,1.9258,0.4321
1.3736,0.0006,0.7491,1.0314,0.4321
6.0696,0.0007,5.7099,1.7408,0.4166
1.0302,0.0005,1.2888,1.5886,0.4166
1.6350,0.0005,0.9356,1.6718,0.4172
5.2452,0.0008,4.9580,1.1247,0.4214
1.0815,0.0005,1.1954,1.7589,0.4214
1.4303,0.0006,0.7725,1.0532,0.4214
5.2384,0.0007,5.0332,2.0603,0.4333
1.3164,0.0008,1.1469,1.7985,0.4333
1.2206,0.0006,0.8350,1.0451,0.4333
6.8150,0.0007,6.5598,2.0394,0.4103
1.0017,0.0004,1.3127,1.7012,0.4103
1.3517,0.0006,0.8140,1.0808,0.4103
5.1651,0.0006,4.9914,2.3724,0.4158
1.2970,0.0004,1.1352,1.8900,0.4158
1.7068,0.0005,0.8123,1.6883,0.4158
5.2080,0.0007,5.0020,1.2423,0.4239
0.9568,0.0005,1.2385,1.4438,0.4239
1.0196,0.0004,0.8075,0.9470,0.4239
5.2165,0.0006,4.9109,2.1545,0.4375
1.2692,0.0005,1.1360,1.8642,0.4375
1.2254,0.0004,0.8119,1.0787,0.4375
5.0975,0.0007,4.8943,1.5462,0.4298
1.2734,0.0008,1.2020,1.5258,0.4298
1.4353,0.0008,1.2523,1.6393,0.4298
5.2569,0.0009,5.2147,1.7845,0.4156
0.8372,0.0003,1.1045,1.4129,0.4156
1.4689,0.0006,0.7213,1.2354,0.4156
5.9576,0.0008,5.5939,2.4262,0.4219
1.1107,0.0005,1.2678,1.3067,0.4219
1.4472,0.0009,1.0324,1.2142,0.4498
5.4928,0.0008,5.6672,2.3112,0.4160
1.2921,0.0007,1.3026,1.9907,0.4160
1.9245,0.0009,0.8531,1.8439,0.4159
5.1043,0.0009,4.9916,1.5541,0.4182
1.4100,0.0008,1.1263,1.9714,0.4182
1.8722,0.0007,0.8290,1.6292,0.4182
5.5844,0.0007,5.5261,1.7490,0.4173
1.3081,0.0003,1.2294,1.9577,0.4173
1.4473,0.0003,0.7058,1.1417,0.4173
5.5050,0.0011,5.1475,2.4048,0.4126
0.9869,0.0006,1.2079,1.4632,0.4126
1.7679,0.0005,0.8880,1.3942,0.4126
6.2584,0.0011,6.1972,2.0931,0.4340
1.1879,0.0005,1.2425,1.8769,0.4340
1.6127,0.0004,0.8082,1.6035,0.4227
5.0371,0.0011,4.6987,1.5050,0.4255
1.3666,0.0011,1.2006,1.8702,0.4255
1.6035,0.0005,1.0757,1.5955,0.4255
5.6430,0.0005,5.4397,2.1784,0.4207
1.3272,0.0005,1.1609,1.9718,0.4207
1.0164,0.0004,0.7249,0.9293,0.4207
4.7259,0.0005,4.4637,1.9930,0.4083
1.2191,0.0004,0.9626,1.6998,0.4083
1.3372,0.0004,0.7218,1.0363,0.4083
5.2150,0.0007,4.9874,2.7347,0.4326
1.4355,0.0003,1.1674,2.0271,0.4326
1.0614,0.0002,0.7577,0.8686,0.4326
4.8345,0.0008,4.7459,1.6925,0.4482
0.8476,0.0006,1.0775,1.1390,0.4482
1.1413,0.0007,0.7616,0.9936,0.4482
5.6298,0.0008,5.1070,1.9899,0.4556
1.4418,0.0007,1.3290,2.1306,0.4556
1.6166,0.0005,0.7558,1.6332,0.4430
4.8958,0.0006,4.5690,1.1552,0.4127
1.1254,0.0003,1.1099,1.7263,0.4127
1.1921,0.0004,0.6944,1.1581,0.4127
6.8218,0.0014,6.4071,1.5156,0.4271
1.3583,0.0007,1.2586,2.0206,0.4271
1.4604,0.0006,0.8854,1.4800,0.4271
4.7548,0.0006,4.5642,1.3500,0.4251
1.2654,0.0007,1.0651,1.6581,0.4251
1.0146,0.0006,0.8532,1.0424,0.4251
6.4460,0.0009,5.9888,1.6051,0.4436
1.2640,0.0006,1.2808,1.8451,0.4436
1.4902,0.0006,0.8414,1.4695,0.4351
6.3948,0.0008,5.5658,1.3591,0.4195
1.4507,0.0009,1.9371,1.5481,0.4195
1.0564,0.0005,1.1590,1.5312,0.4226
5.4682,0.0007,5.4230,1.4648,0.4670
1.2216,0.0003,1.1868,1.8594,0.4670
1.3473,0.0005,0.7128,1.0413,0.4670
5.6673,0.0007,5.3497,2.0501,0.4186
1.4533,0.0007,1.2002,2.0048,0.4186
1.4054,0.0004,0.8594,1.3235,0.4186
6.0169,0.0010,5.7334,2.0499,0.4438
1.1549,0.0004,1.2765,1.4764,0.4438
1.1195,0.0007,1.0556,1.4670,0.4207
5.1872,0.0007,4.8951,1.5216,0.4787
1.2384,0.0003,1.1837,1.8645,0.4787
1.4164,0.0004,0.8468,1.4573,0.4787
5.4459,0.0008,5.1288,1.5277,0.4443
1.3170,0.0004,1.1995,1.9690,0.4443
1.1435,0.0005,0.7531,1.0591,0.4443
4.9910,0.0006,4.7268,2.1532,0.4287
1.1499,0.0004,1.0192,1.7148,0.4287
1.5468,0.0003,0.6715,1.5130,0.4475
5.9330,0.0008,5.5139,1.2329,0.6841
1.2387,0.0009,1.1697,1.8550,0.6841
1.0966,0.0003,0.7399,0.9639,0.6841
5.5198,0.0005,5.1670,1.4898,0.4360
1.3230,0.0004,1.1042,1.9216,0.4360
1.2274,0.0006,0.7196,1.2008,0.4360
5.3833,0.0008,5.0208,1.9694,1.0855
1.0819,0.0007,1.1970,1.3037,1.0855
1.3188,0.0005,0.9668,1.6775,1.0855
5.7392,0.0007,5.4348,1.5912,0.4129
1.2442,0.0004,1.0727,1.7571,0.4129
1.5017,0.0004,0.7390,1.5154,0.4320
5.1831,0.0009,4.7568,1.8401,0.6467
0.8148,0.0005,1.1793,1.4458,0.6467
1.6749,0.0005,0.7918,1.6471,0.6467
5.2049,0.0007,4.9615,1.7779,0.4366
1.3116,0.0006,1.1000,1.7590,0.4366
1.4813,0.0007,0.8359,1.5570,0.4099
5.5861,0.0008,5.3348,1.7282,0.4147
0.8121,0.0003,1.1642,1.3898,0.4147
1.4052,0.0005,0.7344,1.1360,0.4147
5.4821,0.0009,5.2516,2.4181,0.4299
1.4259,0.0006,1.2292,1.8655,0.4299
1.1245,0.0006,1.0072,1.2334,0.4299
5.3769,0.0008,4.9941,2.1670,0.4264
1.2138,0.0007,1.2768,1.7544,0.4264
1.5690,0.0004,1.0070,1.6098,0.4264
5.0732,0.0006,4.8404,1.9705,0.4119
0.9119,0.0006,1.1608,1.1461,0.4119
1.1456,0.0004,0.7608,1.4598,0.4119
5.2197,0.0009,4.7932,2.1985,0.4279
1.0194,0.0012,1.2536,1.3368,0.4279
1.1298,0.0003,0.8463,1.3906,0.4279
5.4490,0.0009,4.9150,2.1071,0.4423
0.8803,0.0005,1.3276,1.2805,0.4423
1.1473,0.0005,0.7586,1.4441,0.4423
5.7440,0.0005,5.6877,1.7989,0.4098
0.8145,0.0004,1.1369,1.1749,0.4098
1.3249,0.0004,0.7073,1.5111,0.4098
5.4260,0.0007,5.0315,1.4268,0.4431
0.9093,0.0006,1.1991,1.3259,0.4431
1.3300,0.0007,0.8094,1.5119,0.4431
5.3312,0.0006,5.1751,1.6768,0.4108
0.7118,0.0004,0.9998,1.2187,0.4108
1.3951,0.0004,0.6404,1.3808,0.4108
4.9650,0.0008,4.5854,1.8201,0.4557
0.7473,0.0004,1.0468,1.1896,0.4557
1.2372,0.0003,0.6822,1.1111,0.4557
5.5878,0.0005,5.4027,1.9362,0.4277
0.7409,0.0004,0.9672,1.0882,0.4277
1.1829,0.0004,0.6364,1.0068,0.4277
4.8190,0.0012,4.3268,1.5515,0.4261
1.0526,0.0006,1.2902,1.2789,0.4261
1.6396,0.0009,0.9834,1.8533,0.4568
4.7404,0.0005,4.7932,1.0162,0.4547
0.8178,0.0003,0.9503,1.2624,0.4547
1.1313,0.0003,0.7074,0.9329,0.4547
4.6003,0.0006,4.4147,1.6091,0.4422
0.6906,0.0003,0.8983,0.9671,0.4422
1.5660,0.0007,0.6329,1.6097,0.4422
6.1348,0.0010,5.7043,1.5582,0.4447
1.1030,0.0007,1.3406,1.5214,0.4447
1.3667,0.0006,0.9849,1.5866,0.4352
6.6684,0.0009,6.0725,2.2909,0.4366
1.7158,0.0010,1.9124,1.4813,0.4366
1.2679,0.0006,1.4802,1.9291,0.4612
5.1366,0.0009,5.0889,1.1533,0.4201
0.8948,0.0009,1.1875,1.1702,0.4201
1.3972,0.0006,0.7557,1.6952,0.4275
4.9814,0.0009,4.5954,1.5839,0.4131
0.9237,0.0005,1.1641,1.2767,0.4131
1.2638,0.0006,0.8237,1.3040,0.4131
5.0654,0.0006,4.7991,1.7936,0.4231
1.2979,0.0005,1.0864,1.7806,0.4231
1.5553,0.0005,0.7889,1.5706,0.4291
4.9446,0.0007,4.6205,1.3456,0.4314
0.7479,0.0003,1.1903,1.1498,0.4314
1.1034,0.0004,0.6197,1.3730,0.4314
5.1243,0.0009,4.6915,1.2657,0.6576
1.0861,0.0005,1.1504,1.2164,0.6576
0.8497,0.0004,0.9785,0.9714,0.6576
5.5706,0.0005,5.3664,1.6441,0.4519
0.7622,0.0005,0.9732,1.0473,0.4519
1.5016,0.0005,0.7396,1.6410,0.4484
4.9071,0.0006,4.6847,1.7151,0.4203
0.9790,0.0004,1.1341,1.4416,0.4203
1.2467,0.0005,0.8339,1.3276,0.4203
4.7962,0.0006,4.5341,1.6487,0.4504
0.8732,0.0004,1.0044,1.3884,0.4504
1.0912,0.0004,0.6757,0.9949,0.4504
4.8082,0.0005,4.5028,1.7152,0.4397
0.8246,0.0005,1.0253,1.1119,0.4397
1.0743,0.0005,0.7533,0.9916,0.4397
5.0319,0.0006,4.7488,2.2885,0.4093
0.7898,0.0007,1.0434,1.0514,0.4093
0.9770,0.0006,0.6957,0.9323,0.4093
4.9937,0.0006,4.7069,1.7313,0.4426
1.0047,0.0004,1.0299,1.5274,0.4426
1.1883,0.0005,0.7401,0.9088,0.4426
4.9699,0.0008,4.7454,2.2346,1.0696
0.8362,0.0005,1.1018,1.2295,1.0696
1.0590,0.0004,0.7149,1.1500,0.4431
4.5552,0.0004,4.5072,0.9623,0.4378
0.7069,0.0004,1.0053,0.9772,0.4378
0.9409,0.0003,0.6542,1.1921,0.4378
4.5018,0.0005,4.4396,1.2615,0.4328
0.7582,0.0005,0.8999,0.9680,0.4328
1.0707,0.0004,0.7499,1.2699,0.4328
4.8955,0.0012,4.5782,1.7985,0.4518
0.7328,0.0004,1.0426,1.2801,0.4518
1.2919,0.0005,0.6671,1.2721,0.4518
4.9377,0.0008,4.5777,1.6209,0.4622
0.8108,0.0005,1.1159,1.0960,0.4622
0.9537,0.0004,0.6803,0.9314,0.4622
5.0706,0.0007,4.9451,1.4771,0.4403
0.8456,0.0004,1.1489,1.1735,0.4403
1.3769,0.0004,0.7026,1.1865,0.4403
4.9991,0.0005,4.7117,1.8143,0.4340
0.7697,0.0005,1.0187,1.2900,0.4340
1.3809,0.0004,0.6880,1.3014,0.4340
5.0807,0.0006,4.6885,1.5284,0.4391
0.8846,0.0005,1.1955,1.2182,0.4391
1.2013,0.0004,0.8153,1.1793,0.4391
5.0380,0.0006,4.9777,1.8104,0.4359
0.9463,0.0003,1.0765,1.3140,0.4359
1.5840,0.0004,0.8845,1.7231,0.4250
4.6545,0.0003,4.5976,1.2713,0.4429
1.0272,0.0005,0.9603,1.0277,0.4429
0.9194,0.0003,1.1214,0.8186,0.4429
6.2757,0.0009,5.9457,1.8312,0.4798
1.4670,0.0006,1.2188,2.0891,0.4798
1.4651,0.0007,0.8503,1.3996,0.4798
4.9335,0.0005,4.7844,1.3587,0.4254
1.2934,0.0006,1.0168,1.6992,0.4254
1.5371,0.0007,0.8386,1.4183,0.4498
5.1930,0.0008,4.9357,1.7265,0.4396
0.9563,0.0003,1.1677,1.6455,0.4396
1.3115,0.0004,0.7023,1.3124,0.4396
5.7841,0.0006,5.3570,1.3883,0.4388
1.3325,0.0008,1.1511,1.8313,0.4388
0.8945,0.0005,0.9003,1.0347,0.4559
5.9213,0.0007,5.6138,1.8340,0.4546
1.1907,0.0007,1.1438,1.7601,0.4546
1.4279,0.0010,0.7530,1.2737,0.4546
4.9466,0.0006,4.6740,1.6804,0.4424
0.7987,0.0006,1.0695,1.0725,0.4424
0.8501,0.0007,0.6940,1.0107,0.4424
5.3874,0.0007,4.8716,1.3709,0.6930
0.8672,0.0006,1.2881,1.3125,0.6930
1.0239,0.0003,0.7464,0.9779,0.6930
5.7802,0.0006,5.6442,1.5892,0.4188
0.9296,0.0006,1.0824,1.4970,0.4188
1.1304,0.0003,0.6771,1.0722,0.4188
5.0345,0.0007,4.5386,1.6747,0.4478
1.3236,0.0007,1.2200,1.8934,0.4478
1.2192,0.0005,0.7710,1.2129,0.4478
4.8763,0.0006,4.6455,1.4698,0.4243
0.7844,0.0005,1.0418,1.0850,0.4243
1.0317,0.0003,0.6694,1.1067,0.4243
5.0106,0.0007,4.5802,1.9951,0.4392
0.9260,0.0004,1.1819,1.2432,0.4392
1.2134,0.0006,0.8130,1.0950,0.6369
5.1632,0.0007,5.0635,1.6187,0.4572
0.8523,0.0008,1.1729,1.2055,0.4572
1.3424,0.0005,0.7309,1.6295,0.4400
4.7492,0.0006,4.3953,1.2934,0.4424
1.0269,0.0006,1.0604,1.5483,0.4424
1.0929,0.0005,0.7975,0.9384,0.4424
4.9868,0.0005,4.6654,1.8033,0.4483
1.1544,0.0004,1.0638,1.7214,0.4483
1.4296,0.0004,0.6457,1.0455,0.4494
5.0150,0.0007,4.8443,1.9932,0.4391
0.9816,0.0005,1.0580,1.1028,0.4391
0.9690,0.0004,0.8552,1.1883,0.4391
5.1205,0.0010,4.9763,1.6545,0.4297
1.4295,0.0005,1.1666,1.8874,0.4297
1.4497,0.0006,0.8190,1.5600,0.4505
5.5189,0.0009,5.2251,1.3192,0.4275
1.0513,0.0007,1.1466,1.1224,0.4275
0.8892,0.0006,0.9231,0.9885,0.4275
5.7160,0.0007,5.3519,1.5102,0.4257
1.1764,0.0008,1.1413,1.7703,0.4257
1.2828,0.0009,0.7178,1.1434,0.4257
4.9022,0.0008,4.6040,1.4617,0.4406
1.3441,0.0004,1.0017,1.7321,0.4406
1.1346,0.0006,0.9414,1.2341,0.4485
4.8956,0.0005,4.6971,1.2661,0.4275
1.3128,0.0005,1.0065,1.8117,0.4275
1.3025,0.0006,0.7456,1.3182,0.4275
5.0636,0.0007,4.7658,1.2017,0.4250
0.9700,0.0007,1.1247,1.5752,0.4250
1.4382,0.0008,0.6588,1.0805,0.4250
5.7969,0.0006,5.5577,2.3106,0.4466
0.7611,0.0003,1.0768,1.1517,0.4466
1.1184,0.0006,0.7123,1.0940,0.4466
6.2002,0.0006,5.7455,2.2898,0.4365
1.3061,0.0009,1.2120,1.9149,0.4365
1.1502,0.0005,0.7819,1.1435,0.4365
5.0494,0.0008,5.0786,1.8931,0.4539
1.0574,0.0007,1.1695,1.1355,0.4539
0.8717,0.0004,0.9242,1.2636,0.4539
5.2471,0.0006,4.8944,1.7452,0.4733
1.1110,0.0005,1.1892,1.6231,0.4733
1.1115,0.0004,0.7909,1.1332,0.4733
4.7074,0.0005,4.5494,1.8251,0.4182
1.1207,0.0004,1.0019,1.6241,0.4182
1.1402,0.0004,0.7504,1.0362,0.4182
4.6399,0.0005,4.5177,1.6961,0.4376
0.9992,0.0004,0.9916,1.4468,0.4376
1.1847,0.0004,0.7319,1.0509,0.4376
6.1091,0.0010,5.8172,1.8765,0.4222
1.1827,0.0006,1.1616,1.1759,0.4222
0.6697,0.0006,1.0975,0.8848,0.4222
4.4874,0.0009,4.2329,1.4261,0.4368
0.9057,0.0009,0.9930,1.1720,0.4368
1.3893,0.0009,0.8382,1.3223,0.4368
5.8141,0.0006,5.7604,1.4991,0.4476
1.0583,0.0004,1.1034,1.1249,0.4476
0.8278,0.0003,0.9727,1.0065,0.4344
4.5192,0.0004,4.4275,1.4630,0.4357
0.9217,0.0003,0.9672,1.2373,0.4357
0.8792,0.0003,0.8627,0.8137,0.4357
4.8602,0.0007,4.7514,1.4007,0.4540
1.1497,0.0006,1.0661,1.1496,0.4540
0.6619,0.0004,1.0634,0.8167,0.4540
5.2185,0.0007,5.0211,1.2384,0.4424
0.8553,0.0005,0.9105,1.1876,0.4424
1.2572,0.0005,0.7912,1.0293,0.4424
4.7254,0.0011,4.4325,1.5298,0.4499
0.9906,0.0007,1.1091,1.5095,0.4499
1.1183,0.0003,0.8312,0.9887,0.4499
5.6999,0.0006,5.3924,1.7857,0.4195
0.8241,0.0006,1.0951,1.1658,0.4195
1.1784,0.0008,0.7055,0.9241,0.4195
4.6442,0.0007,4.3702,1.8607,0.4436
0.7740,0.0008,0.9724,0.9987,0.4436
1.1269,0.0005,0.8421,1.0818,0.4436
4.8477,0.0006,4.7166,1.8621,0.4513
0.7706,0.0007,1.0208,1.0388,0.4513
1.1608,0.0003,0.6609,1.3948,0.4390
4.5155,0.0004,4.2570,1.3673,0.4502
0.9371,0.0196,0.9472,0.9693,0.4502
0.8143,0.0003,0.9328,1.1131,0.4502
5.3400,0.0009,4.7085,1.5773,0.4244
1.0256,0.0007,1.5869,1.6635,0.4244
1.2159,0.0004,0.8064,1.1367,0.4244
4.7571,0.0007,4.6378,1.4008,0.4668
0.7685,0.0005,0.9767,1.0343,0.4668
1.3432,0.0003,0.6408,1.5209,0.4356
4.0866,0.0003,3.9383,1.4244,0.4349
0.6054,0.0003,0.7282,0.9252,0.4349
1.0154,0.0004,0.5795,1.0150,0.4349
4.7067,0.0009,4.4240,1.8336,0.4298
0.7548,0.0005,0.9954,0.9800,0.4298
1.2794,0.0003,0.6576,1.5025,0.4163
4.9985,0.0006,4.8333,1.0224,0.4586
0.8792,0.0004,0.8359,0.9205,0.4586
0.8684,0.0003,0.8217,0.9826,0.4586
5.3476,0.0006,5.1312,2.0297,0.4342
1.0008,0.0005,1.0607,1.1103,0.4342
0.9373,0.0004,0.9139,1.0162,0.4295
4.3105,0.0004,4.3179,1.6034,0.4389
0.6298,0.0003,0.7819,0.9135,0.4389
1.4905,0.0003,0.6783,1.5649,0.4474
4.1475,0.0006,3.9601,0.9863,0.4346
1.0230,0.0006,0.8416,1.4183,0.4346
1.0928,0.0004,0.6915,1.0115,0.4346
6.1933,0.0005,6.0470,1.5471,0.4365
0.6944,0.0003,0.9458,0.9900,0.4365
1.1488,0.0004,0.6016,1.0371,0.4457
4.1068,0.0004,4.0641,1.4633,0.4658
0.6653,0.0003,0.7604,0.8927,0.4658
1.0704,0.0004,0.6342,0.8623,0.4658
4.6029,0.0006,4.3462,1.5919,0.4452
1.2579,0.0004,0.9944,1.7669,0.4452
1.1595,0.0004,0.6508,1.1697,0.4371
4.4339,0.0004,4.2038,1.3845,0.4231
1.0862,0.0003,0.8435,1.4415,0.4231
0.9915,0.0003,0.6541,1.0690,0.4231
4.3839,0.0004,4.2106,1.6580,0.4209
1.0922,0.0004,0.8565,1.4930,0.4209
0.9638,0.0004,0.7190,0.9638,0.4209
4.4688,0.0005,4.3262,1.2856,0.4380
1.1268,0.0004,0.8388,1.5218,0.4380
1.0023,0.0005,0.6433,0.8838,0.4380
4.2128,0.0005,3.9728,1.4603,0.4403
0.7511,0.0003,0.8969,0.9807,0.4403
1.2393,0.0005,0.6901,1.0344,0.4403
5.5133,0.0007,5.3535,1.5864,0.4235
0.7269,0.0004,1.0438,1.1820,0.4235
1.3371,0.0003,0.6449,1.0321,0.4345
4.1670,0.0003,4.1925,1.5509,0.4291
0.5800,0.0003,0.6995,0.8472,0.4291
1.1731,0.0003,0.5667,0.8704,0.4236
4.3396,0.0005,4.2401,1.5406,0.4189
0.7036,0.0006,0.8654,0.9015,0.4189
0.8142,0.0003,0.6116,0.8859,0.4189
4.3972,0.0005,4.1863,1.3332,0.4730
0.6697,0.0003,0.8829,0.9467,0.4730
1.0406,0.0003,0.6084,0.9331,0.4730
4.6632,0.0007,4.3338,2.1190,0.4533
0.9855,0.0005,1.0678,1.0183,0.4533
1.0975,0.0003,0.8328,1.3745,0.4475
4.7249,0.0007,4.4960,1.4088,0.4120
0.7741,0.0003,1.0448,1.1727,0.4120
1.2724,0.0005,0.6673,1.2299,0.4120
4.4032,0.0005,4.4044,1.3288,0.4471
0.6738,0.0004,0.8107,0.9473,0.4471
1.0159,0.0005,0.6207,0.9076,0.4471
4.5698,0.0005,4.3987,1.6530,0.4488
0.7200,0.0005,0.9340,0.9915,0.4488
0.9534,0.0004,0.6380,0.8179,0.4488
5.8017,0.0005,5.8033,1.5306,0.6789
0.7259,0.0004,0.9863,1.0561,0.6789
1.0379,0.0004,0.6487,1.0607,0.6789
4.0869,0.0004,3.9637,2.1584,0.4399
0.8045,0.0007,0.7363,0.8896,0.4399
1.1205,0.0004,0.8307,1.1154,0.4372
4.0715,0.0005,4.4521,1.0667,0.4411
0.7006,0.0004,0.7424,1.0210,0.4411
1.2821,0.0005,0.6494,1.0594,0.4411
4.6409,0.0010,4.5255,1.8913,0.4544
0.7173,0.0004,0.9315,0.9287,0.4544
1.0966,0.0004,0.6570,0.8762,0.4544
5.3594,0.0008,5.4099,1.9830,0.4322
0.6760,0.0004,0.8522,0.9101,0.4322
1.0621,0.0004,0.6547,0.8523,0.4443
4.9548,0.0008,4.9235,1.3447,0.4593
0.7275,0.0004,0.9998,1.1155,0.4593
0.9726,0.0005,0.7117,0.7911,0.4593
4.5119,0.0006,4.3426,1.5541,0.4740
0.7126,0.0004,0.9714,1.1996,0.4740
1.4407,0.0004,0.6277,1.0705,0.4740
4.4252,0.0005,4.2480,1.8129,0.4170
0.8754,0.0006,0.9214,1.1101,0.4170
0.9993,0.0004,0.8180,0.9652,0.4170
4.8197,0.0008,4.8693,1.9761,0.4540
0.7229,0.0006,0.9978,1.2172,0.4540
1.5313,0.0003,0.6567,1.5165,0.4401
4.1369,0.0004,4.1736,1.4413,0.4268
0.6077,0.0003,0.6979,0.8568,0.4268
1.2228,0.0004,0.5907,0.9147,0.4428
4.1844,0.0005,3.9994,1.2854,0.6485
0.7888,0.0003,1.0200,1.0821,0.6485
0.9432,0.0003,0.6323,1.1039,0.6485
4.4756,0.0006,4.1839,1.3343,0.4298
0.6812,0.0005,0.9015,0.9377,0.4298
1.0397,0.0004,0.6517,1.2479,0.4298
4.1890,0.0004,3.9458,1.3601,0.4319
0.8588,0.0004,0.8393,0.9067,0.4319
0.7220,0.0003,0.8141,0.9435,0.4319
4.6726,0.0007,4.3062,1.5624,0.4599
0.9094,0.0003,1.0410,1.4624,0.4599
1.7408,0.0004,0.6655,1.6200,0.4491
4.4375,0.0005,4.3590,1.3534,0.4370
0.8974,0.0004,0.8335,0.8783,0.4370
0.8461,0.0003,0.8586,0.9905,0.4370
5.0435,0.0009,4.9305,1.8344,0.4176
0.7171,0.0005,0.9408,1.0171,0.4176
1.0842,0.0004,0.6463,0.9380,0.4176
5.1072,0.0005,5.0674,1.9494,0.4475
0.6351,0.0003,0.7706,0.8493,0.4475
0.8710,0.0004,0.5765,0.8716,0.4475
3.8853,0.0003,3.7362,1.3942,0.4619
0.5965,0.0003,0.7133,0.8482,0.4619
1.0316,0.0003,0.5595,0.8192,0.4278
5.4620,0.0007,5.2769,1.2864,0.4814
0.7219,0.0004,1.0140,1.1378,0.4814
0.9077,0.0003,0.6974,0.8440,0.4814
4.0867,0.0004,3.9744,1.4749,0.4585
0.6261,0.0002,0.7091,0.8520,0.4585
1.2458,0.0004,0.5710,1.3349,0.4316
3.9199,0.0004,3.7536,0.8946,0.4517
0.6001,0.0003,0.7341,0.8826,0.4517
1.0670,0.0004,0.7453,0.9349,0.4517
4.5980,0.0006,4.3352,2.0125,0.4725
0.7777,0.0003,1.0078,1.1137,0.4725
0.9620,0.0002,0.6816,0.9478,0.4725
4.6121,0.0006,4.4878,1.8633,0.4467
1.0702,0.0004,0.9964,1.5818,0.4467
1.1541,0.0004,0.7493,0.9773,0.4467
4.9372,0.0007,4.6192,1.6671,0.4476
1.0905,0.0005,1.2085,1.1981,0.4476
0.8780,0.0003,0.8881,1.1201,0.4476
5.7096,0.0006,5.5592,1.6323,0.4437
0.7941,0.0004,1.0096,1.2987,0.4437
1.1570,0.0004,0.7502,0.9785,0.4437
4.6194,0.0005,4.4459,1.6861,0.4290
0.8218,0.0005,0.9888,1.2587,0.4290
1.1210,0.0006,0.7795,1.1263,0.4290
4.9482,0.0007,4.8773,1.9226,0.4318
1.2628,0.0164,1.0642,1.2906,0.4318
0.6570,0.0003,1.2170,0.8548,0.4461
4.5649,0.0004,4.3600,1.3121,0.4444
0.6659,0.0003,0.8537,0.9502,0.4444
0.9505,0.0004,0.5912,1.0289,0.4444
4.9284,0.0006,4.5469,1.3265,0.4567
0.7189,0.0003,1.0232,1.1174,0.4567
1.1833,0.0004,0.6078,1.3062,0.4542
4.4737,0.0005,4.2505,1.1895,0.4357
0.6680,0.0004,0.8329,0.8973,0.4357
1.0522,0.0004,0.6380,0.8721,0.4365
4.3501,0.0004,4.5892,1.1888,0.4353
0.6833,0.0003,0.8481,0.9672,0.4353
0.9903,0.0005,0.6951,0.8146,0.4353
5.0854,0.0006,5.0064,1.6395,0.4409
0.7435,0.0006,0.9805,1.1689,0.4409
0.8516,0.0007,0.6727,0.9376,0.4409
4.2146,0.0006,4.0199,1.7292,0.4537
0.6848,0.0004,0.8234,0.8539,0.4537
0.9008,0.0003,0.6691,1.1004,0.4537
4.4395,0.0008,4.3169,1.4779,0.4496
0.8287,0.0003,0.9863,1.2996,0.4496
1.3078,0.0003,0.7083,1.1390,0.4496
5.4159,0.0005,5.3506,1.3748,0.4557
0.7371,0.0005,0.8885,0.9400,0.4557
1.0702,0.0004,0.6517,1.2257,0.4349
4.4043,0.0006,4.3411,0.8666,0.4344
0.9077,0.0005,0.8888,0.9676,0.4344
0.9055,0.0004,0.9621,0.9462,0.4195
4.7229,0.0007,4.5493,1.3011,0.4492
0.7334,0.0003,1.0416,1.1074,0.4492
0.7841,0.0003,0.6496,0.8218,0.4492
4.3848,0.0005,4.0883,1.5244,0.4383
0.7117,0.0005,0.9588,1.0026,0.4383
1.0409,0.0004,0.6249,0.9602,0.4391
4.8381,0.0005,4.9417,1.3217,0.4232
1.0197,0.0004,0.8590,1.3198,0.4232
1.4994,0.0004,0.9574,1.5575,0.4232
5.3795,0.0005,5.2429,1.0296,0.4631
0.7993,0.0005,0.8879,0.9664,0.4631
0.9265,0.0003,0.7290,0.9170,0.4631
4.2708,0.0005,4.0826,1.8346,0.4549
0.9005,0.0004,0.8341,0.9160,0.4549
0.8168,0.0004,0.8974,0.9819,0.4549
4.4428,0.0005,4.2993,1.5375,1.1785
0.9102,0.0007,0.9290,1.1563,1.1785
0.8747,0.0003,0.8258,0.9123,1.1785
4.9059,0.0004,4.7063,1.7164,0.4287
0.7227,0.0005,0.8979,0.9714,0.4287
1.1007,0.0004,0.6410,0.9119,0.4287
4.2791,0.0005,4.2054,1.6284,0.4430
0.7426,0.0004,0.8160,1.1092,0.4430
1.1957,0.0007,0.6916,1.1742,0.4772
4.7554,0.0007,4.5379,1.4344,0.4400
0.7266,0.0005,0.9620,0.9421,0.4400
1.0532,0.0005,0.6878,0.9227,0.4363
4.6339,0.0007,4.5514,1.8062,0.4476
0.9368,0.0003,0.9652,0.9788,0.4476
0.9685,0.0005,0.8807,1.2647,0.4373
5.6335,0.0006,5.5458,1.6364,0.6415
0.6740,0.0003,0.9253,1.0216,0.6415
1.2390,0.0003,0.5972,0.9757,0.6415
4.4393,0.0003,4.2636,1.7164,0.4723
0.9149,0.0003,0.9198,0.9372,0.4723
0.8124,0.0003,0.8493,0.9572,0.4723
4.2469,0.0005,4.0216,1.5941,0.4389
0.6873,0.0004,0.8435,0.9109,0.4389
1.1639,0.0007,0.6402,1.3132,0.4389
4.6951,0.0007,4.3890,1.7492,0.4378
1.1239,0.0005,1.0280,1.6356,0.4378
1.2209,0.0005,0.7499,1.1793,0.4378
5.0301,0.0006,4.7699,1.6427,0.4220
1.1911,0.0005,0.9599,1.6245,0.4220
1.1135,0.0004,0.7106,1.0050,0.4220
5.3774,0.0005,5.1248,2.2105,0.4795
0.7623,0.0006,1.0063,1.0151,0.4795
0.9677,0.0004,0.6653,0.9703,0.4795
5.2815,0.0005,5.1871,1.2694,0.4688
0.6687,0.0003,0.8486,0.9806,0.4688
1.0715,0.0003,0.6108,1.1225,0.4688
4.2396,0.0006,4.0079,1.5551,0.4402
0.8193,0.0005,0.9492,1.2207,0.4402
1.5543,0.0004,0.7726,1.4763,0.4402
4.6114,0.0006,4.8003,1.6601,0.4429
0.6556,0.0003,0.8648,1.1080,0.4429
1.2575,0.0003,0.6011,0.9612,0.4429
4.2714,0.0004,4.2123,1.3363,0.4434
0.6716,0.0004,0.8314,0.9257,0.4434
1.1840,0.0003,0.5899,1.2224,0.4274
5.1858,0.0007,4.8390,1.2985,1.3397
0.8298,0.0004,1.0899,1.1703,1.3397
0.9052,0.0004,0.7342,1.0778,1.3397
4.4820,0.0005,4.2646,1.6523,0.4512
0.8958,0.0007,0.8420,0.9134,0.4512
0.7382,0.0004,0.9892,0.8376,0.4482
4.1682,0.0007,3.9959,1.1682,0.4316
0.7264,0.0006,0.8103,1.0609,0.4316
1.3119,0.0005,0.6765,1.1840,0.4316
4.7494,0.0007,4.7764,1.8821,0.4251
0.7312,0.0007,0.9495,0.9893,0.4251
0.8961,0.0004,0.6683,0.9048,0.4251
4.2370,0.0008,4.2560,1.5029,0.4564
0.6952,0.0005,0.8094,1.0728,0.4564
1.3910,0.0004,0.6436,1.2886,0.4250
5.3082,0.0007,5.0861,1.2484,0.4083
0.7628,0.0003,1.0493,1.3066,0.4083
1.2955,0.0004,0.6510,1.1468,0.4379
4.2855,0.0004,4.2587,1.2875,0.4518
0.6977,0.0003,0.8132,1.0360,0.4518
0.9463,0.0004,0.6225,0.9636,0.4518
4.4550,0.0006,4.1674,1.3420,0.4304
0.7077,0.0004,0.9423,0.9886,0.4304
0.9934,0.0004,0.6131,1.1517,0.4304
4.8024,0.0006,4.4454,1.8726,0.4505
0.7686,0.0005,1.0167,1.0070,0.4505
1.0906,0.0003,0.7291,0.9264,0.4505
4.2354,0.0004,4.3283,1.5047,0.4409
0.8602,0.0004,0.8000,0.9206,0.4409
0.7623,0.0003,0.8036,0.9338,0.4409
5.4789,0.0008,5.1661,1.9473,0.4214
0.8384,0.0006,1.0695,1.2716,0.4214
1.1140,0.0006,0.7732,0.8467,0.4214
5.1174,0.0006,5.1772,1.5119,0.4429
0.9159,0.0006,0.8899,0.9025,0.4429
0.5657,0.0003,0.8149,0.8920,0.4429
4.2282,0.0004,3.9853,1.1461,0.4397
0.6529,0.0003,0.8439,0.9582,0.4397
0.8481,0.0004,0.6311,0.9414,0.4397
4.8839,0.0012,4.4328,1.8713,0.4450
0.8063,0.0004,1.1308,1.0849,0.4450
0.9602,0.0004,0.6872,0.9747,0.4450
4.7903,0.0005,4.6427,2.0476,0.4250
0.7370,0.0005,0.8508,0.8931,0.4250
1.2483,0.0004,0.6649,1.4028,0.4250
4.5400,0.0006,4.2960,1.6846,0.4143
0.8945,0.0004,0.9558,1.1087,0.4143
1.4034,0.0004,0.8326,1.6601,0.4630
4.3924,0.0005,4.1996,1.3843,0.4129
1.1501,0.0003,0.8279,1.5484,0.4129
1.4652,0.0003,0.7266,1.4551,0.4549
5.3432,0.0005,5.1337,1.0266,0.4291
0.6996,0.0004,0.8928,0.9421,0.4291
0.9802,0.0005,0.6388,0.9913,0.4291
5.5384,0.0006,5.2013,2.1125,0.4268
0.7820,0.0006,1.0096,0.9882,0.4268
0.8313,0.0004,0.6777,0.8448,0.4268
4.3892,0.0005,4.2286,1.5974,0.4528
0.8700,0.0003,0.8951,0.9152,0.4528
0.7480,0.0003,0.7802,0.8173,0.4528
5.3713,0.0006,5.1350,1.3143,0.4586
0.8054,0.0003,0.9433,1.2098,0.4586
1.4712,0.0005,0.7476,1.5160,0.4445
4.5515,0.0005,4.3895,1.3644,0.4482
0.8204,0.0003,0.8784,1.2057,0.4482
1.3170,0.0002,0.6549,1.3738,0.4482
5.3748,0.0005,5.1467,1.0267,0.4396
0.7271,0.0006,0.8390,0.9674,0.4396
0.9906,0.0004,0.7121,1.1440,0.4396
5.9713,0.0008,5.6762,1.0193,0.4496
0.7412,0.0005,0.9938,1.0099,0.4496
1.2058,0.0003,0.6578,1.0902,0.4206
4.2389,0.0005,4.1630,1.5459,0.4544
0.6215,0.0003,0.8108,1.0307,0.4544
1.0407,0.0003,0.5749,1.0616,0.4544
5.8771,0.0007,5.4106,1.2247,1.2680
1.0049,0.0004,1.1676,1.2657,1.2680
0.8841,0.0004,0.8434,1.0335,1.2680
4.3506,0.0005,4.1676,1.5563,0.4485
0.8761,0.0005,0.8363,0.9445,0.4485
1.1917,0.0004,0.8375,1.4553,0.4413
5.2942,0.0007,4.9853,1.0332,0.4258
0.9086,0.0006,1.0548,1.4689,0.4258
1.3518,0.0003,0.6670,1.0417,0.4258
5.4934,0.0006,5.4465,2.0165,0.4263
0.8670,0.0004,0.8716,0.9507,0.4263
0.8990,0.0004,0.8677,0.8984,0.4263
4.2982,0.0005,4.3218,2.0481,0.4216
0.6771,0.0005,0.8727,0.9314,0.4216
0.9628,0.0005,0.6233,0.8310,0.4216
5.1016,0.0005,4.7619,1.8699,0.4597
0.7646,0.0005,1.0190,1.0207,0.4597
0.9746,0.0005,0.7109,1.1610,0.4597
4.5891,0.0008,4.4746,2.0464,0.4256
0.6691,0.0003,0.9083,0.9435,0.4256
0.9567,0.0003,0.6465,0.9391,0.4497
4.3553,0.0006,4.3201,1.5454,0.4406
1.1392,0.0003,0.9962,1.6129,0.4406
1.2536,0.0003,0.6907,0.9907,0.4406
4.6679,0.0006,4.4982,1.3902,0.4224
1.1505,0.0004,0.9139,1.4244,0.4224
0.8708,0.0002,0.8447,0.8929,0.4224
4.6754,0.0005,4.5727,1.7260,0.4440
0.8584,0.0003,0.9427,1.3566,0.4440
1.4201,0.0004,0.7737,1.0189,0.4440
5.2109,0.0006,4.9989,1.8638,0.4678
0.7280,0.0005,0.9590,0.9918,0.4678
1.0534,0.0005,0.6412,0.8997,0.4461
4.5367,0.0006,4.4202,2.0164,0.4280
0.7020,0.0003,0.9139,0.9512,0.4280
0.9605,0.0003,0.6229,1.1982,0.4280
4.8374,0.0006,4.3937,1.2830,0.4411
0.8989,0.0006,1.1186,1.4586,0.4411
1.5033,0.0004,0.7174,1.1907,0.4508
4.4142,0.0006,4.3870,1.5668,0.4411
0.8892,0.0004,0.8430,0.9233,0.4411
0.7597,0.0003,0.8492,0.9707,0.4411
4.2560,0.0005,4.0917,1.4386,0.4541
0.6702,0.0003,0.8389,0.9680,0.4541
0.9814,0.0003,0.6054,1.1078,0.4541
5.9072,0.0005,5.5712,1.2324,1.1117
0.7075,0.0005,0.9727,0.9818,1.1117
0.9858,0.0003,0.6664,0.9719,0.4396
4.1830,0.0004,4.3644,1.2593,0.4504
0.6193,0.0003,0.7960,0.9398,0.4504
1.3623,0.0004,0.5781,1.3993,0.4357
4.5731,0.0007,4.2327,1.4404,0.4309
0.7884,0.0003,1.0294,1.2485,0.4309
1.6784,0.0003,0.6720,1.6099,0.4657
4.5416,0.0004,4.4375,1.4570,0.4283
0.6599,0.0003,0.8408,1.0634,0.4283
0.9648,0.0003,0.6409,0.8391,0.4464
4.2665,0.0005,4.1930,1.2757,0.4313
0.6609,0.0003,0.8314,0.9400,0.4313
1.1009,0.0003,0.6101,1.0912,0.4313
4.5229,0.0005,4.3218,1.6574,0.4630
0.7416,0.0003,0.9235,1.1836,0.4630
1.3925,0.0003,0.6549,1.4032,0.4533
4.4629,0.0005,4.0848,1.3446,0.4229
0.7449,0.0007,1.0710,1.0266,0.4229
0.9038,0.0003,0.6537,1.1590,0.4229
4.5578,0.0005,4.2758,1.4896,0.4318
0.7391,0.0004,0.9458,0.9848,0.4318
0.9888,0.0004,0.7993,1.0454,0.4318
4.7163,0.0005,4.6225,1.6840,0.4401
0.7636,0.0005,0.9784,0.9739,0.4401
1.0274,0.0006,0.7283,0.7585,0.4352
5.3476,0.0005,5.4473,1.2346,0.4240
0.7730,0.0005,0.9274,1.1998,0.4240
1.2323,0.0005,0.6404,1.2346,0.4281
4.6637,0.0007,4.3185,1.2780,1.3306
0.7889,0.0006,1.0559,1.1262,1.3306
1.0034,0.0004,0.6618,0.9021,1.3306
4.3914,0.0005,4.2911,1.3385,0.4457
0.9128,0.0003,0.8663,0.9540,0.4457
0.8158,0.0003,0.8876,0.8511,0.4436
4.9885,0.0004,4.9679,1.4037,0.4370
0.6351,0.0003,0.8193,0.9384,0.4370
1.5348,0.0004,0.6141,1.5727,0.4370
4.7190,0.0006,4.4786,1.6880,0.4430
0.6761,0.0003,0.9248,0.9639,0.4430
0.9077,0.0004,0.6233,0.9545,0.4330
4.3494,0.0005,4.2851,1.3769,0.4332
0.7172,0.0005,0.8651,0.9102,0.4332
1.0371,0.0004,0.7169,0.7567,0.4245
5.5742,0.0007,5.5212,1.4782,0.4670
0.7108,0.0004,0.9619,1.0628,0.4670
15.6883,0.0010,15.1038,0.9833,0.4349
4.9634,0.0006,5.1694,1.6660,0.4351
1.1604,0.0006,1.3781,1.2096,0.4351
1.0149,0.0003,0.8400,0.8008,0.4418
5.1907,0.0003,5.2698,0.9539,0.4426
0.7825,0.0004,0.9367,0.9734,0.4426
1.1089,0.0004,0.7454,1.2595,0.4426
4.5993,0.0006,4.6660,1.7792,1.1011
0.8862,0.0004,1.0892,0.9918,1.1011
0.7008,0.0005,0.7618,0.9102,1.1011
4.4407,0.0005,4.2460,1.3979,0.4513
0.7888,0.0004,0.9479,0.9283,0.4513
0.9495,0.0003,0.7463,0.9203,0.4513
4.1966,0.0007,4.1911,1.6512,0.4135
0.9929,0.0007,0.9966,1.0130,0.4135
1.2912,0.0005,0.9256,1.2096,0.4429
5.1387,0.0007,5.1641,1.4856,0.6553
1.2415,0.0004,1.1517,1.7534,0.6553
1.1288,0.0004,0.8283,0.9809,0.6553
4.9354,0.0007,4.9526,1.9371,0.4264
0.9073,0.0007,1.1349,1.2728,0.4264
1.0270,0.0005,0.8207,1.2528,0.4264
5.2826,0.0012,4.7962,1.5535,0.4889
0.9059,0.0004,1.2610,1.1406,0.4889
1.0011,0.0004,0.9141,0.9733,0.4255
4.8315,0.0007,4.7370,1.6132,0.4238
0.8066,0.0003,1.0319,1.0754,0.4238
1.2571,0.0004,0.7588,1.1294,0.4238
6.3103,0.0007,5.9008,1.8533,0.4461
1.3497,0.0005,1.2127,1.8279,0.4461
1.1235,0.0004,0.8997,1.1437,0.4461
4.7208,0.0006,4.4834,1.9273,0.4258
0.7524,0.0005,0.9962,1.0555,0.4258
0.9172,0.0004,0.7241,1.1511,0.4258
5.1025,0.0008,4.7604,1.8075,0.4240
1.0044,0.0007,1.2567,1.6005,0.4240
1.6807,0.0009,0.9263,1.6956,0.4311
6.1543,0.0007,5.7591,1.5762,0.4339
0.8403,0.0006,1.2682,1.2483,0.4339
0.9152,0.0004,0.7315,1.1103,0.4339
5.1670,0.0010,4.7126,1.8863,0.4240
1.0555,0.0009,1.3461,1.2878,0.4240
1.2290,0.0007,0.8892,1.5851,0.4240
4.9580,0.0007,4.7243,1.4257,0.4360
0.9246,0.0006,1.1068,1.4653,0.4360
1.5564,0.0008,0.7228,1.5247,0.4360
5.8113,0.0008,5.4912,1.5317,0.4370
0.8398,0.0007,1.1274,1.1565,0.4370
1.1004,0.0006,0.7439,1.1451,0.4370
5.0553,0.0006,4.7375,2.4213,0.4225
0.7450,0.0003,1.0665,1.2650,0.4225
1.2722,0.0004,0.6604,1.0490,0.4225
5.1927,0.0005,4.9548,1.7155,0.4572
1.0882,0.0005,1.0063,1.0265,0.4572
1.1319,0.0004,1.0852,0.9873,0.4179
5.9119,0.0007,5.8991,2.4959,0.4500
1.0553,0.0006,1.2164,1.2541,0.4500
0.8106,0.0004,0.8783,1.1218,0.4500
4.6499,0.0005,4.3770,1.7082,0.4162
0.7842,0.0005,0.9804,1.1177,0.4162
1.3321,0.0005,0.6721,1.3489,0.4162
5.4699,0.0008,5.0998,1.3954,0.4219
1.0929,0.0006,1.2568,1.6898,0.4219
1.4112,0.0005,0.7742,1.0978,0.4219
5.6178,0.0006,5.4738,1.6344,0.4354
0.7478,0.0005,0.9779,1.0075,0.4354
0.9456,0.0005,0.6672,1.1012,0.4354
5.3458,0.0008,4.9905,1.3431,0.4197
1.0391,0.0442,1.1350,1.3259,0.4197
1.2473,0.0004,1.0229,1.2615,0.4557
5.7049,0.0006,5.6837,1.3040,0.4539
0.7563,0.0005,0.9945,1.0383,0.4539
1.5319,0.0006,0.7272,0.9884,0.4539
4.7188,0.0007,4.7565,1.8764,0.4424
0.7564,0.0007,1.0046,1.1420,0.4424
1.0666,0.0005,0.6533,0.9592,0.4424
4.7721,0.0006,4.4933,1.9017,0.4129
0.7332,0.0004,1.0000,1.0029,0.4129
1.2467,0.0003,0.6336,1.4685,0.4358
4.9038,0.0006,4.5395,1.0999,0.4270
1.4253,0.0004,1.0555,1.8741,0.4270
1.5863,0.0004,0.8105,1.6423,0.4300
6.5859,0.0007,6.1001,1.2216,0.4643
0.9937,0.0004,1.3092,1.3414,0.4643
0.9043,0.0005,0.8789,1.2010,0.4643
5.5749,0.0005,5.3568,1.3819,0.4637
0.8122,0.0004,1.0399,1.0733,0.4637
1.1453,0.0005,0.7104,1.0763,0.4637
5.5482,0.0007,5.3658,1.9994,0.4404
1.0057,0.0006,1.1041,1.1589,0.4404
0.8663,0.0003,0.9857,1.0152,0.4404
5.5354,0.0010,5.2917,1.2938,0.4397
0.8556,0.0005,1.1185,1.4167,0.4397
1.0717,0.0003,0.6970,0.9657,0.4397
6.4186,0.0008,5.8773,1.4954,0.4436
0.7900,0.0006,1.2586,1.2399,0.4436
0.9053,0.0004,0.8126,0.8170,0.4433
4.8917,0.0005,4.7201,1.2981,0.4232
0.9681,0.0004,1.0698,1.0911,0.4232
1.1681,0.0003,0.8762,1.5294,0.4232
4.7136,0.0007,4.5706,1.6482,0.4351
1.1061,0.0005,1.0847,1.5774,0.4351
0.8957,0.0006,0.7589,0.9252,0.4351
5.8701,0.0006,5.5540,1.4875,0.4399
1.2721,0.0004,1.0707,1.7120,0.4399
1.1165,0.0006,0.8055,1.0468,0.4337
4.8154,0.0005,4.6796,1.7329,0.4294
0.7671,0.0005,1.0186,1.2845,0.4294
1.3455,0.0007,0.6968,1.3491,0.4322
5.3526,0.0011,4.9462,1.4501,0.4255
1.0385,0.0006,1.2002,1.6555,0.4255
1.2042,0.0007,0.8313,1.2285,0.4255
4.6020,0.0006,4.4420,1.7460,0.4244
0.9768,0.0005,0.9728,1.0335,0.4244
1.0306,0.0004,0.9518,0.9111,0.4568
5.0129,0.0007,4.9593,1.3321,0.4498
0.9470,0.0006,1.1062,1.4625,0.4498
1.4108,0.0004,0.8877,1.1162,0.4498
6.0866,0.0007,5.6502,2.3628,0.4291
0.8604,0.0005,1.2351,1.1326,0.4291
0.9278,0.0004,0.7463,1.2127,0.4350
5.5682,0.0007,5.1637,1.5820,0.4379
1.3358,0.0006,1.2020,1.1893,0.4379
0.7707,0.0004,1.2499,1.1057,0.4379
5.0207,0.0008,4.7064,2.2698,0.4192
0.7948,0.0005,1.1032,1.1586,0.4192
0.9531,0.0003,0.6914,1.1901,0.4192
4.8090,0.0005,4.4816,1.6848,0.4356
0.7770,0.0005,1.0244,1.2080,0.4356
0.9765,0.0003,0.6746,0.9290,0.4356
4.9858,0.0008,4.7224,1.9270,0.4580
1.2211,0.0007,1.1203,1.6913,0.4580
1.0979,0.0007,0.7696,1.1546,0.4580
5.6934,0.0007,5.3637,2.2936,0.4337
1.0216,0.0005,1.1057,1.1177,0.4337
0.8233,0.0005,0.8983,1.0210,0.4337
5.1429,0.0007,4.8493,1.5495,0.4484
0.8363,0.0008,1.1014,1.1261,0.4484
1.0851,0.0007,0.7189,1.3444,0.4484
4.7699,0.0006,4.4917,1.2096,0.4337
0.9768,0.0006,0.9626,1.1139,0.4337
1.1355,0.0004,0.9074,1.4640,0.4289
4.8455,0.0008,4.4789,1.1879,0.4290
0.9550,0.0006,1.1281,1.2135,0.4290
1.3775,0.0004,0.8435,1.6330,0.4472
5.0226,0.0006,4.7769,1.8628,0.4182
1.2595,0.0003,1.0488,1.7092,0.4182
1.4017,0.0003,0.7958,1.3879,0.4140
4.8063,0.0006,4.5881,1.3834,0.4041
0.8150,0.0005,1.0481,1.3299,0.4041
1.3984,0.0007,0.7339,1.3427,0.4041
5.2179,0.0013,5.1417,2.1486,0.4299
0.8505,0.0005,1.1556,1.2281,0.4299
1.2996,0.0004,0.7687,1.2708,0.4385
5.4952,0.0011,5.2768,2.7672,0.4261
1.6007,0.0006,1.0513,2.0341,0.4261
1.6279,0.0004,0.9024,1.6189,0.4261
5.0861,0.0006,4.9512,1.2732,0.4415
0.9976,0.0004,1.1139,1.5734,0.4415
1.1552,0.0004,0.7349,1.0813,0.4415
4.9289,0.0007,4.5064,1.6413,0.4188
1.1219,0.0005,1.2023,1.0957,0.4188
0.7124,0.0004,1.0989,0.9179,0.4188
5.1178,0.0009,4.6815,1.2967,1.0655
1.0981,0.0008,1.1608,1.3715,1.0655
0.8717,0.0005,1.0803,0.8856,1.0655
5.5385,0.0007,5.3677,2.0376,0.4240
0.8506,0.0009,1.0726,1.1373,0.4240
0.9748,0.0006,0.7277,0.8505,0.4286
6.1750,0.0008,6.0878,1.4993,0.4255
1.0670,0.0006,1.1702,1.2549,0.4255
0.8662,0.0004,0.9911,0.8949,0.4326
4.8843,0.0007,4.7486,1.4120,0.4265
1.1960,0.0003,1.0010,1.7006,0.4265
1.1744,0.0005,0.6715,0.9924,0.4265
5.5577,0.0010,5.3301,2.3170,0.4283
0.9711,0.0006,1.1617,1.2457,0.4283
0.9458,0.0007,0.9375,1.0507,0.4283
4.9637,0.0006,4.8094,1.6545,0.4369
0.7936,0.0003,1.0368,1.3003,0.4369
0.9689,0.0003,0.6874,1.0053,0.4369
4.9173,0.0007,4.4740,1.2731,0.4356
1.0990,0.0006,1.1773,1.1428,0.4356
0.7739,0.0004,1.0050,1.3047,0.4356
5.1154,0.0007,4.7154,1.6183,1.1709
1.1265,0.0006,1.2248,1.2712,1.1709
0.9738,0.0005,0.9721,1.1302,1.1709
5.0793,0.0011,4.8221,2.2907,0.4360
1.2365,0.0006,1.0649,1.7372,0.4360
1.0101,0.0005,0.7442,1.0091,0.4604
5.5714,0.0009,5.3013,1.9832,0.4279
0.7860,0.0009,1.1613,1.3064,0.4279
1.6541,0.0005,0.7032,1.7916,0.4385
5.1329,0.0007,4.7113,1.5107,0.4362
0.8285,0.0006,1.1566,1.1228,0.4362
1.2236,0.0004,0.7150,1.2528,0.4365
6.0629,0.0008,5.7953,1.8420,0.4347
0.8661,0.0005,1.1606,1.4798,0.4347
1.5469,0.0005,0.7025,1.5257,0.4315
5.1319,0.0008,4.7530,1.2435,0.4343
1.2620,0.0011,1.1367,1.7366,0.4343
1.2784,0.0006,0.8518,1.2724,0.4381
5.8976,0.0012,5.4693,1.3688,0.4150
1.6531,0.0008,1.3938,2.0860,0.4150
0.9800,0.0008,1.4284,0.9424,0.4518
5.4432,0.0009,5.1540,1.4327,0.4401
1.2891,0.0004,1.2336,1.8248,0.4401
1.5151,0.0005,0.8643,1.6231,0.4406
5.1143,0.0008,4.7780,1.8513,0.4319
1.2017,0.0007,1.1777,1.7382,0.4319
1.9265,0.0008,0.8572,1.6835,0.4359
5.7141,0.0009,5.5757,1.4890,0.4206
1.0695,0.0005,1.2641,1.3037,0.4206
1.0579,0.0004,0.9997,1.4404,0.4206
4.9605,0.0009,4.6846,1.8009,0.4204
1.2217,0.0010,1.1184,1.7631,0.4204
1.5955,0.0008,0.8875,1.5524,0.4204
5.3597,0.0007,5.0563,1.9149,0.4177
0.9576,0.0007,1.2433,1.2305,0.4177
1.2806,0.0008,0.8134,1.5346,0.4177
5.3447,0.0007,5.3163,2.0514,0.4051
0.8387,0.0005,1.2040,1.1828,0.4051
1.0374,0.0004,0.7634,1.2311,0.4051
5.4485,0.0006,5.0711,2.0447,0.6894
1.0372,0.0007,1.1025,1.4430,0.6894
0.9954,0.0007,0.9024,0.9786,0.6894
4.6905,0.0008,4.6799,1.6284,0.4325
1.1539,0.0003,0.9798,1.6111,0.4325
0.8107,0.0004,0.6974,0.8847,0.4325
4.9410,0.0008,4.4761,1.5000,0.4293
1.0194,0.0005,1.2093,1.4439,0.4293
1.1057,0.0004,0.9019,1.0447,0.4293
5.4066,0.0005,5.2228,1.5472,0.4183
1.1702,0.0005,1.0561,1.7068,0.4183
1.5244,0.0005,0.6264,1.3655,0.4132
5.2272,0.0006,4.8501,1.7690,0.4360
1.1422,0.0005,1.4022,1.6212,0.4360
1.1981,0.0004,0.8995,1.1409,0.4360
4.6920,0.0005,4.5426,2.3203,0.4253
0.7853,0.0005,0.9781,1.1256,0.4253
1.1756,0.0004,0.7449,1.2715,0.4253
4.7659,0.0006,4.4729,1.5839,0.4524
0.7652,0.0006,1.0684,1.1001,0.4524
1.4214,0.0006,0.7074,1.5899,0.4524
5.1337,0.0006,4.7754,2.1770,0.4252
0.7642,0.0007,1.0853,1.0719,0.4252
1.0000,0.0006,0.6600,1.1840,0.4252
5.5271,0.0007,5.2318,1.5625,0.4248
0.9218,0.0003,0.9519,1.0472,0.4248
1.0027,0.0004,0.8634,1.1926,0.4248
6.1775,0.0010,5.9656,1.7891,1.2234
0.8173,0.0004,1.2256,1.2765,1.2234
1.1858,0.0003,0.7396,1.3987,1.2234
5.5659,0.0007,5.3731,1.8521,0.4218
1.3417,0.0005,1.0022,1.2495,0.4218
0.9398,0.0005,1.3314,1.4644,0.4218
5.5496,0.0009,5.2720,1.5218,0.4476
0.8323,0.0003,1.1725,1.3173,0.4476
1.2129,0.0003,0.8144,1.3472,0.4476
5.0213,0.0003,4.9299,1.5265,0.4354
0.8824,0.0003,0.8706,0.9751,0.4354
0.8363,0.0004,0.8420,1.1786,0.4354
4.7970,0.0008,4.5933,1.7849,0.4419
1.2130,0.0003,1.1636,1.1087,0.4419
1.0837,0.0004,1.0418,1.4125,0.4728
4.5519,0.0004,4.8033,1.5113,0.4235
0.6141,0.0003,0.7979,0.9328,0.4235
1.2109,0.0003,0.6039,1.2048,0.4235
4.3435,0.0004,4.0559,1.4413,0.4217
1.2704,0.0004,0.9070,1.6353,0.4217
1.5604,0.0004,0.7260,1.5921,0.4363
4.8644,0.0006,4.5777,1.2085,0.4410
0.8784,0.0005,0.9897,1.1211,0.4410
1.0670,0.0005,0.8397,1.0557,0.4410
4.4143,0.0006,4.3702,2.0530,0.4637
0.8163,0.0004,0.8889,1.2254,0.4637
1.5823,0.0004,0.6608,1.5969,0.4637
4.4627,0.0005,4.1958,1.3649,0.4302
0.7698,0.0003,0.9476,1.0424,0.4302
1.2962,0.0005,0.6668,1.0016,0.4548
5.1233,0.0005,5.0933,1.4556,0.4254
0.8161,0.0004,0.8194,1.0247,0.4254
1.1834,0.0005,0.9579,0.9448,0.4254
4.6789,0.0005,4.7156,1.5303,0.4301
0.9003,0.0004,0.9622,0.9661,0.4301
0.8255,0.0004,0.9030,1.0951,0.4301
5.2197,0.0008,4.9713,1.1428,0.4577
0.7582,0.0008,1.0690,1.3119,0.4577
1.2502,0.0006,0.6702,1.2609,0.4477
4.4065,0.0005,4.1777,0.8966,0.4540
0.8956,0.0005,0.8708,0.9383,0.4540
0.8664,0.0005,0.8438,1.1062,0.4540
5.8181,0.0005,5.5052,1.4059,0.4135
1.0786,0.0004,1.1713,1.0884,0.4135
0.6079,0.0003,1.0164,0.7806,0.4374
4.4169,0.0005,4.2177,1.3718,0.4303
0.6586,0.0004,0.8209,0.9863,0.4303
1.3609,0.0003,0.5995,1.3949,0.4303
5.1532,0.0006,4.9893,1.9691,0.4373
0.9656,0.0005,0.8125,0.9167,0.4373
0.7657,0.0003,0.9796,0.9462,0.4373
5.1862,0.0008,4.7521,2.0681,0.4461
1.2978,0.0007,1.3168,1.3042,0.4461
0.7025,0.0004,1.1427,0.9165,0.4461
5.7690,0.0008,5.4596,2.0605,0.4157
0.8112,0.0005,1.0434,1.1538,0.4157
1.5101,0.0005,0.7241,1.7034,0.4234
5.1387,0.0007,4.8950,1.0875,0.4551
1.1612,0.0005,1.1471,1.6925,0.4551
1.2863,0.0006,0.7656,1.2078,0.4551
4.6988,0.0007,4.5128,1.5841,0.4362
0.9922,0.0006,0.9707,1.2942,0.4362
0.8313,0.0003,0.8676,0.9994,0.4362
5.4221,0.0007,5.0744,1.7028,0.4453
0.9091,0.0005,1.1548,1.5129,0.4453
1.5122,0.0003,0.6891,1.2834,0.4453
5.1825,0.0009,4.9388,1.8300,0.4269
1.0789,0.0007,1.1716,1.5566,0.4269
1.3937,0.0011,0.8641,1.4485,0.4269
5.2440,0.0007,4.8237,1.7986,0.4391
1.2828,0.0006,1.2404,1.6926,0.4391
1.2175,0.0006,1.1698,1.3939,0.4635
6.1691,0.0007,5.8530,1.6272,0.4224
0.8289,0.0006,1.1385,1.2232,0.4224
1.4343,0.0004,0.7346,1.5893,0.4378
4.9368,0.0005,4.6434,1.6593,0.4440
0.9170,0.0005,1.0926,1.2836,0.4440
1.6946,0.0006,0.8766,1.6983,0.4571
4.9299,0.0005,4.9034,1.5797,0.4361
0.7664,0.0004,0.9904,1.0255,0.4361
1.5419,0.0005,0.6851,1.7584,0.4191
5.8152,0.0005,5.4713,1.4517,0.4222
0.7667,0.0005,1.0464,1.0867,0.4222
1.6399,0.0004,0.6904,1.7567,0.4449
4.9963,0.0006,4.7582,1.2944,0.4454
1.2221,0.0005,1.1244,1.7670,0.4454
1.4050,0.0005,0.7720,0.9971,0.4454
5.9272,0.0006,5.7392,2.2417,0.4550
0.7825,0.0005,1.0986,1.0973,0.4550
1.4208,0.0006,0.6851,1.5170,0.4550
5.1541,0.0007,4.9103,1.7499,0.4555
0.9856,0.0006,1.1317,1.5460,0.4555
1.1238,0.0004,0.7122,0.9641,0.4555
4.7288,0.0006,4.4148,1.5721,0.4507
0.8649,0.0005,1.0521,1.3996,0.4507
1.2546,0.0004,0.6718,1.0798,0.4507
5.2374,0.0008,4.7484,1.7784,1.1364
0.8760,0.0004,1.2349,1.3524,1.1364
1.3303,0.0004,0.7596,1.5109,0.4311
5.7971,0.0007,5.5857,1.0462,0.4366
0.8208,0.0006,1.1062,1.3493,0.4366
1.3235,0.0005,0.8332,1.3104,0.4366
6.5525,0.0011,6.2706,1.4923,0.4204
0.8270,0.0006,1.2020,1.3589,0.4204
1.0664,0.0004,0.7266,1.1747,0.4204
4.6414,0.0005,4.3753,1.6549,0.4320
0.9741,0.0003,1.0007,1.0147,0.4320
0.9193,0.0005,0.8609,1.1169,0.4320
5.3318,0.0010,5.0724,1.6366,0.4265
0.9047,0.0007,1.0687,1.3873,0.4265
1.6646,0.0008,0.8004,1.3924,0.4449
4.9033,0.0008,4.7565,1.9950,0.4215
1.1237,0.0007,1.0892,1.6754,0.4215
1.5918,0.0003,0.7040,1.5985,0.4215
4.7935,0.0007,4.4927,1.4792,0.4259
0.8012,0.0005,1.0300,1.0574,0.4259
1.2345,0.0004,0.7880,1.4606,0.4259
5.3292,0.0008,4.8703,1.7506,0.4364
0.9925,0.0004,1.2233,1.0986,0.4364
0.8229,0.0003,0.9551,1.0850,0.4364
4.7046,0.0006,4.5216,2.1156,0.4367
0.7764,0.0004,0.9788,1.0733,0.4367
1.2543,0.0004,0.7123,1.0920,0.4329
4.7918,0.0007,4.7839,1.5565,0.4394
0.8204,0.0006,1.0681,1.1495,0.4394
1.1908,0.0180,0.6810,0.9351,0.4261
5.5795,0.0006,5.3829,1.8557,0.4558
0.7329,0.0004,0.9909,1.1274,0.4558
1.1505,0.0004,0.6655,0.9637,0.4558
5.3724,0.0006,4.9549,1.6853,0.4336
0.9727,0.0008,1.1740,1.4404,0.4336
1.2854,0.0006,0.9427,1.1694,0.4336
4.9613,0.0007,4.8912,1.7440,0.4261
0.7720,0.0004,1.0020,1.0766,0.4261
1.2222,0.0003,0.6873,1.3579,0.4261
5.5723,0.0007,5.3127,1.3347,0.4232
0.7221,0.0006,0.9436,1.0242,0.4232
1.3793,0.0006,0.6562,1.4609,0.4232
4.9772,0.0006,4.6644,1.3316,0.4438
1.0901,0.0005,1.0680,1.1669,0.4438
0.8063,0.0004,0.9917,1.2895,0.4438
5.3791,0.0008,5.0238,1.7976,0.4429
1.0107,0.0004,1.0813,1.1194,0.4429
1.2662,0.0002,0.9446,1.6977,0.4229
6.1088,0.0008,5.7915,1.5047,0.4408
1.2633,0.0008,1.1511,1.2617,0.4408
1.1116,0.0003,1.1864,1.6909,0.4408
4.7493,0.0006,4.8269,1.2355,0.4225
0.9602,0.0003,0.9930,1.0231,0.4225
1.3031,0.0003,0.8952,1.6699,0.4225
4.9631,0.0008,4.6047,1.1238,0.4254
0.8407,0.0005,1.0886,1.3842,0.4254
1.2252,0.0005,0.7920,1.1719,0.4254
5.7518,0.0007,5.4682,1.8902,0.4272
0.7506,0.0003,1.0472,1.2632,0.4272
1.5011,0.0003,0.6949,1.5478,0.4421
4.8968,0.0009,4.4666,1.4409,0.4259
0.9319,0.0005,1.1939,1.3339,0.4259
1.2432,0.0003,0.8003,1.0054,0.4652
5.7998,0.0007,5.6684,1.7451,0.4546
0.7819,0.0007,1.0681,1.1084,0.4546
1.0064,0.0005,0.6686,0.9941,0.4546
4.7294,0.0007,4.3653,1.8160,0.4337
1.2541,0.0006,1.0614,1.0799,0.4337
0.8128,0.0003,1.2470,0.9375,0.4337
5.1283,0.0007,4.8788,2.1325,0.4722
0.7906,0.0004,1.0630,1.1684,0.4722
1.2159,0.0004,0.7021,0.9542,0.4722
4.7017,0.0007,4.4534,1.6790,0.4190
1.2243,0.0003,0.9985,1.7454,0.4190
1.1753,0.0004,0.7135,0.8003,0.4190
5.1950,0.0006,4.8588,1.6097,1.1666
1.0990,0.0005,1.1900,1.1984,1.1666
0.6635,0.0005,0.9826,0.9683,0.4453
5.6766,0.0005,5.3726,1.1656,0.4422
0.9942,0.0004,1.0368,1.1611,0.4422
1.0016,0.0005,0.8825,1.0067,0.4422
6.4740,0.0007,6.1591,1.8761,0.4126
0.8409,0.0006,1.2397,1.2558,0.4126
1.1754,0.0003,0.7326,1.3668,0.4126
4.9179,0.0008,4.5895,1.3692,0.4471
1.0766,0.0004,1.0760,1.2446,0.4471
0.7903,0.0004,0.9793,0.7661,0.4471
5.9771,0.0009,5.6422,1.6601,0.4363
0.9429,0.0007,1.2117,1.2670,0.4363
1.3490,0.0003,0.8550,1.6219,0.4363
4.9443,0.0007,4.7030,1.3695,0.4246
1.4385,0.0005,1.0597,1.8292,0.4246
1.2355,0.0005,0.8203,1.3690,0.4267
5.4441,0.0007,4.4948,1.1997,0.4341
1.5214,0.0006,1.8271,1.1997,0.4341
1.0546,0.0006,1.3564,1.8551,0.6587
5.5628,0.0007,5.3191,0.9752,0.4389
0.8642,0.0005,1.1161,1.2480,0.4389
0.9719,0.0010,0.7368,1.0094,0.4251
4.8932,0.0008,4.6355,1.9167,0.4246
1.0979,0.0002,1.0276,1.6458,0.4246
1.3742,0.0004,0.6344,1.0497,0.4246
5.1363,0.0011,4.8124,2.1726,0.4166
1.2875,0.0007,1.1354,1.8420,0.4166
0.9627,0.0005,0.7653,0.8227,0.4166
5.5690,0.0006,5.5086,1.8194,0.4338
0.7787,0.0004,1.0522,1.1742,0.4338
1.7980,0.0004,0.6791,1.9384,0.4361
5.1884,0.0007,4.7756,1.0240,0.4734
1.4625,0.0004,1.1117,1.8461,0.4734
1.1396,0.0225,0.9079,1.1399,0.4734
4.7891,0.0008,4.5233,1.6791,0.4292
0.8366,0.0005,1.1129,1.1341,0.4292
0.9852,0.0004,0.8607,1.0308,0.4291
5.8526,0.0008,5.6257,1.5089,0.4309
0.8672,0.0009,1.1872,1.2748,0.4309
1.0534,0.0007,0.7395,1.1375,0.4527
6.1513,0.0007,5.8669,1.5386,0.4155
1.0753,0.0004,1.1153,1.6804,0.4155
1.3432,0.0005,0.6936,1.2710,0.4155
5.7923,0.0010,5.0392,1.5612,0.4272
0.8910,0.0006,1.5319,1.6691,0.4272
1.2047,0.0003,0.7116,1.0026,0.4610
5.1816,0.0008,4.8945,1.4741,0.4251
0.7752,0.0004,1.1643,1.2052,0.4251
0.8191,0.0004,0.7199,0.8785,0.4251
4.8053,0.0008,4.5524,1.7827,0.4464
0.8448,0.0005,1.0730,1.0319,0.4464
1.2172,0.0003,0.7774,1.1611,0.4518
5.1142,0.0006,5.2245,1.3259,0.4485
0.8459,0.0004,1.1393,1.1565,0.4485
1.0669,0.0003,0.8360,0.9656,0.4455
4.9315,0.0007,4.8785,1.3770,0.4310
0.7350,0.0003,1.0778,1.2923,0.4310
1.5847,0.0004,0.6596,1.5824,0.4444
5.0461,0.0008,4.6182,1.3478,0.4519
0.8052,0.0003,1.1349,1.2181,0.4519
1.4550,0.0005,0.6893,1.6414,0.4323
4.8237,0.0006,4.4808,1.4741,0.4447
0.7341,0.0003,1.0557,1.3314,0.4447
1.4316,0.0004,0.6549,0.9683,0.4447
6.5231,0.0006,6.0902,1.9479,0.4394
1.0335,0.0007,1.3312,1.3529,0.4394
0.9745,0.0003,0.8865,0.9893,0.4394
4.8596,0.0006,4.6130,1.7603,0.4202
0.9388,0.0005,1.1225,1.5439,0.4202
1.3809,0.0005,0.6757,1.3194,0.4202
5.7516,0.0006,5.4982,1.0956,0.4456
1.3481,0.0005,1.1331,1.9025,0.4456
1.3140,0.0004,0.8259,1.0749,0.4456
5.2681,0.0007,5.0151,2.0589,0.4357
1.0526,0.0007,1.1951,1.2568,0.4357
0.8486,0.0004,0.9076,1.0583,0.4357
4.7844,0.0009,4.6459,1.8219,0.4472
1.0811,0.0013,1.2090,1.0445,0.4472
1.0352,0.0007,0.8741,1.3937,0.4472
4.8931,0.0006,4.6195,1.7083,0.4368
1.3795,0.0003,1.0932,1.8610,0.4368
1.2784,0.0004,0.7583,1.2775,0.4368
5.4118,0.0007,5.2615,1.5307,0.4305
0.9627,0.0004,0.9510,0.9975,0.4305
0.8270,0.0004,0.8596,0.8818,0.4305
5.3794,0.0007,5.0145,1.6365,0.4907
1.1091,0.0003,1.2282,1.6546,0.4907
1.4008,0.0003,0.6792,1.2236,0.4907
4.4602,0.0005,4.3056,1.5981,0.4220
0.6799,0.0003,0.8684,1.1148,0.4220
1.2014,0.0003,0.6572,0.9606,0.4220
5.7722,0.0006,5.3804,1.6227,0.4279
0.8018,0.0003,1.1037,1.3564,0.4279
1.3371,0.0004,0.6931,0.9893,0.4279
5.4885,0.0008,5.2006,2.1906,0.4230
1.0439,0.0007,1.0546,1.1318,0.4230
1.0638,0.0007,0.9413,1.3117,0.4230
4.7886,0.0009,4.7039,1.5177,0.4539
1.3149,0.0007,1.1256,1.2973,0.4539
0.7789,0.0006,1.1755,1.2917,0.4539
4.6850,0.0006,4.4937,1.9229,0.4264
0.7273,0.0005,0.9276,0.9877,0.4264
1.0404,0.0004,0.6702,0.9977,0.4264
4.4850,0.0007,4.2200,1.8172,0.4393
0.7110,0.0005,0.9394,1.1198,0.4393
0.9940,0.0007,0.6372,0.9399,0.4393
5.2470,0.0008,4.7828,1.6730,0.4434
0.8609,0.0008,1.2127,1.3213,0.4434
1.2323,0.0003,0.7044,1.1389,0.4434
4.9825,0.0008,4.5562,1.3820,0.4329
0.8716,0.0005,1.2196,1.2381,0.4329
1.0541,0.0005,0.7565,1.0007,0.4329
5.3115,0.0008,5.0374,2.1181,0.4357
1.2339,0.0005,1.1494,1.7927,0.4357
1.2943,0.0004,0.9365,0.9286,0.4357
4.6539,0.0006,4.5386,1.4444,0.4501
0.6996,0.0006,0.9191,0.9968,0.4501
0.9077,0.0003,0.6191,0.9931,0.4501
5.0344,0.0006,4.7815,1.5079,0.4190
0.7384,0.0005,0.8972,0.9430,0.4190
0.9611,0.0004,0.6749,0.9798,0.4190
4.7081,0.0006,4.4641,1.6198,0.4481
0.7737,0.0005,0.9532,1.0131,0.4481
0.8943,0.0004,0.6944,0.8158,0.4281
4.4260,0.0006,4.2811,1.2888,0.4302
0.6229,0.0003,0.8998,1.0306,0.4302
0.9642,0.0003,0.5681,0.8681,0.4302
4.3325,0.0006,4.0376,1.3450,0.4230
0.7779,0.0003,0.9825,1.0738,0.4230
1.2468,0.0004,0.7007,1.4528,0.4230
5.2011,0.0004,5.0400,1.0866,0.4438
0.6198,0.0003,0.7653,0.8738,0.4438
1.0574,0.0004,0.5651,0.9283,0.4438
4.9733,0.0005,4.8068,1.2780,0.4316
0.8683,0.0003,0.8632,0.9963,0.4316
1.1404,0.0005,0.8460,0.8487,0.4221
5.0666,0.0006,5.2064,1.3551,0.4630
1.0207,0.0005,1.0710,1.1689,0.4630
0.7368,0.0005,0.9363,0.8650,0.4182
4.3000,0.0005,4.2763,1.8043,0.4295
0.6486,0.0002,0.7868,0.8984,0.4295
1.0796,0.0003,0.5694,0.9727,0.4367
5.7066,0.0007,5.3018,1.2636,0.4320
0.7865,0.0007,1.2299,1.1210,0.4320
0.5963,0.0003,0.6676,0.8922,0.4320
5.0975,0.0003,4.8585,1.1593,0.4176
0.6142,0.0003,0.8220,0.9228,0.4176
0.9379,0.0003,0.5472,0.8448,0.4176
4.4133,0.0004,4.1440,1.9864,0.4398
1.0539,0.0003,0.8947,1.5083,0.4398
1.1277,0.0003,0.6049,1.1438,0.4404
4.7698,0.0006,4.3881,1.2236,0.4563
0.7866,0.0005,1.0424,1.0647,0.4563
0.8480,0.0004,0.6876,1.0862,0.4563
4.0982,0.0004,3.9746,1.5913,0.4532
0.6260,0.0004,0.7170,0.8349,0.4532
1.2995,0.0003,0.6077,1.3629,0.4410
4.1306,0.0005,4.0047,1.3569,0.4121
0.6647,0.0005,0.7812,0.8369,0.4121
1.3299,0.0004,0.6548,1.0752,0.4444
5.1676,0.0006,5.0885,1.3905,0.4527
0.9019,0.0002,0.8845,0.9508,0.4527
0.9435,0.0003,0.9419,0.7628,0.4386
5.2238,0.0005,5.2442,1.2030,0.4368
0.6488,0.0003,0.8127,0.9647,0.4368
0.8263,0.0005,0.6153,0.8755,0.4368
4.8183,0.0009,4.4091,1.4472,0.4466
0.8154,0.0005,1.0852,1.1295,0.4466
1.1362,0.0003,0.7253,1.2923,0.4475
4.4095,0.0005,4.2057,1.5079,0.4315
0.6584,0.0003,0.9069,1.1028,0.4315
0.9853,0.0003,0.6085,0.9587,0.4315
4.3925,0.0005,4.1954,1.7786,0.4277
0.6946,0.0004,0.8261,0.8795,0.4277
1.1465,0.0006,0.7022,1.3077,0.4277
5.8175,0.0006,5.5951,1.5360,0.4369
0.6696,0.0003,0.9033,0.9214,0.4369
1.4954,0.0004,0.5971,1.5839,0.4592
4.2420,0.0004,4.1391,1.2078,0.4203
0.6301,0.0003,0.7670,0.8707,0.4203
0.8695,0.0004,0.5858,0.8202,0.4203
4.3380,0.0006,4.0242,1.3148,0.6601
0.7144,0.0004,0.9590,1.0653,0.6601
1.0766,0.0003,0.6535,0.9369,0.6601
4.5185,0.0004,4.3169,2.1542,0.4313
0.6843,0.0003,0.8504,0.9025,0.4313
1.1365,0.0003,0.6658,0.8678,0.4427
4.2235,0.0008,4.2989,1.6394,0.4211
0.6453,0.0003,0.8194,0.9384,0.4211
1.1777,0.0003,0.6040,0.9184,0.4211
5.0998,0.0006,4.9281,1.9999,0.4963
0.7687,0.0005,1.0370,1.0500,0.4963
1.2569,0.0004,0.6642,0.9352,0.4963
5.4370,0.0005,5.4623,1.9494,0.4476
0.6918,0.0004,0.8816,1.0109,0.4476
1.1326,0.0003,0.6249,1.2002,0.4424
4.4881,0.0008,4.1452,1.0490,0.6476
0.7829,0.0006,1.0221,1.1102,0.6476
1.0418,0.0004,0.6897,1.2023,0.6476
4.4780,0.0004,4.3535,1.5399,0.4475
0.8090,0.0003,0.7938,0.9104,0.4475
1.0063,0.0004,0.7965,1.2541,0.4475
5.0314,0.0003,4.9783,1.6998,0.4440
0.6097,0.0003,0.7276,0.8372,0.4440
1.1008,0.0004,0.5685,0.8182,0.4440
5.0250,0.0005,4.7970,1.8377,0.4593
0.6959,0.0003,0.9125,1.0058,0.4593
1.1847,0.0003,0.6353,0.9637,0.4593
4.2255,0.0004,4.1211,1.7755,0.4625
0.6749,0.0004,0.8188,0.8704,0.4625
1.1408,0.0004,0.6123,1.1974,0.4625
4.4186,0.0005,4.1339,1.4471,0.4363
0.8190,0.0003,1.0560,1.1070,0.4363
1.1545,0.0002,0.7609,1.3882,0.4363
5.8360,0.0005,5.7317,1.1193,0.4610
0.7643,0.0003,0.9923,1.0477,0.4610
1.1237,0.0005,0.6810,1.1386,0.4610
4.3793,0.0005,4.1970,1.5021,0.4714
0.6733,0.0003,0.8645,0.9102,0.4714
0.8541,0.0003,0.6067,0.9653,0.4714
4.5095,0.0005,4.2084,1.9099,0.4641
0.7323,0.0003,0.9511,0.9661,0.4641
1.2221,0.0003,0.6449,1.4673,0.4305
4.0143,0.0005,3.8805,1.1056,0.4386
0.6160,0.0003,0.7206,0.8465,0.4386
1.1087,0.0003,0.5717,1.1671,0.4342
3.8339,0.0004,3.6983,1.1857,0.4385
0.7408,0.0006,0.7228,1.0465,0.4385
1.0406,0.0005,0.6333,1.0259,0.4385
4.7508,0.0006,4.4924,1.4529,0.4383
0.7644,0.0003,0.9868,0.9451,0.4383
1.0860,0.0003,0.6947,0.8484,0.4590
5.1050,0.0007,5.3770,1.2893,0.4498
1.4827,0.0005,0.7965,1.6610,0.4498
0.8952,0.0004,0.7972,0.9567,0.4498
5.6595,0.0008,5.5150,1.6473,0.4552
0.8796,0.0004,1.1526,1.2191,0.4552
0.9259,0.0007,0.7793,1.1047,0.4552
4.8766,0.0008,4.5995,1.2497,0.4341
1.0791,0.0005,1.0916,1.1799,0.4341
0.8996,0.0004,0.9438,1.2937,0.4341
5.1478,0.0009,4.9981,1.6222,0.4433
1.2175,0.0004,1.1768,1.7034,0.4433
1.2503,0.0005,0.9040,1.0618,0.4433
5.6437,0.0006,5.5974,1.6897,0.4365
0.7139,0.0003,0.9226,1.1820,0.4365
1.1910,0.0003,0.6550,1.1314,0.4365
4.7790,0.0005,4.5398,1.2795,0.4279
1.0644,0.0006,1.1254,1.0232,0.4279
1.5099,0.0004,0.9453,1.0179,0.4279
4.8762,0.0006,5.3238,1.5320,0.4469
0.7607,0.0003,1.0390,1.1420,0.4469
1.1642,0.0004,0.7051,0.9452,0.4469
5.6707,0.0009,5.2532,2.2952,0.4293
0.9034,0.0006,1.1594,1.3727,0.4293
1.3904,0.0004,0.8045,1.3685,0.4524
6.5270,0.0009,6.3180,1.5050,0.4779
0.8621,0.0007,1.3215,1.3894,0.4779
1.0386,0.0003,0.7324,1.2834,0.4779
5.0971,0.0005,4.7286,1.8442,0.4413
0.8255,0.0004,1.0890,1.2570,0.4413
0.9979,0.0004,0.6900,1.2213,0.4528
4.9652,0.0008,4.5576,1.4626,1.0818
0.8634,0.0006,1.1580,1.1250,1.0818
1.1125,0.0005,0.7912,1.3218,0.4454
4.9292,0.0006,4.7888,1.5971,0.4190
0.9945,0.0007,0.9960,1.0559,0.4190
0.8999,0.0005,0.9563,0.8876,0.4190
5.2455,0.0009,4.9725,2.1801,0.4429
1.2273,0.0005,1.0541,1.6916,0.4429
1.4933,0.0003,0.7153,1.5147,0.4575
6.3030,0.0009,5.7434,1.6249,0.4466
0.8433,0.0005,1.3214,1.3400,0.4466
0.9902,0.0003,0.7121,1.0278,0.4466
4.7026,0.0008,4.4270,1.6794,0.4306
0.8646,0.0005,1.0040,1.1813,0.4306
1.4390,0.0006,0.7628,1.1079,0.4306
5.7486,0.0007,5.6503,1.6128,0.4354
1.0272,0.0003,1.0375,1.0970,0.4354
0.8340,0.0005,0.9679,1.2011,0.4354
5.6630,0.0011,5.4993,1.4801,0.4441
0.7215,0.0003,0.9824,1.2299,0.4441
1.2744,0.0010,0.7568,0.9337,0.4441
5.2619,0.0008,4.9668,2.2245,0.4370
1.0342,0.0005,1.1685,1.2458,0.4370
1.0045,0.0003,0.8625,1.3467,0.4507
4.4183,0.0005,4.1847,1.5432,0.4331
0.6657,0.0004,0.8807,1.0925,0.4331
1.1074,0.0003,0.7082,0.7467,0.4394
4.9091,0.0007,4.7579,1.4466,0.4442
0.9536,0.0005,1.1447,1.2290,0.4442
1.3175,0.0004,0.8191,1.4346,0.7001
4.7074,0.0008,4.5473,1.5624,0.4178
0.7495,0.0005,0.9683,0.9867,0.4178
1.2991,0.0003,0.6670,1.5486,0.4243
5.4593,0.0006,5.0969,1.0835,0.4286
0.9340,0.0006,1.0809,1.3463,0.4286
1.6361,0.0007,0.8119,1.4188,0.4642
6.1144,0.0008,5.9119,1.7612,0.4255
0.8900,0.0003,1.2240,1.2357,0.4255
1.0006,0.0004,0.8024,0.9596,0.4255
4.7281,0.0004,4.6552,1.8198,0.4464
1.1076,0.0005,1.0144,1.0664,0.4464
0.8126,0.0004,1.0096,1.3358,0.4464
4.8683,0.0008,4.5311,2.0069,0.4505
0.7723,0.0005,1.0597,1.0389,0.4505
1.0811,0.0004,0.7071,0.8762,0.4292
4.4305,0.0005,4.5368,1.2632,0.4575
0.9322,0.0004,0.9016,1.0044,0.4575
0.6229,0.0003,0.8697,0.9157,0.4575
4.8785,0.0008,4.4651,1.4322,0.4272
0.9676,0.0003,1.0994,1.5626,0.4272
1.1402,0.0003,0.6859,1.1263,0.4272
4.6535,0.0005,4.4110,1.1949,0.4239
1.0904,0.0004,0.8928,1.5274,0.4239
1.3345,0.0003,0.6553,1.3451,0.4391
4.6692,0.0005,4.3944,1.2247,0.4294
0.9864,0.0006,0.9628,1.4105,0.4294
1.2272,0.0005,0.7928,1.1809,0.4294
4.9684,0.0005,4.7945,1.6917,0.4577
0.8003,0.0004,1.0175,1.0404,0.4577
1.4520,0.0003,0.6830,1.6244,0.4571
5.6168,0.0005,5.2960,1.2220,0.4626
0.8232,0.0005,1.1381,1.2590,0.4626
1.1565,0.0006,0.7680,1.1689,0.4626
5.0154,0.0006,4.7119,1.5265,0.4677
0.8454,0.0007,1.1412,1.2311,0.4677
1.0656,0.0006,0.7231,0.9549,0.4386
4.5331,0.0005,4.4679,1.4444,0.4437
1.1308,0.0003,0.8962,1.5464,0.4437
1.2414,0.0003,0.7290,1.1669,0.4437
6.2329,0.0008,5.7849,1.0380,0.4335
0.8717,0.0006,1.3826,1.2542,0.4335
1.0018,0.0006,0.7142,1.3177,0.4335
5.0125,0.0008,4.5977,1.5626,0.4418
0.8622,0.0005,1.1632,1.1756,0.4418
1.3304,0.0005,0.7254,1.5537,0.4505
5.6439,0.0011,5.1683,0.8984,0.4557
1.1916,0.0007,1.3381,1.4650,0.4557
0.7914,0.0005,1.0310,0.9445,0.4557
4.8830,0.0007,4.6642,1.8918,0.4406
0.7795,0.0005,0.9929,1.0402,0.4406
1.2978,0.0004,0.6929,1.5232,0.4453
4.8828,0.0005,4.5213,1.6758,0.4336
0.7486,0.0003,1.0566,1.2134,0.4336
1.0827,0.0005,0.7376,1.1538,0.4336
5.0879,0.0008,4.6701,1.8257,0.4795
0.8137,0.0007,1.1522,1.3838,0.4795
1.6060,0.0004,0.6711,1.4585,0.4795
5.1363,0.0007,4.9131,1.3845,0.4321
1.3415,0.0003,1.0278,1.8150,0.4321
1.2462,0.0003,0.7588,1.3343,0.4498
5.2427,0.0007,4.7850,1.5968,0.4389
1.4321,0.0003,1.1964,1.8923,0.4389
1.4342,0.0004,0.8798,1.5707,0.4357
5.5398,0.0006,5.4001,1.6669,0.4359
1.3789,0.0005,1.0973,1.7536,0.4359
1.3661,0.0005,0.8935,1.4990,0.4281
5.1096,0.0010,4.7809,1.4041,1.0735
0.8352,0.0006,1.1418,1.1464,1.0735
0.9468,0.0005,0.7458,0.9779,1.0735
5.0372,0.0006,4.7067,1.8728,0.4326
1.3757,0.0005,1.0334,1.7868,0.4326
0.7998,0.0006,0.8027,0.9403,0.4326
6.0621,0.0009,5.6149,1.6158,0.4357
1.1653,0.0010,1.2028,1.7390,0.4357
1.3376,0.0006,0.8044,1.1774,0.4645
4.9649,0.0006,4.8411,1.2449,0.4487
1.3315,0.0008,1.0941,1.7308,0.4487
0.8932,0.0003,0.8525,0.9961,0.4487
5.5461,0.0007,5.2982,1.4285,0.4332
0.8882,0.0004,1.0761,1.4623,0.4332
1.3690,0.0010,0.7065,1.1455,0.4332
4.9978,0.0008,4.6793,2.1879,0.4602
0.8136,0.0006,1.0791,1.1196,0.4602
1.0793,0.0004,0.7555,1.3392,0.4602
4.8171,0.0008,4.6604,1.8147,0.4329
1.1171,0.0005,0.9991,1.6237,0.4329
1.3885,0.0003,0.6435,1.3703,0.4329
5.3003,0.0007,4.7451,1.5018,0.4346
1.0191,0.0005,1.3381,1.5433,0.4346
0.9687,0.0006,0.9221,1.0595,0.4346
4.9069,0.0006,4.6045,2.4686,0.4347
0.9944,0.0005,1.1083,1.5262,0.4347
1.5369,0.0005,0.7521,1.3777,0.4310
5.0411,0.0008,4.8052,1.6723,1.1847
1.2887,0.0006,1.1287,1.7778,1.1847
1.6904,0.0004,0.8010,1.6343,0.4315
4.8530,0.0005,4.6951,1.1994,0.4318
0.7393,0.0005,0.9910,1.2665,0.4318
1.7520,0.0003,0.6391,1.7132,0.4365
5.4161,0.0006,5.0040,0.9651,0.4270
1.0451,0.0005,1.1432,1.5803,0.4270
1.2659,0.0003,0.8323,1.1638,0.4270
4.9011,0.0007,4.6250,2.1672,0.4448
1.2476,0.0006,1.0627,1.7637,0.4448
1.0865,0.0006,0.6758,1.0675,0.4448
4.6999,0.0006,4.4701,1.9695,0.4316
1.0996,0.0004,1.0271,1.5697,0.4316
1.6043,0.0004,0.8197,1.5886,0.4483
5.0659,0.0007,4.8704,1.6074,0.4302
1.1255,0.0003,1.0334,1.6531,0.4302
1.7609,0.0003,0.6617,1.7339,0.4412
4.6887,0.0005,4.5136,1.5039,0.4346
0.9827,0.0004,0.9945,1.4912,0.4346
1.5224,0.0006,0.6703,1.1580,0.4346
5.1998,0.0005,4.9163,2.4509,0.4331
1.0146,0.0004,1.1181,1.5604,0.4331
1.4164,0.0006,0.7382,1.0895,0.4331
4.7068,0.0007,4.4573,1.7920,0.4232
1.1142,0.0005,0.9917,1.6120,0.4232
1.2665,0.0003,0.6915,0.9482,0.4232
5.7542,0.0007,5.3573,1.6785,0.4438
1.1701,0.0004,1.2151,1.8495,0.4438
1.0224,0.0003,0.7145,0.9103,0.4438
4.8870,0.0005,4.5521,1.5607,0.4364
0.8016,0.0007,1.0662,1.1662,0.4364
1.1693,0.0004,0.7249,1.3620,0.4431
5.5836,0.0013,5.1871,1.0733,0.4495
0.9205,0.0007,1.2026,1.5626,0.4495
1.2180,0.0004,0.7077,1.1993,0.4495
4.9357,0.0006,4.5735,2.1541,0.4441
1.0586,0.0005,1.0606,1.5988,0.4441
1.5349,0.0005,0.6992,1.4922,0.4441
4.9679,0.0007,4.6221,1.5312,0.7097
0.8861,0.0005,1.1948,1.2445,0.7097
1.2681,0.0003,0.7339,1.1451,0.7097
5.3022,0.0005,5.0794,2.3195,0.4373
1.0416,0.0005,1.0637,1.0599,0.4373
0.8687,0.0003,0.9233,1.1692,0.4373
4.9577,0.0007,4.4766,1.9061,0.4308
1.0237,0.0005,1.1890,1.5740,0.4308
1.1866,0.0006,1.0400,1.1272,0.4308
6.1176,0.0006,5.9240,1.3892,0.4738
1.0830,0.0003,1.1545,1.6440,0.4738
1.2364,0.0004,0.7932,1.0105,0.4738
5.7884,0.0005,5.4908,1.4138,0.4395
1.2233,0.0003,1.1806,1.7442,0.4395
1.5870,0.0003,0.8324,1.6330,0.4395
5.0757,0.0008,4.7158,1.3098,0.4487
1.0151,0.0006,1.1930,1.4741,0.4487
1.1169,0.0005,0.9224,0.9552,0.4554
5.6532,0.0004,5.6093,1.6393,0.4417
0.8582,0.0005,1.0564,1.2916,0.4417
1.3556,0.0003,0.7613,1.0626,0.4417
5.1591,0.0007,4.8378,2.3240,0.4671
0.8001,0.0005,1.1094,1.2018,0.4671
1.1575,0.0005,0.7054,1.3576,0.4671
4.4902,0.0005,4.2687,1.2744,0.4500
0.8041,0.0004,0.9235,1.0549,0.4500
1.1045,0.0003,0.7140,1.2135,0.4500
4.7976,0.0008,4.6964,2.0499,0.4449
0.9132,0.0010,1.1432,1.4366,0.4449
1.4381,0.0007,0.7691,1.2848,0.4449
4.8351,0.0007,4.6449,1.6629,0.4393
0.6734,0.0003,0.9861,1.2181,0.4393
1.3719,0.0003,0.6726,1.2263,0.4393
5.1478,0.0005,4.9715,1.8260,0.4341
0.7187,0.0003,0.9848,1.2021,0.4341
1.6126,0.0006,0.6274,1.5383,0.4341
4.8862,0.0009,4.6251,2.1608,0.4641
1.1001,0.0003,1.0173,1.6726,0.4641
0.9886,0.0003,0.7002,0.7754,0.4641
4.8135,0.0009,4.7666,1.3493,0.4559
0.7600,0.0007,1.0668,1.1890,0.4559
1.2675,0.0004,0.6681,1.2152,0.4477
5.1290,0.0008,4.8600,1.4412,0.4434
1.1676,0.0008,1.0723,1.6317,0.4434
1.2395,0.0003,0.7985,1.2250,0.4434
4.7334,0.0004,4.6356,1.3042,0.4479
1.0018,0.0004,1.0132,0.9950,0.4479
0.9022,0.0003,0.9541,1.1063,0.4479
6.0552,0.0008,5.6570,1.5134,0.4324
0.8911,0.0003,1.2569,1.2928,0.4324
1.1529,0.0003,0.8157,1.4542,0.4324
5.1169,0.0009,4.7442,1.2251,0.4354
0.8621,0.0004,1.1174,1.4194,0.4354
1.1979,0.0004,0.8513,1.0259,0.4354
5.8471,0.0006,5.8665,1.8386,0.4426
0.8720,0.0006,1.1253,1.1915,0.4426
1.0224,0.0006,0.7750,1.1653,0.4426
4.6086,0.0005,4.6885,1.4132,0.4300
0.7572,0.0004,0.9445,0.9786,0.4300
1.1251,0.0003,0.6778,1.3302,0.4300
4.3560,0.0005,4.1796,1.8526,0.4330
0.6693,0.0004,0.8236,0.8689,0.4330
1.0628,0.0005,0.6199,0.8424,0.4491
4.7226,0.0007,4.4875,1.4250,0.8483
0.9935,0.0004,1.0598,1.1343,0.8483
0.9270,0.0003,1.0285,0.8599,0.4414
5.0647,0.0004,5.1587,1.4628,0.4589
0.6388,0.0003,0.7450,0.8734,0.4589
0.8204,0.0002,0.5841,0.7781,0.4589
3.9516,0.0004,3.7997,1.2429,0.4543
0.6264,0.0004,0.7364,0.8634,0.4543
0.9295,0.0005,0.6348,0.7850,0.4543
5.2311,0.0006,4.7702,1.6578,0.4809
0.7659,0.0004,1.1613,1.1092,0.4809
0.9283,0.0003,0.6843,1.1120,0.4435
4.8453,0.0006,4.6132,1.0968,0.4685
0.9267,0.0005,0.9842,1.0146,0.4685
0.7796,0.0004,0.8033,1.0171,0.4685
4.5783,0.0010,4.4019,1.3330,0.4498
0.7613,0.0005,1.0248,1.0785,0.4498
0.8489,0.0003,0.6796,1.0371,0.4498
4.4812,0.0006,4.2611,1.3965,0.4721
0.6442,0.0004,0.8432,0.9518,0.4721
1.2393,0.0004,0.5789,1.2182,0.4475
4.2522,0.0005,4.1439,0.8885,0.4652
0.8644,0.0003,0.8324,0.9248,0.4652
0.6619,0.0004,0.8163,0.7940,0.4652
4.5003,0.0006,4.1766,1.4928,1.1202
0.7634,0.0004,0.9448,1.0587,1.1202
0.8058,0.0004,0.7227,0.9005,1.1202
4.8200,0.0004,4.7393,1.1415,0.4616
0.8521,0.0004,0.7649,0.8965,0.4616
0.6126,0.0003,0.8121,0.8037,0.4616
4.0746,0.0004,3.9408,1.2393,0.4625
0.6192,0.0003,0.7558,0.8667,0.4625
1.0130,0.0004,0.5790,0.8420,0.4625
5.3007,0.0005,4.9066,1.7206,0.4738
0.7710,0.0008,1.0591,1.1008,0.4738
0.7718,0.0005,0.6670,0.8662,0.4738
4.3288,0.0004,4.2791,1.3614,0.4572
0.6980,0.0003,0.8584,0.9513,0.4572
0.9571,0.0003,0.6332,0.8193,0.4572
4.7157,0.0009,4.3014,2.0112,0.4606
0.9407,0.0007,1.3001,1.2659,0.4606
1.3365,0.0005,0.8060,1.6309,0.4815
5.5237,0.0007,5.3400,1.0002,0.4761
0.6380,0.0003,0.8276,0.9588,0.4761
1.5460,0.0003,0.5900,1.5648,0.4520
4.2489,0.0003,4.1106,0.9940,0.4501
0.6410,0.0003,0.7947,0.9123,0.4501
1.0725,0.0005,0.6751,0.9977,0.4501
5.2617,0.0007,4.9676,2.3574,0.4482
1.2585,0.0007,1.1530,1.8333,0.4482
1.1676,0.0005,0.7335,1.1772,0.4482
4.2488,0.0004,4.1828,1.3758,0.4382
0.8477,0.0004,0.7566,0.8439,0.4382
1.3709,0.0004,0.8050,1.6408,0.4379
4.2474,0.0006,4.1619,1.1211,0.4496
0.6751,0.0003,0.8794,1.0002,0.4496
0.9398,0.0005,0.6010,1.0503,0.4496
4.9105,0.0005,4.6692,1.2329,0.4786
0.6343,0.0003,0.8345,0.9166,0.4786
0.9756,0.0004,0.5869,0.9206,0.4786
4.1606,0.0004,3.9960,1.5313,0.4485
0.9318,0.0004,0.8269,0.9087,0.4485
0.7709,0.0004,0.9601,0.8544,0.4485
4.9503,0.0008,4.7177,1.9194,1.3957
0.7646,0.0005,1.0207,1.0068,1.3957
1.1055,0.0005,0.6629,1.2020,0.4501
4.3909,0.0005,4.5266,0.9929,0.4801
0.8921,0.0005,0.8513,0.9255,0.4801
1.0408,0.0004,0.9227,0.8567,0.4586
5.1419,0.0007,5.1530,1.0368,0.4529
1.0165,0.0006,1.0442,1.5396,0.4529
1.2402,0.0005,0.6889,1.2497,0.4685
4.3254,0.0003,4.2029,1.2000,0.4696
0.5912,0.0002,0.7436,0.8620,0.4696
1.0174,0.0003,0.5613,0.8616,0.4450
3.9406,0.0005,3.9143,1.5912,0.4599
0.6329,0.0003,0.7580,0.8926,0.4599
1.1654,0.0004,0.5889,0.9820,0.4599
4.4450,0.0008,4.1385,1.8826,0.6987
0.9832,0.0004,1.0423,1.1212,0.6987
0.5774,0.0004,0.8849,0.9650,0.6987
4.3275,0.0005,4.1228,1.2964,0.4405
0.8964,0.0005,0.8221,0.9535,0.4405
0.7153,0.0004,0.8664,0.7884,0.4405
4.3210,0.0006,4.0896,2.3750,0.4404
0.7216,0.0004,0.8834,1.0939,0.4404
1.3051,0.0004,0.6305,1.3548,0.4671
4.5582,0.0006,4.2540,0.8987,0.4895
0.7085,0.0004,0.9396,1.1918,0.4895
1.3622,0.0003,0.6271,1.1189,0.4616
5.4261,0.0005,5.3502,0.9954,0.4585
1.1466,0.0003,0.9224,1.5908,0.4585
1.5461,0.0005,0.6885,1.5357,0.4442
5.4330,0.0008,5.1780,0.9765,0.4503
0.8025,0.0004,1.0937,1.2425,0.4503
1.0899,0.0003,0.7779,1.0022,0.4503
4.5221,0.0005,4.4599,1.6764,0.4531
0.8944,0.0004,0.8871,0.9716,0.4531
0.8675,0.0003,0.8656,1.2351,0.4531
4.2270,0.0005,4.1669,1.2980,0.4420
1.0371,0.0004,0.8360,0.9086,0.4420
0.7821,0.0004,1.0068,0.8008,0.4420
4.8917,0.0008,4.6551,1.7342,0.4860
1.0819,0.0005,1.1256,1.2043,0.4860
0.8900,0.0004,1.0178,1.3223,0.4860
4.8304,0.0005,4.5656,1.7719,0.4568
0.7177,0.0003,0.9880,1.0363,0.4568
1.0647,0.0003,0.6455,0.9663,0.4568
5.0785,0.0006,4.8535,1.6230,0.4422
0.6806,0.0003,0.9152,1.0319,0.4422
1.1597,0.0003,0.6347,0.9468,0.4422
4.7840,0.0007,4.4445,1.9045,0.4340
0.7851,0.0004,1.0226,1.1328,0.4340
1.1981,0.0004,0.6665,1.2346,0.4420
4.3775,0.0004,4.2803,1.5162,0.4350
0.6428,0.0004,0.8287,0.9105,0.4350
1.0113,0.0005,0.6111,0.9806,0.4350
4.9275,0.0008,4.6276,2.5410,0.4408
0.7952,0.0004,1.0804,1.1131,0.4408
0.8026,0.0003,0.6810,0.8247,0.4408
4.8226,0.0004,4.7095,1.5941,0.4731
0.6293,0.0004,0.7485,0.8683,0.4731
1.2181,0.0003,0.5867,0.9155,0.4731
5.4992,0.0005,5.1748,2.1741,0.4606
1.0011,0.0006,0.9906,1.0877,0.4606
1.2112,0.0004,0.9383,1.3152,0.4606
4.5667,0.0005,4.3198,1.9866,0.4408
1.1673,0.0003,0.9300,1.6104,0.4408
1.1732,0.0003,0.6950,1.1486,0.4408
4.3743,0.0004,4.2099,1.7808,0.4414
0.9170,0.0005,0.9825,0.9491,0.4414
0.8708,0.0004,0.7498,1.1060,0.4414
4.6471,0.0005,4.6543,1.6271,0.4423
0.7390,0.0004,0.9399,1.0086,0.4423
1.1457,0.0003,0.6450,1.3704,0.4423
4.1932,0.0006,3.9730,1.2529,0.4505
0.6250,0.0003,0.7965,0.9184,0.4505
1.0719,0.0003,0.5861,1.0803,0.4505
4.5462,0.0005,4.1600,1.8493,0.4626
1.0544,0.0005,1.0388,1.6221,0.4626
1.0506,0.0005,0.7358,0.8297,0.4626
4.5817,0.0004,4.4300,1.4009,0.4642
0.8389,0.0004,0.8414,0.9105,0.4642
0.7764,0.0003,0.7950,0.8119,0.4416
4.8696,0.0005,4.9084,1.2416,0.4492
0.6286,0.0003,0.7377,0.8816,0.4492
1.0879,0.0004,0.5924,0.9319,0.4492
4.6983,0.0006,4.3966,1.6650,0.4597
0.7276,0.0005,0.9856,1.1713,0.4597
1.1012,0.0003,0.6385,1.0951,0.4339
4.2138,0.0005,4.0353,1.1060,0.4261
0.6915,0.0003,0.8447,0.9089,0.4261
0.7011,0.0003,0.6105,0.8770,0.4261
5.2772,0.0006,4.9697,1.2488,0.4334
0.8929,0.0004,0.9812,1.3395,0.4334
1.1554,0.0003,0.6992,0.9997,0.4334
4.4680,0.0005,4.2438,1.3785,0.4453
0.8978,0.0003,0.8648,0.9276,0.4453
0.8802,0.0003,0.8639,0.9720,0.4453
4.2613,0.0004,4.0762,1.7412,0.4337
0.6768,0.0003,0.8016,1.0204,0.4337
1.0572,0.0004,0.6050,0.9330,0.4465
5.9181,0.0006,5.6847,1.0853,0.4442
0.9468,0.0005,1.0309,1.0927,0.4442
0.9831,0.0005,0.8696,1.3062,0.4478
4.9156,0.0006,4.8441,1.0819,0.4363
0.6163,0.0003,0.7102,0.8511,0.4363
1.2011,0.0003,0.5867,0.9402,0.4352
4.2575,0.0006,4.0486,1.4806,0.4547
0.7887,0.0005,1.0147,1.2091,0.4547
1.1512,0.0004,0.6975,1.0534,0.4547
5.2941,0.0005,5.1572,1.4280,0.4488
0.6106,0.0003,0.7562,0.8816,0.4488
0.9351,0.0003,0.5884,0.7655,0.4271
4.5485,0.0004,4.5354,1.2758,0.4533
0.8747,0.0003,0.7512,0.9268,0.4533
0.9577,0.0003,0.8668,0.7873,0.4469
5.4110,0.0005,5.4045,2.1954,0.6789
0.6844,0.0003,0.9448,1.1353,0.6789
1.2161,0.0004,0.5975,0.8829,0.4324
4.1029,0.0003,4.1114,1.3101,0.4646
0.8619,0.0004,0.7604,0.8839,0.4646
0.8623,0.0003,0.8168,1.1194,0.4646
4.1354,0.0004,4.0314,1.4283,0.4327
0.7002,0.0004,0.8068,0.9012,0.4327
0.9546,0.0006,0.6889,1.0182,0.4327
4.6242,0.0005,4.6421,1.9416,0.4336
0.6722,0.0004,0.8566,0.9223,0.4336
1.0612,0.0003,0.6044,1.2249,0.4336
4.3482,0.0004,3.8159,1.1419,0.4526
0.8460,0.0003,1.1589,1.4951,0.4526
1.0000,0.0004,0.6847,0.8616,0.4526
5.2370,0.0007,4.9693,2.1151,0.4458
0.7319,0.0003,0.9322,1.2359,0.4458
1.1822,0.0002,0.6682,1.1771,0.4458
4.0492,0.0003,3.9282,1.1452,0.4410
0.6251,0.0003,0.7074,0.8446,0.4410
1.3391,0.0003,0.5668,0.9341,0.4306
3.9482,0.0004,3.9500,1.6011,0.4673
0.6263,0.0003,0.7260,0.8682,0.4673
0.9506,0.0004,0.6069,0.8595,0.4673
4.4389,0.0006,4.1077,1.6264,0.4470
0.9110,0.0005,1.0039,1.2073,0.4470
1.1229,0.0003,0.7950,0.9151,0.4611
4.2588,0.0004,4.5614,1.1342,0.4546
0.8137,0.0004,0.8512,0.9992,0.4546
1.1296,0.0003,0.8058,1.0860,0.4546
4.2427,0.0004,4.0809,1.7399,0.4310
0.9965,0.0005,0.8225,0.8870,0.4310
1.0455,0.0003,1.0228,1.0907,0.6577
4.6749,0.0007,4.7860,1.1162,0.4323
0.7791,0.0003,0.9124,1.2219,0.4323
1.1321,0.0004,0.7490,1.0204,0.4323
4.5397,0.0003,4.5295,1.4756,0.4324
0.7189,0.0003,0.8933,0.9488,0.4324
0.9271,0.0003,0.6556,1.1374,0.4324
4.5651,0.0008,4.2399,1.0552,0.4498
0.9829,0.0005,1.0026,1.0693,0.4498
0.8794,0.0004,0.9709,0.8516,0.4438
4.3275,0.0004,4.3284,1.3254,0.4406
0.8312,0.0004,0.8315,0.9222,0.4406
0.8797,0.0003,0.8069,1.1892,0.4406
4.1433,0.0004,3.9767,1.1059,0.4300
0.6419,0.0002,0.7499,0.8662,0.4300
1.0952,0.0006,0.6029,1.0528,0.4300
4.6656,0.0008,4.3808,1.6614,0.6814
0.7463,0.0006,0.9959,1.0242,0.6814
1.0513,0.0011,0.6369,1.1826,0.6814
5.0917,0.0006,5.0689,1.5762,0.4410
0.6168,0.0003,0.8327,0.9390,0.4410
1.2997,0.0003,0.6045,0.8722,0.4316
3.9829,0.0005,3.9908,1.6634,0.4396
0.6534,0.0003,0.7613,0.9351,0.4396
1.5626,0.0003,0.5958,1.5366,0.4402
5.4620,0.0006,5.1507,1.2791,0.4381
0.9354,0.0004,1.0672,1.0922,0.4381
0.6668,0.0005,0.8195,1.0298,0.4381
4.1154,0.0005,3.9914,1.1328,0.4431
0.7940,0.0005,0.7593,0.8810,0.4431
0.9034,0.0003,0.8075,1.0005,0.4431
5.5808,0.0005,5.4341,1.4716,0.6743
0.7401,0.0004,0.9686,1.0619,0.6743
1.1290,0.0006,0.6189,0.9804,0.4277
5.1715,0.0006,5.0736,1.4699,0.4215
0.8736,0.0004,0.8478,0.9228,0.4215
0.8807,0.0004,0.8289,1.1776,0.4215
5.6108,0.0009,5.1979,1.3408,0.4308
0.8507,0.0005,1.2761,1.1343,0.4308
1.0546,0.0003,0.6866,1.2811,0.4396
4.4472,0.0007,4.3483,0.8754,0.4324
0.6401,0.0003,0.8113,0.9150,0.4324
1.1340,0.0004,0.5857,0.9881,0.4324
4.2043,0.0005,4.1421,1.6368,0.4227
0.6710,0.0003,0.8208,0.9253,0.4227
1.0787,0.0003,0.6379,0.9956,0.4227
4.8124,0.0007,4.4079,1.8068,0.4576
0.8571,0.0004,1.1305,1.1160,0.4576
0.7975,0.0006,0.7081,1.1026,0.4576
4.2415,0.0004,4.0790,1.3154,0.4463
0.7001,0.0003,0.8143,0.9264,0.4463
1.1573,0.0003,0.6929,1.2759,0.4533
4.3297,0.0004,4.2567,1.2082,0.4673
0.8934,0.0003,0.8682,1.1448,0.4673
1.3920,0.0003,0.8477,1.5190,0.4673
4.6318,0.0005,4.5820,1.7377,0.4395
0.6879,0.0004,0.9021,0.9375,0.4395
0.8148,0.0003,0.6236,1.0248,0.4395
4.1298,0.0004,3.9243,1.3480,0.4463
0.6232,0.0003,0.7705,0.8930,0.4463
1.2395,0.0003,0.5662,0.8911,0.4398
4.9404,0.0007,4.4731,1.4716,0.4230
0.7799,0.0005,1.3264,1.1439,0.4230
1.0323,0.0003,0.6398,1.2552,0.4540
5.2199,0.0005,5.1720,1.5471,0.4539
0.6806,0.0003,0.8011,1.0492,0.4539
0.9545,0.0003,0.6106,0.9162,0.4539
4.5831,0.0006,4.2920,1.2167,0.4708
0.8610,0.0005,1.0854,1.3879,0.4708
1.6805,0.0004,0.7335,1.6902,0.4708
4.6663,0.0004,4.7235,1.4318,0.4233
1.1207,0.0004,0.8913,1.5256,0.4233
1.3064,0.0003,0.7387,1.3823,0.4564
4.7382,0.0006,4.5746,1.2082,0.4348
0.7212,0.0003,0.9768,1.0171,0.4348
1.4547,0.0003,0.6561,1.4715,0.4402
5.6543,0.0006,5.4771,1.3211,0.4320
0.9508,0.0006,1.0428,1.2421,0.4320
0.6701,0.0003,0.8570,0.9302,0.4320
4.6755,0.0005,4.3588,1.2470,0.4364
0.7330,0.0004,0.9738,1.0059,0.4364
0.9291,0.0005,0.7324,1.1090,0.4364
4.3778,0.0005,4.2582,1.7345,0.4212
0.7896,0.0005,0.8740,1.0436,0.4212
1.2402,0.0003,0.7444,1.3677,0.4212
4.6064,0.0005,4.4256,1.3021,0.4365
0.6528,0.0004,0.8480,0.9442,0.4365
1.4299,0.0006,0.5748,1.5230,0.4516
4.3760,0.0006,4.0832,1.3141,0.4268
0.8515,0.0004,0.9104,1.3529,0.4268
1.5698,0.0004,0.6030,1.4022,0.4424
4.7666,0.0005,4.6133,1.4764,0.6962
0.8902,0.0007,0.9838,1.0960,0.6962
0.9166,0.0003,0.8263,1.0380,0.6962
5.5134,0.0009,5.1957,1.5176,0.4415
1.1106,0.0003,0.9783,1.5702,0.4415
1.1762,0.0003,0.7307,0.9268,0.4541
4.5205,0.0007,4.3461,1.8836,0.4393
0.8298,0.0003,1.0777,1.1166,0.4393
1.2674,0.0003,0.7158,1.5118,0.4393
4.4923,0.0005,4.2984,1.2146,0.4259
0.6790,0.0003,0.8476,0.9079,0.4259
1.0942,0.0004,0.6360,0.8787,0.4393
4.7416,0.0005,4.8394,1.3978,0.4556
0.6963,0.0004,0.8581,0.9055,0.4556
1.0000,0.0002,0.6266,0.9353,0.4556
4.5133,0.0005,4.2157,1.5272,0.4521
0.9250,0.0004,0.9778,1.0041,0.4521
0.9642,0.0003,0.8588,1.3525,0.4315
5.4411,0.0005,5.1816,1.5259,0.4178
0.6468,0.0004,0.8634,1.0046,0.4178
1.1485,0.0003,0.6076,0.9470,0.4178
5.7694,0.0008,5.2731,1.7020,0.4513
0.7710,0.0005,1.2060,1.0827,0.4513
0.8017,0.0003,0.6816,1.0191,0.4513
5.4391,0.0005,5.1802,1.2005,0.4436
0.7067,0.0003,0.9441,1.0550,0.4436
1.0102,0.0004,0.6383,1.1528,0.4436
5.5447,0.0006,5.2089,1.2438,0.4148
1.0794,0.0009,1.0267,1.0601,0.4148
0.8063,0.0006,1.0263,1.0327,0.4148
5.0639,0.0007,4.7780,1.7685,0.4269
1.2160,0.0004,1.1271,1.8250,0.4269
0.8588,0.0004,0.6751,0.8091,0.4269
4.4040,0.0005,4.2176,1.3596,0.4381
0.7120,0.0005,0.8236,0.9141,0.4381
1.1348,0.0005,0.6533,1.3212,0.4592
5.3304,0.0009,5.0091,1.0332,1.0890
0.7749,0.0008,0.9661,1.2326,1.0890
1.5575,0.0006,0.6896,1.5109,0.4478
4.4378,0.0007,4.2186,1.0714,0.4494
0.8853,0.0003,0.8801,1.0030,0.4494
0.8997,0.0004,0.9278,0.7655,0.4307
5.0431,0.0005,5.0462,1.1488,0.4614
0.8465,0.0007,0.8772,1.1316,0.4614
1.2306,0.0004,0.9897,1.3154,0.4614
4.8337,0.0007,4.6584,1.1520,0.4731
0.7479,0.0005,0.9859,1.0194,0.4731
0.9092,0.0006,0.6329,0.7944,0.4731
4.2714,0.0006,4.1460,1.4533,0.4482
0.6696,0.0004,0.8494,0.8968,0.4482
0.8783,0.0003,0.6012,0.9938,0.4482
4.7532,0.0005,4.3452,1.9870,0.4520
1.0334,0.0004,1.1204,1.1197,0.4520
0.5854,0.0004,0.9019,0.8144,0.4388
4.3613,0.0005,4.1528,1.3863,0.4630
0.6665,0.0003,0.8285,0.9186,0.4630
0.8224,0.0002,0.6204,0.9152,0.4630
4.2886,0.0003,4.0940,1.6714,0.4371
0.8936,0.0003,0.8041,0.9213,0.4371
0.9471,0.0004,0.8967,0.9034,0.4350
4.8299,0.0007,4.7384,1.3586,1.3755
0.7989,0.0007,1.1016,1.1573,1.3755
0.9365,0.0003,0.6970,0.8921,1.3755
4.5362,0.0006,4.3363,1.4312,0.4566
0.7075,0.0004,0.8867,0.9884,0.4566
0.9696,0.0003,0.5948,0.9659,0.4566
4.8719,0.0009,4.6028,1.2444,0.4504
0.7702,0.0006,0.9330,1.1624,0.4504
1.0202,0.0005,0.6990,1.0741,0.4504
4.4942,0.0007,4.3021,1.3861,0.4371
0.8823,0.0005,0.8430,0.9172,0.4371
0.5691,0.0003,0.8274,0.8894,0.4371
4.2187,0.0005,3.9973,1.5905,0.4576
0.8667,0.0004,0.8400,0.9082,0.4576
0.8184,0.0004,0.7872,0.8829,0.4321
5.6207,0.0010,5.4415,1.2332,0.4482
1.0393,0.0004,1.1572,1.2686,0.4482
0.7438,0.0003,0.9250,1.0367,0.4482
4.4415,0.0005,4.2593,1.3541,0.4373
0.6341,0.0003,0.7960,0.9341,0.4373
0.9422,0.0003,0.6288,0.7876,0.4373
4.4315,0.0007,3.9142,1.5335,0.4389
0.7890,0.0004,1.1632,0.9194,0.4389
0.7523,0.0004,0.6834,0.8449,0.4389
4.9563,0.0005,4.5995,2.1517,0.4431
1.1160,0.0003,1.0666,1.6736,0.4431
1.1798,0.0003,0.7687,0.8578,0.4372
4.8628,0.0006,4.7897,1.3845,0.4523
0.9796,0.0006,1.0533,1.1231,0.4523
1.0388,0.0006,0.9825,1.2681,0.4523
5.0467,0.0009,4.9648,1.5106,0.6620
0.8330,0.0005,1.1312,1.2241,0.6620
1.0924,0.0005,0.7344,1.1816,0.6620
4.7589,0.0008,4.7858,1.3558,0.4320
0.9012,0.0003,1.0077,1.4097,0.4320
1.3966,0.0004,0.6805,1.3802,0.4320
4.8717,0.0006,4.6600,1.7823,0.4381
1.0477,0.0004,1.0914,1.5620,0.4381
1.1313,0.0003,0.7700,1.1673,0.4381
4.9878,0.0007,4.6581,1.5859,0.4345
0.8563,0.0005,1.1114,1.2252,0.4345
1.2319,0.0005,0.7429,1.3673,0.4345
5.3405,0.0010,4.9707,1.7997,0.4449
1.0568,0.0005,1.2141,1.7030,0.4449
1.5644,0.0005,0.8248,1.3149,0.4449
6.3806,0.0007,6.2736,1.8343,0.4756
0.9328,0.0005,1.3370,1.3710,0.4756
1.1055,0.0004,0.7878,1.3820,0.4232
4.8946,0.0006,4.6345,1.3636,0.4304
0.7678,0.0003,1.0427,1.1340,0.4304
1.1725,0.0006,0.6593,1.0643,0.4304
5.5196,0.0008,5.1257,2.0363,1.1094
1.2028,0.0011,1.1318,1.6823,1.1094
1.0857,0.0004,0.8376,1.0171,1.1094
4.8679,0.0007,4.6633,1.6800,0.4664
0.7968,0.0007,1.0343,1.0832,0.4664
1.5181,0.0005,0.7452,1.7374,0.4397
5.2015,0.0008,4.8492,1.5224,0.4385
0.8018,0.0005,1.1491,1.2524,0.4385
1.2136,0.0003,0.6749,1.2272,0.4385
5.0222,0.0007,4.3871,1.4103,0.4418
0.8231,0.0006,1.3844,1.2221,0.4418
1.3288,0.0007,0.7273,1.5575,0.4501
6.1954,0.0009,5.8154,1.4848,0.4346
0.8383,0.0004,1.1897,1.3475,0.4346
1.0273,0.0005,0.7076,0.9300,0.4346
4.8420,0.0006,4.7436,1.9848,0.4389
0.8950,0.0004,1.0308,1.0875,0.4389
0.9556,0.0004,0.8202,1.0894,0.4389
4.6918,0.0006,4.5708,1.7132,0.4378
0.7464,0.0005,0.9749,1.1408,0.4378
1.1252,0.0003,0.6809,1.1961,0.4378
5.1155,0.0007,4.6969,1.9803,0.4662
0.8690,0.0004,1.1523,1.2763,0.4662
1.2772,0.0002,0.7465,1.4307,0.4399
4.6840,0.0004,4.4553,1.0959,0.4384
1.0055,0.0004,0.9758,1.0222,0.4384
0.9816,0.0004,0.9185,1.4202,0.4490
5.2904,0.0006,4.9643,0.9661,0.4517
1.0218,0.0008,1.0791,1.1426,0.4517
0.8538,0.0005,0.9002,1.0611,0.4517
4.9005,0.0006,4.6238,1.6872,0.4378
0.7615,0.0005,1.0260,1.0538,0.4378
1.0390,0.0003,0.6656,0.9688,0.4378
5.6285,0.0006,5.3397,1.5790,0.4472
0.9428,0.0007,1.0828,1.1672,0.4472
1.1198,0.0005,0.8172,1.3524,0.4472
5.1205,0.0008,4.7987,1.1902,0.4397
0.8585,0.0008,1.1357,1.1469,0.4397
0.9708,0.0004,0.7320,0.9040,0.4397
4.9289,0.0005,4.7135,2.1084,0.4427
0.8058,0.0004,1.0404,1.1262,0.4427
0.9751,0.0005,0.6939,1.0766,0.4415
6.4276,0.0006,6.0543,1.3291,1.1106
0.8025,0.0003,1.1545,1.4325,1.1106
1.2191,0.0005,0.7158,1.0267,1.1106
5.6001,0.0004,5.4418,1.4102,0.4443
0.9764,0.0005,0.9810,1.0566,0.4443
0.8958,0.0005,0.8786,1.1845,0.4443
5.1034,0.0007,4.8677,1.7606,0.6494
0.8469,0.0005,1.1487,1.3871,0.6494
1.3902,0.0005,0.6809,1.2957,0.6494
5.8125,0.0007,5.4269,1.1325,0.4356
0.8019,0.0004,1.2045,1.1578,0.4356
1.0589,0.0004,0.6732,1.3108,0.4356
4.9938,0.0007,4.5494,1.7327,0.4246
0.8375,0.0005,1.1613,1.2622,0.4246
0.9154,0.0006,0.7214,1.0105,0.4246
4.6677,0.0005,4.6126,1.9881,0.4200
1.0711,0.0004,0.9397,1.3783,0.4200
1.2743,0.0003,0.8260,1.4082,0.4289
5.5238,0.0007,5.1896,0.9717,0.4486
1.0381,0.0004,1.1097,1.2693,0.4486
0.8022,0.0003,0.9848,0.9732,0.4486
5.0479,0.0007,4.7717,1.8001,0.4377
1.0428,0.0006,1.0686,1.1188,0.4377
0.6150,0.0004,0.9559,0.9358,0.4377
4.7176,0.0006,4.4081,1.5768,0.4413
0.7728,0.0006,0.9940,1.0629,0.4413
1.0053,0.0004,0.6665,1.0609,0.4413
5.1803,0.0006,4.8100,1.8668,1.0763
0.9386,0.0005,1.1668,1.4859,1.0763
1.2601,0.0003,0.7897,1.2437,1.0763
4.8164,0.0007,4.5518,1.3170,0.4490
0.7800,0.0003,0.9950,1.1127,0.4490
1.0346,0.0005,0.7145,1.0921,0.4490
4.8217,0.0006,4.4940,1.7023,0.4325
1.2697,0.0007,1.0686,1.4794,0.4325
1.2103,0.0005,1.2647,1.4660,0.4325
4.9842,0.0007,4.7583,1.5392,0.4491
0.9891,0.0007,1.1507,1.4997,0.4491
1.4104,0.0006,0.8657,1.4503,0.4491
4.9888,0.0005,4.7137,1.6153,0.4328
0.7937,0.0004,1.0034,1.2481,0.4328
1.3856,0.0003,0.7077,1.3910,0.4202
5.0727,0.0007,4.7198,1.1789,0.4450
1.0101,0.0005,1.1243,1.5782,0.4450
1.1767,0.0005,0.7174,1.0372,0.4450
4.7184,0.0007,4.4313,1.9042,0.4318
0.8176,0.0005,1.0430,1.2651,0.4318
1.3723,0.0005,0.6982,1.4580,0.4392
6.3115,0.0007,5.8661,1.1378,0.8304
1.3109,0.0003,1.1627,1.9122,0.8304
1.1540,0.0004,0.6961,1.1822,0.4476
4.8123,0.0006,4.5061,1.2025,0.4273
0.9892,0.0005,1.0402,1.1001,0.4273
0.8051,0.0003,0.8967,1.0368,0.4273
5.3079,0.0008,5.0840,1.3376,0.4265
1.4162,0.0006,1.0714,1.8134,0.4265
1.0520,0.0007,0.8219,1.1357,0.4265
5.7134,0.0006,5.3822,1.9130,0.4372
0.9145,0.0006,1.1467,1.1598,0.4372
1.0643,0.0004,0.8100,1.3973,0.4541
4.8042,0.0009,4.5381,1.3139,0.4234
1.2100,0.0004,1.0383,1.6676,0.4234
1.6176,0.0005,0.8558,1.5333,0.4628
4.9693,0.0005,4.8187,1.1737,0.4243
0.8206,0.0005,1.0750,1.3805,0.4243
1.8588,0.0007,0.7048,1.7307,0.4510
5.8122,0.0007,5.5413,1.0249,0.4282
1.2213,0.0006,1.2093,1.2182,0.4282
0.8316,0.0004,1.0891,1.0119,0.4282
6.2885,0.0007,5.8826,2.3533,0.4275
0.9963,0.0006,1.2072,1.6236,0.4275
1.3876,0.0004,0.7659,0.9839,0.4275
4.7293,0.0006,4.5759,2.2471,0.4349
0.9791,0.0006,1.0626,1.2596,0.4349
1.3755,0.0006,0.9127,1.1369,0.4349
5.0978,0.0007,5.2502,1.9352,0.4407
1.1244,0.0006,1.1543,1.5693,0.4407
1.2472,0.0004,0.8769,1.3202,0.4462
5.3921,0.0008,5.0671,1.1858,0.4299
1.2388,0.0004,1.0611,1.7783,0.4299
1.7515,0.0004,0.6642,1.5697,0.4454
5.4347,0.0008,5.1686,1.6496,0.4609
1.0101,0.0005,1.1962,1.5536,0.4609
1.3286,0.0006,0.8150,1.3921,0.4576
5.0212,0.0007,4.6322,1.3007,0.4363
0.8207,0.0005,1.1476,1.1333,0.4363
0.9284,0.0005,0.7046,1.0288,0.4363
5.0321,0.0007,4.9003,1.5488,0.4250
1.1198,0.0004,1.0821,1.6609,0.4250
1.3488,0.0007,0.7368,1.1313,0.4250
4.8492,0.0006,4.6448,1.6948,0.4177
1.1921,0.0002,1.0170,1.7271,0.4177
1.4514,0.0004,0.6718,1.4309,0.4284
4.8352,0.0005,4.4796,1.0650,0.4580
0.7878,0.0004,1.0941,1.3673,0.4580
1.7233,0.0007,0.7059,1.2866,0.4590
5.4294,0.0006,5.4738,1.6607,0.4564
1.3433,0.0005,1.0650,1.7846,0.4564
1.1670,0.0003,0.8640,1.1917,0.4564
4.8454,0.0006,4.6262,1.3419,0.4355
1.2582,0.0006,1.0208,1.6909,0.4355
1.5619,0.0005,0.9168,1.6165,0.4355
6.0105,0.0006,5.8391,1.2677,0.4193
1.0830,0.0006,1.0498,1.6480,0.4193
1.4556,0.0004,0.6836,1.1167,0.4193
5.9398,0.0008,5.3652,1.6928,0.4275
0.9063,0.0004,1.3968,1.3610,0.4275
1.6655,0.0005,0.8129,1.9867,0.4648
4.9939,0.0006,4.6140,1.2698,0.4324
0.8055,0.0003,1.1618,1.1375,0.4324
1.0154,0.0003,0.7030,1.0939,0.4324
6.0777,0.0007,5.4885,1.3527,0.4543
1.2090,0.0006,1.4018,1.3512,0.4543
0.9005,0.0011,1.0950,1.2751,0.4543
5.1495,0.0006,4.9533,1.7414,0.4191
1.1779,0.0004,1.1278,1.7574,0.4191
1.2303,0.0006,0.6716,1.2135,0.4191
4.7664,0.0008,4.5084,1.6436,0.4272
1.0875,0.0004,1.0074,1.6186,0.4272
1.4450,0.0006,0.6732,1.0871,0.4272
6.3392,0.0007,6.0039,2.3013,1.1821
0.9852,0.0005,1.1504,1.3350,1.1821
1.1953,0.0005,0.8656,1.4423,0.4259
4.7101,0.0007,4.3817,1.7598,0.4358
0.8777,0.0007,1.0501,1.3807,0.4358
1.1712,0.0002,0.7055,1.1519,0.4358
5.0838,0.0009,4.6950,1.2886,0.6544
1.3396,0.0003,1.1144,1.9302,0.6544
1.0672,0.0003,0.7556,1.1017,0.6544
4.8531,0.0007,4.6055,1.2266,0.4220
1.0195,0.0260,1.1085,1.1290,0.4220
0.7518,0.0004,0.9181,1.0418,0.4220
5.0704,0.0008,4.6854,1.3407,0.4341
0.9260,0.0005,1.2070,1.5427,0.4341
1.4594,0.0003,0.8606,1.3028,0.4341
4.7712,0.0006,4.5429,2.0101,0.4333
0.8962,0.0006,0.9300,1.3980,0.4333
1.4355,0.0004,0.6020,1.3968,0.4388
5.0591,0.0007,4.7291,1.2614,0.4458
0.8859,0.0004,1.1001,1.4164,0.4458
1.5948,0.0006,0.8030,1.5667,0.4458
5.4086,0.0008,5.1330,1.6484,0.4722
1.0531,0.0007,1.1138,1.5854,0.4722
1.3322,0.0004,0.7049,1.3412,0.4429
4.9077,0.0008,4.5377,1.4499,0.4299
0.7902,0.0005,1.1051,1.4280,0.4299
1.3742,0.0005,0.7004,1.1622,0.4299
5.2583,0.0007,4.8948,1.8231,0.4627
0.8475,0.0006,1.1609,1.4683,0.4627
1.3563,0.0008,0.6985,0.9986,0.4627
5.8664,0.0008,5.6505,2.0324,0.4436
1.0751,0.0006,1.0983,1.5653,0.4436
1.3435,0.0003,0.7964,1.2484,0.4422
6.0770,0.0008,5.8980,2.0560,0.4592
1.2903,0.0008,1.2214,1.9207,0.4592
1.3707,0.0005,0.7201,1.3547,0.4592
5.2414,0.0006,4.8751,1.6849,0.4337
0.8669,0.0007,1.1629,1.2255,0.4337
0.9463,0.0004,0.7580,1.1681,0.4337
5.1726,0.0008,4.8130,1.5314,0.4418
0.9075,0.0004,1.1639,1.3439,0.4418
1.4069,0.0005,0.8556,1.5624,0.4418
5.4788,0.0008,5.0486,1.3219,0.4443
0.8636,0.0005,1.2290,1.3642,0.4443
1.3344,0.0005,0.7431,1.4029,0.4443
6.8399,0.0009,6.1927,1.3787,0.4295
0.9146,0.0008,1.5121,1.6938,0.4295
1.6624,0.0006,0.8093,1.3013,0.4295
6.1937,0.0011,5.9785,2.2819,0.4442
0.8547,0.0007,1.2058,1.4813,0.4442
1.2819,0.0008,0.7327,0.9937,0.4442
5.8129,0.0008,5.4749,1.8355,0.4276
0.8966,0.0006,1.3027,1.2189,0.4276
0.9585,0.0005,0.7422,1.1415,0.4276
5.8857,0.0006,5.6593,1.3180,0.4880
0.8824,0.0004,1.0354,1.4038,0.4880
1.2556,0.0004,0.6731,0.9000,0.4880
4.9269,0.0008,4.5892,2.2005,0.4212
1.3763,0.0008,1.2319,1.4284,0.4212
1.1162,0.0006,1.2903,1.1258,0.4212
5.0103,0.0006,5.1260,2.7951,0.4321
0.7663,0.0006,1.0118,1.0638,0.4321
1.1223,0.0004,0.6943,1.1220,0.4321
4.7313,0.0005,4.5856,2.0256,0.4242
0.9690,0.0004,1.0100,1.0028,0.4242
1.3542,0.0009,0.9080,0.9992,0.4242
5.1895,0.0008,5.5041,2.3492,0.4711
0.7713,0.0003,1.0885,1.2633,0.4711
1.3464,0.0003,0.6840,1.4073,0.4711
4.6881,0.0006,4.3901,1.3047,0.4292
0.7515,0.0004,0.9666,1.0612,0.4292
0.9845,0.0004,0.6833,1.0315,0.4292
5.1934,0.0007,4.7658,1.3372,0.4574
0.8165,0.0004,1.1402,1.2309,0.4574
1.4189,0.0004,0.6939,1.2618,0.4574
5.7609,0.0007,5.4746,2.1935,0.4308
0.7648,0.0005,1.0848,1.0385,0.4308
1.0375,0.0005,0.7003,1.1729,0.4308
5.2070,0.0007,4.7399,1.6250,0.4317
0.9348,0.0006,1.4224,1.4073,0.4317
1.2138,0.0006,0.7949,1.5044,0.4317
4.8470,0.0006,4.5571,1.8601,0.4393
0.7729,0.0003,1.0252,1.0539,0.4393
1.1199,0.0003,0.7201,0.8890,0.4468
5.5956,0.0007,5.3266,1.6714,0.4175
0.8366,0.0005,1.1510,1.2246,0.4175
1.6481,0.0006,0.7211,1.2832,0.4323
5.1645,0.0006,5.2631,2.1073,0.4505
0.7684,0.0003,1.1112,1.3115,0.4505
1.2598,0.0003,0.7255,1.0083,0.4505
4.7192,0.0006,4.4541,1.9928,0.4251
0.9765,0.0007,1.0757,1.5320,0.4251
1.7582,0.0005,0.6852,1.6776,0.4321
4.9623,0.0009,4.6595,1.5761,0.4682
0.8050,0.0005,1.0681,1.0668,0.4682
0.9112,0.0004,0.6952,1.1995,0.4682
5.7131,0.0007,5.2678,1.2606,0.4588
0.9009,0.0006,1.1105,1.3847,0.4588
1.3262,0.0003,0.7207,0.9548,0.4588
4.9589,0.0009,4.6920,1.7841,0.4345
1.0431,0.0007,1.1996,1.2980,0.4345
0.9299,0.0004,0.9179,1.0578,0.4485
5.8854,0.0007,5.5341,1.2023,0.4512
1.1267,0.0005,1.4168,1.1290,0.4512
0.6563,0.0006,0.9362,1.0311,0.4320
4.6804,0.0008,4.4554,1.4856,0.4245
0.9786,0.0007,1.0899,1.0337,0.4245
0.7880,0.0004,0.8226,0.9867,0.4245
4.8332,0.0006,4.6476,1.2953,0.4394
0.6956,0.0002,0.9486,1.0599,0.4394
1.1786,0.0004,0.6258,0.9813,0.4430
4.7643,0.0007,4.6328,1.4631,0.4565
0.7806,0.0005,1.0163,1.2060,0.4565
1.1935,0.0004,0.7155,1.2660,0.4467
5.0821,0.0007,4.8034,1.3069,1.0789
0.9629,0.0005,1.1102,1.4422,1.0789
1.0521,0.0004,0.8864,0.9871,1.0789
4.6302,0.0006,4.6022,1.4069,0.4583
0.7139,0.0004,0.9315,1.0324,0.4583
1.0149,0.0004,0.7252,0.9751,0.4583
4.9183,0.0007,4.6718,1.5505,0.4378
0.8853,0.0003,1.0962,1.1188,0.4378
0.8663,0.0004,0.7670,1.0549,0.4378
4.9053,0.0008,4.6392,1.4429,0.4433
0.7819,0.0004,0.9875,1.0584,0.4433
0.7787,0.0003,0.7246,0.8938,0.4433
4.6943,0.0005,4.4288,1.3731,0.4585
0.8260,0.0005,1.0226,1.0960,0.4585
1.4221,0.0005,0.7187,1.6461,0.4291
6.1770,0.0007,5.7603,1.2361,0.4463
0.8933,0.0007,1.1434,1.2129,0.4463
1.0657,0.0007,0.7952,1.0766,0.4463
5.2731,0.0008,4.9504,2.5136,0.4399
1.0882,0.0008,1.1049,1.6742,0.4399
0.9068,0.0005,0.7108,0.9502,0.4399
5.0335,0.0007,4.6798,1.3376,0.4517
1.0362,0.0006,1.1299,1.1847,0.4517
1.0559,0.0005,0.9099,1.1455,0.4486
4.8443,0.0005,4.8203,1.7931,0.4620
0.7250,0.0005,0.9551,0.9687,0.4620
0.8448,0.0004,0.6423,0.8955,0.4620
4.4575,0.0005,4.3470,1.4777,0.4525
0.6714,0.0003,0.8911,1.0100,0.4525
1.0963,0.0004,0.6678,0.9116,0.4525
5.1988,0.0006,4.7897,1.8851,0.4642
1.2227,0.0007,1.1735,1.7323,0.4642
1.2249,0.0007,0.8292,1.2155,0.4642
5.0116,0.0008,4.7991,1.9101,0.4493
0.8080,0.0007,1.0563,1.1265,0.4493
0.8965,0.0004,0.6931,0.8615,0.4493
5.0237,0.0007,4.6449,2.2273,0.6772
1.0754,0.0007,1.0728,1.6147,0.6772
1.3019,0.0004,0.8185,1.0956,0.6772
4.8892,0.0007,4.6148,1.4402,0.4345
0.9765,0.0005,1.0346,1.0940,0.4345
0.8180,0.0003,0.8797,1.1778,0.4345
5.8672,0.0007,5.5305,1.2379,0.4331
0.9673,0.0007,1.2707,1.3202,0.4331
1.2174,0.0007,0.8262,1.5120,0.4331
5.8023,0.0007,5.3839,1.5726,0.4246
0.7922,0.0004,1.1450,1.2326,0.4246
0.7918,0.0005,0.7290,0.8479,0.4246
4.6554,0.0005,4.4837,1.4281,0.4411
0.7682,0.0005,1.0136,1.1856,0.4411
1.2279,0.0004,0.6942,1.2806,0.4411
5.1548,0.0009,4.7807,1.4498,0.4489
0.8138,0.0007,1.1155,1.1204,0.4489
1.1731,0.0004,0.6985,1.4417,0.4414
5.2447,0.0007,4.9200,1.3677,0.4391
0.7647,0.0006,1.0465,1.1010,0.4391
1.0557,0.0003,0.6973,0.8329,0.4391
5.3489,0.0010,5.2722,2.1052,0.4372
0.8010,0.0004,1.1488,1.2843,0.4372
0.9521,0.0004,0.6814,0.9812,0.4372
4.8087,0.0007,4.5821,1.3328,0.4472
1.2934,0.0004,1.0041,1.7498,0.4472
1.6009,0.0003,0.7054,1.6338,0.4305
5.1991,0.0009,4.8533,0.8136,0.4352
1.1222,0.0012,1.1687,1.2243,0.4352
0.7154,0.0003,1.0430,0.9047,0.4352
4.8583,0.0005,4.5755,1.5775,0.4381
1.3185,0.0006,0.9901,1.7950,0.4381
1.5224,0.0004,0.7192,1.5533,0.4612
4.8411,0.0008,4.4846,1.4806,0.4338
1.5292,0.0007,1.1363,1.9309,0.4338
1.9242,0.0007,1.1986,1.9245,0.4593
5.1662,0.0007,5.0699,1.0733,0.4236
1.0676,0.0005,1.1972,1.2179,0.4236
0.9924,0.0002,0.8976,1.3916,0.4428
5.5832,0.0007,5.2745,1.8369,0.4366
1.1165,0.0004,1.0223,1.6743,0.4366
1.3656,0.0006,0.7737,1.3429,0.4366
4.9248,0.0007,4.6961,1.9911,0.4428
1.2667,0.0002,1.0256,1.7746,0.4428
1.2074,0.0006,0.7593,0.8826,0.4428
5.0282,0.0006,4.8846,1.7832,0.4323
0.8117,0.0003,1.0918,1.3476,0.4323
1.9495,0.0004,0.7201,1.8955,0.4409
5.1242,0.0007,4.8304,1.6441,0.4584
1.0329,0.0005,1.1565,1.1875,0.4584
0.9990,0.0006,0.8979,1.2165,0.4584
4.7562,0.0009,4.5655,2.2814,0.4315
1.0199,0.0010,1.0858,1.1123,0.4315
0.7899,0.0005,0.9730,1.0910,0.4315
5.2400,0.0007,4.8962,1.9285,0.4331
0.8676,0.0005,1.1847,1.2094,0.4331
1.2642,0.0005,0.8611,1.5065,0.4442
4.9034,0.0006,4.6641,0.7635,0.4416
0.7490,0.0004,1.0346,1.1593,0.4416
1.0058,0.0005,0.6599,0.8862,0.4416
6.4678,0.0008,5.8027,1.4639,0.4625
0.9654,0.0007,1.4685,1.3173,0.4625
1.1181,0.0004,0.8639,1.2703,0.4625
5.0517,0.0008,4.7718,1.6502,0.4461
1.1122,0.0007,1.0968,1.0999,0.4461
0.6727,0.0007,1.0377,0.8348,0.4419
4.8843,0.0006,4.4910,1.3207,0.4639
1.2927,0.0006,1.1388,1.7756,0.4639
1.5904,0.0007,1.0513,1.0577,0.4639
5.4519,0.0007,5.4980,2.1275,0.4306
0.9830,0.0005,1.0841,1.1849,0.4306
0.8773,0.0004,0.9800,0.8657,0.4530
5.7439,0.0006,5.5601,1.5188,0.4603
0.7852,0.0004,1.0638,1.1568,0.4603
1.0392,0.0004,0.7632,0.9712,0.4603
4.9554,0.0007,4.7580,2.2512,0.4645
0.7844,0.0006,1.0529,1.0981,0.4645
0.7752,0.0003,0.6863,0.8793,0.4645
4.8156,0.0007,4.4567,1.7486,0.4712
0.7937,0.0006,1.1030,1.1982,0.4712
1.2220,0.0004,0.6766,1.3457,0.4712
4.7801,0.0006,4.3393,1.8637,0.4330
1.0717,0.0004,1.1172,1.7093,0.4330
1.1928,0.0004,0.7450,0.8241,0.4330
4.6821,0.0006,4.5230,2.1918,0.4340
0.7854,0.0004,0.9789,1.2778,0.4340
1.2705,0.0004,0.6635,0.8867,0.4403
5.0613,0.0007,4.9892,1.5383,0.4511
1.0809,0.0003,0.9201,1.5676,0.4511
1.6342,0.0004,0.6163,1.5593,0.4511
4.9073,0.0006,4.6056,1.1884,0.4359
1.0642,0.0006,1.0734,1.5778,0.4359
1.1635,0.0004,0.8410,1.0055,0.4359
4.9093,0.0005,4.7865,2.1381,0.4356
0.9474,0.0003,0.8614,1.3089,0.4356
1.1828,0.0004,0.6883,1.1135,0.4356
4.8521,0.0008,4.5901,1.7377,0.4784
1.0885,0.0006,1.1035,1.6080,0.4784
1.7019,0.0006,0.7673,1.6975,0.4784
4.8177,0.0007,4.6922,1.6248,0.4497
0.7525,0.0005,0.9582,1.0163,0.4497
0.9758,0.0005,0.6995,0.8905,0.4497
6.0493,0.0006,5.6974,1.7425,0.4350
0.8729,0.0004,1.3950,1.2341,0.4350
0.9790,0.0005,0.7680,1.3480,0.4350
4.8121,0.0006,4.6163,1.3279,0.4359
0.7339,0.0005,0.9721,1.1704,0.4359
1.0730,0.0003,0.7132,0.9964,0.4359
4.5297,0.0005,4.2038,1.9564,0.4665
0.7206,0.0005,0.9674,1.0798,0.4665
1.2913,0.0004,0.6490,1.3901,0.4665
5.0910,0.0008,4.7053,2.0876,0.4446
0.7624,0.0003,1.0971,1.3433,0.4446
1.6589,0.0004,0.6644,1.6001,0.4242
5.1976,0.0005,5.0957,1.4816,0.4307
0.6187,0.0003,0.7797,0.9039,0.4307
1.1868,0.0003,0.6161,0.9204,0.4307
6.3092,0.0008,5.3880,1.7398,0.4863
0.8265,0.0007,1.7341,1.6991,0.4863
0.8600,0.0005,0.7144,0.9038,0.4863
4.5283,0.0007,4.3125,2.1102,0.4470
0.6484,0.0005,0.8445,0.9849,0.4470
0.8884,0.0003,0.5977,0.7788,0.4470
4.3110,0.0007,4.1008,1.5836,0.4555
0.8915,0.0009,0.9634,1.0206,0.4555
1.1496,0.0004,0.7627,1.0809,0.4555
4.5230,0.0007,4.3134,1.9673,0.4443
0.7048,0.0004,0.8998,0.9332,0.4443
0.7747,0.0003,0.6422,0.8825,0.4443
4.3041,0.0005,4.1076,1.2503,0.4367
0.6570,0.0002,0.7941,0.9506,0.4367
1.0141,0.0003,0.6226,1.0682,0.4367
4.4208,0.0009,4.0418,1.2134,0.4292
0.9890,0.0003,1.0646,1.1260,0.4292
0.7204,0.0003,0.8824,1.1471,0.4292
4.2090,0.0004,4.2038,1.2313,0.4474
0.5784,0.0003,0.7097,0.9004,0.4474
1.0024,0.0003,0.5675,0.8643,0.4474
3.9398,0.0004,3.7915,1.4806,0.4347
0.6990,0.0003,0.7510,1.0298,0.4347
1.2674,0.0003,0.6047,1.2513,0.4361
4.6242,0.0007,4.3234,1.2274,0.4435
0.6854,0.0004,0.9408,1.0839,0.4435
1.0214,0.0005,0.6020,0.9453,0.4435
3.9922,0.0004,3.8692,1.6388,0.4296
0.5773,0.0003,0.6984,0.8295,0.4296
0.9834,0.0003,0.6135,0.9972,0.4296
3.8776,0.0003,3.7743,1.5422,0.4333
0.5701,0.0003,0.6987,0.8291,0.4333
0.9129,0.0003,0.6405,0.8341,0.4333
4.4423,0.0006,4.2018,1.2805,0.4497
0.6890,0.0004,0.9896,1.0762,0.4497
0.9780,0.0003,0.6765,0.8737,0.4497
5.6080,0.0005,5.4055,1.4408,0.4367
1.0179,0.0004,0.9962,1.0603,0.4367
0.6193,0.0004,0.9653,0.8300,0.4487
4.3288,0.0006,4.0874,1.2144,0.4452
1.1343,0.0005,0.9143,1.0313,0.4452
0.6217,0.0003,1.0675,1.0140,0.4452
4.3539,0.0005,4.1708,1.4726,0.4509
0.6327,0.0003,0.7987,0.9206,0.4509
0.8759,0.0003,0.6247,0.9575,0.4509
4.2724,0.0006,4.0180,1.1320,0.4443
0.7206,0.0005,0.9096,0.9821,0.4443
1.2358,0.0005,0.6256,1.0232,0.4443
4.6033,0.0009,4.4233,1.6258,0.4620
0.7525,0.0004,1.0513,1.1175,0.4620
0.9260,0.0004,0.6718,1.0727,0.4620
4.3421,0.0004,4.1685,1.1483,0.4416
0.6469,0.0003,0.8024,1.0281,0.4416
1.0829,0.0003,0.5794,0.7662,0.4416
5.2633,0.0005,5.0515,1.4799,0.4457
0.6617,0.0004,0.8541,0.9986,0.4457
1.1533,0.0003,0.6178,0.9050,0.4457
4.6756,0.0010,4.5150,1.5065,0.4521
0.7207,0.0005,0.9727,1.2137,0.4521
1.2967,0.0004,0.6329,1.2664,0.4437
4.2343,0.0006,4.0609,0.8908,0.4350
0.8130,0.0004,0.9326,0.9358,0.4350
1.1647,0.0005,0.6652,1.0363,0.4350
4.9133,0.0006,4.6499,1.3519,0.4536
0.8293,0.0005,1.0985,1.2214,0.4536
1.1184,0.0004,0.7151,1.1949,0.4536
4.8006,0.0006,4.4846,1.4267,0.4557
0.7510,0.0004,1.0028,1.0568,0.4557
0.9486,0.0003,0.7241,1.0146,0.4557
4.5852,0.0005,4.4952,1.3993,0.4383
0.7480,0.0005,0.9413,1.0033,0.4383
1.0699,0.0003,0.6613,1.2797,0.4429
4.7363,0.0005,4.3860,1.4449,0.4917
0.7533,0.0005,0.9913,1.0165,0.4917
0.6823,0.0004,0.6503,0.8463,0.4917
4.3158,0.0006,4.0813,1.8020,0.4445
0.6781,0.0003,0.8801,1.1043,0.4445
1.0447,0.0004,0.6323,1.0485,0.4445
4.6186,0.0006,4.3146,1.4558,0.4488
0.9612,0.0005,1.0933,1.3060,0.4488
0.9575,0.0004,0.7796,0.8593,0.4488
5.7870,0.0006,5.5721,1.6353,0.4652
0.7271,0.0007,0.9576,0.9463,0.4652
0.9510,0.0006,0.6397,0.7943,0.4469
18.6256,0.0009,17.8235,1.4890,0.4488
0.9297,0.0003,1.2873,1.3465,0.4488
1.3550,0.0004,1.2643,1.0952,0.4577
6.1141,0.0006,5.9358,1.4708,0.4500
0.8632,0.0004,1.1481,1.0732,0.4500
1.3136,0.0003,0.7633,1.3653,0.4590
5.1533,0.0006,5.1262,1.6094,0.4640
0.8265,0.0003,1.0296,0.9601,0.4640
0.8930,0.0004,0.7710,1.0090,0.4476
4.7854,0.0005,4.7642,1.3774,0.4347
0.9005,0.0004,0.9180,0.9151,0.4347
1.1625,0.0007,1.0451,1.0674,0.4347
5.6676,0.0006,5.6388,1.2106,0.4220
0.9085,0.0003,1.0916,1.1438,0.4220
0.8471,0.0004,0.8089,0.9793,0.4220
4.5140,0.0005,4.3295,1.9729,0.4637
0.7737,0.0003,0.9652,1.1039,0.4637
1.2641,0.0003,0.6801,1.1686,0.4452
5.8388,0.0007,5.6577,1.2469,0.4749
0.8338,0.0007,1.0933,1.3237,0.4749
1.2726,0.0008,0.8371,1.2389,0.4420
4.6591,0.0006,4.5433,1.5301,0.4466
1.1612,0.0005,1.0459,0.9292,0.4466
0.6922,0.0006,1.0494,1.2121,0.4389
4.8113,0.0007,4.5813,0.9311,0.4610
0.9954,0.0004,0.9989,1.1441,0.4610
0.9043,0.0003,1.0384,0.8933,0.4461
4.4348,0.0004,4.3510,1.5675,0.4610
0.6929,0.0005,0.9059,0.9265,0.4610
1.1070,0.0003,0.6286,0.9742,0.4473
5.2662,0.0004,5.1154,1.3650,0.4565
0.6792,0.0003,0.9132,0.9329,0.4565
0.9520,0.0003,0.6104,1.1579,0.4565
4.7552,0.0005,4.3665,1.6272,0.4577
0.7591,0.0005,1.0472,1.0487,0.4577
0.8866,0.0004,0.6617,1.0076,0.4577
4.3002,0.0005,4.1583,1.7434,0.4653
0.6108,0.0004,0.7978,0.8980,0.4653
1.1678,0.0004,0.5741,1.2734,0.4453
4.4259,0.0009,4.0022,1.0722,0.4487
0.9787,0.0007,1.1496,1.2575,0.4487
1.7564,0.0005,0.8629,1.9305,0.4487
5.3967,0.0009,5.2021,1.7783,0.4443
1.2648,0.0005,1.0679,1.7998,0.4443
1.3657,0.0005,0.6879,1.3515,0.4443
5.8344,0.0009,5.4672,1.4814,0.4538
1.0801,0.0005,1.1699,1.6328,0.4538
1.4063,0.0005,0.8538,1.1855,0.4538
5.9236,0.0008,5.5962,2.4983,0.4429
1.0251,0.0003,1.2200,1.7033,0.4429
1.4934,0.0005,0.7346,1.5108,0.4429
5.1609,0.0005,4.7707,1.5178,0.4371
1.4118,0.0008,1.1647,1.9503,0.4371
1.7844,0.0006,0.8886,1.6645,0.4702
4.8176,0.0006,4.7530,1.4211,0.4422
1.0856,0.0207,0.9961,1.5477,0.4422
1.1897,0.0004,0.7112,0.9809,0.4422
4.5152,0.0005,4.3656,1.5010,0.4346
0.8280,0.0003,0.8685,1.2575,0.4346
1.7266,0.0003,0.5888,1.6957,0.4474
4.8618,0.0004,4.5522,1.1209,0.4796
0.7510,0.0003,0.9846,1.0306,0.4796
1.0276,0.0003,0.6500,1.2463,0.4796
4.3000,0.0004,4.0040,1.9734,0.4522
0.7173,0.0009,0.8903,1.0695,0.4522
0.9706,0.0003,0.6780,1.0587,0.4522
4.3794,0.0006,4.0809,1.0783,0.4657
1.0934,0.0004,0.9890,1.1432,0.4657
1.0278,0.0003,1.0341,1.3300,0.4689
4.3576,0.0005,4.4202,1.6984,0.4743
0.8627,0.0004,0.8166,0.8875,0.4743
0.9547,0.0003,0.8012,0.8893,0.4500
5.2765,0.0005,5.1124,1.4665,0.4510
0.6987,0.0004,0.8968,1.0559,0.4510
1.0372,0.0004,0.6116,1.0508,0.4510
4.8206,0.0007,4.4763,1.4024,0.4744
0.9864,0.0007,1.0604,1.0689,0.4744
0.9260,0.0006,0.9349,1.3578,0.4687
4.4578,0.0006,4.4342,0.9969,0.4518
0.8230,0.0007,0.8615,1.1167,0.4518
1.0151,0.0003,0.7238,0.7906,0.4518
4.2515,0.0005,4.0404,1.7212,0.4754
1.1265,0.0007,0.9824,1.0205,0.4754
0.7040,0.0003,1.0134,1.0835,0.4754
4.5786,0.0005,4.3627,1.2709,0.4638
0.9094,0.0004,0.9118,0.9240,0.4638
0.9850,0.0004,0.9319,0.8001,0.4427
5.2275,0.0005,5.2728,1.1443,0.4593
0.6537,0.0003,0.8989,1.0199,0.4593
0.9779,0.0003,0.5837,0.7492,0.4593
4.8255,0.0006,4.6165,1.4590,0.4600
0.9922,0.0007,1.0390,1.1026,0.4600
0.9625,0.0005,0.9056,1.0948,0.4600
5.1146,0.0004,5.0218,1.5496,0.4589
0.6525,0.0003,0.8437,0.9833,0.4589
1.2066,0.0004,0.6072,1.0073,0.4589
4.3123,0.0005,4.1276,1.6579,0.4675
0.9159,0.0004,0.8782,1.0505,0.4675
1.0566,0.0004,0.9103,1.2155,0.4675
4.9014,0.0008,4.5802,1.4761,0.4709
0.8816,0.0005,1.1000,1.4302,0.4709
1.1535,0.0003,0.7243,1.1420,0.4709
5.0399,0.0007,4.5760,1.6163,0.4382
0.8028,0.0006,1.2007,1.1878,0.4382
0.9461,0.0004,0.7109,1.0450,0.4382
6.4608,0.0009,6.1832,1.5547,0.4691
1.0254,0.0006,1.1932,1.2843,0.4691
0.5964,0.0003,0.9313,0.9396,0.4691
5.2754,0.0005,4.9423,1.2629,0.4434
0.9609,0.0003,1.0161,1.0606,0.4434
0.8807,0.0003,0.8480,1.1525,0.4434
4.8962,0.0007,4.6756,1.8661,0.6753
0.8734,0.0005,1.1051,1.1510,0.6753
1.0304,0.0006,0.7385,1.2522,0.6753
5.7790,0.0007,5.3387,1.3372,0.4511
0.7921,0.0007,1.1643,1.3935,0.4511
1.2540,0.0009,0.7464,1.1702,0.4511
5.3157,0.0008,4.8466,1.9323,0.4645
1.2355,0.0008,1.4277,1.7824,0.4645
1.1495,0.0006,1.0556,1.0811,0.4645
5.7395,0.0009,5.5373,2.0530,0.4344
0.8263,0.0006,1.1186,1.2660,0.4344
1.0819,0.0004,0.7297,1.2772,0.4344
5.1470,0.0006,4.6864,1.3911,0.4435
0.8316,0.0006,1.1914,1.1389,0.4435
1.1253,0.0005,0.7363,1.3812,0.4435
4.9197,0.0006,4.7204,2.3306,0.4495
0.7545,0.0003,1.0375,1.1849,0.4495
0.9480,0.0006,0.6821,1.0772,0.4495
4.8608,0.0006,4.4924,1.1156,0.4441
0.9024,0.0006,1.0504,1.4131,0.4441
1.2357,0.0005,0.7903,0.8456,0.4406
5.7152,0.0007,5.5534,1.5409,0.4550
1.0815,0.0003,1.2456,1.1865,0.4550
0.6144,0.0004,0.9631,0.7985,0.4550
5.2630,0.0007,4.9329,1.8215,0.4658
1.0515,0.0007,1.0414,1.2516,0.4658
0.9073,0.0004,0.9365,1.1550,0.4658
5.5313,0.0009,4.9206,1.9266,0.4447
1.0054,0.0007,1.6614,1.2976,0.4447
0.9774,0.0005,0.9441,1.2299,0.4640
5.0106,0.0006,4.8792,1.1364,0.4423
0.9834,0.0009,1.0633,1.1288,0.4423
0.9484,0.0005,0.9741,1.0240,0.4423
4.8725,0.0007,4.3975,1.9021,0.4557
0.8472,0.0006,1.3103,1.1457,0.4557
0.9965,0.0007,0.8925,1.0870,0.4557
5.8622,0.0006,5.6197,2.2017,0.4506
0.8052,0.0005,1.1606,1.1313,0.4506
1.0503,0.0006,0.6958,1.2985,0.4506
4.5556,0.0006,4.2679,1.9249,0.4345
0.9763,0.0008,0.9933,1.1082,0.4345
1.0462,0.0005,0.8609,1.2856,0.4406
6.3210,0.0007,6.1234,1.3646,1.2179
0.8310,0.0005,1.2368,1.2216,1.2179
1.2179,0.0006,0.7265,1.0564,0.4526
4.7221,0.0005,4.5755,1.8457,0.4443
0.7478,0.0005,0.9961,1.1712,0.4443
1.1870,0.0006,0.6578,1.1760,0.4443
5.1743,0.0008,4.7570,2.0117,0.4488
0.8635,0.0004,1.2434,1.5458,0.4488
1.4875,0.0004,0.7911,1.4825,0.4488
4.9005,0.0008,4.6048,1.6701,0.4382
1.0225,0.0006,1.1497,1.2427,0.4382
0.9726,0.0003,0.8906,1.2743,0.4382
4.9833,0.0006,4.6509,1.5809,0.4414
0.8433,0.0008,1.1113,1.1878,0.4414
1.4687,0.0003,0.7740,1.1535,0.4414
5.5784,0.0007,5.3146,1.9402,0.4402
0.7644,0.0004,1.0287,1.0949,0.4402
1.3472,0.0004,0.7175,1.5157,0.4467
5.4169,0.0006,5.0927,1.3591,0.4447
0.7794,0.0006,0.9912,1.2367,0.4447
1.3662,0.0006,0.7066,1.3786,0.4447
5.0570,0.0006,4.7131,1.1557,0.4707
1.0347,0.0008,1.1308,1.3443,0.4707
0.8247,0.0003,0.9128,0.8365,0.4707
5.5805,0.0007,5.2316,2.2743,0.4537
0.7363,0.0004,1.0291,1.1538,0.4537
1.1941,0.0004,0.6644,0.9247,0.4573
5.7812,0.0007,5.5150,1.6425,1.1714
0.7447,0.0005,1.0699,1.3255,1.1714
1.2621,0.0004,0.6698,0.9450,1.1714
4.9376,0.0007,4.7265,2.0458,0.4556
0.8080,0.0006,1.0478,1.3044,0.4556
1.2559,0.0006,0.6956,1.2454,0.4556
4.9638,0.0008,4.5923,1.4652,0.4521
0.8824,0.0007,1.1410,1.2964,0.4521
1.0321,0.0004,0.7485,1.0664,0.4521
4.7617,0.0005,4.6507,1.4436,0.4471
0.8241,0.0006,0.9717,1.1931,0.4471
1.1629,0.0006,0.7504,1.2365,0.4471
6.0769,0.0007,5.7149,1.2615,0.4622
0.8202,0.0005,1.1023,1.2561,0.4622
1.0464,0.0009,0.7309,1.1546,0.4622
6.2178,0.0008,5.8964,1.3217,0.4699
1.0777,0.0006,1.1429,1.1654,0.4699
1.2320,0.0005,0.9553,1.6321,0.4555
4.6689,0.0007,4.4371,1.1549,0.4641
0.7819,0.0004,0.9551,1.2463,0.4641
1.3237,0.0003,0.6731,1.3298,0.4641
5.1837,0.0007,4.7912,1.4570,0.4809
1.1922,0.0006,1.1847,1.1767,0.4809
0.9808,0.0007,1.1065,0.9297,0.4563
5.2857,0.0009,5.1637,2.2017,0.4313
0.8024,0.0006,1.1197,1.2893,0.4313
1.2414,0.0008,0.7194,1.0262,0.4313
5.1428,0.0008,4.8316,1.8585,0.4531
0.8631,0.0006,1.1743,1.2184,0.4531
1.2619,0.0004,0.7094,1.4801,0.4531
6.3972,0.0008,5.8458,1.9213,0.4473
1.1630,0.0005,1.3608,1.9098,0.4473
1.4664,0.0005,0.8822,1.4381,0.4473
5.6770,0.0010,5.0727,1.6245,0.4565
1.0956,0.0007,1.5441,1.4320,0.4565
1.3220,0.0006,1.0426,1.6012,0.4614
5.5146,0.0009,5.4895,1.2279,0.4460
1.3189,0.0005,1.2134,1.8854,0.4460
1.5190,0.0007,0.8909,1.2392,0.4460
5.3504,0.0007,5.1014,2.3772,0.4773
1.3865,0.0007,1.1923,1.9839,0.4773
1.4954,0.0005,1.0058,1.0832,0.4617
5.5187,0.0009,5.3476,1.8931,0.4562
0.9361,0.0005,1.3953,1.4214,0.4562
1.2441,0.0007,0.8551,1.5442,0.4620
5.8750,0.0010,5.2578,1.5703,0.4418
1.3067,0.0007,1.4827,2.0815,0.4418
1.5236,0.0007,1.0395,1.5733,0.4418
5.4285,0.0009,5.6185,2.0700,0.4436
0.9322,0.0010,1.2010,1.5626,0.4436
1.6584,0.0006,0.8220,1.6115,0.4436
6.3814,0.0008,6.0224,1.4653,0.4335
1.0052,0.0006,1.2230,1.5425,0.4335
1.3279,0.0004,0.8935,1.3939,0.4335
5.2199,0.0007,4.8476,2.1656,0.4445
1.3036,0.0008,1.2157,1.8100,0.4445
1.2586,0.0007,0.8896,1.2991,0.4445
5.3622,0.0009,4.9976,1.4759,0.4503
1.1960,0.0008,1.3457,1.2862,0.4503
0.8514,0.0003,1.0256,1.0251,0.4503
5.0608,0.0008,4.7809,2.5143,0.4397
1.0679,0.0006,1.0748,1.6068,0.4397
1.5921,0.0007,0.8782,1.5447,0.4605
5.3263,0.0007,5.1372,1.8091,0.4446
1.1520,0.0008,1.2132,1.7669,0.4446
1.5327,0.0006,0.8509,1.5149,0.4446
6.0064,0.0008,5.7195,1.8223,0.4408
1.1500,0.0007,1.1711,1.7525,0.4408
1.2831,0.0006,0.7104,1.1678,0.4408
5.2084,0.0007,4.8316,1.7476,0.4479
1.0185,0.0006,1.2002,1.6045,0.4479
1.6242,0.0008,0.8698,1.4845,0.4479
5.2388,0.0010,5.0563,1.6991,0.4654
0.8789,0.0006,1.1747,1.3814,0.4654
1.1249,0.0008,0.7999,0.9374,0.4654
5.0792,0.0007,4.8787,2.3529,0.4434
0.8048,0.0005,1.1345,1.4152,0.4434
1.5128,0.0009,0.7358,1.3151,0.4434
5.2238,0.0007,4.9873,1.8854,0.4408
1.2660,0.0005,1.1611,1.8226,0.4408
0.9039,0.0004,0.7498,0.9221,0.4408
5.0531,0.0006,4.7015,1.3890,0.4515
0.9998,0.0006,1.1560,1.2126,0.4515
1.1276,0.0004,0.9098,1.4135,0.4515
6.7333,0.0009,6.2004,2.2046,0.6743
1.3167,0.0007,1.4408,2.0866,0.6743
1.5208,0.0005,0.8436,1.4995,0.4611
5.2478,0.0007,4.9216,1.9955,0.4469
0.8996,0.0003,1.2295,1.4069,0.4469
1.1152,0.0004,0.7591,0.9773,0.4469
6.0563,0.0009,5.5937,1.8313,0.6967
1.2723,0.0005,1.3224,1.4097,0.6967
0.9542,0.0005,1.1449,1.1830,0.4576
5.1549,0.0006,4.9564,1.2507,0.4624
1.0582,0.0005,1.2941,1.2724,0.4624
1.1339,0.0008,0.9349,1.2812,0.4624
6.1077,0.0008,5.6719,1.9202,0.4432
1.4505,0.0012,1.3389,2.0944,0.4432
1.4062,0.0005,0.9175,1.2181,0.4534
5.0898,0.0006,5.0536,1.9831,0.4582
1.0976,0.0005,1.1270,1.6159,0.4582
1.4536,0.0007,0.6918,1.4594,0.4465
6.3414,0.0009,5.8920,1.2786,0.4703
1.1457,0.0007,1.2725,1.8017,0.4703
1.2162,0.0005,0.8926,0.8665,0.4703
5.2813,0.0009,5.1271,1.5372,0.4535
1.3000,0.0007,1.1778,1.8606,0.4535
1.2526,0.0007,0.7925,1.3193,0.4535
6.7152,0.0008,6.1755,1.6945,0.4677
0.8604,0.0007,1.3291,1.4352,0.4677
1.5266,0.0005,0.6887,1.6808,0.4601
5.2449,0.0008,4.7744,1.7284,0.4325
1.3399,0.0007,1.2405,1.8622,0.4325
1.5910,0.0006,0.9146,1.5587,0.4566
6.3639,0.0007,6.1200,1.3840,1.1807
0.8363,0.0004,1.2201,1.4756,1.1807
1.5655,0.0004,0.7052,1.5498,1.1807
5.1453,0.0008,4.7864,1.6676,0.4356
1.3356,0.0008,1.1398,1.8297,0.4356
1.1182,0.0006,0.8500,1.0771,0.4356
5.5280,0.0010,5.1236,2.1892,0.4411
1.1760,0.0005,1.2403,1.8635,0.4411
1.5911,0.0004,0.7443,1.5587,0.4411
5.5777,0.0007,5.2472,1.7363,0.4454
1.0822,0.0006,1.1355,1.1796,0.4454
1.0567,0.0006,0.9813,1.0569,0.4454
5.2845,0.0008,4.9901,2.6391,0.4503
1.4459,0.0009,1.2465,2.0104,0.4503
1.7114,0.0008,0.9216,1.7320,0.4689
5.1040,0.0007,4.8587,1.8422,0.4571
1.2072,0.0003,1.0290,1.8014,0.4571
1.6914,0.0004,0.6513,1.6842,0.4575
5.3958,0.0011,4.7695,1.0567,0.4589
1.0814,0.0006,1.4385,1.6925,0.4589
1.7250,0.0005,0.9440,1.7821,0.4748
5.7178,0.0011,5.5255,1.0526,0.4635
0.8475,0.0007,1.1314,1.2239,0.4635
1.2413,0.0004,0.7755,1.4300,0.4635
5.1535,0.0008,4.7058,1.8270,0.4403
0.9100,0.0004,1.2309,1.3089,0.4403
1.2227,0.0004,0.7587,1.1829,0.4403
5.0836,0.0007,4.8354,1.7163,0.4525
1.2502,0.0006,1.0993,1.8240,0.4525
1.4597,0.0005,0.6871,1.1539,0.4525
6.1074,0.0008,5.7713,1.8097,0.4506
1.3757,0.0009,1.2589,1.9722,0.4506
1.8509,0.0008,0.9146,1.7222,0.4734
5.1186,0.0008,5.0614,1.1909,0.4394
1.1306,0.0005,1.0751,1.7544,0.4394
1.4620,0.0004,0.6788,1.4514,0.4511
5.1100,0.0009,4.6927,1.2995,0.4556
1.1653,0.0007,1.2904,1.1943,0.4556
1.3282,0.0007,1.1075,1.1480,0.4845
6.1312,0.0008,6.2140,2.4478,0.4430
1.0827,0.0004,1.2248,1.2755,0.4430
1.0303,0.0003,0.9596,1.3861,0.4430
5.6737,0.0007,5.3269,1.7344,0.4465
1.3395,0.0008,1.1791,1.8668,0.4465
1.4093,0.0008,1.0298,1.4138,0.4465
5.0976,0.0008,4.9517,2.1308,0.4561
1.0269,0.0004,1.0700,1.5170,0.4561
1.3333,0.0005,0.7753,1.0952,0.4561
5.4333,0.0008,4.7515,2.0422,0.4438
0.9522,0.0006,1.6090,1.2520,0.4438
1.5894,0.0007,0.7221,1.7132,0.4570
5.1706,0.0007,4.8637,1.6801,0.5229
1.4706,0.0004,1.0600,1.8637,0.5229
0.9302,0.0003,0.8369,0.9936,0.5229
5.7379,0.0006,5.4503,1.4689,0.4468
0.8398,0.0007,1.2243,1.5145,0.4468
1.4472,0.0008,0.6890,1.0729,0.4468
5.3445,0.0007,5.0738,1.8330,0.4776
1.2127,0.0005,1.1054,1.7111,0.4776
1.2036,0.0005,0.8798,1.0429,0.4776
5.1232,0.0007,4.9706,1.7364,0.4548
0.8814,0.0004,1.1381,1.1887,0.4548
1.1491,0.0004,0.7913,1.0740,0.4548
4.9576,0.0009,4.5992,1.9638,0.4946
0.8573,0.0006,1.1345,1.1281,0.4946
1.0011,0.0006,0.6885,0.9380,0.4695
4.7248,0.0008,4.8145,1.8294,0.4391
0.8185,0.0002,1.0038,1.1239,0.4391
1.0845,0.0003,0.7687,1.0269,0.4550
4.7615,0.0006,4.7841,1.9873,0.4335
1.2422,0.0006,1.0740,1.7282,0.4335
1.4818,0.0005,0.8096,1.1645,0.4335
5.6914,0.0007,5.7112,1.5935,0.4390
0.8748,0.0003,1.0758,1.4007,0.4390
1.7160,0.0003,0.7587,1.7508,0.4547
4.8365,0.0008,4.4981,1.5224,0.4589
1.1669,0.0009,1.0536,1.6597,0.4589
1.5891,0.0004,0.6965,1.5300,0.4589
5.0015,0.0008,4.6818,2.1086,0.4531
0.8225,0.0006,1.1530,1.4005,0.4531
1.5139,0.0007,0.7451,1.2852,0.4531
5.6924,0.0006,5.4853,2.4834,0.4532
1.2038,0.0003,1.0399,1.7282,0.4532
1.1512,0.0003,0.6699,0.8725,0.4532
5.0171,0.0008,4.6750,2.5877,0.4646
1.2092,0.0011,1.1706,1.6581,0.4646
1.3783,0.0012,0.9618,1.2991,0.4419
5.4243,0.0007,5.3257,1.7181,0.4401
1.3304,0.0005,1.1137,1.7850,0.4401
1.0701,0.0005,0.7728,1.1640,0.4401
6.6403,0.0006,6.3005,1.9144,0.4748
1.0485,0.0006,1.2069,1.3194,0.4748
1.1374,0.0006,0.9082,1.0068,0.4748
4.8207,0.0006,4.5012,2.3602,0.4552
1.0699,0.0005,1.0219,1.5971,0.4552
1.3103,0.0004,0.6577,1.2175,0.4540
6.3930,0.0010,6.0615,1.9153,0.4522
0.8541,0.0006,1.1663,1.3228,0.4522
1.3322,0.0004,0.7405,1.3105,0.4714
4.9060,0.0007,4.6765,2.1508,0.4413
1.4047,0.0005,1.0486,1.8348,0.4413
1.5438,0.0004,0.7730,1.5985,0.4643
5.1234,0.0007,4.8985,1.4234,0.4531
0.7795,0.0004,1.1659,1.3331,0.4531
1.0635,0.0005,0.7004,1.1779,0.4531
4.7075,0.0006,4.3619,1.8512,0.4507
0.7583,0.0004,1.0128,1.1405,0.4507
1.2476,0.0004,0.6480,1.3430,0.4671
4.6726,0.0005,4.3740,1.5545,0.4419
1.1041,0.0003,1.0041,1.5567,0.4419
1.6817,0.0005,0.8705,1.6473,0.4735
4.8036,0.0005,4.6461,1.2489,0.4454
0.7788,0.0005,0.9644,1.0172,0.4454
0.9168,0.0004,0.7605,1.1044,0.4454
4.2625,0.0003,4.2678,1.8587,0.4649
1.1703,0.0003,0.8076,1.5700,0.4649
1.5547,0.0003,0.6688,1.5533,0.4614
5.0489,0.0006,4.7580,1.3954,1.7278
0.7760,0.0004,1.0889,1.1305,1.7278
0.9835,0.0003,0.6900,0.9373,1.7278
5.4401,0.0006,5.2012,2.1862,0.4341
0.9044,0.0003,0.9675,1.3992,0.4341
1.2804,0.0003,0.7381,1.0731,0.4341
4.9715,0.0007,4.5637,1.9150,0.6829
1.2509,0.0004,1.1106,1.7632,0.6829
1.6493,0.0006,0.7956,1.6633,0.4633
4.9676,0.0007,4.7137,1.4775,0.4491
0.9451,0.0004,1.0603,1.5052,0.4491
1.3327,0.0003,0.6573,1.3150,0.4491
4.8737,0.0007,4.3414,1.5959,0.4597
0.8958,0.0004,1.2728,1.3909,0.4597
1.2127,0.0003,0.7628,1.3929,0.4597
5.5809,0.0007,5.3214,1.6487,0.4629
0.9865,0.0006,1.0284,1.3516,0.4629
0.9499,0.0003,0.8421,1.0406,0.4629
5.8742,0.0006,5.5010,1.6884,0.4573
0.7906,0.0006,1.2791,1.0956,0.4573
0.9873,0.0007,0.7206,1.0798,0.4573
6.2476,0.0007,5.8838,1.9406,0.4684
0.8042,0.0005,1.1651,1.3303,0.4684
1.0793,0.0004,0.6789,1.1696,0.4684
4.3123,0.0005,4.1015,1.5196,0.4581
0.6262,0.0003,0.8016,0.9517,0.4581
1.2120,0.0003,0.5783,0.9576,0.4581
4.6755,0.0005,4.3746,1.9027,0.4892
0.7236,0.0004,0.9753,1.1846,0.4892
1.2433,0.0005,0.6484,0.9477,0.4892
5.2004,0.0005,5.0559,2.3956,0.4722
0.7142,0.0004,0.8390,0.9064,0.4722
1.0024,0.0003,0.6610,0.8409,0.4722
5.3655,0.0009,5.1795,1.7640,0.4398
1.4189,0.0008,1.2830,1.2724,0.4398
0.6515,0.0004,1.1515,0.8905,0.4618
5.0732,0.0006,4.9618,1.6690,0.4528
0.6717,0.0003,0.7647,1.0268,0.4528
1.5054,0.0005,0.5798,1.4578,0.4370
4.1403,0.0004,4.0093,1.1547,0.7127
0.6575,0.0007,0.8107,0.9560,0.7127
1.0174,0.0003,0.5778,0.9504,0.7127
4.7648,0.0007,4.4960,1.7132,0.4716
0.7404,0.0005,1.0111,1.0442,0.4716
0.9541,0.0005,0.6422,1.1571,0.4716
4.3755,0.0006,4.1989,1.4865,0.4347
0.8484,0.0005,0.8324,0.9788,0.4347
0.9984,0.0004,0.7879,1.2896,0.4347
4.3387,0.0005,4.1152,1.1720,0.4559
1.2959,0.0007,0.9526,1.0017,0.4559
1.3779,0.0006,1.2567,1.0100,0.4755
4.6381,0.0006,5.1020,1.1701,0.4539
0.6714,0.0006,0.8564,0.9793,0.4539
0.9913,0.0003,0.6256,0.8486,0.4413
4.3242,0.0005,4.2509,1.8379,0.4692
0.6786,0.0006,0.8638,0.9438,0.4692
1.0718,0.0003,0.6200,0.9392,0.4692
5.9639,0.0010,5.7681,2.1879,0.7102
0.9292,0.0004,1.0373,1.0410,0.7102
1.1842,0.0003,0.7983,1.5756,0.4506
4.4920,0.0007,4.2304,1.4421,0.4734
0.9164,0.0005,0.8990,1.0111,0.4734
1.1598,0.0004,0.8575,1.4765,0.4734
4.3508,0.0005,4.0898,1.2055,0.4496
0.7036,0.0003,0.9039,1.0752,0.4496
1.4282,0.0004,0.6479,1.0937,0.4496
4.5401,0.0005,4.5522,1.8733,0.4380
0.7004,0.0004,0.8838,0.9484,0.4380
0.9837,0.0004,0.6131,1.0148,0.4380
4.3483,0.0004,4.2013,1.4152,0.4619
0.6835,0.0004,0.8744,0.9268,0.4619
0.9569,0.0004,0.7002,1.1041,0.4619
5.8840,0.0006,5.6895,1.4483,1.3338
0.9371,0.0008,1.0353,1.1022,1.3338
1.1166,0.0004,0.8538,1.4560,1.3338
4.1661,0.0005,4.0485,1.5136,0.4483
0.7729,0.0003,0.7727,1.1503,0.4483
1.1571,0.0004,0.6293,0.9295,0.4483
4.1317,0.0004,4.0339,2.0764,0.4398
1.1070,0.0005,0.8357,0.9424,0.4398
0.9561,0.0004,1.1080,0.8193,0.4812
4.7780,0.0006,4.7723,1.9488,0.4579
0.9244,0.0003,0.9134,1.0039,0.4579
0.8403,0.0003,0.8621,0.9963,0.4579
4.2556,0.0003,4.2397,1.6320,0.4501
0.6583,0.0003,0.7883,0.8979,0.4501
0.9025,0.0005,0.6140,1.0142,0.4501
4.3718,0.0005,4.1053,1.1123,0.4619
0.7173,0.0005,0.9022,1.0291,0.4619
1.1867,0.0005,0.6338,1.2962,0.4732
4.6330,0.0006,4.3448,1.2241,0.4488
0.7546,0.0005,0.9761,0.9972,0.4488
0.8995,0.0004,0.6428,0.8327,0.4488
5.0995,0.0004,4.9262,2.0152,0.4633
0.6476,0.0003,0.7907,0.9349,0.4633
1.7392,0.0009,0.6110,1.6797,0.4633
5.3561,0.0006,5.0029,1.5670,0.4627
0.8094,0.0005,1.1963,1.0018,0.4627
1.1409,0.0003,0.7008,1.3921,0.4627
3.9996,0.0004,3.9068,1.7278,0.4410
0.5681,0.0003,0.6717,0.8356,0.4410
0.8867,0.0003,0.5526,0.8381,0.4410
4.0491,0.0006,3.7845,1.1887,0.4601
0.9252,0.0004,0.9108,1.3652,0.4601
1.6092,0.0004,0.6452,1.5768,0.4723
4.5253,0.0005,4.3661,1.1415,0.4483
0.7108,0.0003,0.8440,0.8905,0.4483
1.0197,0.0006,0.6051,1.0468,0.4483
4.4142,0.0005,4.2205,1.5947,0.4413
0.6879,0.0003,0.9334,0.8925,0.4413
0.9758,0.0003,0.6620,1.1306,0.4582
5.0522,0.0006,4.7460,1.7288,0.5040
0.7564,0.0004,1.0676,1.3036,0.5040
1.1449,0.0005,0.6635,1.0061,0.5040
5.3704,0.0005,5.1717,1.5422,0.4442
0.6867,0.0005,0.8409,0.9257,0.4442
1.1787,0.0004,0.6127,1.2020,0.4532
5.5549,0.0066,5.3082,1.1217,0.4547
0.8050,0.0005,1.0304,1.3166,0.4547
1.3223,0.0004,0.6762,1.2648,0.4547
5.1606,0.0005,4.9539,1.7296,0.4433
0.6466,0.0003,0.8919,0.8711,0.4433
1.1030,0.0004,0.6076,1.3364,0.4589
4.0610,0.0005,3.7559,1.0777,0.4661
0.6663,0.0003,0.8867,0.9150,0.4661
1.3318,0.0004,0.6384,1.4698,0.4661
4.8450,0.0006,4.4779,1.2216,0.4535
0.7113,0.0007,1.0386,0.9981,0.4535
0.9434,0.0006,0.6184,0.9680,0.4535
4.3081,0.0006,4.1118,1.5322,0.4428
0.6354,0.0003,0.8187,0.9719,0.4428
1.1750,0.0003,0.5676,1.0664,0.4450
5.1696,0.0006,4.9996,1.1967,0.4271
0.7746,0.0006,0.9848,1.0594,0.4271
1.0444,0.0005,0.6721,1.0858,0.4271
4.2223,0.0005,4.0575,1.4424,0.4369
0.8592,0.0004,0.8187,0.9007,0.4369
0.6700,0.0003,0.8276,0.9753,0.4369
4.3288,0.0004,4.1612,1.4457,0.4424
